Date,Open,High,Low,Close,Volume,Dividends,Stock Splits
2000-01-03 00:00:00-05:00,30.418455922201776,30.418455922201776,29.374583035372616,29.72949981689453,6057400,0.0,0.0
2000-01-04 00:00:00-05:00,29.708613171797097,29.77124552563785,28.03841706937702,28.101049423217773,5722800,0.0,0.0
2000-01-05 00:00:00-05:00,28.20543604893263,28.685617417641325,27.95490663917157,28.58123016357422,7726400,0.0,0.0
2000-01-06 00:00:00-05:00,28.936161184669437,29.771259631557445,28.894406262325035,29.15537452697754,7221400,0.0,0.0
2000-01-07 00:00:00-05:00,29.019660847230274,31.149161139616954,28.998783393383345,31.086528778076172,5164800,0.0,0.0
2000-01-10 00:00:00-05:00,31.086521763550607,31.75460013590361,30.66897278082998,31.733722686767578,4454000,0.0,0.0
2000-01-11 00:00:00-05:00,31.483197195305504,31.775481519399854,30.56458931958041,30.60634422302246,2955000,0.0,0.0
2000-01-12 00:00:00-05:00,31.107396454107565,31.566700294369557,30.021769195306497,30.56458282470703,4687400,0.0,0.0
2000-01-13 00:00:00-05:00,30.919522247163776,32.109537620619776,30.35583075447409,31.712865829467773,5750800,0.0,0.0
2000-01-14 00:00:00-05:00,32.151279522355196,33.5709464103553,32.067769705414015,32.77760314941406,4571000,0.0,2.0
2000-01-18 00:00:00-05:00,32.56883239746094,34.57306823730468,32.23479309082031,34.23902893066406,5932000,0.0,0.0
2000-01-19 00:00:00-05:00,34.69834061588149,35.49168414380177,33.48744786274002,34.656585693359375,4130500,0.0,0.0
2000-01-20 00:00:00-05:00,34.99062536239624,35.491684436798096,33.40393829345703,33.40393829345703,5551900,0.0,0.0
2000-01-21 00:00:00-05:00,34.36430257128686,34.4060574954318,32.06778174331508,32.40182113647461,3520200,0.0,0.0
2000-01-24 00:00:00-05:00,32.193043653001176,34.23903475416468,31.065660801339657,31.399700164794922,5005500,0.0,0.0
2000-01-25 00:00:00-05:00,31.775489044189452,33.23691101074218,30.564596557617186,33.19515609741211,3730800,0.0,0.0
2000-01-26 00:00:00-05:00,32.81937079447353,34.74009732951905,32.52708632174921,33.696224212646484,3782800,0.0,0.0
2000-01-27 00:00:00-05:00,33.77972724885319,34.32254116014502,31.065657692394037,32.69409942626953,3109600,0.0,0.0
2000-01-28 00:00:00-05:00,32.48533345823702,33.23692215007284,30.64811665597169,30.731626510620117,2834600,0.0,0.0
2000-01-31 00:00:00-05:00,30.773373278621513,33.06989367254849,30.06353970231681,32.69409942626953,3249700,0.0,0.0
2000-02-01 00:00:00-05:00,32.94463386995247,34.823605383447855,32.06778049698795,34.656585693359375,4530500,0.0,0.0
2000-02-02 00:00:00-05:00,34.74009009722624,36.07624740865802,34.072011441510355,36.03449249267578,4945700,0.0,0.0
2000-02-03 00:00:00-05:00,36.07623523329368,36.74431366353986,35.575176410609046,36.201499938964844,4640800,0.0,0.0
2000-02-04 00:00:00-05:00,36.577310382195236,36.86959482588858,35.15764308425616,35.408172607421875,3273700,0.0,0.0
2000-02-07 00:00:00-05:00,34.740087890625,34.90710754394531,34.072009277343746,34.23902893066406,2566700,0.0,0.0
2000-02-08 00:00:00-05:00,34.69832102906999,35.90921309867652,34.573056332214136,35.44990921020508,2440700,0.0,0.0
2000-02-09 00:00:00-05:00,34.74008488936909,35.408163444933884,34.3642907018639,35.32465362548828,1466800,0.0,0.0
2000-02-10 00:00:00-05:00,35.282893260891775,35.3246481641591,34.656569711881865,34.82358932495117,2761800,0.0,0.0
2000-02-11 00:00:00-05:00,34.82359156210737,34.94885627995668,34.07200325501153,34.531307220458984,2071000,0.0,0.0
2000-02-14 00:00:00-05:00,34.44780504762245,34.48955996283169,33.40393216739147,33.904991149902344,1856300,0.0,0.0
2000-02-15 00:00:00-05:00,33.445673973952665,33.73795826585987,32.40180150285551,32.98637008666992,2675400,0.0,0.0
2000-02-16 00:00:00-05:00,32.86111011055752,32.94461992024127,30.982139392673034,31.900747299194336,4231600,0.0,0.0
2000-02-17 00:00:00-05:00,32.067774685946375,32.067774685946375,29.061420809138905,29.39546012878418,6955400,0.0,0.0
2000-02-18 00:00:00-05:00,29.22842930354727,30.689850768724632,27.975782333395244,30.021772384643555,6004200,0.0,0.0
2000-02-22 00:00:00-05:00,29.938274023207754,30.230558427897368,28.476851999759674,29.39546012878418,3769600,0.0,0.0
2000-02-23 00:00:00-05:00,29.645985045573486,30.230553764781977,29.155364870523503,29.771249771118164,4267300,0.0,0.0
2000-02-24 00:00:00-05:00,29.86519599498158,30.105286700289017,28.727374826350683,29.64598274230957,3990500,0.0,0.0
2000-02-25 00:00:00-05:00,29.562472249455897,32.297418481573644,29.22843301499877,31.775482177734375,7698400,0.0,0.0
2000-02-28 00:00:00-05:00,31.56671668743265,33.82148216510641,31.56671668743265,32.69409942626953,6621300,0.0,0.0
2000-02-29 00:00:00-05:00,32.652333958623394,33.40392220831038,32.151275125498735,33.15339279174805,3681800,0.0,0.0
2000-03-01 00:00:00-05:00,33.02814577215461,33.278675322891566,30.815134740644886,31.065664291381836,4624400,0.0,0.0
2000-03-02 00:00:00-05:00,31.775481000655247,34.65656929112202,31.73372609789486,33.15339279174805,7841800,0.0,0.0
2000-03-03 00:00:00-05:00,33.52921380626693,34.23904772246436,32.652360145081865,33.3621940612793,2430500,0.0,0.0
2000-03-06 00:00:00-05:00,33.32042235567088,33.5709518470669,32.81936337287884,33.48744201660156,3419200,0.0,0.0
2000-03-07 00:00:00-05:00,33.42481106503279,33.44568852353687,30.063540245875842,30.314069747924805,7506100,0.0,0.0
2000-03-08 00:00:00-05:00,30.94037722496137,30.982132120001804,28.30981883741405,30.4810733795166,6526600,0.0,0.0
2000-03-09 00:00:00-05:00,30.397573398841544,30.439328307356437,29.18668105190967,29.771249771118164,4937300,0.0,0.0
2000-03-10 00:00:00-05:00,29.854769598660994,30.89864266155124,29.353710528473677,29.478975296020508,4934000,0.0,0.0
2000-03-13 00:00:00-05:00,29.395443761071494,30.063522028368574,28.30981657671374,28.727365493774414,3747300,0.0,0.0
2000-03-14 00:00:00-05:00,29.061420060855486,30.39757730503275,28.810890577572252,28.936155319213867,2097100,0.0,0.0
2000-03-15 00:00:00-05:00,28.85265635606486,33.737983119682205,28.727391567254156,33.27867889404297,5515300,0.0,0.0
2000-03-16 00:00:00-05:00,32.65233739252631,37.45415171495665,32.23478832101063,37.381080627441406,12820600,0.0,0.0
2000-03-17 00:00:00-05:00,36.57730640044494,36.660816232409424,34.90710976115522,36.03449249267578,7765900,0.0,0.0
2000-03-20 00:00:00-05:00,35.90921527311081,35.99272507607154,34.07199960797491,34.9488525390625,3873800,0.0,0.0
2000-03-21 00:00:00-05:00,34.82360152741392,35.57519004958832,34.74009169161677,34.8653564453125,4335200,0.0,0.0
2000-03-22 00:00:00-05:00,34.94885943798309,36.744320556063464,34.82359470881469,35.32465362548828,5072800,0.0,0.0
2000-03-23 00:00:00-05:00,35.24114159715204,36.07623973926464,34.74008271188447,35.82571029663086,2929400,0.0,0.0
2000-03-24 00:00:00-05:00,35.950989521849735,36.786088000870635,35.61695013024138,35.99274444580078,5254700,0.0,0.0
2000-03-27 00:00:00-05:00,35.57519375985129,36.49380204942491,35.241154381824515,35.70045852661133,2459100,0.0,0.0
2000-03-28 00:00:00-05:00,35.57516867490736,37.203609494533396,33.570933819983,34.15550231933594,6036600,0.0,0.0
2000-03-29 00:00:00-05:00,34.19726473742192,34.19726473742192,33.028127481441686,33.73796081542969,5350400,0.0,0.0
2000-03-30 00:00:00-05:00,33.591834644773115,34.948869605562585,33.23691780887433,33.57095718383789,8942800,0.0,0.0
2000-03-31 00:00:00-05:00,34.280792036748245,35.24115527285691,33.06989926078516,35.11589050292969,9953300,0.0,0.0
2000-04-03 00:00:00-04:00,34.406056068057104,35.57519389561244,33.36218300773984,35.074134826660156,4199700,0.0,0.0
2000-04-04 00:00:00-04:00,36.034497815611736,36.91135118076567,33.23691803154918,36.11800765991211,9565100,0.0,0.0
2000-04-05 00:00:00-04:00,36.03450251071252,36.74433627975321,35.40817859685309,35.742218017578125,2591700,0.0,0.0
2000-04-06 00:00:00-04:00,36.410292439288405,36.577312129376885,33.82148724291698,34.656585693359375,4240500,0.0,0.0
2000-04-07 00:00:00-04:00,34.23903633433686,36.36853737464318,33.904996955465286,35.28290939331055,2588400,0.0,0.0
2000-04-10 00:00:00-04:00,34.9071170965098,36.82784363531297,34.15552845089117,36.2432746887207,5795900,0.0,0.0
2000-04-11 00:00:00-04:00,35.742208653098224,38.49803315205206,35.07412998668517,38.37276840209961,7303000,0.0,0.0
2000-04-12 00:00:00-04:00,38.12223270775647,40.4187527503924,36.57730104271048,36.786075592041016,7751400,0.0,0.0
2000-04-13 00:00:00-04:00,37.57940549872287,39.24960129866611,36.41026843876261,36.493778228759766,6418200,0.0,0.0
2000-04-14 00:00:00-04:00,36.159746015394056,36.159746015394056,33.654451834188926,33.98849105834961,4131600,0.0,0.0
2000-04-17 00:00:00-04:00,33.069876750916926,33.570935489567184,30.940377111653333,32.8193473815918,7134400,0.0,0.0
2000-04-18 00:00:00-04:00,32.90286432745998,34.48955067827658,32.568825095709116,34.03024673461914,5177100,0.0,0.0
2000-04-19 00:00:00-04:00,34.15551238539116,35.44991444400623,33.06988485235917,34.907100677490234,3508700,0.0,0.0
2000-04-20 00:00:00-04:00,34.82360279600868,37.16187828351046,34.48956344065128,36.61906433105469,4288000,0.0,0.0
2000-04-24 00:00:00-04:00,35.575190510068616,38.83207414831434,35.575190510068616,37.41240692138672,5967100,0.0,0.0
2000-04-25 00:00:00-04:00,37.82994920329044,38.16398848985371,36.744321521959804,38.08047866821289,3733300,0.0,0.0
2000-04-26 00:00:00-04:00,37.80907716414763,38.08048412336018,36.49379728488684,36.702571868896484,3081000,0.0,0.0
2000-04-27 00:00:00-04:00,35.40817515905884,37.7464508771099,34.48956684125307,37.454166412353516,5615600,0.0,0.0
2000-04-28 00:00:00-04:00,37.24539055796717,37.32890040226754,35.74221336056043,36.11800765991211,3699000,0.0,0.0
2000-05-01 00:00:00-04:00,36.11799650141262,39.41663433217747,35.32465322565905,39.04084014892578,3629500,0.0,0.0
2000-05-02 00:00:00-04:00,37.91346604856726,39.0826037681266,36.41028898056239,36.577308654785156,3729600,0.0,0.0
2000-05-03 00:00:00-04:00,34.78184660951535,35.15764087060255,33.654463826253746,34.8653564453125,7462700,0.0,0.0
2000-05-04 00:00:00-04:00,34.44780590890468,34.99061982019651,30.940392943634382,32.69409942626953,9973900,0.0,0.0
2000-05-05 00:00:00-04:00,31.942513181366476,33.988504221741586,31.483209070261857,32.610591888427734,4189400,0.0,0.0
2000-05-08 00:00:00-04:00,32.485329609143406,32.568839453896985,31.232681937839676,31.691986083984375,3451500,0.0,0.0
2000-05-09 00:00:00-04:00,32.10951865946323,33.654449986381486,31.858989255098106,32.861106872558594,2988400,0.0,0.0
2000-05-10 00:00:00-04:00,32.73585434252275,33.73797233259997,32.31830517999057,32.69409942626953,3644300,0.0,0.0
2000-05-11 00:00:00-04:00,33.06990424602513,33.57096340126794,32.40182537236806,33.27867889404297,2339900,0.0,0.0
2000-05-12 00:00:00-04:00,33.069897281422335,33.487446489521105,31.90075949874579,31.942514419555664,2610000,0.0,0.0
2000-05-15 00:00:00-04:00,31.984265849964828,33.02813875629527,31.441451938672994,32.69409942626953,3392900,0.0,0.0
2000-05-16 00:00:00-04:00,33.195156836190264,35.07412797786141,33.15340192193091,34.280784606933594,2932400,0.0,0.0
2000-05-17 00:00:00-04:00,33.61273036026525,33.61273036026525,31.650247966560325,31.890338897705078,4054800,0.0,0.0
2000-05-18 00:00:00-04:00,31.90075222566166,32.31830133856299,31.065653999859,31.23267364501953,3042200,0.0,0.0
2000-05-19 00:00:00-04:00,30.616803796423806,30.73162985907661,29.938286153475445,30.06355094909668,4730400,0.0,0.0
2000-05-22 00:00:00-04:00,30.230547244306926,30.39756684234177,27.8922728718191,28.810880661010742,8660100,0.0,0.0
2000-05-23 00:00:00-04:00,28.685623441842885,29.562476560152493,27.098936846806453,27.14069175720215,8692300,0.0,0.0
2000-05-24 00:00:00-04:00,19.04023365693934,22.297115729836857,17.328282823749618,21.294998168945312,40016500,0.0,0.0
2000-05-25 00:00:00-04:00,21.37852579752604,21.712565263112385,19.833593269189198,20.042367935180664,33098200,0.0,0.0
2000-05-26 00:00:00-04:00,20.459912450690016,20.960971531115078,20.08411814037122,20.62693214416504,15012800,0.0,0.0
2000-05-30 00:00:00-04:00,21.211499698345477,21.963088270334097,20.919215253683234,21.71255874633789,28791800,0.0,0.0
2000-05-31 00:00:00-04:00,21.712555708017366,21.921330282132917,21.127986900493823,21.336761474609375,16909700,0.0,0.0
2000-06-01 00:00:00-04:00,21.837814279504723,21.837814279504723,21.29500054024361,21.629039764404297,15637200,0.0,0.0
2000-06-02 00:00:00-04:00,22.004843360316144,23.006961464011756,21.629049071430288,22.881696701049805,12979600,0.0,0.0
2000-06-05 00:00:00-04:00,22.881690147227808,22.9234450562556,22.04659196667205,22.213611602783203,6547400,0.0,0.0
2000-06-06 00:00:00-04:00,22.046588687446175,22.088343590263307,21.211490631103516,21.211490631103516,12969000,0.0,0.0
2000-06-07 00:00:00-04:00,21.42026979140653,22.380632764510526,21.378514879532442,21.879573822021484,7443500,0.0,0.0
2000-06-08 00:00:00-04:00,21.921331840648985,21.963086758440696,21.33676299156501,21.420272827148438,10472800,0.0,0.0
2000-06-09 00:00:00-04:00,21.629042811734994,21.83781735624981,21.21149372270536,21.58728790283203,7604100,0.0,0.0
2000-06-12 00:00:00-04:00,21.545537626293022,21.545537626293022,20.91921385808683,21.002723693847656,8322600,0.0,0.0
2000-06-13 00:00:00-04:00,21.00272439147712,23.173980193379325,20.87745963367507,21.46202850341797,6943800,0.0,0.0
2000-06-14 00:00:00-04:00,21.712553789428007,22.380632367564253,21.378514500359884,21.754308700561523,3403400,0.0,0.0
2000-06-15 00:00:00-04:00,21.963079499210565,22.422383443110405,21.37851084333804,22.17185401916504,3251500,0.0,0.0
2000-06-16 00:00:00-04:00,22.29712763566237,22.338882556328404,21.54553906367375,21.71255874633789,3507800,0.0,0.0
2000-06-19 00:00:00-04:00,21.54552912712097,22.004833042621613,21.336754620075226,21.378509521484375,6770200,0.0,0.0
2000-06-20 00:00:00-04:00,21.754304738855176,21.796059642384648,20.960961571795195,21.127981185913086,6683800,0.0,0.0
2000-06-21 00:00:00-04:00,21.127980928163268,22.04658879460515,21.0444711221231,21.629039764404297,4953000,0.0,0.0
2000-06-22 00:00:00-04:00,21.67079383134842,22.28667862713337,21.336754620075226,21.378509521484375,5329500,0.0,0.0
2000-06-23 00:00:00-04:00,21.378509521484375,21.71254873275757,21.04447031021118,21.378509521484375,7073400,0.0,0.0
2000-06-26 00:00:00-04:00,21.50377266079772,21.5455275591682,21.21148837220435,21.294998168945312,6453500,0.0,0.0
2000-06-27 00:00:00-04:00,21.295008009130303,22.171861280094493,21.253253091465343,22.04659652709961,4771400,0.0,0.0
2000-06-28 00:00:00-04:00,22.04659190076463,22.130101718570554,21.420268267220177,21.58728790283203,6008900,0.0,0.0
2000-06-29 00:00:00-04:00,21.50378266273186,21.67080233389871,21.33676299156501,21.420272827148438,6545300,0.0,0.0
2000-06-30 00:00:00-04:00,21.46202767979015,22.338880950754337,21.378517844460227,22.04659652709961,6764800,0.0,0.0
2000-07-03 00:00:00-04:00,22.04659571115888,22.88169403355126,21.96308587891964,22.83993911743164,2559000,0.0,0.0
2000-07-05 00:00:00-04:00,22.965199965283386,22.965199965283386,22.004837057644263,22.213611602783203,3182200,0.0,0.0
2000-07-06 00:00:00-04:00,22.17185782298389,22.17185782298389,21.37851451105038,21.963083267211914,4599900,0.0,0.0
2000-07-07 00:00:00-04:00,21.963075703350157,23.299232400131917,21.629036529154718,23.090457916259766,6814100,0.0,0.0
2000-07-10 00:00:00-04:00,23.173980825466007,24.802422721309565,22.88169638262229,24.76066780090332,9257200,0.0,0.0
2000-07-11 00:00:00-04:00,24.718901944286163,24.802411748151997,23.132215670835365,23.7585391998291,8824400,0.0,0.0
2000-07-12 00:00:00-04:00,23.883814154730903,24.59364779219668,23.299245276817906,24.42662811279297,4114200,0.0,0.0
2000-07-13 00:00:00-04:00,24.134325935416026,24.468365048708982,23.508002597991734,24.384855270385742,4144100,0.0,0.0
2000-07-14 00:00:00-04:00,24.760656535625458,24.760656535625458,23.925558507442474,24.050823211669922,2317000,0.0,0.0
2000-07-17 00:00:00-04:00,24.050828530754842,24.21784817332953,23.675034334961797,23.71678924560547,2640300,0.0,0.0
2000-07-18 00:00:00-04:00,23.716802364785735,23.800312232267373,22.547664220042776,22.631174087524414,5846200,0.0,0.0
2000-07-19 00:00:00-04:00,22.735551884776047,22.798184259114272,21.796066269702656,22.004840850830078,5116900,0.0,0.0
2000-07-20 00:00:00-04:00,22.088350683281046,22.4641449293104,21.879576102153624,22.004840850830078,8632300,0.0,0.0
2000-07-21 00:00:00-04:00,21.879575359728907,22.130104848580768,20.87745740432148,21.545536041259766,4244100,0.0,0.0
2000-07-24 00:00:00-04:00,21.587295637563372,21.587295637563372,20.91921685574323,21.16974639892578,5255000,0.0,0.0
2000-07-25 00:00:00-04:00,21.295011170517057,21.420275942108336,21.044481627334505,21.16974639892578,5155000,0.0,0.0
2000-07-26 00:00:00-04:00,21.253251660131884,21.587290978955174,20.835702511602772,20.919212341308594,9050400,0.0,0.0
2000-07-27 00:00:00-04:00,21.00272215602449,21.712555708017366,20.96096724120138,21.336761474609375,5947200,0.0,0.0
2000-07-28 00:00:00-04:00,21.587290956068408,22.46414416704991,21.21149672279062,21.545536041259766,4176200,0.0,0.0
2000-07-31 00:00:00-04:00,21.50377923376043,21.921328345095585,21.34719831700975,21.754308700561523,4271700,0.0,0.0
2000-08-01 00:00:00-04:00,21.54553906367375,22.2136177943303,21.127989857013407,21.71255874633789,4409600,0.0,0.0
2000-08-02 00:00:00-04:00,21.7125527152802,22.547650896637133,21.670797806212356,22.422386169433594,6514000,0.0,0.0
2000-08-03 00:00:00-04:00,22.255359980771168,23.299232400131917,22.046585496899016,23.090457916259766,8989000,0.0,0.0
2000-08-04 00:00:00-04:00,23.090465585950394,23.925563798823827,23.048710675306722,23.71678924560547,6877100,0.0,0.0
2000-08-07 00:00:00-04:00,23.54977441686991,24.551892477162244,23.21573506343913,24.5101375579834,4613700,0.0,0.0
2000-08-08 00:00:00-04:00,24.343118911971665,25.428746856587896,24.21785414913133,25.094707489013672,8621900,0.0,0.0
2000-08-09 00:00:00-04:00,24.927678538109973,24.927678538109973,23.257482321151183,24.176090240478516,6953300,0.0,0.0
2000-08-10 00:00:00-04:00,24.217849731445312,24.25960464477539,22.923447418212888,22.96520233154297,3753800,0.0,0.0
2000-08-11 00:00:00-04:00,23.25749546726616,23.59153489947106,23.215740538240546,23.341005325317383,3365300,0.0,0.0
2000-08-14 00:00:00-04:00,23.382751091376885,24.42662390795621,23.299241266050537,23.88381004333496,3540300,0.0,0.0
2000-08-15 00:00:00-04:00,23.967328915493095,24.092593700765704,23.09047541858481,23.215740203857422,2510400,0.0,0.0
2000-08-16 00:00:00-04:00,22.213607369839355,22.63115638055062,21.67079365591471,22.088342666625977,6530600,0.0,0.0
2000-08-17 00:00:00-04:00,22.04659652709961,22.130106362429533,21.670802268114958,22.04659652709961,4366600,0.0,0.0
2000-08-18 00:00:00-04:00,22.00483932495117,22.67291793823242,21.79606475830078,22.338878631591797,3310800,0.0,0.0
2000-08-21 00:00:00-04:00,22.422387676384613,22.4641425882587,21.378514879532442,21.879573822021484,4049000,0.0,0.0
2000-08-22 00:00:00-04:00,21.963085934604592,22.380635096859432,21.608169146687978,22.004840850830078,4071600,0.0,0.0
2000-08-23 00:00:00-04:00,21.837820444920265,22.088349933772122,21.462026211642478,21.545536041259766,3638800,0.0,0.0
2000-08-24 00:00:00-04:00,21.75430447346455,21.775181924974596,21.378510346283782,21.629039764404297,3884800,0.0,0.0
2000-08-25 00:00:00-04:00,21.71255643725169,22.13010559950653,21.670801521026206,22.004840850830078,2080400,0.0,0.0
2000-08-28 00:00:00-04:00,22.04658776555485,22.714666182692874,21.963077963412598,22.088342666625977,2225800,0.0,0.0
2000-08-29 00:00:00-04:00,22.004847279555506,24.009083843917296,22.004847279555506,23.215740203857422,6173600,0.0,0.0
2000-08-30 00:00:00-04:00,23.0904670715332,23.883810424804686,22.96520233154297,23.80030059814453,5564400,0.0,0.0
2000-08-31 00:00:00-04:00,23.508018933277167,23.758548442335183,22.83994024245579,23.006959915161133,4108200,0.0,0.0
2000-09-01 00:00:00-04:00,23.257494246221224,23.800308295055828,23.0904745388875,23.591533660888672,3419900,0.0,0.0
2000-09-05 00:00:00-04:00,23.63327646996691,24.510129483870276,23.38274703742309,24.176090240478516,3686000,0.0,0.0
2000-09-06 00:00:00-04:00,24.217853513538326,24.885932231153177,24.13434367383647,24.42662811279297,2586400,0.0,0.0
2000-09-07 00:00:00-04:00,24.468365048708982,24.76064927284032,24.343100381224122,24.384855270385742,1463700,0.0,0.0
2000-09-08 00:00:00-04:00,24.343107463906257,26.096813318938956,24.134332957354747,25.178205490112305,7152500,0.0,0.0
2000-09-11 00:00:00-04:00,25.30346941393475,25.679263514141702,24.30135181338288,25.136449813842773,5270300,0.0,0.0
2000-09-12 00:00:00-04:00,25.345232199118218,25.386987112131592,24.80241832994435,25.146896362304688,2099100,0.0,0.0
2000-09-13 00:00:00-04:00,25.136457076678447,26.05506514260357,24.885927604153412,25.637516021728516,5624600,0.0,0.0
2000-09-14 00:00:00-04:00,25.679281555304005,25.80454634337866,24.63540832134856,24.84418296813965,2115900,0.0,0.0
2000-09-15 00:00:00-04:00,25.42875044155965,25.51226029522651,23.21573931938779,23.591533660888672,11525200,0.0,0.0
2000-09-18 00:00:00-04:00,23.591522076807983,23.633276983138618,22.672914137534043,22.756423950195312,5336100,0.0,0.0
2000-09-19 00:00:00-04:00,23.17397689819336,23.215731811523437,21.79606475830078,22.338878631591797,4861200,0.0,0.0
2000-09-20 00:00:00-04:00,22.464147491176632,23.257490989935658,22.422392570189313,22.881696701049805,4278900,0.0,0.0
2000-09-21 00:00:00-04:00,22.88169139686827,23.842054356955806,22.839936485560116,23.63327980041504,4115900,0.0,0.0
2000-09-22 00:00:00-04:00,23.25749546726616,24.13434897680402,22.75643631895881,23.341005325317383,3307900,0.0,0.0
2000-09-25 00:00:00-04:00,23.382753761865757,23.716793101320985,23.048714422410534,23.299243927001953,3697100,0.0,0.0
2000-09-26 00:00:00-04:00,23.173975724169157,23.215730635383874,22.297122588660052,22.589406967163086,5523300,0.0,0.0
2000-09-27 00:00:00-04:00,22.798173638838758,23.257477503357485,22.672908948515467,23.090457916259766,3937500,0.0,0.0
2000-09-28 00:00:00-04:00,23.257487835369044,24.05083122652167,23.04871325874993,23.967321395874023,2934700,0.0,0.0
2000-09-29 00:00:00-04:00,24.009084189727183,24.301368692906472,23.048720822138097,23.341005325317383,4181000,0.0,0.0
2000-10-02 00:00:00-04:00,22.422390013084918,23.048713756467176,21.92133101837911,22.004840850830078,7922100,0.0,0.0
2000-10-03 00:00:00-04:00,22.21362232798517,22.881701194992242,22.130112469609283,22.599855422973633,4915900,0.0,0.0
2000-10-04 00:00:00-04:00,22.714674167952822,23.84205689320048,22.714674167952822,23.03827476501465,5942600,0.0,0.0
2000-10-05 00:00:00-04:00,23.02783704778962,23.29924401208814,21.879576814218968,22.46414566040039,5810600,0.0,0.0
2000-10-06 00:00:00-04:00,22.65204511471649,22.798187341263045,21.963088903854143,22.380638122558594,3321000,0.0,0.0
2000-10-09 00:00:00-04:00,22.338880123996212,23.048713698029736,22.297125207876594,22.83993911743164,1949800,0.0,0.0
2000-10-10 00:00:00-04:00,22.923449798063796,23.38275389237837,22.04659652709961,22.04659652709961,3668300,0.0,0.0
2000-10-11 00:00:00-04:00,21.79606475830078,21.879574584960935,20.00060348510742,20.45990753173828,16752800,0.0,0.0
2000-10-12 00:00:00-04:00,20.042356567382814,22.130102043151858,19.583052562713625,20.87745475769043,14440100,0.0,0.0
2000-10-13 00:00:00-04:00,20.45991044100157,21.837822776824122,20.376400602466866,21.46202850341797,9110200,0.0,0.0
2000-10-16 00:00:00-04:00,21.420264422893524,21.462019324302673,21.21148991584778,21.378509521484375,6141400,0.0,0.0
2000-10-17 00:00:00-04:00,21.4411418735981,21.62903892993927,21.294999718666077,21.378509521484375,4251600,0.0,0.0
2000-10-18 00:00:00-04:00,21.295008009130303,22.881694880398836,20.96096866781061,22.04659652709961,3949200,0.0,0.0
2000-10-19 00:00:00-04:00,22.130112383574623,23.341005325317383,22.046602525523397,23.341005325317383,3476000,0.0,0.0
2000-10-20 00:00:00-04:00,22.547652447809938,23.38275068661771,22.547652447809938,22.923446655273438,5402400,0.0,0.0
2000-10-23 00:00:00-04:00,22.839935260112057,22.923445078247752,22.130101805958667,22.422386169433594,5616100,0.0,0.0
2000-10-24 00:00:00-04:00,22.547659268036732,22.881698664600236,22.380639569754976,22.672924041748047,3373600,0.0,0.0
2000-10-25 00:00:00-04:00,22.714675209738992,22.756430127403952,21.879576856439762,22.04659652709961,4199200,0.0,0.0
2000-10-26 00:00:00-04:00,22.06747398593209,22.171861280094493,21.754312103444878,22.04659652709961,5823200,0.0,0.0
2000-10-27 00:00:00-04:00,22.08836150655941,22.714685556839925,22.046606569874044,22.505910873413086,2788700,0.0,0.0
2000-10-30 00:00:00-05:00,22.52676680980496,23.424497090455205,22.505889361417747,23.090457916259766,5440400,0.0,0.0
2000-10-31 00:00:00-05:00,23.382754016654893,24.551891717487635,23.25748926299424,24.468381881713867,6663200,0.0,0.0
2000-11-01 00:00:00-05:00,24.510133733282554,24.67715338393525,23.675035480019094,23.88381004333496,7439000,0.0,0.0
2000-11-02 00:00:00-05:00,22.631158739791633,24.217845145902487,22.171854780127966,24.176090240478516,13263900,0.0,0.0
2000-11-03 00:00:00-05:00,24.009082929222988,24.009082929222988,23.0904745388875,23.591533660888672,3134900,0.0,0.0
2000-11-06 00:00:00-05:00,23.716781367876216,24.050820542071655,23.006948122710906,23.090457916259766,4297900,0.0,0.0
2000-11-07 00:00:00-05:00,22.547652838113425,23.88381004333496,22.21361353680804,23.88381004333496,5333000,0.0,0.0
2000-11-08 00:00:00-05:00,24.656269591386792,24.84416665008491,23.675029395963268,23.7585391998291,7043500,0.0,0.0
2000-11-09 00:00:00-05:00,23.716786795799884,23.75854170213052,22.63115923120341,22.756423950195312,4568400,0.0,0.0
2000-11-10 00:00:00-05:00,22.67292029207403,22.704236480322752,22.004841609434646,22.04659652709961,3439300,0.0,0.0
2000-11-13 00:00:00-05:00,21.87957712440006,23.299244342395486,21.712557451694718,23.006959915161133,3553000,0.0,0.0
2000-11-14 00:00:00-05:00,23.132230939703472,24.718918260477356,23.09047601020942,24.635408401489258,5160800,0.0,0.0
2000-11-15 00:00:00-05:00,24.489253243621516,24.63539541984091,24.05082671496333,24.5518856048584,2875400,0.0,0.0
2000-11-16 00:00:00-05:00,24.322244880473722,24.384877270723866,23.46626888038838,23.591533660888672,2934700,0.0,0.0
2000-11-17 00:00:00-05:00,23.591531261001137,24.301364944960465,23.46626649324361,24.09259033203125,3627100,0.0,0.0
2000-11-20 00:00:00-05:00,24.009084189727183,24.207420102598842,23.048720822138097,23.341005325317383,2533500,0.0,0.0
2000-11-21 00:00:00-05:00,23.508021415829454,24.21785509978878,23.048717267385182,24.09259033203125,4931300,0.0,0.0
2000-11-22 00:00:00-05:00,23.800296265146006,24.05082569951596,22.96519815057948,23.048707962036133,5789100,0.0,0.0
2000-11-24 00:00:00-05:00,23.21573517814515,23.842058968922448,23.132225339374845,23.675039291381836,1882200,0.0,0.0
2000-11-27 00:00:00-05:00,23.758549012764146,24.96944166895072,23.716794093585296,24.5101375579834,5201400,0.0,0.0
2000-11-28 00:00:00-05:00,24.55188227714376,24.59363717897564,23.215725418523693,23.54976463317871,4719800,0.0,0.0
2000-11-29 00:00:00-05:00,23.549767796825584,24.426620853090366,23.132218722413782,24.343111038208008,7710500,0.0,0.0
2000-11-30 00:00:00-05:00,23.173968380895154,23.38274287081313,21.42026266558417,21.796056747436523,16636900,0.0,0.0
2000-12-01 00:00:00-05:00,22.213605727272473,22.505890013157636,21.71254695146933,21.796056747436523,5616500,0.0,0.0
2000-12-04 00:00:00-05:00,21.837816748426945,23.04870907290951,21.629042209723057,22.798179626464844,4816000,0.0,0.0
2000-12-05 00:00:00-05:00,22.58941541688632,24.384877270723866,22.380640782719166,23.591533660888672,6070700,0.0,0.0
2000-12-06 00:00:00-05:00,23.59152843517885,23.63328335276324,22.21361615489407,22.46414566040039,8525300,0.0,0.0
2000-12-07 00:00:00-05:00,22.213608923155935,22.63115796306488,22.046589307192356,22.17185401916504,5390900,0.0,0.0
2000-12-08 00:00:00-05:00,22.67291560208887,22.71467051111666,21.62904287639417,22.213611602783203,5813100,0.0,0.0
2000-12-11 00:00:00-05:00,22.04659576705556,22.380635096859432,21.879576102153624,22.004840850830078,5362000,0.0,0.0
2000-12-12 00:00:00-05:00,22.046589307192356,22.798177579028458,21.629040267283408,22.17185401916504,5832400,0.0,0.0
2000-12-13 00:00:00-05:00,22.380632764510526,22.4641425882587,21.71255417452514,21.879573822021484,6521500,0.0,0.0
2000-12-14 00:00:00-05:00,22.380641957728297,23.63328982849667,21.21150394501115,23.341005325317383,18573700,0.0,0.0
2000-12-15 00:00:00-05:00,23.340998844433855,24.009077523344306,22.88169475268292,23.299243927001953,9228000,0.0,0.0
2000-12-18 00:00:00-05:00,23.382748167060864,24.635395390296267,23.340993259619683,24.343111038208008,8417400,0.0,0.0
2000-12-19 00:00:00-05:00,24.301366099995143,24.34312102456558,22.631169117177606,22.672924041748047,5798600,0.0,0.0
2000-12-20 00:00:00-05:00,22.54765581522144,23.59152876962984,22.5059008970451,23.006959915161133,5202600,0.0,0.0
2000-12-21 00:00:00-05:00,22.88169250488281,24.510134124755858,22.714672851562497,23.80030059814453,6113600,0.0,0.0
2000-12-22 00:00:00-05:00,23.768986591925987,25.26172488030781,23.758547862636604,24.969440460205078,9668200,0.0,0.0
2000-12-26 00:00:00-05:00,24.802424015990578,24.969443706333948,23.591531261001137,24.09259033203125,3611900,0.0,0.0
2000-12-27 00:00:00-05:00,23.925574522258856,25.094712544288956,23.633290016751328,24.84418296813965,9210100,0.0,0.0
2000-12-28 00:00:00-05:00,24.844175635032283,25.888048560873976,24.802420717998615,25.80453872680664,5505500,0.0,0.0
2000-12-29 00:00:00-05:00,26.05505213491234,27.72524778458621,25.971542352428646,26.68137550354004,7229800,0.0,0.0
2001-01-02 00:00:00-05:00,26.723134528523328,27.76700697104377,26.723134528523328,27.516477584838867,13349400,0.0,0.0
2001-01-03 00:00:00-05:00,27.307719162233056,28.560366830225398,26.180336261039947,28.518611907958984,16253500,0.0,0.0
2001-01-04 00:00:00-05:00,27.892276993453677,29.938267371715995,27.892276993453677,29.14492416381836,19779200,0.0,0.0
2001-01-05 00:00:00-05:00,29.144924267698165,29.311943891008756,26.72313972969459,27.599992752075195,11955900,0.0,0.0
2001-01-08 00:00:00-05:00,27.265951722282942,28.101049784221164,26.76489288512001,28.017539978027344,4264300,0.0,0.0
2001-01-09 00:00:00-05:00,28.05929715964826,28.72737566344941,27.850522627210403,27.934032440185547,5973600,0.0,0.0
2001-01-10 00:00:00-05:00,27.432974977976716,27.599994612545828,26.055062992781536,27.182445526123047,10842500,0.0,0.0
2001-01-11 00:00:00-05:00,27.09893388214342,27.850522187041083,26.556120106384,27.599992752075195,5128800,0.0,0.0
2001-01-12 00:00:00-05:00,27.641746393654966,29.437207262125,27.015422834886348,28.769128799438477,7726600,0.0,0.0
2001-01-16 00:00:00-05:00,28.89440153934692,29.353705610059084,28.643872046231195,29.10317611694336,5344300,0.0,0.0
2001-01-17 00:00:00-05:00,29.31193340525908,29.562462750603174,27.43296331517837,27.68349266052246,5520100,0.0,0.0
2001-01-18 00:00:00-05:00,27.97577689675724,28.351570914773383,27.558227987850415,27.68349266052246,4920800,0.0,0.0
2001-01-19 00:00:00-05:00,27.683509101454955,27.850528764208832,26.931920619062513,27.015430450439453,6090600,0.0,0.0
2001-01-22 00:00:00-05:00,27.39122758673493,28.643875189786833,26.55612918470033,28.22632598876953,7135600,0.0,0.0
2001-01-23 00:00:00-05:00,28.059292333266313,28.60210602423724,27.80876293743358,28.39333152770996,5472400,0.0,0.0
2001-01-24 00:00:00-05:00,28.39334446269872,28.727383809318706,27.641755932803758,28.68562889099121,6070400,0.0,0.0
2001-01-25 00:00:00-05:00,28.60210693348334,29.10316574107721,27.51647951702996,28.852636337280273,7484700,0.0,0.0
2001-01-26 00:00:00-05:00,29.019670789892025,29.186690477891403,27.474738675897772,27.55824851989746,5766900,0.0,0.0
2001-01-29 00:00:00-05:00,27.975795556467475,29.562482468625333,27.6835111252805,29.437217712402344,5208000,0.0,0.0
2001-01-30 00:00:00-05:00,29.39546665736607,29.478976505824498,28.643878021240234,29.22844696044922,3954100,0.0,0.0
2001-01-31 00:00:00-05:00,29.22845376504434,30.982160990946998,29.186698831094276,30.898651123046875,9318900,0.0,0.0
2001-02-01 00:00:00-05:00,30.648121519346493,30.940406056996935,29.646003104544974,30.898651123046875,6449600,0.0,0.0
2001-02-02 00:00:00-05:00,30.648100808199235,30.982140054065166,29.311943824735508,29.35369873046875,6157500,0.0,0.0
2001-02-05 00:00:00-05:00,29.6459794493039,29.6459794493039,28.069731950414855,28.852636337280273,5229800,0.0,0.0
2001-02-06 00:00:00-05:00,28.769142793927873,30.147055293491906,28.72738786969866,29.22844696044922,5585600,0.0,0.0
2001-02-07 00:00:00-05:00,29.228440437527652,30.272313310296497,29.10317569279539,30.230558395385742,4313200,0.0,0.0
2001-02-08 00:00:00-05:00,30.48110175063242,30.731631354062273,28.6021297249085,28.643884658813477,5656000,0.0,0.0
2001-02-09 00:00:00-05:00,28.68562030359404,29.311943891008756,27.265953505454014,27.599992752075195,4396200,0.0,0.0
2001-02-12 00:00:00-05:00,27.85052082078622,28.518599281254854,27.64174630188977,28.351579666137695,4024300,0.0,0.0
2001-02-13 00:00:00-05:00,28.560364136008715,29.06142315593869,27.60000101447626,28.68562889099121,3532500,0.0,0.0
2001-02-14 00:00:00-05:00,28.72737586549423,29.604228907900303,28.64386605193175,29.18667984008789,3786800,0.0,0.0
2001-02-15 00:00:00-05:00,29.353702113576176,29.395457024121804,27.975790065570468,28.602113723754883,5465100,0.0,0.0
2001-02-16 00:00:00-05:00,27.975797918495637,29.061425897422335,27.808778229429993,28.518611907958984,4396800,0.0,0.0
2001-02-20 00:00:00-05:00,28.309837465583435,29.562485141051727,28.309837465583435,29.478975296020508,5130100,0.0,0.0
2001-02-21 00:00:00-05:00,29.270203794751847,29.562488283429825,27.391232081821986,28.059310913085938,6097200,0.0,0.0
2001-02-22 00:00:00-05:00,28.059290279559235,28.268064760805956,27.09892766582432,27.975780487060547,4175700,0.0,0.0
2001-02-23 00:00:00-05:00,27.9340347048019,28.101054344292493,26.556122679004496,27.64175033569336,5331300,0.0,0.0
2001-02-26 00:00:00-05:00,27.975805716333863,28.727394526623428,27.934050782428887,28.643884658813477,3528900,0.0,0.0
2001-02-27 00:00:00-05:00,28.64385571036228,28.936139952304753,28.007093611844752,28.727365493774414,5412200,0.0,0.0
2001-02-28 00:00:00-05:00,28.810894532118013,29.228443728235668,27.349472345706232,27.89228630065918,4541200,0.0,0.0
2001-03-01 00:00:00-05:00,27.64174479403237,27.725254597035487,26.18032324147779,26.93191146850586,5401200,0.0,0.0
2001-03-02 00:00:00-05:00,26.76488877883443,26.848398572216126,25.42873208472725,25.846281051635742,6332700,0.0,0.0
2001-03-05 00:00:00-05:00,25.97154861500805,26.222078022869862,24.71890157569898,25.178205490112305,4652800,0.0,0.0
2001-03-06 00:00:00-05:00,25.4704990544595,26.848411298389276,25.052949889632295,25.2617244720459,12305400,0.0,0.0
2001-03-07 00:00:00-05:00,25.470483657526486,26.764885286023734,25.345218983800944,26.68137550354004,9365700,0.0,0.0
2001-03-08 00:00:00-05:00,26.848419189453125,28.800462108748512,26.263850186883385,26.848419189453125,18114700,0.0,0.0
2001-03-09 00:00:00-05:00,26.556122952415826,27.140691696651395,26.055064028785342,26.305593490600586,5296300,0.0,0.0
2001-03-12 00:00:00-05:00,26.138559614806827,26.389088940188362,25.178197200844277,25.345216751098633,5325400,0.0,0.0
2001-03-13 00:00:00-05:00,25.470492546194293,26.305590662462958,25.05294348805996,25.42873764038086,4371300,0.0,0.0
2001-03-14 00:00:00-05:00,24.844159051163558,25.052933496971654,24.134325935416026,24.384855270385742,5568400,0.0,0.0
2001-03-15 00:00:00-05:00,24.969430213750794,25.428734114003735,24.551881213520847,25.136449813842773,3920600,0.0,0.0
2001-03-16 00:00:00-05:00,24.457935969034832,25.13645318541864,24.3848648841935,24.802413940429688,5875900,0.0,0.0
2001-03-19 00:00:00-05:00,24.802422968338437,25.67927630560293,23.758549947785472,25.512256622314453,4065200,0.0,0.0
2001-03-20 00:00:00-05:00,26.180335956283763,27.224209000792683,25.888051503821263,26.389110565185547,9488400,0.0,0.0
2001-03-21 00:00:00-05:00,26.18032987886609,26.68138882391616,25.554006197553502,25.637516021728516,4836200,0.0,0.0
2001-03-22 00:00:00-05:00,25.84629016274574,25.888045074155666,23.842054415069168,24.885927200317383,5285000,0.0,0.0
2001-03-23 00:00:00-05:00,25.09470716415328,25.17821700496577,23.59153002952846,24.76066780090332,7811600,0.0,0.0
2001-03-26 00:00:00-05:00,25.219968411788688,25.72102738685734,24.71890943672004,25.303478240966797,2949400,0.0,0.0
2001-03-27 00:00:00-05:00,25.345216751098633,25.92978517698888,24.760648325208383,25.345216751098633,6082000,0.0,0.0
2001-03-28 00:00:00-05:00,25.178205490112305,25.762774108456536,24.42661726652686,25.178205490112305,4666900,0.0,0.0
2001-03-29 00:00:00-05:00,25.05293253815351,25.501797579462092,24.635383662517615,25.345216751098633,2704700,0.0,0.0
2001-03-30 00:00:00-05:00,25.34522907293526,26.305591953787832,24.844170178577397,26.222082138061523,3652700,0.0,0.0
2001-04-02 00:00:00-04:00,25.929796268285248,25.929796268285248,24.05082552420661,24.176090240478516,8848900,0.0,0.0
2001-04-03 00:00:00-04:00,24.46837510975129,24.80241436039636,22.63115923120341,22.756423950195312,8917700,0.0,0.0
2001-04-04 00:00:00-04:00,22.94432113170624,24.050826154436386,22.714669145856586,23.382747650146484,5525300,0.0,0.0
2001-04-05 00:00:00-04:00,23.967313408851624,24.13433301448822,23.466254591941833,24.050823211669922,5340200,0.0,0.0
2001-04-06 00:00:00-04:00,23.800294101762017,24.217843121091175,23.17397057276828,23.7585391998291,3632200,0.0,0.0
2001-04-09 00:00:00-04:00,24.11095815617103,24.117637821205662,23.14892583456589,23.242456436157227,2902900,0.0,0.0
2001-04-10 00:00:00-04:00,23.449551322180007,24.050822914447966,23.349341089146616,23.870441436767578,4764000,0.0,0.0
2001-04-11 00:00:00-04:00,24.11763792176252,24.43163569857213,23.429517737027687,24.231212615966797,5322500,0.0,0.0
2001-04-12 00:00:00-04:00,24.13769350523656,24.318075130011113,23.46293232939259,24.25794792175293,5121000,0.0,0.0
2001-04-16 00:00:00-04:00,24.217848822799954,24.304699752852844,23.295899657478103,23.362709045410156,5238300,0.0,0.0
2001-04-17 00:00:00-04:00,23.275847008923446,24.384856834238573,23.082103699144476,24.237878799438477,6327600,0.0,0.0
2001-04-18 00:00:00-04:00,24.61868922926851,26.9703256185461,24.485075581522114,25.62748908996582,7148500,0.0,0.0
2001-04-19 00:00:00-04:00,25.393663582438244,25.567365425892717,23.963975948472477,24.705543518066406,8050700,0.0,0.0
2001-04-20 00:00:00-04:00,24.491741940397194,24.665441117222944,23.583155357577976,24.41825294494629,3014500,0.0,0.0
2001-04-23 00:00:00-04:00,24.585298401391903,25.119760911494673,24.164408059709224,24.2111759185791,3089900,0.0,0.0
2001-04-24 00:00:00-04:00,22.2403370172111,23.322623626456405,22.160165750957677,22.9017333984375,16655300,0.0,0.0
2001-04-25 00:00:00-04:00,22.975222240956928,23.382750587530992,22.64786515990133,23.362709045410156,3808600,0.0,0.0
2001-04-26 00:00:00-04:00,23.382756953541854,23.78360319619527,23.12220664096531,23.23577880859375,2985100,0.0,0.0
2001-04-27 00:00:00-04:00,23.576495093293627,24.71890892096988,23.0487123722557,23.59653663635254,5103100,0.0,0.0
2001-04-30 00:00:00-04:00,23.877125852008948,24.26461004283442,23.315939830265364,23.335981369018555,4457200,0.0,0.0
2001-05-01 00:00:00-04:00,23.40947575940006,24.050830631255966,23.25581798063361,23.99738311767578,4024800,0.0,0.0
2001-05-02 00:00:00-04:00,24.00407325099257,24.224537945956257,23.796967890313965,24.07756233215332,3877400,0.0,0.0
2001-05-03 00:00:00-04:00,24.05083051559403,24.19780862871499,23.54309188161261,23.64998435974121,3386400,0.0,0.0
2001-05-04 00:00:00-04:00,23.269185439566296,24.231217978069825,23.02867666781083,23.963985443115234,4599900,0.0,0.0
2001-05-07 00:00:00-04:00,23.81699471252869,23.883801529568352,23.05538323628632,23.209043502807617,3045400,0.0,0.0
2001-05-08 00:00:00-04:00,23.382755165886667,23.409478926292014,22.68127302061368,23.229097366333008,6955200,0.0,0.0
2001-05-09 00:00:00-04:00,23.122195491986872,23.356021929369383,22.935134342080865,23.25581169128418,5220300,0.0,0.0
2001-05-10 00:00:00-04:00,24.05751130428068,24.912653717772788,23.984024792805187,24.010746002197266,8143400,0.0,0.0
2001-05-11 00:00:00-04:00,24.077556290474966,24.384871872289658,23.656666007587415,23.710113525390625,5808800,0.0,0.0
2001-05-14 00:00:00-04:00,23.716790715633394,24.25125309529625,23.616577904470134,24.124319076538086,3786900,0.0,0.0
2001-05-15 00:00:00-04:00,24.110959554122278,24.38487170974306,23.67002772925668,23.75019645690918,2574100,0.0,0.0
2001-05-16 00:00:00-04:00,23.73682111441389,24.318051068654693,23.26916834458767,24.151031494140625,3377200,0.0,0.0
2001-05-17 00:00:00-04:00,24.1443625509164,24.45167812524313,24.09091758293334,24.25125503540039,4841200,0.0,0.0
2001-05-18 00:00:00-04:00,24.27129193649376,25.65421415970668,23.83035770156844,23.903846740722656,3500300,0.0,0.0
2001-05-21 00:00:00-04:00,23.97733410823327,24.75898718558565,23.810314503078658,24.738943099975586,5857700,0.0,0.0
2001-05-22 00:00:00-04:00,24.81911894036973,25.707662079067482,24.772353646149714,25.313495635986328,4740200,0.0,0.0
2001-05-23 00:00:00-04:00,25.293459008099134,25.320182766706278,24.52516751351008,24.618698120117188,3513500,0.0,0.0
2001-05-24 00:00:00-04:00,24.69218043550644,25.266728345989687,24.451671770790924,25.253366470336914,4340800,0.0,0.0
2001-05-25 00:00:00-04:00,25.293460498621673,25.433756416799856,24.799081129327735,25.11975860595703,3664000,0.0,0.0
2001-05-29 00:00:00-04:00,25.1798676699428,25.18654987943807,24.451662294447488,24.571916580200195,3001700,0.0,0.0
2001-05-30 00:00:00-04:00,24.284668575542998,25.286786990740406,24.18445826313461,24.91266441345215,6675900,0.0,0.0
2001-05-31 00:00:00-04:00,24.785720184358656,26.315621107502306,24.55189364523982,25.994943618774414,14358600,0.0,0.0
2001-06-01 00:00:00-04:00,26.19536270139386,26.576167319966704,25.052948845675324,25.90808868408203,6726600,0.0,0.0
2001-06-04 00:00:00-04:00,26.021669190921546,26.021669190921546,25.420397264887875,25.714353561401367,3682000,0.0,0.0
2001-06-05 00:00:00-04:00,25.75443262196422,26.72314721833235,25.74775295650752,26.556127548217773,3655200,0.0,0.0
2001-06-06 00:00:00-04:00,26.589533680027625,26.609577775474555,26.128560261039027,26.389110565185547,3377300,0.0,0.0
2001-06-07 00:00:00-04:00,26.315620567266283,27.417951482809546,26.155283100452987,27.39122772216797,5978100,0.0,0.0
2001-06-08 00:00:00-04:00,27.344451331365736,27.364492869464137,26.843392490769272,26.983688354492188,2421400,0.0,0.0
2001-06-11 00:00:00-04:00,26.95029122175337,26.95029122175337,26.469273807163145,26.569486618041992,3012500,0.0,0.0
2001-06-12 00:00:00-04:00,26.47595369958797,27.023777907730864,26.242124677540318,27.01041603088379,3911200,0.0,0.0
2001-06-13 00:00:00-04:00,26.977034649504017,27.558262750288268,26.890183653311585,27.05052375793457,3015000,0.0,0.0
2001-06-14 00:00:00-04:00,26.990375259912252,27.057182097536206,26.68305718069657,27.003734588623047,3676600,0.0,0.0
2001-06-15 00:00:00-04:00,27.01040939939277,27.32440705691395,26.663008332213696,27.057174682617188,4343500,0.0,0.0
2001-06-18 00:00:00-04:00,27.177438027400903,28.46014773383607,27.117310850629405,28.112749099731445,6065400,0.0,0.0
2001-06-19 00:00:00-04:00,28.306490155449804,28.70733885287338,28.293128277350586,28.35993766784668,6574900,0.0,0.0
2001-06-20 00:00:00-04:00,28.359948227940034,28.961217675187235,28.359948227940034,28.466840744018555,8263500,0.0,0.0
2001-06-21 00:00:00-04:00,28.466852295535478,29.428885330623963,28.45349040703874,29.141611099243164,6050300,0.0,0.0
2001-06-22 00:00:00-04:00,28.941168653263606,28.941168653263606,27.658458791471002,28.005857467651367,5761000,0.0,0.0
2001-06-25 00:00:00-04:00,28.072669009782672,28.092710556491962,27.2843358913207,28.025903701782227,4428300,0.0,0.0
2001-06-26 00:00:00-04:00,27.665134574177408,27.8054304677731,26.70978197747183,26.95029067993164,6200200,0.0,0.0
2001-06-27 00:00:00-04:00,26.990382566910817,27.691864745941803,26.188687555796182,26.542768478393555,3624600,0.0,0.0
2001-06-28 00:00:00-04:00,26.689739970685256,28.526956078762847,26.689739970685256,28.132789611816406,4014700,0.0,0.0
2001-06-29 00:00:00-04:00,27.925698161169596,28.560373640665933,27.057196080630884,27.444683074951172,2805000,0.0,0.0
2001-07-02 00:00:00-04:00,27.564917709120667,28.59375920779633,27.0571791719332,28.28644371032715,4023400,0.0,0.0
2001-07-03 00:00:00-04:00,28.17287548259811,28.693978563244748,27.82547682685742,28.152833938598633,2215700,0.0,0.0
2001-07-05 00:00:00-04:00,27.858878658941695,27.959088921734836,27.39122312035407,27.591646194458008,2569100,0.0,0.0
2001-07-06 00:00:00-04:00,27.58495906533326,27.79206174817544,26.98368745720474,26.99704933166504,2448200,0.0,0.0
2001-07-09 00:00:00-04:00,26.99035999915489,28.045922218184028,26.642959033197585,28.032560348510742,3449800,0.0,0.0
2001-07-10 00:00:00-04:00,27.84552560959225,28.39335004181161,27.625058374214024,27.852205276489258,2611300,0.0,0.0
2001-07-11 00:00:00-04:00,27.772021768377762,28.259718745205436,27.70521494084629,28.186229705810547,3490400,0.0,0.0
2001-07-12 00:00:00-04:00,28.40002128922418,29.02801682914255,28.059302311080284,28.814231872558594,7617800,0.0,0.0
2001-07-13 00:00:00-04:00,28.794178009033203,29.061410388332654,28.39333198860087,28.794178009033203,4765500,0.0,0.0
2001-07-16 00:00:00-04:00,28.820912448435582,29.762903239569507,28.794188690888486,29.72949981689453,6854400,0.0,0.0
2001-07-17 00:00:00-04:00,29.59587099541478,29.59587099541478,29.22174874287933,29.529064178466797,4123600,0.0,0.0
2001-07-18 00:00:00-04:00,29.44890167508027,29.46226100246304,29.121542086823016,29.148265838623047,4819800,0.0,0.0
2001-07-19 00:00:00-04:00,29.28189281422826,29.70946280615053,29.101511246038896,29.375423431396484,4181500,0.0,0.0
2001-07-20 00:00:00-04:00,29.335328487683828,29.829707726916283,29.32864882365465,29.622602462768555,2731000,0.0,0.0
2001-07-23 00:00:00-04:00,29.48229748149261,29.863101926550947,29.174979512142375,29.208385467529297,2629000,0.0,0.0
2001-07-24 00:00:00-04:00,29.081453964470832,29.228432038245742,27.598321546035997,28.072656631469727,4324300,0.0,0.0
2001-07-25 00:00:00-04:00,28.146142664295446,28.266396975727886,27.56491264286639,27.932357788085938,4155600,0.0,0.0
2001-07-26 00:00:00-04:00,27.93236284960852,28.239678346282624,27.371176810738877,28.192913055419922,2973600,0.0,0.0
2001-07-27 00:00:00-04:00,28.02589272524138,28.199592008567013,27.357814245729152,27.64508819580078,3677000,0.0,0.0
2001-07-30 00:00:00-04:00,27.88560227065218,28.600446178648003,27.81879288061849,28.112749099731445,3088300,0.0,0.0
2001-07-31 00:00:00-04:00,28.259728931226583,29.315294516611445,28.25304926547264,28.760787963867188,2715700,0.0,0.0
2001-08-01 00:00:00-04:00,28.84763940376472,29.29525092396659,28.106071614995102,28.22632598876953,1879000,0.0,0.0
2001-08-02 00:00:00-04:00,28.493558422248913,29.061424314738883,28.460152447440507,28.994617462158203,2701500,0.0,0.0
2001-08-03 00:00:00-04:00,29.05474605325951,29.288572597112044,28.73406600952148,28.734066009521484,2222700,0.0,0.0
2001-08-06 00:00:00-04:00,28.7607753065094,28.78749905480035,27.564914329917123,27.812105178833008,3319000,0.0,0.0
2001-08-07 00:00:00-04:00,27.805429961304345,28.39333982899552,27.65845440576971,28.16619300842285,3401300,0.0,0.0
2001-08-08 00:00:00-04:00,28.126107246536648,28.994611440831125,27.792067955967248,28.17287254333496,3956800,0.0,0.0
2001-08-09 00:00:00-04:00,27.625046473154576,27.92568232437323,26.78994830227908,27.331092834472656,4806400,0.0,0.0
2001-08-10 00:00:00-04:00,27.2442381709673,27.397895907491833,26.1819933415003,26.709775924682617,3072800,0.0,0.0
2001-08-13 00:00:00-04:00,26.736504182707286,27.230880888193564,26.569484543296458,27.190797805786133,2260600,0.0,0.0
2001-08-14 00:00:00-04:00,27.12396977723586,27.765326688609672,26.870101934760164,27.404563903808594,2030600,0.0,0.0
2001-08-15 00:00:00-04:00,27.4379971507173,27.591654974711442,26.455920462017293,26.522729873657227,2794000,0.0,0.0
2001-08-16 00:00:00-04:00,26.12186653702218,26.983688354492188,26.055059711016135,26.983688354492188,3216600,0.0,0.0
2001-08-17 00:00:00-04:00,26.723140189883065,26.896839479769717,26.028337933301966,26.3289737701416,2142100,0.0,0.0
2001-08-20 00:00:00-04:00,26.295576627605485,27.097271534255476,26.288894413794267,26.87680435180664,2119000,0.0,0.0
2001-08-21 00:00:00-04:00,27.11063818606004,27.237572237122937,25.554013401330717,25.84796714782715,3343100,0.0,0.0
2001-08-22 00:00:00-04:00,26.021655811607697,26.02833547467662,24.384863119884642,25.96820831298828,6103800,0.0,0.0
2001-08-23 00:00:00-04:00,25.98158334737777,26.295581189514998,25.547333669473026,25.787839889526367,4217500,0.0,0.0
2001-08-24 00:00:00-04:00,25.861325684004264,26.322301614823203,25.219970748146057,26.175323486328125,3228900,0.0,0.0
2001-08-27 00:00:00-04:00,26.121860937658816,26.62291967085061,26.014968509851894,26.362369537353516,2156400,0.0,0.0
2001-08-28 00:00:00-04:00,26.602886238769464,26.629609990988854,26.1552748574225,26.53607940673828,2689200,0.0,0.0
2001-08-29 00:00:00-04:00,26.589524473076875,26.789947518520002,25.721022910478464,25.948169708251953,2678600,0.0,0.0
2001-08-30 00:00:00-04:00,25.85464017434034,26.121870062952247,24.785712974340523,25.313495635986328,3758100,0.0,0.0
2001-08-31 00:00:00-04:00,25.113067427523813,25.874676403936817,24.758986687248225,24.992813110351562,3374500,0.0,0.0
2001-09-04 00:00:00-04:00,25.086365791588584,26.055080845550037,24.885942602480483,25.159854888916016,3399400,0.0,0.0
2001-09-05 00:00:00-04:00,25.320183075095393,25.420393348315862,24.050832559492775,24.859207153320312,5072400,0.0,0.0
2001-09-06 00:00:00-04:00,24.38487639760125,24.785722661442133,22.7280412659974,23.396120071411133,6598100,0.0,0.0
2001-09-07 00:00:00-04:00,23.115520058593116,23.115520058593116,22.454123628328958,22.687950134277344,7915200,0.0,0.0
2001-09-10 00:00:00-04:00,22.44744805655832,23.108847231037604,22.44744805655832,22.8282527923584,2994600,0.0,0.0
2001-09-17 00:00:00-04:00,21.88625507679337,22.380634390651085,21.21817771252535,21.478729248046875,5666600,0.0,0.0
2001-09-18 00:00:00-04:00,21.565573746985958,21.97310205075653,21.117962363183718,21.578935623168945,4981800,0.0,0.0
2001-09-19 00:00:00-04:00,21.692516213873517,22.714675809788233,20.57682345916339,21.251583099365234,6548400,0.0,0.0
2001-09-20 00:00:00-04:00,21.05115800364074,21.592301342788943,20.72379962443954,21.06451988220215,6633300,0.0,0.0
2001-09-21 00:00:00-04:00,20.008957188756614,21.425283291852473,19.928787185629034,20.8574161529541,6373000,0.0,0.0
2001-09-24 00:00:00-04:00,21.17809688239341,22.86165563803194,21.11128875254888,22.380638122558594,6535300,0.0,0.0
2001-09-25 00:00:00-04:00,22.380624643901808,22.92176902290692,21.792714984447485,22.387304306030273,5410600,0.0,0.0
2001-09-26 00:00:00-04:00,22.647860036028316,23.035344204299204,22.46747855219779,22.494199752807617,5373500,0.0,0.0
2001-09-27 00:00:00-04:00,22.47416024947128,22.614456122310475,21.879570794423742,22.48752212524414,5084800,0.0,0.0
2001-09-28 00:00:00-04:00,22.48084596462763,23.783597199013542,22.38731281964309,23.75687599182129,5827500,0.0,0.0
2001-10-01 00:00:00-04:00,23.569806170532587,23.696742703152346,22.88168620386868,23.54976463317871,4274100,0.0,0.0
2001-10-02 00:00:00-04:00,23.51637009613087,23.823685677945566,23.235775724699863,23.710113525390625,3266300,0.0,0.0
2001-10-03 00:00:00-04:00,23.61658627128174,24.545218011303465,23.429525009257667,24.331430435180664,4955600,0.0,0.0
2001-10-04 00:00:00-04:00,24.438317175307787,24.518485896229187,23.409475487498707,23.52972984313965,4253200,0.0,0.0
2001-10-05 00:00:00-04:00,23.456242606749857,23.71679288134544,23.168968573601425,23.629941940307617,3541600,0.0,0.0
2001-10-08 00:00:00-04:00,23.41614635311167,23.796950820037882,22.581048390814416,22.74138832092285,3126900,0.0,0.0
2001-10-09 00:00:00-04:00,22.895063065779514,22.935148715244978,22.113409466574048,22.407365798950195,3020800,0.0,0.0
2001-10-10 00:00:00-04:00,22.480845997259394,23.917213463761975,22.347229767033717,23.88381004333496,6525700,0.0,0.0
2001-10-11 00:00:00-04:00,24.8859280996434,25.594092340213695,24.758994081836402,25.547327041625977,8790800,0.0,0.0
2001-10-12 00:00:00-04:00,25.193237089239116,25.787826486668287,25.052941229995216,25.62748908996582,6826800,0.0,0.0
2001-10-15 00:00:00-04:00,25.380313808346074,25.721032862580262,25.113081278678187,25.447120666503906,2791800,0.0,0.0
2001-10-16 00:00:00-04:00,25.714350104027158,26.255492216180908,25.58741352086578,26.175323486328125,3093500,0.0,0.0
2001-10-17 00:00:00-04:00,26.262167520588058,26.556121151719477,25.38698374252428,25.39366340637207,3910900,0.0,0.0
2001-10-18 00:00:00-04:00,25.346896372971585,25.353578584877717,24.725583188591873,25.320175170898438,2504500,0.0,0.0
2001-10-19 00:00:00-04:00,25.253371410082345,26.12187310926033,24.952735520381356,26.095151901245117,2501600,0.0,0.0
2001-10-22 00:00:00-04:00,25.787815584100876,26.315597934521133,25.6408401240147,26.06172752380371,2256400,0.0,0.0
2001-10-23 00:00:00-04:00,26.161962752518313,26.890168664248627,25.874688697068496,26.308940887451172,3365200,0.0,0.0
2001-10-24 00:00:00-04:00,26.38243187178134,26.716471258340384,26.088475580557688,26.56281089782715,3496400,0.0,0.0
2001-10-25 00:00:00-04:00,26.06174671691927,26.856761932373047,25.45379525431696,26.856761932373047,3843800,0.0,0.0
2001-10-26 00:00:00-04:00,26.5895259152182,27.090584830260696,26.268848515413094,27.07054328918457,2536600,0.0,0.0
2001-10-29 00:00:00-05:00,26.716459600360466,26.723139263828873,25.674256251604962,25.694297790527344,4367900,0.0,0.0
2001-10-30 00:00:00-05:00,25.500560337165645,25.7009859669711,24.718909555588265,25.07299041748047,3646100,0.0,0.0
2001-10-31 00:00:00-05:00,25.153156463623976,25.834594288740284,25.153156463623976,25.27341079711914,3659500,0.0,0.0
2001-11-01 00:00:00-05:00,25.3869940880899,26.689748241787655,24.919338424131944,26.335664749145508,3630400,0.0,0.0
2001-11-02 00:00:00-05:00,26.3089376495234,26.990378170547594,26.215407047356546,26.856761932373047,3124100,0.0,0.0
2001-11-05 00:00:00-05:00,26.990384341220107,27.92569312524122,26.96366057777193,27.43799591064453,5762700,0.0,0.0
2001-11-06 00:00:00-05:00,27.27096727637138,28.03257644547012,26.809993976263595,27.925683975219727,4413000,0.0,0.0
2001-11-07 00:00:00-05:00,27.84552353526949,28.059308539306553,27.13067945017338,27.638418197631836,4307500,0.0,0.0
2001-11-08 00:00:00-05:00,28.11274467470226,29.00796742358423,28.106062462491867,28.500228881835938,6319600,0.0,0.0
2001-11-09 00:00:00-05:00,28.306494237058264,28.914445761388144,28.26641114549855,28.760787963867188,5259700,0.0,0.0
2001-11-12 00:00:00-05:00,28.526959135484283,28.787509403694603,27.85888047914281,28.333215713500977,3472900,0.0,0.0
2001-11-13 00:00:00-05:00,28.7207115863551,28.847645653497636,28.32654495325934,28.77415657043457,3820800,0.0,0.0
2001-11-14 00:00:00-05:00,28.88102610343753,29.288554295369703,28.667241240213535,28.807537078857422,4782000,0.0,0.0
2001-11-15 00:00:00-05:00,28.727380453039856,28.8944001068366,28.239683369775488,28.453468322753906,4686000,0.0,0.0
2001-11-16 00:00:00-05:00,28.68728093016224,28.82089709821498,27.705207574284913,28.14613914489746,2281800,0.0,0.0
2001-11-19 00:00:00-05:00,28.3131669896695,28.727374937981164,28.132785492376396,28.667247772216797,6139000,0.0,0.0
2001-11-20 00:00:00-05:00,28.333212314461075,28.667251602558242,27.72526091206493,27.925683975219727,4398100,0.0,0.0
2001-11-21 00:00:00-05:00,27.82547312084135,27.858876539230817,27.09058517368579,27.311052322387695,3438900,0.0,0.0
2001-11-23 00:00:00-05:00,27.31104128021336,28.232987487892775,27.31104128021336,28.14613914489746,1537300,0.0,0.0
2001-11-26 00:00:00-05:00,28.29980979222081,28.714017809003305,28.172873227669854,28.620487213134766,5616700,0.0,0.0
2001-11-27 00:00:00-05:00,28.520270421432627,28.780823178775787,28.01253187968433,28.500228881835938,5019000,0.0,0.0
2001-11-28 00:00:00-05:00,28.386658167091518,28.386658167091518,27.28432756130007,27.29768943786621,4011700,0.0,0.0
2001-11-29 00:00:00-05:00,27.411260764822433,27.792065316017784,27.14403088686142,27.564918518066406,2887600,0.0,0.0
2001-11-30 00:00:00-05:00,27.491433839911767,27.972448671458494,27.123988592075253,27.311052322387695,4139100,0.0,0.0
2001-12-03 00:00:00-05:00,27.15739692000187,27.625049915146306,26.77659231051701,26.8701229095459,2271300,0.0,0.0
2001-12-04 00:00:00-05:00,27.070545475217298,27.391222900918123,26.963652999983687,27.37786102294922,2657700,0.0,0.0
2001-12-05 00:00:00-05:00,27.611688265714434,29.061417525902083,27.611688265714434,29.04805564880371,4336900,0.0,0.0
2001-12-06 00:00:00-05:00,28.807554010747154,28.807554010747154,27.79875625376159,28.37330436706543,5051400,0.0,0.0
2001-12-07 00:00:00-05:00,28.386663865287478,28.927805957996707,28.259727286687234,28.78083038330078,3488600,0.0,0.0
2001-12-10 00:00:00-05:00,28.72069960331597,28.82090986234908,28.199596571977082,28.31985092163086,3851500,0.0,0.0
2001-12-11 00:00:00-05:00,28.43342298781025,28.46014419198064,27.52483578456656,27.61168670654297,2831300,0.0,0.0
2001-12-12 00:00:00-05:00,27.584971965374166,28.192923520781324,27.224208831787106,27.22420883178711,5120900,0.0,0.0
2001-12-13 00:00:00-05:00,27.297693878410595,28.226322788420642,26.890165496661083,27.778711318969727,6736700,0.0,0.0
2001-12-14 00:00:00-05:00,27.939047267033892,28.359937504929608,27.932367602281484,28.239683151245117,4030100,0.0,0.0
2001-12-17 00:00:00-05:00,28.266397551287426,28.500223967991257,28.059292333266313,28.39333152770996,4713100,0.0,0.0
2001-12-18 00:00:00-05:00,28.500244639975143,29.134920079468372,28.49356497258872,28.947858810424805,2961100,0.0,0.0
2001-12-19 00:00:00-05:00,28.96789744916628,29.19504434525086,28.393349267980668,28.934494018554688,3413800,0.0,0.0
2001-12-20 00:00:00-05:00,28.927805973528546,29.609246524452235,28.86099912576888,29.06810188293457,4342500,0.0,0.0
2001-12-21 00:00:00-05:00,29.06809244163061,29.6894056083612,28.860989751731786,29.128219604492188,5533100,0.0,0.0
2001-12-24 00:00:00-05:00,29.094819545563332,29.57583690390845,29.094819545563332,29.44222068786621,2332500,0.0,0.0
2001-12-26 00:00:00-05:00,29.502348650854344,29.796302295236575,29.32196713662522,29.402135848999023,3352700,0.0,0.0
2001-12-27 00:00:00-05:00,29.428860931510673,29.85643081483475,29.188352235011497,29.495670318603516,2996300,0.0,0.0
2001-12-28 00:00:00-05:00,29.549124258693247,30.31073366335509,29.435552088901147,30.190479278564453,3745700,0.0,0.0
2001-12-31 00:00:00-05:00,30.070237182904272,30.170450060690992,29.64266699491705,29.649349212646484,2926300,0.0,0.0
2002-01-02 00:00:00-05:00,29.529080551491077,29.716141781478864,28.513600570023723,29.69610023498535,4826800,0.0,0.0
2002-01-03 00:00:00-05:00,29.63595909333237,30.056849211153107,29.40881232878814,29.956636428833008,6355100,0.0,0.0
2002-01-04 00:00:00-05:00,29.996739274458054,30.070225802033473,29.72282706716559,29.923250198364258,4130500,0.0,0.0
2002-01-07 00:00:00-05:00,29.756228020348633,29.923247707195873,29.295252053598624,29.47563362121582,5082900,0.0,0.0
2002-01-08 00:00:00-05:00,29.488985203047413,29.776259167976562,29.32196557453127,29.67604637145996,4649800,0.0,0.0
2002-01-09 00:00:00-05:00,29.696093382846986,29.72949680213464,29.355371879967308,29.495670318603516,3776700,0.0,0.0
2002-01-10 00:00:00-05:00,29.762896793783536,29.929916419504565,29.59587716806251,29.863109588623047,6416300,0.0,0.0
2002-01-11 00:00:00-05:00,29.863115337158995,29.883156880577925,28.927804233670525,29.1883544921875,3613400,0.0,0.0
2002-01-14 00:00:00-05:00,29.054748180096105,29.428870677646298,28.727388446221312,28.78751564025879,2967000,0.0,0.0
2002-01-15 00:00:00-05:00,28.860995915949633,29.074780863225605,28.5469981596616,28.620487213134766,3621200,0.0,0.0
2002-01-16 00:00:00-05:00,28.600439101513913,28.680607801199077,28.04593276977539,28.04593276977539,2445800,0.0,0.0
2002-01-17 00:00:00-05:00,28.119435924914836,29.06810656830753,28.119435924914836,28.961214065551758,3390200,0.0,0.0
2002-01-18 00:00:00-05:00,28.56702838555354,29.114854963015247,28.393329140394897,28.68060302734375,2940300,0.0,0.0
2002-01-22 00:00:00-05:00,28.79418508096956,29.382094930710632,28.63384765282402,29.04805564880371,3156500,0.0,0.0
2002-01-23 00:00:00-05:00,29.061411052765056,29.836381912231445,29.01464576759598,29.836381912231445,3124700,0.0,0.0
2002-01-24 00:00:00-05:00,29.729500592765163,30.06353992526814,29.49567407942022,29.562480926513672,3683600,0.0,0.0
2002-01-25 00:00:00-05:00,29.589191333126667,29.72948717782746,29.20838686978639,29.529064178466797,2211800,0.0,0.0
2002-01-28 00:00:00-05:00,29.615927303038585,30.350812786851087,29.348694827915264,29.39546012878418,3894200,0.0,0.0
2002-01-29 00:00:00-05:00,29.482313616997807,29.93660733491325,28.974572380025027,29.10818862915039,2651600,0.0,0.0
2002-01-30 00:00:00-05:00,29.128223190436213,30.537869311106537,29.068096020172447,30.464380264282227,4511700,0.0,0.0
2002-01-31 00:00:00-05:00,30.497799937011933,30.744988393186084,30.223887715705843,30.731626510620117,3540100,0.0,0.0
2002-02-01 00:00:00-05:00,30.51784383281005,30.64477790416767,30.06354998471508,30.23724937438965,2970700,0.0,0.0
2002-02-04 00:00:00-05:00,30.197146860887948,30.651440416955275,29.796298256319503,29.96331787109375,3599100,0.0,0.0
2002-02-05 00:00:00-05:00,29.95665368900039,30.263969327357035,29.829719633640487,30.11031150817871,5288300,0.0,0.0
2002-02-06 00:00:00-05:00,30.063542200866355,30.096945626941487,29.82971566982239,29.896522521972656,4974300,0.0,0.0
2002-02-07 00:00:00-05:00,30.00340970207339,30.60468145903582,29.46894733394989,29.488988876342773,4855100,0.0,0.0
2002-02-08 00:00:00-05:00,29.402132385176053,29.595875753395752,28.86099045475725,29.44890022277832,3095700,0.0,0.0
2002-02-11 00:00:00-05:00,29.36872865229996,30.090254616376598,29.288559950241588,30.050168991088867,4581200,0.0,0.0
2002-02-12 00:00:00-05:00,29.802992730480963,30.043501482475612,29.301933679998143,29.69610023498535,3505500,0.0,0.0
2002-02-13 00:00:00-05:00,29.68271847233612,30.364158630371097,29.502337029163648,30.364158630371094,4061200,0.0,0.0
2002-02-14 00:00:00-05:00,30.2773141800475,31.065646929671047,30.263952305653564,30.945392608642578,3809800,0.0,0.0
2002-02-15 00:00:00-05:00,30.97212266461387,31.012205747441268,30.26395846862596,30.658124923706055,4543700,0.0,0.0
2002-02-19 00:00:00-05:00,30.364185121739396,30.765031423942975,30.10363477045521,30.217206954956055,5246300,0.0,0.0
2002-02-20 00:00:00-05:00,30.263953833212078,30.79173643008583,30.263953833212078,30.638078689575195,3032500,0.0,0.0
2002-02-21 00:00:00-05:00,30.65146151497415,31.332902318124585,30.564610541925486,30.6715030670166,4844900,0.0,0.0
2002-02-22 00:00:00-05:00,30.604693922468996,30.6314151403689,29.435555901103488,30.217206954956055,4222300,0.0,0.0
2002-02-25 00:00:00-05:00,30.217204748926424,30.430989767629946,29.55580814372441,29.662700653076172,4330400,0.0,0.0
2002-02-26 00:00:00-05:00,29.729504032328833,30.03013997606725,28.600451875309172,29.041383743286133,7660900,0.0,0.0
2002-02-27 00:00:00-05:00,29.221753372168177,29.34200515202141,27.992488886562427,28.186229705810547,5644500,0.0,0.0
2002-02-28 00:00:00-05:00,28.31984795662793,28.827589057233258,27.55823885423723,27.564918518066406,8111200,0.0,0.0
2002-03-01 00:00:00-05:00,27.605012770752218,27.705225599118677,26.302258744578715,27.324420928955078,11850400,0.0,0.0
2002-03-04 00:00:00-05:00,27.531531444793647,27.584978981223053,26.556136841626227,27.38455581665039,11727200,0.0,0.0
2002-03-05 00:00:00-05:00,27.691868457668267,28.393350730723615,25.580739422924616,26.081798553466797,22950300,0.0,0.0
2002-03-06 00:00:00-05:00,26.115194032553205,26.45591301620955,25.58741129747114,26.001619338989258,12183300,0.0,0.0
2002-03-07 00:00:00-05:00,26.26216274116679,27.244236253172545,26.088460930528466,26.642967224121094,10132300,0.0,0.0
2002-03-08 00:00:00-05:00,27.077231109275225,27.484759557357126,26.596216138940267,26.663022994995117,7193400,0.0,0.0
2002-03-11 00:00:00-05:00,26.856755737789488,27.39121801869473,26.556119908368668,27.237560272216797,4023300,0.0,0.0
2002-03-12 00:00:00-05:00,27.277663427756988,27.75199884758865,26.89017643227615,27.691871643066406,5160200,0.0,0.0
2002-03-13 00:00:00-05:00,27.631735032220835,28.42674775602867,27.42462972080897,28.005857467651367,6106600,0.0,0.0
2002-03-14 00:00:00-05:00,27.91232464037773,28.05930275605417,27.47807505540659,27.605009078979492,4384200,0.0,0.0
2002-03-15 00:00:00-05:00,27.858892695412113,28.333228137768835,27.645107635518407,28.159528732299805,5008600,0.0,0.0
2002-03-18 00:00:00-05:00,28.35995365020018,28.39335709001402,27.83885030473164,28.199613571166992,5373800,0.0,0.0
2002-03-19 00:00:00-05:00,28.27308925420316,28.52027764977437,28.152834889110594,28.233003616333008,3021300,0.0,0.0
2002-03-20 00:00:00-05:00,28.106070375779932,28.15283568035051,27.785392909359697,27.90564727783203,3291300,0.0,0.0
2002-03-21 00:00:00-05:00,27.76536059389409,27.832167465912043,27.030472259102584,27.38455581665039,3240900,0.0,0.0
2002-03-22 00:00:00-05:00,27.32440705691395,27.471382569112055,27.03045093548415,27.057174682617188,3117600,0.0,0.0
2002-03-25 00:00:00-05:00,27.05720007145019,27.063879740242847,26.55614081086778,26.622947692871094,5007000,0.0,0.0
2002-03-26 00:00:00-05:00,26.5761645868613,26.896841993285197,26.148594711629435,26.816673278808594,6305400,0.0,0.0
2002-03-27 00:00:00-05:00,26.8367223554606,26.95697673519904,26.442558336729086,26.78995704650879,4034100,0.0,0.0
2002-03-28 00:00:00-05:00,26.923565510904304,26.923565510904304,26.322296334839915,26.602888107299805,5190600,0.0,0.0
2002-04-01 00:00:00-05:00,26.369058793630195,26.696415826285026,25.994933922078914,26.48931312561035,4861200,0.0,0.0
2002-04-02 00:00:00-05:00,26.422514587311998,26.496003659061557,25.781159585982035,25.914775848388672,3949200,0.0,0.0
2002-04-03 00:00:00-05:00,25.981566614406315,26.42249822330729,25.767781746364424,25.988248825073242,3069700,0.0,0.0
2002-04-04 00:00:00-05:00,26.055070328827473,26.65634220197688,25.981581261162756,26.369068145751953,3774700,0.0,0.0
2002-04-05 00:00:00-05:00,26.489314567792647,26.82335383069789,26.055062506608902,26.222082138061523,3120200,0.0,0.0
2002-04-08 00:00:00-04:00,26.128547879881484,27.003728994636703,26.02165543271608,26.99704933166504,5154400,0.0,0.0
2002-04-09 00:00:00-04:00,26.977014611306306,27.524838860028453,26.82335683895913,27.23088264465332,4928200,0.0,0.0
2002-04-10 00:00:00-04:00,27.297693129770146,28.14615329259054,27.297693129770146,28.106067657470703,7595800,0.0,0.0
2002-04-11 00:00:00-04:00,28.06598481111318,28.45347167688758,27.81211674234854,27.965774536132812,4849300,0.0,0.0
2002-04-12 00:00:00-04:00,27.99919019458109,28.192933712119046,27.792084791504063,27.959104537963867,2725700,0.0,0.0
2002-04-15 00:00:00-04:00,28.13279999228793,28.279778150691914,27.852205557927455,28.059310913085938,2713700,0.0,0.0
2002-04-16 00:00:00-04:00,28.212944922133705,28.727365493774414,28.13945590496841,28.727365493774414,3614100,0.0,0.0
2002-04-17 00:00:00-04:00,28.593771920922016,28.760791619699035,28.159522233212776,28.420072555541992,2708400,0.0,0.0
2002-04-18 00:00:00-04:00,28.3465616310813,28.707324514011777,28.186221722495628,28.567026138305664,3416000,0.0,0.0
2002-04-19 00:00:00-04:00,28.660581131016432,28.70734644246859,28.199605134533222,28.36662483215332,2942800,0.0,0.0
2002-04-22 00:00:00-04:00,28.22633226409289,28.486882615690764,27.311064925564327,27.631742477416992,3502000,0.0,0.0
2002-04-23 00:00:00-04:00,27.55823827374015,27.838830021966324,26.923563185611172,27.0438175201416,4802000,0.0,0.0
2002-04-24 00:00:00-04:00,27.25092887752363,27.46471384268073,26.255490562840166,26.32229995727539,4975300,0.0,0.0
2002-04-25 00:00:00-04:00,26.23545048188729,27.030463206119773,26.188685177433495,26.823360443115234,4666000,0.0,0.0
2002-04-26 00:00:00-04:00,26.84341403128061,27.19749508057584,26.636308626842762,26.66971206665039,4823600,0.0,0.0
2002-04-29 00:00:00-04:00,26.71646573928848,26.74318694781929,26.322299242634468,26.582849502563477,3553500,0.0,0.0
2002-04-30 00:00:00-04:00,26.455913217849407,26.87012381104228,26.288893557260668,26.856761932373047,3235200,0.0,0.0
2002-05-01 00:00:00-04:00,26.729830123058882,27.057189837502612,26.00162417117055,26.903532028198242,4372200,0.0,0.0
2002-05-02 00:00:00-04:00,26.863435327779275,27.270963612265433,26.776586959475505,27.14402961730957,2801400,0.0,0.0
2002-05-03 00:00:00-04:00,27.05050245545235,27.16407458921008,26.689739415543972,26.9703311920166,3632400,0.0,0.0
2002-05-06 00:00:00-04:00,26.923572469982,27.558247776973495,26.830041854986685,26.863445281982422,2971900,0.0,0.0
2002-05-07 00:00:00-04:00,27.123988226851342,27.524836887679903,27.057181390971962,27.103946685791016,3194000,0.0,0.0
2002-05-08 00:00:00-04:00,27.35782383933219,27.93237194095297,27.224207586870936,27.89228630065918,3778600,0.0,0.0
2002-05-09 00:00:00-04:00,27.892274981919485,27.892274981919485,27.09058034099924,27.39789581298828,3955200,0.0,0.0
2002-05-10 00:00:00-04:00,27.518150510494348,27.558236135066032,26.856754270422307,26.923561096191406,3772100,0.0,0.0
2002-05-13 00:00:00-04:00,27.057183837890623,27.070545715978366,26.389105224609374,26.72314453125,4713200,0.0,0.0
2002-05-14 00:00:00-04:00,27.217528964793622,27.65846083086159,27.057188945987935,27.170761108398438,4403500,0.0,0.0
2002-05-15 00:00:00-04:00,27.123991617197877,27.711901530788076,26.91020665744103,27.47807502746582,4886000,0.0,0.0
2002-05-16 00:00:00-04:00,27.43798289727562,27.9590832947743,27.297687028490152,27.745298385620117,3494800,0.0,0.0
2002-05-17 00:00:00-04:00,27.484755591829018,27.85219834415208,27.097271295284752,27.625051498413086,3022100,0.0,0.0
2002-05-20 00:00:00-04:00,27.605013519804565,27.96577665349129,27.204167292498095,27.35114288330078,1794100,0.0,0.0
2002-05-21 00:00:00-04:00,27.458036555746116,27.458036555746116,26.556131231444006,26.56281089782715,3904300,0.0,0.0
2002-05-22 00:00:00-04:00,26.55612730029929,26.776594486080928,25.84128332276386,26.248811721801758,5177500,0.0,0.0
2002-05-23 00:00:00-04:00,26.355702664686284,26.64297668166384,25.754430873682622,26.582849502563477,3310200,0.0,0.0
2002-05-24 00:00:00-04:00,26.469278911568708,26.923572657729423,25.787838292327628,25.994943618774414,3565700,0.0,0.0
2002-05-28 00:00:00-04:00,26.148591361893807,26.282207567916384,25.10639056165546,25.694297790527344,6024000,0.0,0.0
2002-05-29 00:00:00-04:00,25.65421471268258,26.055060782233152,25.567363796490334,25.694297790527344,3463500,0.0,0.0
2002-05-30 00:00:00-04:00,26.021663847726682,26.37574471561953,25.69430418887869,26.26885223388672,6150200,0.0,0.0
2002-05-31 00:00:00-04:00,26.202041604712313,26.79663110776993,26.1352322204535,26.235445022583008,5367200,0.0,0.0
2002-06-03 00:00:00-04:00,26.248802501697078,26.34233307547183,25.741061460466977,25.874677658081055,3216500,0.0,0.0
2002-06-04 00:00:00-04:00,25.948174373237446,26.115194032553205,25.58741129747114,26.001619338989258,5528300,0.0,0.0
2002-06-05 00:00:00-04:00,26.048384920970992,26.656336326023293,25.994937411353522,26.502676010131836,4548800,0.0,0.0
2002-06-06 00:00:00-04:00,26.55612443530657,26.703102543304347,26.088468904100793,26.295574188232422,3740500,0.0,0.0
2002-06-07 00:00:00-04:00,26.161959959148664,26.516040829843018,26.161959959148664,26.32229995727539,3234400,0.0,0.0
2002-06-10 00:00:00-04:00,26.349016024713205,26.910202085868676,26.29557106811223,26.80999183654785,4666700,0.0,0.0
2002-06-11 00:00:00-04:00,26.916882951087707,27.304367149732617,26.369058793630195,26.48931312561035,3920200,0.0,0.0
2002-06-12 00:00:00-04:00,26.50269273318318,27.297708375029533,26.422523966688463,27.210857391357422,4688200,0.0,0.0
2002-06-13 00:00:00-04:00,26.916888688424336,27.324417061608763,26.50936031523991,26.589529037475586,3348500,0.0,0.0
2002-06-14 00:00:00-04:00,26.429192489305855,26.60957403184176,25.72102819807428,26.576168060302734,3160300,0.0,0.0
2002-06-17 00:00:00-04:00,26.60288871548673,27.18411636352539,26.556123419007616,27.18411636352539,2947400,0.0,0.0
2002-06-18 00:00:00-04:00,26.830042270686764,27.291015686813676,26.82336260459137,27.22420883178711,3004000,0.0,0.0
2002-06-19 00:00:00-04:00,27.11731179539891,27.62505043475641,27.10394991692664,27.357820510864258,3142300,0.0,0.0
2002-06-20 00:00:00-04:00,27.14403477120213,27.411264687404035,26.716464866464957,26.72314453125,2781500,0.0,0.0
2002-06-21 00:00:00-04:00,26.509363232353845,26.903529770453808,26.22876885087553,26.442556381225586,3799300,0.0,0.0
2002-06-24 00:00:00-04:00,26.22209211594941,26.522728076663952,25.614140528068127,25.787839889526367,5917700,0.0,0.0
2002-06-25 00:00:00-04:00,25.994927071467526,26.188670393990144,25.11974356348077,25.23999786376953,4508600,0.0,0.0
2002-06-26 00:00:00-04:00,24.712221598873647,25.286766892849723,24.431627340404503,25.113067626953125,5190800,0.0,0.0
2002-06-27 00:00:00-04:00,25.166509791736832,25.787822850515244,24.91264185800117,25.781143188476562,3119300,0.0,0.0
2002-06-28 00:00:00-04:00,25.60743914086598,26.202028342981947,25.48050264927979,25.801179885864258,5046500,0.0,0.0
2002-07-01 00:00:00-04:00,25.74107423977818,25.75443612102487,25.086357349799748,25.233335494995117,2771900,0.0,0.0
2002-07-02 00:00:00-04:00,25.059622035765674,25.226641651582213,24.137675591390693,24.398225784301758,3623000,0.0,0.0
2002-07-03 00:00:00-04:00,24.324737774865376,25.326855512168564,23.816999242645995,25.253366470336914,4848400,0.0,0.0
2002-07-05 00:00:00-04:00,25.48720601735969,26.302260381287383,25.353589754062583,26.255495071411133,1714900,0.0,0.0
2002-07-08 00:00:00-04:00,26.088466222919692,26.422505489662626,25.453791106404644,25.754426956176758,3131400,0.0,0.0
2002-07-09 00:00:00-04:00,25.854647463346247,26.30225899093457,24.799081842466972,24.89261245727539,3753800,0.0,0.0
2002-07-10 00:00:00-04:00,25.079675599639785,25.346905556815532,24.05083376579212,24.191129684448242,4501400,0.0,0.0
2002-07-11 00:00:00-04:00,24.318058770818528,25.340218075063877,24.07086788731406,24.959413528442383,6027000,0.0,0.0
2002-07-12 00:00:00-04:00,25.093040925279986,25.213295314502414,24.491768979167833,24.658788681030273,4181400,0.0,0.0
2002-07-15 00:00:00-04:00,24.48507227797109,25.052937849827188,22.340538861153245,24.625368118286133,8971800,0.0,0.0
2002-07-16 00:00:00-04:00,24.338090661339514,24.491748351817737,22.888359544931145,23.028657913208008,6843100,0.0,0.0
2002-07-17 00:00:00-04:00,23.52304598543,23.71678938358802,21.799404589260313,23.162282943725586,7225100,0.0,0.0
2002-07-18 00:00:00-04:00,23.015310866504993,23.950619482518263,22.62782401166503,22.634506225585938,4284300,0.0,0.0
2002-07-19 00:00:00-04:00,22.24702174907674,22.908420829469556,21.966429898831294,22.100046157836914,3653700,0.0,0.0
2002-07-22 00:00:00-04:00,21.97979209839438,22.84829397175102,21.077884248413167,21.512136459350586,6031000,0.0,0.0
2002-07-23 00:00:00-04:00,21.50545069926832,22.233656525416574,21.18477325498071,21.33843231201172,6461400,0.0,0.0
2002-07-24 00:00:00-04:00,21.17140744470855,23.589852109461102,20.710432935481244,23.422832489013672,7467400,0.0,0.0
2002-07-25 00:00:00-04:00,23.048705806936034,23.30257632361167,21.465360643348653,22.76811408996582,5818700,0.0,0.0
2002-07-26 00:00:00-04:00,22.81488714710288,23.315946139658426,22.34723157768081,23.082117080688477,3994200,0.0,0.0
2002-07-29 00:00:00-04:00,23.148921200176847,24.24456953978675,23.128877112050255,24.224525451660156,4221600,0.0,0.0
2002-07-30 00:00:00-04:00,23.850414812538993,23.890497911407888,23.155612215601874,23.476289749145508,3889800,0.0,0.0
2002-07-31 00:00:00-04:00,23.349345945046664,23.436196870551278,22.273739066585662,23.2958984375,4568200,0.0,0.0
2002-08-01 00:00:00-04:00,23.095475901734343,23.322622716891978,22.026551211885188,22.173526763916016,4794700,0.0,0.0
2002-08-02 00:00:00-04:00,22.186891109390867,22.226976745413786,21.117966300624047,21.632387161254883,4942400,0.0,0.0
2002-08-05 00:00:00-04:00,21.478721710090912,22.01986358633263,21.198127455154918,21.278297424316406,3903800,0.0,0.0
2002-08-06 00:00:00-04:00,21.6123427525544,22.614460701795274,21.578939330616585,22.193572998046875,3726500,0.0,0.0
2002-08-07 00:00:00-04:00,22.59442085033168,23.07543831751423,22.467486818055363,23.068756103515625,6181300,0.0,0.0
2002-08-08 00:00:00-04:00,22.781480144460065,22.881692957843107,21.378516048203778,22.140125274658203,8713700,0.0,0.0
2002-08-09 00:00:00-04:00,21.97979182419422,22.59442304894209,21.852855231048075,22.320510864257812,3434400,0.0,0.0
2002-08-12 00:00:00-04:00,22.24701542460518,22.28710105546661,21.619022498880764,21.80608367919922,3522200,0.0,0.0
2002-08-13 00:00:00-04:00,21.652426810994967,23.07543490886106,21.38519435792012,21.792722702026367,6404700,0.0,0.0
2002-08-14 00:00:00-04:00,21.859533858873316,23.322625159161547,21.378516423811867,23.242456436157227,4308700,0.0,0.0
2002-08-15 00:00:00-04:00,23.315942930183436,24.53852537849936,23.289219175948094,24.371505737304688,6446500,0.0,0.0
2002-08-16 00:00:00-04:00,24.05082975247089,24.505123407232308,23.75019387086148,23.977340698242188,5097100,0.0,0.0
2002-08-19 00:00:00-04:00,23.249136147149922,24.338105043225447,23.189008967648384,24.13768196105957,4266800,0.0,0.0
2002-08-20 00:00:00-04:00,23.92389161474819,24.050825610224855,23.289216540330486,23.63661766052246,3504200,0.0,0.0
2002-08-21 00:00:00-04:00,23.723468391735015,23.963977079551587,22.96854145872098,23.35602569580078,4895000,0.0,0.0
2002-08-22 00:00:00-04:00,23.416155072062754,23.549771305485354,22.714673032241194,23.469602584838867,4847200,0.0,0.0
2002-08-23 00:00:00-04:00,23.182324931852126,23.34266234794803,22.694627922741386,22.848285675048828,2436000,0.0,0.0
2002-08-26 00:00:00-04:00,22.814886387751752,23.31594536363048,22.393996134428654,23.249135971069336,3322100,0.0,0.0
2002-08-27 00:00:00-04:00,22.66122957148339,22.768124616149347,21.8328133634673,21.85953712463379,7912200,0.0,0.0
2002-08-28 00:00:00-04:00,21.832814437423643,22.293787871889265,21.71923972113839,22.1868953704834,5933200,0.0,0.0
2002-08-29 00:00:00-04:00,22.01318794254902,22.62781896321269,21.44531966630907,22.373950958251953,4604700,0.0,0.0
2002-08-30 00:00:00-04:00,22.320510864257812,22.66122990432141,22.146811511160685,22.320510864257812,3574500,0.0,0.0
2002-09-03 00:00:00-04:00,22.146801082558746,22.373947851813803,21.652421920585866,21.719228744506836,4390600,0.0,0.0
2002-09-04 00:00:00-04:00,22.133442523206764,22.68126671666585,21.94637880087919,22.587736129760742,5130400,0.0,0.0
2002-09-05 00:00:00-04:00,22.380631973581288,22.42739726934618,21.71255340720573,22.07999610900879,6284000,0.0,0.0
2002-09-06 00:00:00-04:00,22.300466275590384,23.249136744873656,22.300466275590384,23.082117080688477,4609600,0.0,0.0
2002-09-09 00:00:00-04:00,22.83492886970317,23.382753168629637,22.71467450666879,23.168968200683594,2822800,0.0,0.0
2002-09-10 00:00:00-04:00,23.209055056131877,23.44956124630718,22.20025479644817,22.66122817993164,6251500,0.0,0.0
2002-09-11 00:00:00-04:00,22.88169001254614,23.83036031678526,22.7881594246372,22.80152130126953,3114200,0.0,0.0
2002-09-12 00:00:00-04:00,22.694631193371,22.935139900692974,22.34054779713914,22.360591888427734,3110200,0.0,0.0
2002-09-13 00:00:00-04:00,22.34055469795301,22.98859196524198,22.08000436737823,22.681276321411133,3013400,0.0,0.0
2002-09-16 00:00:00-04:00,22.687951221913583,22.82824713220825,22.293784701191974,22.601102828979492,2210100,0.0,0.0
2002-09-17 00:00:00-04:00,22.734718054525068,23.015312442505607,22.327189627052185,22.333871841430664,3120200,0.0,0.0
2002-09-18 00:00:00-04:00,22.233652774097656,22.861648226490285,22.14012218719255,22.587736129760742,2782100,0.0,0.0
2002-09-19 00:00:00-04:00,22.380629353674088,22.73471013687836,22.14680290222168,22.14680290222168,2703500,0.0,0.0
2002-09-20 00:00:00-04:00,22.754758994480255,23.295901052283327,22.681269937613735,22.87501335144043,6715700,0.0,0.0
2002-09-23 00:00:00-04:00,22.614465271704077,22.748081534974116,21.739283716895905,22.03323745727539,5097100,0.0,0.0
2002-09-24 00:00:00-04:00,21.73927771771452,22.240336655316018,21.43864184545011,21.826126098632812,5259800,0.0,0.0
2002-09-25 00:00:00-04:00,22.173534993890364,22.828251927993726,21.933028760795636,22.681276321411133,4874300,0.0,0.0
2002-09-26 00:00:00-04:00,22.881692686890027,23.516367884259125,22.714673032241194,23.469602584838867,5703600,0.0,0.0
2002-09-27 00:00:00-04:00,23.309265331575425,23.670028439615347,22.587741664013564,22.66122817993164,4503900,0.0,0.0
2002-09-30 00:00:00-04:00,22.086677733875618,22.180208322915536,21.371832616506232,21.625701904296875,6219100,0.0,0.0
2002-10-01 00:00:00-04:00,21.67915675441464,22.18021583557129,20.777250153480846,22.18021583557129,7287300,0.0,0.0
2002-10-02 00:00:00-04:00,22.04658913051386,22.10671629371958,20.85740901565004,21.12464141845703,5824200,0.0,0.0
2002-10-03 00:00:00-04:00,21.011068683000598,21.485403791643954,20.590178527470574,20.636943817138672,6168300,0.0,0.0
2002-10-04 00:00:00-04:00,21.044475410818002,21.305025650998655,20.162611883198462,20.890817642211914,6763700,0.0,0.0
2002-10-07 00:00:00-04:00,20.710444478899024,21.03112202307265,19.24735143150033,19.49454116821289,9250800,0.0,0.0
2002-10-08 00:00:00-04:00,19.97554735442446,21.53885245656715,19.96886641635982,21.097919464111328,7595000,0.0,0.0
2002-10-09 00:00:00-04:00,20.844053659898,21.00439237737305,20.0757622198908,20.342994689941406,5744100,0.0,0.0
2002-10-10 00:00:00-04:00,19.861981116010227,21.812772409344326,19.207264240756203,21.512136459350586,16465100,0.0,0.0
2002-10-11 00:00:00-04:00,21.786041380046818,22.64786329970222,21.365151190456473,22.587736129760742,7907100,0.0,0.0
2002-10-14 00:00:00-04:00,22.38063718967375,22.694635004577048,22.267065030208858,22.42740249633789,4145400,0.0,0.0
2002-10-15 00:00:00-04:00,23.128883237611365,23.817006012479123,22.881694839066324,23.710113525390625,5645900,0.0,0.0
2002-10-16 00:00:00-04:00,23.482965803843605,23.61657949637749,22.748077752318114,23.082117080688477,5204600,0.0,0.0
2002-10-17 00:00:00-04:00,23.65666101759971,23.87712815925711,22.721350041475542,22.80152130126953,5091300,0.0,0.0
2002-10-18 00:00:00-04:00,22.540963796528104,23.549760945468993,22.42070949420183,23.543081283569336,3484500,0.0,0.0
2002-10-21 00:00:00-04:00,23.11551430634625,23.496318834709946,22.30713996006663,23.462915420532227,4763600,0.0,0.0
2002-10-22 00:00:00-04:00,22.955181399921546,23.52972941109696,22.774799869772224,23.262496948242188,4653200,0.0,0.0
2002-10-23 00:00:00-04:00,23.209055705337338,24.31806627148592,23.209055705337338,24.191129684448242,5348600,0.0,0.0
2002-10-24 00:00:00-04:00,24.311373388700304,24.71890163421631,23.883803606033325,24.050823211669922,3736300,0.0,0.0
2002-10-25 00:00:00-04:00,24.157723451338864,24.22453029574061,23.335987032312158,24.044151306152344,3868700,0.0,0.0
2002-10-28 00:00:00-05:00,24.14436762408994,24.264622012966804,23.215738492166235,23.26918601989746,3572700,0.0,0.0
2002-10-29 00:00:00-05:00,23.315934103857657,23.710100409804795,22.574366769913336,23.3693790435791,5218400,0.0,0.0
2002-10-30 00:00:00-05:00,23.00193920626457,23.182320677658574,22.367264225104222,22.540966033935547,5046800,0.0,0.0
2002-10-31 00:00:00-05:00,22.714663457808864,23.09546790601433,22.480837059267472,22.667898178100586,4489800,0.0,0.0
2002-11-01 00:00:00-05:00,22.56100548239034,23.175636321952336,22.07998826985203,23.07542610168457,5279400,0.0,0.0
2002-11-04 00:00:00-05:00,23.235769384846964,23.242451597008092,22.547649346249887,22.614456176757812,3728900,0.0,0.0
2002-11-05 00:00:00-05:00,22.380633649535113,22.968543545555608,21.97978749909976,22.574377059936523,6859800,0.0,0.0
2002-11-06 00:00:00-05:00,22.895058153767042,22.915099699940654,21.93302570966248,22.520933151245117,6035400,0.0,0.0
2002-11-07 00:00:00-05:00,21.465367160045144,22.039915191336018,21.264942805887024,21.425281524658203,10325500,0.0,0.0
2002-11-08 00:00:00-05:00,21.39855594725301,21.78604274414153,21.311706293154423,21.48540687561035,4750300,0.0,0.0
2002-11-11 00:00:00-05:00,21.478725690511705,21.478725690511705,21.077877044677734,21.077877044677734,2988000,0.0,0.0
2002-11-12 00:00:00-05:00,21.13800128128268,21.99314086278563,21.024427896332007,21.585615158081055,3040900,0.0,0.0
2002-11-13 00:00:00-05:00,21.57225674593393,21.70587296411861,20.930900682609646,21.345109939575195,6342000,0.0,0.0
2002-11-14 00:00:00-05:00,21.712554592438252,22.380633195282506,21.51881118596919,22.340547561645508,4796400,0.0,0.0
2002-11-15 00:00:00-05:00,22.340550621543915,22.601103453094883,21.979790063469437,22.474166870117188,3834100,0.0,0.0
2002-11-18 00:00:00-05:00,22.514245005778537,22.581051833541053,21.745953743924023,21.752635955810547,3963500,0.0,0.0
2002-11-19 00:00:00-05:00,21.41192238304013,21.64575146324177,21.144691150931017,21.351795196533203,5551500,0.0,0.0
2002-11-20 00:00:00-05:00,21.338425172923962,21.67246310993869,21.305020487241563,21.378509521484375,5785600,0.0,0.0
2002-11-21 00:00:00-05:00,21.445325809206636,21.565580182220494,20.897502739077222,21.351795196533203,6811000,0.0,0.0
2002-11-22 00:00:00-05:00,21.37851584712501,21.872895147437557,21.04447653701368,21.09124183654785,5719300,0.0,0.0
2002-11-25 00:00:00-05:00,21.084566343047367,21.512137636916787,20.743846005823265,21.358478546142578,6129900,0.0,0.0
2002-11-26 00:00:00-05:00,21.278301560980758,21.39855462671346,20.743837969270036,20.77724266052246,6095800,0.0,0.0
2002-11-27 00:00:00-05:00,20.991025078695994,21.4854029818167,20.957621665694557,21.39187240600586,5539600,0.0,0.0
2002-11-29 00:00:00-05:00,21.512128790771303,21.772679005046317,21.37851257745873,21.578935623168945,2249000,0.0,0.0
2002-12-02 00:00:00-05:00,22.06663379929646,23.00194479329474,21.578936761224515,21.779359817504883,6114900,0.0,0.0
2002-12-03 00:00:00-05:00,21.812768169948946,22.06663621303169,21.545535699999235,21.979787826538086,5538100,0.0,0.0
2002-12-04 00:00:00-05:00,21.872895694707335,22.013191596820114,21.478729196973035,21.545536041259766,5315700,0.0,0.0
2002-12-05 00:00:00-05:00,21.278301560980758,21.311704977974507,20.476606810544013,20.77724266052246,8151800,0.0,0.0
2002-12-06 00:00:00-05:00,20.416478137570174,20.71043302765837,20.189331350810008,20.3363094329834,6247400,0.0,0.0
2002-12-09 00:00:00-05:00,20.28954320640887,20.329627556852046,19.60810287758222,19.70163345336914,7366900,0.0,0.0
2002-12-10 00:00:00-05:00,19.78849046356568,20.002275430816102,19.427727375636405,19.58806610107422,7031900,0.0,0.0
2002-12-11 00:00:00-05:00,19.507893812297777,19.541297229482307,18.940026800349973,19.02687644958496,11694400,0.0,0.0
2002-12-12 00:00:00-05:00,19.581383895050333,19.841935422010984,18.846497161964955,19.748403549194336,18744800,0.0,0.0
2002-12-13 00:00:00-05:00,19.574700758175073,19.668232620490198,18.853175984254335,19.053600311279297,7609900,0.0,0.0
2002-12-16 00:00:00-05:00,19.073639124442124,19.36759399748754,18.899939849821916,19.160490036010742,8149700,0.0,0.0
2002-12-17 00:00:00-05:00,19.107045729734057,19.113726667776174,18.41892440249994,18.512454986572266,9248800,0.0,0.0
2002-12-18 00:00:00-05:00,18.499096252070146,18.679476500380503,18.211822258554598,18.385522842407227,13631300,0.0,0.0
2002-12-19 00:00:00-05:00,18.20514556396558,18.839820873146905,18.17174213685459,18.42561149597168,6990900,0.0,0.0
2002-12-20 00:00:00-05:00,18.505784476194027,18.85986544775257,18.18510566285029,18.62603759765625,6706900,0.0,0.0
2002-12-23 00:00:00-05:00,18.672796641079504,18.706200060054673,18.0982486600436,18.29867172241211,5193200,0.0,0.0
2002-12-24 00:00:00-05:00,18.265263906674107,18.392199161890005,18.124966777381076,18.198455810546875,3230200,0.0,0.0
2002-12-26 00:00:00-05:00,18.185101823787104,18.759649915714846,18.151698398364843,18.472375869750977,4150300,0.0,0.0
2002-12-27 00:00:00-05:00,18.432287946830286,18.565904171248466,18.271949242083725,18.29867172241211,2777600,0.0,0.0
2002-12-30 00:00:00-05:00,18.23855256012688,18.90663142715364,18.21851100964204,18.71957015991211,4456400,0.0,0.0
2002-12-31 00:00:00-05:00,18.726239132490857,19.006832128269554,18.372157100547252,18.746280670166016,4597900,0.0,0.0
2003-01-02 00:00:00-05:00,18.866539633322567,19.387641403431882,18.773009036479415,19.38096046447754,5124100,0.0,0.0
2003-01-03 00:00:00-05:00,19.340883791715317,19.360925342284702,18.73293212209715,18.873228073120117,3368000,0.0,0.0
2003-01-06 00:00:00-05:00,19.04692416131329,19.320836330275583,18.853180723908295,19.100370407104492,4391800,0.0,0.0
2003-01-07 00:00:00-05:00,19.133768420001086,19.654870124741734,18.940026311664067,19.40768051147461,5185100,0.0,0.0
2003-01-08 00:00:00-05:00,19.37427825079591,19.835252814245223,19.247342967532735,19.5747013092041,6148400,0.0,0.0
2003-01-09 00:00:00-05:00,20.04236249514422,20.48997530850614,19.94215093752032,20.409805297851562,8319500,0.0,0.0
2003-01-10 00:00:00-05:00,20.26950140387142,20.489967253680152,20.042354616279564,20.429840087890625,5017300,0.0,0.0
2003-01-13 00:00:00-05:00,20.550099696259817,20.670354058717407,20.202698487884316,20.389760971069336,4262200,0.0,0.0
2003-01-14 00:00:00-05:00,20.42984043522815,20.710433455596906,20.242777996896113,20.703752517700195,3858600,0.0,0.0
2003-01-15 00:00:00-05:00,20.6970755465184,20.7104374248727,20.242781876543003,20.342994689941406,4420200,0.0,0.0
2003-01-16 00:00:00-05:00,20.443207005501577,20.697076332580824,20.08244392178701,20.175975799560547,3819000,0.0,0.0
2003-01-17 00:00:00-05:00,20.162615652707792,20.53005843315841,20.055723161149103,20.089126586914062,4828800,0.0,0.0
2003-01-21 00:00:00-05:00,20.109164537169818,20.236099818003463,19.494532222420975,19.56134033203125,4034600,0.0,0.0
2003-01-22 00:00:00-05:00,19.441085202055927,19.57470014160523,19.287427448157832,19.40768051147461,6860900,0.0,0.0
2003-01-23 00:00:00-05:00,19.50788730917623,19.882010808812165,19.441079222819535,19.78179931640625,4800800,0.0,0.0
2003-01-24 00:00:00-05:00,19.775127781569008,19.781808720806666,19.167176327789694,19.307472229003906,4704600,0.0,0.0
2003-01-27 00:00:00-05:00,19.16049393469107,19.748402526148052,19.080323944181185,19.22062110900879,4372000,0.0,0.0
2003-01-28 00:00:00-05:00,19.307475716211332,19.594749784022103,19.27407228824877,19.51457977294922,4251900,0.0,0.0
2003-01-29 00:00:00-05:00,19.40100489185956,19.641512342886827,18.946711199322955,19.58806610107422,5195500,0.0,0.0
2003-01-30 00:00:00-05:00,19.574701070526327,20.042356566788204,19.354235199262003,19.360916137695312,4422800,0.0,0.0
2003-01-31 00:00:00-05:00,19.307480898766972,19.581393159213196,19.240672750649967,19.287439346313477,5278300,0.0,0.0
2003-02-03 00:00:00-05:00,19.354233586002064,19.641507543395218,19.32083017087856,19.507892608642578,2793400,0.0,0.0
2003-02-04 00:00:00-05:00,19.421036641139583,19.507887536693698,18.940020707426225,19.0803165435791,3262700,0.0,0.0
2003-02-05 00:00:00-05:00,19.33419544970959,19.621469457666826,18.986794264539963,19.173856735229492,4126100,0.0,0.0
2003-02-06 00:00:00-05:00,19.801845028087175,20.309584807558455,19.153809384499922,19.340871810913086,6104900,0.0,0.0
2003-02-07 00:00:00-05:00,19.621467326461982,19.855293796603064,19.046919372952594,19.053600311279297,2759400,0.0,0.0
2003-02-10 00:00:00-05:00,19.107043811298713,19.26070154806348,18.853173288222692,19.160490036010742,3104400,0.0,0.0
2003-02-11 00:00:00-05:00,19.374280237489558,19.56134271230885,19.01351716625067,19.120410919189453,3070800,0.0,0.0
2003-02-12 00:00:00-05:00,19.167170565704748,19.454444495268653,19.04023530686659,19.21393585205078,4341900,0.0,0.0
2003-02-13 00:00:00-05:00,19.247340195260367,19.320829234079188,18.65943170748545,18.906620025634766,3507200,0.0,0.0
2003-02-14 00:00:00-05:00,19.06028107772975,19.354234715901722,18.659433701553166,19.320831298828125,2934900,0.0,0.0
2003-02-18 00:00:00-05:00,19.340873482202735,19.962185429594886,19.334192544154394,19.935462951660156,3288700,0.0,0.0
2003-02-19 00:00:00-05:00,19.795159195193563,20.042348723456474,19.334186092019976,19.6214599609375,2315400,0.0,0.0
2003-02-20 00:00:00-05:00,19.728362722366963,19.748404266066103,19.314153404380054,19.48785400390625,2570900,0.0,0.0
2003-02-21 00:00:00-05:00,19.74841284867204,20.04904887740352,19.568032505692585,20.042367935180664,3349200,0.0,0.0
2003-02-24 00:00:00-05:00,20.035675132557625,20.08244042617483,19.648189632825343,19.708316802978516,3552900,0.0,0.0
2003-02-25 00:00:00-05:00,19.57470854344633,20.07576764890239,19.380966351951436,20.069087982177734,3629100,0.0,0.0
2003-02-26 00:00:00-05:00,19.93547540813379,20.175984231118974,19.808540054418337,20.042367935180664,4298300,0.0,0.0
2003-02-27 00:00:00-05:00,20.1425735176611,20.423166636109254,20.008958535798538,20.309593200683594,2730300,0.0,0.0
2003-02-28 00:00:00-05:00,20.376399092072067,20.55678063575845,20.209379427382952,20.389760971069336,3161200,0.0,0.0
2003-03-03 00:00:00-05:00,20.496657793201518,20.630272788680685,20.249468076463316,20.396446228027344,3162700,0.0,0.0
2003-03-04 00:00:00-05:00,19.915421527905007,20.20937645126125,19.474489780000006,19.5747013092041,6144900,0.0,0.0
2003-03-05 00:00:00-05:00,18.57258125086892,19.27406442005,18.038118976095447,19.207256317138672,21138800,0.0,0.0
2003-03-06 00:00:00-05:00,18.779686497319894,19.334191585244337,18.512454085674584,19.207256317138672,9385100,0.0,0.0
2003-03-07 00:00:00-05:00,18.946713394320835,19.541303062652315,18.88658620603349,19.47449493408203,4909400,0.0,0.0
2003-03-10 00:00:00-05:00,19.193891240158006,19.347548959242904,18.81976771022049,18.94670295715332,3475200,0.0,0.0
2003-03-11 00:00:00-05:00,19.06696225484948,19.227300952476952,18.71288016784379,18.759645462036133,3623700,0.0,0.0
2003-03-12 00:00:00-05:00,18.679473523586577,19.133767089841225,18.652751047237896,19.08700180053711,3845100,0.0,0.0
2003-03-13 00:00:00-05:00,19.66154955546233,20.042354079083548,19.374275609780764,20.035673141479492,5622400,0.0,0.0
2003-03-14 00:00:00-05:00,20.00226987475725,20.042354226417686,19.614784410683516,19.768442153930664,4234700,0.0,0.0
2003-03-17 00:00:00-05:00,19.64151477502473,20.65699476946638,19.608111347602723,20.643632888793945,5578400,0.0,0.0
2003-03-18 00:00:00-05:00,20.4699247883498,20.757198746615263,20.369713268416376,20.703752517700195,4342900,0.0,0.0
2003-03-19 00:00:00-05:00,20.783924498969164,20.86409321292991,20.249460884109677,20.76388168334961,4292700,0.0,0.0
2003-03-20 00:00:00-05:00,20.610226101167207,20.770564820318242,20.102486186726168,20.556779861450195,4544100,0.0,0.0
2003-03-21 00:00:00-05:00,20.817332289872056,20.97099008578664,20.276188897069957,20.864097595214844,5879400,0.0,0.0
2003-03-24 00:00:00-05:00,20.844055826868736,20.864097372224876,19.962190877688048,20.109169006347656,4417700,0.0,0.0
2003-03-25 00:00:00-05:00,20.24277936908568,20.91085791294011,20.229418766645203,20.697072982788086,3619500,0.0,0.0
2003-03-26 00:00:00-05:00,20.623589631871507,21.03779770429693,20.596865872742658,20.8574161529541,2985700,0.0,0.0
2003-03-27 00:00:00-05:00,20.777248822850204,20.824014130215055,20.309593200683594,20.309593200683594,3063600,0.0,0.0
2003-03-28 00:00:00-05:00,20.2828741195975,20.62359448308291,20.182661273550586,20.329639434814453,2438200,0.0,0.0
2003-03-31 00:00:00-05:00,20.01563805129604,20.463250849401582,19.808534002697666,20.06240463256836,3775300,0.0,0.0
2003-04-01 00:00:00-05:00,20.155930219305,20.38975797030912,19.8820181114672,20.316268920898438,4239700,0.0,0.0
2003-04-02 00:00:00-05:00,20.91753617885576,21.318383508807717,20.777240314214765,21.12464141845703,5744000,0.0,0.0
2003-04-03 00:00:00-05:00,21.084560816689855,21.345112344074906,20.944264918624615,21.03111457824707,3949700,0.0,0.0
2003-04-04 00:00:00-05:00,21.14468807519531,21.31838866936426,20.877456881958015,21.09124183654785,2946400,0.0,0.0
2003-04-07 00:00:00-04:00,21.565569719499873,21.899608916139048,21.48540102589118,21.492080688476562,5453100,0.0,0.0
2003-04-08 00:00:00-04:00,21.41191465765596,21.97978289167281,21.378511243541354,21.939697265625,5704900,0.0,0.0
2003-04-09 00:00:00-04:00,21.95306342628281,22.046594023468035,21.61902412289693,21.659107208251953,4837500,0.0,0.0
2003-04-10 00:00:00-04:00,21.632386312747542,22.60778048105319,21.53217350087987,22.574377059936523,6661200,0.0,0.0
2003-04-11 00:00:00-04:00,22.714668597758777,22.714668597758777,22.0198663584185,22.14680290222168,4536600,0.0,0.0
2003-04-14 00:00:00-04:00,22.253697643382257,22.574375044808427,21.933020241956086,22.547651290893555,3737600,0.0,0.0
2003-04-15 00:00:00-04:00,22.507569203994503,23.18233007974495,22.36727329662701,23.168968200683594,4378900,0.0,0.0
2003-04-16 00:00:00-04:00,22.995259216029176,23.255811954439917,22.627816575191492,22.75475311279297,3429600,0.0,0.0
2003-04-17 00:00:00-04:00,22.54765091814034,23.262494758182214,22.54765091814034,23.115516662597656,3553100,0.0,0.0
2003-04-21 00:00:00-04:00,22.98857955282139,23.015303302686654,22.621136911983704,22.75475311279297,3655100,0.0,0.0
2003-04-22 00:00:00-04:00,22.781484529973426,22.781484529973426,22.394000177236883,22.594423294067383,5174700,0.0,0.0
2003-04-23 00:00:00-04:00,22.54096981095737,22.68794534861515,22.200248347282056,22.607776641845703,3422400,0.0,0.0
2003-04-24 00:00:00-04:00,22.447443036720145,22.607783044183243,22.233658059114656,22.414039611816406,3449900,0.0,0.0
2003-04-25 00:00:00-04:00,22.40067351504696,22.500886319410288,21.939700221714116,22.07999610900879,3732500,0.0,0.0
2003-04-28 00:00:00-04:00,22.113388882923086,23.048699445026305,22.079985480387165,23.028657913208008,4147500,0.0,0.0
2003-04-29 00:00:00-04:00,22.89504958483442,23.529724644145716,22.89504958483442,23.275854110717773,3984000,0.0,0.0
2003-04-30 00:00:00-04:00,23.275855859433086,23.342662692372578,23.048709059514568,23.1221981048584,4776100,0.0,0.0
2003-05-01 00:00:00-04:00,22.948501848116052,23.05539433595128,22.634506598641412,22.935142517089844,5181200,0.0,0.0
2003-05-02 00:00:00-04:00,22.935139857188613,23.516367533102454,22.881692345210602,23.262496948242188,3577300,0.0,0.0
2003-05-05 00:00:00-04:00,23.289215300493012,23.322618713469936,22.881687036030183,22.88836669921875,3113900,0.0,0.0
2003-05-06 00:00:00-04:00,22.888370112267705,23.44955619892051,22.834925153238473,23.2958984375,3950600,0.0,0.0
2003-05-07 00:00:00-04:00,23.282537187274272,23.34934657350581,22.848287645098033,22.941818237304688,2894900,0.0,0.0
2003-05-08 00:00:00-04:00,22.881694397896165,23.81700555327571,22.84829097417215,23.349349975585938,4451900,0.0,0.0
2003-05-09 00:00:00-04:00,23.54308305099635,23.61656953147558,23.27585068165039,23.583166122436523,2180800,0.0,0.0
2003-05-12 00:00:00-04:00,23.984023260356196,24.217849755833036,23.870448570754828,24.184446334838867,6770400,0.0,0.0
2003-05-13 00:00:00-04:00,24.184446334838867,24.44499658651811,23.990702925147964,24.184446334838867,4133500,0.0,0.0
2003-05-14 00:00:00-04:00,24.0508307616084,24.35814632080692,23.850407681631875,23.990703582763672,3179300,0.0,0.0
2003-05-15 00:00:00-04:00,23.93057307862093,24.064189296211072,23.27585641579834,23.643299102783203,4917700,0.0,0.0
2003-05-16 00:00:00-04:00,23.583164545221557,23.796949406993942,23.449548369484674,23.73014259338379,3642900,0.0,0.0
2003-05-19 00:00:00-04:00,23.5631294807265,23.5631294807265,22.77479663078934,22.848285675048828,3977200,0.0,0.0
2003-05-20 00:00:00-04:00,22.788151672914726,23.00193652927523,22.594408350426608,22.80819320678711,4135200,0.0,0.0
2003-05-21 00:00:00-04:00,22.841611207034525,23.135567483736338,22.694635617201758,23.12888526916504,4222500,0.0,0.0
2003-05-22 00:00:00-04:00,23.001946159553647,23.55645006648274,22.87501214435725,23.48296356201172,3152200,0.0,0.0
2003-05-23 00:00:00-04:00,23.456244232742343,23.47628577878732,23.142246419274656,23.229097366333008,3130100,0.0,0.0
2003-05-27 00:00:00-04:00,23.189008588658375,24.044150966317304,22.948499874582982,23.99738311767578,5276800,0.0,0.0
2003-05-28 00:00:00-04:00,24.885927154803586,26.068426549592196,24.3247410445398,24.952733993530273,16660700,0.0,0.0
2003-05-29 00:00:00-04:00,24.672142811382603,25.113074583824538,24.204487283394467,24.47171974182129,9019600,0.0,0.0
2003-05-30 00:00:00-04:00,24.277975792129524,24.89260686479525,24.277975792129524,24.885927200317383,4893300,0.0,0.0
2003-06-02 00:00:00-04:00,24.899287386660145,25.373622536416434,24.625375288355507,24.939373016357422,3749600,0.0,0.0
2003-06-03 00:00:00-04:00,24.785711688762635,25.13311281960487,24.618692061349094,24.959413528442383,3039900,0.0,0.0
2003-06-04 00:00:00-04:00,24.919328886294306,25.246688490323955,24.77235334134725,25.006179809570312,5826800,0.0,0.0
2003-06-05 00:00:00-04:00,24.585285398393914,25.246684156942894,24.264608061936418,24.672136306762695,6604300,0.0,0.0
2003-06-06 00:00:00-04:00,24.69885833366165,24.718899869381737,23.4562321486814,23.583166122436523,9230900,0.0,0.0
2003-06-09 00:00:00-04:00,23.48964790476285,23.509689451017525,23.20905606312504,23.376075744628906,4465200,0.0,0.0
2003-06-10 00:00:00-04:00,23.302578943216524,23.643297859056787,23.249131439585057,23.382747650146484,3769000,0.0,0.0
2003-06-11 00:00:00-04:00,23.51637161661462,23.656667537142194,23.215735680828335,23.56981658935547,3886400,0.0,0.0
2003-06-12 00:00:00-04:00,23.609900546387834,23.843727063923414,23.3560299355507,23.75019645690918,4502700,0.0,0.0
2003-06-13 00:00:00-04:00,23.91053203169947,23.98402108031742,23.202367847810773,23.2958984375,3709900,0.0,0.0
2003-06-16 00:00:00-04:00,23.41615430359554,23.970660762120453,23.255816867564487,23.83036231994629,4086300,0.0,0.0
2003-06-17 00:00:00-04:00,23.984032392629235,24.117646127481304,23.623269192083935,23.91722297668457,4251500,0.0,0.0
2003-06-18 00:00:00-04:00,24.004070580937533,24.251259014012888,23.723476170309656,24.2111759185791,3873000,0.0,0.0
2003-06-19 00:00:00-04:00,24.1443535285801,24.338096880720542,23.690060002155494,23.770231246948242,3703600,0.0,0.0
2003-06-20 00:00:00-04:00,24.1710891028165,24.231216291570497,23.843729397707367,24.1109619140625,3462600,0.0,0.0
2003-06-23 00:00:00-04:00,24.077550600472694,24.117633680834754,23.850403800524184,23.930572509765625,3238300,0.0,0.0
2003-06-24 00:00:00-04:00,24.204489759653846,24.558570637053947,23.930577608576478,24.217851638793945,2737200,0.0,0.0
2003-06-25 00:00:00-04:00,24.29802702711701,24.585301136098902,24.07756233215332,24.07756233215332,2832600,0.0,0.0
2003-06-26 00:00:00-04:00,24.084235369111795,24.478401883493593,23.950619126377347,24.25125503540039,2460100,0.0,0.0
2003-06-27 00:00:00-04:00,24.35146467395266,24.618694575999886,24.05750846862793,24.05750846862793,2336000,0.0,0.0
2003-06-30 00:00:00-04:00,24.311379522551213,24.718907870888128,24.097594577278993,24.451675415039062,3150200,0.0,0.0
2003-07-01 00:00:00-04:00,24.304711178467418,24.51849622331495,23.823693553301084,24.391559600830078,4371200,0.0,0.0
2003-07-02 00:00:00-04:00,24.41826939118292,24.585289021147943,24.130995423761696,24.5518856048584,2877600,0.0,0.0
2003-07-03 00:00:00-04:00,24.284659213101275,24.565253586409106,24.030791147391735,24.117639541625977,1615100,0.0,0.0
2003-07-07 00:00:00-04:00,24.21784188296344,24.7255803431623,24.15771472531334,24.718900680541992,2500300,0.0,0.0
2003-07-08 00:00:00-04:00,24.25124232261588,24.825790081226856,24.217838916572187,24.645408630371094,3385100,0.0,0.0
2003-07-09 00:00:00-04:00,24.738947681283246,24.772353647314024,24.378187204214345,24.538524627685547,2145400,0.0,0.0
2003-07-10 00:00:00-04:00,24.705548759077168,25.019546547574834,24.18444821520263,24.217851638793945,3191100,0.0,0.0
2003-07-11 00:00:00-04:00,24.618682974013687,24.752299136327103,24.358132859186505,24.678810119628906,2448100,0.0,0.0
2003-07-14 00:00:00-04:00,24.979452081031933,25.186557311724204,24.645412866151023,24.819114685058594,2047800,0.0,0.0
2003-07-15 00:00:00-04:00,25.026225838197487,25.066311475017628,24.53184906000487,24.812440872192383,2134800,0.0,0.0
2003-07-16 00:00:00-04:00,24.839169387044958,24.946061890518592,24.231217795691478,24.63874626159668,1792300,0.0,0.0
2003-07-17 00:00:00-04:00,24.65879222043152,24.832491613952314,24.32475276876026,24.358156204223633,2146000,0.0,0.0
2003-07-18 00:00:00-04:00,24.678821460187265,24.70554521463347,24.15104132672092,24.458356857299805,2682500,0.0,0.0
2003-07-21 00:00:00-04:00,24.8191157361918,24.8191157361918,24.117631316419217,24.277971267700195,2015000,0.0,0.0
2003-07-22 00:00:00-04:00,24.404905447586902,24.538521649943547,23.98401785066153,24.398225784301758,2513500,0.0,0.0
2003-07-23 00:00:00-04:00,24.51180859510395,24.59197988060965,24.07755893361332,24.565256118774414,2083000,0.0,0.0
2003-07-24 00:00:00-04:00,24.618686979243243,24.685496345527373,24.050821382670225,24.17775535583496,2712800,0.0,0.0
2003-07-25 00:00:00-04:00,24.1644042201478,24.551891071227175,24.01074643219084,24.4049129486084,2003200,0.0,0.0
2003-07-28 00:00:00-04:00,24.351455089263478,24.705535780656348,24.27128640505531,24.645408630371094,1562300,0.0,0.0
2003-07-29 00:00:00-04:00,24.578614130551028,24.712230370175252,24.217851048120952,24.63205909729004,2467900,0.0,0.0
2003-07-30 00:00:00-04:00,24.605344481624417,24.792405738114084,24.418280676616266,24.52517318725586,2670900,0.0,0.0
2003-07-31 00:00:00-04:00,24.832490162704268,25.193253361070184,24.59866357960707,24.712238311767578,2899400,0.0,0.0
2003-08-01 00:00:00-04:00,24.65210010167421,24.865885038885647,24.384867655901182,24.49843978881836,2290600,0.0,0.0
2003-08-04 00:00:00-04:00,24.32473609099135,24.926007711157258,24.11095119238059,24.69217872619629,2170800,0.0,0.0
2003-08-05 00:00:00-04:00,21.378514104323088,21.846169610058652,20.022314157096947,20.082441329956055,56773500,0.0,0.0
2003-08-06 00:00:00-04:00,20.28954209056674,20.28954209056674,19.26070071645856,19.300785064697266,25463300,0.0,0.0
2003-08-07 00:00:00-04:00,19.561339161201246,19.748400327803154,19.320830490703223,19.394319534301758,16177700,0.0,0.0
2003-08-08 00:00:00-04:00,19.56802779952247,19.57470746587941,19.414368713871056,19.52126121520996,8117000,0.0,0.0
2003-08-11 00:00:00-04:00,19.601420559157713,19.86865166704927,19.507889989960276,19.674909591674805,8047500,0.0,0.0
2003-08-12 00:00:00-04:00,20.04235837412394,20.28286708237625,19.908742141926247,20.075761795043945,13395400,0.0,0.0
2003-08-13 00:00:00-04:00,20.24277687072754,20.416477423602657,20.042353842010847,20.24277687072754,7145000,0.0,0.0
2003-08-14 00:00:00-04:00,20.309584150270382,20.683707716730254,20.26281886374521,20.610219955444336,7101500,0.0,0.0
2003-08-15 00:00:00-04:00,20.616905296824136,20.777244002415184,20.443204713869147,20.677032470703125,3864100,0.0,0.0
2003-08-18 00:00:00-04:00,20.723800755677463,20.844055120776623,20.423164842929562,20.46324920654297,7021800,0.0,0.0
2003-08-19 00:00:00-04:00,20.536734373621403,20.64362683915778,20.32294944254865,20.369714736938477,7027600,0.0,0.0
2003-08-20 00:00:00-04:00,20.396438994829936,20.636946411104873,20.14256842720912,20.37639617919922,7540300,0.0,0.0
2003-08-21 00:00:00-04:00,20.610222672552023,20.636945150835675,20.376394934841457,20.536733627319336,4264200,0.0,0.0
2003-08-22 00:00:00-04:00,20.677029443361533,20.77724096040154,20.583497589766765,20.636943817138672,5429200,0.0,0.0
2003-08-25 00:00:00-04:00,20.677032863915066,21.178091806262678,20.63694723106093,21.011072158813477,5356300,0.0,0.0
2003-08-26 00:00:00-04:00,20.844048414916514,21.198129182396276,20.837367477420486,21.12464141845703,4096300,0.0,0.0
2003-08-27 00:00:00-04:00,21.05115395900442,21.31170416959699,21.03779208301028,21.238216400146484,3283200,0.0,0.0
2003-08-28 00:00:00-04:00,21.311712963844595,21.512137363685635,21.171417030789108,21.498775482177734,3844900,0.0,0.0
2003-08-29 00:00:00-04:00,21.385196047046765,21.60566322052492,21.231539540631964,21.545536041259766,6441900,0.0,0.0
2003-09-02 00:00:00-04:00,21.538858022535724,22.20025449648776,21.458686745042552,22.133447647094727,7867600,0.0,0.0
2003-09-03 00:00:00-04:00,22.25370283418566,22.25370283418566,21.94638468951577,22.22029685974121,7109000,0.0,0.0
2003-09-04 00:00:00-04:00,22.40068310611771,22.474172187646886,21.71256270365102,21.926347732543945,7943200,0.0,0.0
2003-09-05 00:00:00-04:00,21.93970645555581,21.93970645555581,21.45200926935184,21.512136459350586,4691500,0.0,0.0
2003-09-08 00:00:00-04:00,21.545538623358986,21.578942049505542,21.04447958560645,21.22486114501953,8555100,0.0,0.0
2003-09-09 00:00:00-04:00,21.191458864628938,21.191458864628938,20.57682632382587,20.723804473876953,11458200,0.0,0.0
2003-09-10 00:00:00-04:00,20.630268445673803,21.011074351984526,20.476610659803587,20.516695022583008,4629900,0.0,0.0
2003-09-11 00:00:00-04:00,20.72379583321906,21.358469657671844,20.6636686649513,21.131322860717773,5974800,0.0,0.0
2003-09-12 00:00:00-04:00,20.98434347237847,21.104597794164235,20.65698519321638,20.97098159790039,5403600,0.0,0.0
2003-09-15 00:00:00-04:00,20.944265472698632,21.0912423137398,20.570141793701826,20.650310516357422,5988400,0.0,0.0
2003-09-16 00:00:00-04:00,20.743838276976504,20.777242968724444,20.510011806034413,20.697072982788086,6998100,0.0,0.0
2003-09-17 00:00:00-04:00,20.877457405119085,21.271623902868445,20.67035338445279,21.06451988220215,6765900,0.0,0.0
2003-09-18 00:00:00-04:00,21.124640993917623,21.311702143012933,20.94425950792557,21.211490631103516,4452400,0.0,0.0
2003-09-19 00:00:00-04:00,21.692513599093,22.079997873323894,21.44532267484952,21.766002655029297,10642800,0.0,0.0
2003-09-22 00:00:00-04:00,21.56557477523532,21.792721584141898,21.391875473609073,21.558895111083984,5200600,0.0,0.0
2003-09-23 00:00:00-04:00,21.745952019828238,21.973098784135757,21.538849341074,21.906291961669922,4039300,0.0,0.0
2003-09-24 00:00:00-04:00,21.879568338394165,21.919653961213044,21.25825520154467,21.378509521484375,5012200,0.0,0.0
2003-09-25 00:00:00-04:00,21.37182737022639,21.612334722184247,21.184764963807265,21.244892120361328,3565900,0.0,0.0
2003-09-26 00:00:00-04:00,21.084554914929605,21.144682075629948,20.79728098586319,20.84404754638672,4279100,0.0,0.0
2003-09-29 00:00:00-04:00,20.810649629174616,21.251581434889037,20.683714329269282,20.950946807861328,5000700,0.0,0.0
2003-09-30 00:00:00-04:00,20.844052658758866,20.970986674251524,20.556778659233427,20.81064796447754,3836800,0.0,0.0
2003-10-01 00:00:00-04:00,20.81064558226825,21.612339039367765,20.77724216606943,21.578935623168945,4631800,0.0,0.0
2003-10-02 00:00:00-04:00,21.54553633549844,21.625705059440897,21.084561712923193,21.33843231201172,4434100,0.0,0.0
2003-10-03 00:00:00-04:00,21.712553647878355,21.899614833011395,21.498768708149875,21.552213668823242,4766800,0.0,0.0
2003-10-06 00:00:00-04:00,21.645733604055366,22.07998288297116,21.5121174611136,22.07330322265625,3781800,0.0,0.0
2003-10-07 00:00:00-04:00,21.866210539611618,22.400672867560047,21.67914936195902,22.273738861083984,5210000,0.0,0.0
2003-10-08 00:00:00-04:00,22.81488701811293,22.91509728694678,21.65242904060849,21.99983024597168,13904900,0.0,0.0
2003-10-09 00:00:00-04:00,22.313827220698442,22.44076124270049,21.926340392716853,22.039915084838867,5425100,0.0,0.0
2003-10-10 00:00:00-04:00,22.080001690681605,22.260383255024326,21.95306764844849,21.959747314453125,3702200,0.0,0.0
2003-10-13 00:00:00-04:00,22.04659192528638,22.340545566823934,22.019868171914585,22.280418395996094,2999900,0.0,0.0
2003-10-14 00:00:00-04:00,21.97310507140508,22.440760608029176,21.95306352863413,22.360591888427734,3078500,0.0,0.0
2003-10-15 00:00:00-04:00,22.454125324812484,22.65454842341341,22.16016906824769,22.474166870117188,3568600,0.0,0.0
2003-10-16 00:00:00-04:00,22.607781253495997,22.961862116762404,22.554333739069044,22.56769561767578,3261200,0.0,0.0
2003-10-17 00:00:00-04:00,22.561015816900497,22.90841701303239,22.24701804282561,22.253700256347656,2629900,0.0,0.0
2003-10-20 00:00:00-04:00,22.273741853442097,22.380634333392216,21.986467835729076,22.347230911254883,2634000,0.0,0.0
2003-10-21 00:00:00-04:00,22.367272716595934,22.781480762685362,22.267062449011178,22.6545467376709,3726600,0.0,0.0
2003-10-22 00:00:00-04:00,22.614462132341114,22.814887773682003,22.38063561546727,22.634506225585938,3369400,0.0,0.0
2003-10-23 00:00:00-04:00,22.581051287185808,22.88168710187739,22.48752071117444,22.75475311279297,2863300,0.0,0.0
2003-10-24 00:00:00-04:00,22.56768813076745,22.694624661160955,22.046587780570295,22.527605056762695,3261700,0.0,0.0
2003-10-27 00:00:00-05:00,22.547654386080204,22.781480893639845,22.494206870913548,22.64786720275879,2414300,0.0,0.0
2003-10-28 00:00:00-05:00,22.534290083631507,23.222410202026367,22.487524787149383,23.222410202026367,4039700,0.0,0.0
2003-10-29 00:00:00-05:00,23.20905061355868,23.670023908804694,23.06875217716425,23.589855194091797,5028800,0.0,0.0
2003-10-30 00:00:00-05:00,23.783603231730005,23.890495733165174,22.79484695632514,23.329309463500977,4428200,0.0,0.0
2003-10-31 00:00:00-05:00,23.302571884050998,23.703417845787754,23.255806606798927,23.68337631225586,3925200,0.0,0.0
2003-11-03 00:00:00-05:00,23.57650460373924,23.83705496267834,23.442888316239554,23.503015518188477,2959200,0.0,0.0
2003-11-04 00:00:00-05:00,23.41615233847763,23.72346785551144,23.209049621941418,23.576492309570312,4008200,0.0,0.0
2003-11-05 00:00:00-05:00,23.649981803703067,23.716788639618965,23.148922888781538,23.2958984375,4528300,0.0,0.0
2003-11-06 00:00:00-05:00,23.36939353019862,23.39611729088358,22.98190919433906,23.376075744628906,4823000,0.0,0.0
2003-11-07 00:00:00-05:00,23.462921870848493,23.536410931353025,23.01531039107412,23.042034149169922,3567600,0.0,0.0
2003-11-10 00:00:00-05:00,23.04871180056918,23.275858627501,22.88837181452182,23.015308380126953,2587000,0.0,0.0
2003-11-11 00:00:00-05:00,23.14892663303528,23.255819116900643,22.781481330512626,23.042034149169922,2570200,0.0,0.0
2003-11-12 00:00:00-05:00,23.082110724640355,23.329299045981962,22.97521827093719,23.30925750732422,2301200,0.0,0.0
2003-11-13 00:00:00-05:00,23.115519491515364,23.14224324825895,22.68126991276184,22.908416748046875,4851700,0.0,0.0
2003-11-14 00:00:00-05:00,22.921776525045612,23.416153236890942,22.707991587731282,22.821563720703125,4316000,0.0,0.0
2003-11-17 00:00:00-05:00,22.761428620327425,22.86832105175551,22.22696646318698,22.64117431640625,3664400,0.0,0.0
2003-11-18 00:00:00-05:00,22.68127218283166,22.98858777058761,22.434083779507784,22.474166870117188,3190000,0.0,0.0
2003-11-19 00:00:00-05:00,22.500892676114365,22.781484529973426,22.380638296312423,22.594423294067383,2910500,0.0,0.0
2003-11-20 00:00:00-05:00,22.427388772112682,23.135552701629674,22.34722008810662,22.80819320678711,3575000,0.0,0.0
2003-11-21 00:00:00-05:00,22.91510008825659,22.995268822827644,22.734718524083124,22.788166046142578,2910600,0.0,0.0
2003-11-24 00:00:00-05:00,23.035349579498217,23.55645006648274,22.895053686620475,23.48296356201172,4087200,0.0,0.0
2003-11-25 00:00:00-05:00,23.449558733297096,23.883810859235737,23.30926283360038,23.64998435974121,3093000,0.0,0.0
2003-11-26 00:00:00-05:00,23.710111407682774,23.850407306608556,23.396113639928952,23.65666389465332,3756400,0.0,0.0
2003-11-28 00:00:00-05:00,23.536406078929016,24.017423431412286,23.456237369687575,23.930572509765625,1360300,0.0,0.0
2003-12-01 00:00:00-05:00,24.017425859931304,24.465037292683274,23.89717150965098,24.451675415039062,4448300,0.0,0.0
2003-12-02 00:00:00-05:00,24.47171810665689,24.478397770838313,24.030786363677368,24.07086944580078,2879600,0.0,0.0
2003-12-03 00:00:00-05:00,24.244582743516855,24.384878694222706,23.676714176321035,23.91722297668457,5547300,0.0,0.0
2003-12-04 00:00:00-05:00,24.177760069221062,24.304696615648453,23.7234664839927,24.164398193359375,7526200,0.0,0.0
2003-12-05 00:00:00-05:00,23.917210633472497,24.23120835506767,23.736829126291273,23.930572509765625,4462400,0.0,0.0
2003-12-08 00:00:00-05:00,23.897158011679426,24.18443184747346,23.71677658814484,24.144346237182617,4630300,0.0,0.0
2003-12-09 00:00:00-05:00,24.084226623093855,24.551882028579712,23.469595697639306,24.050823211669922,12135600,0.0,0.0
2003-12-10 00:00:00-05:00,24.371510155853453,24.418275459985104,23.78360019867538,24.117639541625977,4964400,0.0,0.0
2003-12-11 00:00:00-05:00,24.077539435214014,24.378175141104993,24.070857225907474,24.144346237182617,4025500,0.0,0.0
2003-12-12 00:00:00-05:00,24.32474289889712,24.32474289889712,23.583175209318025,23.990703582763672,4546200,0.0,0.0
2003-12-15 00:00:00-05:00,24.184457389628122,24.37151867151588,23.61658877908214,23.67003631591797,4835900,0.0,0.0
2003-12-16 00:00:00-05:00,23.89049636857681,24.017432969513486,23.516373877862378,23.963985443115234,3534900,0.0,0.0
2003-12-17 00:00:00-05:00,24.017427548984543,24.144361572754963,23.843725675911596,24.044151306152344,4576200,0.0,0.0
2003-12-18 00:00:00-05:00,24.0842280910412,24.418267322674275,24.05082467758131,24.398225784301758,3338700,0.0,0.0
2003-12-19 00:00:00-05:00,24.551890269019037,24.618697114289525,24.251254368266267,24.444997787475586,3740900,0.0,0.0
2003-12-22 00:00:00-05:00,24.485085789984147,24.498445121515058,23.91053769046966,23.943941116333008,4313500,0.0,0.0
2003-12-23 00:00:00-05:00,24.030790427868286,24.28465848597658,23.883812305845062,24.217851638793945,2452300,0.0,0.0
2003-12-24 00:00:00-05:00,24.11096104064819,24.204491653428914,23.97734478731084,24.090919494628906,843700,0.0,0.0
2003-12-26 00:00:00-05:00,24.12431931864687,24.471720506043614,24.04415059802229,24.30470085144043,1343200,0.0,0.0
2003-12-29 00:00:00-05:00,24.23120837754829,24.712225730477826,24.23120837754829,24.705543518066406,2792700,0.0,0.0
2003-12-30 00:00:00-05:00,24.658793701350174,24.98615350499632,24.565263057028112,24.91266441345215,2982100,0.0,0.0
2003-12-31 00:00:00-05:00,24.85253042963194,24.96610259576222,24.618701334070067,24.839168548583984,2465600,0.0,0.0
2004-01-02 00:00:00-05:00,24.84584371606744,24.999501497519113,24.17108541069116,24.264616012573242,2603100,0.0,0.0
2004-01-05 00:00:00-05:00,24.344772263704435,24.458346899602557,23.95728817606036,24.151031494140625,3968300,0.0,0.0
2004-01-06 00:00:00-05:00,24.11763349796764,24.67213989160001,24.09091229410131,24.424951553344727,3124300,0.0,0.0
2004-01-07 00:00:00-05:00,24.438314847353475,24.8391609622942,24.39822921645242,24.772354125976562,3467100,0.0,0.0
2004-01-08 00:00:00-05:00,24.986145620601924,25.072994020913676,24.732274988608992,24.89261245727539,4973100,0.0,0.0
2004-01-09 00:00:00-05:00,24.93268828950009,25.62749050974861,24.705541507823348,25.360258102416992,6193300,0.0,0.0
2004-01-12 00:00:00-05:00,25.253362682151927,25.293448303097115,24.819113256904714,25.186555862426758,3195400,0.0,0.0
2004-01-13 00:00:00-05:00,25.072982299854967,25.373618098711592,25.026217014312483,25.29344940185547,2092200,0.0,0.0
2004-01-14 00:00:00-05:00,24.819119313022075,24.99949827999769,24.665459002829248,24.745630264282227,4511500,0.0,0.0
2004-01-15 00:00:00-05:00,24.712225819469953,25.066306623030776,23.990699787477332,24.765670776367188,3555100,0.0,0.0
2004-01-16 00:00:00-05:00,24.959414160718982,24.966093824637138,24.511800222682673,24.765670776367188,3188300,0.0,0.0
2004-01-20 00:00:00-05:00,24.84584198073093,24.852524193837375,24.29133807322268,24.31806182861328,3147400,0.0,0.0
2004-01-21 00:00:00-05:00,24.271277502560064,24.491741940397194,24.211150374328923,24.41825294494629,3172300,0.0,0.0
2004-01-22 00:00:00-05:00,24.465023943991522,24.53851295667856,24.184432312113206,24.384855270385742,3359400,0.0,0.0
2004-01-23 00:00:00-05:00,24.498440354339703,25.006181503325653,24.38486821880083,24.952733993530273,5180300,0.0,0.0
2004-01-26 00:00:00-05:00,24.966099565066706,25.066312386502176,24.43163713061933,24.79907989501953,3509800,0.0,0.0
2004-01-27 00:00:00-05:00,24.859211585239724,24.992827855206144,24.41160001164834,24.511810302734375,3375600,0.0,0.0
2004-01-28 00:00:00-05:00,24.725591311785998,24.825804135164272,24.050832953061885,24.104280471801758,3669700,0.0,0.0
2004-01-29 00:00:00-05:00,24.284650608807222,24.652095794677734,24.151036957781983,24.652095794677734,4062400,0.0,0.0
2004-01-30 00:00:00-05:00,24.665448248545932,25.03957299332023,24.505110892582895,24.678810119628906,3005000,0.0,0.0
2004-02-02 00:00:00-05:00,24.698867035675285,25.126436938458735,24.60533643800611,24.865886688232422,2100800,0.0,0.0
2004-02-03 00:00:00-05:00,24.79239183298516,25.119748848239727,24.718902795290486,24.805753707885742,2218400,0.0,0.0
2004-02-04 00:00:00-05:00,24.738954754602194,25.26673756717555,24.665465685950448,24.919336318969727,3123500,0.0,0.0
2004-02-05 00:00:00-05:00,25.386977918615766,25.487190692964354,24.966087834275086,25.33353042602539,4348600,0.0,0.0
2004-02-06 00:00:00-05:00,25.253379068083127,25.54733538205098,25.213295969646396,25.480525970458984,3996300,0.0,0.0
2004-02-09 00:00:00-05:00,25.34022272887635,25.774474859310246,25.193244614233908,25.594093322753906,3072500,0.0,0.0
2004-02-10 00:00:00-05:00,25.55400280657568,26.38910093750953,25.51391717882465,26.3289737701416,4197200,0.0,0.0
2004-02-11 00:00:00-05:00,26.128549686731397,26.255483680106547,25.861317276079653,26.1552734375,3978900,0.0,0.0
2004-02-12 00:00:00-05:00,25.68093048912355,25.861311946864877,25.08634117389285,25.21995735168457,5448300,0.0,0.0
2004-02-13 00:00:00-05:00,25.280103598803986,25.433761427344304,24.932702293553408,25.126445770263672,2275600,0.0,0.0
2004-02-17 00:00:00-05:00,25.23333245211378,25.58073367708001,25.186567147648898,25.22665023803711,2034900,0.0,0.0
2004-02-18 00:00:00-05:00,25.1731980030341,25.38698291846612,25.066305545318087,25.27341079711914,1844400,0.0,0.0
2004-02-19 00:00:00-05:00,25.38697468142239,25.560673913158595,25.032894007969904,25.039573669433594,2431400,0.0,0.0
2004-02-20 00:00:00-05:00,25.253377275809644,25.721032929689475,25.059633818720844,25.507247924804688,2712200,0.0,0.0
2004-02-23 00:00:00-05:00,25.38698697323433,25.82791875030243,25.273414833747793,25.487199783325195,2849200,0.0,0.0
2004-02-24 00:00:00-05:00,25.37362432023588,25.914768890864572,25.36694465574209,25.6876220703125,3059300,0.0,0.0
2004-02-25 00:00:00-05:00,25.580737164244475,26.008307176791394,25.460482779650867,25.84796714782715,2755000,0.0,0.0
2004-02-26 00:00:00-05:00,25.827925533794406,26.05507242094336,25.62750240949081,25.787839889526367,3116500,0.0,0.0
2004-02-27 00:00:00-05:00,25.56068581569975,26.14191602583448,25.453793342890645,25.96153450012207,6118700,0.0,0.0
2004-03-01 00:00:00-05:00,26.175315439337698,26.7231395971989,26.02165769247587,26.683053970336914,4552100,0.0,0.0
2004-03-02 00:00:00-05:00,26.890168717502785,27.00374087761722,26.095155951147476,26.52940559387207,4672800,0.0,0.0
2004-03-03 00:00:00-05:00,25.868005460076258,26.222086319695517,25.25337179308602,25.594093322753906,10196700,0.0,0.0
2004-03-04 00:00:00-05:00,25.366944693074625,25.981575768109746,25.26005222139384,25.814556121826172,5321400,0.0,0.0
2004-03-05 00:00:00-05:00,25.353583552709914,25.634175343336146,25.24669107792121,25.487199783325195,4390700,0.0,0.0
2004-03-08 00:00:00-05:00,25.453789637805176,25.56068209505488,25.19323943254135,25.246686935424805,3024700,0.0,0.0
2004-03-09 00:00:00-05:00,25.280090184043004,25.28676984760086,24.885923772682645,25.093029022216797,3775800,0.0,0.0
2004-03-10 00:00:00-05:00,25.039585243164424,25.51392043034039,24.96609619051398,25.03290557861328,3617200,0.0,0.0
2004-03-11 00:00:00-05:00,24.952735371942133,25.607454660515124,24.885928529524975,25.139799118041992,3962500,0.0,0.0
2004-03-12 00:00:00-05:00,25.173196323646927,25.620807664059456,25.052941998174326,25.587404251098633,2374500,0.0,0.0
2004-03-15 00:00:00-05:00,25.47385162772629,25.493893181133444,24.919344863951018,24.999513626098633,3107400,0.0,0.0
2004-03-16 00:00:00-05:00,25.23332730312606,25.253368844230586,24.558566536076047,24.745630264282227,3853200,0.0,0.0
2004-03-17 00:00:00-05:00,24.972781156447713,25.052949882486672,24.67882491344178,24.926015853881836,2834300,0.0,0.0
2004-03-18 00:00:00-05:00,24.899289267907097,25.086350456926255,24.752311163096298,24.9727783203125,3905400,0.0,0.0
2004-03-19 00:00:00-05:00,24.892611583592146,25.11307878091811,24.74563600055953,24.872570037841797,3794600,0.0,0.0
2004-03-22 00:00:00-05:00,24.752320090929807,24.812447287446986,24.117644694030382,24.52517318725586,3632300,0.0,0.0
2004-03-23 00:00:00-05:00,24.54521156460166,24.752314322156874,24.304702834585907,24.364830017089844,2399000,0.0,0.0
2004-03-24 00:00:00-05:00,24.4449946792918,24.57192868857317,24.130996939706222,24.34478187561035,3834700,0.0,0.0
2004-03-25 00:00:00-05:00,24.351459840446953,24.88592208697386,24.30469455315816,24.69217872619629,2266500,0.0,0.0
2004-03-26 00:00:00-05:00,24.69217935665287,24.812433683756463,24.42494950082484,24.46503257751465,3715500,0.0,0.0
2004-03-29 00:00:00-05:00,24.47840540584388,25.01955011995404,24.465043524795924,24.839168548583984,1664800,0.0,0.0
2004-03-30 00:00:00-05:00,24.779029909175673,24.9460495223277,24.578606883096647,24.905963897705078,2371000,0.0,0.0
2004-03-31 00:00:00-05:00,25.026232924098075,25.213296733705953,24.845851330111127,25.126445770263672,2680000,0.0,0.0
2004-04-01 00:00:00-05:00,25.006181503325653,25.13979772929656,24.645418457759458,24.952733993530273,2509800,0.0,0.0
2004-04-02 00:00:00-05:00,25.380299207553282,25.386978870119073,24.926005697575068,25.186555862426758,2631200,0.0,0.0
2004-04-05 00:00:00-04:00,25.133126724945857,25.45380428117824,25.07968173983313,25.440444946289062,2203500,0.0,0.0
2004-04-06 00:00:00-04:00,25.12643463173993,25.43375015258789,25.079669337198602,25.43375015258789,2461900,0.0,0.0
2004-04-07 00:00:00-04:00,25.373625095321035,25.640857556551605,25.05294767095493,25.487199783325195,4088100,0.0,0.0
2004-04-08 00:00:00-04:00,25.707659360388927,25.901402729392736,25.106390263210482,25.320175170898438,5281100,0.0,0.0
2004-04-12 00:00:00-04:00,25.41372562099647,25.45380872970662,25.03960046574733,25.159854888916016,2010000,0.0,0.0
2004-04-13 00:00:00-04:00,25.153153770213116,25.246684342134678,24.73226364804914,24.825794219970703,3828100,0.0,0.0
2004-04-14 00:00:00-04:00,24.752303888662734,25.36025512282228,24.55188088097042,25.186555862426758,3335900,0.0,0.0
2004-04-15 00:00:00-04:00,25.286782031597188,25.380315206094817,24.88593576353817,24.96610450744629,2825400,0.0,0.0
2004-04-16 00:00:00-04:00,25.166530159206147,25.58074089929348,24.899300136605167,25.440444946289062,3071300,0.0,0.0
2004-04-19 00:00:00-04:00,25.400355388545165,25.60746072672832,25.34022819671898,25.41371726989746,2295000,0.0,0.0
2004-04-20 00:00:00-04:00,25.48719560136594,25.807872973115053,25.199921644660385,25.246686935424805,2430400,0.0,0.0
2004-04-21 00:00:00-04:00,25.199926827727328,25.640858623136914,25.12643777040611,25.594093322753906,2884900,0.0,0.0
2004-04-22 00:00:00-04:00,25.433750432980755,25.888044055119735,25.353581719814297,25.58072853088379,4165300,0.0,0.0
2004-04-23 00:00:00-04:00,25.513931634450866,25.761122656192637,25.380317896612677,25.747760772705078,2813200,0.0,0.0
2004-04-26 00:00:00-04:00,25.75443629165918,25.868011008749427,25.386993474754544,25.447120666503906,2339100,0.0,0.0
2004-04-27 00:00:00-04:00,25.55401320131914,25.721032895445408,25.35359007807127,25.41371726989746,3510200,0.0,0.0
2004-04-28 00:00:00-04:00,25.513933342117976,25.614146200722633,25.27342706880075,25.380319595336914,6324500,0.0,0.0
2004-04-29 00:00:00-04:00,25.41372562099647,25.61414881010457,24.919346042578645,25.159854888916016,2451900,0.0,0.0
2004-04-30 00:00:00-04:00,25.34689588123991,25.46715020804608,24.992815112597892,25.052942276000977,2984800,0.0,0.0
2004-05-03 00:00:00-04:00,24.992824828434458,25.44711856219174,24.9393798560314,25.106399536132812,2976000,0.0,0.0
2004-05-04 00:00:00-04:00,25.106394631263726,25.320179576146344,24.93937498379183,25.03290557861328,3441500,0.0,0.0
2004-05-05 00:00:00-04:00,24.932685951765436,25.186556460075398,24.865879130455017,24.992813110351562,4736500,0.0,0.0
2004-05-06 00:00:00-04:00,24.785162655857444,24.85214855981498,24.21577480617307,24.316253662109375,5389400,0.1,0.0
2004-05-07 00:00:00-04:00,24.215772121047003,24.510513643266048,23.780356127558086,23.887535095214844,4776300,0.0,0.0
2004-05-10 00:00:00-04:00,23.813858875536862,24.436837679951978,23.679884471996658,24.396644592285156,4089000,0.0,0.0
2004-05-11 00:00:00-04:00,24.38993757838881,24.564102446811116,24.048305409220813,24.195674896240234,2723900,0.0,0.0
2004-05-12 00:00:00-04:00,23.981302023862295,24.543991906225394,23.760246653298196,24.48370361328125,2974900,0.0,0.0
2004-05-13 00:00:00-04:00,24.42343043355101,24.450225814850857,23.84734251234539,24.162181854248047,3034700,0.0,0.0
2004-05-14 00:00:00-04:00,24.188981833035033,24.41673750667576,23.880842555564843,24.014814376831055,2591400,0.0,0.0
2004-05-17 00:00:00-04:00,23.874143429914525,23.961227161659107,23.478920407810715,23.807157516479492,2626500,0.0,0.0
2004-05-18 00:00:00-04:00,24.02820506745374,24.75836252409801,23.96121917634243,24.376537322998047,4406100,0.0,0.0
2004-05-19 00:00:00-04:00,24.651175991899855,24.818643223577638,24.41672288968983,24.463613510131836,3376600,0.0,0.0
2004-05-20 00:00:00-04:00,24.463628550707206,24.60430049852027,24.32295660289414,24.577505111694336,3436200,0.0,0.0
2004-05-21 00:00:00-04:00,24.711473452743245,24.738268833022293,24.383238988043324,24.477020263671875,2718800,0.0,0.0
2004-05-24 00:00:00-04:00,24.503814998255834,24.986119053829004,24.477019618682867,24.65788459777832,2558900,0.0,0.0
2004-05-25 00:00:00-04:00,24.55740342216178,25.066502861870976,24.490417527977012,25.012914657592773,2566400,0.0,0.0
2004-05-26 00:00:00-04:00,24.885642517406957,25.153588671899392,24.785161112379622,25.07990264892578,1675700,0.0,0.0
2004-05-27 00:00:00-04:00,25.78996659459457,26.33925918516845,25.428236579724423,25.501922607421875,7799600,0.0,0.0
2004-05-28 00:00:00-04:00,25.803347048115256,25.803347048115256,25.294245317964283,25.388029098510742,2682600,0.0,0.0
2004-06-01 00:00:00-04:00,25.267476552276012,25.595711152827047,25.220585895054437,25.54882049560547,2723900,0.0,0.0
2004-06-02 00:00:00-04:00,25.72299615176101,26.118219356226998,25.56222630784689,25.9775447845459,3463100,0.0,0.0
2004-06-03 00:00:00-04:00,26.292367935180664,26.700988584557685,25.9909262630707,26.292367935180664,5426500,0.0,0.0
2004-06-04 00:00:00-04:00,26.46652731399582,26.68758534604634,25.76316526216318,26.158388137817383,3710300,0.0,0.0
2004-06-07 00:00:00-04:00,25.890440943808837,26.459828639222632,25.649287666342563,26.352649688720703,3849900,0.0,0.0
2004-06-08 00:00:00-04:00,26.332553038167994,26.88184544979104,26.238769225520976,26.82825469970703,5493300,0.0,0.0
2004-06-09 00:00:00-04:00,26.62061167939952,27.350769444044282,26.56702089962606,27.250288009643555,6895100,0.0,0.0
2004-06-10 00:00:00-04:00,27.598617119594813,27.980442436207188,27.357463750082,27.879961013793945,6661500,0.0,0.0
2004-06-14 00:00:00-04:00,27.55173008283726,27.71249731335799,27.089518545554775,27.437850952148438,3219800,0.0,0.0
2004-06-15 00:00:00-04:00,27.63211171497451,28.000539360104398,27.49813732892304,27.779483795166016,2777400,0.0,0.0
2004-06-16 00:00:00-04:00,27.73927464180166,27.91343945402075,27.685686451637093,27.83975601196289,2339700,0.0,0.0
2004-06-17 00:00:00-04:00,27.80626022781067,27.91343916236734,27.471325737902653,27.866548538208008,2389100,0.0,0.0
2004-06-18 00:00:00-04:00,27.90005066903458,28.26177806212795,27.725883261852612,28.14790153503418,3153300,0.0,0.0
2004-06-21 00:00:00-04:00,28.1478883845906,28.201476561908226,27.913432762203993,28.013914108276367,2467200,0.0,0.0
2004-06-22 00:00:00-04:00,27.98714855873813,28.335481026120952,27.73929754447806,28.228302001953125,4223400,0.0,0.0
2004-06-23 00:00:00-04:00,28.067509735729388,28.80436455094013,28.054112050226816,28.73067855834961,3783200,0.0,0.0
2004-06-24 00:00:00-04:00,28.61682312899838,28.790988058037435,28.34217676240084,28.47614860534668,3250500,0.0,0.0
2004-06-25 00:00:00-04:00,28.456027431370593,28.536410975020424,27.183278194752315,28.013914108276367,3711300,0.0,0.0
2004-06-28 00:00:00-04:00,28.000539860399662,28.43595598400945,27.879963166333845,28.087623596191406,3151000,0.0,0.0
2004-06-29 00:00:00-04:00,27.94694246698551,28.05412143149939,27.23688022998852,27.464635848999023,5007800,0.0,0.0
2004-06-30 00:00:00-04:00,27.47803754208867,27.86656038679746,27.16319816999735,27.585216522216797,4421800,0.0,0.0
2004-07-01 00:00:00-04:00,27.665613324324987,27.732601815974004,27.270390167319643,27.3775691986084,4025800,0.0,0.0
2004-07-02 00:00:00-04:00,27.37086470878482,27.598620412123985,27.035930001247753,27.250288009643555,3170200,0.0,0.0
2004-07-06 00:00:00-04:00,27.049332022181726,27.705803847301812,27.042631895963982,27.323978424072266,3579200,0.0,0.0
2004-07-07 00:00:00-04:00,27.350755488900994,27.926840745436273,27.24357398404116,27.71918296813965,3162000,0.0,0.0
2004-07-08 00:00:00-04:00,27.04261702314886,27.25027738075016,26.687587189349642,26.901945114135742,5878400,0.0,0.0
2004-07-09 00:00:00-04:00,27.256970129369964,27.283765504068274,26.73447309949087,26.928735733032227,3043700,0.0,0.0
2004-07-12 00:00:00-04:00,26.88183518772593,27.3708390965024,26.79475152975716,27.344043731689453,3592100,0.0,0.0
2004-07-13 00:00:00-04:00,27.41774228724337,27.705786202778224,27.243574891393187,27.638797760009766,2594200,0.0,0.0
2004-07-14 00:00:00-04:00,27.464645785968674,27.98714310759981,27.263685474214313,27.364164352416992,4112500,0.0,0.0
2004-07-15 00:00:00-04:00,27.344059665840792,27.69239194535223,27.31056671798064,27.45123863220215,4120600,0.0,0.0
2004-07-16 00:00:00-04:00,27.69239929892997,27.792880724540883,27.12301136806493,27.210092544555664,3050200,0.0,0.0
2004-07-19 00:00:00-04:00,27.370867106013854,27.4847436899826,27.029232243409105,27.236892700195312,2750400,0.0,0.0
2004-07-20 00:00:00-04:00,27.28377607900602,27.638805987648354,27.216790171644714,27.478038787841797,3049700,0.0,0.0
2004-07-21 00:00:00-04:00,27.51161120174866,28.06896004343503,27.464605970338717,27.632482528686523,2950000,0.1,0.0
2004-07-22 00:00:00-04:00,27.323580205402422,27.639188868069944,26.94753845746729,27.457881927490234,3639700,0.0,0.0
2004-07-23 00:00:00-04:00,27.49146284955027,27.713061124661227,27.209431475692178,27.310155868530273,2205700,0.0,0.0
2004-07-26 00:00:00-04:00,27.276585616923832,27.410887391350663,26.732667144805436,26.967693328857422,2283600,0.0,0.0
2004-07-27 00:00:00-04:00,26.90726380129861,27.746646881103516,26.860258553757042,27.746646881103516,3967400,0.0,0.0
2004-07-28 00:00:00-04:00,27.672775268554688,27.867512719206246,27.095279414398124,27.672775268554688,3123800,0.0,0.0
2004-07-29 00:00:00-04:00,27.800347897438254,28.1898200240149,27.800347897438254,28.06894874572754,3952700,0.0,0.0
2004-07-30 00:00:00-04:00,27.860801417996456,27.867515354836193,27.216153332856575,27.337024688720703,4239700,0.0,0.0
2004-08-02 00:00:00-04:00,27.26986516955024,27.652623470237856,27.21614344796961,27.598901748657227,2014100,0.0,0.0
2004-08-03 00:00:00-04:00,27.47132647985791,27.66606394892718,27.007987990107825,27.337024688720703,3296600,0.0,0.0
2004-08-04 00:00:00-04:00,27.404170306869784,27.773498222916366,27.18257202028604,27.632482528686523,3160300,0.0,0.0
2004-08-05 00:00:00-04:00,27.598910137275794,27.833938898238426,27.249729087239714,27.25644302368164,3695000,0.0,0.0
2004-08-06 00:00:00-04:00,27.18929686768573,27.202724742275787,26.605084420860845,26.685667037963867,3928900,0.0,0.0
2004-08-09 00:00:00-04:00,26.584941604425634,27.229587209443128,26.564797229766942,26.987844467163086,3383000,0.0,0.0
2004-08-10 00:00:00-04:00,27.00126401293003,27.511610165578265,27.00126401293003,27.4444580078125,4409800,0.0,0.0
2004-08-11 00:00:00-04:00,27.196012567490882,27.43103881195508,26.967700260756832,27.189298629760742,3348000,0.0,0.0
2004-08-12 00:00:00-04:00,27.40418049944056,27.565340620903452,27.034849884434045,27.189298629760742,3812800,0.0,0.0
2004-08-13 00:00:00-04:00,27.202718314228015,27.58547925103586,27.189290442810986,27.35045051574707,2318100,0.0,0.0
2004-08-16 00:00:00-04:00,27.491459150879738,27.531750439549945,27.256433037618148,27.410879135131836,3002600,0.0,0.0
2004-08-17 00:00:00-04:00,27.612331856010606,28.008520582458296,27.551896200735783,27.739919662475586,3876400,0.0,0.0
2004-08-18 00:00:00-04:00,27.786916594929647,28.149527856770117,27.437733197727226,27.974937438964844,4139800,0.0,0.0
2004-08-19 00:00:00-04:00,27.96823542459655,28.50543989475016,27.880938897698783,28.43828773498535,6388100,0.0,0.0
2004-08-20 00:00:00-04:00,28.505439498937097,28.73375171578127,28.263696850326454,28.471864700317383,3698100,0.0,0.0
2004-08-23 00:00:00-04:00,28.230110514915797,28.38455657472341,27.894357542744842,28.082378387451172,3969300,0.0,0.0
2004-08-24 00:00:00-04:00,28.156257678774928,28.418144710246064,28.095822012928274,28.26369857788086,2475300,0.0,0.0
2004-08-25 00:00:00-04:00,28.324132071858745,28.43828689770853,28.00852333423869,28.230121612548828,2777700,0.0,0.0
2004-08-26 00:00:00-04:00,28.236841524316077,28.606169504747665,28.109256239903257,28.48529815673828,1938300,0.0,0.0
2004-08-27 00:00:00-04:00,28.478574276650082,28.55915429332291,28.169682078077134,28.236831665039062,2231600,0.0,0.0
2004-08-30 00:00:00-04:00,28.12268198656257,28.391282945015707,28.008524593985403,28.062246322631836,2603400,0.0,0.0
2004-08-31 00:00:00-04:00,28.03538317185652,28.196545783059044,27.55189789984175,27.64590835571289,4129300,0.0,0.0
2004-09-01 00:00:00-04:00,27.60562539747562,27.753357608508196,27.1691452621121,27.417604446411133,4785300,0.0,0.0
2004-09-02 00:00:00-04:00,26.229036167201052,27.370594791673238,26.222319669922133,27.135568618774414,9234400,0.0,0.0
2004-09-03 00:00:00-04:00,27.04155734284888,27.464607003038534,27.034840845770344,27.263153076171875,3536900,0.0,0.0
2004-09-07 00:00:00-04:00,27.33031216115093,27.498188768330486,27.028133755908975,27.26987648010254,3235700,0.0,0.0
2004-09-08 00:00:00-04:00,27.202715334392693,27.451174475475014,26.893823093774174,26.940828323364258,3494400,0.0,0.0
2004-09-09 00:00:00-04:00,26.927398230490518,27.028125187503477,26.58493118751372,26.853534698486328,3023200,0.0,0.0
2004-09-10 00:00:00-04:00,26.806526551009966,27.384022298823098,26.71923258845618,27.222862243652344,4132300,0.0,0.0
2004-09-13 00:00:00-04:00,27.424314674161764,28.062246108202036,27.196002452345024,27.632482528686523,4738700,0.0,0.0
2004-09-14 00:00:00-04:00,27.417604994953013,27.92794868444989,27.404174560809228,27.813791275024414,2885600,0.0,0.0
2004-09-15 00:00:00-04:00,27.679503517127714,27.941390687379172,27.619067819254727,27.80708885192871,2128500,0.0,0.0
2004-09-16 00:00:00-04:00,27.86750930916447,28.028671935884674,27.733207547163136,27.914514541625977,2290900,0.0,0.0
2004-09-17 00:00:00-04:00,27.9346529681613,28.189826005533725,27.666052062878357,27.706340789794922,3075400,0.0,0.0
2004-09-20 00:00:00-04:00,27.65262095972774,27.901077495499734,27.32358184890069,27.538463592529297,2530600,0.0,0.0
2004-09-21 00:00:00-04:00,27.639212198014242,27.887668928561208,27.491479922859284,27.80708885192871,2073800,0.0,0.0
2004-09-22 00:00:00-04:00,27.639189472633205,27.800352054982213,27.410877308567642,27.51831817626953,2010300,0.0,0.0
2004-09-23 00:00:00-04:00,27.417605710144446,27.78021719511184,27.363883972167972,27.36388397216797,1662400,0.0,0.0
2004-09-24 00:00:00-04:00,27.330320248539262,27.988396436024974,27.249740170494654,27.76679801940918,2089100,0.0,0.0
2004-09-27 00:00:00-04:00,27.645912563556276,27.97495177077944,27.605623825818103,27.666059494018555,2007200,0.0,0.0
2004-09-28 00:00:00-04:00,27.847353606336608,27.90107275231528,27.625755404995573,27.733196258544922,2025200,0.0,0.0
2004-09-29 00:00:00-04:00,27.639196675116704,28.075676754793445,27.632482739832408,28.062246322631836,2094800,0.0,0.0
2004-09-30 00:00:00-04:00,27.995093125143317,28.129394880193093,27.726492176636686,27.874221801757812,3190800,0.0,0.0
2004-10-01 00:00:00-04:00,28.0286708991662,28.653169330426433,27.854077846544367,28.397998809814453,3828700,0.0,0.0
2004-10-04 00:00:00-04:00,28.40471518480849,29.425405039708732,28.40471518480849,29.076221466064453,4541100,0.0,0.0
2004-10-05 00:00:00-04:00,28.98893505241272,29.317974372198133,28.814344485436877,28.915071487426758,2934300,0.0,0.0
2004-10-06 00:00:00-04:00,28.841194943962506,28.975496710910445,28.364426104810818,28.8277645111084,3920500,0.0,0.0
2004-10-07 00:00:00-04:00,29.680575442282798,30.1573442437963,29.546273685937223,29.98275375366211,9228600,0.0,0.0
2004-10-08 00:00:00-04:00,29.552992344209525,30.51324659739816,29.552992344209525,30.00961685180664,6412600,0.0,0.0
2004-10-11 00:00:00-04:00,29.882021761445323,30.21777481494471,29.640279153070964,30.150625228881836,3136100,0.0,0.0
2004-10-12 00:00:00-04:00,29.97602840713976,30.499802284501403,29.808151901668243,30.439369201660156,4537800,0.0,0.0
2004-10-13 00:00:00-04:00,30.258061624742673,30.74154420833384,30.184195554051655,30.499801635742188,3715300,0.0,0.0
2004-10-14 00:00:00-04:00,30.48639099792279,30.882579868761827,30.284937032524898,30.493104934692383,4550200,0.0,0.0
2004-10-15 00:00:00-04:00,30.540107442752145,30.87586060623217,30.325225623052393,30.62068748474121,3748100,0.0,0.0
2004-10-18 00:00:00-04:00,30.620675891020365,30.97657585144043,30.378935856581723,30.97657585144043,3340100,0.0,0.0
2004-10-19 00:00:00-04:00,30.795285358087884,31.19147425513204,30.768424486045696,31.030311584472656,4710100,0.0,0.0
2004-10-20 00:00:00-04:00,30.808693773691928,31.225026746398168,30.694536429903106,31.198165893554688,3270100,0.0,0.0
2004-10-21 00:00:00-04:00,31.11087911751448,31.27203914844698,30.795270428015613,31.23846435546875,5510600,0.0,0.0
2004-10-22 00:00:00-04:00,31.298899562287946,31.392910005926833,30.687829117042693,30.70797348022461,3731900,0.0,0.0
2004-10-25 00:00:00-04:00,30.553534886313486,30.996728916266616,30.446093986979182,30.8825740814209,2506800,0.0,0.0
2004-10-26 00:00:00-04:00,31.057168068177912,32.19201285487393,31.010162829542736,31.688383102416992,7444600,0.0,0.0
2004-10-27 00:00:00-04:00,31.460074530956145,32.447189781119114,31.245192682995917,32.29945755004883,4616600,0.0,0.0
2004-10-28 00:00:00-04:00,32.08456980805436,32.60162996022115,31.990559337040985,32.37331771850586,3377100,0.0,0.0
2004-10-29 00:00:00-04:00,32.380036302602115,32.494191150019695,31.87640655120914,32.192012786865234,2906500,0.0,0.0
2004-11-01 00:00:00-05:00,32.09797425901388,32.33300280789255,31.6950718346378,32.32628631591797,3181100,0.0,0.0
2004-11-02 00:00:00-05:00,32.40688502182981,32.84336503521126,32.131567608316274,32.588191986083984,3048600,0.0,0.0
2004-11-03 00:00:00-05:00,32.97173854785307,33.308184859565856,32.43342496248894,32.662208557128906,4110900,0.1,0.0
2004-11-04 00:00:00-05:00,32.90445443511005,33.348563519541436,32.231561727372686,33.254356384277344,4602500,0.0,0.0
2004-11-05 00:00:00-05:00,33.341835021972656,33.95416731762568,33.08613505998769,33.341835021972656,3837400,0.0,0.0
2004-11-08 00:00:00-05:00,32.8102524882125,33.288008337085046,32.5747410300152,33.09286880493164,4262600,0.0,0.0
2004-11-09 00:00:00-05:00,32.99867231666576,33.166895561469055,32.87082100781013,32.97175598144531,3719400,0.0,0.0
2004-11-10 00:00:00-05:00,32.998665493893334,33.09959787977682,32.78333999041625,32.90446090698242,2462000,0.0,0.0
2004-11-11 00:00:00-05:00,32.97174695198315,33.00539107835361,32.64875871843858,32.76314926147461,3004900,0.0,0.0
2004-11-12 00:00:00-05:00,32.54781317312419,33.10631524314824,32.493983101837884,33.05248260498047,2752300,0.0,0.0
2004-11-15 00:00:00-05:00,33.06593989642121,33.54369299665085,32.86407264235474,33.46967697143555,3292200,0.0,0.0
2004-11-16 00:00:00-05:00,33.37549038711886,33.4696975593881,32.66222547954686,32.72278594970703,4923800,0.0,0.0
2004-11-17 00:00:00-05:00,33.03904666373853,33.14670944559434,32.46708861642016,32.95157241821289,5949900,0.0,0.0
2004-11-18 00:00:00-05:00,32.7160403039055,32.92463795190347,32.446884780911304,32.534358978271484,3323200,0.0,0.0
2004-11-19 00:00:00-05:00,32.487265479579314,32.6083863960769,31.92876575740263,31.948951721191406,3318300,0.0,0.0
2004-11-22 00:00:00-05:00,31.97586806893597,32.97847696321065,31.895121646852683,32.90446090698242,4473600,0.0,0.0
2004-11-23 00:00:00-05:00,32.72278551690102,33.489883084195185,32.689141382119914,33.43605041503906,4082300,0.0,0.0
2004-11-24 00:00:00-05:00,33.476421917054985,33.49660788273818,32.89100581029797,33.36875915527344,2784100,0.0,0.0
2004-11-26 00:00:00-05:00,33.14669718088529,33.51679026302837,32.991932149662844,33.40239715576172,656200,0.0,0.0
2004-11-29 00:00:00-05:00,33.200521258385756,33.42257448342461,33.07267258741682,33.26108169555664,2245000,0.0,0.0
2004-11-30 00:00:00-05:00,33.16016601430908,33.21399868608131,32.60166616252901,32.702598571777344,3890500,0.0,0.0
2004-12-01 00:00:00-05:00,32.884268100362505,33.436039952136,32.82370764995409,33.395668029785156,4555000,0.0,0.0
2004-12-02 00:00:00-05:00,32.83716256466485,33.52351341243662,32.57473482781604,33.09959030151367,3862400,0.0,0.0
2004-12-03 00:00:00-05:00,32.769883827578,33.139974398858776,32.238297835382035,32.245025634765625,4044400,0.0,0.0
2004-12-06 00:00:00-05:00,32.29212576968675,32.7025882109334,31.948949013071775,32.48726272583008,3825100,0.0,0.0
2004-12-07 00:00:00-05:00,32.440161965769555,32.80352470159281,32.177734178857996,32.339229583740234,3963300,0.0,0.0
2004-12-08 00:00:00-05:00,32.33923081863447,32.91791650492757,32.31231448897922,32.90446090698242,3798700,0.0,0.0
2004-12-09 00:00:00-05:00,31.79418817370847,32.7025925233471,31.659609086051702,32.366146087646484,8193100,0.0,0.0
2004-12-10 00:00:00-05:00,32.09697956938809,32.29884684881685,31.74707508716677,31.975858688354492,4315000,0.0,0.0
2004-12-13 00:00:00-05:00,31.98259786970594,32.20465375293659,31.49138637372367,31.679798126220703,3845000,0.0,0.0
2004-12-14 00:00:00-05:00,31.625949237227687,32.285383615424976,31.625949237227687,32.251739501953125,3321900,0.0,0.0
2004-12-15 00:00:00-05:00,32.17100521253562,32.635300313537186,32.137358519531304,32.54109573364258,3004500,0.0,0.0
2004-12-16 00:00:00-05:00,32.568003760287496,32.608375674590945,32.09697841398815,32.265201568603516,2857200,0.0,0.0
2004-12-17 00:00:00-05:00,32.191191123138324,32.453618900103976,32.009509762112344,32.15754699707031,3617600,0.0,0.0
2004-12-20 00:00:00-05:00,32.0969787458749,32.43342505858453,31.928755589520087,32.13062286376953,2235300,0.0,0.0
2004-12-21 00:00:00-05:00,32.10372527191284,32.298864863179844,31.91531604828024,32.27867889404297,2692100,0.0,0.0
2004-12-22 00:00:00-05:00,32.016228826143,32.50070971764788,31.96912398601645,32.17099380493164,2159300,0.0,0.0
2004-12-23 00:00:00-05:00,32.083525146242835,32.35941105920861,31.962404251098633,31.962404251098633,1428500,0.0,0.0
2004-12-27 00:00:00-05:00,32.150811291170115,32.33249262201709,31.861467234659962,31.93548583984375,1838900,0.0,0.0
2004-12-28 00:00:00-05:00,31.94222542681917,32.37960425310042,31.9153090959113,32.366146087646484,1240400,0.0,0.0
2004-12-29 00:00:00-05:00,32.06333159662966,32.88425877654904,32.029684915034416,32.77659606933594,1952600,0.0,0.0
2004-12-30 00:00:00-05:00,32.81023764384753,32.917900342725275,32.534351817543225,32.60164260864258,1420800,0.0,0.0
2004-12-31 00:00:00-05:00,32.514188522167686,32.722786269621615,32.47381401937186,32.57474899291992,1393500,0.0,0.0
2005-01-03 00:00:00-05:00,32.46034336271258,32.96501286260817,32.13062482668612,32.23155975341797,2219300,0.0,0.0
2005-01-04 00:00:00-05:00,32.426702984543496,32.527637930912384,31.652877807617184,31.652877807617188,3280200,0.0,0.0
2005-01-05 00:00:00-05:00,31.747095273065177,32.20466276637782,31.572141637272097,31.774011611938477,2672900,0.0,0.0
2005-01-06 00:00:00-05:00,32.87753609723269,32.897722055826335,32.1373526239234,32.23155975341797,3771700,0.0,0.0
2005-01-07 00:00:00-05:00,32.04316080248952,32.271944502754366,31.874937568967802,31.955686569213867,2448200,0.0,0.0
2005-01-10 00:00:00-05:00,31.90185366293905,32.258486093925825,31.80764906357521,32.0162467956543,2053100,0.0,0.0
2005-01-11 00:00:00-05:00,31.935490282767375,32.002781099969646,31.693248474603624,31.841285705566406,2364500,0.0,0.0
2005-01-12 00:00:00-05:00,31.794199545189837,32.0566274481948,31.62597626717296,31.982608795166016,2310700,0.0,0.0
2005-01-13 00:00:00-05:00,32.029698028482215,32.568014351824075,31.982595735222173,32.123905181884766,2913600,0.0,0.0
2005-01-14 00:00:00-05:00,32.2315602137125,32.628566995308574,32.16426940596969,32.48052978515625,3035500,0.0,0.0
2005-01-18 00:00:00-05:00,32.39978238031972,33.09286099389521,32.19118473309367,33.06594467163086,3119800,0.0,0.0
2005-01-19 00:00:00-05:00,33.072681653770495,33.07940945224199,32.52090977134581,32.54109573364258,1830000,0.0,0.0
2005-01-20 00:00:00-05:00,32.62857246266927,32.72950484087329,32.09698654339499,32.15754699707031,1871400,0.0,0.0
2005-01-21 00:00:00-05:00,32.103731210720476,32.25849632546027,31.242428809774278,31.2962589263916,3102700,0.0,0.0
2005-01-24 00:00:00-05:00,31.356815842459905,31.726909082191195,31.175136973534247,31.235694885253906,2487800,0.0,0.0
2005-01-25 00:00:00-05:00,31.37699581585283,31.78746088469788,31.302977188109278,31.679798126220703,2145800,0.0,0.0
2005-01-26 00:00:00-05:00,31.861468030382312,31.969130758734313,31.74707750451915,31.86819839477539,2598200,0.0,0.0
2005-01-27 00:00:00-05:00,31.78745584433509,32.157546357486986,31.578858159850604,31.780725479125977,2257600,0.0,0.0
2005-01-28 00:00:00-05:00,31.841282379899337,31.935486947261097,31.356798814173786,31.821096420288086,2648800,0.0,0.0
2005-01-31 00:00:00-05:00,32.09698608345902,32.460348800304146,31.713437404638803,31.807641983032227,2845700,0.0,0.0
2005-02-01 00:00:00-05:00,31.753809833466356,31.868202942535937,31.551942509859064,31.599044799804688,2634200,0.0,0.0
2005-02-02 00:00:00-05:00,31.605770424272556,31.747077272913316,31.302968200841,31.740346908569336,2259000,0.0,0.0
2005-02-03 00:00:00-05:00,31.289508854219413,31.383713416412746,30.78483935657071,31.2020320892334,4782300,0.0,0.0
2005-02-04 00:00:00-05:00,31.26272673390835,31.572925730594854,30.96601241322595,31.14134407043457,3578300,0.1,0.0
2005-02-07 00:00:00-05:00,31.154830955738003,31.42456820397941,31.01996104540251,31.08739471435547,2565400,0.0,0.0
2005-02-08 00:00:00-05:00,31.343634783429604,31.3571220263259,30.81090026495433,30.939027786254883,2893400,0.0,0.0
2005-02-09 00:00:00-05:00,30.912078601675073,31.026716401480613,30.62885141389144,30.689542770385742,2132900,0.0,0.0
2005-02-10 00:00:00-05:00,30.736758788716024,31.21554487302848,30.64909289770215,30.925575256347656,1966300,0.0,0.0
2005-02-11 00:00:00-05:00,31.006493165456828,31.633636453699303,30.8379063153364,31.316692352294922,2959000,0.0,0.0
2005-02-14 00:00:00-05:00,31.370630791806537,31.532472672740564,31.121123058115565,31.3638858795166,2043900,0.0,0.0
2005-02-15 00:00:00-05:00,31.51897445479807,31.70779075892967,31.22226017981503,31.694303512573242,2079100,0.0,0.0
2005-02-16 00:00:00-05:00,31.69431994486161,31.761753639176334,31.465041782788795,31.653858184814453,1791700,0.0,0.0
2005-02-17 00:00:00-05:00,31.5594381143149,31.74825701775642,31.01996104540251,31.08739471435547,2179600,0.0,0.0
2005-02-18 00:00:00-05:00,31.013219356710465,31.10762752419278,30.844632608369295,30.88509178161621,2028100,0.0,0.0
2005-02-22 00:00:00-05:00,30.69628310647454,31.498755302749412,30.6153621673584,30.6153621673584,3505200,0.0,0.0
2005-02-23 00:00:00-05:00,30.851371116216317,31.100878752504418,30.676042051577756,30.783937454223633,2810400,0.0,0.0
2005-02-24 00:00:00-05:00,30.790677812399505,31.48525426151205,30.750216074346962,31.384103775024414,2348800,0.0,0.0
2005-02-25 00:00:00-05:00,31.303176254080462,31.532454261893765,31.255972185333206,31.404329299926758,1525800,0.0,0.0
2005-02-28 00:00:00-05:00,31.43130531438754,31.69430015944108,31.141335979474935,31.417818069458008,2425000,0.0,0.0
2005-03-01 00:00:00-05:00,31.444800451119942,31.87638210746467,31.43131320280547,31.498746871948242,2890600,0.0,0.0
2005-03-02 00:00:00-05:00,30.622108710790403,31.067177795671945,29.880327760131376,30.359113693237305,12766600,0.0,0.0
2005-03-03 00:00:00-05:00,30.41304844177721,30.51420151998659,30.16354077393828,30.210744857788086,4944200,0.0,0.0
2005-03-04 00:00:00-05:00,30.18377685546875,30.514208085948304,30.008447730932584,30.18377685546875,4714100,0.0,0.0
2005-03-07 00:00:00-05:00,30.291671425160057,30.446773526649743,29.920781023284558,30.03542137145996,3306200,0.0,0.0
2005-03-08 00:00:00-05:00,30.21074240482416,31.444798540088886,30.008438837261092,31.060420989990234,8118000,0.0,0.0
2005-03-09 00:00:00-05:00,30.979516089431538,31.16159018119219,30.568166370006704,30.756982803344727,4918800,0.0,0.0
2005-03-10 00:00:00-05:00,30.858127755285782,30.91207676782717,30.06914274009675,30.177038192749023,4417300,0.0,0.0
2005-03-11 00:00:00-05:00,30.305133819580078,30.581615809378068,30.12980484388565,30.305133819580078,2518300,0.0,0.0
2005-03-14 00:00:00-05:00,30.278171783042616,30.824391034478744,30.237710049724484,30.790674209594727,3118700,0.0,0.0
2005-03-15 00:00:00-05:00,30.83114500509914,30.858116929476896,30.372588849092462,30.561405181884766,2970400,0.0,0.0
2005-03-16 00:00:00-05:00,30.379343146153634,30.467009009073124,29.99496541883899,30.10960578918457,2739500,0.0,0.0
2005-03-17 00:00:00-05:00,30.008443225123813,30.109596309910756,29.711731454141137,29.772422790527344,2674900,0.0,0.0
2005-03-18 00:00:00-05:00,29.772412571424738,29.873563049062923,29.185728996921796,29.468955993652344,4490000,0.0,0.0
2005-03-21 00:00:00-05:00,29.441992759215573,29.46896725920261,28.828337032874963,29.152023315429688,3181600,0.0,0.0
2005-03-22 00:00:00-05:00,29.15202391432845,29.63080972299995,29.098077485676004,29.286893844604492,2808300,0.0,0.0
2005-03-23 00:00:00-05:00,29.12504672448368,29.718472819445445,29.037383464464234,29.482452392578125,2700300,0.0,0.0
2005-03-24 00:00:00-05:00,29.44873912940409,29.597096327212356,29.334101347410616,29.401535034179688,1969400,0.0,0.0
2005-03-28 00:00:00-05:00,29.35432699156048,30.116339897245265,29.35432699156048,29.974727630615234,2665500,0.0,0.0
2005-03-29 00:00:00-05:00,29.8870661210975,30.16354835561062,29.671275234278987,29.967987060546875,3040000,0.0,0.0
2005-03-30 00:00:00-05:00,29.96123200956611,30.61534930471416,29.941002426393844,30.3388671875,3603000,0.0,0.0
2005-03-31 00:00:00-05:00,30.3456203770109,30.392824469580727,29.67127325752177,29.79265594482422,3528100,0.0,0.0
2005-04-01 00:00:00-05:00,29.914050426546357,29.94776728132857,29.401544973104684,29.529672622680664,3342800,0.0,0.0
2005-04-04 00:00:00-04:00,29.55662456246767,30.493966300673787,29.428497010745374,30.45350456237793,3553400,0.0,0.0
2005-04-05 00:00:00-04:00,30.480487169793026,31.33016332079307,30.44002542072451,31.26272964477539,4752800,0.0,0.0
2005-04-06 00:00:00-04:00,31.35040470261743,31.545963449560208,31.073922433735632,31.208789825439453,2644900,0.0,0.0
2005-04-07 00:00:00-04:00,31.363871761771723,31.849402330883716,30.85136927293174,31.626869201660156,3136700,0.0,0.0
2005-04-08 00:00:00-04:00,31.728025228938105,31.728025228938105,31.01996140696079,31.14134407043457,1854100,0.0,0.0
2005-04-11 00:00:00-04:00,30.93229394127741,31.262725079341347,30.716503122617908,31.22226333618164,2614500,0.0,0.0
2005-04-12 00:00:00-04:00,31.22901446253521,31.36388182172126,30.426539784256292,31.282960891723633,2933700,0.0,0.0
2005-04-13 00:00:00-04:00,31.28970423867801,31.303188915978406,30.76371178891772,30.85811996459961,2287600,0.0,0.0
2005-04-14 00:00:00-04:00,30.858106045843193,31.07389937176229,30.601856133841277,30.628828048706055,2051800,0.0,0.0
2005-04-15 00:00:00-04:00,30.379355342936176,30.63560812150384,30.210768462484328,30.251230239868164,2668800,0.0,0.0
2005-04-18 00:00:00-04:00,30.33213530526237,30.527696601348325,29.76568358129532,29.873579025268555,3315100,0.0,0.0
2005-04-19 00:00:00-04:00,29.893813729660398,30.00170918280159,29.556640117040345,29.59709930419922,3122000,0.0,0.0
2005-04-20 00:00:00-04:00,29.53640302010675,29.664530617867776,28.936234501426444,29.0576171875,3257000,0.0,0.0
2005-04-21 00:00:00-04:00,29.374569533820665,29.839868248226388,29.09134232803788,29.684768676757812,2853600,0.0,0.0
2005-04-22 00:00:00-04:00,26.953658390124392,28.052842473279043,26.623227130464066,27.088525772094727,24897600,0.0,0.0
2005-04-25 00:00:00-04:00,27.250354635423715,28.28884934577905,26.906438892347047,27.944931030273438,9700600,0.0,0.0
2005-04-26 00:00:00-04:00,27.985405458108083,28.248400423113534,27.61451505688424,28.046096801757812,6135800,0.0,0.0
2005-04-27 00:00:00-04:00,27.890999714943927,28.127020198451827,27.762872104670777,27.938203811645508,3257400,0.0,0.0
2005-04-28 00:00:00-04:00,27.76285707866649,27.83029330347783,27.149201581242455,27.176176071166992,4259400,0.0,0.0
2005-04-29 00:00:00-04:00,27.391972970045376,27.547072463145437,26.987365820430398,27.398717880249023,4968600,0.0,0.0
2005-05-02 00:00:00-04:00,27.452666034833232,27.87750536948093,27.432436447802758,27.83030128479004,2711600,0.0,0.0
2005-05-03 00:00:00-04:00,27.816806109395426,28.713688607809708,27.74262754818174,28.34954071044922,4665400,0.0,0.0
2005-05-04 00:00:00-04:00,28.37321809177283,29.07646340720994,28.3529330125057,28.981796264648438,4474600,0.115,0.0
2005-05-05 00:00:00-04:00,29.083236950052918,29.150858209637942,28.623425282311235,28.907426834106445,3743100,0.0,0.0
2005-05-06 00:00:00-04:00,29.096743510233008,29.137316241314526,28.873599937998993,28.995315551757812,2592400,0.0,0.0
2005-05-09 00:00:00-04:00,29.076462763440976,29.414561167667035,28.751888604922293,29.30636978149414,3526600,0.0,0.0
2005-05-10 00:00:00-04:00,29.035881090217188,29.211693650818773,28.927689737341336,29.042644500732422,2472300,0.0,0.0
2005-05-11 00:00:00-04:00,29.204937485058533,29.31989227696601,28.292072879935596,29.062936782836914,3658400,0.0,0.0
2005-05-12 00:00:00-04:00,28.792458760912066,28.975029612879585,28.467882052004313,28.718076705932617,4004000,0.0,0.0
2005-05-13 00:00:00-04:00,28.947976904642722,28.947976904642722,28.116255409684005,28.427305221557617,2526000,0.0,0.0
2005-05-16 00:00:00-04:00,28.521979768754445,29.24551010131836,28.170357141234962,29.24551010131836,3011900,0.0,0.0
2005-05-17 00:00:00-04:00,29.218463969601842,29.67151718028004,29.008844606298247,29.617420196533203,3796800,0.0,0.0
2005-05-18 00:00:00-04:00,29.68503601415778,30.482948322548275,29.624178208281027,30.354469299316406,3464800,0.0,0.0
2005-05-19 00:00:00-04:00,30.449134903782394,30.66551762954324,30.111036572345377,30.39504051208496,2406700,0.0,0.0
2005-05-20 00:00:00-04:00,30.496474925176177,30.65200246053644,30.11104295203455,30.40180778503418,1625000,0.0,0.0
2005-05-23 00:00:00-04:00,30.469425368680987,30.48971044500323,29.98256290106072,30.097515106201172,3278700,0.0,0.0
2005-05-24 00:00:00-04:00,30.158377547182003,30.280093182783403,29.739136235380617,30.117807388305664,3809900,0.0,0.0
2005-05-25 00:00:00-04:00,29.962268874573905,30.780466048650528,29.87436260429339,30.712844848632812,3222500,0.0,0.0
2005-05-26 00:00:00-04:00,31.321425150316202,31.348473632394967,30.24627249279497,30.760183334350586,9454200,0.0,0.0
2005-05-27 00:00:00-04:00,30.76020823009251,30.766969066341463,30.428870505172874,30.631729125976562,2199400,0.0,0.0
2005-05-31 00:00:00-04:00,30.631703589525795,30.895419834669426,30.50322717200292,30.685800552368164,1960400,0.0,0.0
2005-06-01 00:00:00-04:00,30.658753928028716,31.361999010665915,30.658753928028716,30.807518005371094,2936800,0.0,0.0
2005-06-02 00:00:00-04:00,30.87513251810437,31.551329027549915,30.87513251810437,31.524280548095703,2822300,0.0,0.0
2005-06-03 00:00:00-04:00,31.55809537344124,31.598668099713926,31.07799638689889,31.186187744140625,2225200,0.0,0.0
2005-06-06 00:00:00-04:00,30.679043030272982,31.105047666218482,30.543803176696642,30.956283569335938,2725300,0.0,0.0
2005-06-07 00:00:00-04:00,31.06448225442215,31.38229559827368,30.760195736549107,30.990102767944336,3140000,0.0,0.0
2005-06-08 00:00:00-04:00,31.05771413686724,31.071238380187584,30.712852380912658,30.89542579650879,2407600,0.0,0.0
2005-06-09 00:00:00-04:00,31.00363087580106,31.27411070286379,30.597913714693764,30.996870040893555,2608900,0.0,0.0
2005-06-10 00:00:00-04:00,30.93599930576009,31.233524927845437,30.800759448635578,30.976572036743164,1447100,0.0,0.0
2005-06-13 00:00:00-04:00,30.87514225059641,31.443147600757264,30.807523610131035,30.922475814819336,2171500,0.0,0.0
2005-06-14 00:00:00-04:00,31.02391290585095,31.443154240129843,30.86162452318597,31.334962844848633,1557300,0.0,0.0
2005-06-15 00:00:00-04:00,31.443150066263744,31.53105636935024,30.76019245786282,31.23352813720703,2628800,0.0,0.0
2005-06-16 00:00:00-04:00,31.233528691027622,31.402577887929777,30.91571795490207,31.098291397094727,2029600,0.0,0.0
2005-06-17 00:00:00-04:00,31.314663591555004,31.558092186149125,30.935992589711095,31.503997802734375,4815500,0.0,0.0
2005-06-20 00:00:00-04:00,31.25381309691155,31.45667159619057,31.138858313645784,31.348480224609375,1734100,0.0,0.0
2005-06-21 00:00:00-04:00,31.294390392948713,31.321438886890075,30.861624807832346,31.037437438964844,2390600,0.0,0.0
2005-06-22 00:00:00-04:00,31.132119125870144,31.24031057267081,30.72639926575198,30.746686935424805,3852300,0.0,0.0
2005-06-23 00:00:00-04:00,30.645230307847196,30.8818980907038,30.30037117004395,30.300371170043945,5257800,0.0,0.0
2005-06-24 00:00:00-04:00,30.293609169561908,30.442373256845503,29.948750015705524,30.374752044677734,2709600,0.0,0.0
2005-06-27 00:00:00-04:00,30.320661959567637,30.381519769416897,30.13132769758588,30.232755661010742,2151500,0.0,0.0
2005-06-28 00:00:00-04:00,30.415331061510454,30.834572345702796,30.266566943464195,30.69257164001465,2360500,0.0,0.0
2005-06-29 00:00:00-04:00,30.706116282908386,30.888689845568337,30.408590428659434,30.55735206604004,1630500,0.0,0.0
2005-06-30 00:00:00-04:00,30.516756556299494,30.800757920634734,30.232752612478652,30.24627685546875,2587000,0.0,0.0
2005-07-01 00:00:00-04:00,30.49648492565347,30.55734276134227,30.246292747593724,30.381532669067383,1525700,0.0,0.0
2005-07-05 00:00:00-04:00,30.523517546240807,30.87514012734883,30.307134816249043,30.645233154296875,2427000,0.0,0.0
2005-07-06 00:00:00-04:00,30.631714251051363,30.773714958708908,30.374758747085764,30.672286987304688,2545500,0.0,0.0
2005-07-07 00:00:00-04:00,30.368003738251975,30.624959291497834,30.104287350743633,30.48971939086914,3254400,0.0,0.0
2005-07-08 00:00:00-04:00,30.455893530849565,30.94275329759177,30.293605222278728,30.800752639770508,2601100,0.0,0.0
2005-07-11 00:00:00-04:00,30.61818113194908,30.902185044440927,30.56408674544154,30.86161231994629,2097500,0.0,0.0
2005-07-12 00:00:00-04:00,30.902188675962414,31.30790565064605,30.66551829115895,31.226762771606445,2485700,0.0,0.0
2005-07-13 00:00:00-04:00,31.145626199055297,31.307911989994768,30.79400354603826,30.96305274963379,2274900,0.0,0.0
2005-07-14 00:00:00-04:00,31.03743277435909,31.253815534397177,30.848095924711284,31.0780029296875,1185500,0.0,0.0
2005-07-15 00:00:00-04:00,31.233532993323138,31.443154954971384,31.030674444994794,31.409345626831055,2160400,0.0,0.0
2005-07-18 00:00:00-04:00,31.294394287739916,31.64601701428029,31.294394287739916,31.375539779663086,1259600,0.0,0.0
2005-07-19 00:00:00-04:00,31.35524673473571,31.544583603902975,31.152388198722296,31.34172248840332,2016300,0.0,0.0
2005-07-20 00:00:00-04:00,31.145633266620738,31.517541083026977,30.807534782708387,31.165918350219727,2443900,0.0,0.0
2005-07-21 00:00:00-04:00,31.10507061929809,31.233547156284015,30.72639926575198,30.746686935424805,2398800,0.0,0.0
2005-07-22 00:00:00-04:00,30.787222281302466,31.12532049244608,30.69931860363407,31.071226119995117,1632100,0.0,0.0
2005-07-25 00:00:00-04:00,30.93601020572783,31.294393760817478,30.93601020572783,31.050962448120117,1318700,0.0,0.0
2005-07-26 00:00:00-04:00,31.037445718684467,31.240304318387643,31.010397217527498,31.105064392089844,1196200,0.0,0.0
2005-07-27 00:00:00-04:00,31.13209639892897,31.213239279921943,30.86161668963815,31.172666549682617,1381400,0.0,0.0
2005-07-28 00:00:00-04:00,31.15238244230202,31.537814363352247,31.05771531495435,31.46343231201172,1900000,0.0,0.0
2005-07-29 00:00:00-04:00,31.375535056204594,31.443153709807515,30.942766902892522,31.08477020263672,2147000,0.0,0.0
2005-08-01 00:00:00-04:00,31.050946589993313,31.14561628062728,30.712848290470813,30.868375778198242,2113300,0.0,0.0
2005-08-02 00:00:00-04:00,31.023898831677467,31.023898831677467,30.618179348815204,30.685800552368164,1471200,0.0,0.0
2005-08-03 00:00:00-04:00,30.607860833952703,30.757000363505064,29.977399727544142,30.133319854736328,6144500,0.115,0.0
2005-08-04 00:00:00-04:00,30.011290769822963,30.241781922648556,29.726565187607857,29.997732162475586,4511200,0.0,0.0
2005-08-05 00:00:00-04:00,29.760451056026643,30.0316153360353,29.529959995697894,29.604528427124023,2734100,0.0,0.0
2005-08-08 00:00:00-04:00,29.70622617910517,29.84180965562844,29.245243910549874,29.353710174560547,3834700,0.0,0.0
2005-08-09 00:00:00-04:00,29.39438736587718,29.509631645377382,29.096103186389893,29.285921096801758,4570700,0.0,0.0
2005-08-10 00:00:00-04:00,29.26556898541677,29.502840622269325,28.74357707362629,28.791030883789062,5283700,0.0,0.0
2005-08-11 00:00:00-04:00,28.831711538683326,29.184227495150356,28.824933529499447,29.007970809936523,6183200,0.0,0.0
2005-08-12 00:00:00-04:00,28.953728321232806,29.211336561079072,28.77747168515187,29.02829933166504,2918100,0.0,0.0
2005-08-15 00:00:00-04:00,29.01475303463533,29.326593223187846,28.913067365867203,29.143558502197266,2200700,0.0,0.0
2005-08-16 00:00:00-04:00,29.075762855564076,29.075762855564076,28.682573650148136,28.967296600341797,3398900,0.0,0.0
2005-08-17 00:00:00-04:00,28.96729082648045,29.943486928902136,28.899500400243568,29.59775161743164,4160000,0.0,0.0
2005-08-18 00:00:00-04:00,29.455397539766427,30.00450685336095,29.29947745158282,29.8146915435791,3368300,0.0,0.0
2005-08-19 00:00:00-04:00,29.82826552879627,30.214676943536034,29.75369445120772,30.0045223236084,4126200,0.0,0.0
2005-08-22 00:00:00-04:00,30.00450371262129,30.133309161667302,29.68588555970183,29.984167098999023,2720900,0.0,0.0
2005-08-23 00:00:00-04:00,30.04517637120857,30.07229357721724,29.46216937221761,29.590974807739258,3324900,0.0,0.0
2005-08-24 00:00:00-04:00,29.435061902370432,29.868929583901217,29.346934832751327,29.374052047729492,2710100,0.0,0.0
2005-08-25 00:00:00-04:00,29.577425786731393,29.672333452469235,29.353712643743677,29.42828369140625,2485100,0.0,0.0
2005-08-26 00:00:00-04:00,29.462184464892143,29.523196916647123,29.157122206117243,29.231693267822266,2091600,0.0,0.0
2005-08-29 00:00:00-04:00,28.81138127807034,29.658774845072408,28.736810230407766,29.42828369140625,2316400,0.0,0.0
2005-08-30 00:00:00-04:00,29.218134868248065,29.333381760633014,28.81816492298343,29.177461624145508,4815400,0.0,0.0
2005-08-31 00:00:00-04:00,29.191011933826527,29.475734905746183,28.88594975959853,29.4215030670166,4429000,0.0,0.0
2005-09-01 00:00:00-04:00,29.66555100113812,29.950276566591285,29.102883052566046,29.272361755371094,4825500,0.0,0.0
2005-09-02 00:00:00-04:00,29.31981293753345,29.489291625033644,29.089321819091605,29.258800506591797,1915300,0.0,0.0
2005-09-06 00:00:00-04:00,29.265581893447727,29.51641224184201,29.048649355296885,29.285921096801758,3968800,0.0,0.0
2005-09-07 00:00:00-04:00,29.265588159796682,29.489301342313624,29.18423908708161,29.360498428344727,2408700,0.0,0.0
2005-09-08 00:00:00-04:00,29.218134868248065,29.340159772636625,29.041878109709277,29.177461624145508,1988100,0.0,0.0
2005-09-09 00:00:00-04:00,29.22491546629212,29.38761361478324,29.08255393985228,29.177461624145508,1388400,0.0,0.0
2005-09-12 00:00:00-04:00,29.211345641548423,29.82824793865633,29.123216003093166,29.77401351928711,2085600,0.0,0.0
2005-09-13 00:00:00-04:00,29.66554070866324,29.828241344764518,29.367259226189592,29.509620666503906,2622000,0.0,0.0
2005-09-14 00:00:00-04:00,29.651992302891227,29.774014578734988,29.2045686713323,29.258800506591797,2049200,0.0,0.0
2005-09-15 00:00:00-04:00,29.41472713964001,29.468961573017456,29.089328297495705,29.109664916992188,2568100,0.0,0.0
2005-09-16 00:00:00-04:00,29.08253577055179,29.340141442397115,29.001184161090166,29.279129028320312,4960300,0.0,0.0
2005-09-19 00:00:00-04:00,29.12322961262733,29.319825595652564,28.506327027235574,28.641910552978516,2985000,0.0,0.0
2005-09-20 00:00:00-04:00,28.77070174805734,28.791040949551334,27.930088886107587,28.038555145263672,3444500,0.0,0.0
2005-09-21 00:00:00-04:00,28.024992111246064,28.49275229506114,27.46232170288199,28.11989974975586,3811500,0.0,0.0
2005-09-22 00:00:00-04:00,28.058899706646837,29.26558750473209,27.902979576582812,29.18423843383789,4422400,0.0,0.0
2005-09-23 00:00:00-04:00,29.16388275190195,29.448605606964684,28.87915731080057,29.02829933166504,2386100,0.0,0.0
2005-09-26 00:00:00-04:00,29.25201207643429,29.48250311276776,28.70967840079887,28.994403839111328,2387200,0.0,0.0
2005-09-27 00:00:00-04:00,28.85883938500606,29.37405619823059,28.83172216619628,29.245250701904297,2301300,0.0,0.0
2005-09-28 00:00:00-04:00,29.36726539425813,29.39438260364364,28.723245894569075,28.75714111328125,3911500,0.0,0.0
2005-09-29 00:00:00-04:00,28.716473284384676,29.028313492830577,28.479201536709827,28.88595199584961,2578500,0.0,0.0
2005-09-30 00:00:00-04:00,29.007975559974263,29.25880331748046,28.81137964293761,29.211349487304688,2762100,0.0,0.0
2005-10-03 00:00:00-04:00,29.17743443177834,29.455379213619416,29.02151444060291,29.041851043701172,2278800,0.0,0.0
2005-10-04 00:00:00-04:00,29.021510095568193,29.65874856227553,28.980834309423518,29.129976272583008,3247300,0.0,0.0
2005-10-05 00:00:00-04:00,29.02831251366095,29.30625748764633,28.709691719321672,29.089324951171875,3908400,0.0,0.0
2005-10-06 00:00:00-04:00,29.774003158341834,30.777318879216683,29.6655369433876,30.45191764831543,8745100,0.0,0.0
2005-10-07 00:00:00-04:00,30.573956439064272,30.946811647816546,30.451931568207115,30.940031051635742,3541000,0.0,0.0
2005-10-10 00:00:00-04:00,30.845123393422337,31.258651835100512,30.668866683317408,30.940031051635742,4766300,0.0,0.0
2005-10-11 00:00:00-04:00,30.8044482060468,31.136627602644193,30.716321142207313,30.85868263244629,2843800,0.0,0.0
2005-10-12 00:00:00-04:00,31.095946495167496,31.143400317177917,30.580732462180322,30.675640106201172,4752700,0.0,0.0
2005-10-13 00:00:00-04:00,30.540054139241132,30.86545285744242,30.540054139241132,30.756986618041992,3754900,0.0,0.0
2005-10-14 00:00:00-04:00,30.858677479040917,31.584046001738752,30.736652626060035,31.49591636657715,4538300,0.0,0.0
2005-10-17 00:00:00-04:00,31.35355693711814,31.60438466852402,31.2044148657765,31.597606658935547,2460200,0.0,0.0
2005-10-18 00:00:00-04:00,31.48914709630771,31.69252104570314,31.27221453881391,31.39423942565918,2440100,0.0,0.0
2005-10-19 00:00:00-04:00,31.556923182219634,32.38397979736328,31.251861104007723,32.38397979736328,5036000,0.0,0.0
2005-10-20 00:00:00-04:00,32.41109183671624,32.69581467365269,32.13314700664273,32.29584503173828,5342500,0.0,0.0
2005-10-21 00:00:00-04:00,32.48567114344689,32.66870842255044,32.153494389030314,32.37720489501953,4582200,0.0,0.0
2005-10-24 00:00:00-04:00,32.31619098572535,32.70260472568287,32.180610120942205,32.67548751831055,2318900,0.0,0.0
2005-10-25 00:00:00-04:00,32.53989495253121,32.6822563722993,32.2280549132187,32.485660552978516,3214100,0.0,0.0
2005-10-26 00:00:00-04:00,32.25518999511772,32.70261369532303,31.92978858947754,31.92978858947754,4363200,0.0,0.0
2005-10-27 00:00:00-04:00,31.997581562861395,32.26874595230229,31.373898553671452,31.42135238647461,3162000,0.0,0.0
2005-10-28 00:00:00-04:00,31.767077207393108,32.09925389896545,31.543364157688632,32.09247589111328,2359200,0.0,0.0
2005-10-31 00:00:00-05:00,32.16705305427341,32.946653408184574,32.16705305427341,32.790733337402344,3369900,0.0,0.0
2005-11-01 00:00:00-05:00,32.74328841753086,32.94666236575601,32.43822620217311,32.62804412841797,1984400,0.0,0.0
2005-11-02 00:00:00-05:00,32.655159465508895,33.14325902065024,32.61448622660719,32.885650634765625,2739200,0.0,0.0
2005-11-03 00:00:00-05:00,33.21782321938202,33.89573797896124,32.86530723407607,32.994110107421875,4049700,0.0,0.0
2005-11-04 00:00:00-05:00,33.02800307344713,33.326284592969785,32.87886102066621,33.27205276489258,1416200,0.0,0.0
2005-11-07 00:00:00-05:00,33.25171450484065,33.855058155694614,33.06189922215561,33.63134765625,3227500,0.0,0.0
2005-11-08 00:00:00-05:00,33.624562810593595,33.624562810593595,33.08223165288188,33.17713928222656,2243800,0.0,0.0
2005-11-09 00:00:00-05:00,33.11614121136715,33.353412973554626,32.946662489536116,32.980560302734375,2366400,0.0,0.0
2005-11-10 00:00:00-05:00,32.94664421528452,33.99741377664701,32.91274900692671,33.9364013671875,3919500,0.0,0.0
2005-11-11 00:00:00-05:00,33.63813036941996,34.09911262272771,33.63813036941996,33.99064636230469,2080300,0.0,0.0
2005-11-14 00:00:00-05:00,33.9364101762991,34.065213035908485,33.57711363353304,33.76015090942383,2433500,0.0,0.0
2005-11-15 00:00:00-05:00,33.50931194952044,33.57032435433437,32.91952709367808,33.38728713989258,3281200,0.0,0.0
2005-11-16 00:00:00-05:00,33.472225930106426,33.60133280917105,33.2140173561596,33.43145751953125,2279400,0.115,0.0
2005-11-17 00:00:00-05:00,33.47225744817556,33.866369735446774,33.370333733673235,33.852779388427734,2426600,0.0,0.0
2005-11-18 00:00:00-05:00,33.93431113051801,34.18572860482579,33.62853746473206,33.845977783203125,2622000,0.0,0.0
2005-11-21 00:00:00-05:00,33.77801515082115,33.94789050675015,33.499419670781265,33.5673713684082,2133400,0.0,0.0
2005-11-22 00:00:00-05:00,33.6013549412057,33.61494528437931,33.24801379497054,33.4654541015625,3868300,0.0,0.0
2005-11-23 00:00:00-05:00,33.56736932057243,34.498285488485394,33.34313262022183,34.3555908203125,2892600,0.0,0.0
2005-11-25 00:00:00-05:00,34.49148662756047,34.620593540162304,34.10417107393873,34.369178771972656,1314900,0.0,0.0
2005-11-28 00:00:00-05:00,34.30801703790098,34.46430200425936,33.97506030637826,34.144935607910156,2369000,0.0,0.0
2005-11-29 00:00:00-05:00,34.274052862572,34.73611406480642,34.11097396301419,34.48469924926758,2768500,0.0,0.0
2005-11-30 00:00:00-05:00,34.389575833971605,34.797275750533835,33.85956542402214,33.941104888916016,3202200,0.0,0.0
2005-12-01 00:00:00-05:00,33.023767067728535,33.43146946378092,32.62965760284592,33.15287399291992,6144100,0.0,0.0
2005-12-02 00:00:00-05:00,33.16645741649537,33.58774747169051,33.05094085446785,33.52659225463867,2469400,0.0,0.0
2005-12-05 00:00:00-05:00,33.45865909479541,33.73725464020293,33.30916791703284,33.69648361206055,2884300,0.0,0.0
2005-12-06 00:00:00-05:00,33.58095779614607,33.90712074775307,33.29556845360511,33.34992980957031,3390500,0.0,0.0
2005-12-07 00:00:00-05:00,33.53340530395508,33.66251227606082,33.25480973185917,33.53340530395508,2379500,0.0,0.0
2005-12-08 00:00:00-05:00,32.75195895346503,33.17324897933356,32.69080374067028,32.813114166259766,4520000,0.0,0.0
2005-12-09 00:00:00-05:00,32.88787202008049,33.31595607772942,32.77915188910884,32.98979568481445,2294800,0.0,0.0
2005-12-12 00:00:00-05:00,32.976210172342846,33.24801183561154,32.95582595483016,33.0781364440918,1805400,0.0,0.0
2005-12-13 00:00:00-05:00,33.07132806327143,33.159663960825625,32.73837386740782,33.037353515625,2908500,0.0,0.0
2005-12-14 00:00:00-05:00,32.969412977891785,33.60134957809022,32.969412977891785,33.445064544677734,2503300,0.0,0.0
2005-12-15 00:00:00-05:00,33.574178857632184,33.81200341554211,33.30237714108376,33.642127990722656,2958500,0.0,0.0
2005-12-16 00:00:00-05:00,33.74404046435017,33.8459667143406,33.05774516963687,33.125694274902344,4918500,0.0,0.0
2005-12-19 00:00:00-05:00,33.28196576322967,33.309146431125164,32.921830985933454,33.06452560424805,2847800,0.0,0.0
2005-12-20 00:00:00-05:00,33.003387534356676,33.63532413455511,32.88787352395755,33.445064544677734,2163200,0.0,0.0
2005-12-21 00:00:00-05:00,33.62853746473206,33.954697942438656,33.40430067825644,33.845977783203125,2434500,0.0,0.0
2005-12-22 00:00:00-05:00,33.90712692039218,33.90712692039218,33.58096390940868,33.866355895996094,1661600,0.0,0.0
2005-12-23 00:00:00-05:00,33.961490631103516,34.26047041052604,33.893541505991614,33.961490631103516,1485800,0.0,0.0
2005-12-27 00:00:00-05:00,34.07018221015887,34.24005747254864,33.77799655148119,33.81876754760742,1315400,0.0,0.0
2005-12-28 00:00:00-05:00,33.88672705952188,34.240068025242216,33.784803425929915,34.049808502197266,1306200,0.0,0.0
2005-12-29 00:00:00-05:00,33.94787730392429,34.14493326226612,33.89351855905587,33.954673767089844,1147400,0.0,0.0
2005-12-30 00:00:00-05:00,33.83917479448382,34.246877257123714,33.56057927812153,33.61494064331055,1380800,0.0,0.0
2006-01-03 00:00:00-05:00,33.80518991033933,34.00903978334011,33.118894733081966,33.92070388793945,2583100,0.0,0.0
2006-01-04 00:00:00-05:00,33.84596470556563,34.131354041253296,33.682883233678346,34.0294303894043,2320100,0.0,0.0
2006-01-05 00:00:00-05:00,34.30123985640932,34.30123985640932,33.574173364506095,33.82558822631836,3571200,0.0,0.0
2006-01-06 00:00:00-05:00,34.00904686479096,34.015843330824836,33.67609260771585,33.873146057128906,2627700,0.0,0.0
2006-01-09 00:00:00-05:00,33.9275052047733,34.17891999769449,33.71006496352921,34.0090446472168,3232100,0.0,0.0
2006-01-10 00:00:00-05:00,33.77121725425823,34.06340303901816,33.77121725425823,33.975067138671875,1532700,0.0,0.0
2006-01-11 00:00:00-05:00,33.97506516931454,34.51187182109173,33.92070382083959,34.44392013549805,2108200,0.0,0.0
2006-01-12 00:00:00-05:00,34.226486551600864,34.627392501892814,34.19251199827285,34.471107482910156,2206400,0.0,0.0
2006-01-13 00:00:00-05:00,34.62060460340581,34.70894053097878,34.49149764954699,34.654579162597656,1910900,0.0,0.0
2006-01-17 00:00:00-05:00,34.52548312748816,34.60702260763235,34.274065626229095,34.38278579711914,2528000,0.0,0.0
2006-01-18 00:00:00-05:00,34.11096631417779,34.5866177500669,34.05660496511993,34.47789764404297,2802100,0.0,0.0
2006-01-19 00:00:00-05:00,34.437124150342164,34.53905037643386,34.056602510636985,34.37596893310547,2201500,0.0,0.0
2006-01-20 00:00:00-05:00,34.355595331559215,34.539061039911914,33.750836844577755,33.764427185058594,4943900,0.0,0.0
2006-01-23 00:00:00-05:00,33.696469665498185,33.90711600224393,33.261589247009205,33.3838996887207,3523100,0.0,0.0
2006-01-24 00:00:00-05:00,33.42467154139984,33.90711948530587,33.356722441065365,33.66929244995117,2478700,0.0,0.0
2006-01-25 00:00:00-05:00,33.62172566305838,34.13135166307014,33.4858248779702,33.934295654296875,2182600,0.0,0.0
2006-01-26 00:00:00-05:00,34.24686305042557,34.24686305042557,33.86634142823276,34.036216735839844,2183800,0.0,0.0
2006-01-27 00:00:00-05:00,33.99545430812752,34.56623558941627,33.9275052047733,34.0090446472168,1743800,0.0,0.0
2006-01-30 00:00:00-05:00,33.92070444407159,34.13135078514462,33.580953786136135,33.757625579833984,1747900,0.0,0.0
2006-01-31 00:00:00-05:00,33.79839450990506,34.029425046753,33.49261841818108,33.90031814575195,1887000,0.0,0.0
2006-02-01 00:00:00-05:00,33.92071578941294,33.99546137389332,33.322756297755255,33.63532638549805,2424000,0.0,0.0
2006-02-02 00:00:00-05:00,33.818787627809236,34.260462017016216,33.458652687178684,34.117767333984375,2309700,0.0,0.0
2006-02-03 00:00:00-05:00,33.77801428738542,34.206100899169556,33.47223813611103,33.60134506225586,2378700,0.0,0.0
2006-02-06 00:00:00-05:00,33.404281242431395,33.60133722642054,33.26838047443573,33.479026794433594,1400400,0.0,0.0
2006-02-07 00:00:00-05:00,33.611851570140445,33.80936865280098,33.053356962598656,33.18276596069336,2641100,0.115,0.0
2006-02-08 00:00:00-05:00,33.155506091752876,33.489239186562024,33.019287388539574,33.4211311340332,1436500,0.0,0.0
2006-02-09 00:00:00-05:00,33.21000005645053,33.71400860094637,33.18275838773541,33.353031158447266,2013700,0.0,0.0
2006-02-10 00:00:00-05:00,33.44837627733832,34.01368040308732,33.291725673861954,33.877464294433594,2131100,0.0,0.0
2006-02-13 00:00:00-05:00,33.836597701951895,34.12946701049805,33.80935344112069,34.12946701049805,1557800,0.0,0.0
2006-02-14 00:00:00-05:00,34.16354376919141,34.96042204071869,34.05456925151287,34.85825729370117,2990500,0.0,0.0
2006-02-15 00:00:00-05:00,34.803745833788106,35.13067176985329,34.62666333339555,35.12385940551758,2578900,0.0,0.0
2006-02-16 00:00:00-05:00,35.16473791114472,35.51890563209461,35.00808725348245,35.23965835571289,2252000,0.0,0.0
2006-02-17 00:00:00-05:00,35.205597054382615,35.34181579026351,34.64029280798788,34.722023010253906,1717900,0.0,0.0
2006-02-21 00:00:00-05:00,34.74244756286543,34.96720881925283,34.39509232808714,34.53131103515625,1773500,0.0,0.0
2006-02-22 00:00:00-05:00,34.68116011532503,35.35544149710023,34.61986440604746,35.083003997802734,1801100,0.0,0.0
2006-02-23 00:00:00-05:00,35.10343147759882,35.19878380383343,34.71520980755445,34.81056213378906,1675200,0.0,0.0
2006-02-24 00:00:00-05:00,34.89229156351793,34.89229156351793,34.32698738544531,34.52450180053711,1381100,0.0,0.0
2006-02-27 00:00:00-05:00,34.722015951943796,35.38948476410485,34.40190237742,35.15110397338867,2287200,0.0,0.0
2006-02-28 00:00:00-05:00,35.00808237019022,35.34862790842882,34.67434659952764,34.86505126953125,2594300,0.0,0.0
2006-03-01 00:00:00-05:00,35.2124245189678,35.682376631204484,34.93317715984327,35.54615783691406,3655300,0.0,0.0
2006-03-02 00:00:00-05:00,34.905936734689895,36.302173684445954,34.585822922493016,35.96162796020508,6842000,0.0,0.0
2006-03-03 00:00:00-05:00,35.593815886911294,36.826591579700235,35.593815886911294,36.45199203491211,4486200,0.0,0.0
2006-03-06 00:00:00-05:00,36.25446685212795,36.64950080551848,35.96840993262901,36.61544418334961,6555200,0.0,0.0
2006-03-07 00:00:00-05:00,36.39749924696832,36.73123495395419,36.308959294592206,36.52009582519531,3352300,0.0,0.0
2006-03-08 00:00:00-05:00,36.50648183897583,36.70399888109099,36.42475163464266,36.62226867675781,2408200,0.0,0.0
2006-03-09 00:00:00-05:00,36.663134682020285,36.71081085054607,36.09782782927695,36.145503997802734,2053500,0.0,0.0
2006-03-10 00:00:00-05:00,36.165929064063164,36.78572173591897,36.12506526913902,36.758480072021484,2608700,0.0,0.0
2006-03-13 00:00:00-05:00,36.806155787829596,37.05134894704189,36.74485749802652,36.93556213378906,2679900,0.0,0.0
2006-03-14 00:00:00-05:00,36.79934406905359,37.67114227245685,36.778912171479305,37.643898010253906,3666900,0.0,0.0
2006-03-15 00:00:00-05:00,37.46001052856445,37.698391374483684,37.16033137967223,37.46001052856445,2924400,0.0,0.0
2006-03-16 00:00:00-05:00,37.5076866977483,37.589416902326846,37.30335988722377,37.46001052856445,2446000,0.0,0.0
2006-03-17 00:00:00-05:00,37.45320127614344,38.19559068985185,37.3510365703971,38.05937194824219,4459900,0.0,0.0
2006-03-20 00:00:00-05:00,38.07299376599725,38.35224101480733,37.88228649006513,38.1411018371582,3491800,0.0,0.0
2006-03-21 00:00:00-05:00,37.732444763183594,38.216018779409225,37.528115372074275,37.732444763183594,3309700,0.0,0.0
2006-03-22 00:00:00-05:00,37.589428337264415,37.68478330279604,37.19439672983343,37.56899642944336,3110400,0.0,0.0
2006-03-23 00:00:00-05:00,37.58261149742759,37.60304340140505,37.187577366152304,37.45320510864258,2126700,0.0,0.0
2006-03-24 00:00:00-05:00,37.51449879199708,37.71882560104164,36.990058336617025,37.21481704711914,2573000,0.0,0.0
2006-03-27 00:00:00-05:00,37.13309100705873,37.42596041885423,37.010494388253335,37.30336380004883,2184100,0.0,0.0
2006-03-28 00:00:00-05:00,37.425941037205405,37.6575120196753,36.847012281953035,36.962799072265625,3015900,0.0,0.0
2006-03-29 00:00:00-05:00,37.01048295474129,37.473625016450114,36.94918466427525,37.2420539855957,1973100,0.0,0.0
2006-03-30 00:00:00-05:00,37.187577119112426,37.51450316951994,36.74486941421623,36.92876434326172,2461900,0.0,0.0
2006-03-31 00:00:00-05:00,36.96962770399053,37.139900495697425,36.87427535633973,36.88789749145508,2159600,0.0,0.0
2006-04-03 00:00:00-04:00,37.10585025686529,37.310177108206624,36.85384722681621,36.99687576293945,2748600,0.0,0.0
2006-04-04 00:00:00-04:00,37.14670181916161,37.391894982032255,36.88107675877037,37.25567626953125,2117200,0.0,0.0
2006-04-05 00:00:00-04:00,37.16714098368349,37.71201334206631,37.092220547251536,37.555362701416016,3365200,0.0,0.0
2006-04-06 00:00:00-04:00,37.92994780993606,38.54974036821486,37.79373172094276,38.542930603027344,5813600,0.0,0.0
2006-04-07 00:00:00-04:00,38.44757807389787,39.08099275695789,37.88227143493138,37.93675994873047,3650500,0.0,0.0
2006-04-10 00:00:00-04:00,37.46680870883662,37.58940527686657,36.77209828754099,37.07177734375,7034200,0.0,0.0
2006-04-11 00:00:00-04:00,37.17396157018585,37.39191056173569,36.663143134086496,36.94239044189453,2667500,0.0,0.0
2006-04-12 00:00:00-04:00,36.94237131742494,37.255672505817245,36.77209859353926,37.099021911621094,1578900,0.0,0.0
2006-04-13 00:00:00-04:00,37.003676765397856,37.24886735280837,36.77891547924312,36.840213775634766,1540000,0.0,0.0
2006-04-17 00:00:00-04:00,36.79935855215057,37.010497770087525,36.27491799004153,36.70400619506836,2202100,0.0,0.0
2006-04-18 00:00:00-04:00,36.64951659018505,37.78012782220097,36.64951659018505,37.66434097290039,4397800,0.0,0.0
2006-04-19 00:00:00-04:00,37.855044865834714,37.86185463369642,37.0036809845213,37.31698226928711,3010400,0.0,0.0
2006-04-20 00:00:00-04:00,37.29656223802497,37.52132363699955,37.119479625204065,37.35786056518555,2053000,0.0,0.0
2006-04-21 00:00:00-04:00,37.41913653880143,37.562167615503405,36.55415070477747,36.758480072021484,2692700,0.0,0.0
2006-04-24 00:00:00-04:00,36.56779127919394,37.276126860902366,36.52692746365966,37.10585403442383,2021100,0.0,0.0
2006-04-25 00:00:00-04:00,36.92874911972704,37.37826900603116,36.92874911972704,37.146697998046875,1929500,0.0,0.0
2006-04-26 00:00:00-04:00,37.22161443369125,37.289722476578135,36.89468855299938,37.13307189941406,2370300,0.0,0.0
2006-04-27 00:00:00-04:00,36.94918084359545,37.3987007278125,36.785717886536716,37.02410125732422,2692500,0.0,0.0
2006-04-28 00:00:00-04:00,37.146697757341144,37.146697757341144,36.64268935564518,37.07177734375,2679400,0.0,0.0
2006-05-01 00:00:00-04:00,37.28292745588133,37.41914359552467,36.79254103906504,36.86064910888672,2938000,0.0,0.0
2006-05-02 00:00:00-04:00,36.86064162429211,37.05134885775085,36.65631485815954,36.765289306640625,2635000,0.0,0.0
2006-05-03 00:00:00-04:00,36.66994825486555,37.09222404769341,36.329402673969014,36.751678466796875,3759200,0.0,0.0
2006-05-04 00:00:00-04:00,37.35785308459477,38.120677136101264,37.12628196148688,37.82099533081055,4146700,0.0,0.0
2006-05-05 00:00:00-04:00,38.073016712151876,38.70643202869479,37.88912169139833,38.617889404296875,3369400,0.0,0.0
2006-05-08 00:00:00-04:00,38.70660886500784,39.07524385518097,38.38575960273194,38.80900573730469,1867600,0.13,0.0
2006-05-09 00:00:00-04:00,38.87043582479415,38.87726384382882,38.37892522347423,38.64516067504883,1457300,0.0,0.0
2006-05-10 00:00:00-04:00,38.665643133858545,39.075238378013665,38.45402139829857,38.77486801147461,1902000,0.0,0.0
2006-05-11 00:00:00-04:00,38.58374717664893,38.80219705672154,38.01031559042632,38.26972579956055,2234000,0.0,0.0
2006-05-12 00:00:00-04:00,38.31066572118613,38.31749374158735,37.47782691698491,37.703102111816406,2677800,0.0,0.0
2006-05-15 00:00:00-04:00,37.32765186074652,37.9693479341105,37.17746662063107,37.92156219482422,2968300,0.0,0.0
2006-05-16 00:00:00-04:00,37.81916678727274,37.983002870097565,37.61436777755034,37.70994186401367,2415700,0.0,0.0
2006-05-17 00:00:00-04:00,37.409576679192185,37.61437311384114,36.78835935175116,36.870277404785156,3972800,0.0,0.0
2006-05-18 00:00:00-04:00,37.061391274380476,37.061391274380476,36.481132168121995,36.50161361694336,2602300,0.0,0.0
2006-05-19 00:00:00-04:00,36.53575172092428,37.20475433033237,36.201249114157164,36.99995803833008,3685800,0.0,0.0
2006-05-22 00:00:00-04:00,36.754220060269645,37.177466291975485,36.672302022806974,36.93853759765625,2864000,0.0,0.0
2006-05-23 00:00:00-04:00,36.87710121650177,37.341307804223405,36.590384157437164,36.61769104003906,2618300,0.0,0.0
2006-05-24 00:00:00-04:00,36.58354132277967,37.218411718333364,36.522102168238135,36.733726501464844,4685300,0.0,0.0
2006-05-25 00:00:00-04:00,36.76104584097709,37.197948121385345,36.59720976443554,37.13650894165039,2921900,0.0,0.0
2006-05-26 00:00:00-04:00,37.22524318815945,37.31398922673717,36.97266111357487,37.156978607177734,1938900,0.0,0.0
2006-05-30 00:00:00-04:00,37.0477691462628,37.08190145097044,36.41972380230485,36.56308364868164,3078300,0.0,0.0
2006-05-31 00:00:00-04:00,36.173952099028796,36.57671934911565,35.71657110459886,36.132991790771484,8559600,0.0,0.0
2006-06-01 00:00:00-04:00,36.24905198418904,37.03410784655027,36.11252279432393,37.02045440673828,4182300,0.0,0.0
2006-06-02 00:00:00-04:00,36.81565075266139,36.89074335474495,36.010116191608994,36.48797607421875,3163000,0.0,0.0
2006-06-05 00:00:00-04:00,36.3377866906853,36.460665006484376,35.853101447325905,35.88723373413086,2577100,0.0,0.0
2006-06-06 00:00:00-04:00,35.89407511795287,36.02377889775328,35.5186120109273,35.84628677368164,3283900,0.0,0.0
2006-06-07 00:00:00-04:00,35.832614790452574,36.27633963051107,35.6278159059822,35.696083068847656,3302100,0.0,0.0
2006-06-08 00:00:00-04:00,35.73022724101464,36.67229356911652,35.696094950283985,36.48797607421875,5211900,0.0,0.0
2006-06-09 00:00:00-04:00,36.55624531224358,36.67229824046296,36.18761027549102,36.208091735839844,2746100,0.0,0.0
2006-06-12 00:00:00-04:00,36.153487737265955,36.2695406968049,35.66197682641083,35.70976257324219,2639900,0.0,0.0
2006-06-13 00:00:00-04:00,35.66195288348146,36.21490261246687,35.63464601673187,35.92818832397461,3712700,0.0,0.0
2006-06-14 00:00:00-04:00,35.88724054507903,36.43336504998555,35.79849449924202,36.16712951660156,2897100,0.0,0.0
2006-06-15 00:00:00-04:00,36.1807785565715,36.84978131927327,36.05790023238885,36.774688720703125,3000100,0.0,0.0
2006-06-16 00:00:00-04:00,36.59720426201712,36.863439799464025,36.41971216763446,36.69277572631836,3179700,0.0,0.0
2006-06-19 00:00:00-04:00,36.69277184669319,36.8497824648908,36.24904426178013,36.55624008178711,2034400,0.0,0.0
2006-06-20 00:00:00-04:00,37.0818801843696,37.77818973840663,37.05457331461292,37.464168548583984,6346000,0.0,0.0
2006-06-21 00:00:00-04:00,37.35496160713523,38.34481137182342,37.35496160713523,38.06492233276367,4149800,0.0,0.0
2006-06-22 00:00:00-04:00,37.894255234967304,38.01030817593999,37.53244817994699,37.73041915893555,2687800,0.0,0.0
2006-06-23 00:00:00-04:00,37.61435333424015,38.324316364873475,37.61435333424015,37.88741683959961,1879200,0.0,0.0
2006-06-26 00:00:00-04:00,37.84647442651437,38.48817318626873,37.812342123238196,38.43355941772461,2763300,0.0,0.0
2006-06-27 00:00:00-04:00,38.31068060386187,38.74758033069984,37.839648574138636,37.98983383178711,2979300,0.0,0.0
2006-06-28 00:00:00-04:00,38.051275919487935,38.39942960206366,37.88743720736948,38.26972579956055,1870000,0.0,0.0
2006-06-29 00:00:00-04:00,38.25607150426672,39.06843181493089,38.01714016292225,39.01382064819336,4146400,0.0,0.0
2006-06-30 00:00:00-04:00,38.972845712692745,39.17081665168695,38.7066101898308,39.000152587890625,4012900,0.0,0.0
2006-07-03 00:00:00-04:00,39.034294179306706,39.3346620656618,38.8772835157033,39.30735778808594,1347400,0.0,0.0
2006-07-05 00:00:00-04:00,39.252733329638296,39.55310113415334,38.699780844378594,38.80900573730469,2148100,0.0,0.0
2006-07-06 00:00:00-04:00,37.81915717458447,38.19461759009687,37.634839675159775,38.12635040283203,4707700,0.0,0.0
2006-07-07 00:00:00-04:00,37.97616757243988,38.706609544989,37.880596114966444,38.337974548339844,3417300,0.0,0.0
2006-07-10 00:00:00-04:00,38.24923454717921,38.74074795365648,38.221930272251726,38.44038009643555,2602100,0.0,0.0
2006-07-11 00:00:00-04:00,38.40624722211144,38.82266803522465,38.2151042668965,38.72709655761719,3017900,0.0,0.0
2006-07-12 00:00:00-04:00,38.570077653117465,38.84314119142746,38.1195246377948,38.14683151245117,3488600,0.0,0.0
2006-07-13 00:00:00-04:00,37.92837920190159,38.146828976375865,37.32081299976037,37.580223083496094,6125600,0.0,0.0
2006-07-14 00:00:00-04:00,37.471005031899075,37.64849713361758,36.24904959268152,36.5357666015625,6483100,0.0,0.0
2006-07-17 00:00:00-04:00,36.52893242147058,37.04092457574949,36.48114669540135,36.83612823486328,3719100,0.0,0.0
2006-07-18 00:00:00-04:00,36.563079724184284,36.63816974483015,35.74389147848874,36.098873138427734,5563500,0.0,0.0
2006-07-19 00:00:00-04:00,36.180778493249214,36.97265957874771,36.180778493249214,36.72007751464844,6246800,0.0,0.0
2006-07-20 00:00:00-04:00,36.59721566040569,36.89758358520742,36.399244648907136,36.41972351074219,3037200,0.0,0.0
2006-07-21 00:00:00-04:00,36.26269888470799,36.41970950804086,35.80532045205922,35.88041305541992,5297800,0.0,0.0
2006-07-24 00:00:00-04:00,36.11934452070062,36.55624413352269,35.9213735698509,36.42654037475586,4419600,0.0,0.0
2006-07-25 00:00:00-04:00,36.460666586237494,36.931698414458275,36.01693902616777,36.863433837890625,3266300,0.0,0.0
2006-07-26 00:00:00-04:00,36.79515384412574,36.829286118108115,36.18758790908691,36.40604019165039,3731300,0.0,0.0
2006-07-27 00:00:00-04:00,36.45384564475138,36.508456791883404,34.97248019343815,35.12266540527344,5313600,0.0,0.0
2006-07-28 00:00:00-04:00,35.4511776839384,35.683868919449765,34.69835448060854,35.49908447265625,4768700,0.13,0.0
2006-07-31 00:00:00-04:00,35.58804912283289,36.203997171171416,35.458016806283084,36.10818099975586,3852000,0.0,0.0
2006-08-01 00:00:00-04:00,35.8618027028103,35.964458965551295,35.307449485403964,35.7591438293457,3538800,0.0,0.0
2006-08-02 00:00:00-04:00,35.765982012055325,36.0328945271582,35.3416637694704,35.8891716003418,2745600,0.0,0.0
2006-08-03 00:00:00-04:00,35.34850756787038,35.97814089365249,34.21242788857917,34.903656005859375,7369500,0.0,0.0
2006-08-04 00:00:00-04:00,35.232173380536565,35.89602830460481,35.150047832532735,35.4374885559082,4404200,0.0,0.0
2006-08-07 00:00:00-04:00,35.48540270660916,35.581218911674284,34.82839296479613,35.225337982177734,3177800,0.0,0.0
2006-08-08 00:00:00-04:00,35.48539809850364,35.697558608938465,35.156893270256504,35.35536575317383,3176100,0.0,0.0
2006-08-09 00:00:00-04:00,35.69754649357926,35.930237660955335,34.212431256740345,34.35615158081055,4011700,0.0,0.0
2006-08-10 00:00:00-04:00,34.226122021058394,35.30060979338122,33.822334420725255,35.08160400390625,4723500,0.0,0.0
2006-08-11 00:00:00-04:00,34.94472345690217,35.08844378075116,34.397212985761094,34.73256301879883,4471900,0.0,0.0
2006-08-14 00:00:00-04:00,35.067905233715855,35.923386890746436,34.883120882510504,35.34850311279297,3863300,0.0,0.0
2006-08-15 00:00:00-04:00,35.86180002372901,35.86180002372901,35.074755681226755,35.4648551940918,3295200,0.0,0.0
2006-08-16 00:00:00-04:00,35.52643408624326,35.64278092277113,35.04052124189814,35.553810119628906,3564500,0.0,0.0
2006-08-17 00:00:00-04:00,35.55382600882576,35.99183229585449,35.21847597678747,35.48538589477539,4488800,0.0,0.0
2006-08-18 00:00:00-04:00,35.67016870035786,35.978142673080264,35.21163170486706,35.964454650878906,3450100,0.0,0.0
2006-08-21 00:00:00-04:00,35.82073530925585,35.91654885655112,35.15003786746565,35.19794464111328,4228600,0.0,0.0
2006-08-22 00:00:00-04:00,35.02684759560539,35.68385700207747,35.02684759560539,35.30744552612305,3812500,0.0,0.0
2006-08-23 00:00:00-04:00,35.533292330788804,35.533292330788804,34.465652669006545,34.561466217041016,3756100,0.0,0.0
2006-08-24 00:00:00-04:00,34.8215279693708,34.8215279693708,33.38431714191945,33.95235824584961,6969300,0.0,0.0
2006-08-25 00:00:00-04:00,33.39800803160149,33.528042932489164,33.09687938614118,33.25428771972656,5140900,0.0,0.0
2006-08-28 00:00:00-04:00,33.3364123381516,33.863389411504855,33.15162796614021,33.644386291503906,3547100,0.0,0.0
2006-08-29 00:00:00-04:00,33.78811155230712,33.88392510501193,33.05581927295068,33.70598602294922,3108900,0.0,0.0
2006-08-30 00:00:00-04:00,32.001863386030145,32.84365981045005,31.481731578238406,32.289306640625,23977100,0.0,0.0
2006-08-31 00:00:00-04:00,32.37826912358982,32.569896170032244,31.858134839356516,32.02238845825195,8895900,0.0,0.0
2006-09-01 00:00:00-04:00,32.241388654977364,32.61095730634637,32.11819910452103,32.4056396484375,4582200,0.0,0.0
2006-09-05 00:00:00-04:00,32.508307708157375,33.12425563533806,32.41933687184834,32.99422073364258,4992000,0.0,0.0
2006-09-06 00:00:00-04:00,32.829967931468744,33.048971046995554,32.57674345792837,32.64518356323242,4554400,0.0,0.0
2006-09-07 00:00:00-04:00,32.69309118173872,32.871030238710254,32.12505004119754,32.296146392822266,4472000,0.0,0.0
2006-09-08 00:00:00-04:00,32.49461571167964,32.959997952908516,32.2619245910652,32.89840316772461,4274900,0.0,0.0
2006-09-11 00:00:00-04:00,32.85051352507436,33.63755812256897,32.63151031043181,33.28167724609375,5119900,0.0,0.0
2006-09-12 00:00:00-04:00,33.281660928277205,34.46564729278781,33.090031251376764,33.931827545166016,5783100,0.0,0.0
2006-09-13 00:00:00-04:00,33.877077235066814,34.25348868220071,33.5348845357227,33.90445327758789,4470800,0.0,0.0
2006-09-14 00:00:00-04:00,33.74705025202645,34.35615293485475,33.40485749891181,34.15768051147461,4841700,0.0,0.0
2006-09-15 00:00:00-04:00,34.52039513934765,34.99262268837549,33.890761888274334,34.09607696533203,7989500,0.0,0.0
2006-09-18 00:00:00-04:00,34.150832438831344,34.150832438831344,33.61701005256282,33.90445327758789,3726300,0.0,0.0
2006-09-19 00:00:00-04:00,34.178202576261555,34.86258790898326,33.993418223139955,34.807838439941406,5057800,0.0,0.0
2006-09-20 00:00:00-04:00,34.97210718603568,35.71124497320973,34.924200397317826,35.49908447265625,6155000,0.0,0.0
2006-09-21 00:00:00-04:00,35.54698473650482,35.827582709228544,33.911303680086746,34.397216796875,7072800,0.0,0.0
2006-09-22 00:00:00-04:00,34.28088632460148,34.513577611199736,34.08925912765871,34.14400863647461,3629800,0.0,0.0
2006-09-25 00:00:00-04:00,34.759936140697995,35.403257496235895,34.04817467666254,35.07475280761719,5206100,0.0,0.0
2006-09-26 00:00:00-04:00,35.19110241446765,35.560671224248466,34.39037260399946,35.327980041503906,6283700,0.0,0.0
2006-09-27 00:00:00-04:00,35.074764149290466,35.25954858590044,34.32194098744897,34.64360046386719,7073600,0.0,0.0
2006-09-28 00:00:00-04:00,34.69149194691403,34.84205755715479,33.9249810970684,34.267173767089844,6386200,0.0,0.0
2006-09-29 00:00:00-04:00,34.36985890995892,34.534110055238656,33.94553779474902,34.00028991699219,4135500,0.0,0.0
2006-10-02 00:00:00-04:00,33.92499218757014,33.92499218757014,33.1926998431866,33.36379623413086,5419600,0.0,0.0
2006-10-03 00:00:00-04:00,33.02160136288312,34.02080359620188,32.77522215779661,33.71282958984375,7705100,0.0,0.0
2006-10-04 00:00:00-04:00,33.52804683957351,34.51356102106091,33.19953950168755,34.43827819824219,5680700,0.0,0.0
2006-10-05 00:00:00-04:00,33.94552556420826,34.7394127756232,33.54858326386276,34.465660095214844,7963900,0.0,0.0
2006-10-06 00:00:00-04:00,34.458787080037396,34.458787080037396,33.685433834027464,33.863372802734375,4219000,0.0,0.0
2006-10-09 00:00:00-04:00,33.972901744300735,34.23296901079028,33.63755425265208,34.08924865722656,2289700,0.0,0.0
2006-10-10 00:00:00-04:00,34.21244182906258,34.47250651182425,33.87709169187886,34.055030822753906,3086700,0.0,0.0
2006-10-11 00:00:00-04:00,34.06185868722155,34.32876855212262,33.73335403728771,34.267173767089844,3962900,0.0,0.0
2006-10-12 00:00:00-04:00,35.444317042751145,37.196341825362445,35.1705618651067,36.888370513916016,18346400,0.0,0.0
2006-10-13 00:00:00-04:00,36.68308123966105,36.765209423003746,36.245074704732836,36.40932846069336,4914800,0.0,0.0
2006-10-16 00:00:00-04:00,36.27927401559339,36.71728292629889,36.13555368792243,36.25874328613281,4329600,0.0,0.0
2006-10-17 00:00:00-04:00,35.957609069537305,36.29295644912074,35.800200742894845,35.90970230102539,3821600,0.0,0.0
2006-10-18 00:00:00-04:00,36.09448208357199,36.34085860001781,35.58803580986741,35.6838493347168,4050100,0.0,0.0
2006-10-19 00:00:00-04:00,35.588056999522756,35.861812328424186,35.197957352809006,35.35536575317383,4684400,0.0,0.0
2006-10-20 00:00:00-04:00,35.478547703239684,35.48539041015373,34.951570506251365,35.37588882446289,3501900,0.0,0.0
2006-10-23 00:00:00-04:00,35.19793643731164,36.16291961272173,35.19793643731164,36.06026077270508,5242200,0.0,0.0
2006-10-24 00:00:00-04:00,36.012357653725864,36.1560805664347,35.72491704975421,35.92338943481445,3122300,0.0,0.0
2006-10-25 00:00:00-04:00,35.94392684644029,36.388775855911554,35.60173409574386,35.978145599365234,5140600,0.0,0.0
2006-10-26 00:00:00-04:00,36.10134157671153,36.854164716960014,35.9302451711347,36.6077880859375,3552800,0.0,0.0
2006-10-27 00:00:00-04:00,36.62830434891419,36.63514705371547,36.19029814139067,36.279266357421875,2771600,0.0,0.0
2006-10-30 00:00:00-05:00,36.07396375636557,36.546191483465364,36.012368948949245,36.34087371826172,2582600,0.0,0.0
2006-10-31 00:00:00-05:00,36.313501846405046,36.81994574193531,36.217685666836125,36.53250503540039,4106500,0.0,0.0
2006-11-01 00:00:00-05:00,36.64884463971819,36.90891187233627,35.93024035476756,36.210838317871094,4389300,0.0,0.0
2006-11-02 00:00:00-05:00,35.58804119757887,36.55986722328872,35.24584849375599,36.27242660522461,6367600,0.0,0.0
2006-11-03 00:00:00-05:00,36.443526634640484,36.443526634640484,35.17741454702215,35.4648551940918,4497500,0.0,0.0
2006-11-06 00:00:00-05:00,35.57435495083168,36.176614870607274,35.51960547306478,35.8686408996582,2240900,0.0,0.0
2006-11-07 00:00:00-05:00,35.937064543152765,36.44351072352137,35.75912554561487,35.9849739074707,2582400,0.0,0.0
2006-11-08 00:00:00-05:00,35.89601427991869,36.10817208026487,35.55382158442036,35.90970230102539,3169400,0.0,0.0
2006-11-09 00:00:00-05:00,35.848112958006396,35.97814526219197,35.35535456618995,35.41010665893555,2963200,0.0,0.0
2006-11-10 00:00:00-05:00,35.56750477091515,36.272420792392644,35.39640844642273,36.203983306884766,2618300,0.0,0.0
2006-11-13 00:00:00-05:00,36.27928233655501,36.559880350008754,35.62227273589124,35.677024841308594,2620600,0.0,0.0
2006-11-14 00:00:00-05:00,36.026052176067374,36.34771419537195,35.793361002453665,35.88233184814453,5091300,0.0,0.0
2006-11-15 00:00:00-05:00,35.92349112664481,36.60957765658925,35.92349112664481,36.36944580078125,2861600,0.13,0.0
2006-11-16 00:00:00-05:00,36.6301750687516,36.66447888646595,36.04013998209604,36.6507568359375,2528700,0.0,0.0
2006-11-17 00:00:00-05:00,36.41061789228965,36.78796502205825,36.280262372467874,36.637027740478516,3939500,0.0,0.0
2006-11-20 00:00:00-05:00,36.73992870786099,37.576955010582495,36.71934695196197,36.90459060668945,4546500,0.0,0.0
2006-11-21 00:00:00-05:00,36.78109744953911,37.04867076408129,36.66446138433143,36.8565673828125,1825600,0.0,0.0
2006-11-22 00:00:00-05:00,37.04182784240697,37.0486875588995,36.520400403716245,36.88402557373047,1516400,0.0,0.0
2006-11-24 00:00:00-05:00,36.678186277783,37.0280918833774,36.56841253464235,36.71249008178711,962300,0.0,0.0
2006-11-27 00:00:00-05:00,36.95263435328396,37.316259508818774,36.47237308431268,36.63017272949219,2570900,0.0,0.0
2006-11-28 00:00:00-05:00,36.609574982670615,36.68504491420625,36.05384399180906,36.293975830078125,2676500,0.0,0.0
2006-11-29 00:00:00-05:00,36.29397594359999,36.63701918458974,36.24595009923841,36.56840896606445,2369500,0.0,0.0
2006-11-30 00:00:00-05:00,36.22538288099013,36.30771256499862,35.683373675406216,35.88233947753906,4309500,0.0,0.0
2006-12-01 00:00:00-05:00,35.86860244910946,36.12931605968169,35.49125538633083,35.813716888427734,3211200,0.0,0.0
2006-12-04 00:00:00-05:00,35.751982489462435,36.89774615467542,35.751982489462435,36.63017272949219,2902400,0.0,0.0
2006-12-05 00:00:00-05:00,36.82914058560439,37.378009516352854,36.46551540971107,37.323123931884766,2989000,0.0,0.0
2006-12-06 00:00:00-05:00,37.391714811187555,37.528932636689426,37.028089798238085,37.34368896484375,2030100,0.0,0.0
2006-12-07 00:00:00-05:00,37.34370094254083,37.52208234085905,36.77424770008475,36.82913589477539,2161400,0.0,0.0
2006-12-08 00:00:00-05:00,36.87031260466831,37.261381943639975,36.705650590631535,36.83600616455078,1853000,0.0,0.0
2006-12-11 00:00:00-05:00,36.877163540499055,37.33684041581126,36.6438939362055,37.08985137939453,2076600,0.0,0.0
2006-12-12 00:00:00-05:00,36.84969957851768,37.110413140950236,36.35571915474407,36.52724075317383,3710100,0.0,0.0
2006-12-13 00:00:00-05:00,36.78795460377991,36.801676646803436,36.16361604087598,36.45863342285156,3097400,0.0,0.0
2006-12-14 00:00:00-05:00,37.4260341999604,37.81710346432008,36.93205348652437,37.1241569519043,9833100,0.0,0.0
2006-12-15 00:00:00-05:00,37.39172085020678,37.43974670430709,36.80168593730269,36.863433837890625,5623200,0.0,0.0
2006-12-18 00:00:00-05:00,37.01436757968653,37.17902687574362,36.80854215100901,36.91831588745117,3932000,0.0,0.0
2006-12-19 00:00:00-05:00,36.81540878389998,36.84285287747168,36.3282879004601,36.55469512939453,4069300,0.0,0.0
2006-12-20 00:00:00-05:00,36.499811280441975,36.67133294753314,36.25281966107663,36.31456756591797,2327200,0.0,0.0
2006-12-21 00:00:00-05:00,36.42434066142873,36.56841823101689,35.78627986215212,35.902915954589844,2168600,0.0,0.0
2006-12-22 00:00:00-05:00,35.861742735478884,36.074430498999966,35.64219525832723,35.813716888427734,1749800,0.0,0.0
2006-12-26 00:00:00-05:00,36.0263989419081,36.28711253009834,35.813713813858186,36.14989471435547,1794600,0.0,0.0
2006-12-27 00:00:00-05:00,36.362592036712535,36.73993916648113,36.191070376162,36.637027740478516,3185900,0.0,0.0
2006-12-28 00:00:00-05:00,36.479231613124256,36.64389358637673,36.34887607149212,36.43120574951172,1632400,0.0,0.0
2006-12-29 00:00:00-05:00,36.21164764350722,36.630160862060755,36.12931798948091,36.27339553833008,1573100,0.0,0.0
2007-01-03 00:00:00-05:00,36.60271055023521,37.11041566772921,35.9715122812983,36.2528076171875,3888100,0.0,0.0
2007-01-04 00:00:00-05:00,36.664467281099874,37.199616613464904,36.376312162852535,37.096702575683594,3982700,0.0,0.0
2007-01-05 00:00:00-05:00,37.15159182064585,37.21333972163424,36.4380611019384,36.64388656616211,3511500,0.0,0.0
2007-01-08 00:00:00-05:00,36.479232234289384,36.9183299647018,36.4449284192982,36.79483413696289,2978100,0.0,0.0
2007-01-09 00:00:00-05:00,36.794826562902806,37.15845163794262,36.77424218437465,37.06925964355469,3211500,0.0,0.0
2007-01-10 00:00:00-05:00,36.822258558906604,37.34368572716376,36.678181032366645,37.32996368408203,3842600,0.0,0.0
2007-01-11 00:00:00-05:00,37.32997265525601,38.02291898553398,37.199617140470615,37.95431137084961,3427300,0.0,0.0
2007-01-12 00:00:00-05:00,37.72790830777525,38.462020858120624,37.72790830777525,38.38655090332031,3538600,0.0,0.0
2007-01-16 00:00:00-05:00,38.35223692133066,38.585506439208984,38.21501909601182,38.585506439208984,3041900,0.0,0.0
2007-01-17 00:00:00-05:00,38.42085479100534,38.96286390636672,38.37282893189362,38.887393951416016,4804700,0.0,0.0
2007-01-18 00:00:00-05:00,38.887378783007385,39.27844783592699,38.73643893198157,39.0383186340332,3675900,0.0,0.0
2007-01-19 00:00:00-05:00,38.87367630725173,39.09322386440874,38.70901433077731,38.94914627075195,2818400,0.0,0.0
2007-01-22 00:00:00-05:00,38.8462209869454,38.92855326000627,38.34537810328169,38.654117584228516,3358100,0.0,0.0
2007-01-23 00:00:00-05:00,38.6747143040832,39.203001483119834,38.50319259467703,38.722740173339844,2775100,0.0,0.0
2007-01-24 00:00:00-05:00,38.76389237366089,39.230431464703194,38.75017032778168,39.148101806640625,2026300,0.0,0.0
2007-01-25 00:00:00-05:00,38.99029622210038,39.08634791130379,38.13268811533814,38.235599517822266,2515500,0.0,0.0
2007-01-26 00:00:00-05:00,38.31793526875688,38.31793526875688,37.83081441462998,37.981754302978516,1841500,0.0,0.0
2007-01-29 00:00:00-05:00,37.72790239239579,38.34537874744993,37.50149256349378,37.920005798339844,3074000,0.0,0.0
2007-01-30 00:00:00-05:00,38.1326882717979,38.304209893854114,37.721034808535656,37.940582275390625,2177500,0.0,0.0
2007-01-31 00:00:00-05:00,38.07094761152299,38.77761599105848,37.755345777936405,38.53062438964844,3101100,0.0,0.0
2007-02-01 00:00:00-05:00,38.59237145099207,39.02460674406273,38.482597699108865,38.68842315673828,2176800,0.0,0.0
2007-02-02 00:00:00-05:00,38.770762503711246,38.914842715543514,38.28364152159201,38.42771911621094,2224400,0.0,0.0
2007-02-05 00:00:00-05:00,38.420852393812496,38.90111357217773,38.324800681582026,38.5649299621582,3316100,0.0,0.0
2007-02-06 00:00:00-05:00,38.78449132088466,39.134397102830434,38.7021616263384,38.81193542480469,1675400,0.0,0.0
2007-02-07 00:00:00-05:00,38.84622698837722,39.41568018756762,38.84622698837722,39.19613265991211,2986700,0.0,0.0
2007-02-08 00:00:00-05:00,38.448285512045736,39.16867576533619,38.20129396984053,38.846214294433594,5392400,0.0,0.0
2007-02-09 00:00:00-05:00,38.95600387287291,39.024614116519565,38.31794300163157,38.407135009765625,2510300,0.0,0.0
2007-02-12 00:00:00-05:00,38.97791170957027,38.99166569814942,38.2627200432852,38.37274932861328,2442500,0.13,0.0
2007-02-13 00:00:00-05:00,38.60657101598506,38.936658950015286,38.4415283606228,38.826629638671875,2285000,0.0,0.0
2007-02-14 00:00:00-05:00,38.860999617043596,39.30111933068209,38.744094662619545,39.23234939575195,2246200,0.0,0.0
2007-02-15 00:00:00-05:00,39.12231365792694,39.81687545776367,39.03291406894408,39.81687545776367,3241400,0.0,0.0
2007-02-16 00:00:00-05:00,39.69309840073737,39.9544162810724,39.58994481097555,39.748111724853516,3756100,0.0,0.0
2007-02-20 00:00:00-05:00,39.86502484102541,40.367033626127785,39.61057998380377,40.07820510864258,3534800,0.0,0.0
2007-02-21 00:00:00-05:00,39.94753449720134,40.07819341741034,39.76185963797526,40.00942611694336,1882000,0.0,0.0
2007-02-22 00:00:00-05:00,40.112589331313,40.112589331313,39.57619429020075,39.94754409790039,2099300,0.0,0.0
2007-02-23 00:00:00-05:00,39.95441414239938,40.01630576828259,39.383638146636045,39.521175384521484,3148000,0.0,0.0
2007-02-26 00:00:00-05:00,39.8306424131413,39.933796027222584,39.17734493497774,39.47304916381836,2731500,0.0,0.0
2007-02-27 00:00:00-05:00,39.156717914770354,39.280501219026256,38.07017878367554,38.097686767578125,4827000,0.0,0.0
2007-02-28 00:00:00-05:00,38.37275115185371,38.68220935132536,37.85698836050271,38.43464279174805,5102600,0.0,0.0
2007-03-01 00:00:00-05:00,37.89136433573367,38.778476786501415,37.664430117691154,38.51028060913086,4399200,0.0,0.0
2007-03-02 00:00:00-05:00,38.16644653183462,39.01917550049387,38.16644653183462,38.3383674621582,4694300,0.0,0.0
2007-03-05 00:00:00-05:00,38.015136497929625,38.59966894631101,37.98075285350811,37.9945068359375,3807700,0.0,0.0
2007-03-06 00:00:00-05:00,38.31084783108215,38.57216830021619,37.93262242407239,38.317726135253906,3297300,0.0,0.0
2007-03-07 00:00:00-05:00,38.50340697340769,38.87475413387254,38.317732081522855,38.592803955078125,3136200,0.0,0.0
2007-03-08 00:00:00-05:00,38.152680151288344,38.826609664479626,37.169292539360164,37.31370544433594,12785200,0.0,0.0
2007-03-09 00:00:00-05:00,37.43749212980073,37.499383755244985,36.79107052661987,37.36872482299805,7836100,0.0,0.0
2007-03-12 00:00:00-04:00,37.258701394006124,37.389360346718334,36.639785042621966,36.894229888916016,6271200,0.0,0.0
2007-03-13 00:00:00-04:00,36.612280541073325,37.079903033399695,36.15153110803717,36.41972732543945,6579200,0.0,0.0
2007-03-14 00:00:00-04:00,36.32344850166403,36.550385354845126,35.42946032270919,36.124019622802734,7118000,0.0,0.0
2007-03-15 00:00:00-04:00,36.034635489219085,36.777332697525445,36.034635489219085,36.577903747558594,3777100,0.0,0.0
2007-03-16 00:00:00-04:00,36.46099491971447,36.82546648954768,36.28907397193572,36.43348693847656,5569600,0.0,0.0
2007-03-19 00:00:00-04:00,36.51598865787457,36.94235426828178,36.41283771855985,36.612266540527344,3162600,0.0,0.0
2007-03-20 00:00:00-04:00,36.70855930834806,36.70855930834806,36.24780983174407,36.571022033691406,5226000,0.0,0.0
2007-03-21 00:00:00-04:00,36.55038232950588,37.51313774126644,36.50912037144151,37.36872482299805,4189800,0.0,0.0
2007-03-22 00:00:00-04:00,37.48563336090623,37.588786954298506,37.1142861959647,37.29996109008789,3585800,0.0,0.0
2007-03-23 00:00:00-04:00,37.26558227882921,37.83636106293315,37.19681495165529,37.52002716064453,2715500,0.0,0.0
2007-03-26 00:00:00-04:00,37.43749199068892,37.49938361590319,36.921729321671485,37.49250793457031,2799900,0.0,0.0
2007-03-27 00:00:00-04:00,37.32060240551572,37.38936974036651,37.00426846791301,37.224327087402344,2840100,0.0,0.0
2007-03-28 00:00:00-04:00,36.96988095021982,37.334355158088655,36.564147392132085,36.93549728393555,3600700,0.0,0.0
2007-03-29 00:00:00-04:00,37.231187764683526,37.27244972294583,36.612274130576694,36.92860794067383,3497900,0.0,0.0
2007-03-30 00:00:00-04:00,36.83920839278808,37.0798965913835,36.46785863783689,37.02488327026367,4306400,0.0,0.0
2007-04-02 00:00:00-04:00,36.687924743883414,37.14867419200299,36.687924743883414,37.073028564453125,4549000,0.0,0.0
2007-04-03 00:00:00-04:00,37.128044252291986,37.822603637563894,37.02489064759475,37.513145446777344,4584600,0.0,0.0
2007-04-04 00:00:00-04:00,37.61629882375444,37.61629882375444,37.19681134803939,37.44437789916992,3444900,0.0,0.0
2007-04-05 00:00:00-04:00,37.47874609624339,37.90510907877644,37.32057922567959,37.74006652832031,2787300,0.0,0.0
2007-04-09 00:00:00-04:00,37.8226014760276,37.884493110647846,37.499389314865766,37.69881820678711,2301500,0.0,0.0
2007-04-10 00:00:00-04:00,37.691939070932996,37.877613957781506,37.36872693938507,37.59566116333008,2451300,0.0,0.0
2007-04-11 00:00:00-04:00,37.55440203047289,37.671306983955105,37.02488534064844,37.15554428100586,3796900,0.0,0.0
2007-04-12 00:00:00-04:00,37.602535247802734,37.85010173581341,36.9629893615433,37.602535247802734,3707700,0.0,0.0
2007-04-13 00:00:00-04:00,37.664432962745174,37.664432962745174,37.00425730345701,37.24494552612305,2628100,0.0,0.0
2007-04-16 00:00:00-04:00,37.36185457159873,37.45125155877374,37.13491770421988,37.40999221801758,2831900,0.0,0.0
2007-04-17 00:00:00-04:00,38.09767198447025,38.53091075794976,37.93950245005806,38.235206604003906,5958500,0.0,0.0
2007-04-18 00:00:00-04:00,37.97387906575204,38.30396679059013,37.68505066695368,37.836341857910156,3553500,0.0,0.0
2007-04-19 00:00:00-04:00,37.6438121513123,38.11831302621297,37.62317985358236,38.042667388916016,3287000,0.0,0.0
2007-04-20 00:00:00-04:00,38.42087970412615,38.55841694057748,37.7194421591985,37.90511703491211,6148600,0.0,0.0
2007-04-23 00:00:00-04:00,37.89135509568776,38.04264628635924,37.547513388382775,37.74006652832031,2766300,0.0,0.0
2007-04-24 00:00:00-04:00,37.53377585888579,37.547527223737475,37.15554774283917,37.30683898925781,3950200,0.0,0.0
2007-04-25 00:00:00-04:00,37.46886753235931,37.59298250423044,37.18616179206056,37.42060089111328,3557000,0.145,0.0
2007-04-26 00:00:00-04:00,37.27580714336116,37.48266458730769,37.20685290848892,37.26201629638672,2697600,0.0,0.0
2007-04-27 00:00:00-04:00,37.24132918367359,37.62746501285626,36.99999593439389,37.55161666870117,4273700,0.0,0.0
2007-04-30 00:00:00-04:00,37.48264983600204,37.70329804008686,36.93102932578999,36.937923431396484,4180100,0.0,0.0
2007-05-01 00:00:00-04:00,36.94483997279089,37.17238240446354,36.620761598537655,36.86209487915039,3904700,0.0,0.0
2007-05-02 00:00:00-04:00,36.83452536960348,37.42751891856778,36.74488876733593,36.786258697509766,2764800,0.0,0.0
2007-05-03 00:00:00-04:00,36.98620077808411,37.11721249557369,36.54490424205252,36.64143753051758,3975900,0.0,0.0
2007-05-04 00:00:00-04:00,36.82762447808816,37.2413394856801,36.74488200263695,37.08964538574219,4429600,0.0,0.0
2007-05-07 00:00:00-04:00,37.199957370894886,37.49645399361596,37.08273649128341,37.28959655761719,2470400,0.0,0.0
2007-05-08 00:00:00-04:00,37.50334787602135,37.67572951003898,37.4343962745483,37.65504455566406,4442400,0.0,0.0
2007-05-09 00:00:00-04:00,37.63435629645796,38.02738617707774,37.544717118146586,37.88258361816406,5123000,0.0,0.0
2007-05-10 00:00:00-04:00,38.241134088066644,38.75827889584721,37.655037691382475,37.88947677612305,5204900,0.0,0.0
2007-05-11 00:00:00-04:00,37.61367202315835,38.27561686662143,37.55851126803726,37.90327453613281,3267000,0.0,0.0
2007-05-14 00:00:00-04:00,37.93084592092603,38.19286668813671,37.606770303140294,37.71709442138672,4045400,0.0,0.0
2007-05-15 00:00:00-04:00,37.820538612484825,38.04808368706642,37.28270862578014,37.379241943359375,3569000,0.0,0.0
2007-05-16 00:00:00-04:00,37.48955253887377,37.79983996900389,37.26890428418894,37.792945861816406,3004300,0.0,0.0
2007-05-17 00:00:00-04:00,37.80673819615916,38.51694962951324,37.74468070768799,38.323883056640625,3636700,0.0,0.0
2007-05-18 00:00:00-04:00,38.55832905641085,38.89619827270508,38.37905328452145,38.89619827270508,3785500,0.0,0.0
2007-05-21 00:00:00-04:00,38.89620315474187,38.951366556299604,38.24115222809047,38.45490646362305,3520400,0.0,0.0
2007-05-22 00:00:00-04:00,38.330791407731056,38.682448886186236,38.227361345066484,38.57902145385742,6028700,0.0,0.0
2007-05-23 00:00:00-04:00,38.88241297915214,39.20649139308877,38.58591626647306,38.627288818359375,4089900,0.0,0.0
2007-05-24 00:00:00-04:00,38.68243718584987,39.178897127937596,38.60659147721754,38.820343017578125,4901000,0.0,0.0
2007-05-25 00:00:00-04:00,38.94446206028573,39.09615875402388,38.68933795472768,38.88930130004883,3398800,0.0,0.0
2007-05-29 00:00:00-04:00,38.820346821103314,39.28922511671798,38.77208016981962,39.00651931762695,3269000,0.0,0.0
2007-05-30 00:00:00-04:00,38.82723738865074,39.01340985558318,38.55142574200976,38.97893142700195,3146600,0.0,0.0
2007-05-31 00:00:00-04:00,38.69623277188184,39.61330442942032,38.59280535816825,38.93756866455078,7044100,0.0,0.0
2007-06-01 00:00:00-04:00,38.98584299083312,39.23407304114279,38.26184043098712,38.81346130371094,4948900,0.0,0.0
2007-06-04 00:00:00-04:00,38.58590769186302,39.08926179144608,38.55143188812025,38.696231842041016,2748900,0.0,0.0
2007-06-05 00:00:00-04:00,38.496273790859064,38.54454044550443,38.02739546258801,38.2342529296875,2962100,0.0,0.0
2007-06-06 00:00:00-04:00,38.13081434849155,38.63416837025513,37.820526902107204,38.4893684387207,4982300,0.0,0.0
2007-06-07 00:00:00-04:00,38.62729042047683,38.82035707661572,38.103248596191406,38.103248596191406,6938000,0.0,0.0
2007-06-08 00:00:00-04:00,38.027389785870376,38.77897382072607,38.027389785870376,38.62038040161133,3979500,0.0,0.0
2007-06-11 00:00:00-04:00,38.42042994925799,38.55143908005491,38.14461820719154,38.406639099121094,3112100,0.0,0.0
2007-06-12 00:00:00-04:00,38.04808116250778,38.427320297978284,37.999814506920735,38.0342903137207,2497100,0.0,0.0
2007-06-13 00:00:00-04:00,38.02739612240312,38.59280776977539,37.99981442488851,38.59280776977539,2841000,0.0,0.0
2007-06-14 00:00:00-04:00,38.48247265942749,38.68243333366871,38.33767010384873,38.447994232177734,2303100,0.0,0.0
2007-06-15 00:00:00-04:00,38.75829483494259,38.90999154931621,38.627285710015286,38.67555236816406,3866000,0.0,0.0
2007-06-18 00:00:00-04:00,38.551444982491894,38.91689336089673,38.551444982491894,38.613502502441406,2356700,0.0,0.0
2007-06-19 00:00:00-04:00,38.42041852294017,38.89619087465654,38.41352178475497,38.84103012084961,3411400,0.0,0.0
2007-06-20 00:00:00-04:00,38.896200429128534,39.178906266462185,38.5445429750152,38.854827880859375,3718800,0.0,0.0
2007-06-21 00:00:00-04:00,38.74450946345417,39.461617957820586,38.5445486929952,39.43403625488281,4933300,0.0,0.0
2007-06-22 00:00:00-04:00,39.22715668475935,39.70293158671575,39.09614761497971,39.420223236083984,4497100,0.0,0.0
2007-06-25 00:00:00-04:00,39.44092559814453,39.55814386814038,39.103056376368286,39.44092559814453,4001100,0.0,0.0
2007-06-26 00:00:00-04:00,39.47539996098136,39.64088751117846,39.344390846896225,39.53056335449219,5055800,0.0,0.0
2007-06-27 00:00:00-04:00,39.39955573082906,40.32352162608895,39.35128907162662,40.25457000732422,4680200,0.0,0.0
2007-06-28 00:00:00-04:00,40.289037465904855,40.49589490965887,39.937377444221426,40.14423751831055,3731800,0.0,0.0
2007-06-29 00:00:00-04:00,40.37867880232294,40.74412706005833,40.1856095649328,40.351097106933594,5020500,0.0,0.0
2007-07-02 00:00:00-04:00,41.02681960109853,41.58533691569773,40.97855296493575,41.54396438598633,4434900,0.0,0.0
2007-07-03 00:00:00-04:00,41.31642723104277,41.564657195582896,41.054409050992554,41.426753997802734,2887400,0.0,0.0
2007-07-05 00:00:00-04:00,41.37849353529293,41.50950528355684,41.10268445065374,41.454341888427734,3085100,0.0,0.0
2007-07-06 00:00:00-04:00,41.55777227906759,42.523108028704335,41.48192392531235,42.36451721191406,4270300,0.0,0.0
2007-07-09 00:00:00-04:00,42.495533036584845,42.495533036584845,42.04044550074586,42.30936050415039,4354300,0.0,0.0
2007-07-10 00:00:00-04:00,42.061124362979896,42.061124362979896,41.316434341205515,41.7232551574707,4773300,0.0,0.0
2007-07-11 00:00:00-04:00,41.61291155021357,41.96457143955854,41.537065865969986,41.868038177490234,3568400,0.0,0.0
2007-07-12 00:00:00-04:00,41.888744255324966,42.64722252304029,41.6611991968091,42.57137680053711,5231000,0.0,0.0
2007-07-13 00:00:00-04:00,42.57826284875513,43.488437649832086,42.24039369471318,43.4263801574707,4582700,0.0,0.0
2007-07-16 00:00:00-04:00,43.16436557920007,43.3160622780782,42.516211500027275,42.647220611572266,3022900,0.0,0.0
2007-07-17 00:00:00-04:00,42.605839529734766,43.07471772124179,42.516200355681605,42.84027862548828,3739000,0.0,0.0
2007-07-18 00:00:00-04:00,42.81960816078158,43.24711662003402,42.757550650911746,43.04025650024414,3953900,0.0,0.0
2007-07-19 00:00:00-04:00,43.260910872457764,43.26780498283632,42.647229835330606,42.87477493286133,3089100,0.0,0.0
2007-07-20 00:00:00-04:00,42.8747535947639,42.888544438993414,42.04732135333506,42.23349380493164,3686600,0.0,0.0
2007-07-23 00:00:00-04:00,42.50240888425145,42.564466368398314,41.90252162438821,41.99216079711914,2602300,0.0,0.0
2007-07-24 00:00:00-04:00,41.98526179248769,42.77821819928303,41.33710792777169,41.475013732910156,5152500,0.0,0.0
2007-07-25 00:00:00-04:00,41.88630103784582,41.90012521632565,41.13290044919578,41.6789436340332,3540300,0.145,0.0
2007-07-26 00:00:00-04:00,41.195085434298804,41.49229851755387,40.32418375927323,40.8149299621582,6301800,0.0,0.0
2007-07-27 00:00:00-04:00,40.946258613197614,41.347149026770055,40.41403989303285,40.483158111572266,5130500,0.0,0.0
2007-07-30 00:00:00-04:00,40.48315166025779,41.17434428226894,40.4416791537285,41.11213684082031,6304900,0.0,0.0
2007-07-31 00:00:00-04:00,41.208905727708704,42.2042248474453,41.208905727708704,41.33332061767578,5861600,0.0,0.0
2007-08-01 00:00:00-04:00,41.47157343003663,42.245708729123656,40.78038053953602,41.55451583862305,6664200,0.0,0.0
2007-08-02 00:00:00-04:00,41.554498834454215,42.142014132982496,41.436997356762895,42.05215835571289,4209100,0.0,0.0
2007-08-03 00:00:00-04:00,41.983051341290235,42.69497907322537,41.75495645434524,41.81025314331055,6106100,0.0,0.0
2007-08-06 00:00:00-04:00,42.176590631739586,43.517503894457064,41.844818359624696,43.496768951416016,4649600,0.0,0.0
2007-08-07 00:00:00-04:00,43.19955114656566,44.803118274190865,43.192640378526406,44.50590515136719,7913400,0.0,0.0
2007-08-08 00:00:00-04:00,44.92753278877818,45.01047782465214,44.181043286060486,44.89297103881836,6706800,0.0,0.0
2007-08-09 00:00:00-04:00,44.575025101770166,45.32151464005353,43.711036682128906,43.711036682128906,6793100,0.0,0.0
2007-08-10 00:00:00-04:00,43.54514689690511,44.263988049913905,43.19955049296142,43.71794509887695,5193700,0.0,0.0
2007-08-13 00:00:00-04:00,43.54513729205639,43.91146855569297,42.6534981337466,42.701881408691406,4150900,0.0,0.0
2007-08-14 00:00:00-04:00,42.52219982319034,42.68808469062224,41.96924587059661,42.024539947509766,4331100,0.0,0.0
2007-08-15 00:00:00-04:00,42.09365831356167,42.09365831356167,40.28964400916727,40.42788314819336,6955600,0.0,0.0
2007-08-16 00:00:00-04:00,40.22742612061456,41.16053545341083,39.563881588995365,40.939353942871094,6470600,0.0,0.0
2007-08-17 00:00:00-04:00,41.264204857088274,41.844806832522245,39.950937667964254,40.34491729736328,9738600,0.0,0.0
2007-08-20 00:00:00-04:00,40.3587385451071,40.98081298684076,39.626076021166035,40.04079055786133,5438500,0.0,0.0
2007-08-21 00:00:00-04:00,40.22742416378017,41.78260806725086,40.1030092405672,41.665103912353516,5421600,0.0,0.0
2007-08-22 00:00:00-04:00,41.92085043696159,42.60512993136994,41.754962980828005,42.34247589111328,3367700,0.0,0.0
2007-08-23 00:00:00-04:00,42.53598361668505,42.6673092317753,41.86552610257763,42.059059143066406,3881400,0.0,0.0
2007-08-24 00:00:00-04:00,42.19040380944424,42.64659089428757,41.93466060736758,42.63276672363281,2274000,0.0,0.0
2007-08-27 00:00:00-04:00,42.63277864071265,42.7710177492111,42.16967802274661,42.183502197265625,2294700,0.0,0.0
2007-08-28 00:00:00-04:00,42.06598763319494,42.183489125156854,40.66286731296973,40.78036880493164,4337100,0.0,0.0
2007-08-29 00:00:00-04:00,41.09141415169943,42.397768174741216,40.939350885799065,42.37703323364258,3218600,0.0,0.0
2007-08-30 00:00:00-04:00,41.96231163260853,42.501443775863606,41.86554506852691,42.17658233642578,2108000,0.0,0.0
2007-08-31 00:00:00-04:00,42.43924731497609,42.985287730400366,42.370126439377465,42.6811637878418,2462900,0.0,0.0
2007-09-04 00:00:00-04:00,42.82630899405089,42.97837226706765,42.43924267974134,42.58439254760742,2382100,0.0,0.0
2007-09-05 00:00:00-04:00,40.255063519452776,41.10523021372895,40.00623372860299,40.78036880493164,13475000,0.0,0.0
2007-09-06 00:00:00-04:00,41.119062817273814,41.20200521900451,38.769006129142205,40.28963088989258,6376100,0.0,0.0
2007-09-07 00:00:00-04:00,39.95093717878933,39.96476134906979,39.16297792963936,39.39798355102539,6050700,0.0,0.0
2007-09-10 00:00:00-04:00,39.460216154346476,40.07537762218493,39.05241209952094,39.56389617919922,4859800,0.0,0.0
2007-09-11 00:00:00-04:00,39.82653227878078,40.70434753672592,39.75741404672179,40.49699020385742,4301600,0.0,0.0
2007-09-12 00:00:00-04:00,40.33109985339493,40.83567293054523,40.13065594017083,40.420955657958984,2841400,0.0,0.0
2007-09-13 00:00:00-04:00,40.71125975649726,41.67892816060376,40.47625408297156,41.43701171875,4344300,0.0,0.0
2007-09-14 00:00:00-04:00,41.236562820433186,41.66510162312607,40.90479058899115,41.44392013549805,3167200,0.0,0.0
2007-09-17 00:00:00-04:00,41.18818931202152,41.644376568130035,40.84259282597895,41.13289260864258,2825700,0.0,0.0
2007-09-18 00:00:00-04:00,41.41627061135625,43.2271976152088,41.41627061135625,42.72953796386719,5150100,0.0,0.0
2007-09-19 00:00:00-04:00,42.743366221048554,43.36544084467765,42.508360545087726,42.79866027832031,3882500,0.0,0.0
2007-09-20 00:00:00-04:00,42.52910039114752,42.71572279975629,41.92085250756168,42.266448974609375,4020100,0.0,0.0
2007-09-21 00:00:00-04:00,42.34937849311839,42.49452833227453,41.67200994036542,41.96922302246094,5831700,0.0,0.0
2007-09-24 00:00:00-04:00,41.90702506546868,42.01070241548538,41.278039649944304,41.644371032714844,3798200,0.0,0.0
2007-09-25 00:00:00-04:00,40.676688241706046,41.20199615606516,40.20667700746508,41.04302215576172,5152900,0.0,0.0
2007-09-26 00:00:00-04:00,41.20201078246047,42.093650290709554,41.12597913865278,41.9484977722168,4334600,0.0,0.0
2007-09-27 00:00:00-04:00,41.9692063649909,42.3631858501544,41.95538219960219,42.24568176269531,2786800,0.0,0.0
2007-09-28 00:00:00-04:00,42.397771679501794,42.8677830523273,42.307915866160904,42.41850662231445,4080200,0.0,0.0
2007-10-01 00:00:00-04:00,42.522182994666,42.992194327532694,42.31482567409337,42.72262954711914,3953200,0.0,0.0
2007-10-02 00:00:00-04:00,42.7986582836707,42.853954975056816,42.27335289895936,42.59130096435547,3905000,0.0,0.0
2007-10-03 00:00:00-04:00,42.40468056225238,43.52441488478476,42.40468056225238,42.79866027832031,3019100,0.0,0.0
2007-10-04 00:00:00-04:00,42.992184569615986,43.32395673456829,42.81938640224349,42.91615295410156,2375700,0.0,0.0
2007-10-05 00:00:00-04:00,43.28248185246013,44.23632842234022,43.22027441014859,43.73175811767578,3691600,0.0,0.0
2007-10-08 00:00:00-04:00,43.9598608569928,44.4022238254283,43.80780023452514,44.035892486572266,2658200,0.0,0.0
2007-10-09 00:00:00-04:00,44.05661624936499,44.20176605849114,43.33086193035336,43.759403228759766,3992600,0.0,0.0
2007-10-10 00:00:00-04:00,47.2222858594761,48.34892808129823,46.46197493116869,47.78215026855469,27403800,0.0,0.0
2007-10-11 00:00:00-04:00,47.64389396246749,48.76362758694659,47.55404084582978,47.85816192626953,7133500,0.0,0.0
2007-10-12 00:00:00-04:00,47.11170345536768,47.339793070028996,46.69007542839544,47.0011100769043,6862500,0.0,0.0
2007-10-15 00:00:00-04:00,46.862884033212424,46.93200227340863,45.52196802519444,46.01271438598633,5391600,0.0,0.0
2007-10-16 00:00:00-04:00,45.92977160129025,45.97815489915467,45.19710872694795,45.58417510986328,4375400,0.0,0.0
2007-10-17 00:00:00-04:00,46.054161949949595,46.27534337538651,45.45973588032891,45.97813034057617,4546300,0.0,0.0
2007-10-18 00:00:00-04:00,45.902114258909286,46.26844558224647,45.41136275300146,45.98505401611328,2731500,0.0,0.0
2007-10-19 00:00:00-04:00,45.91592315230502,46.22695770294991,45.1556123714324,45.41135025024414,5402900,0.0,0.0
2007-10-22 00:00:00-04:00,45.1625305801198,46.65550941254461,45.09341236159244,46.34447479248047,4508900,0.0,0.0
2007-10-23 00:00:00-04:00,46.344468046568096,46.48270446350109,45.3215006317676,45.75004196166992,3497300,0.0,0.0
2007-10-24 00:00:00-04:00,45.42518915261751,45.57033899980044,44.443696696400224,45.093414306640625,4713600,0.0,0.0
2007-10-25 00:00:00-04:00,45.342241509459306,45.943581076029226,44.24324761267997,44.8031120300293,6781800,0.0,0.0
2007-10-26 00:00:00-04:00,45.12798040157928,45.66710996402034,44.6925308180806,45.29386520385742,2850600,0.0,0.0
2007-10-29 00:00:00-04:00,45.13488436729818,47.71994352849581,45.13488436729818,46.30990982055664,3375700,0.0,0.0
2007-10-30 00:00:00-04:00,46.30299231200144,46.72462023366317,46.13710755912213,46.4135856628418,2503800,0.0,0.0
2007-10-31 00:00:00-04:00,46.48271061966086,46.74536195597154,45.4666564731554,46.4896240234375,3819100,0.0,0.0
2007-11-01 00:00:00-04:00,46.102556972578896,46.344478667726804,44.76855467726386,44.83076477050781,4383400,0.0,0.0
2007-11-02 00:00:00-04:00,45.17636689897746,45.7154964997304,43.648831272383106,45.32843017578125,6153900,0.0,0.0
2007-11-05 00:00:00-05:00,45.01738780926014,45.81917403556924,44.934448043354294,45.56343078613281,3731900,0.0,0.0
2007-11-06 00:00:00-05:00,45.48047380751904,46.579467476905414,45.48047380751904,46.51034927368164,4472400,0.0,0.0
2007-11-07 00:00:00-05:00,46.2062180521877,46.44122624679624,45.54958727969211,45.72238540649414,3690100,0.0,0.0
2007-11-08 00:00:00-05:00,46.35138858686176,47.00111152185218,44.87914978613916,46.01961898803711,5856300,0.0,0.0
2007-11-09 00:00:00-05:00,46.026522878492784,46.109467907247755,44.92752893274599,45.12797546386719,4290500,0.0,0.0
2007-11-12 00:00:00-05:00,45.04502310944963,46.44123519615718,45.04502310944963,45.43209457397461,4463400,0.0,0.0
2007-11-13 00:00:00-05:00,45.79152134487396,46.655512313645175,45.43210342215339,46.59330749511719,5841700,0.0,0.0
2007-11-14 00:00:00-05:00,47.00110225467904,47.06330706467527,45.57724702091648,45.660186767578125,4518900,0.0,0.0
2007-11-15 00:00:00-05:00,45.57723737966363,46.5241677762847,45.41826077655542,45.85371017456055,4668800,0.0,0.0
2007-11-16 00:00:00-05:00,46.02652152135548,46.35829635321045,45.5288671836461,46.17167663574219,4407400,0.0,0.0
2007-11-19 00:00:00-05:00,46.06799670273012,46.365209788814134,45.68092518640406,45.936668395996094,4476700,0.0,0.0
2007-11-20 00:00:00-05:00,46.137120548916116,46.83522677084762,44.96209486900841,45.84682083129883,5156000,0.0,0.0
2007-11-21 00:00:00-05:00,45.96431973387305,46.49653585260859,45.57725346570175,45.66710662841797,3721500,0.0,0.0
2007-11-23 00:00:00-05:00,45.8468064689564,46.62093880675819,45.8122447295698,46.28916931152344,2076300,0.0,0.0
2007-11-26 00:00:00-05:00,46.572555488040145,46.572555488040145,45.176348756374054,45.19017028808594,3648800,0.0,0.0
2007-11-27 00:00:00-05:00,45.1901953205719,46.482728096926984,45.1901953205719,45.58417510986328,3905800,0.0,0.0
2007-11-28 00:00:00-05:00,46.28035514130398,46.730621606793406,45.65691495755344,46.39812088012695,5521500,0.145,0.0
2007-11-29 00:00:00-05:00,46.38425684792873,46.79988533825904,46.06560816250873,46.474308013916016,3399300,0.0,0.0
2007-11-30 00:00:00-05:00,47.10468106358285,47.33327857832152,46.44660307448983,46.68905258178711,4936000,0.0,0.0
2007-12-03 00:00:00-05:00,46.689044282636246,47.04233080761594,46.21799734433065,46.37039566040039,3641000,0.0,0.0
2007-12-04 00:00:00-05:00,46.24572580022029,48.08834777778679,46.176455250989214,47.91516876220703,5067400,0.0,0.0
2007-12-05 00:00:00-05:00,48.45546935025678,49.09969527233249,47.74890154136838,48.247657775878906,6381400,0.0,0.0
2007-12-06 00:00:00-05:00,47.83202642670362,49.31443776392061,47.79738852391739,49.065059661865234,6545800,0.0,0.0
2007-12-07 00:00:00-05:00,49.22438403156092,50.34658555238399,49.18282277393859,49.75777816772461,5401000,0.0,0.0
2007-12-10 00:00:00-05:00,50.18729459877257,50.26349381575394,49.04431691406409,49.35603713989258,4611200,0.0,0.0
2007-12-11 00:00:00-05:00,49.265947545672184,50.02793383691953,48.38619555673055,48.46239471435547,4818800,0.0,0.0
2007-12-12 00:00:00-05:00,49.383724987848694,49.43221489714928,48.08142079163031,48.62173843383789,6842800,0.0,0.0
2007-12-13 00:00:00-05:00,45.38673970166467,48.37927193160957,45.09580031604561,47.47874450683594,17559600,0.0,0.0
2007-12-14 00:00:00-05:00,47.27785293024345,47.86666029801529,46.82758660724071,47.4441032409668,7735300,0.0,0.0
2007-12-17 00:00:00-05:00,47.374829492731486,47.79738652100719,47.16008930246085,47.22243118286133,2972100,0.0,0.0
2007-12-18 00:00:00-05:00,47.55493960776982,47.714261278418896,46.75831539951836,47.4163932800293,3273600,0.0,0.0
2007-12-19 00:00:00-05:00,47.56879440548745,47.56879440548745,46.834517322633715,47.38176345825195,2743900,0.0,0.0
2007-12-20 00:00:00-05:00,47.811238736446164,47.85972862754289,47.10467099689353,47.721187591552734,3112100,0.0,0.0
2007-12-21 00:00:00-05:00,48.17836713904051,48.54550552368164,48.03982086228909,48.54550552368164,5863700,0.0,0.0
2007-12-24 00:00:00-05:00,48.76025291438606,49.18280987271224,48.54551275966322,49.01655960083008,1093500,0.0,0.0
2007-12-26 00:00:00-05:00,49.17590642143773,49.17590642143773,48.1783989942825,48.89881896972656,2083200,0.0,0.0
2007-12-27 00:00:00-05:00,48.91958137400324,49.11354091146727,48.3169168525963,48.39311599731445,2093200,0.0,0.0
2007-12-28 00:00:00-05:00,48.59401574983204,48.988863555180544,48.35848962321941,48.64250564575195,1910800,0.0,0.0
2007-12-31 00:00:00-05:00,48.64250883180233,48.80183052097367,48.30307953813057,48.32386016845703,1862200,0.0,0.0
2008-01-02 00:00:00-05:00,48.233805348929174,48.25459126495865,47.18087952522333,47.20166015625,3736000,0.0,0.0
2008-01-03 00:00:00-05:00,47.4648845675794,47.71426267983481,46.349616985273244,46.495086669921875,3501000,0.0,0.0
2008-01-04 00:00:00-05:00,46.3426860947993,46.3426860947993,45.28975516423478,45.47679138183594,4936000,0.0,0.0
2008-01-07 00:00:00-05:00,45.47680103840699,46.16258831689392,44.887993565564564,45.70539855957031,3973500,0.0,0.0
2008-01-08 00:00:00-05:00,45.72619710759596,46.3219334528309,44.964210356831884,45.00577163696289,5856600,0.0,0.0
2008-01-09 00:00:00-05:00,45.21355973893835,46.65440992864772,44.9572582651455,46.59899139404297,8802400,0.0,0.0
2008-01-10 00:00:00-05:00,46.086371601757996,48.801815696256355,45.90626405196954,48.39311599731445,10950500,0.0,0.0
2008-01-11 00:00:00-05:00,48.060642233979564,48.13684142955341,45.71926366408705,46.01713180541992,8229300,0.0,0.0
2008-01-14 00:00:00-05:00,46.39810166056692,46.39810166056692,44.070573755520435,44.82563400268555,10121500,0.0,0.0
2008-01-15 00:00:00-05:00,44.37536980504497,44.75636558627853,44.13292034653353,44.31995391845703,6862100,0.0,0.0
2008-01-16 00:00:00-05:00,44.333798040043014,45.09578413685614,44.14676451246155,44.40306854248047,9600600,0.0,0.0
2008-01-17 00:00:00-05:00,44.396162421260506,45.41445570699757,44.38923906700613,44.5416374206543,7161200,0.0,0.0
2008-01-18 00:00:00-05:00,44.13985250453556,45.60148329457292,44.091362608965696,44.700950622558594,7358100,0.0,0.0
2008-01-22 00:00:00-05:00,43.45404425349105,46.27339885105535,43.21159487848552,45.81620407104492,9818400,0.0,0.0
2008-01-23 00:00:00-05:00,45.241268789792485,47.79739187243199,44.8325689902931,47.5272331237793,10043800,0.0,0.0
2008-01-24 00:00:00-05:00,47.36789500002456,47.38175227284617,45.78850413842987,46.5158576965332,6217400,0.0,0.0
2008-01-25 00:00:00-05:00,46.612851830235556,47.09082747485096,45.30361925020465,45.34518051147461,5562900,0.0,0.0
2008-01-28 00:00:00-05:00,45.28974522482234,45.975537492184834,45.026515192451356,45.96860885620117,5407900,0.0,0.0
2008-01-29 00:00:00-05:00,46.06559949157202,46.273416340121265,45.241266019995884,46.19028854370117,5705200,0.0,0.0
2008-01-30 00:00:00-05:00,46.09331459972394,46.82759173033636,45.48372653704595,45.87857437133789,5766000,0.0,0.0
2008-01-31 00:00:00-05:00,45.46292966968357,48.19915986659515,45.24818949302773,47.063106536865234,7975200,0.0,0.0
2008-02-01 00:00:00-05:00,47.18086681093405,47.39560698701185,46.39117133471092,46.959197998046875,6057300,0.0,0.0
2008-02-04 00:00:00-05:00,47.09776024811434,47.264015896451326,46.07946686331627,46.39812088012695,4288100,0.0,0.0
2008-02-05 00:00:00-05:00,45.66382610946944,46.32190931701479,44.63168100563803,44.93647766113281,6934300,0.0,0.0
2008-02-06 00:00:00-05:00,45.20663473368652,45.435226931822584,44.119068493075865,44.1329231262207,7394000,0.0,0.0
2008-02-07 00:00:00-05:00,44.555491142816805,45.296697022041855,43.85584917324519,44.85335922241211,8453100,0.0,0.0
2008-02-08 00:00:00-05:00,44.756374001208755,45.44216125136656,43.60646573142269,43.80735397338867,7423400,0.0,0.0
2008-02-11 00:00:00-05:00,43.82813047945842,44.50699166953564,43.62724225639954,44.33381271362305,4825100,0.0,0.0
2008-02-12 00:00:00-05:00,44.63168417597963,45.40059922241299,44.34074477597856,44.61783218383789,4451900,0.0,0.0
2008-02-13 00:00:00-05:00,45.26003604645822,45.71825729377359,44.885124863967384,45.6002311706543,4922500,0.145,0.0
2008-02-14 00:00:00-05:00,45.641887648328826,45.81545735144515,44.24638840059752,44.44078826904297,4277400,0.0,0.0
2008-02-15 00:00:00-05:00,44.15612311736945,44.41994975810837,43.81592804631674,44.378292083740234,4250900,0.0,0.0
2008-02-19 00:00:00-05:00,44.8990144980142,44.95455808041864,43.378544683953564,43.621543884277344,3887200,0.0,0.0
2008-02-20 00:00:00-05:00,43.39242308090467,45.12812000414086,43.37853718770318,44.822635650634766,4911500,0.0,0.0
2008-02-21 00:00:00-05:00,45.05176384287269,45.822413955885025,44.80876725249231,45.10730743408203,6183500,0.0,0.0
2008-02-22 00:00:00-05:00,45.343347318714784,45.89182821343112,45.003152185459776,45.83628463745117,4368600,0.0,0.0
2008-02-25 00:00:00-05:00,45.8362934185477,46.16954964134405,45.31558421206637,45.56552505493164,5986000,0.0,0.0
2008-02-26 00:00:00-05:00,45.55162217809008,46.641639435414504,45.433596080075645,46.14175796508789,6913800,0.0,0.0
2008-02-27 00:00:00-05:00,45.02397718849914,45.12812006341542,43.677077327745536,44.7740364074707,10423700,0.0,0.0
2008-02-28 00:00:00-05:00,44.565760992691644,44.87818435583309,43.43408572775043,43.80899429321289,5432600,0.0,0.0
2008-02-29 00:00:00-05:00,43.62153853331516,43.91313435977771,42.795345061411034,42.989742279052734,5399100,0.0,0.0
2008-03-03 00:00:00-05:00,42.98279449338735,43.878414657901224,42.83005233087591,43.39936065673828,6205000,0.0,0.0
2008-03-04 00:00:00-05:00,43.107779773571366,43.7187459863527,42.78841209470585,43.316062927246094,6800800,0.0,0.0
2008-03-05 00:00:00-05:00,42.81618204679006,43.44797844077376,41.85113471941583,42.23299026489258,13979800,0.0,0.0
2008-03-06 00:00:00-05:00,42.60094559440719,42.642600625437595,41.65672604692281,41.68449783325195,6139700,0.0,0.0
2008-03-07 00:00:00-05:00,41.65673759367755,42.54541381483417,41.61507990263681,41.865020751953125,5712600,0.0,0.0
2008-03-10 00:00:00-04:00,41.983041567074835,42.37878028706732,41.63590215315416,41.830299377441406,4895700,0.0,0.0
2008-03-11 00:00:00-04:00,42.406540003628834,43.48267135073995,42.25379785747764,43.47572708129883,5926300,0.0,0.0
2008-03-12 00:00:00-04:00,43.475735105628864,44.24638495113946,43.31605130902645,43.461849212646484,6355100,0.0,0.0
2008-03-13 00:00:00-04:00,42.93420038166194,43.517394669870974,42.61483277462121,43.16331100463867,7257300,0.0,0.0
2008-03-14 00:00:00-04:00,43.44797918713684,43.635432178273135,41.719223387576044,42.25381851196289,6801500,0.0,0.0
2008-03-17 00:00:00-04:00,41.93443758765185,42.274632692241745,41.420670146981706,41.90666580200195,5413000,0.0,0.0
2008-03-18 00:00:00-04:00,42.50375777699565,42.87172476961504,41.663678242361655,42.81618118286133,5704600,0.0,0.0
2008-03-19 00:00:00-04:00,42.58013007305996,43.53823313512851,42.267704010009766,42.267704010009766,5412400,0.0,0.0
2008-03-20 00:00:00-04:00,42.29545785301023,44.294981284630865,42.26768871736925,44.03115463256836,5915700,0.0,0.0
2008-03-24 00:00:00-04:00,44.07281448847466,45.55857322996798,44.07281448847466,45.475257873535156,6447700,0.0,0.0
2008-03-25 00:00:00-04:00,45.74602453086366,46.59998968886256,45.26697051806479,46.232017517089844,7618000,0.0,0.0
2008-03-26 00:00:00-04:00,46.16954184239449,46.468081948891566,45.725203818342145,46.25285720825195,5810600,0.0,0.0
2008-03-27 00:00:00-04:00,46.58610223157721,47.17623809912662,45.24614405618961,45.308631896972656,5307400,0.0,0.0
2008-03-28 00:00:00-04:00,45.11424926843094,45.1697875597096,44.61436756842624,44.690738677978516,3116000,0.0,0.0
2008-03-31 00:00:00-04:00,45.072591365344095,45.39890334253848,44.253344582719876,45.10730743408203,4127800,0.0,0.0
2008-04-01 00:00:00-04:00,45.25309408923327,46.42642700015561,45.20449478329178,46.16259765625,5742800,0.0,0.0
2008-04-02 00:00:00-04:00,45.780731753794086,46.46806607226542,45.64187285814188,45.99595642089844,3978400,0.0,0.0
2008-04-03 00:00:00-04:00,45.912636938212806,46.55137720669278,45.836265876730685,46.42640686035156,3128500,0.0,0.0
2008-04-04 00:00:00-04:00,46.12789149968825,46.495858466696326,45.96126075102498,46.134830474853516,3712800,0.0,0.0
2008-04-07 00:00:00-04:00,46.16954671502222,46.61388478596898,45.766863682936844,46.03069305419922,2927000,0.0,0.0
2008-04-08 00:00:00-04:00,45.801564105082896,46.60692459729033,45.801564105082896,46.46807098388672,3068300,0.0,0.0
2008-04-09 00:00:00-04:00,46.53055802949959,46.7943873362268,45.405829879940704,45.843223571777344,2997900,0.0,0.0
2008-04-10 00:00:00-04:00,45.94041039664278,46.71106001113842,45.77378502772953,46.183406829833984,4891500,0.0,0.0
2008-04-11 00:00:00-04:00,46.14869889243206,46.16952640269967,45.48219207924217,45.61410140991211,4058500,0.0,0.0
2008-04-14 00:00:00-04:00,45.71825144075406,45.8154500352235,45.190598144401285,45.350284576416016,2593600,0.0,0.0
2008-04-15 00:00:00-04:00,45.37805379515233,45.732137396091645,45.10728554058869,45.627994537353516,2661400,0.0,0.0
2008-04-16 00:00:00-04:00,45.7182492778048,46.808266575865325,45.489136045855076,46.68329620361328,4909600,0.0,0.0
2008-04-17 00:00:00-04:00,46.81522123318224,47.620581913226474,46.61387973893942,47.55115509033203,4911100,0.0,0.0
2008-04-18 00:00:00-04:00,48.0441060667678,48.516216012260074,47.870536311762244,48.203792572021484,4981000,0.0,0.0
2008-04-21 00:00:00-04:00,47.9260695782827,48.1621271486312,47.3845329068556,47.98161315917969,2802100,0.0,0.0
2008-04-22 00:00:00-04:00,47.66222570134254,48.04407574318853,46.76660569516344,47.26648712158203,3396500,0.0,0.0
2008-04-23 00:00:00-04:00,47.36370493617335,48.48149433065094,47.05127626930542,48.321807861328125,4142900,0.0,0.0
2008-04-24 00:00:00-04:00,48.07879572964694,49.182696222648104,47.84274353501487,48.75224685668945,5546800,0.0,0.0
2008-04-25 00:00:00-04:00,48.863312782379126,49.77282110498853,48.59948889242713,49.668678283691406,4626700,0.0,0.0
2008-04-28 00:00:00-04:00,49.439590013917545,49.758957608854985,49.078567388270265,49.17576599121094,3575400,0.0,0.0
2008-04-29 00:00:00-04:00,49.05773289221286,49.57844188969753,48.78695934034907,49.293785095214844,3183100,0.0,0.0
2008-04-30 00:00:00-04:00,49.28687409562296,50.15472301058921,48.884196224744976,49.46738815307617,5117300,0.0,0.0
2008-05-01 00:00:00-04:00,49.14103174441779,50.6337315897965,48.77306498421563,49.98805236816406,4656400,0.0,0.0
2008-05-02 00:00:00-04:00,50.33519920715213,50.54348490884845,49.27989805097351,50.08525848388672,4448700,0.0,0.0
2008-05-05 00:00:00-04:00,50.17554153942319,50.61294070416538,49.890889900762076,50.28662872314453,3415700,0.0,0.0
2008-05-06 00:00:00-04:00,49.91865618881171,50.65459016051512,49.64094355707884,50.43936538696289,3538500,0.0,0.0
2008-05-07 00:00:00-04:00,50.56431864051838,51.43216700948131,49.93252248538885,50.043609619140625,3670800,0.0,0.0
2008-05-08 00:00:00-04:00,50.26578930981733,50.26578930981733,49.224371044960314,49.43265151977539,4701100,0.0,0.0
2008-05-09 00:00:00-04:00,49.05078908215461,49.96029244460227,48.94664622229646,49.59926986694336,2782500,0.0,0.0
2008-05-12 00:00:00-04:00,49.77286617127034,51.314166490633895,49.661778982124375,51.15447998046875,3528800,0.0,0.0
2008-05-13 00:00:00-04:00,51.36967472085461,51.43216255240635,50.55736998916132,51.362735748291016,3768000,0.0,0.0
2008-05-14 00:00:00-04:00,51.814998121183855,52.34379506781167,51.47406569236117,51.64105224609375,4171000,0.16,0.0
2008-05-15 00:00:00-04:00,51.5923317367672,51.814982176029474,51.18181683751179,51.801063537597656,3612500,0.0,0.0
2008-05-16 00:00:00-04:00,51.73846744006102,51.73846744006102,50.23557235903407,50.98006057739258,5690300,0.0,0.0
2008-05-19 00:00:00-04:00,51.077467573011916,51.31403140705671,50.0059603818761,50.17294692993164,3963400,0.0,0.0
2008-05-20 00:00:00-04:00,50.04771705535503,50.16599899923389,49.40063806276003,49.671993255615234,3740500,0.0,0.0
2008-05-21 00:00:00-04:00,50.01988906565211,50.06859371163158,47.939497318231616,48.28042984008789,6635200,0.0,0.0
2008-05-22 00:00:00-04:00,48.30824549423623,49.40758462718223,48.217795556110225,49.233638763427734,6521100,0.0,0.0
2008-05-23 00:00:00-04:00,49.06665441375294,49.85289323550799,48.384789496295646,49.62328338623047,6182100,0.0,0.0
2008-05-27 00:00:00-04:00,49.76939859462022,50.95918787861204,49.65111666011747,50.506927490234375,6240100,0.0,0.0
2008-05-28 00:00:00-04:00,50.833937689914556,51.773249603962725,50.59737386247574,50.95917892456055,6563400,0.0,0.0
2008-05-29 00:00:00-04:00,51.36968550146279,52.00980490317684,49.17100758895934,50.77827072143555,8817500,0.0,0.0
2008-05-30 00:00:00-04:00,50.4443082010108,50.771327324210795,49.386719523392266,49.62328338623047,5908600,0.0,0.0
2008-06-02 00:00:00-04:00,49.71373001080435,49.72068933230653,48.58656411417008,48.93445587158203,7114900,0.0,0.0
2008-06-03 00:00:00-04:00,49.0110072700876,49.44934910565309,48.468296814127896,48.73269271850586,5971100,0.0,0.0
2008-06-04 00:00:00-04:00,48.50308677790502,49.42152115727267,48.19694021531281,49.26844787597656,4615800,0.0,0.0
2008-06-05 00:00:00-04:00,49.76940392397762,51.188803215223665,49.73461792632053,51.140098571777344,6103400,0.0,0.0
2008-06-06 00:00:00-04:00,50.757420064102575,50.757420064102575,49.40064393845214,49.53284454345703,6308400,0.0,0.0
2008-06-09 00:00:00-04:00,49.55372001490166,50.42344971101153,49.33802874895722,49.63025665283203,5510500,0.0,0.0
2008-06-10 00:00:00-04:00,49.31713396268806,49.414543230768324,48.55177315274014,49.024906158447266,6616800,0.0,0.0
2008-06-11 00:00:00-04:00,48.85793180238595,49.0388370490335,47.83512892369044,47.91862487792969,5864900,0.0,0.0
2008-06-12 00:00:00-04:00,48.25955374038303,48.649190880458335,46.71491320878752,47.45244216918945,8404100,0.0,0.0
2008-06-13 00:00:00-04:00,47.73076422235968,48.94142646186867,47.66118690899181,48.927513122558594,6884900,0.0,0.0
2008-06-16 00:00:00-04:00,48.59352597877169,49.4563014986094,48.28042546987445,48.9970817565918,3972700,0.0,0.0
2008-06-17 00:00:00-04:00,49.12929546720282,49.289322771505155,48.48917563317504,48.65616226196289,3639300,0.0,0.0
2008-06-18 00:00:00-04:00,48.398700746621444,48.55177397287814,47.765540493404366,47.981231689453125,5099700,0.0,0.0
2008-06-19 00:00:00-04:00,47.80729330986357,49.19190126833946,47.80729330986357,48.87184143066406,4711700,0.0,0.0
2008-06-20 00:00:00-04:00,48.697900233217624,48.78139618919891,47.438533420514894,47.82121658325195,5460000,0.0,0.0
2008-06-23 00:00:00-04:00,48.05777999177114,48.558745105586695,47.44549224622345,47.61943817138672,5222800,0.0,0.0
2008-06-24 00:00:00-04:00,47.32719646818444,48.78834622341015,47.20891453437128,48.189971923828125,5187400,0.0,0.0
2008-06-25 00:00:00-04:00,48.287391853931226,50.04772383894307,48.287391853931226,49.3241081237793,7661200,0.0,0.0
2008-06-26 00:00:00-04:00,48.4683155753694,48.7953295935202,47.967350250289,48.02996826171875,6761200,0.0,0.0
2008-06-27 00:00:00-04:00,48.4682845639373,49.33105467821088,48.14126544661234,48.8857536315918,9101900,0.0,0.0
2008-06-30 00:00:00-04:00,48.70484826598241,50.089456037475614,48.6143983159436,48.8022575378418,7608100,0.0,0.0
2008-07-01 00:00:00-04:00,48.301278738526186,50.61127924128135,48.15516487247186,50.47908401489258,8572400,0.0,0.0
2008-07-02 00:00:00-04:00,50.548681029882005,51.44624253625058,50.12425259721761,50.18687057495117,5225700,0.0,0.0
2008-07-03 00:00:00-04:00,50.52085417373879,50.85482737235024,49.832029806745425,50.2564582824707,2633400,0.0,0.0
2008-07-07 00:00:00-04:00,50.6669489701606,51.14008191312164,49.97812486339883,50.70174026489258,5202900,0.0,0.0
2008-07-08 00:00:00-04:00,50.61129236631227,52.10722801396058,50.61129236631227,51.947200775146484,5979900,0.0,0.0
2008-07-09 00:00:00-04:00,51.98200666510911,51.988965989410666,50.186883200762125,50.200801849365234,5511400,0.0,0.0
2008-07-10 00:00:00-04:00,49.84593683125622,50.12425133378603,48.7187654847939,49.303226470947266,7238200,0.0,0.0
2008-07-11 00:00:00-04:00,48.7883294708719,49.1918797716906,47.862936359224854,48.586551666259766,5146700,0.0,0.0
2008-07-14 00:00:00-04:00,49.17103889857702,49.1779982227938,48.02299458962222,48.405677795410156,5260100,0.0,0.0
2008-07-15 00:00:00-04:00,48.1064905549966,48.920556310862914,47.11151952835698,48.405677795410156,7814400,0.0,0.0
2008-07-16 00:00:00-04:00,48.71180235716439,50.74348882122374,47.96035493344711,50.49996566772461,7751400,0.0,0.0
2008-07-17 00:00:00-04:00,50.79220798267501,51.66889689448367,49.5745865584328,51.57844161987305,6776500,0.0,0.0
2008-07-18 00:00:00-04:00,51.57148903237089,51.592361693733075,50.06859371339451,50.2564582824707,7249400,0.0,0.0
2008-07-21 00:00:00-04:00,50.193820886505534,50.85481308315418,48.33608022954388,48.46828079223633,6269800,0.0,0.0
2008-07-22 00:00:00-04:00,48.607417867206095,50.13118487077898,48.36389479340344,50.09639358520508,7971800,0.0,0.0
2008-07-23 00:00:00-04:00,43.896997411403014,46.380947870067516,43.354286929347516,44.13356399536133,40327700,0.0,0.0
2008-07-24 00:00:00-04:00,43.90393929409091,44.59972281795418,43.60475216649342,43.8204460144043,11113400,0.0,0.0
2008-07-25 00:00:00-04:00,44.05005078129155,44.07788010184836,42.755893151186285,42.97158432006836,8608900,0.0,0.0
2008-07-28 00:00:00-04:00,42.860265164372414,43.10379099681532,41.914001775925605,41.990535736083984,8306800,0.0,0.0
2008-07-29 00:00:00-04:00,41.990537250896,43.24990646400278,41.96966459320923,42.98550796508789,9240600,0.0,0.0
2008-07-30 00:00:00-04:00,43.00638059164201,44.11267650142517,42.93680064669128,43.8343620300293,12036000,0.0,0.0
2008-07-31 00:00:00-04:00,43.368197813817346,44.35620936005472,43.21512455570008,43.61172103881836,6712500,0.0,0.0
2008-08-01 00:00:00-04:00,43.9109073192595,44.02223259897525,42.978557106313545,43.27774429321289,5735500,0.0,0.0
2008-08-04 00:00:00-04:00,43.26381119738295,43.869142000635684,42.85329889306145,43.5003776550293,4223300,0.0,0.0
2008-08-05 00:00:00-04:00,43.952654673799444,45.22594010777479,43.94569800470961,44.96849822998047,6882800,0.0,0.0
2008-08-06 00:00:00-04:00,44.794119811960925,45.9659375248811,44.69646877934943,45.84038543701172,7900300,0.16,0.0
2008-08-07 00:00:00-04:00,45.44977172170588,46.46115948399816,45.352115388106874,45.910125732421875,8414300,0.0,0.0
2008-08-08 00:00:00-04:00,46.11241195452903,46.92152123349326,46.07753430666407,46.726219177246094,7178500,0.0,0.0
2008-08-11 00:00:00-04:00,46.6983127586588,48.107286553864995,46.29376082644179,46.802940368652344,6363500,0.0,0.0
2008-08-12 00:00:00-04:00,46.58671465954416,47.57020143820513,46.398383894076666,47.27724838256836,5146400,0.0,0.0
2008-08-13 00:00:00-04:00,46.94943031798858,47.08195901664564,46.05661772438544,46.698326110839844,5372200,0.0,0.0
2008-08-14 00:00:00-04:00,46.32166152610206,47.41675248302705,46.217033916901585,46.830841064453125,4225700,0.0,0.0
2008-08-15 00:00:00-04:00,47.061011232927044,47.66784166484928,46.93545919156724,47.43069076538086,4690500,0.0,0.0
2008-08-18 00:00:00-04:00,47.500458872366714,47.772487512356825,46.77504739186568,47.01918029785156,4119600,0.0,0.0
2008-08-19 00:00:00-04:00,47.012194423436746,47.186571995243575,45.868277978110456,46.35653305053711,4898400,0.0,0.0
2008-08-20 00:00:00-04:00,46.24495111443522,46.544880860690625,45.58928950132268,45.99384689331055,3761100,0.0,0.0
2008-08-21 00:00:00-04:00,45.686923592045616,46.30770731894387,45.50556942820241,46.21005630493164,2984300,0.0,0.0
2008-08-22 00:00:00-04:00,46.426283331860766,47.256322282233285,46.412335467516726,47.033119201660156,3510300,0.0,0.0
2008-08-25 00:00:00-04:00,47.04706624911594,47.07496729890079,46.23098049883855,46.34955596923828,3202200,0.0,0.0
2008-08-26 00:00:00-04:00,46.32864174455611,46.54487359775086,45.7566834015955,46.39839172363281,2622000,0.0,0.0
2008-08-27 00:00:00-04:00,46.279832922297466,46.85179147158969,45.94503077331793,46.53093719482422,2851000,0.0,0.0
2008-08-28 00:00:00-04:00,46.63552429208448,47.38185986350193,46.621571110424576,47.29815673828125,3031500,0.0,0.0
2008-08-29 00:00:00-04:00,46.83084559406392,47.18657737112042,46.698316921486025,46.77504348754883,2831800,0.0,0.0
2008-09-02 00:00:00-04:00,47.53533397851364,48.43512301709342,47.451630816233454,47.612060546875,5241800,0.0,0.0
2008-09-03 00:00:00-04:00,46.73320600927854,47.77947181545642,46.398398609805064,47.66089630126953,5869300,0.0,0.0
2008-09-04 00:00:00-04:00,47.36095878777581,48.11427132182352,46.98430252075195,46.98430252075195,6158900,0.0,0.0
2008-09-05 00:00:00-04:00,46.79598159513867,47.87014851171687,46.32167951617557,47.73762512207031,5903500,0.0,0.0
2008-09-08 00:00:00-04:00,48.4351155832129,49.45347995420335,47.97475624370127,48.079383850097656,8855500,0.0,0.0
2008-09-09 00:00:00-04:00,48.29562957140973,48.67228591151885,47.77249665263315,47.870147705078125,6780000,0.0,0.0
2008-09-10 00:00:00-04:00,48.00266460068357,49.007081260455635,47.84921146415374,48.42814636230469,6010400,0.0,0.0
2008-09-11 00:00:00-04:00,48.07241188709784,49.118677408665114,47.723656713242086,49.083805084228516,6455300,0.0,0.0
2008-09-12 00:00:00-04:00,48.923369320275576,48.923369320275576,47.99567939521786,48.5118408203125,5410800,0.0,0.0
2008-09-15 00:00:00-04:00,47.891072285147715,48.82573377738366,47.54928831716651,48.093345642089844,6569400,0.0,0.0
2008-09-16 00:00:00-04:00,47.36095650091926,48.72807622544786,47.326078852819165,48.04451370239258,10797500,0.0,0.0
2008-09-17 00:00:00-04:00,47.39581712790271,47.63994996117586,45.57531503536895,45.59624481201172,11423300,0.0,0.0
2008-09-18 00:00:00-04:00,45.86129777079234,48.9373204493974,45.09403757962755,47.59112548828125,11588600,0.0,0.0
2008-09-19 00:00:00-04:00,49.523243969326344,49.523243969326344,46.09846496582031,46.09846496582031,103300,0.0,0.0
2008-09-22 00:00:00-04:00,46.41931529985952,46.43326316517692,44.815039387698384,44.86386489868164,6314600,0.0,0.0
2008-09-23 00:00:00-04:00,45.07313157385028,45.672991044856225,44.65462100592395,44.75227737426758,4405100,0.0,0.0
2008-09-24 00:00:00-04:00,44.69646445760906,45.49860242357167,44.19425615469049,45.19169616699219,3521300,0.0,0.0
2008-09-25 00:00:00-04:00,45.26144332957739,46.503010822775956,45.170768905568735,46.021732330322266,5293400,0.0,0.0
2008-09-26 00:00:00-04:00,45.003371966215894,46.25889290690531,45.003371966215894,46.23796844482422,4508100,0.0,0.0
2008-09-29 00:00:00-04:00,46.00080377746032,46.38443658461225,43.245640123999394,44.0826530456543,7243100,0.0,0.0
2008-09-30 00:00:00-04:00,44.40351011182216,45.59625486844382,43.943153373389706,45.28934860229492,5082700,0.0,0.0
2008-10-01 00:00:00-04:00,44.64066060246386,45.33817092437736,44.38955646084849,45.121944427490234,3860200,0.0,0.0
2008-10-02 00:00:00-04:00,44.856907484131376,44.94758727300079,42.7783287603251,43.189857482910156,6284800,0.0,0.0
2008-10-03 00:00:00-04:00,44.42442504167892,45.42186753190299,43.44791232822395,43.66413879394531,7767800,0.0,0.0
2008-10-06 00:00:00-04:00,42.35282912485059,43.24564151763252,39.83481634624255,42.17845153808594,9508900,0.0,0.0
2008-10-07 00:00:00-04:00,42.16449275205648,42.841075846826634,39.792956972311835,40.31608963012695,9819200,0.0,0.0
2008-10-08 00:00:00-04:00,37.665562971685205,41.01361248145455,37.21218013085773,39.79994583129883,13645400,0.0,0.0
2008-10-09 00:00:00-04:00,40.04405373857979,40.46255872385465,36.758781887881696,37.944549560546875,7837500,0.0,0.0
2008-10-10 00:00:00-04:00,37.05872663333986,39.05360671351004,35.57302880301598,37.59580993652344,12410400,0.0,0.0
2008-10-13 00:00:00-04:00,39.13032898967204,41.634391215423065,38.8862014351132,41.51581573486328,8433700,0.0,0.0
2008-10-14 00:00:00-04:00,42.610912973743204,42.91084267642388,39.83482173612376,40.74158477783203,7996300,0.0,0.0
2008-10-15 00:00:00-04:00,39.91851047869627,40.38584372033023,36.96804250032376,37.393524169921875,7662600,0.0,0.0
2008-10-16 00:00:00-04:00,37.686487138554575,40.55325539028396,36.58442205864175,40.30912780761719,10619000,0.0,0.0
2008-10-17 00:00:00-04:00,39.590690633620184,41.80877400254216,36.80762552219334,40.441654205322266,8423400,0.0,0.0
2008-10-20 00:00:00-04:00,41.369331744539686,41.369331744539686,39.06057197863244,40.51139450073242,6356700,0.0,0.0
2008-10-21 00:00:00-04:00,39.78599509724021,40.86713571884967,38.760653925762234,38.96293258666992,7081300,0.0,0.0
2008-10-22 00:00:00-04:00,38.244495861841045,38.48862343339246,36.333316227442246,37.351680755615234,6863600,0.0,0.0
2008-10-23 00:00:00-04:00,37.26099806538619,37.442352229129156,34.65231109527924,36.41701126098633,8923400,0.0,0.0
2008-10-24 00:00:00-04:00,34.04547200970275,36.31238003917232,33.94084442094965,35.524192810058594,5103600,0.0,0.0
2008-10-27 00:00:00-04:00,34.89644773385276,37.30285937173369,34.58954408694979,36.2007942199707,7446200,0.0,0.0
2008-10-28 00:00:00-04:00,37.63068476793487,40.357950191844054,36.47281766711184,40.0928955078125,9123600,0.0,0.0
2008-10-29 00:00:00-04:00,39.81388765755023,41.487910716172095,38.2514634753793,39.67438507080078,8166000,0.0,0.0
2008-10-30 00:00:00-04:00,40.44862438513215,40.81830400106357,38.98385112543637,39.73716354370117,6783600,0.0,0.0
2008-10-31 00:00:00-04:00,39.75809030668735,40.755530328999086,39.088481003269784,39.76506423950195,6046800,0.0,0.0
2008-11-03 00:00:00-05:00,39.43024723870161,39.63950240867533,36.81458422193035,37.295867919921875,8809200,0.0,0.0
2008-11-04 00:00:00-05:00,37.90271708906359,39.05361036945187,37.19823272148894,38.42584991455078,8033800,0.0,0.0
2008-11-05 00:00:00-05:00,38.27239940628789,38.73973281288785,37.365636311752105,37.463287353515625,5565000,0.0,0.0
2008-11-06 00:00:00-05:00,36.96804715082883,38.286341236707344,36.898297182785065,37.32377624511719,9811700,0.0,0.0
2008-11-07 00:00:00-05:00,37.57488717893229,37.951543460346294,36.891327257546436,37.71438980102539,4063400,0.0,0.0
2008-11-10 00:00:00-05:00,38.104978901200944,38.467684485756834,36.47280510109443,36.96803665161133,5286500,0.0,0.0
2008-11-11 00:00:00-05:00,36.4449225524499,37.156383560807036,35.48933394059384,36.46584701538086,5035500,0.0,0.0
2008-11-12 00:00:00-05:00,35.68223688285266,35.80117639136164,33.98208302962352,34.12900924682617,7948300,0.16,0.0
2008-11-13 00:00:00-05:00,34.03105937019589,34.96859278551281,31.687227166383348,34.96159744262695,11219800,0.0,0.0
2008-11-14 00:00:00-05:00,34.26892597582312,35.458333914746824,33.29641093630733,33.625247955322266,7232700,0.0,0.0
2008-11-17 00:00:00-05:00,33.121498332089615,34.275924242761185,33.05852959752647,33.10050964355469,5252400,0.0,0.0
2008-11-18 00:00:00-05:00,33.10752714873822,33.41537301883802,31.540308413189987,32.715721130371094,7754200,0.0,0.0
2008-11-19 00:00:00-05:00,32.68773050756162,33.33140883436373,31.575284121927886,31.673234939575195,6165600,0.0,0.0
2008-11-20 00:00:00-05:00,31.484301703115154,33.758167937229025,31.379352963188506,31.477306365966797,9610700,0.0,0.0
2008-11-21 00:00:00-05:00,31.63825311017758,32.82066361137836,30.700719654830337,32.68073272705078,10862700,0.0,0.0
2008-11-24 00:00:00-05:00,32.792671973810975,34.96159368262134,32.49881956293636,34.597774505615234,8242600,0.0,0.0
2008-11-25 00:00:00-05:00,35.10151397663548,36.15798922128582,34.60476205922278,35.45133972167969,7454600,0.0,0.0
2008-11-26 00:00:00-05:00,34.737720230094624,36.15101481410378,34.70273549758241,35.997093200683594,4421900,0.0,0.0
2008-11-28 00:00:00-05:00,35.927113940014486,36.15800028348128,35.44435522498316,36.01107406616211,1533300,0.0,0.0
2008-12-01 00:00:00-05:00,35.49333086830285,35.5143195655005,33.4993245657418,33.52031326293945,5559800,0.0,0.0
2008-12-02 00:00:00-05:00,33.93310216216439,35.12251040060937,33.4153588105028,35.05254364013672,6138500,0.0,0.0
2008-12-03 00:00:00-05:00,34.282915452595816,36.53579360783297,34.094009271663694,35.976070404052734,7885400,0.0,0.0
2008-12-04 00:00:00-05:00,35.66124846689818,37.32641761290556,35.33940665230295,36.9066276550293,9864600,0.0,0.0
2008-12-05 00:00:00-05:00,36.50082403528337,39.10352893721205,36.28393373942874,38.88663864135742,8656700,0.0,0.0
2008-12-08 00:00:00-05:00,38.75370803732996,39.36940229337015,38.10303172935828,38.61377716064453,7387300,0.0,0.0
2008-12-09 00:00:00-05:00,38.522827844111426,38.59279195430321,36.70373162056807,37.15150833129883,7886900,0.0,0.0
2008-12-10 00:00:00-05:00,36.98359849875348,37.76021250618076,36.30493532668458,37.564308166503906,7260800,0.0,0.0
2008-12-11 00:00:00-05:00,36.55679529753209,37.410371084861914,35.472335875129154,36.42386245727539,10660400,0.0,0.0
2008-12-12 00:00:00-05:00,35.934106874228824,37.844155436368915,35.934106874228824,37.36139678955078,6796200,0.0,0.0
2008-12-15 00:00:00-05:00,37.28443939798897,37.36140151132982,36.06004893400853,36.89963150024414,4868700,0.0,0.0
2008-12-16 00:00:00-05:00,37.08153129706328,37.38937701115713,36.60576804048991,37.10251998901367,8211700,0.0,0.0
2008-12-17 00:00:00-05:00,36.86464367790892,38.103027391817726,36.86464367790892,37.73920822143555,6888800,0.0,0.0
2008-12-18 00:00:00-05:00,38.04006046818987,38.29893350717981,37.50132836318174,37.886138916015625,5053200,0.0,0.0
2008-12-19 00:00:00-05:00,38.1939828591358,38.480839922710366,37.34740502138637,37.63426208496094,6452400,0.0,0.0
2008-12-22 00:00:00-05:00,37.98408431078086,38.02606169677524,36.20696868547503,36.8856315612793,4977100,0.0,0.0
2008-12-23 00:00:00-05:00,36.6407589985126,37.31242666289636,35.857149837184245,36.01107406616211,3533700,0.0,0.0
2008-12-24 00:00:00-05:00,36.32590901572654,36.42386247956187,36.08103202853568,36.16498947143555,1123400,0.0,0.0
2008-12-26 00:00:00-05:00,36.025067420520045,36.381888615289384,35.88513654590012,36.01107406616211,1218200,0.0,0.0
2008-12-29 00:00:00-05:00,35.927113807858824,36.25595096166212,35.38838434633688,35.563297271728516,2413900,0.0,0.0
2008-12-30 00:00:00-05:00,35.56329079154848,36.032056065081285,35.26244040117769,35.77318572998047,2355800,0.0,0.0
2008-12-31 00:00:00-05:00,35.82216199212514,36.962594832736066,35.77318659427304,36.73170852661133,4939600,0.0,0.0
2009-01-02 00:00:00-05:00,36.68972934471805,37.431361009659945,36.416865644765195,37.326412200927734,3687200,0.0,0.0
2009-01-05 00:00:00-05:00,37.20747500361355,37.5153207691448,36.24195497818662,36.58478546142578,5890900,0.0,0.0
2009-01-06 00:00:00-05:00,36.745720570326604,36.78770064796504,35.7382227276475,35.997093200683594,6472900,0.0,0.0
2009-01-07 00:00:00-05:00,35.68222619709153,35.92710315242929,34.76568177904701,35.066532135009766,6870000,0.0,0.0
2009-01-08 00:00:00-05:00,34.66773667070472,36.31191955221269,34.54879717834868,35.437355041503906,7287100,0.0,0.0
2009-01-09 00:00:00-05:00,35.1505006931965,35.66824142875351,34.219962701107264,34.380882263183594,4577100,0.0,0.0
2009-01-12 00:00:00-05:00,34.6957340103644,35.073546635346055,34.22696590108126,34.58378982543945,4812900,0.0,0.0
2009-01-13 00:00:00-05:00,34.32490783551945,35.234454365264185,33.96808403136115,34.24094772338867,6310400,0.0,0.0
2009-01-14 00:00:00-05:00,33.82816461249133,33.98908688064693,33.19148155960405,33.32441711425781,7906800,0.0,0.0
2009-01-15 00:00:00-05:00,33.247443649946135,34.240947619858716,33.05853740166156,33.912113189697266,6015900,0.0,0.0
2009-01-16 00:00:00-05:00,34.49982155435933,34.49982155435933,33.485326194758876,34.14299774169922,6413000,0.0,0.0
2009-01-20 00:00:00-05:00,34.40185457795832,34.42984127167811,32.988561241563126,33.03753662109375,7370300,0.0,0.0
2009-01-21 00:00:00-05:00,33.065545310888034,33.611275569675875,32.58978450755094,33.51332473754883,6242200,0.0,0.0
2009-01-22 00:00:00-05:00,33.26842369800108,33.49930994222391,32.652729715698484,33.19845962524414,6144900,0.0,0.0
2009-01-23 00:00:00-05:00,32.81367640363806,33.240461836657964,32.330914866465584,32.86265182495117,4906200,0.0,0.0
2009-01-26 00:00:00-05:00,33.21948412276837,33.6042922756584,32.84167131711146,33.1285285949707,4091900,0.0,0.0
2009-01-27 00:00:00-05:00,33.156500798846004,33.63926228427218,32.939610433124685,33.51332473754883,4085300,0.0,0.0
2009-01-28 00:00:00-05:00,33.632256163494375,33.9470999544041,33.15649280588843,33.450347900390625,5163300,0.0,0.0
2009-01-29 00:00:00-05:00,33.57628155138353,33.58327689306094,32.42185534060094,32.498817443847656,4706600,0.0,0.0
2009-01-30 00:00:00-05:00,32.568784732886236,32.64574684368631,31.337398966962954,31.505313873291016,6682800,0.0,0.0
2009-02-02 00:00:00-05:00,31.33039852116482,31.953088032585054,31.155485617104798,31.694217681884766,4782600,0.0,0.0
2009-02-03 00:00:00-05:00,31.81315716625367,32.30990913141395,31.39336463047517,32.26792907714844,5326400,0.0,0.0
2009-02-04 00:00:00-05:00,29.90310906007035,30.434843075086256,29.2664262427292,30.07102394104004,20971900,0.0,0.0
2009-02-05 00:00:00-05:00,29.9800779605291,30.75669186997119,29.672232135535015,30.665739059448242,9886100,0.0,0.0
2009-02-06 00:00:00-05:00,30.854634764245677,31.82015472806044,30.784670671212915,31.631248474121094,8261300,0.0,0.0
2009-02-09 00:00:00-05:00,31.330403919363388,31.771185260849403,31.183477695187904,31.603267669677734,5332500,0.0,0.0
2009-02-10 00:00:00-05:00,31.344392789681294,31.904113565237193,30.63074779998783,30.763683319091797,6590400,0.0,0.0
2009-02-11 00:00:00-05:00,31.016465858674206,31.220106426215867,30.251063196193822,30.574077606201172,4778800,0.16,0.0
2009-02-12 00:00:00-05:00,30.545999572912276,31.170963273512122,30.1176529434117,31.121809005737305,6573000,0.0,0.0
2009-02-13 00:00:00-05:00,31.093725994242206,31.100749564519553,29.928062447971993,30.026371002197266,4873100,0.0,0.0
2009-02-17 00:00:00-05:00,29.59802000775988,30.01232215933053,29.422468294021584,29.57695198059082,6194100,0.0,0.0
2009-02-18 00:00:00-05:00,29.633125959977786,29.93507508262551,29.296067034890932,29.759523391723633,6191500,0.0,0.0
2009-02-19 00:00:00-05:00,30.012310082833988,30.52492055923838,29.906978025492396,29.928043365478516,5451200,0.0,0.0
2009-02-20 00:00:00-05:00,29.864863709011857,30.398542544387926,29.56291447605868,30.026371002197266,6996200,0.0,0.0
2009-02-23 00:00:00-05:00,30.05443893074612,30.3563879527666,28.81855661729662,28.909841537475586,6430200,0.0,0.0
2009-02-24 00:00:00-05:00,28.874735315491655,30.04039819153357,28.825581066641536,29.878890991210938,6083600,0.0,0.0
2009-02-25 00:00:00-05:00,29.647171669702015,30.04742932757827,29.015184484262484,29.492685317993164,6932700,0.0,0.0
2009-02-26 00:00:00-05:00,29.73845982943043,29.801658554786066,29.17669486999512,29.176694869995117,4907600,0.0,0.0
2009-02-27 00:00:00-05:00,28.994126617725478,30.215965253183917,28.96603769585799,29.731443405151367,7385700,0.0,0.0
2009-03-02 00:00:00-05:00,29.28903869416779,30.096577412200467,28.59385561156054,28.678119659423828,7625200,0.0,0.0
2009-03-03 00:00:00-05:00,29.008167981611376,29.39438124058081,28.263827703834355,28.572797775268555,8133400,0.0,0.0
2009-03-04 00:00:00-05:00,28.867720207166695,29.42246418805358,28.193602363375792,28.657058715820312,14476000,0.0,0.0
2009-03-05 00:00:00-05:00,28.467466909675192,28.75537161676921,27.56864030222758,27.77930450439453,8932600,0.0,0.0
2009-03-06 00:00:00-05:00,27.793361901995286,27.905714945392564,26.80324719125273,27.37203598022461,7087200,0.0,0.0
2009-03-09 00:00:00-04:00,26.992828369140625,27.716103193092767,26.81025578016727,26.992828369140625,6474500,0.0,0.0
2009-03-10 00:00:00-04:00,27.407138096062305,28.22169810128318,27.14030136723117,28.186588287353516,8581000,0.0,0.0
2009-03-11 00:00:00-04:00,28.172538633865422,28.390223726041526,27.624818137127196,27.77930450439453,6356500,0.0,0.0
2009-03-12 00:00:00-04:00,28.060193213935303,28.783468300534608,27.617804698915894,28.692180633544922,6020300,0.0,0.0
2009-03-13 00:00:00-04:00,28.78346875149038,29.773580605252825,28.43938611126604,29.63313865661621,6387500,0.0,0.0
2009-03-16 00:00:00-04:00,29.583975549216028,30.208939221531324,29.492687908034274,29.57695198059082,4879100,0.0,0.0
2009-03-17 00:00:00-04:00,30.258107928813036,30.91116082990818,30.061490772769883,30.883071899414062,6168300,0.0,0.0
2009-03-18 00:00:00-04:00,30.8268796597734,31.627394984953767,30.251070296794317,31.22011375427246,7082400,0.0,0.0
2009-03-19 00:00:00-04:00,31.31842865129983,31.788908697013618,31.07265729222264,31.683576583862305,6798600,0.0,0.0
2009-03-20 00:00:00-04:00,31.999572083105832,32.048726357745366,30.89710733126411,31.47994041442871,7206600,0.0,0.0
2009-03-23 00:00:00-04:00,31.936372018678508,33.38291931152344,31.7748647403382,33.38291931152344,6274500,0.0,0.0
2009-03-24 00:00:00-04:00,33.29865519201418,33.70593654437145,32.484095166006824,32.554317474365234,5045800,0.0,0.0
2009-03-25 00:00:00-04:00,32.659655067525634,33.53741405070552,31.999581276509186,32.87031936645508,6118800,0.0,0.0
2009-03-26 00:00:00-04:00,33.26353283260227,34.65390186926661,33.045850455553094,34.02893829345703,6826500,0.0,0.0
2009-03-27 00:00:00-04:00,33.48122400133148,33.81126208963981,33.04585648903794,33.28460693359375,4866300,0.0,0.0
2009-03-30 00:00:00-04:00,32.69475880322815,32.933509289784155,32.05575054196163,32.477073669433594,4478700,0.0,0.0
2009-03-31 00:00:00-04:00,32.6385675660843,32.9124277544478,31.7327202671081,32.526214599609375,5363500,0.0,0.0
2009-04-01 00:00:00-04:00,32.06978610677352,32.65261908810379,31.613353253626137,32.54728698730469,4637300,0.0,0.0
2009-04-02 00:00:00-04:00,32.87731894786362,34.127246072494096,32.6526130081257,33.75507736206055,5122400,0.0,0.0
2009-04-03 00:00:00-04:00,33.60761972601643,34.387069745502494,33.600596157554364,34.34493637084961,4225700,0.0,0.0
2009-04-06 00:00:00-04:00,33.818282993080224,34.309828341324874,33.20034019303819,33.52335739135742,4338300,0.0,0.0
2009-04-07 00:00:00-04:00,33.024786548474374,33.151183992901004,32.519199449474364,32.575374603271484,4584100,0.0,0.0
2009-04-08 00:00:00-04:00,32.764966491059134,33.9797838338857,32.7439011459745,33.495262145996094,5340700,0.0,0.0
2009-04-09 00:00:00-04:00,32.19619032350389,33.29865511444459,31.978507864867836,32.933509826660156,10597600,0.0,0.0
2009-04-13 00:00:00-04:00,32.947540782539825,33.165225848348484,32.45599818024007,32.58941650390625,4185900,0.0,0.0
2009-04-14 00:00:00-04:00,32.37874261098669,32.47705109381296,31.725690342263327,31.845064163208008,4674900,0.0,0.0
2009-04-15 00:00:00-04:00,31.859115012991644,32.16106408728596,31.63440909891761,32.0627555847168,3676800,0.0,0.0
2009-04-16 00:00:00-04:00,32.13999828330878,32.82816047011462,32.11893294126246,32.4630126953125,4668100,0.0,0.0
2009-04-17 00:00:00-04:00,32.37173003845274,32.652613809370656,32.02765023171977,32.1400032043457,4742400,0.0,0.0
2009-04-20 00:00:00-04:00,31.84508057585745,32.01361140377969,30.96732198579846,31.135852813720703,5403500,0.0,0.0
2009-04-21 00:00:00-04:00,31.234157848091687,32.70879372141321,30.91816425532948,32.62452697753906,6380200,0.0,0.0
2009-04-22 00:00:00-04:00,32.2453440298258,33.54442858203852,32.02766157503813,33.05288314819336,6135200,0.0,0.0
2009-04-23 00:00:00-04:00,32.722843677594355,33.79722216147752,32.49111677079677,32.88435363769531,5548400,0.0,0.0
2009-04-24 00:00:00-04:00,33.13713974375332,34.14831930554329,32.6526179895333,33.82530212402344,6728100,0.0,0.0
2009-04-27 00:00:00-04:00,33.65677325101658,33.937657051785365,33.01776514903871,33.45313262939453,4138400,0.0,0.0
2009-04-28 00:00:00-04:00,33.073948500925816,33.804244420998224,32.77902284784299,33.05288314819336,4413100,0.0,0.0
2009-04-29 00:00:00-04:00,33.628695240176825,34.01490858244378,33.21439297298313,33.47420883178711,5846000,0.0,0.0
2009-04-30 00:00:00-04:00,33.64974605409755,34.38706528193039,33.024782477421546,34.12724685668945,7551400,0.0,0.0
2009-05-01 00:00:00-04:00,33.979796166207535,34.01490598032641,33.24950024622353,33.488250732421875,4440200,0.0,0.0
2009-05-04 00:00:00-04:00,33.56549136512286,33.67784436893982,33.214387893356495,33.50229263305664,4743000,0.0,0.0
2009-05-05 00:00:00-04:00,33.80423917697765,33.89552682250211,33.09501139836667,33.46015930175781,3848700,0.0,0.0
2009-05-06 00:00:00-04:00,33.57952286958723,33.84636215521408,32.715808983730035,32.91242599487305,5077900,0.0,0.0
2009-05-07 00:00:00-04:00,33.467182802476536,33.65677899856674,32.06276891621448,32.25236511230469,8110300,0.0,0.0
2009-05-08 00:00:00-04:00,32.652627352362614,32.87031249904632,31.964464774768448,32.72284698486328,6487200,0.0,0.0
2009-05-11 00:00:00-04:00,32.09086098703786,32.83519870545245,31.7748672958679,32.31556701660156,5167400,0.0,0.0
2009-05-12 00:00:00-04:00,32.701767031432716,33.1792678196415,32.14000218610063,32.94051742553711,5375200,0.0,0.0
2009-05-13 00:00:00-04:00,32.60216807664224,32.81364106149656,31.932501383749475,32.179222106933594,5929500,0.18,0.0
2009-05-14 00:00:00-04:00,32.284959396377836,32.49643239525961,31.44611533556927,31.580047607421875,6582900,0.0,0.0
2009-05-15 00:00:00-04:00,31.56594820465117,32.12987977195227,31.509556661336063,31.544801712036133,5187400,0.0,0.0
2009-05-18 00:00:00-04:00,31.869041875555826,32.545756134416806,31.76330678518448,32.48936462402344,4243000,0.0,0.0
2009-05-19 00:00:00-04:00,32.58806792217971,33.65248610659172,32.22856413444686,33.27888107299805,6007600,0.0,0.0
2009-05-20 00:00:00-04:00,34.188215197103645,34.970667562786446,34.019035217081196,34.385589599609375,9621600,0.0,0.0
2009-05-21 00:00:00-04:00,34.131817342251765,34.73804173004141,33.73706857924401,34.05427932739258,4702500,0.0,0.0
2009-05-22 00:00:00-04:00,34.04722213745117,34.42082703053982,33.88509282834709,34.04722213745117,4038600,0.0,0.0
2009-05-26 00:00:00-04:00,33.65952803717133,35.1891848792284,33.55379022427207,34.63935470581055,7600100,0.0,0.0
2009-05-27 00:00:00-04:00,34.4349332691013,35.03410978923056,33.97674230679317,34.42083740234375,6273600,0.0,0.0
2009-05-28 00:00:00-04:00,33.79347178847639,34.392648450766075,32.80659685080399,33.81462097167969,10927600,0.0,0.0
2009-05-29 00:00:00-04:00,33.976744753471515,34.20231628417969,33.27888098163859,34.20231628417969,4713300,0.0,0.0
2009-06-01 00:00:00-04:00,34.68165518305843,35.23148543280017,34.36444438935179,35.03411102294922,4680700,0.0,0.0
2009-06-02 00:00:00-04:00,34.90722705632784,35.34427154925836,34.752145624729245,34.85788345336914,3820700,0.0,0.0
2009-06-03 00:00:00-04:00,34.695748344377414,34.71689483099483,33.83575536827922,34.16706466674805,9321500,0.0,0.0
2009-06-04 00:00:00-04:00,33.22249592279666,33.83576847345088,32.602172747856315,33.7441291809082,8815500,0.0,0.0
2009-06-05 00:00:00-04:00,34.11772362764548,34.251655867962114,33.25773058712701,33.58198928833008,5473000,0.0,0.0
2009-06-08 00:00:00-04:00,33.41281136387985,33.72297150399222,33.10264853474308,33.50444793701172,3293000,0.0,0.0
2009-06-09 00:00:00-04:00,33.52559294340861,33.807555938702,33.053300825530506,33.22248077392578,4992200,0.0,0.0
2009-06-10 00:00:00-04:00,33.285922397266184,33.44805172205173,32.69379662069011,32.841827392578125,5181800,0.0,0.0
2009-06-11 00:00:00-04:00,32.92643607291256,33.16610624007998,32.58103072815771,32.616275787353516,6474800,0.0,0.0
2009-06-12 00:00:00-04:00,32.67265267867537,33.20133639638225,32.39773757571171,33.15199279785156,4735700,0.0,0.0
2009-06-15 00:00:00-04:00,32.9546425884873,33.0110368504944,32.41891054455197,32.6585807800293,4338700,0.0,0.0
2009-06-16 00:00:00-04:00,32.67970350982115,32.80658781800445,32.28495203002594,32.390689849853516,4675300,0.0,0.0
2009-06-17 00:00:00-04:00,32.4682251523777,33.27182384436866,32.341340865323964,32.841827392578125,5875000,0.0,0.0
2009-06-18 00:00:00-04:00,32.91233530624736,33.03217172631465,32.355456954603774,32.59512710571289,4628500,0.0,0.0
2009-06-19 00:00:00-04:00,32.919365425051545,32.919365425051545,32.36248473127202,32.50346755981445,5120600,0.0,0.0
2009-06-22 00:00:00-04:00,32.29200818274788,32.58102189221431,31.89725663534437,31.96774673461914,5446700,0.0,0.0
2009-06-23 00:00:00-04:00,32.44004298686017,32.461189481433486,31.70693403269915,31.770376205444336,4396600,0.0,0.0
2009-06-24 00:00:00-04:00,31.869044005902065,31.95363531068193,31.56593188633326,31.749210357666016,4248300,0.0,0.0
2009-06-25 00:00:00-04:00,31.594132343468477,32.66559811659885,31.594132343468477,32.6233024597168,5439800,0.0,0.0
2009-06-26 00:00:00-04:00,32.44709094039508,32.84889047166679,32.306110724459586,32.71495819091797,3675800,0.0,0.0
2009-06-29 00:00:00-04:00,32.94052743489513,32.98987104478983,32.43299008852104,32.566925048828125,3545400,0.0,0.0
2009-06-30 00:00:00-04:00,32.489370851648594,32.630353688191015,32.17216014168413,32.27084732055664,5136000,0.0,0.0
2009-07-01 00:00:00-04:00,32.292003065924,32.69380248397796,32.22151028879423,32.27790451049805,3044100,0.0,0.0
2009-07-02 00:00:00-04:00,32.17216236640782,32.17216236640782,31.432005784657772,31.46725082397461,4920300,0.0,0.0
2009-07-06 00:00:00-04:00,31.417907658855498,32.27790061281984,31.36856406533533,32.21445846557617,4745700,0.0,0.0
2009-07-07 00:00:00-04:00,31.869050386186903,32.03117971927169,31.3544652796941,31.396760940551758,4268100,0.0,0.0
2009-07-08 00:00:00-04:00,31.601185386179573,32.50347128996073,31.460202541457743,32.44002914428711,7496100,0.0,0.0
2009-07-09 00:00:00-04:00,32.70790412227027,32.77839421701955,31.89725458752978,32.073482513427734,5697600,0.0,0.0
2009-07-10 00:00:00-04:00,31.932503909706035,32.08053474191125,31.474312854448204,31.69988441467285,3791400,0.0,0.0
2009-07-13 00:00:00-04:00,31.664636673554853,31.805619570951535,31.36857500914442,31.69988441467285,4686400,0.0,0.0
2009-07-14 00:00:00-04:00,31.58710298955922,31.84086901303052,31.2769400347185,31.7421817779541,3880600,0.0,0.0
2009-07-15 00:00:00-04:00,32.00298870736933,33.130846226711434,31.76331864838108,33.06035614013672,7246300,0.0,0.0
2009-07-16 00:00:00-04:00,32.94051918058872,33.546743594843186,32.79248838799851,33.476253509521484,3903700,0.0,0.0
2009-07-17 00:00:00-04:00,33.39167465682545,33.47626601764762,33.10971152116108,33.469215393066406,3293600,0.0,0.0
2009-07-20 00:00:00-04:00,33.48329958319298,34.188211153365465,33.15199028472416,34.16706466674805,4881200,0.0,0.0
2009-07-21 00:00:00-04:00,34.04020313340353,34.251676208073185,33.56086273000509,34.10364532470703,3911900,0.0,0.0
2009-07-22 00:00:00-04:00,33.962637269569264,34.60410664560206,33.835752980769456,34.413780212402344,3799300,0.0,0.0
2009-07-23 00:00:00-04:00,34.18821885656722,34.70280409605525,33.67363361707919,34.25870895385742,6234200,0.0,0.0
2009-07-24 00:00:00-04:00,33.92035044767777,34.70985349235159,33.9133025138078,34.6323127746582,4589700,0.0,0.0
2009-07-27 00:00:00-04:00,34.53363289562384,34.6323201248969,33.85691547241868,34.31510925292969,2905100,0.0,0.0
2009-07-28 00:00:00-04:00,34.145906078151945,34.484263215877384,33.90623610280182,34.42787170410156,3268900,0.0,0.0
2009-07-29 00:00:00-04:00,34.209367658897136,34.82969077525005,34.12477899862971,34.37854766845703,3579600,0.0,0.0
2009-07-30 00:00:00-04:00,34.723951620852276,35.05526100383093,34.456087091957755,34.71690368652344,3295600,0.0,0.0
2009-07-31 00:00:00-04:00,34.54773087295524,35.19625121619108,34.54068293715969,34.89313888549805,3384000,0.0,0.0
2009-08-03 00:00:00-04:00,35.06935846328735,35.27378350974585,34.90017846541916,35.24558639526367,3582800,0.0,0.0
2009-08-04 00:00:00-04:00,34.96362461377043,35.24559041268194,34.64641645127641,34.87903594970703,3805600,0.0,0.0
2009-08-05 00:00:00-04:00,35.05523602253256,35.06933457016815,34.322127679619804,34.58294677734375,3524400,0.0,0.0
2009-08-06 00:00:00-04:00,34.230504880558684,34.79443356701268,34.01198133810973,34.364437103271484,4750200,0.0,0.0
2009-08-07 00:00:00-04:00,34.85789091954433,35.414771916812796,34.477237881738645,35.31608200073242,4221300,0.0,0.0
2009-08-10 00:00:00-04:00,35.13279580025824,35.2173844430602,34.540669922595626,34.822635650634766,3165000,0.0,0.0
2009-08-11 00:00:00-04:00,34.56182035106995,34.81558899742978,34.399690980123346,34.48427963256836,2613100,0.0,0.0
2009-08-12 00:00:00-04:00,34.625784265350546,35.014919687292654,34.60455967831939,34.77436447143555,2881100,0.18,0.0
2009-08-13 00:00:00-04:00,34.7814238776059,34.80972511444006,34.109284347044344,34.58332061767578,3694600,0.0,0.0
2009-08-14 00:00:00-04:00,34.51966211553476,34.68946422683453,34.09515143937353,34.40645980834961,3318300,0.0,0.0
2009-08-17 00:00:00-04:00,34.031456197417164,34.23663610941424,33.52912140511073,33.585723876953125,4494500,0.0,0.0
2009-08-18 00:00:00-04:00,33.63525693986679,33.88996272014642,33.323948675545026,33.53620529174805,3410200,0.0,0.0
2009-08-19 00:00:00-04:00,33.40177318493873,34.01023634704288,33.36639798459763,33.91825866699219,3459200,0.0,0.0
2009-08-20 00:00:00-04:00,34.024390399342636,34.024390399342636,33.606956515715545,33.897037506103516,2335800,0.0,0.0
2009-08-21 00:00:00-04:00,34.12344474201177,34.54087865857195,33.882889557910055,34.35692596435547,3974800,0.0,0.0
2009-08-24 00:00:00-04:00,34.51257974183263,34.51257974183263,33.967792885234864,34.04561996459961,2839600,0.0,0.0
2009-08-25 00:00:00-04:00,34.5125902068517,35.43236211574351,34.28618556129699,35.106903076171875,6258400,0.0,0.0
2009-08-26 00:00:00-04:00,35.28376922693082,35.63045273433265,35.05029070068494,35.538475036621094,5574900,0.0,0.0
2009-08-27 00:00:00-04:00,35.31208976990525,36.54316762319423,35.28378850914992,36.3026123046875,5890400,0.0,0.0
2009-08-28 00:00:00-04:00,36.43702238454315,36.7907798834222,36.330894055297215,36.6280517578125,4994000,0.0,0.0
2009-08-31 00:00:00-04:00,36.3308944815932,36.5785263530875,35.984213640038966,36.069114685058594,3788800,0.0,0.0
2009-09-01 00:00:00-04:00,36.323820521506036,36.34504510802348,35.50310322237981,35.835636138916016,5505400,0.0,0.0
2009-09-02 00:00:00-04:00,35.658757387389194,35.95591239445558,35.340375094849804,35.835636138916016,4268100,0.0,0.0
2009-09-03 00:00:00-04:00,38.361466901935316,39.07605591540277,38.32608899024559,38.906253814697266,12230400,0.0,0.0
2009-09-04 00:00:00-04:00,38.686919750632036,39.288306410708,38.58786808416828,39.24585723876953,4593400,0.0,0.0
2009-09-08 00:00:00-04:00,40.229310638673205,40.328362324831055,39.72697554518353,40.137332916259766,5526200,0.0,0.0
2009-09-09 00:00:00-04:00,39.96750919950716,40.384943007714256,39.826005710479336,40.370792388916016,3931100,0.0,0.0
2009-09-10 00:00:00-04:00,40.35664901490662,40.35664901490662,40.087792607384344,40.264671325683594,3886900,0.0,0.0
2009-09-11 00:00:00-04:00,40.22929915673288,40.32127685289475,39.98874397374009,40.19392395019531,3031500,0.0,0.0
2009-09-14 00:00:00-04:00,39.776490790729945,40.34250220294265,39.73403892270576,40.3212776184082,3083000,0.0,0.0
2009-09-15 00:00:00-04:00,40.172691343167024,40.32834547005033,39.917985571523396,40.200992584228516,3330000,0.0,0.0
2009-09-16 00:00:00-04:00,40.20100582882498,40.87314568122621,40.109028114549666,40.8236198425293,3920300,0.0,0.0
2009-09-17 00:00:00-04:00,40.936806515287756,41.198586234016624,40.55474787782092,41.0075569152832,3979200,0.0,0.0
2009-09-18 00:00:00-04:00,41.17737701833436,41.17737701833436,40.65381468656492,40.717491149902344,4561700,0.0,0.0
2009-09-21 00:00:00-04:00,40.759937646267815,41.55235365293085,40.59720952786994,41.44622802734375,4847800,0.0,0.0
2009-09-22 00:00:00-04:00,41.54527509270815,41.64432674520888,41.27641867952395,41.318870544433594,2833800,0.0,0.0
2009-09-23 00:00:00-04:00,40.93681222520834,41.60187525437559,40.93681222520834,41.02171325683594,2952200,0.0,0.0
2009-09-24 00:00:00-04:00,41.057099215842975,41.20567943380276,40.377885387005634,40.632591247558594,3389400,0.0,0.0
2009-09-25 00:00:00-04:00,40.83777025531516,40.83777025531516,39.620843484621645,39.818946838378906,6137100,0.0,0.0
2009-09-28 00:00:00-04:00,39.974584580084866,40.08778683553931,39.84015774515605,40.01703643798828,4786200,0.0,0.0
2009-09-29 00:00:00-04:00,40.01703986039823,40.27881959247103,39.79770929090459,39.96751403808594,4939600,0.0,0.0
2009-09-30 00:00:00-04:00,40.413265367325124,40.63967000363851,39.60669851308918,39.889705657958984,12235900,0.0,0.0
2009-10-01 00:00:00-04:00,39.72697496626992,40.10903107888904,39.19633862762316,39.40151596069336,5097900,0.0,0.0
2009-10-02 00:00:00-04:00,39.564233768209,40.10194662884459,39.429806902527744,39.953369140625,5760800,0.0,0.0
2009-10-05 00:00:00-04:00,40.038270186373445,40.50522993442785,39.83309020795196,40.24345016479492,4480100,0.0,0.0
2009-10-06 00:00:00-04:00,40.34249734448608,41.297641318882086,40.34249734448608,40.98633575439453,5865700,0.0,0.0
2009-10-07 00:00:00-04:00,42.28109939529347,42.66315818083955,41.644337451672456,41.74338912963867,11117300,0.0,0.0
2009-10-08 00:00:00-04:00,41.94148095002738,42.012234056940386,41.311793142754475,41.481597900390625,5025900,0.0,0.0
2009-10-09 00:00:00-04:00,41.17737993121426,41.52406082360988,40.83777300237621,41.488685607910156,5751900,0.0,0.0
2009-10-12 00:00:00-04:00,41.30473028097863,41.62311260025543,40.8660689971058,41.057098388671875,2915700,0.0,0.0
2009-10-13 00:00:00-04:00,40.96511198727449,41.651399574790965,40.858983677361664,41.37546920776367,4733900,0.0,0.0
2009-10-14 00:00:00-04:00,41.74337460047748,41.74337460047748,41.347165327561065,41.58064651489258,3461400,0.0,0.0
2009-10-15 00:00:00-04:00,41.311804121765356,41.77168999257628,41.311804121765356,41.722164154052734,2879900,0.0,0.0
2009-10-16 00:00:00-04:00,41.63724895353892,41.67262685614656,41.12076342313692,41.37546920776367,3230700,0.0,0.0
2009-10-19 00:00:00-04:00,41.61603542029911,41.99101753669438,41.29057914195772,41.9061164855957,3502500,0.0,0.0
2009-10-20 00:00:00-04:00,41.92732884135764,41.93440550127544,41.33301625914575,41.80705261230469,3384300,0.0,0.0
2009-10-21 00:00:00-04:00,41.70060437732416,42.04834717381231,40.9554443359375,40.9554443359375,4153300,0.18,0.0
2009-10-22 00:00:00-04:00,40.99093422666796,41.50900071660683,40.85609659791267,41.35287094116211,2917600,0.0,0.0
2009-10-23 00:00:00-04:00,41.21803367192363,41.46641949211366,40.84900137678244,41.02642059326172,2152500,0.0,0.0
2009-10-26 00:00:00-04:00,40.941264966242294,41.416749961790885,40.82062117625711,40.912879943847656,2766600,0.0,0.0
2009-10-27 00:00:00-04:00,40.88448369020289,41.033515178713884,40.28835502895659,40.55803298950195,2876800,0.0,0.0
2009-10-28 00:00:00-04:00,40.487056749904035,40.80641181862057,40.252864837646484,40.252864837646484,3027100,0.0,0.0
2009-10-29 00:00:00-04:00,40.67158015063926,41.118674604889485,40.281255727909624,41.1044807434082,3940900,0.0,0.0
2009-10-30 00:00:00-04:00,40.96962411163764,41.12575380829067,40.31672302963593,40.34510803222656,3902700,0.0,0.0
2009-11-02 00:00:00-05:00,40.34513440525746,41.07610352061063,40.281263370075195,40.98384475708008,3884000,0.0,0.0
2009-11-03 00:00:00-05:00,40.84191061985381,41.423845540588815,40.6715896566744,40.912879943847656,4122300,0.0,0.0
2009-11-04 00:00:00-05:00,40.93417481658278,42.06256149931631,40.93417481658278,41.73611068725586,4756800,0.0,0.0
2009-11-05 00:00:00-05:00,41.239323977719536,42.2186788312706,41.14706522519599,42.161903381347656,4668700,0.0,0.0
2009-11-06 00:00:00-05:00,41.977388583503014,42.339322601553164,41.72900005089384,42.161903381347656,2749300,0.0,0.0
2009-11-09 00:00:00-05:00,41.84253918132287,42.9070542720043,41.84253918132287,42.892860412597656,3698200,0.0,0.0
2009-11-10 00:00:00-05:00,42.52384179068632,42.8644891109965,42.239972633364815,42.609004974365234,3078600,0.0,0.0
2009-11-11 00:00:00-05:00,42.907073213545196,43.07029860797545,42.424492609489185,42.86449432373047,3156500,0.0,0.0
2009-11-12 00:00:00-05:00,42.69415920811713,43.04190205595236,42.58061102035096,42.665771484375,3690500,0.0,0.0
2009-11-13 00:00:00-05:00,42.82899089332287,43.02770222474775,42.5522173932404,42.914154052734375,2466200,0.0,0.0
2009-11-16 00:00:00-05:00,43.141246789391396,43.46769741823257,42.935439898825635,43.37543869018555,3266400,0.0,0.0
2009-11-17 00:00:00-05:00,43.332866520230105,43.45351027715627,42.736737898048546,43.020606994628906,3307500,0.0,0.0
2009-11-18 00:00:00-05:00,42.85028641462317,43.16964151958585,42.3464138235922,43.12705993652344,3116900,0.0,0.0
2009-11-19 00:00:00-05:00,42.83608513078548,42.9993104434371,42.42447135411482,42.92124557495117,2240800,0.0,0.0
2009-11-20 00:00:00-05:00,42.76513269002982,43.176746628901284,42.43868193608522,42.623199462890625,2696400,0.0,0.0
2009-11-23 00:00:00-05:00,42.65157751027483,43.19093343114671,42.53093374549174,42.98512649536133,2750600,0.0,0.0
2009-11-24 00:00:00-05:00,43.15545207437751,43.16964593685068,42.8148074966288,42.94254684448242,2578000,0.0,0.0
2009-11-25 00:00:00-05:00,42.86447155979237,43.2831808995602,42.86447155979237,43.21221160888672,2469800,0.0,0.0
2009-11-27 00:00:00-05:00,42.22577034899238,42.9425427385374,42.012867846656384,42.601898193359375,1483300,0.0,0.0
2009-11-30 00:00:00-05:00,42.68705869245053,42.786413006851646,42.16189669278485,42.5167350769043,3399200,0.0,0.0
2009-12-01 00:00:00-05:00,42.67286597005641,43.14125254129512,42.651573825544126,43.098670959472656,4418600,0.0,0.0
2009-12-02 00:00:00-05:00,43.04189769938154,43.396736088635464,42.78641362596639,43.19802474975586,4316200,0.0,0.0
2009-12-03 00:00:00-05:00,42.15480598231726,42.27544974738714,41.79996755723783,41.885128021240234,8326000,0.0,0.0
2009-12-04 00:00:00-05:00,42.15479817597694,42.573507548321025,41.636731788959864,42.00576400756836,4936000,0.0,0.0
2009-12-07 00:00:00-05:00,41.9631852487361,42.39608848147133,41.906409811629,42.11931228637695,2422400,0.0,0.0
2009-12-08 00:00:00-05:00,41.764486202327134,41.8425510976949,41.161261895362365,41.693519592285156,3853300,0.0,0.0
2009-12-09 00:00:00-05:00,41.665110514621226,41.870917368363514,41.23220737647408,41.6296272277832,3745600,0.0,0.0
2009-12-10 00:00:00-05:00,41.97737584398329,42.126407293998454,41.324471904028556,41.700599670410156,5576500,0.0,0.0
2009-12-11 00:00:00-05:00,41.89931384730776,42.21866891007114,41.84963669390033,42.0980224609375,3197100,0.0,0.0
2009-12-14 00:00:00-05:00,42.27544199194815,42.38189458282416,41.99157022108,42.20447540283203,2174900,0.0,0.0
2009-12-15 00:00:00-05:00,42.16899587431661,42.20448188152386,41.771578582737,41.85673904418945,2794900,0.0,0.0
2009-12-16 00:00:00-05:00,41.97737287916289,42.225758611644935,41.67221171799842,41.70769500732422,2859300,0.0,0.0
2009-12-17 00:00:00-05:00,41.5373813550807,41.57286736008838,41.019317626953125,41.019317626953125,2876800,0.0,0.0
2009-12-18 00:00:00-05:00,41.18254739258594,41.487708659503724,40.820613384512626,41.4664192199707,4540800,0.0,0.0
2009-12-21 00:00:00-05:00,41.71479537434897,42.261246755785194,41.6154410699427,42.062538146972656,2114000,0.0,0.0
2009-12-22 00:00:00-05:00,41.8922292741198,42.4386808476395,41.8922292741198,42.275455474853516,3026200,0.0,0.0
2009-12-23 00:00:00-05:00,42.2967230529702,42.800595481860206,42.2967230529702,42.630271911621094,2945700,0.0,0.0
2009-12-24 00:00:00-05:00,42.78642941613273,43.0064275660503,42.64449346660983,42.86449432373047,1681400,0.0,0.0
2009-12-28 00:00:00-05:00,42.86449057958235,43.112876439149,42.81481340766903,42.9780387878418,1748300,0.0,0.0
2009-12-29 00:00:00-05:00,42.92835333052992,43.070286533058244,42.72254639678063,42.7651252746582,1794500,0.0,0.0
2009-12-30 00:00:00-05:00,42.67287194696414,42.92835605927871,42.48835444042475,42.61609649658203,1678500,0.0,0.0
2009-12-31 00:00:00-05:00,42.75093773838124,42.79351661986246,41.94900208165354,41.991580963134766,1862900,0.0,0.0
2010-01-04 00:00:00-05:00,41.96319472102228,42.63029001440209,41.96319472102228,42.161903381347656,3280200,0.0,0.0
2010-01-05 00:00:00-05:00,42.0554347872555,42.16898293675597,41.75737191001731,42.03414535522461,2775800,0.0,0.0
2010-01-06 00:00:00-05:00,41.92060496607155,42.616087848909956,41.870927810668945,42.580604553222656,3722900,0.0,0.0
2010-01-07 00:00:00-05:00,42.63738400438219,42.892865381693426,42.05544653010041,42.37480163574219,4527600,0.0,0.0
2010-01-08 00:00:00-05:00,42.20447378813106,42.303828091973166,41.94189146260352,42.06963348388672,2348300,0.0,0.0
2010-01-11 00:00:00-05:00,42.019957978641365,42.16898944024475,41.87092651703798,42.11931228637695,1830400,0.0,0.0
2010-01-12 00:00:00-05:00,42.034163096433886,42.14771129385924,41.672229063141394,41.89222717285156,2113300,0.0,0.0
2010-01-13 00:00:00-05:00,41.94900109809136,42.28964567796688,41.82835461991739,42.154808044433594,2051500,0.0,0.0
2010-01-14 00:00:00-05:00,41.95608354887022,42.048342273055404,41.665116225395366,41.67221450805664,2145700,0.0,0.0
2010-01-15 00:00:00-05:00,41.863833017851455,41.863833017851455,41.46641305999137,41.72189712524414,3081700,0.0,0.0
2010-01-19 00:00:00-05:00,41.99157627876865,42.069641162379085,41.72190103546269,41.83544921875,2558200,0.0,0.0
2010-01-20 00:00:00-05:00,41.50190243197623,41.64383834536212,40.89157989945854,41.35287094116211,4484600,0.0,0.0
2010-01-21 00:00:00-05:00,41.25349790889774,41.58704404083623,40.699948368402005,40.820594787597656,3456800,0.0,0.0
2010-01-22 00:00:00-05:00,40.73545735396401,41.13287470692583,40.47997322294416,40.50126266479492,4220600,0.0,0.0
2010-01-25 00:00:00-05:00,40.69997537271419,41.03352443316263,40.274170250305794,40.84191131591797,2690600,0.0,0.0
2010-01-26 00:00:00-05:00,40.593512355807356,41.501897767866154,40.55093077441632,41.111576080322266,3530500,0.0,0.0
2010-01-27 00:00:00-05:00,40.955447423706765,41.189642066851775,40.650286183537155,40.82770538330078,3776200,0.0,0.0
2010-01-28 00:00:00-05:00,40.87027857454426,41.03350387994988,40.49415081457483,40.699954986572266,3197000,0.0,0.0
2010-01-29 00:00:00-05:00,40.87028492927363,41.544478396220825,40.735447318765,40.756736755371094,5413900,0.0,0.0
2010-02-01 00:00:00-05:00,41.019312906589484,41.10447335296336,40.707056131750754,41.09737777709961,4295300,0.0,0.0
2010-02-02 00:00:00-05:00,41.16124368866229,41.78575986816185,40.877371959653004,41.70769500732422,5231500,0.0,0.0
2010-02-03 00:00:00-05:00,41.57997036579389,41.83545448716446,41.430938864061915,41.45932388305664,5269100,0.0,0.0
2010-02-04 00:00:00-05:00,41.281885012266336,41.828336299138854,41.232207868659856,41.5302734375,5962700,0.0,0.0
2010-02-05 00:00:00-05:00,41.579967739365074,41.7999685426938,41.21093544371806,41.572872161865234,4793600,0.0,0.0
2010-02-08 00:00:00-05:00,41.35287506146387,41.71480910481788,41.25352072435503,41.260616302490234,3319800,0.0,0.0
2010-02-09 00:00:00-05:00,41.72898738675637,41.8709232612858,41.30318247036971,41.700599670410156,3486900,0.0,0.0
2010-02-10 00:00:00-05:00,41.75756524136585,42.22739113225048,41.558245989330295,42.10637664794922,4520500,0.18,0.0
2010-02-11 00:00:00-05:00,41.899929196112474,42.554836735012195,41.764674545085335,42.476531982421875,4030800,0.0,0.0
2010-02-12 00:00:00-05:00,42.13483486108242,42.29856172296951,41.96399062064382,42.19890213012695,4337600,0.0,0.0
2010-02-16 00:00:00-05:00,42.440931571311594,43.316515726628964,42.21313745198611,43.18838119506836,4052300,0.0,0.0
2010-02-17 00:00:00-05:00,43.27380350004461,43.636849507924225,43.238211180137974,43.458885192871094,2663100,0.0,0.0
2010-02-18 00:00:00-05:00,43.37347012937969,43.51584214765901,43.12432113403116,43.39482498168945,2275200,0.0,0.0
2010-02-19 00:00:00-05:00,43.23109545061753,43.679566330165926,43.1812656546144,43.52295684814453,2510100,0.0,0.0
2010-02-22 00:00:00-05:00,43.70805634114683,43.743648676914695,43.20263539736694,43.27382278442383,3004300,0.0,0.0
2010-02-23 00:00:00-05:00,43.16703946059388,43.366358696683605,43.0033125573029,43.07449722290039,3081200,0.0,0.0
2010-02-24 00:00:00-05:00,43.28093411914283,43.57991567197257,43.145682175910785,43.323646545410156,2908200,0.0,0.0
2010-02-25 00:00:00-05:00,42.91787256450711,43.793456621672135,42.86092268329972,43.70803451538086,3534000,0.0,0.0
2010-02-26 00:00:00-05:00,43.67958249333122,43.75788726331776,43.266703784500784,43.40195846557617,3681600,0.0,0.0
2010-03-01 00:00:00-05:00,43.4232857283052,44.21344759161486,43.195491659758936,43.88599395751953,4031100,0.0,0.0
2010-03-02 00:00:00-05:00,44.22057476174055,44.22057476174055,43.56566734850766,43.69380187988281,4126100,0.0,0.0
2010-03-03 00:00:00-05:00,42.533483209611326,43.83618366408367,42.45517845457476,43.19551086425781,10153500,0.0,0.0
2010-03-04 00:00:00-05:00,43.24534104993897,43.53720250231361,43.05313920829897,43.28093338012695,3286100,0.0,0.0
2010-03-05 00:00:00-05:00,43.31652532893564,43.40195017925956,43.06737630429264,43.19551086425781,3514800,0.0,0.0
2010-03-08 00:00:00-05:00,43.09584170101245,43.42329540810283,43.081604229114596,43.18838119506836,3020400,0.0,0.0
2010-03-09 00:00:00-05:00,42.98193845142534,43.11719034169689,42.739906895057494,42.80397415161133,3187000,0.0,0.0
2010-03-10 00:00:00-05:00,42.86093976995841,43.003311814214165,42.54060334926317,42.59755325317383,3248400,0.0,0.0
2010-03-11 00:00:00-05:00,42.554833947003935,42.75415586295348,42.547716567925946,42.6402587890625,3957200,0.0,0.0
2010-03-12 00:00:00-05:00,42.626025710000924,43.05313910224609,42.57619590475635,42.832462310791016,3938700,0.0,0.0
2010-03-15 00:00:00-04:00,42.76128642566653,43.152807568155744,42.74704894760058,43.10297775268555,2584700,0.0,0.0
2010-03-16 00:00:00-04:00,43.21685042746633,43.3948147293902,43.13142832288841,43.359222412109375,2480600,0.0,0.0
2010-03-17 00:00:00-04:00,43.39484054914377,43.7507693647677,43.35213082920257,43.65822982788086,3115300,0.0,0.0
2010-03-18 00:00:00-04:00,43.42329199219279,43.72939082511705,43.36634210908135,43.61549377441406,3156200,0.0,0.0
2010-03-19 00:00:00-04:00,43.69380570090628,43.77922782411984,43.06025308232504,43.22397994995117,4687500,0.0,0.0
2010-03-22 00:00:00-04:00,43.095858936977336,43.48738006643485,43.017554167981594,43.337890625,2369000,0.0,0.0
2010-03-23 00:00:00-04:00,43.252464294433594,43.345006537886874,42.967722898800474,43.252464294433594,2937800,0.0,0.0
2010-03-24 00:00:00-04:00,43.095838577576004,43.238210570715836,42.725672481620414,42.76126480102539,2910000,0.0,0.0
2010-03-25 00:00:00-04:00,43.01043013214601,43.01043013214601,42.71856865704301,42.74704360961914,2591500,0.0,0.0
2010-03-26 00:00:00-04:00,42.889396255176536,43.0104106756006,42.647364698808694,42.80397415161133,2302000,0.0,0.0
2010-03-29 00:00:00-04:00,42.81111526489258,43.01755461885942,42.682980680742205,42.81111526489258,2375500,0.0,0.0
2010-03-30 00:00:00-04:00,42.90364968651236,43.06737657739036,42.73992279563435,42.832462310791016,2121500,0.0,0.0
2010-03-31 00:00:00-04:00,42.75416044024093,42.789752770482316,42.48365384246908,42.505008697509766,2548200,0.0,0.0
2010-04-01 00:00:00-04:00,42.51925375999922,42.92501237130166,42.505016282257934,42.81111526489258,2638300,0.0,0.0
2010-04-05 00:00:00-04:00,42.94637255290098,43.330773613167445,42.71145822919017,43.29518127441406,2146100,0.0,0.0
2010-04-06 00:00:00-04:00,43.45891257342972,44.02839819729062,43.245355803922095,43.950096130371094,3589100,0.0,0.0
2010-04-07 00:00:00-04:00,43.886003184044256,44.1066772068629,43.77922350392422,43.93583297729492,3897200,0.0,0.0
2010-04-08 00:00:00-04:00,43.85041994114384,43.86465741669054,43.29517197242649,43.4090690612793,4471500,0.0,0.0
2010-04-09 00:00:00-04:00,43.45178139930096,43.71516790757577,43.36635654619498,43.57279586791992,2804500,0.0,0.0
2010-04-12 00:00:00-04:00,43.344993986640375,43.57278812339381,42.896523091866904,42.96059036254883,4550700,0.0,0.0
2010-04-13 00:00:00-04:00,42.868054816646435,43.10296635380747,42.540598338770224,42.633140563964844,4191400,0.0,0.0
2010-04-14 00:00:00-04:00,42.56195803678258,42.618905221313334,41.95687756857906,42.440940856933594,6763100,0.0,0.0
2010-04-15 00:00:00-04:00,42.29145694679212,42.31281180433039,41.92841079103628,42.02095031738281,5754400,0.0,0.0
2010-04-16 00:00:00-04:00,41.97111122975872,42.36975234733303,41.94975637694024,42.13483810424805,5443700,0.0,0.0
2010-04-19 00:00:00-04:00,42.20602530363619,42.37686955653994,41.72196206120819,42.33415985107422,4040700,0.0,0.0
2010-04-20 00:00:00-04:00,42.4978933541538,42.65450015782459,42.23450683912128,42.34840393066406,3703300,0.0,0.0
2010-04-21 00:00:00-04:00,42.28433071836842,42.39822779394197,42.02806161944781,42.362632751464844,3033200,0.0,0.0
2010-04-22 00:00:00-04:00,42.16330966446337,43.00330153776753,42.085004923059046,42.86804962158203,3929700,0.0,0.0
2010-04-23 00:00:00-04:00,42.761267148739755,43.05312852871646,42.711437355733004,42.85380935668945,4017400,0.0,0.0
2010-04-26 00:00:00-04:00,42.85380700389427,42.92499164270423,42.71855238842747,42.76126480102539,2874600,0.0,0.0
2010-04-27 00:00:00-04:00,42.88941672909524,42.88941672909524,42.07789956903638,42.120609283447266,3948900,0.0,0.0
2010-04-28 00:00:00-04:00,42.21314722459459,42.34840188117647,41.81450878124774,41.8928108215332,3462400,0.0,0.0
2010-04-29 00:00:00-04:00,42.006701907821565,42.31992088630985,41.942634636359905,42.24873352050781,2883800,0.0,0.0
2010-04-30 00:00:00-04:00,42.09213377395399,42.483654846907406,42.013829016259145,42.056541442871094,4960700,0.0,0.0
2010-05-03 00:00:00-04:00,42.02094251124103,42.35551636663311,41.92840300208537,42.22026443481445,4051400,0.0,0.0
2010-05-04 00:00:00-04:00,41.87858759501613,42.97484633164495,41.50842128459441,42.62603759765625,6046200,0.0,0.0
2010-05-05 00:00:00-04:00,42.67959692187556,43.451045337345036,42.658168707506704,43.11532211303711,6438700,0.205,0.0
2010-05-06 00:00:00-04:00,42.108148733241606,42.222437067167476,39.28665225368874,41.45098876953125,11175500,0.0,0.0
2010-05-07 00:00:00-04:00,41.32956495145109,41.92957947788369,40.59383385916262,40.93669891357422,9286700,0.0,0.0
2010-05-10 00:00:00-04:00,41.872424712667545,42.13671868114303,40.78668425052791,41.086692810058594,8378900,0.0,0.0
2010-05-11 00:00:00-04:00,41.000989606146945,41.64386061347745,40.950988618627335,41.38671112060547,5442100,0.0,0.0
2010-05-12 00:00:00-04:00,41.472427738001684,41.56528515396784,41.18670548542291,41.34385299682617,4151100,0.0,0.0
2010-05-13 00:00:00-04:00,41.293856176832264,41.77958242030376,41.14385048042958,41.193851470947266,5007700,0.0,0.0
2010-05-14 00:00:00-04:00,40.90811233795946,41.51526848932153,40.86525319880455,41.24383544921875,4890500,0.0,0.0
2010-05-17 00:00:00-04:00,41.300993394633096,41.74386042897424,41.09384489999717,41.67957305908203,4129100,0.0,0.0
2010-05-18 00:00:00-04:00,41.88672375176688,42.136731414400124,41.20099358683182,41.272422790527344,4308800,0.0,0.0
2010-05-19 00:00:00-04:00,41.065281519751444,41.77243997848699,41.065281519751444,41.26528549194336,4350200,0.0,0.0
2010-05-20 00:00:00-04:00,40.715269352072426,41.08670722402065,40.39383247011246,40.42240524291992,6755600,0.0,0.0
2010-05-21 00:00:00-04:00,39.95096384348057,41.236708596667064,39.85096186737766,41.02956008911133,5966100,0.0,0.0
2010-05-24 00:00:00-04:00,40.84384334548065,41.00813269879467,40.48669186657638,40.5438346862793,3376800,0.0,0.0
2010-05-25 00:00:00-04:00,39.972384351480805,40.35810852050781,39.565231970235274,40.35810852050781,6120300,0.0,0.0
2010-05-26 00:00:00-04:00,40.42953843221198,40.500970348962646,39.79380935980063,39.986671447753906,6146600,0.0,0.0
2010-05-27 00:00:00-04:00,40.95813136328056,42.32959172274432,40.74384102272054,41.95815658569336,8764500,0.0,0.0
2010-05-28 00:00:00-04:00,41.99385166256299,42.08670904122537,41.44383831845887,41.60812759399414,3501100,0.0,0.0
2010-06-01 00:00:00-04:00,41.558132849315164,42.03671436818377,41.236696077392914,41.4152717590332,3200400,0.0,0.0
2010-06-02 00:00:00-04:00,41.67242911469621,42.129582510802095,41.39385143424726,42.108154296875,3898900,0.0,0.0
2010-06-03 00:00:00-04:00,41.593852677910384,42.25815451524486,40.929550840575914,41.37956237792969,7219000,0.0,0.0
2010-06-04 00:00:00-04:00,41.03669636845681,41.03669636845681,40.008098593468695,40.12238693237305,5499000,0.0,0.0
2010-06-07 00:00:00-04:00,40.00810243679738,40.443827622242914,39.82952671980161,39.89381408691406,3414800,0.0,0.0
2010-06-08 00:00:00-04:00,39.77952225730013,40.51525599986151,39.679520300506084,40.47239685058594,3726500,0.0,0.0
2010-06-09 00:00:00-04:00,40.48669657460661,41.25100061035155,40.41526736045937,41.00099563598633,4926900,0.0,0.0
2010-06-10 00:00:00-04:00,41.30100709895185,41.47244105049863,40.929569141308995,41.1795768737793,3270300,0.0,0.0
2010-06-11 00:00:00-04:00,40.84382977609514,41.179552926681026,40.71525506841751,41.086692810058594,3093000,0.0,0.0
2010-06-14 00:00:00-04:00,41.1724083735608,41.358128606805664,40.92954533959735,41.086692810058594,2510800,0.0,0.0
2010-06-15 00:00:00-04:00,41.37956365825423,42.27244220650786,41.37241910395271,42.258155822753906,5099900,0.0,0.0
2010-06-16 00:00:00-04:00,41.765284440813424,42.065290300645884,41.51527683277085,41.67242431640625,2876900,0.0,0.0
2010-06-17 00:00:00-04:00,41.85101008620478,41.94387023296598,41.42242940474458,41.843868255615234,2829000,0.0,0.0
2010-06-18 00:00:00-04:00,41.78671926331058,41.95100860180835,41.465282416315254,41.57957077026367,3657100,0.0,0.0
2010-06-21 00:00:00-04:00,41.786721776653366,41.92958290889386,41.10813344214808,41.272422790527344,2795600,0.0,0.0
2010-06-22 00:00:00-04:00,41.422410031576284,41.65098665143022,41.10097330839161,41.15097427368164,2716300,0.0,0.0
2010-06-23 00:00:00-04:00,41.136706620564155,41.200993994465954,40.729554160802586,41.02956008911133,2541200,0.0,0.0
2010-06-24 00:00:00-04:00,40.83670105463313,41.036707746808816,40.00096785557837,40.15811538696289,3772600,0.0,0.0
2010-06-25 00:00:00-04:00,40.12238451086081,40.615255156579295,39.90809422895436,40.31524658203125,4488900,0.0,0.0
2010-06-28 00:00:00-04:00,40.422404208584716,40.858129445775525,40.15811287900241,40.46526336669922,3043600,0.0,0.0
2010-06-29 00:00:00-04:00,40.129529796497124,40.26524634171596,39.56522995479716,39.736663818359375,4298400,0.0,0.0
2010-06-30 00:00:00-04:00,39.65808623538067,39.765230005483424,39.0652136863876,39.165218353271484,4609600,0.0,0.0
2010-07-01 00:00:00-04:00,39.09379993130572,39.400950416259946,38.72950662755858,39.215232849121094,5376600,0.0,0.0
2010-07-02 00:00:00-04:00,39.415236905429474,39.415236905429474,38.400925301915365,38.73664855957031,3385200,0.0,0.0
2010-07-06 00:00:00-04:00,39.065217478289725,39.079503860659855,38.22233999239365,38.572349548339844,3364700,0.0,0.0
2010-07-07 00:00:00-04:00,38.40091294557597,38.80806800195996,38.15090808405377,38.77949523925781,4813000,0.0,0.0
2010-07-08 00:00:00-04:00,39.129506167263926,39.8509535148224,38.94378863983389,39.79380798339844,7592700,0.0,0.0
2010-07-09 00:00:00-04:00,40.208104887870476,40.208104887870476,39.71523421660182,40.13667297363281,3895600,0.0,0.0
2010-07-12 00:00:00-04:00,40.03666618444541,40.30810197607702,39.808089536181505,39.950950622558594,2644600,0.0,0.0
2010-07-13 00:00:00-04:00,40.10810291718028,40.536683503043825,40.10810291718028,40.36524963378906,3207300,0.0,0.0
2010-07-14 00:00:00-04:00,40.27953406940043,40.286678623247255,39.9080962899838,40.25096130371094,3428200,0.0,0.0
2010-07-15 00:00:00-04:00,40.26525080030925,40.42239829890491,39.89381299216896,40.39382553100586,2949400,0.0,0.0
2010-07-16 00:00:00-04:00,40.42238560129352,40.42952742860031,39.250929733905195,39.27235794067383,5020200,0.0,0.0
2010-07-19 00:00:00-04:00,39.37950440487309,39.493792715663425,39.00092216144089,39.1580696105957,3575000,0.0,0.0
2010-07-20 00:00:00-04:00,38.836641824976134,39.3509407043457,38.65092429900873,39.3509407043457,6343500,0.0,0.0
2010-07-21 00:00:00-04:00,39.33666292524855,39.358091141626055,38.208065690158044,38.29378128051758,4973800,0.0,0.0
2010-07-22 00:00:00-04:00,38.636646481564405,39.34380759746703,38.45807074495611,39.215232849121094,5284100,0.0,0.0
2010-07-23 00:00:00-04:00,39.28665980271163,40.00096270821548,39.129512291549,39.965248107910156,4905800,0.0,0.0
2010-07-26 00:00:00-04:00,39.8509535148224,40.00095644753692,39.608090455968394,39.79380798339844,3494400,0.0,0.0
2010-07-27 00:00:00-04:00,40.35095739972677,40.97239993460408,40.279525500698824,40.86525344848633,6930000,0.0,0.0
2010-07-28 00:00:00-04:00,40.87240668770791,41.00098140843675,40.29382044442811,40.36524963378906,3077800,0.0,0.0
2010-07-29 00:00:00-04:00,40.529537494343124,40.71525500243839,39.83666298463077,40.15095520019531,3439800,0.0,0.0
2010-07-30 00:00:00-04:00,39.79381850785742,40.63669624533828,39.79381850785742,40.508121490478516,2973900,0.0,0.0
2010-08-02 00:00:00-04:00,40.75813402757301,40.95813801459501,40.54384092736377,40.60098648071289,3588100,0.0,0.0
2010-08-03 00:00:00-04:00,40.44382651240464,40.65097499239907,40.27239535470858,40.39382553100586,3246800,0.0,0.0
2010-08-04 00:00:00-04:00,40.49778501111598,41.300714283703314,40.31855955613359,41.15016555786133,4364600,0.205,0.0
2010-08-05 00:00:00-04:00,40.67699543395425,40.67699543395425,40.04612129982141,40.476261138916016,4358300,0.0,0.0
2010-08-06 00:00:00-04:00,40.325716797392346,40.60530799629224,39.97443379443948,40.53361892700195,3030000,0.0,0.0
2010-08-09 00:00:00-04:00,40.54078936166487,41.21467868952762,40.5336215481774,40.97809982299805,2391800,0.0,0.0
2010-08-10 00:00:00-04:00,40.71285351701469,41.08564277787777,40.59814933942323,40.849063873291016,2433600,0.0,0.0
2010-08-11 00:00:00-04:00,40.512115620530025,40.59097524851188,40.010286596578354,40.05329895019531,2847500,0.0,0.0
2010-08-12 00:00:00-04:00,39.78087233299145,40.117814236750874,39.694842169052194,39.909912109375,3269000,0.0,0.0
2010-08-13 00:00:00-04:00,39.723525475668225,39.93859545164499,39.47261095948918,39.65183639526367,2270600,0.0,0.0
2010-08-16 00:00:00-04:00,39.529952443313,39.78803744810595,39.42958666028518,39.69483947753906,2395400,0.0,0.0
2010-08-17 00:00:00-04:00,39.795212807158315,40.35439800183866,39.702017553680754,40.02462387084961,2641600,0.0,0.0
2010-08-18 00:00:00-04:00,39.60881202942305,40.13932039836149,39.422418823168314,39.91707992553711,2909200,0.0,0.0
2010-08-19 00:00:00-04:00,39.74502788784182,39.88124095637555,39.15000091951346,39.43675994873047,2946200,0.0,0.0
2010-08-20 00:00:00-04:00,39.236015337730954,39.515606460733665,39.056789978394654,39.458255767822266,2896200,0.0,0.0
2010-08-23 00:00:00-04:00,39.66616661720239,39.895574909128875,39.32205144455011,39.3578987121582,2407500,0.0,0.0
2010-08-24 00:00:00-04:00,39.085488645798144,39.909924120957484,38.7485439058667,39.8597412109375,6658600,0.0,0.0
2010-08-25 00:00:00-04:00,39.694852051253434,41.15016457042807,39.57298005747627,40.9135856628418,5946600,0.0,0.0
2010-08-26 00:00:00-04:00,40.95659712303661,40.97093548599106,40.25403374684695,40.34722900390625,3854500,0.0,0.0
2010-08-27 00:00:00-04:00,40.426088107273095,40.52645391188651,39.72352474021611,40.28270721435547,4254700,0.0,0.0
2010-08-30 00:00:00-04:00,40.29703631376821,40.75585287782286,40.19667053222656,40.19667053222656,2843100,0.0,0.0
2010-08-31 00:00:00-04:00,40.046127222165204,40.90640976234232,39.96009978857633,40.50494384765625,4358700,0.0,0.0
2010-09-01 00:00:00-04:00,40.81319386625062,41.501418502399865,40.69131921529579,41.42972946166992,3966400,0.0,0.0
2010-09-02 00:00:00-04:00,41.874219069480134,42.1753191399922,41.32937509941584,42.00326156616211,5011300,0.0,0.0
2010-09-03 00:00:00-04:00,42.33303836908208,42.33303836908208,41.71650256373363,41.98892593383789,2779400,0.0,0.0
2010-09-07 00:00:00-04:00,41.7595246759654,42.29720095934693,41.72368013735923,42.03911590576172,2598500,0.0,0.0
2010-09-08 00:00:00-04:00,42.56245425711008,42.59829879607869,42.153820496389336,42.447750091552734,3412700,0.0,0.0
2010-09-09 00:00:00-04:00,42.655646803812395,42.66281461678636,42.175324026438744,42.254180908203125,2622900,0.0,0.0
2010-09-10 00:00:00-04:00,42.51227616608279,42.86355925115585,42.39757198754608,42.68433380126953,2608600,0.0,0.0
2010-09-13 00:00:00-04:00,42.88505497109086,43.178984527829535,42.591125414352184,43.04994201660156,3107800,0.0,0.0
2010-09-14 00:00:00-04:00,43.01410325555409,43.88155368153131,42.97108816778385,43.759681701660156,4134800,0.0,0.0
2010-09-15 00:00:00-04:00,43.75967297764338,43.92456001241256,43.6664750067695,43.86720657348633,3523100,0.0,0.0
2010-09-16 00:00:00-04:00,43.84570365520605,43.96757835458778,43.60195699120529,43.90305709838867,2230600,0.0,0.0
2010-09-17 00:00:00-04:00,44.08946398556129,44.08946398556129,43.69516851313093,43.93891525268555,3495800,0.0,0.0
2010-09-20 00:00:00-04:00,44.096630715885276,44.290194539719046,43.70950580298121,43.93174362182617,3472500,0.0,0.0
2010-09-21 00:00:00-04:00,43.881549278118484,44.11095758701313,43.630634794878326,43.924564361572266,3198500,0.0,0.0
2010-09-22 00:00:00-04:00,44.10378746990639,44.77050618741649,44.10378746990639,44.684478759765625,4806500,0.0,0.0
2010-09-23 00:00:00-04:00,44.48374443595763,45.035759004851805,44.361872474717906,44.80635070800781,3399200,0.0,0.0
2010-09-24 00:00:00-04:00,45.16481528289746,46.10395492980116,45.00709600519796,45.917564392089844,4481600,0.0,0.0
2010-09-27 00:00:00-04:00,45.75267358593265,45.98208194780824,45.61646322568257,45.68815231323242,4704400,0.0,0.0
2010-09-28 00:00:00-04:00,45.781346181768455,46.67747336905718,45.65947146222035,46.59861373901367,5453500,0.0,0.0
2010-09-29 00:00:00-04:00,46.548433656411504,46.75633583280572,46.16130603169744,46.362037658691406,3585200,0.0,0.0
2010-09-30 00:00:00-04:00,46.50541641824422,46.598611672559954,45.931892856002285,46.23299026489258,4090300,0.0,0.0
2010-10-01 00:00:00-04:00,46.54125210822637,46.77783095678584,46.24015473889175,46.63445281982422,4037200,0.0,0.0
2010-10-04 00:00:00-04:00,46.64162730635371,46.77066984345921,46.2616702441893,46.28317642211914,4502900,0.0,0.0
2010-10-05 00:00:00-04:00,46.59860997772774,46.59860997772774,46.118287156797365,46.35486602783203,5698600,0.0,0.0
2010-10-06 00:00:00-04:00,45.164811708746335,46.92838941436373,45.028601356361705,46.892547607421875,11502200,0.0,0.0
2010-10-07 00:00:00-04:00,46.75632693948948,46.79216874062016,46.18997397417909,46.785003662109375,5048000,0.0,0.0
2010-10-08 00:00:00-04:00,46.16847067820702,46.56276333238225,45.83869381704216,46.0896110534668,5632000,0.0,0.0
2010-10-11 00:00:00-04:00,45.44439949964249,46.23299029611313,45.36553987304282,46.11111831665039,2584800,0.0,0.0
2010-10-12 00:00:00-04:00,45.903203700031476,45.94621604121746,45.38703646246365,45.40854263305664,4454400,0.0,0.0
2010-10-13 00:00:00-04:00,45.30818555302501,45.853029612460624,45.16480467377475,45.422889709472656,5006500,0.0,0.0
2010-10-14 00:00:00-04:00,45.2508424803985,45.78135103480559,45.100293753318276,45.29385757446289,4214500,0.0,0.0
2010-10-15 00:00:00-04:00,45.49458741534413,45.71682795709534,45.315361965959916,45.66664505004883,4033400,0.0,0.0
2010-10-18 00:00:00-04:00,45.4659020862146,45.74549603156375,45.258002682677834,45.31535339355469,2417000,0.0,0.0
2010-10-19 00:00:00-04:00,44.92107519865806,45.265187799753285,44.37623093061491,44.59846878051758,3970600,0.0,0.0
2010-10-20 00:00:00-04:00,44.69882738400059,45.214997569535335,44.627138295904494,44.885223388671875,2785800,0.0,0.0
2010-10-21 00:00:00-04:00,44.849368360143174,45.80284613579009,44.83502999892316,45.59494400024414,4190700,0.0,0.0
2010-10-22 00:00:00-04:00,45.76701457700106,45.953407856185976,45.32253619220356,45.90322494506836,2406400,0.0,0.0
2010-10-25 00:00:00-04:00,45.96774946856149,46.43373130433552,45.888889825993886,45.96057891845703,2764000,0.0,0.0
2010-10-26 00:00:00-04:00,45.53759001219501,46.01791550682029,45.480236571443456,45.65229415893555,2826200,0.0,0.0
2010-10-27 00:00:00-04:00,45.583979280643156,45.583979280643156,44.95825844590103,45.29629135131836,3378700,0.205,0.0
2010-10-28 00:00:00-04:00,45.353822286011834,45.49047252011721,44.951059802487364,45.16682434082031,2385400,0.0,0.0
2010-10-29 00:00:00-04:00,45.030166200545054,45.23873973987109,44.96543657605057,45.145240783691406,2350900,0.0,0.0
2010-11-01 00:00:00-04:00,45.346631048814494,45.75658451704448,45.15244213066423,45.51205062866211,2790600,0.0,0.0
2010-11-02 00:00:00-04:00,45.706249571013984,46.15935714607258,45.562405591548234,45.82851791381836,2988400,0.0,0.0
2010-11-03 00:00:00-04:00,45.69184877308883,45.92919166698334,45.10209113465335,45.42573928833008,4080900,0.0,0.0
2010-11-04 00:00:00-04:00,45.95077571497353,47.202211813681046,45.95077571497353,47.09433364868164,5801500,0.0,0.0
2010-11-05 00:00:00-04:00,47.13028516717576,47.49708734273149,46.91452337764104,47.03678894042969,3039900,0.0,0.0
2010-11-08 00:00:00-05:00,46.64842032432599,46.65561403155123,46.20250375860552,46.612457275390625,2613500,0.0,0.0
2010-11-09 00:00:00-05:00,46.53335060794562,46.59088930082568,46.00113141678453,46.18812942504883,2600000,0.0,0.0
2010-11-10 00:00:00-05:00,46.0442749499494,46.38950156198395,45.98673901034059,46.353538513183594,2680800,0.0,0.0
2010-11-11 00:00:00-05:00,46.101802837041525,47.05116893882559,45.96515261182533,47.000823974609375,3798400,0.0,0.0
2010-11-12 00:00:00-05:00,46.662806512523545,47.252564353456485,46.4973896415742,46.8929557800293,3703200,0.0,0.0
2010-11-15 00:00:00-05:00,47.072752528491264,47.461130384060596,47.03679496922163,47.09433364868164,2949000,0.0,0.0
2010-11-16 00:00:00-05:00,46.885752651867136,47.7560044643987,46.43983618720906,47.28131866455078,6198600,0.0,0.0
2010-11-17 00:00:00-05:00,47.48269506054836,48.281026220474,47.48269506054836,48.20191192626953,5484600,0.0,0.0
2010-11-18 00:00:00-05:00,48.3673384385901,48.539948965006154,47.698466475639485,47.76319885253906,3671100,0.0,0.0
2010-11-19 00:00:00-05:00,47.6553280907881,47.98616730879682,47.55463813257637,47.871089935302734,2710300,0.0,0.0
2010-11-22 00:00:00-05:00,47.66250210219038,48.43206397464051,47.59777521428959,48.37453079223633,2827200,0.0,0.0
2010-11-23 00:00:00-05:00,48.16596081256797,48.23788141131426,47.66250564696398,48.11561584472656,2985800,0.0,0.0
2010-11-24 00:00:00-05:00,48.3098040278978,48.906755448086855,48.3098040278978,48.5759162902832,2688000,0.0,0.0
2010-11-26 00:00:00-05:00,48.26664604838466,48.52556456841163,48.209107380114354,48.345760345458984,952900,0.0,0.0
2010-11-29 00:00:00-05:00,48.115632492766544,48.187553116397424,47.7056789021595,48.165977478027344,2350200,0.0,0.0
2010-11-30 00:00:00-05:00,47.89267326764297,48.84923351156995,47.83514005884122,48.626277923583984,3305000,0.0,0.0
2010-12-01 00:00:00-05:00,49.05779054909245,49.4821314292963,48.91394934503127,49.12971115112305,3038100,0.0,0.0
2010-12-02 00:00:00-05:00,49.280746982089376,49.70508787021974,49.000252787897395,49.6331672668457,3288800,0.0,0.0
2010-12-03 00:00:00-05:00,49.5324824735227,49.812976696871694,49.07937219950441,49.187255859375,3092300,0.0,0.0
2010-12-06 00:00:00-05:00,49.144110882591924,49.92086674848496,49.144110882591924,49.762638092041016,3366000,0.0,0.0
2010-12-07 00:00:00-05:00,50.12943209493575,50.38835070240936,49.71229032706495,50.086280822753906,5115400,0.0,0.0
2010-12-08 00:00:00-05:00,49.89927091852414,50.136613833244354,49.287937597400216,49.8057746887207,3691400,0.0,0.0
2010-12-09 00:00:00-05:00,50.12941505234789,51.15789542482729,49.82734527538764,51.07878112792969,6777000,0.0,0.0
2010-12-10 00:00:00-05:00,50.884597015380855,51.265781104471536,50.791100791306235,51.244205474853516,3555900,0.0,0.0
2010-12-13 00:00:00-05:00,51.15790508986887,51.41682365823385,50.726375971657376,50.877410888671875,5797100,0.0,0.0
2010-12-14 00:00:00-05:00,50.84863665833849,51.452781755477815,50.77671606008593,51.21543884277344,2682500,0.0,0.0
2010-12-15 00:00:00-05:00,51.071606787262134,51.38805857365115,50.98529876159737,51.10037612915039,3522600,0.0,0.0
2010-12-16 00:00:00-05:00,51.100368322756395,51.94904457364299,51.071598985263115,51.869930267333984,3449700,0.0,0.0
2010-12-17 00:00:00-05:00,51.73328478922757,52.10008703647887,51.56786244644651,51.66855239868164,6457100,0.0,0.0
2010-12-20 00:00:00-05:00,51.70449914721646,52.17918490426777,51.6110029316711,52.006568908691406,2631800,0.0,0.0
2010-12-21 00:00:00-05:00,52.19359061118693,52.33743185252545,51.97063504095473,52.01378631591797,2200500,0.0,0.0
2010-12-22 00:00:00-05:00,52.02098956425882,52.172024541520024,51.78364653405152,51.97783279418945,1947900,0.0,0.0
2010-12-23 00:00:00-05:00,51.89871603105448,52.10728419131112,51.74048736835622,51.95624923706055,1379400,0.0,0.0
2010-12-27 00:00:00-05:00,51.69731694028063,51.97781113649059,51.58224507149235,51.841163635253906,1155800,0.0,0.0
2010-12-28 00:00:00-05:00,51.949044670884845,52.40934309725885,51.88431228960627,52.29426574707031,1974500,0.0,0.0
2010-12-29 00:00:00-05:00,52.42373185678836,52.61792353875028,52.19358261359737,52.287078857421875,1526400,0.0,0.0
2010-12-30 00:00:00-05:00,52.29426855287139,52.48126651336593,52.22234794873975,52.39495849609375,1424800,0.0,0.0
2010-12-31 00:00:00-05:00,52.27988461917747,52.49564642328631,51.92027612513925,51.93465805053711,1304200,0.0,0.0
2011-01-03 00:00:00-05:00,52.32305353061885,52.826503397205045,52.06413488860537,52.121673583984375,3405500,0.0,0.0
2011-01-04 00:00:00-05:00,52.16481442805114,52.16481442805114,51.61101968557492,52.020973205566406,3966700,0.0,0.0
2011-01-05 00:00:00-05:00,51.77643369148672,51.85554800565393,50.99248974389064,51.05721664428711,4270100,0.0,0.0
2011-01-06 00:00:00-05:00,50.60410951307344,51.244212216166815,50.35238465576543,50.81268310546875,3280400,0.0,0.0
2011-01-07 00:00:00-05:00,51.02844491722261,51.201060951254114,50.66883641044249,50.81268310546875,2342700,0.0,0.0
2011-01-10 00:00:00-05:00,50.54658295797406,50.776732238023904,50.35958495318617,50.6904296875,2073200,0.0,0.0
2011-01-11 00:00:00-05:00,50.74076328468479,51.24421300707107,50.57534095464904,51.11475372314453,2065500,0.0,0.0
2011-01-12 00:00:00-05:00,51.20825074202457,51.5534773334911,51.14352384266926,51.41682434082031,1629900,0.0,0.0
2011-01-13 00:00:00-05:00,51.29457645939204,51.60384011090327,51.24423146901544,51.49595642089844,1923100,0.0,0.0
2011-01-14 00:00:00-05:00,51.316134377077915,52.157616991549304,51.215444431099655,52.150428771972656,2454700,0.0,0.0
2011-01-18 00:00:00-05:00,52.17197860741012,52.438090754304625,51.984980734262955,52.21512985229492,2416600,0.0,0.0
2011-01-19 00:00:00-05:00,52.05692463093676,52.13603894013436,51.68293420424923,51.83396911621094,2310500,0.0,0.0
2011-01-20 00:00:00-05:00,51.63259561100061,52.452502655600945,51.63259561100061,52.04254913330078,2306800,0.0,0.0
2011-01-21 00:00:00-05:00,52.12886090402917,52.474082059610396,52.028165455860695,52.33742904663086,2182900,0.0,0.0
2011-01-24 00:00:00-05:00,52.40216763554279,52.42374327441745,52.06413466066115,52.229557037353516,2212600,0.0,0.0
2011-01-25 00:00:00-05:00,52.15043448613268,52.22235510011319,51.57505859990642,52.114471435546875,2820000,0.0,0.0
2011-01-26 00:00:00-05:00,52.12167335578823,52.488475678233414,51.941869048910085,52.229557037353516,2093700,0.0,0.0
2011-01-27 00:00:00-05:00,52.387764104097435,53.00629116847952,52.3302309138591,52.589149475097656,2854500,0.0,0.0
2011-01-28 00:00:00-05:00,52.74018510175237,52.919989355757636,51.60382089951335,51.733280181884766,2426000,0.0,0.0
2011-01-31 00:00:00-05:00,51.956240328149505,52.09289332926468,51.503135543091446,51.66855239868164,2309000,0.0,0.0
2011-02-01 00:00:00-05:00,51.941856769506295,52.23673290973593,51.71170753059877,52.092891693115234,1997700,0.0,0.0
2011-02-02 00:00:00-05:00,51.891512084789504,52.128855032010854,50.73357217679643,50.95652770996094,4454800,0.0,0.0
2011-02-03 00:00:00-05:00,51.618205023136525,53.3946720062929,51.618205023136525,53.24363708496094,3780100,0.0,0.0
2011-02-04 00:00:00-05:00,53.30835972474046,53.524121506965365,52.84086763246877,53.315547943115234,1874300,0.0,0.0
2011-02-07 00:00:00-05:00,53.19327810697488,53.423427281821276,52.94874700934584,53.401851654052734,2447000,0.0,0.0
2011-02-08 00:00:00-05:00,53.38748984626312,53.81182531809395,53.30837552317751,53.79744338989258,1771400,0.0,0.0
2011-02-09 00:00:00-05:00,53.627963697294646,53.923650251597955,53.454878750817805,53.851531982421875,1746000,0.205,0.0
2011-02-10 00:00:00-05:00,53.68566382328528,53.837113848573374,53.3250669529027,53.76499557495117,1938600,0.0,0.0
2011-02-11 00:00:00-05:00,53.41158659094532,54.13278006045209,53.41158659094532,54.11835861206055,1678200,0.0,0.0
2011-02-14 00:00:00-05:00,54.12557195805476,54.16884180539552,53.74333479822316,53.84430694580078,1220000,0.0,0.0
2011-02-15 00:00:00-05:00,53.620748509351486,53.757777068005105,53.454877045764434,53.606327056884766,1460200,0.0,0.0
2011-02-16 00:00:00-05:00,53.73613404213157,54.161635604180795,53.6568023098393,54.0606689453125,1435000,0.0,0.0
2011-02-17 00:00:00-05:00,53.570280981127176,54.096754938999645,53.41161744581567,53.97414779663086,1360100,0.0,0.0
2011-02-18 00:00:00-05:00,53.959714331520125,54.435704831526,53.58469601519215,54.39964294433594,2130900,0.0,0.0
2011-02-22 00:00:00-05:00,54.168843138771436,54.38520338534001,53.252924330870044,53.28898620605469,2115700,0.0,0.0
2011-02-23 00:00:00-05:00,53.224088967364466,53.224088967364466,52.22163032075241,52.53173828125,2783600,0.0,0.0
2011-02-24 00:00:00-05:00,52.4956847680186,53.029366511346694,52.14230143143506,52.632713317871094,1848000,0.0,0.0
2011-02-25 00:00:00-05:00,52.82743434930349,53.3899645104754,52.82022087223772,53.0582160949707,1818100,0.0,0.0
2011-02-28 00:00:00-05:00,53.31784524310704,54.05346032411625,53.26014843220847,53.938072204589844,3306600,0.0,0.0
2011-03-01 00:00:00-05:00,54.16885338428116,54.370786718061744,52.957247879326964,53.094276428222656,3507200,0.0,0.0
2011-03-02 00:00:00-05:00,53.00772869550647,53.20244854318486,51.10377806417603,51.75285339355469,6197500,0.0,0.0
2011-03-03 00:00:00-05:00,52.10622344275465,52.358640033719034,51.65187357901875,52.2793083190918,2985400,0.0,0.0
2011-03-04 00:00:00-05:00,52.28652547867877,52.54615556261652,52.07737871649173,52.510093688964844,2678000,0.0,0.0
2011-03-07 00:00:00-05:00,52.63990923170148,52.63990923170148,51.94756416870428,52.062957763671875,3105000,0.0,0.0
2011-03-08 00:00:00-05:00,51.990845564743296,53.41159788033328,51.990845564743296,53.094276428222656,2615800,0.0,0.0
2011-03-09 00:00:00-05:00,52.99331835363532,53.54863511157063,52.70483975763045,53.48373031616211,1926400,0.0,0.0
2011-03-10 00:00:00-05:00,53.0149508724297,53.49814933493862,52.73368576725159,52.92119216918945,2372300,0.0,0.0
2011-03-11 00:00:00-05:00,52.712025673585465,53.09426281713315,52.31537258456433,52.32258605957031,2068600,0.0,0.0
2011-03-14 00:00:00-04:00,52.106242735932454,52.264906223934645,51.59419588973422,51.810550689697266,2217400,0.0,0.0
2011-03-15 00:00:00-04:00,51.03164539588062,51.9042887303066,50.959527157929585,51.60859680175781,2542200,0.0,0.0
2011-03-16 00:00:00-04:00,51.30572361788171,51.341785506770485,50.15181470297337,50.31047821044922,3980200,0.0,0.0
2011-03-17 00:00:00-04:00,50.81529235839844,51.19752402557852,50.541240814561874,50.81529235839844,2346600,0.0,0.0
2011-03-18 00:00:00-04:00,51.22639476429544,51.37063682574499,50.59174620073354,50.959556579589844,4766800,0.0,0.0
2011-03-21 00:00:00-04:00,51.28406868105521,51.34176547986274,50.75038704775951,51.233585357666016,2553200,0.0,0.0
2011-03-22 00:00:00-04:00,51.24801725933714,51.846609288954056,51.147050591964486,51.60140609741211,1929300,0.0,0.0
2011-03-23 00:00:00-04:00,51.558129083380315,51.59419096440045,50.77203069803042,51.14704895019531,2494900,0.0,0.0
2011-03-24 00:00:00-04:00,51.34176757566438,52.16392773428922,51.27685729878883,52.00526428222656,2118700,0.0,0.0
2011-03-25 00:00:00-04:00,52.09902149328183,52.1927801780018,51.500435017225485,51.53649139404297,2122100,0.0,0.0
2011-03-28 00:00:00-04:00,51.55812531083882,51.7889070265778,51.19752853610477,51.39225387573242,1328200,0.0,0.0
2011-03-29 00:00:00-04:00,51.377834164653905,51.88988099667163,51.04608574541444,51.853824615478516,1334600,0.0,0.0
2011-03-30 00:00:00-04:00,52.12064856305822,52.632700758018906,52.12064856305822,52.510093688964844,1769700,0.0,0.0
2011-03-31 00:00:00-04:00,52.32979442767741,52.978869626388764,51.98362465654423,52.87790298461914,2323500,0.0,0.0
2011-04-01 00:00:00-04:00,52.76253130500791,53.606326574632135,52.74810435039991,53.54862976074219,2474600,0.0,0.0
2011-04-04 00:00:00-04:00,53.815457561734135,54.00296389829152,53.325045792527526,53.49091720581055,1287100,0.0,0.0
2011-04-05 00:00:00-04:00,53.6207270546389,54.68088221056326,53.6207270546389,54.03902053833008,3386300,0.0,0.0
2011-04-06 00:00:00-04:00,54.313099130413654,54.767454710842635,53.90923239427377,54.08231735229492,1980700,0.0,0.0
2011-04-07 00:00:00-04:00,55.07756614170244,56.58485836896688,55.055925708286985,56.123294830322266,5923000,0.0,0.0
2011-04-08 00:00:00-04:00,55.65450650265448,55.741051711912675,54.96216133539975,55.10640335083008,2933400,0.0,0.0
2011-04-11 00:00:00-04:00,54.92608646070432,55.25783473106529,54.57269776861396,54.95492935180664,2423900,0.0,0.0
2011-04-12 00:00:00-04:00,54.63037896037445,55.41647682181848,54.62316548852384,55.13521194458008,2108000,0.0,0.0
2011-04-13 00:00:00-04:00,55.344393047317126,55.344393047317126,54.78186294281455,55.10640335083008,1285900,0.0,0.0
2011-04-14 00:00:00-04:00,54.78185665864994,55.14966687796699,54.56550191372847,55.055908203125,1590700,0.0,0.0
2011-04-15 00:00:00-04:00,55.05590991754591,55.55353520021957,54.983791666993014,55.5102653503418,2137000,0.0,0.0
2011-04-18 00:00:00-04:00,54.81072901194779,55.57519268217685,54.81072901194779,55.45980453491211,1641500,0.0,0.0
2011-04-19 00:00:00-04:00,55.58960898705725,55.64009232348763,55.14246693419457,55.3227653503418,1794500,0.0,0.0
2011-04-20 00:00:00-04:00,55.89972095206532,56.7363027188971,55.820389210951426,56.6569709777832,2477700,0.0,0.0
2011-04-21 00:00:00-04:00,56.7218526500661,56.94542080644623,56.28913778192763,56.880516052246094,1790700,0.0,0.0
2011-04-25 00:00:00-04:00,56.714653249725565,56.88053016651098,56.512719961304676,56.72908020019531,1610300,0.0,0.0
2011-04-26 00:00:00-04:00,56.93101197940999,57.695475265957754,56.505504988143514,57.53681182861328,2800000,0.0,0.0
2011-04-27 00:00:00-04:00,57.91901488979357,58.62578653401971,57.81804829808506,58.4887580871582,3069400,0.0,0.0
2011-04-28 00:00:00-04:00,58.36620420758748,58.777284381329245,58.31572087054098,58.748435974121094,2500000,0.0,0.0
2011-04-29 00:00:00-04:00,58.54651105243528,58.77007936263742,58.08494747521495,58.337364196777344,6513700,0.0,0.0
2011-05-02 00:00:00-04:00,58.56812770636028,58.61861103491698,58.099350797036514,58.445526123046875,2154800,0.0,0.0
2011-05-03 00:00:00-04:00,58.35896461081259,58.53205497659238,57.789221203558505,58.06327819824219,2700000,0.0,0.0
2011-05-04 00:00:00-04:00,57.890216213420864,58.35899322159125,57.77482808193336,57.79646301269531,2187700,0.0,0.0
2011-05-05 00:00:00-04:00,57.731561168144886,58.3589962013631,57.24114920417244,57.41423416137695,3300000,0.0,0.0
2011-05-06 00:00:00-04:00,58.012815371529,58.28686696072783,57.745971756748446,58.020023345947266,2214700,0.0,0.0
2011-05-09 00:00:00-04:00,58.0344366739949,58.77726503269533,57.93347003313868,58.70514678955078,1519700,0.0,0.0
2011-05-10 00:00:00-04:00,58.907079056514895,59.64269392754821,58.81332589226893,59.30373764038086,2069300,0.0,0.0
2011-05-11 00:00:00-04:00,59.33267836534867,59.50626993271807,58.725105120367544,59.09398651123047,1600000,0.24,0.0
2011-05-12 00:00:00-04:00,59.11568402640141,60.32360131534234,58.94208695903651,60.2657356262207,2500000,0.0,0.0
2011-05-13 00:00:00-04:00,60.22957080543117,60.461028053589196,59.72325979957803,59.831756591796875,2215700,0.0,0.0
2011-05-16 00:00:00-04:00,59.70879910991453,59.781128468871074,59.383308717045544,59.53520202636719,1768100,0.0,0.0
2011-05-17 00:00:00-04:00,59.43392740287576,59.94747291806361,59.34713439761174,59.82451248168945,1538300,0.0,0.0
2011-05-18 00:00:00-04:00,59.766661830485,60.30191124997845,59.3471493233267,60.20787811279297,1630900,0.0,0.0
2011-05-19 00:00:00-04:00,60.28019342552614,60.68524769159987,60.10660189342329,60.656314849853516,1137300,0.0,0.0
2011-05-20 00:00:00-04:00,60.591242911373755,60.72143800092948,59.535218526478566,60.32362365722656,2223400,0.0,0.0
2011-05-23 00:00:00-04:00,59.75943922644411,60.2368174822606,59.51351274684752,59.773902893066406,2400000,0.0,0.0
2011-05-24 00:00:00-04:00,60.01261839320333,60.01261839320333,58.782996548158046,58.84086227416992,3623100,0.0,0.0
2011-05-25 00:00:00-04:00,58.10306741679546,58.42131772978717,57.24233306470874,58.09583282470703,5232000,0.0,0.0
2011-05-26 00:00:00-04:00,57.90780422845675,58.52984705257929,57.58231914256051,58.45028305053711,2353600,0.0,0.0
2011-05-27 00:00:00-04:00,58.537034327020635,59.17354031042315,58.45023579903941,58.97101593017578,1736000,0.0,0.0
2011-05-31 00:00:00-04:00,59.26756467855098,59.67261337924536,59.06504032820379,59.65814971923828,2230300,0.0,0.0
2011-06-01 00:00:00-04:00,59.55693021374191,59.67989625598107,57.96566144346858,58.016292572021484,2708800,0.0,0.0
2011-06-02 00:00:00-04:00,58.46473195463348,58.48643021704629,57.11938450125906,57.141082763671875,4003400,0.0,0.0
2011-06-03 00:00:00-04:00,56.85174196937161,57.032568124184095,56.24416873802227,56.280330657958984,3377400,0.0,0.0
2011-06-06 00:00:00-04:00,56.09227645868986,56.52625813452204,55.91867937365586,56.193538665771484,2496700,0.0,0.0
2011-06-07 00:00:00-04:00,56.47564097163588,57.104912625492524,56.294814768871966,56.678165435791016,2467000,0.0,0.0
2011-06-08 00:00:00-04:00,56.68538241095973,57.618445989426235,56.59858387399446,57.090431213378906,2517700,0.0,0.0
2011-06-09 00:00:00-04:00,57.141051993412255,57.6473629049912,56.88066194792163,57.162750244140625,1843700,0.0,0.0
2011-06-10 00:00:00-04:00,57.21338300719068,57.34357803374055,56.58411164417897,56.634742736816406,2121900,0.0,0.0
2011-06-13 00:00:00-04:00,56.54795055390959,57.15552373368815,56.45392294800362,56.74324035644531,1381100,0.0,0.0
2011-06-14 00:00:00-04:00,57.2423373768445,57.44486182356206,56.99641641108098,57.314666748046875,1746900,0.0,0.0
2011-06-15 00:00:00-04:00,56.815588828782225,57.11214089894331,56.229708244161515,56.36713790893555,1765800,0.0,0.0
2011-06-16 00:00:00-04:00,56.33095219666856,57.07596046344417,56.2369245987456,57.03255844116211,2191800,0.0,0.0
2011-06-17 00:00:00-04:00,57.84990556744307,58.341752926647274,57.30742710589621,57.596744537353516,4217400,0.0,0.0
2011-06-20 00:00:00-04:00,57.654607745152894,58.80466490360192,57.60397664499325,58.768497467041016,2178600,0.0,0.0
2011-06-21 00:00:00-04:00,58.8697624206543,58.905929858906724,58.25495459899714,58.8697624206543,2242000,0.0,0.0
2011-06-22 00:00:00-04:00,58.66002720619256,58.84808802828757,58.22604536306283,58.240509033203125,1545700,0.0,0.0
2011-06-23 00:00:00-04:00,57.68354503321206,58.291118281919864,57.372523817313606,58.15369415283203,2315900,0.0,0.0
2011-06-24 00:00:00-04:00,58.681705303308256,58.681705303308256,57.2350959777832,57.2350959777832,2462600,0.0,0.0
2011-06-27 00:00:00-04:00,57.10488803637867,57.90775647240904,57.083189784330614,57.755863189697266,1841200,0.0,0.0
2011-06-28 00:00:00-04:00,57.85711288452148,57.987307887070926,57.59672287942259,57.857112884521484,1786600,0.0,0.0
2011-06-29 00:00:00-04:00,58.00902689474328,58.356215531918636,57.77756964275177,57.88606643676758,2262000,0.0,0.0
2011-06-30 00:00:00-04:00,58.05966221756771,58.833597977533394,57.84990872382955,58.761268615722656,2410500,0.0,0.0
2011-07-01 00:00:00-04:00,58.94932719295266,59.093985911228984,58.616607726216,58.9782600402832,2087500,0.0,0.0
2011-07-05 00:00:00-04:00,59.0867587246644,59.27481396075247,58.56597849284027,58.79743576049805,1860800,0.0,0.0
2011-07-06 00:00:00-04:00,58.85530830717776,59.9908965210412,58.85530830717776,59.773902893066406,2155600,0.0,0.0
2011-07-07 00:00:00-04:00,60.178960075955786,60.35978628473976,59.02890803691112,59.354393005371094,3197400,0.0,0.0
2011-07-08 00:00:00-04:00,59.01440580838367,59.31096327357146,58.522564093510994,58.88421630859375,1992300,0.0,0.0
2011-07-11 00:00:00-04:00,58.356231689453125,58.64555471414363,58.1826400819899,58.356231689453125,1590300,0.0,0.0
2011-07-12 00:00:00-04:00,58.50810183287603,59.137378748143476,58.33451029425503,58.377906799316406,1725100,0.0,0.0
2011-07-13 00:00:00-04:00,58.580454985518095,58.992738506263144,58.088607494245245,58.47195816040039,1448500,0.0,0.0
2011-07-14 00:00:00-04:00,58.493654515238084,58.92763624224368,57.95840505083335,58.10306930541992,1558500,0.0,0.0
2011-07-15 00:00:00-04:00,58.1247327391443,58.27662597667205,57.430361288285845,57.76308059692383,2212200,0.0,0.0
2011-07-18 00:00:00-04:00,57.52440576600345,57.726930142232305,57.00362564520045,57.220619201660156,1486900,0.0,0.0
2011-07-19 00:00:00-04:00,57.69081601065257,58.55154532252172,57.64741395238778,58.45028305053711,1839400,0.0,0.0
2011-07-20 00:00:00-04:00,58.45748434839184,58.50088086355738,57.75587792187257,58.36345672607422,1562400,0.0,0.0
2011-07-21 00:00:00-04:00,58.493662436804584,59.3977934564996,58.3489981626267,58.96380615234375,1729600,0.0,0.0
2011-07-22 00:00:00-04:00,59.072277069091804,59.18800843767396,58.69616115795056,59.0722770690918,991500,0.0,0.0
2011-07-25 00:00:00-04:00,58.732319350745996,59.0144076458235,58.63105716883997,58.703392028808594,1174200,0.0,0.0
2011-07-26 00:00:00-04:00,58.55873614121605,58.99995236146684,58.168151019106716,58.262184143066406,1127100,0.0,0.0
2011-07-27 00:00:00-04:00,57.90773828267059,58.074100693407594,56.65642498170339,56.69982147216797,2309200,0.0,0.0
2011-07-28 00:00:00-04:00,56.699856325489975,57.372529933050835,56.598594106577764,56.65645980834961,1985600,0.0,0.0
2011-07-29 00:00:00-04:00,56.05610478800326,57.08319596422482,55.831882134731565,56.59858322143555,2434000,0.0,0.0
2011-08-01 00:00:00-04:00,57.372528825894946,57.3942270840464,55.73785865183634,56.2080078125,2554400,0.0,0.0
2011-08-02 00:00:00-04:00,55.91143730920443,56.23692211085612,54.80477684316341,54.84817886352539,3445100,0.0,0.0
2011-08-03 00:00:00-04:00,55.094886623831975,56.08896203136401,54.49989399856739,55.92932891845703,3809400,0.24,0.0
2011-08-04 00:00:00-04:00,55.22550549511436,56.80005870549994,55.000570903887166,55.5157470703125,5799000,0.0,0.0
2011-08-05 00:00:00-04:00,56.1978047646384,56.25585418309647,54.260451094752476,55.6826286315918,3586500,0.0,0.0
2011-08-08 00:00:00-04:00,54.85544131828087,55.48671625975075,51.12585215709356,51.24195098876953,8417500,0.0,0.0
2011-08-09 00:00:00-04:00,51.967539118008105,54.17336654663087,51.30723963330226,54.17336654663086,5714800,0.0,0.0
2011-08-10 00:00:00-04:00,52.947110039954794,53.070460891087635,50.95170713226559,51.07505798339844,4918600,0.0,0.0
2011-08-11 00:00:00-04:00,51.227438024206485,53.25186581566099,51.017013034854884,52.68589782714844,4324100,0.0,0.0
2011-08-12 00:00:00-04:00,52.98339441398525,53.26638396019387,52.02560110157139,52.81650924682617,3012700,0.0,0.0
2011-08-15 00:00:00-04:00,53.092233274436786,53.752532958984375,52.736690271317386,53.752532958984375,2615200,0.0,0.0
2011-08-16 00:00:00-04:00,53.64369829987227,54.86270856826846,53.23736338903952,54.52167510986328,2847500,0.0,0.0
2011-08-17 00:00:00-04:00,54.86997596758846,56.161545482200395,54.65955091221139,55.2327766418457,3584500,0.0,0.0
2011-08-18 00:00:00-04:00,54.07180086741666,54.6958183639756,52.57706411495588,53.95570755004883,4974400,0.0,0.0
2011-08-19 00:00:00-04:00,53.25913103814774,54.77563494162137,53.25913103814774,53.95570755004883,3734400,0.0,0.0
2011-08-22 00:00:00-04:00,55.123928862494274,55.13843845196603,53.49858358264029,53.999244689941406,2455700,0.0,0.0
2011-08-23 00:00:00-04:00,54.12259851732705,55.747949421407206,53.81059527159318,55.30533218383789,3399300,0.0,0.0
2011-08-24 00:00:00-04:00,55.30531478527198,56.25585042139955,54.964281394506465,56.22682571411133,2488100,0.0,0.0
2011-08-25 00:00:00-04:00,56.429996983401715,56.974197826456844,54.97879473525471,55.04410171508789,2077600,0.0,0.0
2011-08-26 00:00:00-04:00,54.98604524200528,56.357430747687864,54.456359589491136,56.02365493774414,2177700,0.0,0.0
2011-08-29 00:00:00-04:00,56.49529181581059,56.67669205782491,56.14700091534884,56.44449996948242,2613600,0.0,0.0
2011-08-30 00:00:00-04:00,56.30665255163159,56.98871945764575,56.03092608591632,56.64768600463867,2241100,0.0,0.0
2011-08-31 00:00:00-04:00,56.771037361900184,57.351520546729205,56.6114042092773,56.98871994018555,2693400,0.0,0.0
2011-09-01 00:00:00-04:00,57.30797203590307,58.708382251365386,57.16284850773027,57.670772552490234,3998300,0.0,0.0
2011-09-02 00:00:00-04:00,56.76376785579563,57.815887076423735,56.65492660016949,57.003211975097656,2459300,0.0,0.0
2011-09-06 00:00:00-04:00,55.893077666364384,56.981479819138144,55.5738112633962,56.88715362548828,2242600,0.0,0.0
2011-09-07 00:00:00-04:00,57.51841026068695,58.490718841552734,57.23542620814279,58.490718841552734,2038400,0.0,0.0
2011-09-08 00:00:00-04:00,58.25851871822644,59.11472832194686,58.171444584731994,58.599552154541016,2340900,0.0,0.0
2011-09-09 00:00:00-04:00,58.011824676519126,58.10615639330071,56.95970495226987,57.24994659423828,2494400,0.0,0.0
2011-09-12 00:00:00-04:00,56.61864600258912,57.9610067657599,56.61138844242812,57.844913482666016,2215800,0.0,0.0
2011-09-13 00:00:00-04:00,58.09886354986724,58.621297080987546,57.54015329546639,58.56324768066406,2353600,0.0,0.0
2011-09-14 00:00:00-04:00,58.73014340900441,59.876588717256915,57.99728489016316,59.426719665527344,2738300,0.0,0.0
2011-09-15 00:00:00-04:00,60.14507309425094,60.43531463350716,59.57184757659155,60.232147216796875,2440300,0.0,0.0
2011-09-16 00:00:00-04:00,60.4135440562583,61.64706360818062,60.195861530203025,61.124629974365234,4399100,0.0,0.0
2011-09-19 00:00:00-04:00,60.616724123292045,61.92280294475281,60.529649987502225,61.69786834716797,2567700,0.0,0.0
2011-09-20 00:00:00-04:00,61.78492853062415,62.64838998798669,61.45840474707157,61.72687911987305,3318300,0.0,0.0
2011-09-21 00:00:00-04:00,61.72690808323631,62.53232604366068,61.233498932128576,61.26252365112305,2639000,0.0,0.0
2011-09-22 00:00:00-04:00,60.02898098938146,60.790858817139345,59.30337989481375,60.355499267578125,4549800,0.0,0.0
2011-09-23 00:00:00-04:00,60.00720172474062,60.87792626425814,59.84031659139651,60.49335861206055,2827400,0.0,0.0
2011-09-26 00:00:00-04:00,60.80536421988198,61.494682935180414,60.486098017817284,61.277000427246094,3125000,0.0,0.0
2011-09-27 00:00:00-04:00,62.118725408497525,62.35817515714183,60.91422463839469,61.18995666503906,2494200,0.0,0.0
2011-09-28 00:00:00-04:00,61.378588464317964,61.89377006715528,60.78359584121346,60.79811096191406,2141000,0.0,0.0
2011-09-29 00:00:00-04:00,61.661551473131766,61.87197080983896,59.49200133970453,60.210350036621094,2434200,0.0,0.0
2011-09-30 00:00:00-04:00,59.775012934699184,60.71829652082176,59.51379611195437,59.59361267089844,2764100,0.0,0.0
2011-10-03 00:00:00-04:00,59.2961152274074,60.38451673881826,58.90429001899192,59.23080825805664,3235000,0.0,0.0
2011-10-04 00:00:00-04:00,58.534235529180634,59.33965313967544,57.03949913372746,59.24532699584961,4717800,0.0,0.0
2011-10-05 00:00:00-04:00,58.76643163765341,59.339657171923854,57.04676057073916,58.229488372802734,5043100,0.0,0.0
2011-10-06 00:00:00-04:00,57.91022655404751,58.04809254532987,56.89438936322224,57.46760940551758,4214800,0.0,0.0
2011-10-07 00:00:00-04:00,57.547411488559845,57.82314340171136,57.11930957103991,57.33698654174805,3353600,0.0,0.0
2011-10-10 00:00:00-04:00,58.04807917814058,59.00587226314405,57.93923792250232,58.94057083129883,2324400,0.0,0.0
2011-10-11 00:00:00-04:00,58.759198422111616,58.81724232150799,58.22950701286576,58.701148986816406,1983800,0.0,0.0
2011-10-12 00:00:00-04:00,59.14375241798633,59.862096020177134,58.92606985446302,59.07844543457031,2454000,0.0,0.0
2011-10-13 00:00:00-04:00,59.09294535021189,59.46299786271086,58.97684653663848,59.259830474853516,1839100,0.0,0.0
2011-10-14 00:00:00-04:00,59.550091483852796,60.08703483281336,58.91156440768072,59.3324089050293,2227700,0.0,0.0
2011-10-17 00:00:00-04:00,59.18730282467111,59.88387946726849,59.16553566957417,59.760528564453125,2278000,0.0,0.0
2011-10-18 00:00:00-04:00,59.753247073498265,61.67609101830721,59.637153780836044,61.36408233642578,3544500,0.0,0.0
2011-10-19 00:00:00-04:00,61.23349199893681,61.668851662761796,61.07385883049134,61.226234436035156,2704000,0.0,0.0
2011-10-20 00:00:00-04:00,61.22623639966288,61.93007055443735,60.790876721875186,61.13916778564453,2419600,0.0,0.0
2011-10-21 00:00:00-04:00,61.50921787141616,61.89379119873047,61.18269951082867,61.89379119873047,2957200,0.0,0.0
2011-10-24 00:00:00-04:00,61.55273779174615,61.80669704955675,61.06658642166633,61.29877853393555,3025600,0.0,0.0
2011-10-25 00:00:00-04:00,60.55141991645736,61.31330341586578,60.261183855633206,60.39179229736328,2193000,0.0,0.0
2011-10-26 00:00:00-04:00,60.52238552488941,61.044813624582964,59.57910195664086,60.75457763671875,2421100,0.0,0.0
2011-10-27 00:00:00-04:00,61.67613260965397,62.5033179453114,60.994065371659026,61.83576583862305,3728300,0.0,0.0
2011-10-28 00:00:00-04:00,61.42213013764078,61.8066978093237,61.139146170330825,61.62529754638672,1904900,0.0,0.0
2011-10-31 00:00:00-04:00,61.34956011500184,61.89376080601879,60.40627670288086,60.40627670288086,3073100,0.0,0.0
2011-11-01 00:00:00-04:00,59.767769101600365,61.12463971782503,59.49203711985825,60.47885513305664,2790400,0.0,0.0
2011-11-02 00:00:00-04:00,60.97953956080087,61.50922545872736,60.63124846876637,61.26252365112305,2620900,0.0,0.0
2011-11-03 00:00:00-04:00,60.87063925711224,61.50191382768312,60.137781036457824,61.4583740234375,2623300,0.0,0.0
2011-11-04 00:00:00-04:00,61.32778660911967,61.44388541219891,60.587676115124204,60.8126106262207,2097100,0.0,0.0
2011-11-07 00:00:00-05:00,60.7255711367864,61.1609307850038,60.377280096673516,61.06660461425781,2055200,0.0,0.0
2011-11-08 00:00:00-05:00,61.226713801825916,61.87434558586546,60.64457025243353,61.852516174316406,2499400,0.24,0.0
2011-11-09 00:00:00-05:00,60.81189801895349,61.15390671114632,60.22975485542587,60.695472717285156,2850300,0.0,0.0
2011-11-10 00:00:00-05:00,61.13935421353538,61.21212627769449,59.99690275802319,60.19337844848633,2502500,0.0,0.0
2011-11-11 00:00:00-05:00,60.651801568376676,60.91376540740802,60.16425991585147,60.42622375488281,2500700,0.0,0.0
2011-11-14 00:00:00-05:00,60.20791049180508,61.11750548887857,60.193359414611905,60.72455978393555,1539500,0.0,0.0
2011-11-15 00:00:00-05:00,60.69548476207923,61.65601728630388,60.50628736362793,61.474098205566406,1724100,0.0,0.0
2011-11-16 00:00:00-05:00,61.08116154015479,61.386784309487275,60.2952696603879,60.353485107421875,2459300,0.0,0.0
2011-11-17 00:00:00-05:00,60.1351707114282,60.5208382732053,59.08004226687843,59.6549072265625,2312000,0.0,0.0
2011-11-18 00:00:00-05:00,59.71312080051614,59.84410276842829,59.261965006831005,59.46571350097656,2355900,0.0,0.0
2011-11-21 00:00:00-05:00,59.10186058813326,59.53118687212047,58.788959606756826,59.15279769897461,1872400,0.0,0.0
2011-11-22 00:00:00-05:00,59.10185509139131,59.749486391168006,58.97815148395715,59.53118133544922,1635300,0.0,0.0
2011-11-23 00:00:00-05:00,59.15278010670888,59.40018727100735,58.51242725347133,58.767112731933594,2183600,0.0,0.0
2011-11-25 00:00:00-05:00,58.468782308965345,59.40020696862548,58.4324018295364,58.810791015625,826800,0.0,0.0
2011-11-28 00:00:00-05:00,60.22247852921711,60.2661373207946,59.480245762029966,59.83681106567383,2005400,0.0,0.0
2011-11-29 00:00:00-05:00,60.135176680505374,60.87740971042227,59.676742551483976,60.76825714111328,1917300,0.0,0.0
2011-11-30 00:00:00-05:00,61.80156230566127,62.44919391444164,61.488661204091926,62.070804595947266,3558500,0.0,0.0
2011-12-01 00:00:00-05:00,61.852473399176176,63.80264572371346,61.823365686663266,63.373313903808594,3572400,0.0,0.0
2011-12-02 00:00:00-05:00,63.78083868333136,64.5303445001335,63.031332866529226,63.11137771606445,2616600,0.0,0.0
2011-12-05 00:00:00-05:00,63.882720233540546,64.17379194221155,63.05316947245339,63.45338821411133,1818900,0.0,0.0
2011-12-06 00:00:00-05:00,63.71533968001448,64.32659070331788,63.256905576334425,64.07917785644531,2350500,0.0,0.0
2011-12-07 00:00:00-05:00,63.80991567176738,64.02094239601567,62.71840157845204,63.64982604980469,2715800,0.0,0.0
2011-12-08 00:00:00-05:00,61.75789370143403,63.27145628713691,61.12481327955867,62.40552520751953,4377800,0.0,0.0
2011-12-09 00:00:00-05:00,61.61964378638986,62.07080519703327,61.21941950664724,61.394065856933594,3893100,0.0,0.0
2011-12-12 00:00:00-05:00,61.19755028924269,61.561388288051184,60.7754968782103,61.23393630981445,2535900,0.0,0.0
2011-12-13 00:00:00-05:00,61.56143027833227,61.641475136805916,60.673664067428966,60.85558319091797,2491200,0.0,0.0
2011-12-14 00:00:00-05:00,60.811904266577926,61.06658984488861,60.2152099609375,60.2152099609375,1891000,0.0,0.0
2011-12-15 00:00:00-05:00,60.46990372319008,60.63727172686238,60.03329902246361,60.08423614501953,1912000,0.0,0.0
2011-12-16 00:00:00-05:00,60.44807432091325,60.85557130136063,59.90231705707267,60.08423614501953,3874600,0.0,0.0
2011-12-19 00:00:00-05:00,60.251592455810055,60.67364043862615,59.560296724732105,59.71310806274414,2236700,0.0,0.0
2011-12-20 00:00:00-05:00,60.50629412032833,61.059329742011705,60.331653337802656,60.86285400390625,2909500,0.0,0.0
2011-12-21 00:00:00-05:00,60.826446303226255,61.42314607185915,60.36801233044191,60.97198486328125,2642200,0.0,0.0
2011-12-22 00:00:00-05:00,61.08842137483974,61.12480740946572,60.53539140028499,60.95743942260742,1677900,0.0,0.0
2011-12-23 00:00:00-05:00,60.899213880290375,61.634162735534865,60.78278304080927,61.60506057739258,1043100,0.0,0.0
2011-12-27 00:00:00-05:00,61.488659552032416,61.6705786631331,61.02294707175311,61.546875,986700,0.0,0.0
2011-12-28 00:00:00-05:00,61.54686233867766,61.60507777466926,61.14663815589736,61.25579071044922,1142900,0.0,0.0
2011-12-29 00:00:00-05:00,61.270333418406445,61.41587198849145,60.833728811608985,61.37220764160156,1021300,0.0,0.0
2011-12-30 00:00:00-05:00,61.21212903848064,61.37221315235529,60.600878092695524,60.62998580932617,1235500,0.0,0.0
2012-01-03 00:00:00-05:00,61.328560421619954,61.9107037083764,61.24124281481737,61.56141662597656,2339500,0.0,0.0
2012-01-04 00:00:00-05:00,61.61235543357457,61.81610392399716,61.132091927825606,61.175750732421875,2260200,0.0,0.0
2012-01-05 00:00:00-05:00,60.81190446181632,60.862841577641994,59.74221947774795,60.586326599121094,3590500,0.0,0.0
2012-01-06 00:00:00-05:00,60.520837289757374,60.520837289757374,59.02910418728003,59.036376953125,3397400,0.0,0.0
2012-01-09 00:00:00-05:00,58.46151876250834,58.94178784683158,57.34817476923392,57.49371337890625,4798300,0.0,0.0
2012-01-10 00:00:00-05:00,57.75565925528485,58.010344802868225,57.581012978317474,57.5955696105957,3647500,0.0,0.0
2012-01-11 00:00:00-05:00,57.719256992115476,58.33050768612288,57.471849830257305,58.2067985534668,2415500,0.0,0.0
2012-01-12 00:00:00-05:00,58.35235012431908,58.55609855063758,58.04672193311309,58.177703857421875,2502900,0.0,0.0
2012-01-13 00:00:00-05:00,58.119503011994595,58.78896381720704,57.697449462379716,58.657981872558594,2658200,0.0,0.0
2012-01-17 00:00:00-05:00,59.116420236911104,59.48753669924386,58.65798617289735,59.24740219116211,2747800,0.0,0.0
2012-01-18 00:00:00-05:00,59.15281845553655,59.49482727050781,58.643441616655494,59.49482727050781,2418100,0.0,0.0
2012-01-19 00:00:00-05:00,59.45114521357803,59.48753124542892,59.021818906728406,59.09458541870117,1994100,0.0,0.0
2012-01-20 00:00:00-05:00,59.160082729965275,59.436597712812876,58.861732795654234,59.24012756347656,2304400,0.0,0.0
2012-01-23 00:00:00-05:00,59.160101505618925,59.66947283350519,59.101886053365895,59.407508850097656,1916800,0.0,0.0
2012-01-24 00:00:00-05:00,59.13096799140384,59.58212367027989,59.0509231673977,59.47297668457031,1642900,0.0,0.0
2012-01-25 00:00:00-05:00,59.225567733152126,60.251593879122005,59.10914242360982,60.19337844848633,2558300,0.0,0.0
2012-01-26 00:00:00-05:00,60.2734218538505,60.45534090649277,59.52391624524099,59.71310806274414,1952500,0.0,0.0
2012-01-27 00:00:00-05:00,59.7640629458246,59.98964641335227,59.21830562562083,59.39295196533203,2312100,0.0,0.0
2012-01-30 00:00:00-05:00,59.087312768369976,59.429321514342014,58.94177973046804,59.261959075927734,1973300,0.0,0.0
2012-01-31 00:00:00-05:00,59.50207911386591,59.887752154779335,59.02909403572083,59.86591720581055,1844900,0.0,0.0
2012-02-01 00:00:00-05:00,60.33891535591805,61.08114826496006,60.23704112161493,60.557220458984375,3036300,0.0,0.0
2012-02-02 00:00:00-05:00,60.95019865624312,62.50014794494928,60.95019865624312,62.2236328125,4697900,0.0,0.0
2012-02-03 00:00:00-05:00,62.66019806833628,62.71113518030143,61.83064764391593,62.11444091796875,2347900,0.0,0.0
2012-02-06 00:00:00-05:00,61.61234577533666,61.99801329342717,61.59779469332889,61.881587982177734,1379000,0.0,0.0
2012-02-07 00:00:00-05:00,61.60509020076719,61.85249752604063,61.40133613369824,61.532318115234375,1574900,0.0,0.0
2012-02-08 00:00:00-05:00,61.62716469804112,61.72932888697268,61.18931737868721,61.503108978271484,1662600,0.24,0.0
2012-02-09 00:00:00-05:00,61.49581479492044,61.73663278819128,61.3498675328036,61.685550689697266,1317300,0.0,0.0
2012-02-10 00:00:00-05:00,61.38636853493582,61.525016789442105,61.0652778175971,61.44474411010742,1689300,0.0,0.0
2012-02-13 00:00:00-05:00,61.70015077369344,61.74393384025373,60.74417780272005,61.203922271728516,1556200,0.0,0.0
2012-02-14 00:00:00-05:00,60.912026204791864,61.37176513671875,60.78797046296692,61.37176513671875,1186000,0.0,0.0
2012-02-15 00:00:00-05:00,61.649058042649045,61.67824303696896,60.598220086159735,60.74416732788086,1570300,0.0,0.0
2012-02-16 00:00:00-05:00,60.941220832783095,61.33528518676758,60.941220832783095,61.33528518676758,1771900,0.0,0.0
2012-02-17 00:00:00-05:00,61.25498897954536,61.67094470993951,61.15282480488925,61.641754150390625,1966300,0.0,0.0
2012-02-21 00:00:00-05:00,61.736629205938726,61.802309367352045,61.04337139981309,61.48851776123047,2345800,0.0,0.0
2012-02-22 00:00:00-05:00,61.55417300745325,61.838773959883454,61.0944342921881,61.52498245239258,1955300,0.0,0.0
2012-02-23 00:00:00-05:00,61.52498513582799,61.99932193307641,61.152818069512655,61.86066818237305,1996900,0.0,0.0
2012-02-24 00:00:00-05:00,62.02121976204895,62.02121976204895,61.33526110483833,61.59067153930664,1262000,0.0,0.0
2012-02-27 00:00:00-05:00,61.422826352981936,62.21095474044636,61.30606968494822,62.09419250488281,2344500,0.0,0.0
2012-02-28 00:00:00-05:00,62.05042521899369,62.65611694296001,61.722041091197184,62.225563049316406,3529700,0.0,0.0
2012-02-29 00:00:00-05:00,62.896941359747025,63.63398235604254,62.56125816422463,62.80207061767578,5345100,0.0,0.0
2012-03-01 00:00:00-05:00,63.15235547850066,63.33479237129705,62.53207115649938,62.87505340576172,3051100,0.0,0.0
2012-03-02 00:00:00-05:00,62.54666795066607,62.97722194233034,62.54666795066607,62.92613983154297,1956300,0.0,0.0
2012-03-05 00:00:00-05:00,62.75826781134578,63.97694446635889,62.63421210653057,63.94775390625,3040500,0.0,0.0
2012-03-06 00:00:00-05:00,63.568314577919196,64.18129989622014,63.451552288224306,63.91129684448242,3181300,0.0,0.0
2012-03-07 00:00:00-05:00,64.1447959809696,64.16668751162116,63.633969473133504,64.13749694824219,2173900,0.0,0.0
2012-03-08 00:00:00-05:00,64.22507909964834,64.5826538161055,64.10101779319734,64.43670654296875,1614200,0.0,0.0
2012-03-09 00:00:00-05:00,64.56078645203475,65.32701827416052,64.49510625726185,65.19566345214844,1724100,0.0,0.0
2012-03-12 00:00:00-04:00,65.15185116156015,65.47294181977227,64.99130583245407,65.26131439208984,1354700,0.0,0.0
2012-03-13 00:00:00-04:00,65.51672874111611,65.67727407967146,65.15915403003562,65.66268157958984,1735400,0.0,0.0
2012-03-14 00:00:00-04:00,65.29049129803737,66.37781320740633,65.2831922661875,66.33403015136719,2066800,0.0,0.0
2012-03-15 00:00:00-04:00,66.27566076390644,66.84486286329697,65.87429745406389,66.7426986694336,1834300,0.0,0.0
2012-03-16 00:00:00-04:00,66.5967600516294,66.77189789704063,65.86701253362897,65.99836730957031,3556600,0.0,0.0
2012-03-19 00:00:00-04:00,66.22457441884767,66.23187345152141,65.37077132453103,65.69185638427734,1608300,0.0,0.0
2012-03-20 00:00:00-04:00,65.60431007304084,66.03485848278467,65.37079106474044,65.86701965332031,1500400,0.0,0.0
2012-03-21 00:00:00-04:00,65.93997399167199,66.37052227534733,65.83051077068532,66.14430236816406,1693900,0.0,0.0
2012-03-22 00:00:00-04:00,65.8596926947325,66.47267774379817,65.71374546424923,66.04212951660156,1499300,0.0,0.0
2012-03-23 00:00:00-04:00,66.03482047723845,66.13698463659976,65.5531902356108,65.87427520751953,1601400,0.0,0.0
2012-03-26 00:00:00-04:00,66.13703164913868,66.79380568869743,65.95459472523531,66.78650665283203,1884800,0.0,0.0
2012-03-27 00:00:00-04:00,66.79380318904863,66.97624010612459,66.38514627640897,66.61136627197266,1310700,0.0,0.0
2012-03-28 00:00:00-04:00,66.58217017823463,66.76460708018867,65.77214988815614,66.12973022460938,1609000,0.0,0.0
2012-03-29 00:00:00-04:00,65.79402560204116,66.20268234794457,65.1883339482696,65.56050109863281,2245600,0.0,0.0
2012-03-30 00:00:00-04:00,65.7064530686657,66.51647308497688,65.68456153863521,66.26106262207031,2556600,0.0,0.0
2012-04-02 00:00:00-04:00,66.36325111960424,67.20975547357543,66.28297843506397,67.02001953125,2705100,0.0,0.0
2012-04-03 00:00:00-04:00,66.73539876312927,66.96162424732196,65.68456627320771,65.96186828613281,2823000,0.0,0.0
2012-04-04 00:00:00-04:00,65.77943618756682,66.04214572091993,64.92563298793482,64.97671508789062,2529400,0.0,0.0
2012-04-05 00:00:00-04:00,63.78723045945268,64.8526611215065,63.77993142567978,64.6921157836914,2752600,0.0,0.0
2012-04-09 00:00:00-04:00,63.98426359760416,64.31994679300918,63.509926590009215,64.13021087646484,1817700,0.0,0.0
2012-04-10 00:00:00-04:00,63.88207455513302,63.91855857689935,63.02827161389183,63.407737731933594,2812100,0.0,0.0
2012-04-11 00:00:00-04:00,63.85289328974128,63.918567878996114,63.531802673303126,63.72153854370117,1912600,0.0,0.0
2012-04-12 00:00:00-04:00,63.86021808389061,63.89670212568443,63.45155561605785,63.61940002441406,2509800,0.0,0.0
2012-04-13 00:00:00-04:00,63.422344601338025,63.59018337333404,62.78016337274688,62.991790771484375,2737800,0.0,0.0
2012-04-16 00:00:00-04:00,63.23992713016681,63.575610344483515,62.97721755939163,63.40046691894531,1956700,0.0,0.0
2012-04-17 00:00:00-04:00,63.61208549425805,64.11561302914353,63.59019396100761,63.976959228515625,1732900,0.0,0.0
2012-04-18 00:00:00-04:00,63.70696432026158,64.57536013217444,63.6266916431264,64.26886749267578,1620100,0.0,0.0
2012-04-19 00:00:00-04:00,64.17401545864853,64.17401545864853,63.261830820300816,63.57562255859375,1762800,0.0,0.0
2012-04-20 00:00:00-04:00,63.76534398236381,64.2688716134913,63.67777783262505,63.91129684448242,2203100,0.0,0.0
2012-04-23 00:00:00-04:00,63.64857121788684,63.706952348019605,63.04287951970419,63.210723876953125,1712500,0.0,0.0
2012-04-24 00:00:00-04:00,63.34936160222236,63.63396260503668,62.9188133657961,63.072059631347656,1796800,0.0,0.0
2012-04-25 00:00:00-04:00,63.32018714616249,63.81641566119055,63.13775027398352,63.692359924316406,2301900,0.0,0.0
2012-04-26 00:00:00-04:00,63.67776090764526,64.55345557747548,63.488025021087374,64.27615356445312,2443100,0.0,0.0
2012-04-27 00:00:00-04:00,64.50238697952501,65.10807879613424,64.31995008783781,64.7213134765625,1597500,0.0,0.0
2012-04-30 00:00:00-04:00,64.72859493775645,64.94752139418749,64.31263912456234,64.34912872314453,1790700,0.0,0.0
2012-05-01 00:00:00-04:00,63.42233480643748,64.21775661942296,63.03556409552749,63.46611785888672,2970500,0.0,0.0
2012-05-02 00:00:00-04:00,63.407751946312345,63.45153500925883,62.93341501677884,63.22531509399414,2432800,0.0,0.0
2012-05-03 00:00:00-04:00,62.65611947356036,62.714500608536284,61.255005639326924,61.47392654418945,4696600,0.0,0.0
2012-05-04 00:00:00-04:00,61.4520457735827,61.612591139119765,60.80257084393362,60.85365295410156,2796800,0.0,0.0
2012-05-07 00:00:00-04:00,60.84632462258768,61.109034081970435,60.56902266769689,60.67848587036133,2042900,0.0,0.0
2012-05-08 00:00:00-04:00,60.58362217742581,60.802548608101446,59.82468983748585,60.30632019042969,2609500,0.0,0.0
2012-05-09 00:00:00-04:00,59.999840304152464,60.6420160994488,59.91226859989459,60.29174041748047,2416000,0.0,0.0
2012-05-10 00:00:00-04:00,60.86093651114202,61.56149337279526,60.64930908925755,61.211212158203125,2600000,0.0,0.0
2012-05-11 00:00:00-04:00,61.182031239432355,62.065030664544295,61.079867028970654,61.73664093017578,2863800,0.0,0.0
2012-05-14 00:00:00-04:00,61.48849819627299,61.82418122687812,61.12362461072015,61.5176887512207,1656500,0.0,0.0
2012-05-15 00:00:00-04:00,61.37174188468911,62.13067968380483,61.357149389574985,61.722023010253906,2165200,0.0,0.0
2012-05-16 00:00:00-04:00,61.94094012658618,62.218247624886686,61.714720276944625,61.96283721923828,2149600,0.0,0.0
2012-05-17 00:00:00-04:00,61.92639731284483,62.18180792339658,60.91204833984375,60.91204833984375,2022500,0.0,0.0
2012-05-18 00:00:00-04:00,61.0798727296612,61.43745306718263,60.32094011469378,60.5252685546875,3152700,0.0,0.0
2012-05-21 00:00:00-04:00,60.707704124799314,61.211226178723486,60.38661340183781,61.101768493652344,1598800,0.0,0.0
2012-05-22 00:00:00-04:00,60.91199361314157,61.488494511874535,60.57631060265061,60.8463134765625,2244800,0.0,0.0
2012-05-23 00:00:00-04:00,60.75483916716034,61.033058871684396,60.22768133883612,60.9964485168457,2915900,0.275,0.0
2012-05-24 00:00:00-04:00,61.68464670431934,62.431449464760206,61.12088443855004,61.85304641723633,3558300,0.0,0.0
2012-05-25 00:00:00-04:00,62.16055310765594,62.285019303403985,61.50160620964777,61.85304641723633,2379600,0.0,0.0
2012-05-29 00:00:00-04:00,62.314306163603405,63.463800241366826,62.29234219809719,63.434513092041016,3151400,0.0,0.0
2012-05-30 00:00:00-04:00,62.89272931531284,63.280774358056206,62.797544661539206,62.82683181762695,3111900,0.0,0.0
2012-05-31 00:00:00-04:00,62.665755777178745,63.73471743249942,62.658438177560896,63.251487731933594,3564700,0.0,0.0
2012-06-01 00:00:00-04:00,62.96593732723089,63.08308593839957,62.358241475188144,62.592533111572266,3096100,0.0,0.0
2012-06-04 00:00:00-04:00,62.555943175138644,63.40524846343917,62.50469204210288,63.37596130371094,2404300,0.0,0.0
2012-06-05 00:00:00-04:00,63.17828932416389,63.66883675393765,62.77559780064491,63.52972412109375,2143800,0.0,0.0
2012-06-06 00:00:00-04:00,63.69080944371117,64.30582880140909,63.610271127989336,64.26921844482422,2187100,0.0,0.0
2012-06-07 00:00:00-04:00,64.46687530793326,64.9427762054147,64.39365462897901,64.52544403076172,1909700,0.0,0.0
2012-06-08 00:00:00-04:00,64.4376011023488,65.30887038026088,64.21062700669627,64.97207641601562,1888800,0.0,0.0
2012-06-11 00:00:00-04:00,65.20636964969495,65.27226715835896,64.31313079104902,64.36438751220703,1569500,0.0,0.0
2012-06-12 00:00:00-04:00,64.60600006767473,64.840291781251,64.122775852279,64.7963638305664,1822500,0.0,0.0
2012-06-13 00:00:00-04:00,64.5108253351254,64.73047627528983,63.881165265006494,64.01295471191406,1405000,0.0,0.0
2012-06-14 00:00:00-04:00,64.3204428485044,65.95316687767867,64.2911556926051,65.77012634277344,3117300,0.0,0.0
2012-06-15 00:00:00-04:00,66.15086140736425,67.0953514263969,65.9604976489816,66.94892120361328,3911800,0.0,0.0
2012-06-18 00:00:00-04:00,66.89766572002819,67.42481783936778,66.6340868673811,67.38088989257812,1570900,0.0,0.0
2012-06-19 00:00:00-04:00,67.3076827188698,67.84948127496571,66.94892474391015,67.25643157958984,1821400,0.0,0.0
2012-06-20 00:00:00-04:00,67.12463201737496,67.30767257091428,66.531582411413,66.98551940917969,1929900,0.0,0.0
2012-06-21 00:00:00-04:00,66.99285457420595,67.61519145032716,66.09961561946368,66.1874771118164,2631700,0.0,0.0
2012-06-22 00:00:00-04:00,66.47302871096154,66.83910993158412,66.20212659675664,66.57553100585938,1539800,0.0,0.0
2012-06-25 00:00:00-04:00,66.44370897374445,66.80979001492211,66.18013017722026,66.53157043457031,1592600,0.0,0.0
2012-06-26 00:00:00-04:00,66.73658972533778,67.20517311509569,66.40711336363154,67.1319580078125,2600100,0.0,0.0
2012-06-27 00:00:00-04:00,67.34429089605426,67.51268509713006,66.62676938333657,66.8610610961914,2087600,0.0,0.0
2012-06-28 00:00:00-04:00,66.5022925655935,68.09108316549268,65.82870469641334,68.03250885009766,4408300,0.0,0.0
2012-06-29 00:00:00-04:00,68.46450714637513,69.63596586162642,68.40593281412363,69.55542755126953,3438000,0.0,0.0
2012-07-02 00:00:00-04:00,69.55543098521748,69.95812255688274,68.99166837084218,69.11613464355469,2279300,0.0,0.0
2012-07-03 00:00:00-04:00,69.1966577018677,69.2771959984442,68.89646848990894,69.1307601928711,1120600,0.0,0.0
2012-07-05 00:00:00-04:00,68.4278815412489,69.21129490615196,68.413240754427,68.82324981689453,1902200,0.0,0.0
2012-07-06 00:00:00-04:00,68.86717837997799,69.33576176583806,68.42788215397849,68.58895874023438,1722000,0.0,0.0
2012-07-09 00:00:00-04:00,68.8232411310827,69.07217357732027,68.22286839997311,68.80127716064453,1511300,0.0,0.0
2012-07-10 00:00:00-04:00,69.16738156490212,69.37238613942401,68.5670086312498,68.67683410644531,1867600,0.0,0.0
2012-07-11 00:00:00-04:00,68.73538087970742,69.35039999262828,68.64020181080652,69.18932342529297,2074100,0.0,0.0
2012-07-12 00:00:00-04:00,68.88913412274952,68.99895956261648,68.17161834273271,68.83788299560547,1895200,0.0,0.0
2012-07-13 00:00:00-04:00,68.90378659577098,69.5334465484177,68.63288456490294,69.41629791259766,1510000,0.0,0.0
2012-07-16 00:00:00-04:00,69.21860285781372,69.81897553255361,68.8964497590912,69.66522216796875,1313900,0.0,0.0
2012-07-17 00:00:00-04:00,69.77504281964771,70.5438095899493,69.48950007839956,70.33148193359375,1767900,0.0,0.0
2012-07-18 00:00:00-04:00,70.05327338875996,70.60239499070384,69.9361247657541,70.2582778930664,1788400,0.0,0.0
2012-07-19 00:00:00-04:00,70.30219716467866,70.56577594798586,69.60664545570046,70.25094604492188,1602300,0.0,0.0
2012-07-20 00:00:00-04:00,70.1411649601662,70.5804613130738,69.62132470490776,70.0020523071289,2024400,0.0,0.0
2012-07-23 00:00:00-04:00,69.63597594891397,69.63597594891397,68.72809601132555,69.10881805419922,1546900,0.0,0.0
2012-07-24 00:00:00-04:00,69.20399124144137,69.20399124144137,68.40593686459412,68.88184356689453,1278300,0.0,0.0
2012-07-25 00:00:00-04:00,68.96237386514247,69.00630181884766,68.23752911327406,68.64022064208984,1462300,0.0,0.0
2012-07-26 00:00:00-04:00,69.51880660884244,70.38275832712009,69.4529146845622,70.22168731689453,1562100,0.0,0.0
2012-07-27 00:00:00-04:00,70.39742073828744,71.57620273056138,70.33884640161335,71.10029602050781,1564700,0.0,0.0
2012-07-30 00:00:00-04:00,71.10025795674025,71.23937053537774,70.39005986615355,70.62435150146484,1838100,0.0,0.0
2012-07-31 00:00:00-04:00,70.3900701428708,70.71222328318957,69.96541474626041,70.41935729980469,1361900,0.0,0.0
2012-08-01 00:00:00-04:00,70.60241797245993,71.14421656533808,70.0166858386769,70.24365997314453,2839100,0.0,0.0
2012-08-02 00:00:00-04:00,69.99469414947541,70.53649252784918,69.55539801603848,70.06790924072266,1373500,0.0,0.0
2012-08-03 00:00:00-04:00,71.01973141485831,71.29795103213799,70.80740371247877,71.1734848022461,1371600,0.0,0.0
2012-08-06 00:00:00-04:00,71.15152655141138,71.16616733835943,70.59508168615805,70.65365600585938,1071400,0.0,0.0
2012-08-07 00:00:00-04:00,70.81472400646904,70.96847738757796,70.10452582757027,70.1411361694336,1705400,0.0,0.0
2012-08-08 00:00:00-04:00,70.44587399649994,70.74692181935501,70.07873895270254,70.21824645996094,1369700,0.275,0.0
2012-08-09 00:00:00-04:00,70.35777073041358,70.4165136912285,69.79238513817191,70.02735137939453,1007000,0.0,0.0
2012-08-10 00:00:00-04:00,69.77033657321775,70.07138997789296,69.39586288715672,69.97593688964844,1214900,0.0,0.0
2012-08-13 00:00:00-04:00,69.8144012730055,70.21824645996094,69.63817241851667,70.21824645996094,830500,0.0,0.0
2012-08-14 00:00:00-04:00,70.48992245243052,70.48992245243052,70.0273343530693,70.24761199951172,1187400,0.0,0.0
2012-08-15 00:00:00-04:00,70.3724131662451,71.14339867759267,70.13010839590869,70.83500671386719,1082300,0.0,0.0
2012-08-16 00:00:00-04:00,70.6588015873254,70.93782215883465,70.26963379801514,70.84236907958984,1638100,0.0,0.0
2012-08-17 00:00:00-04:00,71.0699813083106,71.10669144054792,70.38711010590974,70.59270477294922,1520600,0.0,0.0
2012-08-20 00:00:00-04:00,70.48991759029991,70.5780320040205,70.22557995117346,70.50460052490234,684400,0.0,0.0
2012-08-21 00:00:00-04:00,70.45320507526985,70.58537390088222,69.87313669834197,69.96858978271484,1256200,0.0,0.0
2012-08-22 00:00:00-04:00,69.99795416219723,70.47523073976893,69.79235947697495,70.14480590820312,842300,0.0,0.0
2012-08-23 00:00:00-04:00,69.88782365698532,70.11544558007454,69.52803290067492,69.56474304199219,1155700,0.0,0.0
2012-08-24 00:00:00-04:00,69.52069618022493,70.79098597089337,69.30775717013431,70.67350006103516,1257400,0.0,0.0
2012-08-27 00:00:00-04:00,70.60009374839458,71.11408074148045,70.36512746554989,70.95988464355469,1112100,0.0,0.0
2012-08-28 00:00:00-04:00,70.72487978221994,71.31963663580113,70.64410964135891,70.908447265625,908000,0.0,0.0
2012-08-29 00:00:00-04:00,70.19622787990232,71.42245773238541,70.19622787990232,71.30497741699219,1494700,0.0,0.0
2012-08-30 00:00:00-04:00,71.63537309007171,72.7367779929426,70.8937644889372,72.39167022705078,2426400,0.0,0.0
2012-08-31 00:00:00-04:00,72.89831663474722,72.89831663474722,71.7455130864295,71.86299896240234,1692600,0.0,0.0
2012-09-04 00:00:00-04:00,71.8042810633327,72.40638238256538,71.27560564116997,72.06861877441406,1184800,0.0,0.0
2012-09-05 00:00:00-04:00,72.14205284617893,72.31093747040998,71.78960065745376,72.12002563476562,1156500,0.0,0.0
2012-09-06 00:00:00-04:00,72.48717128768322,73.41969218580321,72.48717128768322,73.412353515625,1462500,0.0,0.0
2012-09-07 00:00:00-04:00,73.42699208140469,73.42699208140469,72.81754670264064,73.22139739990234,937600,0.0,0.0
2012-09-10 00:00:00-04:00,73.05254750298265,73.94835812759587,72.94240584221195,73.7574462890625,1288500,0.0,0.0
2012-09-11 00:00:00-04:00,73.69867309145991,73.82349763202389,73.03048478249711,73.07453918457031,1626900,0.0,0.0
2012-09-12 00:00:00-04:00,73.41965364011585,74.13189641615374,73.05986291893423,74.08049774169922,1770600,0.0,0.0
2012-09-13 00:00:00-04:00,74.00705977565997,75.54902535946155,73.82349231087323,75.44622802734375,1901900,0.0,0.0
2012-09-14 00:00:00-04:00,75.39483729977286,75.54168904625081,74.8588177812618,75.02770233154297,3195300,0.0,0.0
2012-09-17 00:00:00-04:00,74.96897518720756,75.46827907327899,74.88086636157132,75.07911682128906,1306900,0.0,0.0
2012-09-18 00:00:00-04:00,75.04237195141047,75.04971621804187,74.6752370483174,74.88817596435547,1464100,0.0,0.0
2012-09-19 00:00:00-04:00,75.18923465754271,75.20391758982278,74.68258666234654,74.80741119384766,1664000,0.0,0.0
2012-09-20 00:00:00-04:00,74.58711629160474,75.3948118284321,74.52837337204522,75.36544036865234,1356100,0.0,0.0
2012-09-21 00:00:00-04:00,75.4535983868235,76.00430097162001,74.95429448585986,75.1598892211914,3328600,0.0,0.0
2012-09-24 00:00:00-04:00,75.44624981541789,75.59310158884271,75.05708757400963,75.34345245361328,1223800,0.0,0.0
2012-09-25 00:00:00-04:00,75.24798589202177,75.71057393734115,74.4770002144544,74.48434448242188,1790400,0.0,0.0
2012-09-26 00:00:00-04:00,74.79272740225464,75.4609100529924,74.13188341655538,74.1612548828125,1635200,0.0,0.0
2012-09-27 00:00:00-04:00,74.20532664478625,74.6752590107928,73.5224553001149,73.64728546142578,1821100,0.0,0.0
2012-09-28 00:00:00-04:00,73.58853377356091,73.76475698937084,73.24342600782501,73.54447937011719,1788700,0.0,0.0
2012-10-01 00:00:00-04:00,73.8895766966272,74.80007538978178,73.63992762407604,73.80146789550781,1873600,0.0,0.0
2012-10-02 00:00:00-04:00,74.05848040342177,74.43295971120645,72.93504808210382,73.05252838134766,2050700,0.0,0.0
2012-10-03 00:00:00-04:00,72.87628261629256,73.39761353757555,72.50914769127344,73.14796447753906,2787900,0.0,0.0
2012-10-04 00:00:00-04:00,73.4270031689653,74.66792131517225,73.39763169545343,74.51372528076172,2051800,0.0,0.0
2012-10-05 00:00:00-04:00,74.74871542602614,75.1892764658458,74.55780358802383,74.74137115478516,1192300,0.0,0.0
2012-10-08 00:00:00-04:00,74.59448188726275,74.72665070297447,74.20531970823247,74.41825866699219,813100,0.0,0.0
2012-10-09 00:00:00-04:00,74.4182596563425,74.72665169642468,73.10391574985671,73.16265869140625,1606500,0.0,0.0
2012-10-10 00:00:00-04:00,75.18923835521862,76.67980534548161,74.38154259126723,74.57244873046875,5739800,0.0,0.0
2012-10-11 00:00:00-04:00,74.77073317817641,74.89555776329307,72.17876035975306,72.19344329833984,4753200,0.0,0.0
2012-10-12 00:00:00-04:00,72.00252548194413,72.31092318692531,70.6220996863558,71.6280517578125,7552500,0.0,0.0
2012-10-15 00:00:00-04:00,72.0098622349583,72.0539166444843,70.81300409253717,70.8644027709961,4005200,0.0,0.0
2012-10-16 00:00:00-04:00,71.20217018173624,71.60601536240357,70.86440661894613,71.22419738769531,3788300,0.0,0.0
2012-10-17 00:00:00-04:00,71.33432685708743,71.4885228745468,70.32837500752666,71.0626449584961,4113700,0.0,0.0
2012-10-18 00:00:00-04:00,71.12875296060648,71.48854377319131,70.67350344118714,70.73224639892578,2804300,0.0,0.0
2012-10-19 00:00:00-04:00,70.56332927053565,70.65878793336951,69.3591272021412,69.5940933227539,3859900,0.0,0.0
2012-10-22 00:00:00-04:00,69.52068719403928,69.99061956865603,69.11683643364874,69.75565338134766,3097700,0.0,0.0
2012-10-23 00:00:00-04:00,69.36649393829072,70.3504131364335,68.90390021202823,69.88782501220703,3357400,0.0,0.0
2012-10-24 00:00:00-04:00,69.78501382580829,70.67347975621364,69.38850739700976,70.21089172363281,4327600,0.0,0.0
2012-10-25 00:00:00-04:00,70.4899181368043,70.95250620784435,70.32103357637266,70.9451675415039,2734800,0.0,0.0
2012-10-26 00:00:00-04:00,70.79834444006192,71.60604068911093,70.57806670052389,71.18016815185547,2998900,0.0,0.0
2012-10-31 00:00:00-04:00,71.87768635709276,72.53118617715629,71.51789564315598,72.2741928100586,3534300,0.0,0.0
2012-11-01 00:00:00-04:00,72.39167461142534,72.54587623695727,71.31964111328125,71.31964111328125,2941200,0.0,0.0
2012-11-02 00:00:00-04:00,71.84827855912404,72.04653448638454,70.51925238836152,70.57799530029297,2025500,0.0,0.0
2012-11-05 00:00:00-05:00,70.31370283808786,71.81161443963269,70.08607530905478,71.76021575927734,2199500,0.0,0.0
2012-11-06 00:00:00-05:00,71.94377914721424,73.13329299634043,71.89971913655484,72.53853607177734,2410300,0.0,0.0
2012-11-07 00:00:00-05:00,71.9070459924492,72.04655905535434,70.53395936847852,71.4444580078125,2620100,0.0,0.0
2012-11-08 00:00:00-05:00,71.19482345104169,71.54727554031018,69.56474304199219,69.56474304199219,2906000,0.0,0.0
2012-11-09 00:00:00-05:00,69.39586003970354,70.63677254410852,69.33711709456226,70.09341430664062,2542800,0.0,0.0
2012-11-12 00:00:00-05:00,70.06403240322066,70.60739616183037,69.82172199211377,70.47522735595703,1632800,0.0,0.0
2012-11-13 00:00:00-05:00,70.09341401790776,70.95250857942675,69.93921798907375,70.26229858398438,2328400,0.0,0.0
2012-11-14 00:00:00-05:00,70.39852836651308,70.67099331700148,69.33813592677386,69.56641387939453,3587500,0.275,0.0
2012-11-15 00:00:00-05:00,69.22029100122055,70.6046947987002,68.85946339781519,70.4721450805664,2445500,0.0,0.0
2012-11-16 00:00:00-05:00,70.3396080485756,70.86244719975244,69.69159020870337,70.46479797363281,3105400,0.0,0.0
2012-11-19 00:00:00-05:00,71.19383406540969,71.30429314390857,70.22916972409584,71.11283111572266,2877500,0.0,0.0
2012-11-20 00:00:00-05:00,71.27481349674879,71.517822265625,70.84034276286285,71.517822265625,1783200,0.0,0.0
2012-11-21 00:00:00-05:00,71.59144380640677,71.7239935037049,71.03915433736107,71.23797607421875,1045500,0.0,0.0
2012-11-23 00:00:00-05:00,71.42945965466704,72.11429902866067,71.1054479367662,72.10693359375,671900,0.0,0.0
2012-11-26 00:00:00-05:00,71.6945758676347,71.81976019943833,70.5679056450379,70.88455200195312,1531200,0.0,0.0
2012-11-27 00:00:00-05:00,70.91399360473616,71.67247049500881,70.52370419782709,71.06863403320312,2428000,0.0,0.0
2012-11-28 00:00:00-05:00,73.96260949179903,75.56793114994794,73.63859786338281,75.5384750366211,10407800,0.0,0.0
2012-11-29 00:00:00-05:00,75.90668462176903,76.00241279737642,74.78737454334532,75.02301788330078,6360500,0.0,0.0
2012-11-30 00:00:00-05:00,75.46486850167959,76.95236631636938,74.86103197636453,76.52526092529297,4951400,0.0,0.0
2012-12-03 00:00:00-05:00,77.18800228168834,77.18800228168834,76.51052831707807,77.01863098144531,4268800,0.0,0.0
2012-12-04 00:00:00-05:00,76.98915164067986,77.26161084060315,76.59886237642155,76.87869262695312,3850200,0.0,0.0
2012-12-05 00:00:00-05:00,76.99652724594524,78.03483432246989,76.80507090894437,78.02010345458984,8470800,0.0,0.0
2012-12-06 00:00:00-05:00,77.6179786408972,78.55626581695128,77.33412533947525,77.64163208007812,5057500,7.0,0.0
2012-12-07 00:00:00-05:00,77.96492942062567,78.067435708999,77.40510913293137,77.71261596679688,3093800,0.0,0.0
2012-12-10 00:00:00-05:00,77.98067543344285,78.2724091917867,77.70470862867495,78.02009582519531,2317000,0.0,0.0
2012-12-11 00:00:00-05:00,78.05954862479986,78.57206201586591,77.32626171527514,77.51549530029297,4021200,0.0,0.0
2012-12-12 00:00:00-05:00,78.07531371066443,78.36705357627291,76.67970627924458,77.05029296875,5390300,0.0,0.0
2012-12-13 00:00:00-05:00,77.31051648398561,77.95707026216456,76.75069002760912,77.15281677246094,2715100,0.0,0.0
2012-12-14 00:00:00-05:00,76.48258212029474,77.23952241734203,76.36430888296275,76.41950225830078,2160800,0.0,0.0
2012-12-17 00:00:00-05:00,76.49047048974424,77.98069767617935,76.48258400289419,77.88607788085938,2847800,0.0,0.0
2012-12-18 00:00:00-05:00,77.98070759826338,78.81649484190608,77.77570102346564,78.7376480102539,2900500,0.0,0.0
2012-12-19 00:00:00-05:00,78.44589513942906,79.02148834496774,77.77568815780985,77.8072280883789,3153300,0.0,0.0
2012-12-20 00:00:00-05:00,78.23301235383275,78.39859248654508,77.38145222934614,78.21723937988281,1964100,0.0,0.0
2012-12-21 00:00:00-05:00,77.61011280659626,78.49321286995529,76.98721267471272,78.4458999633789,4167700,0.0,0.0
2012-12-24 00:00:00-05:00,78.15417304441799,78.8007266791017,77.88608660213922,78.40648651123047,933700,0.0,0.0
2012-12-26 00:00:00-05:00,78.26454805819029,78.61147526319662,77.3656810916654,77.8072280883789,1456300,0.0,0.0
2012-12-27 00:00:00-05:00,77.68107187295614,77.83877153292067,76.5850848026171,77.2079849243164,2057400,0.0,0.0
2012-12-28 00:00:00-05:00,76.61663225845612,77.18433905882407,76.43528515122206,76.45893859863281,1651300,0.0,0.0
2012-12-31 00:00:00-05:00,76.36431009702527,78.00435044118163,76.09622970272903,77.8466567993164,2412700,0.0,0.0
2013-01-02 00:00:00-05:00,79.32113344617858,79.99134063720703,79.01362654658166,79.99134063720703,3153800,0.0,0.0
2013-01-03 00:00:00-05:00,80.51175040265991,81.22926458359628,80.23578340999208,80.81137084960938,3872400,0.0,0.0
2013-01-04 00:00:00-05:00,80.85863896867355,81.14249229402378,80.07015884617307,80.55113220214844,1989000,0.0,0.0
2013-01-07 00:00:00-05:00,79.70748123674272,80.21211423021163,79.55767405045215,79.92826080322266,1663900,0.0,0.0
2013-01-08 00:00:00-05:00,79.63650044695825,80.25940052876508,79.42361343917375,79.77842712402344,2189900,0.0,0.0
2013-01-09 00:00:00-05:00,79.66017902352492,80.03076579809547,79.4394054596859,79.81787872314453,1834400,0.0,0.0
2013-01-10 00:00:00-05:00,79.91246908188185,80.03074231798944,78.95052225112595,79.4314956665039,2328500,0.0,0.0
2013-01-11 00:00:00-05:00,79.63647790990498,80.02283141538996,78.90319128852542,79.06877136230469,2206300,0.0,0.0
2013-01-14 00:00:00-05:00,79.11607290992856,80.34610568546437,78.61144623839445,79.13973236083984,2155100,0.0,0.0
2013-01-15 00:00:00-05:00,78.72977189574273,80.04653280627444,78.69823195580068,79.75479888916016,1725200,0.0,0.0
2013-01-16 00:00:00-05:00,79.42363214068968,80.11749271659598,79.36055226589056,80.05441284179688,1201700,0.0,0.0
2013-01-17 00:00:00-05:00,80.08593864305756,80.2278653284898,79.60496520996094,79.60496520996094,2095400,0.0,0.0
2013-01-18 00:00:00-05:00,79.55764901548676,79.99130949230329,79.33687553410725,79.794189453125,2341600,0.0,0.0
2013-01-22 00:00:00-05:00,79.97554434939191,80.55901799421389,79.77053781962287,80.54325103759766,2004500,0.0,0.0
2013-01-23 00:00:00-05:00,80.661526590691,81.01634027322825,80.24362703299235,80.51959991455078,1442800,0.0,0.0
2013-01-24 00:00:00-05:00,80.73248415800315,81.63135107091993,80.65363734409623,81.12672424316406,1515400,0.0,0.0
2013-01-25 00:00:00-05:00,81.18194171480535,81.31598193980204,80.43288773687975,80.70885467529297,1612800,0.0,0.0
2013-01-28 00:00:00-05:00,80.91387717233548,81.01637747943231,80.4250170598744,80.81137084960938,1631700,0.0,0.0
2013-01-29 00:00:00-05:00,80.54327674738802,81.63137757002501,80.50385031982283,81.4973373413086,2073100,0.0,0.0
2013-01-30 00:00:00-05:00,81.21345927006048,81.30019257189028,80.66152554534948,80.8428726196289,1939800,0.0,0.0
2013-01-31 00:00:00-05:00,80.81919862578452,81.33171182019497,80.51169191226325,80.69303894042969,1656300,0.0,0.0
2013-02-01 00:00:00-05:00,81.12673714208101,82.27791765191013,80.89019064712373,82.12022399902344,2316000,0.0,0.0
2013-02-04 00:00:00-05:00,82.08867206657318,82.08867206657318,80.69305877844846,80.80345153808594,1728600,0.0,0.0
2013-02-05 00:00:00-05:00,81.01633876491687,81.97828555022194,80.64575211658199,81.4578857421875,1842400,0.0,0.0
2013-02-06 00:00:00-05:00,81.3353714926432,81.5804569106333,79.8016409041781,80.40248107910156,3192000,0.275,0.0
2013-02-07 00:00:00-05:00,80.4578089000866,80.88472539709457,80.00717582519204,80.52105712890625,3007300,0.0,0.0
2013-02-08 00:00:00-05:00,80.9400708938329,81.39861153246875,80.48943779218965,81.26421356201172,1726400,0.0,0.0
2013-02-11 00:00:00-05:00,81.32743210818053,81.38277278356124,80.4498828045143,80.6317138671875,1457400,0.0,0.0
2013-02-12 00:00:00-05:00,80.80565079206423,80.82146586171795,80.26805302579169,80.44989013671875,1203200,0.0,0.0
2013-02-13 00:00:00-05:00,80.62383932288519,80.93216690762732,79.80953192474533,80.34712982177734,1224400,0.0,0.0
2013-02-14 00:00:00-05:00,79.88066416855354,80.68705776078993,79.85694759697034,80.65543365478516,2211200,0.0,0.0
2013-02-15 00:00:00-05:00,80.47361259587775,81.53299313625905,79.87276657040414,80.77403259277344,4239800,0.0,0.0
2013-02-19 00:00:00-05:00,80.9163534001292,80.95588505296203,80.22064094472829,80.56059265136719,1894200,0.0,0.0
2013-02-20 00:00:00-05:00,80.78198831743276,81.13774921102457,79.88862929754913,79.91234588623047,1915100,0.0,0.0
2013-02-21 00:00:00-05:00,79.9834429917052,80.18108914283525,79.26401413806639,79.60396575927734,2730500,0.0,0.0
2013-02-22 00:00:00-05:00,79.90439965664542,80.08623680130046,79.24031136837398,79.97555541992188,1576200,0.0,0.0
2013-02-25 00:00:00-05:00,80.35500892519762,80.74239364531736,79.10588395472702,79.12960052490234,1644000,0.0,0.0
2013-02-26 00:00:00-05:00,79.13753088200023,79.65931970306517,78.51296821664198,78.62364959716797,2915100,0.0,0.0
2013-02-27 00:00:00-05:00,78.79755827098221,80.27595350623571,78.22833644710532,79.63558197021484,2511000,0.0,0.0
2013-02-28 00:00:00-05:00,79.90440899435983,80.93217169204678,79.68304620573399,80.07833862304688,2213200,0.0,0.0
2013-03-01 00:00:00-05:00,79.70675690792382,80.36294371987839,79.26403136331986,80.18110656738281,1790100,0.0,0.0
2013-03-04 00:00:00-05:00,80.05459737485141,81.79388106240741,79.97554012208646,81.7701644897461,1942000,0.0,0.0
2013-03-05 00:00:00-05:00,81.96782945999145,82.12594400182962,81.23258538024598,81.54882049560547,1611700,0.0,0.0
2013-03-06 00:00:00-05:00,81.54879971800923,81.817595576985,80.92423718301771,81.08235168457031,1254400,0.0,0.0
2013-03-07 00:00:00-05:00,81.86504626616586,82.20499792082767,80.56058033401321,80.61592102050781,2603300,0.0,0.0
2013-03-08 00:00:00-05:00,81.09817717231294,81.63577499101056,80.52895524290578,81.46184539794922,1549200,0.0,0.0
2013-03-11 00:00:00-04:00,81.86503717542267,81.9757185361212,80.91633204298725,80.98748779296875,2120800,0.0,0.0
2013-03-12 00:00:00-04:00,81.9125119424369,83.4225261487695,81.63580840009163,82.023193359375,3795000,0.0,0.0
2013-03-13 00:00:00-04:00,82.21288576036923,82.37100628956031,81.3590590294632,81.76225280761719,2459100,0.0,0.0
2013-03-14 00:00:00-04:00,81.64365943899494,82.24450535359074,81.35905456542969,81.35905456542969,2316700,0.0,0.0
2013-03-15 00:00:00-04:00,81.07444082175128,81.42229389134424,80.25223223890089,80.44197082519531,4001800,0.0,0.0
2013-03-18 00:00:00-04:00,80.11786336693858,80.64755978440705,79.85697495845336,80.38666534423828,2138000,0.0,0.0
2013-03-19 00:00:00-04:00,80.52895100674911,81.06654879716686,79.95182157210337,80.73450469970703,2240300,0.0,0.0
2013-03-20 00:00:00-04:00,80.98750311399732,81.71483963094974,80.90843981424268,81.49347686767578,2316400,0.0,0.0
2013-03-21 00:00:00-04:00,81.31162598172533,82.19708291687053,81.17722804554707,81.84131622314453,2216900,0.0,0.0
2013-03-22 00:00:00-04:00,81.79389970486969,83.10627332027471,81.7780906633862,83.0983657836914,2036100,0.0,0.0
2013-03-25 00:00:00-04:00,83.16160995721343,83.62014451806938,82.66353771536917,83.38297271728516,2315300,0.0,0.0
2013-03-26 00:00:00-04:00,83.55690414184939,83.80989102053425,83.35925795438673,83.77826690673828,1452800,0.0,0.0
2013-03-27 00:00:00-04:00,83.20113308198016,84.4107267216183,83.04301855286141,84.30795288085938,1971500,0.0,0.0
2013-03-28 00:00:00-04:00,84.32377054919233,84.63999961716684,83.49365416655216,83.88894653320312,1672900,0.0,0.0
2013-04-01 00:00:00-04:00,83.80196929379537,84.26841132201577,83.31180466048276,83.6517562866211,1005700,0.0,0.0
2013-04-02 00:00:00-04:00,84.0154452502537,85.18551342502069,83.82570658439649,85.13017272949219,1831900,0.0,0.0
2013-04-03 00:00:00-04:00,84.98789059580291,85.17762931384264,83.80201305260566,84.08662414550781,1833200,0.0,0.0
2013-04-04 00:00:00-04:00,84.00756684896501,84.50563324570122,83.37509641325244,84.08662414550781,1575700,0.0,0.0
2013-04-05 00:00:00-04:00,83.24857512462283,83.77826545020989,82.57657327358655,83.64386749267578,1678900,0.0,0.0
2013-04-08 00:00:00-04:00,84.15771280179003,84.66368637033361,83.69917840207792,84.62416076660156,1077600,0.0,0.0
2013-04-09 00:00:00-04:00,84.79020874424235,84.81392532008061,83.47783525215414,83.63595581054688,1947300,0.0,0.0
2013-04-10 00:00:00-04:00,83.58853055811741,84.21308721982199,83.43040998478202,83.60433959960938,1757200,0.0,0.0
2013-04-11 00:00:00-04:00,83.70710324960974,84.11821065850911,83.16160392519514,83.80988311767578,2319400,0.0,0.0
2013-04-12 00:00:00-04:00,83.91264691456084,84.42652809836196,83.52526215888133,83.90473937988281,1437700,0.0,0.0
2013-04-15 00:00:00-04:00,83.36716427792138,83.97591794823641,82.32359258906462,82.3868408203125,1818400,0.0,0.0
2013-04-16 00:00:00-04:00,82.79791845231551,83.63593610344633,82.6556129991347,83.44619750976562,2796500,0.0,0.0
2013-04-17 00:00:00-04:00,82.82955932617188,83.20904264967854,82.48960765175148,82.82955932617188,1882600,0.0,0.0
2013-04-18 00:00:00-04:00,82.82164913441189,83.1062600892679,81.69111285031218,81.9124755859375,1854300,0.0,0.0
2013-04-19 00:00:00-04:00,81.58834527736225,82.73469680480767,81.58834527736225,82.57657623291016,2215600,0.0,0.0
2013-04-22 00:00:00-04:00,82.56076416592755,83.62805235246938,82.4342677130453,83.13789367675781,2048400,0.0,0.0
2013-04-23 00:00:00-04:00,83.59644491973633,84.86928708034802,83.43833035376684,84.79022979736328,1731100,0.0,0.0
2013-04-24 00:00:00-04:00,84.95623027187405,85.65985016516441,84.82973985763884,85.24874877929688,2234300,0.0,0.0
2013-04-25 00:00:00-04:00,85.65984185240703,86.44251893260073,85.22502393304693,86.27649688720703,1848100,0.0,0.0
2013-04-26 00:00:00-04:00,86.09467927932197,86.76667510110327,85.68357183731919,86.38719177246094,2146700,0.0,0.0
2013-04-29 00:00:00-04:00,86.41090663887161,86.5453045848493,85.75471991672306,85.88121032714844,1728300,0.0,0.0
2013-04-30 00:00:00-04:00,85.47804225221891,85.83380304742877,85.13018296326055,85.7231216430664,1561400,0.0,0.0
2013-05-01 00:00:00-04:00,85.48592736547535,86.1737382735601,85.3515294047627,85.55708312988281,1199400,0.0,0.0
2013-05-02 00:00:00-04:00,85.51753490239976,86.40299182754474,85.16177424437358,85.92864227294922,1442900,0.0,0.0
2013-05-03 00:00:00-04:00,86.90896807142994,87.2884513453871,86.18163166400088,86.76666259765625,1407600,0.0,0.0
2013-05-06 00:00:00-04:00,86.73504535399401,87.16196180910582,86.19744752515128,86.24488067626953,1112700,0.0,0.0
2013-05-07 00:00:00-04:00,86.18953343422291,86.79037943998073,85.90492851747662,86.73503875732422,1617400,0.0,0.0
2013-05-08 00:00:00-04:00,86.88525324085323,87.16195665883055,86.48996092040503,86.6559829711914,863800,0.0,0.0
2013-05-09 00:00:00-04:00,86.86945488609157,87.08291615795075,86.0788700930674,86.284423828125,1306300,0.0,0.0
2013-05-10 00:00:00-04:00,86.49787870705784,87.08290972178565,86.3081340279438,86.95641326904297,1239600,0.0,0.0
2013-05-13 00:00:00-04:00,86.71921169936896,87.2172777397846,86.64805596120628,86.97219848632812,1246600,0.0,0.0
2013-05-14 00:00:00-04:00,87.19354510257679,88.32408091789102,86.87731016923469,88.06318664550781,1932800,0.0,0.0
2013-05-15 00:00:00-04:00,87.88881822189225,89.54574864958465,87.75404519206877,89.44268798828125,1810600,0.31,0.0
2013-05-16 00:00:00-04:00,89.26034644306183,89.58539369515496,88.17422651444518,88.40413665771484,1533600,0.0,0.0
2013-05-17 00:00:00-04:00,88.95907531841989,89.73601314172501,88.50718470085405,89.6250228881836,1678300,0.0,0.0
2013-05-20 00:00:00-04:00,89.63292909037439,89.6884242064014,88.75293078729331,88.80842590332031,1664300,0.0,0.0
2013-05-21 00:00:00-04:00,89.1731285461509,90.34645576272997,88.9590716028935,89.9659194946289,1946000,0.0,0.0
2013-05-22 00:00:00-04:00,89.84702178675995,90.94900099286198,89.5299041195075,89.88665771484375,2524300,0.0,0.0
2013-05-23 00:00:00-04:00,89.37133218526283,90.53672987573462,88.67367223347988,89.73601531982422,2225200,0.0,0.0
2013-05-24 00:00:00-04:00,89.17314249703121,90.92521004145168,88.99079788900742,90.68737030029297,1769800,0.0,0.0
2013-05-28 00:00:00-04:00,91.25024476069702,91.78141328994096,90.4019586152499,91.03619384765625,2693700,0.0,0.0
2013-05-29 00:00:00-04:00,90.79833394030878,90.89347101857686,89.37923761084221,89.54572296142578,1834000,0.0,0.0
2013-05-30 00:00:00-04:00,90.60017937999939,91.55945602747794,88.68955569080306,88.69747924804688,3459400,0.0,0.0
2013-05-31 00:00:00-04:00,88.88773510870445,89.37926169089526,86.91368103027344,86.91368103027344,3537200,0.0,0.0
2013-06-03 00:00:00-04:00,87.14358445882944,88.0394421515571,86.07331782847483,87.9046630859375,2341400,0.0,0.0
2013-06-04 00:00:00-04:00,87.888818551026,88.64196764852196,87.12773984924138,87.73026275634766,1855200,0.0,0.0
2013-06-05 00:00:00-04:00,87.30214338940493,87.674750062826,86.31907823622849,86.54898834228516,2018400,0.0,0.0
2013-06-06 00:00:00-04:00,86.8423217554254,88.10285646795957,86.71547229960275,88.0711441040039,2186800,0.0,0.0
2013-06-07 00:00:00-04:00,88.190063220433,88.75294406678806,87.3417771493747,87.66682434082031,2013400,0.0,0.0
2013-06-10 00:00:00-04:00,87.94430664966387,88.0235845406619,86.92160552479793,87.45277404785156,1563900,0.0,0.0
2013-06-11 00:00:00-04:00,87.00877328388721,87.99976159008182,86.82642877420184,87.22282409667969,1066300,0.0,0.0
2013-06-12 00:00:00-04:00,87.80163605877758,87.8571312075738,86.50145881682246,86.73136901855469,1320200,0.0,0.0
2013-06-13 00:00:00-04:00,86.54899121435295,88.11079043760695,86.4300713557546,87.9046630859375,1230500,0.0,0.0
2013-06-14 00:00:00-04:00,87.50035306569221,88.49134190876806,87.46864069689187,87.99980926513672,1318000,0.0,0.0
2013-06-17 00:00:00-04:00,88.59437523726598,89.18896835966373,87.95221660060089,88.55473327636719,1441700,0.0,0.0
2013-06-18 00:00:00-04:00,88.42791356327065,88.95115250583807,88.1583614637236,88.86394500732422,1250200,0.0,0.0
2013-06-19 00:00:00-04:00,88.97496082188448,89.26036009497314,87.31802403542318,87.357666015625,1458600,0.0,0.0
2013-06-20 00:00:00-04:00,86.99294377172536,86.99294377172536,85.12988041100208,85.2725830078125,2211900,0.0,0.0
2013-06-21 00:00:00-04:00,85.93062951099334,86.87405288478685,85.54216355352625,86.13675689697266,3111500,0.0,0.0
2013-06-24 00:00:00-04:00,85.193330763022,87.68269432971739,85.17747760239088,86.92161560058594,1832300,0.0,0.0
2013-06-25 00:00:00-04:00,87.74608981497681,87.74608981497681,86.6044690776347,87.40518951416016,1607800,0.0,0.0
2013-06-26 00:00:00-04:00,87.56376175146683,88.37241194220519,87.28628611680766,88.14250183105469,1539200,0.0,0.0
2013-06-27 00:00:00-04:00,88.45169988404805,89.07007595400418,88.1900773779848,88.38827514648438,922200,0.0,0.0
2013-06-28 00:00:00-04:00,88.16626779022623,88.96698822494143,87.61924018006751,87.65888214111328,1853600,0.0,0.0
2013-07-01 00:00:00-04:00,88.43584071769541,88.64196202800457,87.46070510155796,87.54791259765625,1112700,0.0,0.0
2013-07-02 00:00:00-04:00,87.7064825016979,88.6895478798799,87.56377985315642,87.88089752197266,1279700,0.0,0.0
2013-07-03 00:00:00-04:00,87.54790160544975,88.22970228105979,87.25456678735692,87.9284439086914,752200,0.0,0.0
2013-07-05 00:00:00-04:00,88.98286940125752,89.03836453508879,87.76990001286265,88.60233306884766,1366700,0.0,0.0
2013-07-08 00:00:00-04:00,89.06212449594658,89.5615866210595,88.84807361983704,89.28411102294922,1525200,0.0,0.0
2013-07-09 00:00:00-04:00,89.65673427285114,90.06105938990201,89.38718822716089,89.86286163330078,1360800,0.0,0.0
2013-07-10 00:00:00-04:00,89.96595021098939,90.40991135819043,89.83117110686022,90.10072326660156,1274300,0.0,0.0
2013-07-11 00:00:00-04:00,91.04413091585845,91.91620600198135,90.64773534889943,91.8765640258789,1549900,0.0,0.0
2013-07-12 00:00:00-04:00,91.54360667821328,92.66143919637511,91.32954965337305,92.3284683227539,2233300,0.0,0.0
2013-07-15 00:00:00-04:00,91.9637715344912,92.15403971304696,91.26611751410921,91.8765640258789,1156500,0.0,0.0
2013-07-16 00:00:00-04:00,92.09854398950964,92.55043469102648,91.60701736065893,92.38394927978516,1295200,0.0,0.0
2013-07-17 00:00:00-04:00,92.72483943998942,93.31150311681118,92.24123642104367,93.07366943359375,1276900,0.0,0.0
2013-07-18 00:00:00-04:00,93.02611110956252,93.23223850319266,92.28089153777378,92.80413055419922,1180700,0.0,0.0
2013-07-19 00:00:00-04:00,93.21636960395195,93.66033063972561,92.41564897998973,93.6048355102539,1639200,0.0,0.0
2013-07-22 00:00:00-04:00,94.19945108536713,94.20738069103125,93.2718868237226,93.58900451660156,1158000,0.0,0.0
2013-07-23 00:00:00-04:00,93.84267554745118,94.46105157748028,93.77925081398269,94.4214096069336,1079600,0.0,0.0
2013-07-24 00:00:00-04:00,94.3421311661798,94.6513191793978,92.95474688432421,93.47006225585938,1726900,0.0,0.0
2013-07-25 00:00:00-04:00,92.82788367122586,93.29563344792463,92.48698939045643,93.11328887939453,1352200,0.0,0.0
2013-07-26 00:00:00-04:00,92.57420519943626,92.75654979628005,91.59907562720815,92.4156494140625,1863100,0.0,0.0
2013-07-29 00:00:00-04:00,92.34429953063768,93.31149948234126,92.15402533325613,92.86753845214844,1198100,0.0,0.0
2013-07-30 00:00:00-04:00,93.4224787646018,93.7950914633885,92.57419272527423,92.70104217529297,1162500,0.0,0.0
2013-07-31 00:00:00-04:00,93.19257474693784,93.62860612233895,92.73275456326566,93.08950805664062,1925200,0.0,0.0
2013-08-01 00:00:00-04:00,93.60483489053905,94.0250131606881,93.27186411591323,93.81888580322266,1255700,0.0,0.0
2013-08-02 00:00:00-04:00,93.7872040512548,94.73855109895044,93.48593951562148,94.63549041748047,1503600,0.0,0.0
2013-08-05 00:00:00-04:00,94.69891219485183,95.29350563110712,94.29459301313064,95.19044494628906,1336700,0.0,0.0
2013-08-06 00:00:00-04:00,94.5324056478978,95.07150381832056,94.35799064444988,94.73853302001953,1308500,0.0,0.0
2013-08-07 00:00:00-04:00,94.70673199929205,95.00082371524483,94.15828151284428,94.85774993896484,1297600,0.31,0.0
2013-08-08 00:00:00-04:00,93.84035038811865,94.51598034098527,92.26654472420587,93.30780029296875,2372700,0.0,0.0
2013-08-09 00:00:00-04:00,92.88653120742504,93.19652342279602,91.70220181884753,91.90885925292969,1676800,0.0,0.0
2013-08-12 00:00:00-04:00,91.8770496635531,92.3698606761319,91.42398372420928,91.98833465576172,1596800,0.0,0.0
2013-08-13 00:00:00-04:00,92.47320340665594,92.48115363535851,91.2093899340943,91.92475891113281,1230300,0.0,0.0
2013-08-14 00:00:00-04:00,91.5272973367572,91.60678140061148,90.2873228964981,90.43834686279297,1656500,0.0,0.0
2013-08-15 00:00:00-04:00,89.38914783691811,89.64350049796451,88.63404008000576,88.85659790039062,1656600,0.0,0.0
2013-08-16 00:00:00-04:00,88.84071887676609,89.42891447451132,88.74534039602153,88.94405364990234,1651000,0.0,0.0
2013-08-19 00:00:00-04:00,88.94406151692259,89.77070945389269,88.86457742118941,89.0871353149414,1259500,0.0,0.0
2013-08-20 00:00:00-04:00,89.21428971892833,90.04888770759702,89.10301079567203,89.69120025634766,1448500,0.0,0.0
2013-08-21 00:00:00-04:00,89.524264372491,89.71503340156703,88.90428018860722,88.99171447753906,1329300,0.0,0.0
2013-08-22 00:00:00-04:00,89.06327649504885,89.48454759310275,88.94404733833156,89.21429443359375,998500,0.0,0.0
2013-08-23 00:00:00-04:00,89.49251414160322,90.20788319659871,88.75330652639761,89.8740463256836,1444900,0.0,0.0
2013-08-26 00:00:00-04:00,89.81837042492937,89.91375494833215,88.89633822477349,88.9201889038086,1031500,0.0,0.0
2013-08-27 00:00:00-04:00,88.41150688196025,88.92021234572599,88.2525326343788,88.76123809814453,1415500,0.0,0.0
2013-08-28 00:00:00-04:00,88.80097012303332,88.80097012303332,87.71996965536813,87.79945373535156,1648900,0.0,0.0
2013-08-29 00:00:00-04:00,87.66432877729277,88.93609222923024,87.5848446985929,88.53866577148438,1388000,0.0,0.0
2013-08-30 00:00:00-04:00,88.81685415406078,89.17454156863678,88.34789389188369,88.9201889038086,1207700,0.0,0.0
2013-09-03 00:00:00-04:00,89.66735268517537,89.9217053677029,88.66584240886179,89.00762939453125,1204600,0.0,0.0
2013-09-04 00:00:00-04:00,89.0155901829117,89.24609829204348,88.50688472284409,88.62611389160156,1397900,0.0,0.0
2013-09-05 00:00:00-04:00,89.81839212544264,91.48758227067661,89.81839212544264,91.1060562133789,2564100,0.0,0.0
2013-09-06 00:00:00-04:00,90.85168708076746,91.41603190078406,89.91376043493443,90.89142608642578,2232000,0.0,0.0
2013-09-09 00:00:00-04:00,90.74837530174719,91.7816867384327,90.55761225924677,91.6863021850586,1262000,0.0,0.0
2013-09-10 00:00:00-04:00,92.08370910309752,93.44290686170878,91.8293564125547,93.25214385986328,1665400,0.0,0.0
2013-09-11 00:00:00-04:00,93.45086350277764,94.85775059234913,93.39522403741033,94.78621673583984,1808600,0.0,0.0
2013-09-12 00:00:00-04:00,94.63520573724905,94.84981946476658,93.6813844672202,93.94368743896484,1371000,0.0,0.0
2013-09-13 00:00:00-04:00,94.21392407911628,94.24571892647477,92.9262661144568,93.02164459228516,1661000,0.0,0.0
2013-09-16 00:00:00-04:00,94.07878114209197,94.15826521198778,92.96598597081316,93.2759780883789,1767100,0.0,0.0
2013-09-17 00:00:00-04:00,93.23624673325544,94.20596216831855,93.06932228926271,93.72110748291016,990900,0.0,0.0
2013-09-18 00:00:00-04:00,93.53830291834981,94.63519789440313,92.96600777806209,94.30136108398438,1858800,0.0,0.0
2013-09-19 00:00:00-04:00,94.64313127065786,94.96107363245554,94.30134429296845,94.7464599609375,1219500,0.0,0.0
2013-09-20 00:00:00-04:00,94.87365440225223,94.9451882612908,93.48266165464041,93.74496459960938,2587100,0.0,0.0
2013-09-23 00:00:00-04:00,93.06136763553353,93.92775428001102,93.03752302172158,93.45084381103516,1762600,0.0,0.0
2013-09-24 00:00:00-04:00,93.25213348811633,93.85622333505948,92.45728066054485,92.47317504882812,1650000,0.0,0.0
2013-09-25 00:00:00-04:00,92.56059687608119,92.65598138566894,91.40806285705975,91.73395538330078,2268800,0.0,0.0
2013-09-26 00:00:00-04:00,92.11552015515778,92.58448661150702,91.59886445601788,92.5208969116211,1039100,0.0,0.0
2013-09-27 00:00:00-04:00,91.89293527227744,92.36984575281366,91.7419112954801,91.9803695678711,897500,0.0,0.0
2013-09-30 00:00:00-04:00,91.43194920289045,91.8532203667652,91.20144108102077,91.54322814941406,1829000,0.0,0.0
2013-10-01 00:00:00-04:00,91.49551535648821,91.54320458865361,91.129883759979,91.4080810546875,1452200,0.0,0.0
2013-10-02 00:00:00-04:00,91.10604648557842,91.47962227472192,90.86758817704312,91.2650146484375,1640200,0.0,0.0
2013-10-03 00:00:00-04:00,90.88348519745436,91.51936999578416,90.53375401619516,90.94707489013672,1608000,0.0,0.0
2013-10-04 00:00:00-04:00,90.75631108105658,91.3683451910822,90.63708192438366,90.96297454833984,1084900,0.0,0.0
2013-10-07 00:00:00-04:00,90.46221582096148,90.74836337924198,90.10453440523435,90.14427947998047,1293900,0.0,0.0
2013-10-08 00:00:00-04:00,90.20784799171894,90.44630627173852,89.11890347143624,89.19043731689453,2148600,0.0,0.0
2013-10-09 00:00:00-04:00,88.29226953287036,91.59091057756547,87.55305602677844,91.08219909667969,5852500,0.0,0.0
2013-10-10 00:00:00-04:00,91.3922112942988,92.17116392939941,90.71658131390309,91.9645004272461,2388300,0.0,0.0
2013-10-11 00:00:00-04:00,91.53525421117577,92.20292767314332,91.20141141594621,92.12344360351562,1563000,0.0,0.0
2013-10-14 00:00:00-04:00,91.41604073245401,92.44140177973983,91.41604073245401,92.40960693359375,1195100,0.0,0.0
2013-10-15 00:00:00-04:00,92.01217914807562,92.29037646759954,91.62269683649538,91.6942367553711,1503100,0.0,0.0
2013-10-16 00:00:00-04:00,92.41758053705135,93.38730242855324,91.90093079927466,93.28397369384766,1854900,0.0,0.0
2013-10-17 00:00:00-04:00,93.18060064479486,94.3490292199019,93.07726589498392,93.99929809570312,2099700,0.0,0.0
2013-10-18 00:00:00-04:00,94.047000490926,94.07084510906779,92.70369706930207,93.50650024414062,2727100,0.0,0.0
2013-10-21 00:00:00-04:00,93.32372404378843,93.39525792625408,92.79911798204395,93.29987335205078,1454600,0.0,0.0
2013-10-22 00:00:00-04:00,93.14086168483566,94.50005939599173,93.0693217714873,93.64161682128906,1386000,0.0,0.0
2013-10-23 00:00:00-04:00,93.19648806269387,93.81647225820481,93.01366925579545,93.12495422363281,1183200,0.0,0.0
2013-10-24 00:00:00-04:00,91.8372898733006,92.83880606257756,91.55114239065004,92.39368438720703,2250100,0.0,0.0
2013-10-25 00:00:00-04:00,92.17910670487939,92.56858299093733,91.63860640281543,92.55268859863281,1840100,0.0,0.0
2013-10-28 00:00:00-04:00,92.36189612396252,94.02314168674033,92.36189612396252,93.2759780883789,1802400,0.0,0.0
2013-10-29 00:00:00-04:00,93.53035124811687,94.57955696771803,93.29189898617173,94.3887939453125,1881000,0.0,0.0
2013-10-30 00:00:00-04:00,94.26161394221891,94.50802249481703,93.16471899019972,93.60189056396484,1108600,0.0,0.0
2013-10-31 00:00:00-04:00,93.68133890594285,94.26952820092389,93.37134684073361,93.79261779785156,1587700,0.0,0.0
2013-11-01 00:00:00-04:00,94.35698037860115,95.22337313192378,94.22980707697567,95.0802993774414,2185100,0.0,0.0
2013-11-04 00:00:00-05:00,95.38235605144015,95.70029845112767,94.79416655377874,95.65260314941406,1588900,0.0,0.0
2013-11-05 00:00:00-05:00,95.50158771159614,95.72414557793459,94.66698964857994,95.48568725585938,1419700,0.0,0.0
2013-11-06 00:00:00-05:00,95.73211684353359,99.00690799230713,95.63673228089274,98.617431640625,3059000,0.0,0.0
2013-11-07 00:00:00-05:00,99.14995201859121,99.14995201859121,97.37743339446367,97.592041015625,2459500,0.0,0.0
2013-11-08 00:00:00-05:00,97.1389750916208,97.67947532238429,96.27258831550168,97.592041015625,2314300,0.0,0.0
2013-11-11 00:00:00-05:00,97.56021048253689,98.29942367384292,97.0515052825246,97.78276824951172,1275700,0.0,0.0
2013-11-12 00:00:00-05:00,96.66206127967091,97.55229870735083,96.59052136553994,97.3297348022461,1588000,0.0,0.0
2013-11-13 00:00:00-05:00,97.1464756044735,98.15052795410156,96.89944164066823,98.15052795410156,1679300,0.31,0.0
2013-11-14 00:00:00-05:00,98.32584052676121,98.85974224844698,97.89552977088887,98.60474395751953,1488000,0.0,0.0
2013-11-15 00:00:00-05:00,98.54098840469827,99.36176387584317,98.32583000995577,99.04301452636719,1784200,0.0,0.0
2013-11-18 00:00:00-05:00,99.33786484146505,99.33786484146505,97.95130599800598,98.2620849609375,1327600,0.0,0.0
2013-11-19 00:00:00-05:00,98.44536679887433,98.89161226312628,98.11068270068536,98.51708221435547,1233600,0.0,0.0
2013-11-20 00:00:00-05:00,98.81195512926683,98.97929722694506,97.56086852121899,97.82383728027344,1135900,0.0,0.0
2013-11-21 00:00:00-05:00,97.9752211292962,98.97130920942178,97.46522451864303,98.72428131103516,1164200,0.0,0.0
2013-11-22 00:00:00-05:00,99.01909874294525,99.88768439525123,98.81191077611618,99.776123046875,1502000,0.0,0.0
2013-11-25 00:00:00-05:00,100.14266724059627,100.50126244495392,99.52907991882905,99.74423217773438,1391900,0.0,0.0
2013-11-26 00:00:00-05:00,99.77612528904963,100.50128014942834,99.64065880292536,99.7522201538086,1597700,0.0,0.0
2013-11-27 00:00:00-05:00,100.12674895003441,100.31799610930521,99.76815368680938,99.91159057617188,873400,0.0,0.0
2013-11-29 00:00:00-05:00,100.16660649479766,100.4295751849833,99.7203610178562,99.95145416259766,725400,0.0,0.0
2013-12-02 00:00:00-05:00,100.13472344269721,100.15862857862724,98.37363475377236,98.56488800048828,1444900,0.0,0.0
2013-12-03 00:00:00-05:00,98.58877885920492,98.78799640262244,97.99112622895235,98.66846466064453,1767900,0.0,0.0
2013-12-04 00:00:00-05:00,98.22226598025455,99.17850821117281,97.50508126724594,97.99117279052734,1644000,0.0,0.0
2013-12-05 00:00:00-05:00,96.81972787377758,97.49706631787248,96.02285768551604,96.3814468383789,3329000,0.0,0.0
2013-12-06 00:00:00-05:00,97.21819618757786,97.33772797258877,96.4372604611938,97.26600646972656,1734800,0.0,0.0
2013-12-09 00:00:00-05:00,97.87161681715854,97.88755154922733,96.72412155977968,96.94725036621094,2192500,0.0,0.0
2013-12-10 00:00:00-05:00,96.57272079371774,96.80381392748251,95.60053798258262,95.65631866455078,3163300,0.0,0.0
2013-12-11 00:00:00-05:00,94.11040184993442,95.8635205421286,93.20994040215726,94.48493194580078,6113600,0.0,0.0
2013-12-12 00:00:00-05:00,94.44505105856156,95.14630070792926,94.11036704207443,94.20599365234375,2023600,0.0,0.0
2013-12-13 00:00:00-05:00,94.83554052996924,94.86741607301298,93.56054920641051,93.958984375,1722600,0.0,0.0
2013-12-16 00:00:00-05:00,93.9669191000107,94.74785445948028,93.65614025278205,94.03067016601562,2069500,0.0,0.0
2013-12-17 00:00:00-05:00,94.16615189502322,94.31755918143365,93.24974993138267,93.6720962524414,1722800,0.0,0.0
2013-12-18 00:00:00-05:00,93.85539813150892,94.50883163994067,92.3174379607363,94.42914581298828,3167600,0.0,0.0
2013-12-19 00:00:00-05:00,93.9032266803841,94.38135389439458,93.4330759541512,94.02275848388672,2339400,0.0,0.0
2013-12-20 00:00:00-05:00,93.78364260337906,94.86738640944355,93.78364260337906,94.45301055908203,3007000,0.0,0.0
2013-12-23 00:00:00-05:00,94.9072418877274,94.93114702156066,94.1342768023864,94.58052825927734,1181600,0.0,0.0
2013-12-24 00:00:00-05:00,94.58052825927734,94.70802433293383,94.17412274520002,94.58052825927734,612500,0.0,0.0
2013-12-26 00:00:00-05:00,94.57255315518903,94.91520757559192,94.50083167761602,94.53270721435547,1169900,0.0,0.0
2013-12-27 00:00:00-05:00,94.72394955041631,95.07456825498802,94.22988790718105,94.45301055908203,995100,0.0,0.0
2013-12-30 00:00:00-05:00,94.78767816726376,95.12236816695116,94.48486977478353,94.64424133300781,812800,0.0,0.0
2013-12-31 00:00:00-05:00,94.97899371923808,95.39336369057949,94.59649321676665,94.84352111816406,1181700,0.0,0.0
2014-01-02 00:00:00-05:00,94.59647220276804,95.06662883928776,93.82350704213655,93.87928771972656,1618400,0.0,0.0
2014-01-03 00:00:00-05:00,94.19805465364168,94.31758643642068,93.33743311319971,93.46493530273438,1293500,0.0,0.0
2014-01-06 00:00:00-05:00,93.62431562322325,93.83150366056903,92.34932400809461,92.75572967529297,2120200,0.0,0.0
2014-01-07 00:00:00-05:00,92.74774929266881,92.8832158072855,91.94290845232686,92.32540893554688,2292500,0.0,0.0
2014-01-08 00:00:00-05:00,92.46882677414804,92.46882677414804,90.77945961465346,90.883056640625,4600000,0.0,0.0
2014-01-09 00:00:00-05:00,92.59632869918335,94.9072538417892,90.8830623758737,94.43710327148438,5759400,0.0,0.0
2014-01-10 00:00:00-05:00,94.19005906618008,94.54865431865046,92.96288425799555,93.9111557006836,2790200,0.0,0.0
2014-01-13 00:00:00-05:00,93.2816360989312,93.65616611558987,91.30540114413883,91.45680236816406,3164200,0.0,0.0
2014-01-14 00:00:00-05:00,91.79947285118455,93.09837556777293,91.73572783609698,92.62025451660156,2320600,0.0,0.0
2014-01-15 00:00:00-05:00,92.49273023210465,92.98679197875367,91.83929686634954,92.6281967163086,1847500,0.0,0.0
2014-01-16 00:00:00-05:00,92.78758401627465,92.8114891536504,91.879152318167,92.08633422851562,1938200,0.0,0.0
2014-01-17 00:00:00-05:00,92.1182177767573,92.92305858963238,91.98275126676371,92.66806030273438,2708100,0.0,0.0
2014-01-21 00:00:00-05:00,92.12620756073771,92.52464284779924,91.51261381406457,91.58433532714844,2110800,0.0,0.0
2014-01-22 00:00:00-05:00,91.64804776506139,91.76757951667634,90.59617929419727,90.64398956298828,2501600,0.0,0.0
2014-01-23 00:00:00-05:00,90.44476961055324,90.46867474431626,89.56821358796431,89.886962890625,2162300,0.0,0.0
2014-01-24 00:00:00-05:00,89.79933233256826,89.94276925575804,89.18573868573016,89.35308074951172,3183100,0.0,0.0
2014-01-27 00:00:00-05:00,89.69570102683602,90.6280437113046,89.27336082531235,90.11007690429688,3784900,0.0,0.0
2014-01-28 00:00:00-05:00,90.4686728979819,91.44882591972348,90.39695749815643,91.14601135253906,2362100,0.0,0.0
2014-01-29 00:00:00-05:00,90.88305818815935,90.99461954138397,89.33712789399284,89.43275451660156,2356000,0.0,0.0
2014-01-30 00:00:00-05:00,89.84712674763584,90.43680907011105,89.32118942893567,89.83119201660156,1625800,0.0,0.0
2014-01-31 00:00:00-05:00,88.68367279664288,90.26944256899206,88.55617066437546,89.53632354736328,2143600,0.0,0.0
2014-02-03 00:00:00-05:00,90.01448559192501,90.0463611395842,87.69559573637989,87.79918670654297,3111900,0.0,0.0
2014-02-04 00:00:00-05:00,88.23747123036325,88.71559230408764,87.25731786153486,88.3649673461914,2529600,0.0,0.0
2014-02-05 00:00:00-05:00,87.83101785689323,88.29320394486459,87.49633389510818,88.0621109008789,2374200,0.0,0.0
2014-02-06 00:00:00-05:00,90.05433456931738,91.30542097865121,90.04636416222526,91.05042266845703,3738900,0.0,0.0
2014-02-07 00:00:00-05:00,90.90697472699685,91.32931505712968,90.34916181126563,90.8750991821289,2194100,0.0,0.0
2014-02-10 00:00:00-05:00,90.87507824279866,90.92288850926492,89.71164848156826,90.72367095947266,1871700,0.0,0.0
2014-02-11 00:00:00-05:00,90.77153311378437,91.75965095711315,90.44481324901876,91.63214874267578,1768900,0.0,0.0
2014-02-12 00:00:00-05:00,91.79189336145333,92.23135908814602,91.32846398138807,91.7359619140625,1737700,0.31,0.0
2014-02-13 00:00:00-05:00,91.20064204292535,92.63089641147691,91.20064204292535,92.5350112915039,1583300,0.0,0.0
2014-02-14 00:00:00-05:00,92.01564490681574,93.07834263429376,91.4882859221109,92.7667236328125,1517900,0.0,0.0
2014-02-18 00:00:00-05:00,92.92654574734564,93.01443892431762,91.82388810754175,92.17546081542969,2056500,0.0,0.0
2014-02-19 00:00:00-05:00,91.97569751926648,92.12751410328212,91.3045138653672,91.8158950805664,1802600,0.0,0.0
2014-02-20 00:00:00-05:00,91.54424018513248,92.32728690703466,90.99291130852714,91.93576049804688,1837100,0.0,0.0
2014-02-21 00:00:00-05:00,92.20741729520242,92.27932656533409,90.22583409413983,90.44157409667969,3654300,0.0,0.0
2014-02-24 00:00:00-05:00,90.65733615183201,91.73601821123991,90.44958803571498,91.0408706665039,2281900,0.0,0.0
2014-02-25 00:00:00-05:00,91.08881108248528,92.5989671995879,91.08881108248528,92.25538635253906,1920800,0.0,0.0
2014-02-26 00:00:00-05:00,92.28733052364261,93.35003458060878,92.18345953235819,92.59095764160156,1924500,0.0,0.0
2014-02-27 00:00:00-05:00,92.71082375547242,93.02244286310693,92.11155530293314,92.86264038085938,1374400,0.0,0.0
2014-02-28 00:00:00-05:00,93.08634005281787,93.86139467498113,92.59893469446928,93.3260498046875,2103000,0.0,0.0
2014-03-03 00:00:00-05:00,92.86261059477579,93.54178007059231,91.97569308181436,92.48706817626953,1667000,0.0,0.0
2014-03-04 00:00:00-05:00,93.1742455645027,93.41395534812568,92.56698524977804,93.20620727539062,1808300,0.0,0.0
2014-03-05 00:00:00-05:00,93.14226388295012,93.44589092717514,92.53500369842833,93.06236267089844,2305700,0.0,0.0
2014-03-06 00:00:00-05:00,90.40962726033298,91.60017210934286,89.70648176877809,90.49752044677734,8921900,0.0,0.0
2014-03-07 00:00:00-05:00,90.92896448047667,91.09675884586225,90.40160553548937,90.68925476074219,2905600,0.0,0.0
2014-03-10 00:00:00-04:00,90.45755206902312,91.5602035522461,90.28975767566783,91.5602035522461,2319100,0.0,0.0
2014-03-11 00:00:00-04:00,91.53622728200298,91.68804385874307,91.0248521873829,91.65608215332031,2201800,0.0,0.0
2014-03-12 00:00:00-04:00,91.40038051915468,92.38318299719842,91.28851761545162,92.05558013916016,2173400,0.0,0.0
2014-03-13 00:00:00-04:00,92.41517001925233,92.51904100227387,91.24060311247042,91.41638946533203,2519600,0.0,0.0
2014-03-14 00:00:00-04:00,91.84786692952053,91.84786692952053,90.55345109741828,90.64933013916016,2290000,0.0,0.0
2014-03-17 00:00:00-04:00,91.20064733842425,91.45633491045969,90.60137901995935,90.65731048583984,2189200,0.0,0.0
2014-03-18 00:00:00-04:00,91.00888676670186,91.18467312241107,90.30574134386505,90.96893310546875,2501000,0.0,0.0
2014-03-19 00:00:00-04:00,90.72120472504501,91.28851115253889,89.85825716094,90.16987609863281,1635600,0.0,0.0
2014-03-20 00:00:00-04:00,89.93817544116922,90.46553441808913,89.5945947399834,90.41759490966797,1408200,0.0,0.0
2014-03-21 00:00:00-04:00,91.41640047862323,91.55223318726323,90.52948275220574,90.95296478271484,4442300,0.0,0.0
2014-03-24 00:00:00-04:00,91.0807716829947,91.08876363231852,90.2018462355813,90.58538055419922,2501700,0.0,0.0
2014-03-25 00:00:00-04:00,90.94493613311421,91.45631114429739,90.92096638197609,91.03282928466797,2199400,0.0,0.0
2014-03-26 00:00:00-04:00,91.31251000159038,91.46432659256482,89.85828579690275,89.88225555419922,1905900,0.0,0.0
2014-03-27 00:00:00-04:00,89.890228960836,90.24180158484786,89.34689222194098,89.51468658447266,2039500,0.0,0.0
2014-03-28 00:00:00-04:00,89.77038546726708,90.12195813578542,88.81155867539971,89.21906280517578,2795500,0.0,0.0
2014-03-31 00:00:00-04:00,89.4428020874549,89.71446748407062,89.14716083577925,89.23505401611328,2119500,0.0,0.0
2014-04-01 00:00:00-04:00,89.65853307154504,89.93020455531668,89.0992183932987,89.37887573242188,2566200,0.0,0.0
2014-04-02 00:00:00-04:00,89.41082184110813,89.49871500322111,88.64375923218081,89.13116455078125,3296800,0.0,0.0
2014-04-03 00:00:00-04:00,89.28297641401753,89.61057931354866,88.91542595585918,89.25101470947266,2328900,0.0,0.0
2014-04-04 00:00:00-04:00,89.450760931956,89.49071458225153,88.39604918250802,88.41203308105469,2716200,0.0,0.0
2014-04-07 00:00:00-04:00,88.47595576056564,88.7955605760353,88.180314600578,88.52389526367188,3119400,0.0,0.0
2014-04-08 00:00:00-04:00,88.34013322484131,90.08200661161813,88.19630859304975,90.0180892944336,3863900,0.0,0.0
2014-04-09 00:00:00-04:00,90.06603239592364,90.40162118478811,89.57862701854182,90.3297119140625,2899600,0.0,0.0
2014-04-10 00:00:00-04:00,91.18468304043634,91.44037065034973,89.44280929287842,89.55467224121094,3305100,0.0,0.0
2014-04-11 00:00:00-04:00,89.04329702138416,90.11398698287351,89.01133530813581,89.55467224121094,3097800,0.0,0.0
2014-04-14 00:00:00-04:00,89.88225518002469,90.28975934058604,89.11519246936788,89.93818664550781,2519000,0.0,0.0
2014-04-15 00:00:00-04:00,89.95415417813037,90.25778120748966,89.05125284754506,89.53865814208984,2123700,0.0,0.0
2014-04-16 00:00:00-04:00,90.1299517418441,90.80112928926552,89.70646370331714,90.6812744140625,2455000,0.0,0.0
2014-04-17 00:00:00-04:00,90.70523256389116,91.11273664901123,90.38562773234038,90.68925476074219,1659000,0.0,0.0
2014-04-21 00:00:00-04:00,90.6972644272108,91.16868591308594,90.60937125254381,91.16868591308594,1826800,0.0,0.0
2014-04-22 00:00:00-04:00,91.0887705199544,91.27254879187144,90.69725031847922,90.73719787597656,2315100,0.0,0.0
2014-04-23 00:00:00-04:00,90.67331149528981,91.87983421492582,90.55345658976952,91.72003173828125,1991200,0.0,0.0
2014-04-24 00:00:00-04:00,91.80791794811653,92.13551482914929,91.200657610111,91.91178894042969,1939300,0.0,0.0
2014-04-25 00:00:00-04:00,91.76792042456385,92.12748494193353,91.24855351907678,91.89576721191406,1721200,0.0,0.0
2014-04-28 00:00:00-04:00,91.96773257266105,93.17426145615373,91.96773257266105,92.3592529296875,3018800,0.0,0.0
2014-04-29 00:00:00-04:00,92.19143644673639,92.64688012753861,92.01565619301296,92.2074203491211,1580300,0.0,0.0
2014-04-30 00:00:00-04:00,91.91978475001822,92.49508340005369,91.69605885190965,92.43115997314453,1633800,0.0,0.0
2014-05-01 00:00:00-04:00,92.43111305800407,92.68680053978825,91.83983689939134,92.3352279663086,1168000,0.0,0.0
2014-05-02 00:00:00-04:00,92.79868465790649,92.79868465790649,91.93573692347643,92.00765228271484,1321100,0.0,0.0
2014-05-05 00:00:00-04:00,91.93573689539055,91.93573689539055,91.03284160261214,91.48029327392578,1398000,0.0,0.0
2014-05-06 00:00:00-04:00,91.31252913953769,91.48032357185318,90.10600030213726,90.15394592285156,1945300,0.0,0.0
2014-05-07 00:00:00-04:00,90.15393153657233,90.36167350757991,89.17912071727895,89.47476196289062,2950600,0.0,0.0
2014-05-08 00:00:00-04:00,90.3536593077641,91.74395972900176,90.26576615680537,91.67205047607422,2556900,0.0,0.0
2014-05-09 00:00:00-04:00,91.52823960198396,92.42314295168244,91.32848351913027,92.19941711425781,1954600,0.0,0.0
2014-05-12 00:00:00-04:00,92.51104695085867,93.41394845259249,92.35124450428818,93.0943374633789,1940500,0.0,0.0
2014-05-13 00:00:00-04:00,92.94252597207256,93.16625184797716,92.75076180645046,92.9185562133789,1229400,0.0,0.0
2014-05-14 00:00:00-04:00,92.75425640440618,93.05079680855826,92.05697432121013,92.27336883544922,1255300,0.355,0.0
2014-05-15 00:00:00-04:00,91.9768376370417,92.00889721916356,91.06316094815884,91.64823150634766,1883200,0.0,0.0
2014-05-16 00:00:00-04:00,91.83252893329109,92.8263510478145,91.6562043727856,92.65804290771484,2145300,0.0,0.0
2014-05-19 00:00:00-04:00,92.2413160283526,93.41146934299826,92.06499750349548,93.26720428466797,2212800,0.0,0.0
2014-05-20 00:00:00-04:00,92.8023427154061,93.0588132319714,92.15315305794942,92.27336883544922,2126900,0.0,0.0
2014-05-21 00:00:00-04:00,92.24934732387264,92.42567199189496,91.49596844424212,91.78449249267578,1712700,0.0,0.0
2014-05-22 00:00:00-04:00,91.79245332457589,92.16914559362081,91.68826431781892,91.95275115966797,1059900,0.0,0.0
2014-05-23 00:00:00-04:00,92.22526751967267,92.28938666706686,91.77644571739022,92.12107849121094,1100300,0.0,0.0
2014-05-27 00:00:00-04:00,92.16916404765668,92.34548864419294,91.06313628039062,91.26350402832031,2583900,0.0,0.0
2014-05-28 00:00:00-04:00,91.36770723800753,92.12910235242852,91.33564765959389,91.56005859375,2388800,0.0,0.0
2014-05-29 00:00:00-04:00,91.83257636614773,92.32147431289505,90.9750023818884,91.47992706298828,2976700,0.0,0.0
2014-05-30 00:00:00-04:00,91.85660794813894,93.0427818124221,91.3757264865447,92.98667907714844,2622400,0.0,0.0
2014-06-02 00:00:00-04:00,92.84242747291583,93.08287129590452,92.60198976466758,92.71419525146484,1082100,0.0,0.0
2014-06-03 00:00:00-04:00,92.54588231211473,92.97066107833838,92.38558440003214,92.57794189453125,1127400,0.0,0.0
2014-06-04 00:00:00-04:00,92.40160312705426,93.36336599360497,92.38557028092622,93.21910095214844,1293000,0.0,0.0
2014-06-05 00:00:00-04:00,93.77213418559663,94.5255191007277,93.54772321889553,94.37323760986328,2614300,0.0,0.0
2014-06-06 00:00:00-04:00,94.32512423642554,94.76592961893635,94.23696193697569,94.75791931152344,1664800,0.0,0.0
2014-06-09 00:00:00-04:00,94.74190303856463,95.25484408067972,94.14881610513272,94.39727020263672,1623100,0.0,0.0
2014-06-10 00:00:00-04:00,94.06864973115731,94.3571797688645,93.69195739777636,93.85224914550781,1089100,0.0,0.0
2014-06-11 00:00:00-04:00,93.33932664031427,93.72403547144498,92.95462392392297,93.16300201416016,1117100,0.0,0.0
2014-06-12 00:00:00-04:00,93.07483093543253,93.31527469658703,92.22527357823402,92.52182006835938,1423400,0.0,0.0
2014-06-13 00:00:00-04:00,92.73020574724002,92.73020574724002,91.90469147547792,92.40962219238281,1230000,0.0,0.0
2014-06-16 00:00:00-04:00,92.42565451615457,92.5378599900911,92.12910798375674,92.5138168334961,1503100,0.0,0.0
2014-06-17 00:00:00-04:00,92.48974579649514,92.80231896748667,92.28136164425482,92.52981567382812,1505800,0.0,0.0
2014-06-18 00:00:00-04:00,92.69816566894329,93.24316023679224,92.2252944621905,93.18705749511719,2113100,0.0,0.0
2014-06-19 00:00:00-04:00,93.42749310495539,93.43550952870208,92.79433015323912,93.17903900146484,1635800,0.0,0.0
2014-06-20 00:00:00-04:00,93.4915933306248,93.4915933306248,92.24129441316865,92.45769500732422,2958000,0.0,0.0
2014-06-23 00:00:00-04:00,92.32947191385618,92.4256506509538,91.77646099107842,92.34550476074219,1501600,0.0,0.0
2014-06-24 00:00:00-04:00,92.59395447741657,93.37939883973301,92.23329493114485,93.21910095214844,1906600,0.0,0.0
2014-06-25 00:00:00-04:00,92.97066295286777,93.33132256153021,92.71419240310463,93.18705749511719,1188700,0.0,0.0
2014-06-26 00:00:00-04:00,93.16301040240661,93.3713946261458,92.39359878560803,92.68212890625,1252100,0.0,0.0
2014-06-27 00:00:00-04:00,92.67408746736814,92.7702661865347,92.17717937185336,92.56188201904297,2477300,0.0,0.0
2014-06-30 00:00:00-04:00,92.66608500686668,93.04277126400459,92.24931663659241,92.29740905761719,1386600,0.0,0.0
2014-07-01 00:00:00-04:00,92.60196595049791,92.73019813897182,92.0890249671246,92.52182006835938,1501700,0.0,0.0
2014-07-02 00:00:00-04:00,92.36954338452729,92.89851724050263,92.36954338452729,92.77027893066406,1122200,0.0,0.0
2014-07-03 00:00:00-04:00,92.85841015875307,93.44348043602618,92.81032386602847,93.25112915039062,976000,0.0,0.0
2014-07-07 00:00:00-04:00,93.23511297889114,93.3633451455854,92.8744473984168,93.22709655761719,1576900,0.0,0.0
2014-07-08 00:00:00-04:00,93.33130533925005,94.29307430944324,93.05880810560907,94.14079284667969,2584200,0.0,0.0
2014-07-09 00:00:00-04:00,94.22519835290505,94.85223990455034,94.14480951123073,94.79596710205078,2328100,0.355,0.0
2014-07-10 00:00:00-04:00,94.45832721133876,95.374773469791,94.45832721133876,94.92459106445312,2266400,0.0,0.0
2014-07-11 00:00:00-04:00,94.9648113509171,95.06128166714261,94.12875367679422,94.86834716796875,1684700,0.0,0.0
2014-07-14 00:00:00-04:00,95.02910141962292,95.25419263526669,94.29755496878064,94.34578704833984,1695500,0.0,0.0
2014-07-15 00:00:00-04:00,94.98894384452812,95.06129198959549,94.20111817633152,94.71561431884766,2634200,0.0,0.0
2014-07-16 00:00:00-04:00,94.93263477631137,95.21400493995722,94.58696334848246,94.73970031738281,1531200,0.0,0.0
2014-07-17 00:00:00-04:00,94.33772505439782,94.49046811626502,93.7187243509387,93.88754272460938,1433300,0.0,0.0
2014-07-18 00:00:00-04:00,94.3136311787032,94.69950621866343,93.7428624098287,94.6512680053711,2148600,0.0,0.0
2014-07-21 00:00:00-04:00,94.4020675622215,94.78794263003704,93.94384436915837,94.08854675292969,1334400,0.0,0.0
2014-07-22 00:00:00-04:00,94.28148613204137,94.89245246571414,94.1367837407314,94.49854278564453,1769000,0.0,0.0
2014-07-23 00:00:00-04:00,94.38599679672686,94.66736085282827,94.27344504100986,94.53069305419922,1155200,0.0,0.0
2014-07-24 00:00:00-04:00,94.45834333773807,95.08538497601756,94.42618656997037,94.97283935546875,1347700,0.0,0.0
2014-07-25 00:00:00-04:00,94.82813892884828,94.8844117402868,94.11266769772581,94.49854278564453,1543700,0.0,0.0
2014-07-28 00:00:00-04:00,94.41008760507492,94.58694671685984,93.90362630618634,94.15283966064453,1402600,0.0,0.0
2014-07-29 00:00:00-04:00,95.6079096796066,96.1465216720194,95.28634817569841,95.58379364013672,2544900,0.0,0.0
2014-07-30 00:00:00-04:00,95.49538490325011,95.72047616510142,94.4101199574516,95.0050048828125,2024900,0.0,0.0
2014-07-31 00:00:00-04:00,94.49049377441406,95.13361068684885,94.2814778645667,94.49049377441406,2476800,0.0,0.0
2014-08-01 00:00:00-04:00,94.6994941872802,95.12556052869817,94.42616479093522,94.76380157470703,2089500,0.0,0.0
2014-08-04 00:00:00-04:00,94.49853389335709,95.16576684240549,94.1448156071561,94.98087310791016,1683800,0.0,0.0
2014-08-05 00:00:00-04:00,94.45835711123534,95.02108529603395,94.28953865579577,94.90050506591797,1798600,0.0,0.0
2014-08-06 00:00:00-04:00,94.82008449142307,96.44396732943476,94.69950429383233,96.13848114013672,2859800,0.0,0.0
2014-08-07 00:00:00-04:00,95.03715315898522,95.66419479903281,94.43422756151232,94.69951629638672,2698200,0.0,0.0
2014-08-08 00:00:00-04:00,94.82811647854818,95.98573533496474,94.7075301587923,95.79280090332031,2319900,0.0,0.0
2014-08-11 00:00:00-04:00,95.98575044209443,96.07418001494828,95.42301623909026,95.80889129638672,1227600,0.0,0.0
2014-08-12 00:00:00-04:00,95.47927775029372,95.88122807633958,95.30242475878474,95.6722183227539,1082100,0.0,0.0
2014-08-13 00:00:00-04:00,95.6641681857076,95.74455701635158,95.06124275596574,95.37476348876953,1449700,0.0,0.0
2014-08-14 00:00:00-04:00,95.27028909906295,95.8812493140221,95.10950525306588,95.87321472167969,1067900,0.0,0.0
2014-08-15 00:00:00-04:00,96.39573444474951,96.42788507498796,94.68342205396526,95.3185043334961,2019900,0.0,0.0
2014-08-18 00:00:00-04:00,95.66418012013263,96.21083282329298,95.62398263315855,96.03397369384766,1232900,0.0,0.0
2014-08-19 00:00:00-04:00,95.96966499961681,97.07101118543495,95.85711939035373,96.95846557617188,1708900,0.0,0.0
2014-08-20 00:00:00-04:00,96.82986144172745,97.4569092988536,96.54045662560065,97.19966125488281,1287200,0.0,0.0
2014-08-21 00:00:00-04:00,97.10316197761581,97.9794107577381,97.04688917644535,97.77040100097656,1544300,0.0,0.0
2014-08-22 00:00:00-04:00,97.99551459042449,98.12413553679083,97.39258895447021,97.50513458251953,1401400,0.0,0.0
2014-08-25 00:00:00-04:00,97.90708708535401,98.07590553101252,97.36847497778489,97.58552551269531,1097300,0.0,0.0
2014-08-26 00:00:00-04:00,97.61764395127246,97.74626484986359,97.15942088348159,97.34431457519531,1385400,0.0,0.0
2014-08-27 00:00:00-04:00,97.73825712454399,97.73825712454399,97.13533154682217,97.46492767333984,1028200,0.0,0.0
2014-08-28 00:00:00-04:00,97.28004342765908,97.47297791404775,97.03082999391044,97.24788665771484,799400,0.0,0.0
2014-08-29 00:00:00-04:00,97.81864293145253,97.81864293145253,96.93435333829565,97.3363037109375,1047300,0.0,0.0
2014-09-02 00:00:00-04:00,97.27199312977905,97.77844840669022,97.19160427946751,97.72217559814453,1469900,0.0,0.0
2014-09-03 00:00:00-04:00,97.83470873339425,98.02764930945776,97.36041028377436,97.5533447265625,1901000,0.0,0.0
2014-09-04 00:00:00-04:00,98.87980439244629,100.62426776218027,98.52608605636134,100.60819244384766,4440300,0.0,0.0
2014-09-05 00:00:00-04:00,100.51975382017326,102.11951464794166,100.25446509196674,102.10343933105469,2910600,0.0,0.0
2014-09-08 00:00:00-04:00,102.13559324777687,102.3526437527128,101.50051091613142,101.77383422851562,2057400,0.0,0.0
2014-09-09 00:00:00-04:00,101.40404463111722,101.68540867949464,101.0824830901389,101.37992858886719,1500500,0.0,0.0
2014-09-10 00:00:00-04:00,101.54070724149634,101.68540962962483,101.18699506306379,101.42816162109375,1014900,0.0,0.0
2014-09-11 00:00:00-04:00,101.42009182150922,101.71753108648554,101.00206011946668,101.24323272705078,1511200,0.0,0.0
2014-09-12 00:00:00-04:00,101.49248764506089,101.49248764506089,100.5036868489661,100.7850570678711,1598300,0.0,0.0
2014-09-15 00:00:00-04:00,100.9458192512406,101.71756325297707,100.84934895104497,101.05836486816406,1615300,0.0,0.0
2014-09-16 00:00:00-04:00,100.96991465207441,101.92655833363708,100.90560113175803,101.63715362548828,1684400,0.0,0.0
2014-09-17 00:00:00-04:00,101.3155977142257,101.74166407645988,101.0261929902034,101.29952239990234,1594000,0.0,0.0
2014-09-18 00:00:00-04:00,101.46030391679741,101.9346085065059,101.25932874713418,101.67736053466797,1401500,0.0,0.0
2014-09-19 00:00:00-04:00,102.3285102629054,102.3285102629054,101.66931200236738,101.69342803955078,3018500,0.0,0.0
2014-09-22 00:00:00-04:00,101.588961051814,101.69346596300565,100.95387859162487,101.15485382080078,1453700,0.0,0.0
2014-09-23 00:00:00-04:00,101.25933588539787,101.28345192613345,100.656410333905,100.8975830078125,1563100,0.0,0.0
2014-09-24 00:00:00-04:00,101.36383025637589,102.72242432076548,100.95384533985586,102.59380340576172,2076300,0.0,0.0
2014-09-25 00:00:00-04:00,102.4571501918903,102.5375451751257,100.96993500117698,101.01817321777344,1819900,0.0,0.0
2014-09-26 00:00:00-04:00,100.81720987880925,101.02621968662042,99.98918684038131,100.92171478271484,2045300,0.0,0.0
2014-09-29 00:00:00-04:00,100.51171057398807,100.96993375972579,100.31073538492282,100.74484252929688,1171000,0.0,0.0
2014-09-30 00:00:00-04:00,100.37504891740994,100.96993375972579,100.30269466004292,100.74484252929688,1665300,0.0,0.0
2014-10-01 00:00:00-04:00,100.68857213829067,101.03424971711046,100.04544906453602,100.29466247558594,1408700,0.0,0.0
2014-10-02 00:00:00-04:00,100.47955758158867,101.46031752238696,100.34289591987776,101.1226806640625,1545800,0.0,0.0
2014-10-03 00:00:00-04:00,101.45227629184046,102.61793610635826,101.29953931380287,102.1677474975586,1770300,0.0,0.0
2014-10-06 00:00:00-04:00,102.54556895345408,102.63399851906729,101.23521305079318,101.4603042602539,1907500,0.0,0.0
2014-10-07 00:00:00-04:00,100.76895678085654,101.15483183564957,100.2866175623222,100.70464324951172,2334100,0.0,0.0
2014-10-08 00:00:00-04:00,103.06008618113728,103.66301181667423,102.22403469714291,103.48615264892578,4262500,0.0,0.0
2014-10-09 00:00:00-04:00,103.07616160939548,105.10199506105364,103.05204556670752,103.2289047241211,2962700,0.0,0.0
2014-10-10 00:00:00-04:00,103.10828396569902,105.64057815240409,103.10828396569902,103.6227798461914,3353000,0.0,0.0
2014-10-13 00:00:00-04:00,103.35751984221946,103.58261105897576,102.00696027513038,102.07127380371094,2445200,0.0,0.0
2014-10-14 00:00:00-04:00,102.49733031622254,102.88320531723053,100.70462921283503,101.4924545288086,4003500,0.0,0.0
2014-10-15 00:00:00-04:00,100.56799032147342,101.05032958185951,99.10489108944562,99.92487335205078,3784300,0.0,0.0
2014-10-16 00:00:00-04:00,98.62254148222502,99.5631038612917,98.11608623194508,98.83959197998047,3542900,0.0,0.0
2014-10-17 00:00:00-04:00,99.49879357510477,101.090519765885,99.02449507445004,100.20623016357422,3198900,0.0,0.0
2014-10-20 00:00:00-04:00,100.35093757054844,103.59869138049264,100.20623518232112,103.2369384765625,3499800,0.0,0.0
2014-10-21 00:00:00-04:00,103.65495378642947,105.02961705535456,103.03594683927541,104.732177734375,2105600,0.0,0.0
2014-10-22 00:00:00-04:00,104.95729696737753,105.7853138927469,104.76436860670363,104.94121551513672,1880000,0.0,0.0
2014-10-23 00:00:00-04:00,105.33510253049938,105.69685537429923,104.78845596947748,104.98138427734375,1763600,0.0,0.0
2014-10-24 00:00:00-04:00,103.36557609452915,104.9412149420126,103.34949464237616,104.86083221435547,2490300,0.0,0.0
2014-10-27 00:00:00-04:00,103.89616401226627,105.52003511213658,103.89616401226627,105.24671173095703,1629600,0.0,0.0
2014-10-28 00:00:00-04:00,105.28687429402052,105.71294067816739,104.63571669811877,105.35922241210938,1439700,0.0,0.0
2014-10-29 00:00:00-04:00,105.54412066544293,106.11489557681303,105.25471591411683,106.0586166381836,1705800,0.0,0.0
2014-10-30 00:00:00-04:00,105.71297939558674,107.16803821397217,105.57631770029394,106.91883087158203,1302100,0.0,0.0
2014-10-31 00:00:00-04:00,108.08445421788228,108.12465170900273,106.68567475268628,107.21623992919922,2373900,0.0,0.0
2014-11-03 00:00:00-05:00,107.57799020504152,107.9558122229764,107.21622510154046,107.93974304199219,1947000,0.0,0.0
2014-11-04 00:00:00-05:00,108.2130822290488,109.90931333012612,107.7146676811429,109.77265167236328,2802500,0.0,0.0
2014-11-05 00:00:00-05:00,110.5283031817065,110.78554500737006,109.35460285244393,109.73243713378906,2116800,0.0,0.0
2014-11-06 00:00:00-05:00,110.44790634434963,110.67299753795686,109.81283024807566,110.20673370361328,1685900,0.0,0.0
2014-11-07 00:00:00-05:00,110.17459986994245,110.8659550032773,109.74853345520084,110.7051773071289,1589400,0.0,0.0
2014-11-10 00:00:00-05:00,110.81769105242817,110.8498416757913,109.31438874604895,110.6890640258789,1958000,0.0,0.0
2014-11-11 00:00:00-05:00,110.76143512844078,110.8980967725721,109.8610702887281,110.17459106445312,1495500,0.0,0.0
2014-11-12 00:00:00-05:00,110.17862562130647,110.70252552597441,109.73532948609774,110.3398208618164,1910200,0.355,0.0
2014-11-13 00:00:00-05:00,110.93622404535269,111.83892696456934,110.69442510673254,111.79863739013672,2235900,0.0,0.0
2014-11-14 00:00:00-05:00,111.97595064370385,111.97595064370385,111.28281249962002,111.6132583618164,1598600,0.0,0.0
2014-11-17 00:00:00-05:00,110.58969112289371,111.62941091068974,110.58969112289371,111.60523223876953,1228100,0.0,0.0
2014-11-18 00:00:00-05:00,111.61331766608656,112.30646847687265,111.25868065148732,112.20169830322266,1574600,0.0,0.0
2014-11-19 00:00:00-05:00,112.10492008854449,112.95121034168452,112.10492008854449,112.84642791748047,1362600,0.0,0.0
2014-11-20 00:00:00-05:00,112.0807393332659,112.84642581530734,112.04850521017637,112.23387908935547,1518300,0.0,0.0
2014-11-21 00:00:00-05:00,113.48314730787388,113.50732597134133,112.21773986052274,112.61267852783203,1849200,0.0,0.0
2014-11-24 00:00:00-05:00,112.29836951233568,112.83032482815433,112.18553162398695,112.67718505859375,1645800,0.0,0.0
2014-11-25 00:00:00-05:00,112.9189946516825,113.12049177825693,111.82284979118117,111.92761993408203,1865800,0.0,0.0
2014-11-26 00:00:00-05:00,112.43535901992607,113.54762672206424,112.06459901974517,112.63685607910156,1631900,0.0,0.0
2014-11-28 00:00:00-05:00,113.88619957893609,115.23219915895943,113.08826638188282,114.54710388183594,1442600,0.0,0.0
2014-12-01 00:00:00-05:00,115.51426846940979,115.51426846940979,113.86198971709182,114.43423461914062,1952100,0.0,0.0
2014-12-02 00:00:00-05:00,114.79694890009276,115.53846922503891,114.25693802093298,115.30472564697266,1765400,0.0,0.0
2014-12-03 00:00:00-05:00,115.2402162064382,115.4981383936852,114.43422781890155,115.00648498535156,1793900,0.0,0.0
2014-12-04 00:00:00-05:00,115.65126114902246,115.65126114902246,114.46645740969151,115.27244567871094,1315900,0.0,0.0
2014-12-05 00:00:00-05:00,115.40143012510285,115.50621256795282,114.41813544749914,115.45785522460938,1198000,0.0,0.0
2014-12-08 00:00:00-05:00,115.29665945501576,115.29665945501576,114.41006716973219,114.71634674072266,1945100,0.0,0.0
2014-12-09 00:00:00-05:00,114.55515687114922,115.36114542342993,113.54767118079832,115.2885971069336,2090300,0.0,0.0
2014-12-10 00:00:00-05:00,116.81999025465306,118.33525276596454,112.35480650049865,113.03990173339844,4910300,0.0,0.0
2014-12-11 00:00:00-05:00,113.71693125441844,114.99845020646144,113.37841751039257,113.974853515625,2401300,0.0,0.0
2014-12-12 00:00:00-05:00,112.83032820911414,113.93452845664324,111.08939019521722,111.12969207763672,3663400,0.0,0.0
2014-12-15 00:00:00-05:00,111.75029492317948,112.43539003270608,110.46877622496223,111.37954711914062,2451200,0.0,0.0
2014-12-16 00:00:00-05:00,111.65357202928439,112.27418654062244,110.05771844139352,110.6702651977539,2470100,0.0,0.0
2014-12-17 00:00:00-05:00,110.67027027563844,112.53210159667202,110.24309738805964,112.29837036132812,2428500,0.0,0.0
2014-12-18 00:00:00-05:00,112.98347309749587,114.09574127197266,112.26614375414441,114.09574127197266,2903400,0.0,0.0
2014-12-19 00:00:00-05:00,114.04737903909347,114.85336758353937,113.91036246234678,114.26499938964844,4030000,0.0,0.0
2014-12-22 00:00:00-05:00,114.72438749329727,115.4739631108504,114.32946104280806,115.42560577392578,1776900,0.0,0.0
2014-12-23 00:00:00-05:00,116.489507078675,116.84414395645632,115.79635653530447,116.1832275390625,1459700,0.0,0.0
2014-12-24 00:00:00-05:00,116.51374147171784,116.76359603735737,115.73999909415107,115.78028869628906,738700,0.0,0.0
2014-12-26 00:00:00-05:00,115.74802427773297,115.95757688800677,115.3208513001374,115.61100769042969,1233100,0.0,0.0
2014-12-29 00:00:00-05:00,115.53840985478249,115.94140394245399,115.0467565758871,115.53034210205078,1356400,0.0,0.0
2014-12-30 00:00:00-05:00,115.25636731941613,116.13489192288984,115.25636731941613,115.65130615234375,1158800,0.0,0.0
2014-12-31 00:00:00-05:00,115.65128755595329,116.16711967397067,114.20050588077694,114.24886322021484,1477900,0.0,0.0
2015-01-02 00:00:00-05:00,114.34556175709325,115.3772258474895,113.49121608520942,114.1360092163086,1471000,0.0,0.0
2015-01-05 00:00:00-05:00,114.20050902657012,114.57932459381243,112.67719130027524,112.83838653564453,1748500,0.0,0.0
2015-01-06 00:00:00-05:00,113.33005278273393,115.20800761774625,112.71750589986333,114.32948303222656,3185200,0.0,0.0
2015-01-07 00:00:00-05:00,114.93395043686111,116.40889838212429,114.74050879397738,116.32025146484375,2171600,0.0,0.0
2015-01-08 00:00:00-05:00,117.31969451904297,117.75493523483375,116.81998554012205,117.31969451904297,2937700,0.0,0.0
2015-01-09 00:00:00-05:00,116.44918881164249,116.9086080564156,115.43364795777325,115.51425170898438,1727000,0.0,0.0
2015-01-12 00:00:00-05:00,115.72382210003383,116.19129687269503,114.54707356217529,114.86947631835938,1344800,0.0,0.0
2015-01-13 00:00:00-05:00,114.61155132828138,116.39279115499129,113.15271424992098,113.71690368652344,2198500,0.0,0.0
2015-01-14 00:00:00-05:00,112.84642357279724,113.0076310802604,111.41983305931599,112.28223419189453,2207900,0.0,0.0
2015-01-15 00:00:00-05:00,112.79806623992073,112.97538465940532,111.72610026700252,112.28223419189453,1819600,0.0,0.0
2015-01-16 00:00:00-05:00,112.06460012629252,112.80612013397621,111.40369616084133,112.61267852783203,1784800,0.0,0.0
2015-01-20 00:00:00-05:00,113.41868264118406,113.86197869745091,111.516549625717,112.33866119384766,1836100,0.0,0.0
2015-01-21 00:00:00-05:00,111.91150952710325,112.59659238152278,111.53269394355004,112.1452407836914,1682000,0.0,0.0
2015-01-22 00:00:00-05:00,112.43536627951374,113.87002444960214,111.54071878707387,113.86196899414062,1897500,0.0,0.0
2015-01-23 00:00:00-05:00,114.11989391862807,114.7002065470135,113.53958129024265,114.49065399169922,1696800,0.0,0.0
2015-01-26 00:00:00-05:00,114.17633697932546,115.29666053298075,114.10380096396283,115.18382263183594,1482800,0.0,0.0
2015-01-27 00:00:00-05:00,115.05484189204648,115.09514377095446,113.5395797936348,113.63630676269531,1786500,0.0,0.0
2015-01-28 00:00:00-05:00,114.12799370554175,114.81307665466115,112.48377003083448,112.5321273803711,2016300,0.0,0.0
2015-01-29 00:00:00-05:00,112.96733890525896,113.39451178022935,111.9598533891199,113.35420989990234,1873400,0.0,0.0
2015-01-30 00:00:00-05:00,115.32886721080827,115.90112433651964,113.91838763303033,115.24827575683594,5169000,0.0,0.0
2015-02-02 00:00:00-05:00,116.06232441941353,117.85967502763259,112.94315338613185,117.67430114746094,4797500,0.0,0.0
2015-02-03 00:00:00-05:00,117.96446160410599,124.03355321503146,116.68294301180215,123.92071533203125,10302900,0.0,0.0
2015-02-04 00:00:00-05:00,122.57470090398571,126.41926849977753,122.56664544849289,125.66969299316406,11006300,0.0,0.0
2015-02-05 00:00:00-05:00,124.4872956172712,125.81960620454737,122.83857111255487,124.14588928222656,6986700,5.0,0.0
2015-02-06 00:00:00-05:00,124.24583228397672,124.86201550504076,123.37150417462585,123.82115173339844,2927400,0.0,0.0
2015-02-09 00:00:00-05:00,123.82114921925188,124.20419267001557,122.25569877847026,122.855224609375,2740200,0.0,0.0
2015-02-10 00:00:00-05:00,123.22996287238026,123.63797338760826,122.40559409315418,123.42147827148438,1703400,0.0,0.0
2015-02-11 00:00:00-05:00,123.8596602003245,123.9347792506396,122.32383351309242,123.08340454101562,2295800,0.355,0.0
2015-02-12 00:00:00-05:00,123.5424737889117,123.85966009400514,122.58258529430557,123.33380126953125,1712200,0.0,0.0
2015-02-13 00:00:00-05:00,123.72608894128784,124.20186833092708,122.64934449917706,122.78289794921875,1926800,0.0,0.0
2015-02-17 00:00:00-05:00,122.69947611455974,123.20863771537402,121.58099415092296,123.14186096191406,1541500,0.0,0.0
2015-02-18 00:00:00-05:00,122.83298152206885,123.10007569495554,122.30712275471652,122.89140319824219,1541000,0.0,0.0
2015-02-19 00:00:00-05:00,122.61597877069303,123.12514027509502,122.24872580074953,122.42400360107422,1273700,0.0,0.0
2015-02-20 00:00:00-05:00,122.42400065961932,123.35884953585231,121.78128568902879,123.15017700195312,1595600,0.0,0.0
2015-02-23 00:00:00-05:00,123.53415150222311,123.91811460413466,122.72450097684688,123.85968017578125,1587300,0.0,0.0
2015-02-24 00:00:00-05:00,124.68595895343712,124.7026435782647,123.53408302259291,123.7093734741211,1844200,0.0,0.0
2015-02-25 00:00:00-05:00,123.28368466037342,124.03491314502303,122.85799743452117,123.10005187988281,1602700,0.0,0.0
2015-02-26 00:00:00-05:00,122.7578915713951,123.20861866711245,122.03170245001515,122.40731048583984,1892600,0.0,0.0
2015-02-27 00:00:00-05:00,123.16685249316336,123.16685249316336,121.7228423812562,122.66604614257812,3036200,0.0,0.0
2015-03-02 00:00:00-05:00,122.96653558785417,123.94312134896339,122.96653558785417,123.48403930664062,2108600,0.0,0.0
2015-03-03 00:00:00-05:00,123.48408800660687,123.651023523372,122.41568541567378,123.00830841064453,1514300,0.0,0.0
2015-03-04 00:00:00-05:00,123.40057994369464,123.51743604693003,121.68112039479101,122.84133911132812,2208600,0.0,0.0
2015-03-05 00:00:00-05:00,125.8462513731784,126.66424424429123,124.36884607841445,126.18012237548828,4471100,0.0,0.0
2015-03-06 00:00:00-05:00,124.61088465618131,125.32871868177048,123.6760357805715,124.8195571899414,3014900,0.0,0.0
2015-03-09 00:00:00-04:00,125.02822161333633,126.0298598994988,124.82790414519172,125.7710952758789,1727900,0.0,0.0
2015-03-10 00:00:00-04:00,124.99484835651847,125.3287193176844,123.65933903913323,123.66769409179688,2128100,0.0,0.0
2015-03-11 00:00:00-04:00,123.8095936714738,124.36049223696104,122.98324582324295,123.0333251953125,1734300,0.0,0.0
2015-03-12 00:00:00-04:00,123.8512994124327,124.90300416906351,123.03329408758411,124.73606872558594,1564000,0.0,0.0
2015-03-13 00:00:00-04:00,124.44398400161558,125.12843621734315,123.65937301728952,124.60257720947266,1470100,0.0,0.0
2015-03-16 00:00:00-04:00,124.96981288890146,126.03821528432326,124.60254717740749,125.19518280029297,2532700,0.0,0.0
2015-03-17 00:00:00-04:00,124.694345024469,125.37044192153657,123.89303697912567,125.22854614257812,1972500,0.0,0.0
2015-03-18 00:00:00-04:00,125.20352635454744,126.56407541656914,123.74281854707772,125.97978210449219,2772500,0.0,0.0
2015-03-19 00:00:00-04:00,126.03825270878554,126.45559791643052,125.47066933984355,126.29700469970703,1862900,0.0,0.0
2015-03-20 00:00:00-04:00,126.98142135307722,127.83279616779802,126.66423500855689,127.36537170410156,5859300,0.0,0.0
2015-03-23 00:00:00-04:00,127.83275694795772,128.17498287401048,127.45714902889473,127.64912414550781,1665900,0.0,0.0
2015-03-24 00:00:00-04:00,127.6658468473634,128.7342491447353,127.61576747973034,127.8244400024414,1637000,0.0,0.0
2015-03-25 00:00:00-04:00,128.16665481593233,128.5088807800512,126.11331176757812,126.11331176757812,2266800,0.0,0.0
2015-03-26 00:00:00-04:00,124.63591574310462,125.84621368446803,124.51070460246518,125.25357818603516,1554800,0.0,0.0
2015-03-27 00:00:00-04:00,125.37877988121019,126.22181212469471,125.2201867568297,125.59579467773438,1329900,0.0,0.0
2015-03-30 00:00:00-04:00,125.96306148416022,127.36533446525556,125.87124508161058,127.18170166015625,1463800,0.0,0.0
2015-03-31 00:00:00-04:00,126.73934272697299,127.70758630733678,126.24687862081495,126.45555114746094,1886100,0.0,0.0
2015-04-01 00:00:00-04:00,126.73101637947903,126.7643983839501,124.95312215280012,125.40386199951172,1795000,0.0,0.0
2015-04-02 00:00:00-04:00,125.59585073659682,126.87292587950117,125.50403429394002,126.56409454345703,1095300,0.0,0.0
2015-04-06 00:00:00-04:00,126.34704113190413,127.57403664414115,125.70433890081668,127.29024505615234,1767600,0.0,0.0
2015-04-07 00:00:00-04:00,127.31524929691359,127.66581752618953,126.63915251642733,126.6892318725586,1391700,0.0,0.0
2015-04-08 00:00:00-04:00,127.0648618016084,127.43212745869823,126.19678976005372,126.87288665771484,1483000,0.0,0.0
2015-04-09 00:00:00-04:00,125.67929836853827,126.03820900921741,123.75950853172179,124.21023559570312,3401800,0.0,0.0
2015-04-10 00:00:00-04:00,124.70268494514004,125.22854373780974,124.05162774295803,124.90301513671875,1572900,0.0,0.0
2015-04-13 00:00:00-04:00,124.73610454673255,125.48732062629139,124.3104043968025,124.38553619384766,1120200,0.0,0.0
2015-04-14 00:00:00-04:00,124.36884447638893,125.28700882545748,123.3004419991249,124.80288696289062,1540800,0.0,0.0
2015-04-15 00:00:00-04:00,124.8529793473856,125.76278873766154,124.41059449756837,124.42729187011719,1404700,0.0,0.0
2015-04-16 00:00:00-04:00,124.16850103585132,124.2853571463682,122.62433191376125,122.79126739501953,2680600,0.0,0.0
2015-04-17 00:00:00-04:00,122.34885720156716,122.47405560239147,119.44413967521947,120.67113494873047,4369300,0.0,0.0
2015-04-20 00:00:00-04:00,122.40731915300725,122.9081383938088,121.65610302816728,122.12352752685547,2881900,0.0,0.0
2015-04-21 00:00:00-04:00,122.68277210227333,123.60093649220079,122.36559846095881,122.98326110839844,1616700,0.0,0.0
2015-04-22 00:00:00-04:00,123.47569993206126,123.47569993206126,122.09846636659654,122.68274688720703,1423500,0.0,0.0
2015-04-23 00:00:00-04:00,122.3655562916124,123.49238012398597,122.09010706955887,122.94983673095703,1351800,0.0,0.0
2015-04-24 00:00:00-04:00,122.97487026640788,123.8679818784147,122.59090729039187,123.63426971435547,1421100,0.0,0.0
2015-04-27 00:00:00-04:00,123.78452766887945,123.95980543385882,122.58257204930136,122.66604614257812,1717000,0.0,0.0
2015-04-28 00:00:00-04:00,122.6076288361287,122.85803841453748,121.9064922056723,122.37391662597656,1302100,0.0,0.0
2015-04-29 00:00:00-04:00,122.09772657689398,122.40740275691218,120.41540127825338,120.90922546386719,1719000,0.4,0.0
2015-04-30 00:00:00-04:00,120.39866932979572,121.27748147941077,119.3022230779661,119.72908782958984,2523200,0.0,0.0
2015-05-01 00:00:00-04:00,120.07223863013878,121.98053742208145,119.8713603679119,121.68759155273438,1504700,0.0,0.0
2015-05-04 00:00:00-04:00,121.68763389474253,122.37395861775951,121.03479527935023,121.98894500732422,1288800,0.0,0.0
2015-05-05 00:00:00-04:00,121.46159222120077,121.98052448411165,120.7669026722864,120.94267272949219,1769600,0.0,0.0
2015-05-06 00:00:00-04:00,121.65416283062456,122.06427187262639,120.53260808599457,121.16871643066406,1737300,0.0,0.0
2015-05-07 00:00:00-04:00,120.95942371027671,121.87172183496398,120.53255901671976,120.9928970336914,2564500,0.0,0.0
2015-05-08 00:00:00-04:00,122.1981576696855,123.50383457125649,122.03076548739266,122.09772491455078,1728700,0.0,0.0
2015-05-11 00:00:00-04:00,121.81314575997352,122.4743621298616,120.69160407552125,120.75019836425781,1905800,0.0,0.0
2015-05-12 00:00:00-04:00,120.52419990654298,121.36117351700507,120.0387536799305,120.58279418945312,1923900,0.0,0.0
2015-05-13 00:00:00-04:00,120.42377757537561,121.6039007620797,119.45288503817937,119.88811492919922,2135900,0.0,0.0
2015-05-14 00:00:00-04:00,120.63301617161741,120.63301617161741,118.45687957475322,119.35244750976562,3023400,0.0,0.0
2015-05-15 00:00:00-04:00,119.8713744191048,121.32771325575199,119.4696306187627,121.21890258789062,2357000,0.0,0.0
2015-05-18 00:00:00-04:00,121.1435672924707,121.60389257006436,120.56605344681581,121.41139221191406,1451700,0.0,0.0
2015-05-19 00:00:00-04:00,121.20212856114732,121.77964231034125,120.7836418178128,121.14354705810547,1332700,0.0,0.0
2015-05-20 00:00:00-04:00,121.41140846140405,121.41140846140405,119.90485317788789,120.09736633300781,1640900,0.0,0.0
2015-05-21 00:00:00-04:00,119.99691027477299,121.01801916785877,119.56169316420218,120.47399139404297,1539400,0.0,0.0
2015-05-22 00:00:00-04:00,120.4404981320997,121.16029595209936,120.02201132445349,120.25636291503906,1189500,0.0,0.0
2015-05-26 00:00:00-04:00,120.59118176286351,120.8673846382456,119.75420799668973,119.89649200439453,2477400,0.0,0.0
2015-05-27 00:00:00-04:00,120.21453029466362,121.8968427455424,119.77930041761869,121.71270751953125,2954100,0.0,0.0
2015-05-28 00:00:00-04:00,120.79205807141189,122.17305965433081,119.82116545357974,120.74182891845703,3206200,0.0,0.0
2015-05-29 00:00:00-04:00,120.34006343462359,120.48234741437275,118.65775109278547,119.34406280517578,3027100,0.0,0.0
2015-06-01 00:00:00-04:00,119.72909487596999,119.89648706807172,118.76656742177519,119.17668914794922,2182700,0.0,0.0
2015-06-02 00:00:00-04:00,118.82515700505202,119.41103603979704,117.9212238780718,118.34807586669922,1963500,0.0,0.0
2015-06-03 00:00:00-04:00,118.5740624068574,119.27711724894044,118.16394069670638,118.95907592773438,1858200,0.0,0.0
2015-06-04 00:00:00-04:00,118.3229666227389,119.26875098045726,117.45251960333454,117.72034454345703,2898600,0.0,0.0
2015-06-05 00:00:00-04:00,117.79569425796295,117.85427578146758,116.12174669990797,116.15522003173828,3203200,0.0,0.0
2015-06-08 00:00:00-04:00,116.26405623652526,116.26405623652526,115.51914992048876,115.54425811767578,1879700,0.0,0.0
2015-06-09 00:00:00-04:00,115.4354025164291,116.13845730662676,115.34333490548386,115.53583526611328,2039100,0.0,0.0
2015-06-10 00:00:00-04:00,115.7702281908242,117.12612173083257,115.71999903238802,116.69925689697266,1725600,0.0,0.0
2015-06-11 00:00:00-04:00,116.87495678601145,117.5696461913454,116.49832133693151,116.60713195800781,1342300,0.0,0.0
2015-06-12 00:00:00-04:00,116.38957166816947,116.59044997277036,115.92923353546308,116.15522003173828,1290700,0.0,0.0
2015-06-15 00:00:00-04:00,115.4521364937542,115.77019053770273,114.79092022040886,114.85787963867188,1939500,0.0,0.0
2015-06-16 00:00:00-04:00,114.8327801776487,115.70323990999799,114.79092894165427,115.4856185913086,1553600,0.0,0.0
2015-06-17 00:00:00-04:00,115.45213441514086,116.60716200977714,115.40191804514849,116.2388916015625,1508100,0.0,0.0
2015-06-18 00:00:00-04:00,116.74947160596004,118.09699983838978,116.52348512019199,117.59481048583984,2074100,0.0,0.0
2015-06-19 00:00:00-04:00,117.67010011608076,118.41500601273849,117.32693791944467,117.42738342285156,2758200,0.0,0.0
2015-06-22 00:00:00-04:00,117.8793471972028,118.15554999065704,117.24325192122488,117.33531951904297,1415700,0.0,0.0
2015-06-23 00:00:00-04:00,117.54457046057142,117.92957115170464,116.7829214451862,116.88335418701172,1489400,0.0,0.0
2015-06-24 00:00:00-04:00,116.62389988045086,117.05912973406612,115.73670989626866,115.78692626953125,1965900,0.0,0.0
2015-06-25 00:00:00-04:00,115.87900401863936,117.1009912168529,115.01692214564405,115.04203033447266,1660900,0.0,0.0
2015-06-26 00:00:00-04:00,115.45214903440723,116.03802804384406,115.10898676773544,115.55258178710938,2248900,0.0,0.0
2015-06-29 00:00:00-04:00,114.67377613472897,115.35173564287408,113.54386916356722,113.56897735595703,1963200,0.0,0.0
2015-06-30 00:00:00-04:00,114.14646781660012,114.42267064721499,112.76545366352576,113.04165649414062,2454300,0.0,0.0
2015-07-01 00:00:00-04:00,113.65265645457022,114.30550770932742,113.44341302340095,114.2385482788086,1707000,0.0,0.0
2015-07-02 00:00:00-04:00,114.66538534903404,114.83277751793054,114.06276332404353,114.15483093261719,1148400,0.0,0.0
2015-07-06 00:00:00-04:00,113.11699679560962,114.53148447139557,113.04167222347101,113.72799682617188,2450400,0.0,0.0
2015-07-07 00:00:00-04:00,114.07952333160749,117.90448668289571,113.85353684583943,117.59481048583984,3790000,0.0,0.0
2015-07-08 00:00:00-04:00,117.15958791495827,117.61992605514038,116.565343674074,117.0926284790039,2917100,0.0,0.0
2015-07-09 00:00:00-04:00,118.3062304975973,118.4317714365748,115.25964692343393,116.71597290039062,3317600,0.0,0.0
2015-07-10 00:00:00-04:00,118.60755721770806,120.04714033623327,118.15558423517058,119.45289611816406,2846000,0.0,0.0
2015-07-13 00:00:00-04:00,120.40700208883948,121.41974559159206,120.10569113333636,120.57439422607422,1847800,0.0,0.0
2015-07-14 00:00:00-04:00,120.23126271269906,120.76692535121082,119.82115378754136,120.46561431884766,1512800,0.0,0.0
2015-07-15 00:00:00-04:00,120.46558989002327,120.67483326531021,119.62025125149677,120.21450805664062,1306700,0.0,0.0
2015-07-16 00:00:00-04:00,120.64976837256056,120.93434917117543,120.05552412539683,120.80043029785156,1148100,0.0,0.0
2015-07-17 00:00:00-04:00,120.62465002551501,121.26912337432569,119.82116239562629,121.09335327148438,1842100,0.0,0.0
2015-07-20 00:00:00-04:00,121.00966019602656,121.5536879975684,120.54095696309106,121.39466094970703,1243600,0.0,0.0
2015-07-21 00:00:00-04:00,121.52020226788443,121.6959595766972,120.88409414135148,121.31095886230469,1587800,0.0,0.0
2015-07-22 00:00:00-04:00,121.54535019652539,122.59993270783058,121.37795797157017,122.51624298095703,1612000,0.0,0.0
2015-07-23 00:00:00-04:00,122.90958220686369,123.03512314240494,121.67922995374332,121.86336517333984,1356100,0.0,0.0
2015-07-24 00:00:00-04:00,121.95544343574176,122.13956590021704,121.26911887162288,121.35282135009766,1272700,0.0,0.0
2015-07-27 00:00:00-04:00,121.17703155161364,121.26909915448459,120.13081459680886,120.73343658447266,1431300,0.0,0.0
2015-07-28 00:00:00-04:00,120.96777691283916,121.11006087291841,119.61188395227063,120.9845199584961,1376500,0.0,0.0
2015-07-29 00:00:00-04:00,121.1937911000526,122.83425235667093,121.1519398619215,121.67923736572266,1840500,0.0,0.0
2015-07-30 00:00:00-04:00,121.48672808093767,122.08098503037121,120.54095647941821,121.6122817993164,1392700,0.0,0.0
2015-07-31 00:00:00-04:00,122.3571878853582,122.3571878853582,121.36955227317397,121.6122817993164,1386700,0.0,0.0
2015-08-03 00:00:00-04:00,122.01403344521427,122.29023631795711,121.06824901168936,121.79642486572266,1328100,0.0,0.0
2015-08-04 00:00:00-04:00,121.45324322958012,122.04750012263533,120.68322902715641,121.22725677490234,1315300,0.0,0.0
2015-08-05 00:00:00-04:00,122.05588693082159,123.06861804495387,121.90522501055351,122.94307708740234,1687800,0.0,0.0
2015-08-06 00:00:00-04:00,123.1606886386441,123.52895915127763,122.18143083252673,122.56644439697266,1948000,0.0,0.0
2015-08-07 00:00:00-04:00,122.21489690989665,122.56642431311614,120.8171524359509,121.57878875732422,1228300,0.0,0.0
2015-08-10 00:00:00-04:00,122.44924564526981,122.85935455382221,121.93031330591975,122.40739440917969,1072600,0.0,0.0
2015-08-11 00:00:00-04:00,121.5955170925856,122.44085578580761,121.36953065671723,122.10607147216797,1260700,0.0,0.0
2015-08-12 00:00:00-04:00,121.65287558592038,123.13839551746702,120.31004363510885,122.94536590576172,1963800,0.4,0.0
2015-08-13 00:00:00-04:00,122.83630028700007,123.35664673462048,121.84594904084362,121.92149353027344,1114000,0.0,0.0
2015-08-14 00:00:00-04:00,121.5941494773421,122.88662716589269,121.5941494773421,122.60966491699219,1210400,0.0,0.0
2015-08-17 00:00:00-04:00,121.82074447581833,122.7355638335752,121.678069282079,122.60966491699219,912600,0.0,0.0
2015-08-18 00:00:00-04:00,122.66840929027539,122.93697057016229,121.79555631642907,122.22359466552734,1099100,0.0,0.0
2015-08-19 00:00:00-04:00,122.0221811813835,122.48378495271335,120.55345005844613,121.83753967285156,1436100,0.0,0.0
2015-08-20 00:00:00-04:00,121.09892773280798,121.5941094850598,120.25965312356557,120.6121597290039,1785100,0.0,0.0
2015-08-21 00:00:00-04:00,119.36164867395031,120.29324410176253,116.65079498291016,116.65079498291016,3611400,0.0,0.0
2015-08-24 00:00:00-04:00,110.75909859629584,115.11493694444728,98.22033078444085,111.59837341308594,5205800,0.0,0.0
2015-08-25 00:00:00-04:00,114.7960226267888,116.13886762241239,111.32981310633767,111.38018035888672,4645100,0.0,0.0
2015-08-26 00:00:00-04:00,114.23366994002812,116.05489434301231,111.91727658086,115.95418548583984,3094900,0.0,0.0
2015-08-27 00:00:00-04:00,117.89294288047952,118.12793882130241,115.4758271390804,117.67473602294922,2603100,0.0,0.0
2015-08-28 00:00:00-04:00,117.28866766127734,117.75027141906132,116.35707200695649,117.4565200805664,1850900,0.0,0.0
2015-08-31 00:00:00-04:00,116.86899064665123,117.69147618715766,116.24792281857897,117.54041290283203,3005700,0.0,0.0
2015-09-01 00:00:00-04:00,115.46744497139136,117.41455612551115,115.40030144106737,116.07172393798828,2968200,0.0,0.0
2015-09-02 00:00:00-04:00,117.35578314764571,118.22862320317165,116.17240274400515,117.8509521484375,1809900,0.0,0.0
2015-09-03 00:00:00-04:00,118.28738580311385,118.92523000547736,117.58239808371475,117.90131378173828,1615600,0.0,0.0
2015-09-04 00:00:00-04:00,116.49131418578722,117.04523848172461,115.97095523824886,116.22274017333984,2124500,0.0,0.0
2015-09-08 00:00:00-04:00,117.95168479271639,118.7406052208496,116.75991601207708,118.69863891601562,1638000,0.0,0.0
2015-09-09 00:00:00-04:00,119.470818156144,119.470818156144,116.9865581723669,117.22994232177734,1390800,0.0,0.0
2015-09-10 00:00:00-04:00,116.69275367773074,118.30417244067229,116.6508001859768,117.50685119628906,1350700,0.0,0.0
2015-09-11 00:00:00-04:00,117.37259531570753,118.50560870278395,116.89420249430862,118.37972259521484,1452300,0.0,0.0
2015-09-14 00:00:00-04:00,118.4888155263081,118.68185795966936,117.6999079355987,118.46363830566406,1123300,0.0,0.0
2015-09-15 00:00:00-04:00,118.60634281402427,119.98275322827776,117.69992432566426,119.53792572021484,1349600,0.0,0.0
2015-09-16 00:00:00-04:00,119.35329474372818,120.73809327094216,118.96722263689851,120.52827453613281,1374300,0.0,0.0
2015-09-17 00:00:00-04:00,120.77168016514665,121.72845325419989,120.15062479543232,120.31008911132812,1535300,0.0,0.0
2015-09-18 00:00:00-04:00,119.29452509983123,121.14092718431543,118.92524212167085,119.01756286621094,2833900,0.0,0.0
2015-09-21 00:00:00-04:00,119.47914678299132,120.67091532002138,119.25253902826329,120.19253540039062,1004800,0.0,0.0
2015-09-22 00:00:00-04:00,119.0259550137741,119.97432680342973,118.17827929301404,119.72254180908203,1787200,0.0,0.0
2015-09-23 00:00:00-04:00,120.40236556301284,122.22359029869499,119.72254223396635,122.05572509765625,2310200,0.0,0.0
2015-09-24 00:00:00-04:00,121.1661093285965,122.04735050659458,120.56183039547315,121.58574676513672,1974900,0.0,0.0
2015-09-25 00:00:00-04:00,122.49214550769537,123.28945394790874,121.70322520459214,122.15644073486328,1845700,0.0,0.0
2015-09-28 00:00:00-04:00,122.0221833525906,122.36628915246109,120.25970085117733,120.47792053222656,2553500,0.0,0.0
2015-09-29 00:00:00-04:00,120.04986902274142,120.97307648114159,119.38684752539433,120.6205825805664,2513100,0.0,0.0
2015-09-30 00:00:00-04:00,120.4694588036014,121.65283894872103,119.92393548886204,121.33392333984375,2549200,0.0,0.0
2015-10-01 00:00:00-04:00,121.56892780513381,121.56892780513381,119.59662742334612,121.32553100585938,2657300,0.0,0.0
2015-10-02 00:00:00-04:00,120.22614815168949,122.45862280694112,119.33651866812983,122.41665649414062,2591500,0.0,0.0
2015-10-05 00:00:00-04:00,122.73551880887072,124.39727888634975,122.54247643552341,124.27139282226562,2273000,0.0,0.0
2015-10-06 00:00:00-04:00,124.3385354587988,124.80013908195669,123.67551411376472,124.55675506591797,2091000,0.0,0.0
2015-10-07 00:00:00-04:00,124.81694424863286,125.32051423085879,123.7342726287421,124.1791000366211,2340800,0.0,0.0
2015-10-08 00:00:00-04:00,123.88532850175675,127.31795866092924,123.88532850175675,127.28439331054688,2370900,0.0,0.0
2015-10-09 00:00:00-04:00,126.52908167596172,129.4665438808027,126.2605203622335,129.22315979003906,3715500,0.0,0.0
2015-10-12 00:00:00-04:00,129.22310968658658,129.65113511734532,128.48454394913875,128.93775939941406,1200100,0.0,0.0
2015-10-13 00:00:00-04:00,128.60205692793625,129.30705739904775,127.75439410285874,127.80474853515625,1493700,0.0,0.0
2015-10-14 00:00:00-04:00,127.82996820123748,128.21604032091813,125.13590272814847,125.7569580078125,3044900,0.0,0.0
2015-10-15 00:00:00-04:00,126.58778881534967,127.48580597353036,126.07583079968306,127.376708984375,1697000,0.0,0.0
2015-10-16 00:00:00-04:00,127.83832917738735,128.38385261296068,126.96547631289121,127.62010955810547,1647500,0.0,0.0
2015-10-19 00:00:00-04:00,127.61178438886539,128.736409974664,127.50267452538633,128.59373474121094,1543700,0.0,0.0
2015-10-20 00:00:00-04:00,129.01331975589338,129.98688157081202,128.54332792974418,129.7183074951172,1875700,0.0,0.0
2015-10-21 00:00:00-04:00,129.91974921877687,130.87652203462213,129.50849993239015,130.26385498046875,1797300,0.0,0.0
2015-10-22 00:00:00-04:00,130.44844945022882,132.89074169435506,130.154711013841,132.7312774658203,2192400,0.0,0.0
2015-10-23 00:00:00-04:00,133.1929568608808,133.2768894940725,130.01210984153553,130.70870971679688,2273400,0.0,0.0
2015-10-26 00:00:00-04:00,127.62013855616316,132.1102643694553,126.9487160785234,131.53955078125,2500000,0.0,0.0
2015-10-27 00:00:00-04:00,131.99272480847532,132.85717665393508,130.55755955462888,132.40396118164062,1675100,0.0,0.0
2015-10-28 00:00:00-04:00,132.18575438784504,132.54663633215864,130.51559326181425,132.40396118164062,1778800,0.0,0.0
2015-10-29 00:00:00-04:00,131.81647694971687,132.92432565550476,131.37166240138797,132.84039306640625,1547000,0.0,0.0
2015-10-30 00:00:00-04:00,132.60545259507504,133.7804324955412,132.01796264484196,132.70616149902344,2050000,0.0,0.0
2015-11-02 00:00:00-05:00,133.43626718475235,133.70482838523304,132.31162953919352,133.57054138183594,1260700,0.0,0.0
2015-11-03 00:00:00-05:00,132.9411226076601,133.629334087639,132.08507153600647,133.27684020996094,1531100,0.0,0.0
2015-11-04 00:00:00-05:00,133.4446923006565,133.46986951998144,131.68221011000782,131.89202880859375,1653100,0.0,0.0
2015-11-05 00:00:00-05:00,129.37423176960436,131.60670626792208,129.26513473157692,131.15350341796875,2550300,0.0,0.0
2015-11-06 00:00:00-05:00,131.33813856645995,132.571873739573,130.6499269759858,132.22776794433594,1749800,0.0,0.0
2015-11-09 00:00:00-05:00,131.60672258059714,131.8501195241069,129.1560408961424,130.221923828125,2291100,0.0,0.0
2015-11-10 00:00:00-05:00,130.53327324531762,131.65239583260163,130.0873087426419,131.61032104492188,1701800,0.4,0.0
2015-11-11 00:00:00-05:00,131.24841921753156,132.46851033523782,130.57526151277162,131.59341430664062,1864200,0.0,0.0
2015-11-12 00:00:00-05:00,131.3662737680193,132.08991634522607,130.7604328736406,131.2653045654297,1657400,0.0,0.0
2015-11-13 00:00:00-05:00,130.48273210634716,130.6341858690723,128.9344653306827,129.30470275878906,2459900,0.0,0.0
2015-11-16 00:00:00-05:00,129.42249408759463,131.66073811396998,128.94287770446618,131.64390563964844,1778400,0.0,0.0
2015-11-17 00:00:00-05:00,132.40120352067183,134.56370767893424,132.12352549143222,133.697021484375,2500000,0.0,0.0
2015-11-18 00:00:00-05:00,133.69702266464228,135.80904226158134,132.79668435529453,135.68283081054688,2152000,0.0,0.0
2015-11-19 00:00:00-05:00,136.0531440556913,137.3237204491594,135.84278296038332,137.01239013671875,2959300,0.0,0.0
2015-11-20 00:00:00-05:00,138.13146112746335,138.3923067339403,136.94502191147058,137.23953247070312,2051100,0.0,0.0
2015-11-23 00:00:00-05:00,137.60137469670534,137.9127049549828,136.928216740947,137.5340576171875,1174300,0.0,0.0
2015-11-24 00:00:00-05:00,136.5327103264365,137.92951056563567,135.4724954192587,136.47381591796875,2799500,0.0,0.0
2015-11-25 00:00:00-05:00,136.34756408381227,137.15535587820443,135.59026970859432,136.64207458496094,1828000,0.0,0.0
2015-11-27 00:00:00-05:00,137.24795284809775,138.34183278729455,136.7262615950085,137.6434326171875,866300,0.0,0.0
2015-11-30 00:00:00-05:00,138.13986835781535,138.36706184669762,135.2957833558773,135.82589721679688,3063800,0.0,0.0
2015-12-01 00:00:00-05:00,136.33077036695755,137.1890340648518,135.25372299596222,135.7165069580078,1939700,0.0,0.0
2015-12-02 00:00:00-05:00,136.06995244581367,136.68420314031547,135.1611911342578,135.54824829101562,1585700,0.0,0.0
2015-12-03 00:00:00-05:00,138.4259719892654,139.76387794084238,137.41624158083314,137.7191619873047,3440000,0.0,0.0
2015-12-04 00:00:00-05:00,138.09779795068246,140.72311220442705,138.00523858854055,140.35287475585938,2578600,0.0,0.0
2015-12-07 00:00:00-05:00,140.7988402548137,140.94188420850415,139.3010708109753,140.62213134765625,2791900,0.0,0.0
2015-12-08 00:00:00-05:00,140.30241333510722,142.8183233261766,139.57034813566653,142.0946807861328,3158500,0.0,0.0
2015-12-09 00:00:00-05:00,136.9197634210979,137.90425132235984,133.13326556728308,134.3954315185547,9527000,0.0,0.0
2015-12-10 00:00:00-05:00,135.4136019910756,137.50039274432388,135.1443465373971,136.19615173339844,3653300,0.0,0.0
2015-12-11 00:00:00-05:00,134.40386220505147,135.64078605650923,134.09253199734374,134.64788818359375,2511200,0.0,0.0
2015-12-14 00:00:00-05:00,134.70677889887492,136.21297098335071,134.1346030907377,136.17930603027344,2427300,0.0,0.0
2015-12-15 00:00:00-05:00,137.42465021421086,137.77805517912333,135.23689051970427,135.7165069580078,2378700,0.0,0.0
2015-12-16 00:00:00-05:00,136.27186254351665,137.36574238614432,134.63104919928386,136.95343017578125,2196300,0.0,0.0
2015-12-17 00:00:00-05:00,136.68419707052882,137.64344293911466,135.13594283341126,135.2032470703125,1703900,0.0,0.0
2015-12-18 00:00:00-05:00,134.45433947525063,135.20322416826315,132.61158778572033,132.6957244873047,4295800,0.0,0.0
2015-12-21 00:00:00-05:00,133.62975864816954,134.15144997205638,132.3844247591718,134.1177978515625,1453500,0.0,0.0
2015-12-22 00:00:00-05:00,134.54686327286183,135.80061920167282,133.81481124941985,135.66598510742188,1742100,0.0,0.0
2015-12-23 00:00:00-05:00,136.67575896987498,136.67575896987498,135.287381340949,136.06993103027344,1581000,0.0,0.0
2015-12-24 00:00:00-05:00,136.1877414701187,136.59163106902946,135.84274628549423,136.1035919189453,491000,0.0,0.0
2015-12-28 00:00:00-05:00,135.51458784336106,136.532728111736,134.96764142236046,135.60714721679688,1124700,0.0,0.0
2015-12-29 00:00:00-05:00,136.2297571381971,137.34887902373455,135.9100171990539,136.8692626953125,1169600,0.0,0.0
2015-12-30 00:00:00-05:00,137.12166156971045,137.53396073712767,136.74300165922625,136.9113006591797,889900,0.0,0.0
2015-12-31 00:00:00-05:00,136.3812274743598,137.99679820530187,135.8931884765625,135.8931884765625,1873400,0.0,0.0
2016-01-04 00:00:00-05:00,134.47113568864583,134.71516158809408,132.83873261299348,134.2439422607422,2640800,0.0,0.0
2016-01-05 00:00:00-05:00,134.77406418970574,135.6659926446974,134.16822357133128,134.57211303710938,2127700,0.0,0.0
2016-01-06 00:00:00-05:00,133.25108585792603,134.4627673950307,132.63683527071134,133.32681274414062,2033400,0.0,0.0
2016-01-07 00:00:00-05:00,130.29762693996676,132.15721125255496,129.20374701757578,130.2723846435547,3826000,0.0,0.0
2016-01-08 00:00:00-05:00,130.6594183804895,130.67625085489328,127.73960678311134,127.9920425415039,3156200,0.0,0.0
2016-01-11 00:00:00-05:00,128.15195425693284,131.2316431110916,128.00048762440034,130.18824768066406,2164500,0.0,0.0
2016-01-12 00:00:00-05:00,131.02126764684328,131.62709559206496,130.37335208893887,131.31576538085938,2215600,0.0,0.0
2016-01-13 00:00:00-05:00,131.24002231442861,131.28209708250662,127.79851941996402,128.00045776367188,2157500,0.0,0.0
2016-01-14 00:00:00-05:00,127.86581480350053,129.7169887303475,127.3357010623062,128.89236450195312,2281500,0.0,0.0
2016-01-15 00:00:00-05:00,125.61913026122791,127.49555904529662,124.74403442120649,126.54472351074219,2975400,0.0,0.0
2016-01-19 00:00:00-05:00,127.72276747861874,127.89947635186867,125.86318359804902,126.61206817626953,2242600,0.0,0.0
2016-01-20 00:00:00-05:00,124.92075829251048,126.21657615839447,121.933630088879,125.22367858886719,3796800,0.0,0.0
2016-01-21 00:00:00-05:00,125.34996783690411,127.26005013676966,124.62632517083757,126.53640747070312,2211800,0.0,0.0
2016-01-22 00:00:00-05:00,128.05097473624002,129.3383962000749,127.6050103285365,129.32156372070312,2544100,0.0,0.0
2016-01-25 00:00:00-05:00,129.64130613171122,129.98628847466296,126.67941913373932,126.8729476928711,1820600,0.0,0.0
2016-01-26 00:00:00-05:00,126.87295958482557,127.66391921291749,124.7861814958354,124.9544677734375,2828600,0.0,0.0
2016-01-27 00:00:00-05:00,125.61915372077608,125.87158945773292,123.45664958220584,124.30650329589844,2189500,0.0,0.0
2016-01-28 00:00:00-05:00,124.99647850308153,126.19132715304853,124.37380547165644,125.87157440185547,2076100,0.0,0.0
2016-01-29 00:00:00-05:00,125.79589177891314,127.57974914569269,123.61655466166184,127.15902709960938,3221300,0.0,0.0
2016-02-01 00:00:00-05:00,126.92342220343772,128.05937684951118,126.37648868609436,127.26841735839844,2142000,0.0,0.0
2016-02-02 00:00:00-05:00,126.20822429450023,126.88136940490868,124.62630503831639,124.9544677734375,1931400,0.0,0.0
2016-02-03 00:00:00-05:00,125.61078498772395,126.19979334032789,122.38805226775342,123.43985748291016,2546900,0.0,0.0
2016-02-04 00:00:00-05:00,122.00936491147282,122.12716654332799,119.30832435615903,120.56208038330078,5340500,0.0,0.0
2016-02-05 00:00:00-05:00,120.5536975014511,122.17767842053921,119.8216324176172,121.15953826904297,4079300,0.0,0.0
2016-02-08 00:00:00-05:00,120.10770475679088,124.15504778898749,119.16527887486966,123.7090835571289,3782000,0.0,0.0
2016-02-09 00:00:00-05:00,123.0527783222019,125.98099992188646,123.0443556647604,124.48323059082031,3228300,0.0,0.0
2016-02-10 00:00:00-05:00,126.0272621932629,126.7022451058632,124.51699935219727,124.9135513305664,2189600,0.4,0.0
2016-02-11 00:00:00-05:00,124.13730483881436,125.200394059228,122.13766716634852,123.73230743408203,2198100,0.0,0.0
2016-02-12 00:00:00-05:00,124.85448243729859,125.9428954246355,124.0276351411415,125.4197769165039,1951800,0.0,0.0
2016-02-16 00:00:00-05:00,126.01038292981987,127.09878293865432,124.6182284136051,125.8078842163086,2186400,0.0,0.0
2016-02-17 00:00:00-05:00,126.34785945716285,128.22936320856974,125.6391333186364,127.32658386230469,2174600,0.0,0.0
2016-02-18 00:00:00-05:00,125.82477438232733,126.42381221323726,123.87577074712874,125.4197769165039,2894300,0.0,0.0
2016-02-19 00:00:00-05:00,125.71501122141838,125.83313219350325,123.90100781992498,125.4618911743164,2471700,0.0,0.0
2016-02-22 00:00:00-05:00,126.24662506462205,126.71066369606783,125.2847787047856,126.60942077636719,2161300,0.0,0.0
2016-02-23 00:00:00-05:00,126.4660044745818,128.0437669125074,125.81633228722426,126.86255645751953,1850600,0.0,0.0
2016-02-24 00:00:00-05:00,126.58410313125789,130.27962398916952,126.27192889641688,129.82400512695312,2590100,0.0,0.0
2016-02-25 00:00:00-05:00,130.5158879976678,130.67619788822617,128.97186892566646,130.54119873046875,1746900,0.0,0.0
2016-02-26 00:00:00-05:00,129.16587839583457,129.43587661985035,125.51254700029827,126.28877258300781,3800800,0.0,0.0
2016-02-29 00:00:00-05:00,126.55039360722427,128.49939747125234,126.2972733799232,126.58413696289062,3115800,0.0,0.0
2016-03-01 00:00:00-05:00,126.89629516175964,127.57127805741082,126.03570452217662,126.99755096435547,2681400,0.0,0.0
2016-03-02 00:00:00-05:00,127.5122065716049,129.04777989727046,126.88784522534792,128.91278076171875,2947600,0.0,0.0
2016-03-03 00:00:00-05:00,125.34379805482689,128.21247110239523,124.34820862234211,127.90872955322266,5552600,0.0,0.0
2016-03-04 00:00:00-05:00,128.02685411833838,128.05216484195597,126.58407850101763,127.318115234375,2155600,0.0,0.0
2016-03-07 00:00:00-05:00,126.52505365770719,127.30971201951304,124.53386140318364,125.01477813720703,3159600,0.0,0.0
2016-03-08 00:00:00-05:00,124.58453786757367,128.17880465471956,124.11205354335532,127.36038970947266,3156300,0.0,0.0
2016-03-09 00:00:00-05:00,127.69782597432302,129.51183017232313,127.66406975363661,129.1321563720703,2395300,0.0,0.0
2016-03-10 00:00:00-05:00,129.26714674522933,130.5158564672477,127.44469717846188,128.9802703857422,1413000,0.0,0.0
2016-03-11 00:00:00-05:00,129.8071989175204,129.93375261778,127.74006073557923,128.84535217285156,1829900,0.0,0.0
2016-03-14 00:00:00-04:00,128.46563867261378,129.3431203931478,127.95096560794359,128.8115692138672,1218400,0.0,0.0
2016-03-15 00:00:00-04:00,128.0775136641398,130.2880700124631,128.0775136641398,130.0855712890625,1398500,0.0,0.0
2016-03-16 00:00:00-04:00,129.680557127372,130.7774024322942,128.7777778825974,129.9842987060547,1485500,0.0,0.0
2016-03-17 00:00:00-04:00,129.78187133057492,130.55809729794703,129.58780518305917,129.79873657226562,1583200,0.0,0.0
2016-03-18 00:00:00-04:00,130.42305606865256,130.5242989830757,128.89591536304823,129.21652221679688,3611700,0.0,0.0
2016-03-21 00:00:00-04:00,128.9381339993935,130.2290329535164,128.64282493177933,129.8831024169922,1367400,0.0,0.0
2016-03-22 00:00:00-04:00,129.26716773730138,129.7733952274611,128.24625438967098,128.4403076171875,1943100,0.0,0.0
2016-03-23 00:00:00-04:00,128.3981377527721,129.87465734721096,127.94253165686324,129.52029418945312,2127300,0.0,0.0
2016-03-24 00:00:00-04:00,129.29245031552503,130.0011763719646,127.27594766436816,127.76529693603516,2506500,0.0,0.0
2016-03-28 00:00:00-04:00,128.07753215617814,129.88310419261904,128.06065404156766,128.8115692138672,1767400,0.0,0.0
2016-03-29 00:00:00-04:00,128.89592773304202,131.16555102683222,128.6849963916002,130.99679565429688,1655400,0.0,0.0
2016-03-30 00:00:00-04:00,131.54520217149832,133.51108347947587,131.32582537474173,132.97109985351562,2642700,0.0,0.0
2016-03-31 00:00:00-04:00,133.27488922755248,134.8273410994727,132.90364793769552,132.9542694091797,2692400,0.0,0.0
2016-04-01 00:00:00-04:00,133.1989267323325,134.22827276537168,132.4648897433168,133.51954650878906,1531500,0.0,0.0
2016-04-04 00:00:00-04:00,133.8823010909684,134.14386670273217,132.00924309569876,133.0807647705078,1458400,0.0,0.0
2016-04-05 00:00:00-04:00,133.21571240225745,133.3085226481838,131.38483107281846,131.61264038085938,1855600,0.0,0.0
2016-04-06 00:00:00-04:00,131.46084623708535,132.81081196231787,130.96305136466893,132.2708282470703,1572600,0.0,0.0
2016-04-07 00:00:00-04:00,130.2880481905357,130.42304731685846,127.8074939598126,128.27154541015625,4050100,0.0,0.0
2016-04-08 00:00:00-04:00,129.07306076165224,129.07306076165224,127.33498913480513,127.9509048461914,2008500,0.0,0.0
2016-04-11 00:00:00-04:00,127.68936528744437,128.1956055436913,125.68974073629559,125.75724029541016,2279000,0.0,0.0
2016-04-12 00:00:00-04:00,126.22132514033639,127.13253724410336,125.30165466882556,126.99755096435547,2268300,0.0,0.0
2016-04-13 00:00:00-04:00,127.88343625844966,128.3137314808257,127.05657628321335,128.14498901367188,2078800,0.0,0.0
2016-04-14 00:00:00-04:00,128.74406372987642,129.01406205435381,127.52066439838129,127.74002838134766,2420000,0.0,0.0
2016-04-15 00:00:00-04:00,128.2124677908927,129.77335145181257,128.11121202763493,129.23336791992188,2675900,0.0,0.0
2016-04-18 00:00:00-04:00,128.9043987228552,129.68907024118954,128.47410329295005,129.3431396484375,1335800,0.0,0.0
2016-04-19 00:00:00-04:00,129.7481045051261,129.84934744392527,128.6597042903473,129.66372680664062,1579000,0.0,0.0
2016-04-20 00:00:00-04:00,129.69742193503757,129.84085365550854,128.7524539534768,128.87057495117188,1308700,0.0,0.0
2016-04-21 00:00:00-04:00,128.65962785286916,128.87055909953804,127.14092030200892,127.7568359375,2097600,0.0,0.0
2016-04-22 00:00:00-04:00,127.44473931289497,128.08596605798647,126.01884115843167,126.49132537841797,2233900,0.0,0.0
2016-04-25 00:00:00-04:00,126.54191838333281,127.97624883542309,126.11162310997369,127.83281707763672,1249000,0.0,0.0
2016-04-26 00:00:00-04:00,128.31373121077152,129.46963062627884,127.96780078558795,128.75247192382812,1552900,0.0,0.0
2016-04-27 00:00:00-04:00,128.82869415505542,129.05716453611515,127.44089218343119,128.43096923828125,1492800,0.45,0.0
2016-04-28 00:00:00-04:00,128.63399615985168,130.02179750722104,127.8977883274229,128.1516571044922,2198100,0.0,0.0
2016-04-29 00:00:00-04:00,126.94151728207657,127.76235210129197,124.78366559656455,125.35063171386719,3588800,0.0,0.0
2016-05-02 00:00:00-04:00,125.88382535734821,128.1347762098336,125.02914683620473,127.72012329101562,3361500,0.0,0.0
2016-05-03 00:00:00-04:00,127.00085201052599,129.07409092346398,126.59466953707762,128.12632751464844,2201300,0.0,0.0
2016-05-04 00:00:00-04:00,127.03466060321817,128.625559817104,126.45923666510045,128.21090698242188,2111600,0.0,0.0
2016-05-05 00:00:00-04:00,126.06997688377207,127.25469380486248,123.86133997915422,125.10528564453125,4869300,0.0,0.0
2016-05-06 00:00:00-04:00,124.4452077903089,124.81754694547057,122.48198257986897,123.9205551147461,3692200,0.0,0.0
2016-05-09 00:00:00-04:00,124.25059297261761,126.06150484218773,123.9797961375436,125.73993682861328,2843800,0.0,0.0
2016-05-10 00:00:00-04:00,126.40842411572645,126.91614867514956,125.87530106164691,126.56073760986328,1943900,0.0,0.0
2016-05-11 00:00:00-04:00,125.57070624798892,125.82457507500375,124.03904863848288,124.49600219726562,2812700,0.0,0.0
2016-05-12 00:00:00-04:00,124.66524646247196,125.04604321560076,123.81902571671738,124.15750885009766,2860400,0.0,0.0
2016-05-13 00:00:00-04:00,123.82748569089559,124.15751127168458,122.10965857649332,122.27890014648438,2993600,0.0,0.0
2016-05-16 00:00:00-04:00,122.27887217563506,124.03901250798539,121.34802438515614,123.37049102783203,2615000,0.0,0.0
2016-05-17 00:00:00-04:00,123.1251408993972,123.75134901357006,121.19575828117463,121.51732635498047,2928900,0.0,0.0
2016-05-18 00:00:00-04:00,118.62320220968923,119.87561804416441,117.26079938552336,119.56250762939453,5717000,0.0,0.0
2016-05-19 00:00:00-04:00,120.54415158499029,121.07727482626791,119.67254518524408,120.75570678710938,2830500,0.0,0.0
2016-05-20 00:00:00-04:00,120.78106604393658,121.43265953983881,120.18025663180629,120.74722290039062,2088400,0.0,0.0
2016-05-23 00:00:00-04:00,120.87418646870206,121.8558057808904,120.08720725427393,120.17182159423828,1828400,0.0,0.0
2016-05-24 00:00:00-04:00,120.64567565917969,121.41572658237935,120.48489168118479,120.64567565917969,2813100,0.0,0.0
2016-05-25 00:00:00-04:00,120.68797170314038,123.27740454150076,120.59488692538163,122.31271362304688,4156700,0.0,0.0
2016-05-26 00:00:00-04:00,126.09534877073271,130.21645258600518,124.98680165893404,126.68771362304688,7679400,0.0,0.0
2016-05-27 00:00:00-04:00,127.13619823975812,127.58469416233436,125.3337440788707,126.15457916259766,3349800,0.0,0.0
2016-05-31 00:00:00-04:00,126.56924450619377,126.83157087423976,124.92757417574643,125.89226531982422,3738900,0.0,0.0
2016-06-01 00:00:00-04:00,127.35624299250738,129.47179520168524,127.20392943135343,129.06561279296875,3487300,0.0,0.0
2016-06-02 00:00:00-04:00,126.97543186243759,128.21090698242188,125.70610068003197,128.21090698242188,3957600,0.0,0.0
2016-06-03 00:00:00-04:00,127.18699821443053,128.43940147546743,127.16161262154034,128.3801727294922,1964200,0.0,0.0
2016-06-06 00:00:00-04:00,128.4816749957664,129.0401836896246,128.38013265590186,128.82862854003906,1961600,0.0,0.0
2016-06-07 00:00:00-04:00,128.69320837875904,130.1910221999356,128.54088198242442,129.15016174316406,2113000,0.0,0.0
2016-06-08 00:00:00-04:00,129.20098716650506,129.86950883778013,128.66787683618608,129.78488159179688,1528300,0.0,0.0
2016-06-09 00:00:00-04:00,129.47171081975404,130.43640148191912,129.4040116437059,130.36024475097656,1812100,0.0,0.0
2016-06-10 00:00:00-04:00,129.47175552437741,131.29112470179263,129.4209843528852,131.05418395996094,3266500,0.0,0.0
2016-06-13 00:00:00-04:00,130.96108797739612,131.9765629696237,130.80031691885097,131.1218719482422,2576600,0.0,0.0
2016-06-14 00:00:00-04:00,130.78337110391084,132.31502802871506,129.95407869120174,131.90037536621094,3274700,0.0,0.0
2016-06-15 00:00:00-04:00,131.75652215592322,132.67044179607004,130.8764585648371,131.0457000732422,2228500,0.0,0.0
2016-06-16 00:00:00-04:00,131.04577267005058,132.4335744674666,130.4111069777145,132.36587524414062,1937400,0.0,0.0
2016-06-17 00:00:00-04:00,132.88198810076932,133.06815762136338,131.80728457957608,131.91729736328125,2858200,0.0,0.0
2016-06-20 00:00:00-04:00,133.17821709053806,134.0244377854078,132.3912251299116,132.41661071777344,2090800,0.0,0.0
2016-06-21 00:00:00-04:00,132.9158790059949,133.61823075789965,132.568925452778,133.02587890625,1909700,0.0,0.0
2016-06-22 00:00:00-04:00,133.37284493358166,134.0582816340483,132.9920482013561,133.80441284179688,2094800,0.0,0.0
2016-06-23 00:00:00-04:00,134.2106223981515,134.37139350184287,132.29815514974254,132.88204956054688,2912400,0.0,0.0
2016-06-24 00:00:00-04:00,129.6071825182246,133.4405617592628,129.5564113355308,131.6381072998047,3996100,0.0,0.0
2016-06-27 00:00:00-04:00,130.52112503885616,131.105006652771,129.09100955574607,130.5380401611328,2790800,0.0,0.0
2016-06-28 00:00:00-04:00,130.8765169051168,131.95120806431441,130.0726096976137,131.67196655273438,2156300,0.0,0.0
2016-06-29 00:00:00-04:00,132.38278139782844,133.0936037568066,131.91735738457925,132.9243621826172,1942500,0.0,0.0
2016-06-30 00:00:00-04:00,132.82277087842894,133.5505210003582,131.5872833087166,132.8904571533203,3091100,0.0,0.0
2016-07-01 00:00:00-04:00,133.01745090611607,133.01745090611607,131.50270842855662,132.10353088378906,2317200,0.0,0.0
2016-07-05 00:00:00-04:00,132.07814300636312,132.13737174751307,130.91035417933017,131.3757781982422,2807400,0.0,0.0
2016-07-06 00:00:00-04:00,131.3335143792853,132.47591804870882,130.88501822161462,132.01895141601562,2133200,0.0,0.0
2016-07-07 00:00:00-04:00,133.98209101836665,138.9155579982957,133.70283670867633,138.5262908935547,6497900,0.0,0.0
2016-07-08 00:00:00-04:00,139.4910416226531,140.55728815605798,139.1948720729449,139.998779296875,3932000,0.0,0.0
2016-07-11 00:00:00-04:00,139.6771797880074,141.73350270199978,139.6771797880074,141.0819091796875,2634300,0.0,0.0
2016-07-12 00:00:00-04:00,140.88723038710842,141.2510989388459,140.3202643034235,140.7095184326172,1642100,0.0,0.0
2016-07-13 00:00:00-04:00,141.3188447418659,141.47962872700163,140.4895521426576,141.13267517089844,1479800,0.0,0.0
2016-07-14 00:00:00-04:00,141.44582660999225,142.16511958232562,140.709618515522,141.26812744140625,2150100,0.0,0.0
2016-07-15 00:00:00-04:00,141.6911709528202,141.6911709528202,140.13412823982898,140.81956481933594,1962300,0.0,0.0
2016-07-18 00:00:00-04:00,140.94653532198262,142.0466249517799,140.40495452286308,141.7504425048828,1993800,0.0,0.0
2016-07-19 00:00:00-04:00,141.74197933328927,142.638971285788,141.6488945318618,142.26663208007812,1487800,0.0,0.0
2016-07-20 00:00:00-04:00,142.3766103158099,142.38506787304664,141.2765209968828,142.1988983154297,1336900,0.0,0.0
2016-07-21 00:00:00-04:00,141.6827765146564,141.95357343386868,140.72655556041903,141.36122131347656,1384600,0.0,0.0
2016-07-22 00:00:00-04:00,141.89428237005703,141.91121039969184,141.28501533854035,141.71658325195312,1335100,0.0,0.0
2016-07-25 00:00:00-04:00,141.46268468868968,142.33429080307243,140.81109126404897,142.13966369628906,1732200,0.0,0.0
2016-07-26 00:00:00-04:00,141.82654829947555,142.8589382502647,141.0649421701087,141.80116271972656,1593900,0.0,0.0
2016-07-27 00:00:00-04:00,141.45422406312392,141.7419359386144,140.26105004074827,140.5995330810547,1440000,0.0,0.0
2016-07-28 00:00:00-04:00,140.69262916247848,141.200366676049,140.30337492606893,140.768798828125,1866500,0.0,0.0
2016-07-29 00:00:00-04:00,141.01425622572617,141.89432031754635,140.7942434308478,141.50506591796875,1359700,0.0,0.0
2016-08-01 00:00:00-04:00,141.44578627868253,142.16507904591953,141.23423110153087,141.79273986816406,986800,0.0,0.0
2016-08-02 00:00:00-04:00,141.37810396852794,141.77581583346065,139.27946725519033,140.895751953125,2107300,0.0,0.0
2016-08-03 00:00:00-04:00,140.40491618239093,140.751869716915,139.71102202564407,140.57415771484375,1837100,0.0,0.0
2016-08-04 00:00:00-04:00,140.50646852876034,141.9450539378438,140.379540598454,140.93804931640625,1638300,0.0,0.0
2016-08-05 00:00:00-04:00,141.2003716335419,142.4443169643929,140.5403205901069,141.91119384765625,1526500,0.0,0.0
2016-08-08 00:00:00-04:00,141.53035970454462,141.78422840306627,140.8703088357674,141.65728759765625,1294400,0.0,0.0
2016-08-09 00:00:00-04:00,141.94504274676842,142.67279295185338,141.2172925416835,142.0465850830078,1286700,0.0,0.0
2016-08-10 00:00:00-04:00,142.07207584249767,142.97147892026632,141.7411631450731,142.7932891845703,1104300,0.45,0.0
2016-08-11 00:00:00-04:00,143.48904971211317,143.89632385652732,141.97872901902463,142.44540405273438,1497800,0.0,0.0
2016-08-12 00:00:00-04:00,141.83446425328927,143.74357850058834,141.83446425328927,143.42962646484375,1399100,0.0,0.0
2016-08-15 00:00:00-04:00,143.42967276725946,143.6248360529446,143.0478523839411,143.16664123535156,918600,0.0,0.0
2016-08-16 00:00:00-04:00,142.4453943543325,143.22600847256626,142.4453943543325,142.8950958251953,1023000,0.0,0.0
2016-08-17 00:00:00-04:00,142.08050383594195,142.85263749471423,141.6308024625928,142.51324462890625,1382500,0.0,0.0
2016-08-18 00:00:00-04:00,142.90361925012303,143.14969021042089,141.868453641386,142.3351287841797,1353400,0.0,0.0
2016-08-19 00:00:00-04:00,141.87685381597478,142.8271640673686,141.78351884864102,142.5641326904297,1764800,0.0,0.0
2016-08-22 00:00:00-04:00,142.83573091550906,143.1327095225431,142.22481311310656,142.496337890625,955000,0.0,0.0
2016-08-23 00:00:00-04:00,142.62362485853168,142.92908379789898,141.96179931440517,142.0042266845703,1003700,0.0,0.0
2016-08-24 00:00:00-04:00,141.81746765238,142.44535867471225,141.49503537780296,142.1823272705078,1363800,0.0,0.0
2016-08-25 00:00:00-04:00,141.8684259247075,142.04661565242134,139.6962798084536,139.88294982910156,1817700,0.0,0.0
2016-08-26 00:00:00-04:00,140.33260432125874,140.55320838672918,138.70349527999582,139.0937957763672,2009900,0.0,0.0
2016-08-29 00:00:00-04:00,139.55201305575633,139.8659521512819,138.6441169350604,139.13624572753906,1819200,0.0,0.0
2016-08-30 00:00:00-04:00,139.21262781781002,139.3908045775815,137.2356322473737,137.42230224609375,2010700,0.0,0.0
2016-08-31 00:00:00-04:00,137.345953257737,137.93991042563061,136.7350355028275,137.53262329101562,1933200,0.0,0.0
2016-09-01 00:00:00-04:00,134.91076876219978,134.91076876219978,131.97496897798473,132.54347229003906,6038500,0.0,0.0
2016-09-02 00:00:00-04:00,133.05253496156436,135.14831921568953,133.0440546701868,134.04527282714844,2679000,0.0,0.0
2016-09-06 00:00:00-04:00,134.17252953155932,134.18949011111022,132.3822044163871,134.11312866210938,2716900,0.0,0.0
2016-09-07 00:00:00-04:00,133.75678968151425,133.95193996237697,131.85615567495097,132.05979919433594,2984100,0.0,0.0
2016-09-08 00:00:00-04:00,131.67797975851312,131.93253092260483,129.76886544834022,130.21856689453125,2993100,0.0,0.0
2016-09-09 00:00:00-04:00,129.47184189551578,129.64153829687788,127.8681869506836,127.8681869506836,2993900,0.0,0.0
2016-09-12 00:00:00-04:00,127.69852535258474,128.96278783925786,127.49488184724541,128.70823669433594,2982400,0.0,0.0
2016-09-13 00:00:00-04:00,128.2755105814902,128.614916462664,127.3336932471356,127.90218353271484,2148600,0.0,0.0
2016-09-14 00:00:00-04:00,127.87676815261315,129.18344558366968,127.44402714240128,127.85979461669922,2188900,0.0,0.0
2016-09-15 00:00:00-04:00,127.88521636938987,129.79433084988793,127.36763370346328,129.53977966308594,2284300,0.0,0.0
2016-09-16 00:00:00-04:00,128.93739777894305,129.5313421127933,128.24162516856455,129.268310546875,2842000,0.0,0.0
2016-09-19 00:00:00-04:00,129.08163492959068,129.84527576214273,128.63193331421883,128.7931365966797,1321300,0.0,0.0
2016-09-20 00:00:00-04:00,129.33611311745034,129.57370367734353,128.69126144633697,129.11550903320312,1396700,0.0,0.0
2016-09-21 00:00:00-04:00,129.47191156900433,129.73494307471313,128.3349308263219,129.56524658203125,1535100,0.0,0.0
2016-09-22 00:00:00-04:00,129.84522146060712,130.90584047727353,129.54824295713672,129.94703674316406,2502200,0.0,0.0
2016-09-23 00:00:00-04:00,129.94705294504774,130.47312884687224,129.11553115746926,129.42098999023438,2282100,0.0,0.0
2016-09-26 00:00:00-04:00,129.03923356595328,129.2089301243829,128.13133691047764,128.28407287597656,1862200,0.0,0.0
2016-09-27 00:00:00-04:00,128.4791848450721,128.77616344376628,127.27432280945094,127.65614318847656,2569000,0.0,0.0
2016-09-28 00:00:00-04:00,127.78337770505883,127.84276563447904,126.37487261641162,126.77366638183594,2626300,0.0,0.0
2016-09-29 00:00:00-04:00,126.58703188818168,127.01127959183695,124.89852136670922,125.14459228515625,4501300,0.0,0.0
2016-09-30 00:00:00-04:00,128.79310452408257,131.38951119162422,128.63190128176524,129.40402221679688,7318100,0.0,0.0
2016-10-03 00:00:00-04:00,129.15798714026923,129.18344096972382,127.54585085541324,128.1313018798828,3197100,0.0,0.0
2016-10-04 00:00:00-04:00,128.52157162789163,128.64884073171027,126.84155472243823,127.68155670166016,2840500,0.0,0.0
2016-10-05 00:00:00-04:00,127.80881563157395,128.05487350344734,127.130016990982,127.25728607177734,2377700,0.0,0.0
2016-10-06 00:00:00-04:00,127.46946735720753,127.81735359770488,126.42582158272853,126.82461547851562,2465500,0.0,0.0
2016-10-07 00:00:00-04:00,127.07913811339219,127.43550456726287,126.2476034406838,127.26580810546875,2282100,0.0,0.0
2016-10-10 00:00:00-04:00,127.5713180205373,127.99556581848121,127.0622154841985,127.51191711425781,1587700,0.0,0.0
2016-10-11 00:00:00-04:00,126.99432100753116,128.241610438862,126.85855861909735,128.1313018798828,2596800,0.0,0.0
2016-10-12 00:00:00-04:00,128.09733976960598,128.53856096211095,127.60521092931413,127.66461181640625,1664500,0.0,0.0
2016-10-13 00:00:00-04:00,127.21488950976432,128.4112709467427,127.03671275353966,127.4609603881836,1795300,0.0,0.0
2016-10-14 00:00:00-04:00,127.42700411344612,128.12277639851914,126.66336360510638,127.40155029296875,1745000,0.0,0.0
2016-10-17 00:00:00-04:00,127.34214625396169,127.44396152299302,126.11183094747129,126.17121887207031,1988400,0.0,0.0
2016-10-18 00:00:00-04:00,126.85855041178093,126.95188542941396,125.92521318246372,126.51915740966797,1847800,0.0,0.0
2016-10-19 00:00:00-04:00,127.86825167542666,128.3943276170471,126.68884361050613,126.80763244628906,1812000,0.0,0.0
2016-10-20 00:00:00-04:00,127.14704716874908,127.93614171528161,126.93492330823867,127.3082504272461,2251200,0.0,0.0
2016-10-21 00:00:00-04:00,126.85851129612143,127.52033650908317,126.00153581446821,126.40032958984375,2188000,0.0,0.0
2016-10-24 00:00:00-04:00,126.72276714610038,129.24279900236917,126.67184655706664,129.07308959960938,2432800,0.0,0.0
2016-10-25 00:00:00-04:00,127.18944906711315,128.94584067386722,127.18944906711315,128.11431884765625,2060600,0.0,0.0
2016-10-26 00:00:00-04:00,127.57129164999522,128.47069472419625,127.51189075599461,128.1058349609375,2246100,0.0,0.0
2016-10-27 00:00:00-04:00,127.97854398022565,128.51310014692973,127.12156841274093,128.00399780273438,1993500,0.0,0.0
2016-10-28 00:00:00-04:00,127.64763937897715,128.00400586355124,126.74823640166949,127.0706558227539,1843900,0.0,0.0
2016-10-31 00:00:00-04:00,126.33247943012798,126.72279301032526,124.8136783627128,125.46701049804688,3239400,0.0,0.0
2016-11-01 00:00:00-04:00,125.98457757799864,126.1118596402546,124.20274522951163,124.44032287597656,2112000,0.0,0.0
2016-11-02 00:00:00-04:00,124.62756889735063,125.40207924201403,124.36372785368415,124.49140167236328,2260500,0.45,0.0
2016-11-03 00:00:00-04:00,124.85735774298014,124.85735774298014,122.67852653886452,122.94236755371094,2168200,0.0,0.0
2016-11-04 00:00:00-04:00,121.70827602616264,123.4104896768782,120.9507914710686,121.06143951416016,2702100,0.0,0.0
2016-11-07 00:00:00-05:00,122.03170234407692,122.27001121929133,121.49550088141463,122.1678695678711,3010100,0.0,0.0
2016-11-08 00:00:00-05:00,122.46577085468563,124.79780842706573,122.38917435082418,124.33820343017578,3505200,0.0,0.0
2016-11-09 00:00:00-05:00,122.16786289407835,125.44462922956278,122.16786289407835,124.9339599609375,3170200,0.0,0.0
2016-11-10 00:00:00-05:00,125.16375979720083,127.66601578447391,124.78076434721915,124.85736083984375,3944200,0.0,0.0
2016-11-11 00:00:00-05:00,124.7807562723984,127.34258281475661,123.73389864703047,127.12129974365234,3218000,0.0,0.0
2016-11-14 00:00:00-05:00,128.44905855638697,129.48741006803712,127.2404882531417,129.36825561523438,3890800,0.0,0.0
2016-11-15 00:00:00-05:00,129.35122621102238,129.36825198576264,127.91285343670397,128.64480590820312,2799900,0.0,0.0
2016-11-16 00:00:00-05:00,129.52990838889153,129.8363072674692,129.1979773526703,129.4873504638672,2152300,0.0,0.0
2016-11-17 00:00:00-05:00,128.71289483934407,128.85758145615625,127.28304145894539,128.68736267089844,2098700,0.0,0.0
2016-11-18 00:00:00-05:00,128.3809244076614,128.68732332218227,127.25747037898964,127.97239685058594,2020500,0.0,0.0
2016-11-21 00:00:00-05:00,128.1341677653631,128.76397866482577,127.76818498414902,128.66184997558594,1181200,0.0,0.0
2016-11-22 00:00:00-05:00,129.30862247120285,130.26187071613657,128.69583765305052,129.93844604492188,1954200,0.0,0.0
2016-11-23 00:00:00-05:00,130.00655380564854,130.50870366258545,128.67030999765308,129.0277862548828,2166900,0.0,0.0
2016-11-25 00:00:00-05:00,129.2745738951501,130.57676588309204,129.12138094920653,129.2660675048828,886800,0.0,0.0
2016-11-28 00:00:00-05:00,128.55970064989668,129.73421934820897,128.5256491010408,128.72991943359375,1733500,0.0,0.0
2016-11-29 00:00:00-05:00,129.04479834371358,129.5554675768403,128.7979831060458,128.92564392089844,1496800,0.0,0.0
2016-11-30 00:00:00-05:00,128.62779917946457,128.97674316348076,127.72562787864814,127.7596664428711,2750500,0.0,0.0
2016-12-01 00:00:00-05:00,127.75960379901765,130.11717256147352,127.75960379901765,129.14691162109375,2305200,0.0,0.0
2016-12-02 00:00:00-05:00,129.35973658348615,130.10870179070824,128.88310583197745,129.44483947753906,1829200,0.0,0.0
2016-12-05 00:00:00-05:00,129.44484807100537,129.56400252007785,128.32990008607135,129.17250061035156,2432100,0.0,0.0
2016-12-06 00:00:00-05:00,129.24058970005532,129.43634065337025,128.02350006349883,128.52565002441406,2245400,0.0,0.0
2016-12-07 00:00:00-05:00,128.17660790309844,130.99376754475517,128.0744663208778,130.9427032470703,2811300,0.0,0.0
2016-12-08 00:00:00-05:00,133.31735150977332,136.94306133683224,133.28331295636312,134.1259002685547,5504300,0.0,0.0
2016-12-09 00:00:00-05:00,133.86207603867112,136.03240096912998,133.8450502664048,135.9217529296875,2614700,0.0,0.0
2016-12-12 00:00:00-05:00,134.98550554796986,137.26646489401853,134.95145401294664,136.45791625976562,2299200,0.0,0.0
2016-12-13 00:00:00-05:00,136.90056613692565,137.91337255790356,135.4451674527894,135.9813690185547,3583300,0.0,0.0
2016-12-14 00:00:00-05:00,136.21963013186937,136.5600676176249,134.6876354722542,135.3174591064453,2119100,0.0,0.0
2016-12-15 00:00:00-05:00,135.62390007616477,137.4537748562871,135.38559116489847,136.27073669433594,1811100,0.0,0.0
2016-12-16 00:00:00-05:00,136.59412158987536,137.24095801906847,136.04941381085538,136.52603149414062,3767100,0.0,0.0
2016-12-19 00:00:00-05:00,137.8878176474996,140.03261056999642,137.58141865857147,139.12193298339844,3231900,0.0,0.0
2016-12-20 00:00:00-05:00,139.85391730268574,140.3901059154691,139.1560032849325,139.46240234375,2204600,0.0,0.0
2016-12-21 00:00:00-05:00,139.24109611210514,139.60706585087198,138.7474525443171,138.76446533203125,1313400,0.0,0.0
2016-12-22 00:00:00-05:00,139.2921452767458,139.3006516696763,137.81121473469022,137.9388885498047,1965900,0.0,0.0
2016-12-23 00:00:00-05:00,138.02398418824131,138.4495375758798,137.47927637153842,137.9473876953125,1254100,0.0,0.0
2016-12-27 00:00:00-05:00,137.9303661339542,138.5261382974629,137.70908304089647,137.92185974121094,1301100,0.0,0.0
2016-12-28 00:00:00-05:00,137.8963388979232,138.60275915939005,136.64521075840312,137.03671264648438,1281000,0.0,0.0
2016-12-29 00:00:00-05:00,136.73037518309349,137.4027571865103,136.73037518309349,137.138916015625,858200,0.0,0.0
2016-12-30 00:00:00-05:00,136.93459908812946,137.01971497937956,135.89624755181413,136.27073669433594,1472300,0.0,0.0
2017-01-03 00:00:00-05:00,136.73028220794328,137.01966834759008,134.90891444206588,135.947265625,2099000,0.0,0.0
2017-01-04 00:00:00-05:00,136.00686038031424,136.59412611196768,135.27490806050616,135.97280883789062,2163600,0.0,0.0
2017-01-05 00:00:00-05:00,136.98561851616137,139.02828235470312,136.71327112980356,138.65379333496094,2880900,0.0,0.0
2017-01-06 00:00:00-05:00,138.44955891386354,138.6878678087208,137.13885999214867,138.5857391357422,2167000,0.0,0.0
2017-01-09 00:00:00-05:00,138.16014534480547,138.28780614875646,136.78986310601823,137.0026397705078,2318300,0.0,0.0
2017-01-10 00:00:00-05:00,136.67069288367952,138.22821944599568,136.61110919082356,137.5898895263672,1477900,0.0,0.0
2017-01-11 00:00:00-05:00,137.42825274758113,138.20276325933034,136.47501703272832,137.48782348632812,1378300,0.0,0.0
2017-01-12 00:00:00-05:00,137.32608007828753,137.84525571817687,136.7473207318716,137.76864624023438,1296900,0.0,0.0
2017-01-13 00:00:00-05:00,137.8708256765527,137.98998013541132,137.32611772364726,137.7601776123047,1250100,0.0,0.0
2017-01-17 00:00:00-05:00,137.75165286174501,139.79430416623353,137.59844687113522,139.41981506347656,2430500,0.0,0.0
2017-01-18 00:00:00-05:00,139.28361479704714,139.9049320766656,138.38144371764966,139.81130981445312,1834700,0.0,0.0
2017-01-19 00:00:00-05:00,139.73469947720588,140.26239449136585,139.20701744990419,139.326171875,1980400,0.0,0.0
2017-01-20 00:00:00-05:00,139.913427409553,140.2368521056055,138.92614053823513,139.7857666015625,1897100,0.0,0.0
2017-01-23 00:00:00-05:00,139.62406515438386,139.87939977715698,138.02398030607358,138.73890686035156,1421600,0.0,0.0
2017-01-24 00:00:00-05:00,138.92617008080396,139.42833300168516,138.69638057755643,139.3006591796875,1347400,0.0,0.0
2017-01-25 00:00:00-05:00,139.75171740022265,140.21982868211714,139.4963827931113,139.70065307617188,1299200,0.0,0.0
2017-01-26 00:00:00-05:00,139.87087222256386,139.95598808746598,139.0708298451714,139.64108276367188,1180000,0.0,0.0
2017-01-27 00:00:00-05:00,140.05809478971076,140.07512055739488,136.78134229414613,137.93032836914062,2341100,0.0,0.0
2017-01-30 00:00:00-05:00,137.9048401453314,138.9772300876771,136.68776359871475,138.9431915283203,2149800,0.0,0.0
2017-01-31 00:00:00-05:00,138.29630167841168,139.58146783503977,138.17714728631938,139.53890991210938,1796600,0.0,0.0
2017-02-01 00:00:00-05:00,139.44536581240865,139.53898810057342,137.7176196655276,137.7601776123047,2219700,0.0,0.0
2017-02-02 00:00:00-05:00,141.99862358664433,143.73488834235215,141.4198773259792,143.1135711669922,5816300,0.0,0.0
2017-02-03 00:00:00-05:00,142.74763151373708,143.70086696044498,142.26249441091392,143.25830078125,3227700,0.0,0.0
2017-02-06 00:00:00-05:00,143.1390299659008,143.1390299659008,141.8879158392787,142.16026306152344,2172800,0.0,0.0
2017-02-07 00:00:00-05:00,142.58586845013272,143.0539796144408,141.73476196479228,142.57736206054688,2732600,0.0,0.0
2017-02-08 00:00:00-05:00,142.9443968343403,143.8575404257957,142.9443968343403,143.72952270507812,2089900,0.45,0.0
2017-02-09 00:00:00-05:00,143.75506999670904,146.28966626330129,143.5161193000867,145.89710998535156,2606900,0.0,0.0
2017-02-10 00:00:00-05:00,146.4858968899894,147.01501299389557,145.30821541628157,146.7845916748047,2070000,0.0,0.0
2017-02-13 00:00:00-05:00,147.2028345977138,147.2028345977138,145.74351621725063,146.7505340576172,2272200,0.0,0.0
2017-02-14 00:00:00-05:00,146.4945527734718,148.18428003906226,146.40067831305888,148.17575073242188,2244700,0.0,0.0
2017-02-15 00:00:00-05:00,147.79168615674334,149.34487915039062,147.68928240660046,149.34487915039062,2346500,0.0,0.0
2017-02-16 00:00:00-05:00,149.4302047876188,150.05318255608194,148.92668936417107,149.9849090576172,2206500,0.0,0.0
2017-02-17 00:00:00-05:00,149.7459559668019,150.62495608521218,148.9010860861676,150.0787811279297,2424400,0.0,0.0
2017-02-21 00:00:00-05:00,150.66764781898618,151.0516748965586,150.19827560335773,151.00047302246094,2317000,0.0,0.0
2017-02-22 00:00:00-05:00,151.11142897808358,151.1284875893383,149.40463028008165,150.63351440429688,1815200,0.0,0.0
2017-02-23 00:00:00-05:00,150.64204267147542,151.08580091581214,149.5240917121235,150.0702667236328,2599900,0.0,0.0
2017-02-24 00:00:00-05:00,149.53260531902046,151.6575739644807,149.4472601923094,151.52955627441406,1684300,0.0,0.0
2017-02-27 00:00:00-05:00,151.33325425941078,151.7770254090625,150.6676040458512,151.5807342529297,2340400,0.0,0.0
2017-02-28 00:00:00-05:00,151.00895258622222,151.79407811473135,149.7544549966926,151.20523071289062,2992100,0.0,0.0
2017-03-01 00:00:00-05:00,151.36745884700474,152.51102402600196,151.2394541360704,151.78562927246094,2352300,0.0,0.0
2017-03-02 00:00:00-05:00,151.4783876968787,152.1184372223585,150.6335176353827,151.8880157470703,3190300,0.0,0.0
2017-03-03 00:00:00-05:00,145.67522608703229,146.6907731157094,144.99250419178546,145.2997283935547,10396500,0.0,0.0
2017-03-06 00:00:00-05:00,144.57437886339113,145.35950465853608,141.75815856268943,142.28726196289062,5793600,0.0,0.0
2017-03-07 00:00:00-05:00,142.1251611741299,143.90023387377403,142.1251611741299,142.51773071289062,2811900,0.0,0.0
2017-03-08 00:00:00-05:00,142.5176735854711,142.86757040035346,141.80082134657,141.8690948486328,2375900,0.0,0.0
2017-03-09 00:00:00-05:00,142.00561969421167,142.33844485670443,140.9132697751668,141.46798706054688,1993700,0.0,0.0
2017-03-10 00:00:00-05:00,142.08246408695223,142.0909933926867,140.7938227198032,141.12664794921875,2164200,0.0,0.0
2017-03-13 00:00:00-04:00,140.68293289135215,140.9048121052016,140.21356049489683,140.42691040039062,2127700,0.0,0.0
2017-03-14 00:00:00-04:00,140.13668591624176,141.08395953258548,140.04281148500633,141.01568603515625,1974400,0.0,0.0
2017-03-15 00:00:00-04:00,141.29735185052598,142.12513732910156,140.66583157563602,142.12513732910156,2079700,0.0,0.0
2017-03-16 00:00:00-04:00,142.32994265618825,143.0894675573746,141.8861713477457,142.5688934326172,2726600,0.0,0.0
2017-03-17 00:00:00-04:00,143.4222731482928,143.66976621832347,142.57741624081146,143.20892333984375,3976000,0.0,0.0
2017-03-20 00:00:00-04:00,143.16625420778212,143.6185547707959,142.34699821591684,142.89317321777344,1603300,0.0,0.0
2017-03-21 00:00:00-04:00,142.9528726908696,144.05376477695242,142.2189489740932,142.32989501953125,2241900,0.0,0.0
2017-03-22 00:00:00-04:00,142.79081114072292,143.34551560912325,142.55184729970657,143.0980224609375,1534200,0.0,0.0
2017-03-23 00:00:00-04:00,143.3710562794262,143.72948235750425,142.03121337204715,142.43231201171875,1430500,0.0,0.0
2017-03-24 00:00:00-04:00,142.83344729435564,142.9102631336656,141.3741416750797,141.68136596679688,1410400,0.0,0.0
2017-03-27 00:00:00-04:00,141.2631787292948,141.93737143818115,141.08397217659083,141.7922821044922,1212300,0.0,0.0
2017-03-28 00:00:00-04:00,141.75817964333365,142.5603771899258,140.93891046204928,142.32142639160156,1446400,0.0,0.0
2017-03-29 00:00:00-04:00,141.90323953403853,142.92731612555056,141.7922934541626,142.8846435546875,1216700,0.0,0.0
2017-03-30 00:00:00-04:00,142.7736887593682,143.52467120049184,142.31284589915487,143.27719116210938,1034000,0.0,0.0
2017-03-31 00:00:00-04:00,143.0211307240655,143.5161036909019,142.6285744888112,143.10647583007812,1720300,0.0,0.0
2017-04-03 00:00:00-04:00,143.14921561440082,143.6271171801185,142.0056505571866,142.2616729736328,1547900,0.0,0.0
2017-04-04 00:00:00-04:00,142.17631378788806,142.7907622616699,141.7581434865581,142.73101806640625,1322400,0.0,0.0
2017-04-05 00:00:00-04:00,142.76521086296023,143.71248492330292,142.27877987080817,142.51773071289062,1715200,0.0,0.0
2017-04-06 00:00:00-04:00,144.80475932356558,146.878525997944,144.48900580984633,145.0949249267578,3313800,0.0,0.0
2017-04-07 00:00:00-04:00,144.82180807431726,145.9312293815853,144.59138669760088,145.60693359375,1510000,0.0,0.0
2017-04-10 00:00:00-04:00,145.24854768591635,146.41771349668747,144.94986576575533,146.1190185546875,2002300,0.0,0.0
2017-04-11 00:00:00-04:00,145.7520735542079,146.30679096116742,144.76214017561983,145.61553955078125,1191400,0.0,0.0
2017-04-12 00:00:00-04:00,146.29823988633143,146.31531151892946,144.81333339631075,145.22296142578125,1422300,0.0,0.0
2017-04-13 00:00:00-04:00,145.1205245599796,145.60695529238603,144.0537756482212,144.08790588378906,1422500,0.0,0.0
2017-04-17 00:00:00-04:00,144.02818339123624,144.86451094231433,143.9769815238818,144.82183837890625,1504100,0.0,0.0
2017-04-18 00:00:00-04:00,145.12049300136627,145.35091436231195,144.62552005132912,145.1887664794922,1542700,0.0,0.0
2017-04-19 00:00:00-04:00,145.82883706610735,145.87149660208487,144.92423613653315,145.12904357910156,1441300,0.0,0.0
2017-04-20 00:00:00-04:00,145.35949021246662,146.08487173390444,145.03519434297758,145.20587158203125,1933600,0.0,0.0
2017-04-21 00:00:00-04:00,146.37505007877797,146.68227434449622,145.62405453550227,145.73500061035156,2257900,0.0,0.0
2017-04-24 00:00:00-04:00,146.78463042483682,147.30520434430994,146.2128546480115,147.06625366210938,1906900,0.0,0.0
2017-04-25 00:00:00-04:00,147.56126617712656,147.6721992238245,147.0321497918141,147.36497497558594,1503000,0.0,0.0
2017-04-26 00:00:00-04:00,151.9477919139819,152.13554085602772,149.70334693888026,150.88104248046875,4591300,0.0,0.0
2017-04-27 00:00:00-04:00,151.3247206686311,151.72580622845055,150.55665373655646,151.43565368652344,2148700,0.0,0.0
2017-04-28 00:00:00-04:00,151.9647945051344,151.9647945051344,150.9919069628364,151.49542236328125,2364500,0.0,0.0
2017-05-01 00:00:00-04:00,152.33180440885147,152.33180440885147,151.3333285980364,151.78562927246094,3328000,0.0,0.0
2017-05-02 00:00:00-04:00,152.51950013582317,152.7072489942706,151.85384982745055,152.40855407714844,2505300,0.0,0.0
2017-05-03 00:00:00-04:00,152.53653374370955,154.0043809865085,152.50239049331816,153.4582061767578,2900500,0.0,0.0
2017-05-04 00:00:00-04:00,153.6545296099158,156.32566026924152,153.61185704525778,155.7026824951172,3762200,0.0,0.0
2017-05-05 00:00:00-04:00,155.9757429585895,156.10374760320576,153.40700356738128,153.78250122070312,3713600,0.0,0.0
2017-05-08 00:00:00-04:00,155.0788501947762,155.11435982891652,152.3619093208737,153.28530883789062,3538000,7.0,0.0
2017-05-09 00:00:00-04:00,154.14654532207214,154.42178898630524,152.99228589789087,153.32080078125,2662100,0.0,0.0
2017-05-10 00:00:00-04:00,153.18725322602586,153.2406791474725,151.96731606143712,152.5817413330078,2554500,0.5,0.0
2017-05-11 00:00:00-04:00,152.07418117650843,152.75984559900465,151.4686692306447,152.50160217285156,2106000,0.0,0.0
2017-05-12 00:00:00-04:00,152.52828963768488,153.02696323543498,151.66454799752864,152.1632080078125,1586800,0.0,0.0
2017-05-15 00:00:00-04:00,151.64675040862014,153.14273059316,151.64675040862014,152.77764892578125,1733600,0.0,0.0
2017-05-16 00:00:00-04:00,153.12493612000185,153.12493612000185,151.94061164065585,152.27008056640625,1129200,0.0,0.0
2017-05-17 00:00:00-04:00,151.96732704339692,152.71531717263784,150.54257229367946,150.62271118164062,2201400,0.0,0.0
2017-05-18 00:00:00-04:00,151.4508071697793,152.28784930853675,151.10352517470588,152.0207061767578,1589700,0.0,0.0
2017-05-19 00:00:00-04:00,152.58175124617674,153.54344506963125,152.1008907469813,152.83998107910156,1871800,0.0,0.0
2017-05-22 00:00:00-04:00,153.37427428134782,154.2647426359104,152.8310880415659,153.51673889160156,1594100,0.0,0.0
2017-05-23 00:00:00-04:00,154.02425929238944,154.5318190140797,153.4454604963899,153.5790252685547,1788000,0.0,0.0
2017-05-24 00:00:00-04:00,154.0064800852131,154.16677143461902,152.98244703958062,154.05990600585938,1420800,0.0,0.0
2017-05-25 00:00:00-04:00,154.4695219018008,155.87646330797782,154.3181439361792,155.5915069580078,2726900,0.0,0.0
2017-05-26 00:00:00-04:00,160.5069113237527,160.58705020988458,158.07593666547623,158.37869262695312,4471300,0.0,0.0
2017-05-30 00:00:00-04:00,158.21840047986544,159.74110724613365,158.05812270839928,159.3225860595703,2086300,0.0,0.0
2017-05-31 00:00:00-04:00,159.60751436068165,160.7027863687728,159.19789303765413,160.6671600341797,2456200,0.0,0.0
2017-06-01 00:00:00-04:00,161.00552308549726,161.2637664243883,160.15958117052216,160.84524536132812,2028300,0.0,0.0
2017-06-02 00:00:00-04:00,160.80078914825557,161.39740136002797,160.16855059064818,161.1480712890625,2239900,0.0,0.0
2017-06-05 00:00:00-04:00,161.26381945341305,162.25223983987397,160.81858528991657,162.136474609375,1561100,0.0,0.0
2017-06-06 00:00:00-04:00,161.79810232503777,162.70638387935514,161.18367696733688,161.5754852294922,2248900,0.0,0.0
2017-06-07 00:00:00-04:00,161.56658084942657,162.27895825243812,161.29943762486366,162.2433319091797,1246200,0.0,0.0
2017-06-08 00:00:00-04:00,161.99400519571097,162.51047848385457,161.03229771994035,161.5398712158203,1823600,0.0,0.0
2017-06-09 00:00:00-04:00,161.80702053701887,162.00291108647735,160.21307447632836,160.62269592285156,2167600,0.0,0.0
2017-06-12 00:00:00-04:00,159.91028867903393,161.05898673380722,159.2068111582117,159.96371459960938,2395200,0.0,0.0
2017-06-13 00:00:00-04:00,160.1952932331405,160.98780973141277,159.42058991108564,160.7384796142578,1745400,0.0,0.0
2017-06-14 00:00:00-04:00,161.0234178144553,162.02965155075472,160.48913128832962,161.7714080810547,1440400,0.0,0.0
2017-06-15 00:00:00-04:00,160.63162481331068,161.46866744318183,158.83287449725603,160.3377685546875,1753800,0.0,0.0
2017-06-16 00:00:00-04:00,151.7357402802315,151.9138447484594,146.92721856226981,148.8061065673828,24233000,0.0,0.0
2017-06-19 00:00:00-04:00,148.7527288496142,149.04658501242758,144.60314340499022,146.3395538330078,13809100,0.0,0.0
2017-06-20 00:00:00-04:00,147.37248902050936,147.37248902050936,144.63874508890024,145.05726623535156,7337600,0.0,0.0
2017-06-21 00:00:00-04:00,145.58263092310395,145.83196089787725,144.92367965408047,145.2798614501953,3421700,0.0,0.0
2017-06-22 00:00:00-04:00,145.2977207561698,145.41348599102795,141.59336911539833,142.28793334960938,8043100,0.0,0.0
2017-06-23 00:00:00-04:00,141.94064963734343,142.29684513003124,139.41172278286905,139.91929626464844,9506700,0.0,0.0
2017-06-26 00:00:00-04:00,140.82755245292603,143.356492683933,140.7830399090879,142.65301513671875,6473900,0.0,0.0
2017-06-27 00:00:00-04:00,143.06265819073818,143.85517453313182,141.76256833202356,141.8159942626953,5533800,0.0,0.0
2017-06-28 00:00:00-04:00,142.10980858157015,142.9201378578306,142.02966970918368,142.62628173828125,3234400,0.0,0.0
2017-06-29 00:00:00-04:00,142.66194388036627,142.89346076563595,140.51591184249628,141.2995147705078,3664200,0.0,0.0
2017-06-30 00:00:00-04:00,142.11873982843073,142.95576857993208,141.3974491238636,142.41258239746094,4755100,0.0,0.0
2017-07-03 00:00:00-04:00,142.66194483803372,142.94688765355002,141.308429098791,141.4241943359375,1994300,0.0,0.0
2017-07-05 00:00:00-04:00,141.5221077462773,142.02968115388964,140.5693138159314,140.7117919921875,3770400,0.0,0.0
2017-07-06 00:00:00-04:00,143.46335349078893,143.67707078192595,139.84805423739888,139.8836669921875,6963400,0.0,0.0
2017-07-07 00:00:00-04:00,140.1241719366014,140.29336318383525,137.2123351348062,137.2301483154297,7688400,0.0,0.0
2017-07-10 00:00:00-04:00,136.6957635694239,136.77591603101286,134.4250806111423,134.460693359375,8999800,0.0,0.0
2017-07-11 00:00:00-04:00,134.86144130862095,136.32180899359906,134.39839391949033,134.55868530273438,6275600,0.0,0.0
2017-07-12 00:00:00-04:00,134.8703254869705,136.15258833793908,134.83469914842115,135.12855529785156,5112200,0.0,0.0
2017-07-13 00:00:00-04:00,136.44641175609678,137.0697366565144,135.9032257169906,136.77589416503906,5673500,0.0,0.0
2017-07-14 00:00:00-04:00,137.36362325361765,137.37253663183063,136.1525859262648,136.24163818359375,4368400,0.0,0.0
2017-07-17 00:00:00-04:00,136.24166032880476,136.6334685847911,135.81423931657824,136.09918212890625,3096500,0.0,0.0
2017-07-18 00:00:00-04:00,135.89439590265144,136.0991998495036,134.4073151646938,134.90597534179688,3256900,0.0,0.0
2017-07-19 00:00:00-04:00,135.18199837182652,135.49366773008018,134.37166891034195,134.6744384765625,4100000,0.0,0.0
2017-07-20 00:00:00-04:00,134.87924902851634,135.52038736063102,134.35387593587134,134.4518280029297,3207400,0.0,0.0
2017-07-21 00:00:00-04:00,134.4072855355048,134.66551536048286,133.57024317097188,133.96205139160156,4078000,0.0,0.0
2017-07-24 00:00:00-04:00,133.97093314951323,134.87921448530543,133.66817723340446,134.460693359375,3655600,0.0,0.0
2017-07-25 00:00:00-04:00,134.82580139668428,136.8649677167968,134.81688801817864,136.3930206298828,4605700,0.0,0.0
2017-07-26 00:00:00-04:00,136.60680643073664,136.68694535268583,134.95053410641685,135.43138122558594,3017200,0.0,0.0
2017-07-27 00:00:00-04:00,135.36006152205965,136.2327301109379,134.85250173104748,135.814208984375,3637900,0.0,0.0
2017-07-28 00:00:00-04:00,135.94778791198877,136.50878726496794,135.4491278593261,136.14369201660156,2779500,0.0,0.0
2017-07-31 00:00:00-04:00,136.3128220576163,141.2816343621601,136.26829594698742,141.14805603027344,6937100,0.0,0.0
2017-08-01 00:00:00-04:00,141.67351518572795,142.44821827634993,140.61385571064326,142.22560119628906,4787500,0.0,0.0
2017-08-02 00:00:00-04:00,141.70022936498665,143.85516108798214,141.08580404474822,143.61473083496094,5486300,0.0,0.0
2017-08-03 00:00:00-04:00,143.9085756609762,144.56752706311931,139.85694237121294,140.6138458251953,5562600,0.0,0.0
2017-08-04 00:00:00-04:00,140.99675503253573,141.08580730236818,138.7616843694157,139.30487060546875,3117900,0.0,0.0
2017-08-07 00:00:00-04:00,139.35829465164608,140.3200020854891,138.32534812039222,139.75900268554688,2629500,0.0,0.0
2017-08-08 00:00:00-04:00,139.89257555093658,141.97626811471397,139.8302362478691,140.47137451171875,2569200,0.0,0.0
2017-08-09 00:00:00-04:00,139.92816300005796,140.3110713658056,139.09112077432016,139.6788330078125,2157600,0.0,0.0
2017-08-10 00:00:00-04:00,139.0644195257216,140.3110831793779,138.35204223612752,139.48294067382812,2764600,0.0,0.0
2017-08-11 00:00:00-04:00,139.3671867898851,140.51589848978116,139.2781481136127,139.49185180664062,1887000,0.0,0.0
2017-08-14 00:00:00-04:00,140.32888946076565,140.8720756414258,139.3938950727484,140.6138458251953,2028400,0.0,0.0
2017-08-15 00:00:00-04:00,140.69395993964957,141.03234216597423,139.61648755909553,139.69664001464844,1869100,0.0,0.0
2017-08-16 00:00:00-04:00,140.5006610833066,142.82328684118943,140.34879908365536,142.71607971191406,3381800,0.5,0.0
2017-08-17 00:00:00-04:00,141.57263689964623,142.8858117776821,140.8222551496008,141.65304565429688,2650000,0.0,0.0
2017-08-18 00:00:00-04:00,141.12598475673784,141.7602447857811,140.17907246820812,140.32200622558594,2747900,0.0,0.0
2017-08-21 00:00:00-04:00,140.42028860842564,141.29573412505354,139.32151418024566,140.31309509277344,1857400,0.0,0.0
2017-08-22 00:00:00-04:00,140.72397240884632,142.4391363233096,140.72397240884632,141.76914978027344,2204600,0.0,0.0
2017-08-23 00:00:00-04:00,141.6977195824101,142.4302449351995,140.94733773144142,142.36770629882812,1731400,0.0,0.0
2017-08-24 00:00:00-04:00,142.93051629719923,143.52010794834507,134.97106989947903,135.1854705810547,10301700,0.0,0.0
2017-08-25 00:00:00-04:00,136.11449197945115,136.62368840818982,134.0509351491189,136.1859588623047,5703500,0.0,0.0
2017-08-28 00:00:00-04:00,135.69465094081602,136.92743098291055,135.0693326697956,136.2753143310547,3776400,0.0,0.0
2017-08-29 00:00:00-04:00,136.1233696205009,137.5616075857816,135.30152130189876,137.17747497558594,2446200,0.0,0.0
2017-08-30 00:00:00-04:00,137.3115218531466,138.23163566301332,136.5700684045421,137.96363830566406,2493500,0.0,0.0
2017-08-31 00:00:00-04:00,139.55375214052478,140.48279428715583,137.52592208597628,140.01828002929688,4567700,0.0,0.0
2017-09-01 00:00:00-04:00,140.7775826115788,141.63517146626305,140.4291901211254,141.35824584960938,2833500,0.0,0.0
2017-09-05 00:00:00-04:00,141.10808023658524,142.68031013992032,140.6703508651817,142.1621856689453,3413000,0.0,0.0
2017-09-06 00:00:00-04:00,142.2068592719072,142.8768457209192,141.22420702765925,141.9120635986328,2873700,0.0,0.0
2017-09-07 00:00:00-04:00,142.0103059386252,142.57309882699425,140.7596702210351,142.2872314453125,2479300,0.0,0.0
2017-09-08 00:00:00-04:00,141.47437811448768,141.59051349691373,138.4907074737322,140.5274658203125,3364600,0.0,0.0
2017-09-11 00:00:00-04:00,141.04559973286592,141.1438649942377,140.30414614813583,140.5721435546875,2442500,0.0,0.0
2017-09-12 00:00:00-04:00,140.84906351362082,143.51114008096323,140.6525329988257,142.96621704101562,2988400,0.0,0.0
2017-09-13 00:00:00-04:00,143.05556177327918,146.45909207911657,142.93942638165376,145.6015167236328,4202000,0.0,0.0
2017-09-14 00:00:00-04:00,145.32454828430394,145.32454828430394,144.39550623039156,145.04762268066406,2493300,0.0,0.0
2017-09-15 00:00:00-04:00,144.93152592632217,145.31564508638186,144.44912787541676,144.98512268066406,3757800,0.0,0.0
2017-09-18 00:00:00-04:00,144.8779091356404,146.02136557834038,143.60940269228084,143.743408203125,2047100,0.0,0.0
2017-09-19 00:00:00-04:00,143.78810018275374,144.41341844271378,142.8858426075325,144.32408142089844,1790800,0.0,0.0
2017-09-20 00:00:00-04:00,144.27937211921727,145.64614365489942,144.05604325873443,145.47642517089844,2432300,0.0,0.0
2017-09-21 00:00:00-04:00,145.54788344476736,145.54788344476736,143.28779638898956,144.25257873535156,1738800,0.0,0.0
2017-09-22 00:00:00-04:00,143.7344474927312,144.71709991986037,143.26099140445396,144.0828399658203,1535900,0.0,0.0
2017-09-25 00:00:00-04:00,143.6719135329117,145.34240892385097,143.39498794734538,145.0118865966797,1799600,0.0,0.0
2017-09-26 00:00:00-04:00,145.35138965731588,147.15587738465058,145.244182514536,146.56629943847656,2370400,0.0,0.0
2017-09-27 00:00:00-04:00,146.94149066235997,147.68294425975031,145.94990978282763,146.8789520263672,2053100,0.0,0.0
2017-09-28 00:00:00-04:00,146.92354861196665,147.35233608132398,146.0927584072472,146.4143524169922,1730200,0.0,0.0
2017-09-29 00:00:00-04:00,146.4144400584111,147.45963143889855,146.28937640369955,146.76283264160156,1852300,0.0,0.0
2017-10-02 00:00:00-04:00,147.32557585689142,148.66554897257723,146.76278278641175,148.1920928955078,2267100,0.0,0.0
2017-10-03 00:00:00-04:00,148.57622184741737,149.44272523317832,147.42383736380108,147.468505859375,2839400,0.0,0.0
2017-10-04 00:00:00-04:00,147.60249699634343,148.22781503859977,147.12011268686314,147.5846405029297,1918600,0.0,0.0
2017-10-05 00:00:00-04:00,148.1652678530516,149.29084016048998,147.62034500552556,149.24618530273438,4715400,0.0,0.0
2017-10-06 00:00:00-04:00,142.03718398647894,142.44811517045736,139.83962155738757,140.33094787597656,18001200,0.0,0.0
2017-10-09 00:00:00-04:00,140.25946076582684,140.92051913832697,137.66885128633044,138.11550903320312,7028800,0.0,0.0
2017-10-10 00:00:00-04:00,139.0623932462397,140.57209830731952,138.53534048258163,140.13436889648438,5420200,0.0,0.0
2017-10-11 00:00:00-04:00,140.51848161614356,142.00138809771622,140.30408106417505,141.0276641845703,3859300,0.0,0.0
2017-10-12 00:00:00-04:00,141.027716896856,141.13492402836533,139.67881536767186,140.4470672607422,3596300,0.0,0.0
2017-10-13 00:00:00-04:00,140.62571466823687,143.00193700564793,140.33091893787426,142.79647827148438,3634500,0.0,0.0
2017-10-16 00:00:00-04:00,142.3766433293872,142.7518342420923,141.4297309833819,141.86744689941406,2453700,0.0,0.0
2017-10-17 00:00:00-04:00,142.03714278942755,142.27834175421555,140.7597083625233,141.48329162597656,2426800,0.0,0.0
2017-10-18 00:00:00-04:00,141.8942381227159,141.8942381227159,140.52746642715886,140.7418670654297,3011300,0.0,0.0
2017-10-19 00:00:00-04:00,140.37559605885014,141.82276279596928,140.2505324350363,141.55477905273438,2981700,0.0,0.0
2017-10-20 00:00:00-04:00,142.01036133721416,143.8327188981669,141.59943022346818,143.6183319091797,3993200,0.0,0.0
2017-10-23 00:00:00-04:00,143.68977384250613,145.06547342974142,143.44857489084768,144.7528076171875,2811200,0.0,0.0
2017-10-24 00:00:00-04:00,143.966713378014,145.512145205963,143.82377964235442,144.9761505126953,3040700,0.0,0.0
2017-10-25 00:00:00-04:00,143.8238085856425,145.61043974819705,143.4486176772157,144.87791442871094,3603900,0.0,0.0
2017-10-26 00:00:00-04:00,145.1280059814453,146.10171636251007,143.63615747280775,145.1280059814453,3038900,0.0,0.0
2017-10-27 00:00:00-04:00,143.64513942192477,145.32456334312764,143.555802416888,145.05657958984375,3399900,0.0,0.0
2017-10-30 00:00:00-04:00,144.70816914895542,144.71709739598754,142.45701048391817,143.13592529296875,2550700,0.0,0.0
2017-10-31 00:00:00-04:00,142.7875323934426,144.0649805225623,142.68033890573605,143.89524841308594,2513600,0.0,0.0
2017-11-01 00:00:00-04:00,144.69030786444108,145.86947719756589,144.08284625635494,145.33349609375,2129400,0.0,0.0
2017-11-02 00:00:00-04:00,146.26254049280587,147.88838121779267,145.26203151183708,147.35238647460938,3255700,0.0,0.0
2017-11-03 00:00:00-04:00,146.64674301354302,149.24629558229287,146.30727860594956,148.68350219726562,3112500,0.0,0.0
2017-11-06 00:00:00-05:00,148.11172864080186,148.81744196450566,147.37920330875923,147.44174194335938,1917300,0.0,0.0
2017-11-07 00:00:00-05:00,147.57568415333327,148.7369967641603,147.03970315435058,148.54046630859375,1944200,0.0,0.0
2017-11-08 00:00:00-05:00,148.85316231197368,151.14004775241764,148.30823932570286,151.01498413085938,3494300,0.0,0.0
2017-11-09 00:00:00-05:00,149.61247959614468,151.24724863480043,149.22836046506666,151.06858825683594,2094000,0.0,0.0
2017-11-10 00:00:00-05:00,150.47002749561128,153.09637659192794,150.14843345053353,153.07850646972656,2673100,0.0,0.0
2017-11-13 00:00:00-05:00,152.75694608155007,154.62397215112782,152.44428021322872,153.16787719726562,4093300,0.0,0.0
2017-11-14 00:00:00-05:00,152.5961579156484,153.49840164970087,151.65817392883218,153.15000915527344,1774300,0.0,0.0
2017-11-15 00:00:00-05:00,151.23834960703385,152.5157845056569,149.2373175468439,150.97035217285156,2439900,0.0,0.0
2017-11-16 00:00:00-05:00,152.5203318270124,153.5148549173494,151.56165504285264,153.1923065185547,2342700,0.5,0.0
2017-11-17 00:00:00-05:00,153.2102296716433,154.28538644383897,152.89663601371288,153.1923065185547,2100600,0.0,0.0
2017-11-20 00:00:00-05:00,153.308731386348,154.5810013710094,153.07578516538922,154.3570098876953,1955000,0.0,0.0
2017-11-21 00:00:00-05:00,154.96635736719082,156.06839223117683,154.59900785540796,155.3784942626953,2360200,0.0,0.0
2017-11-22 00:00:00-05:00,155.75478490806776,155.89814280326644,153.29984589175655,154.53627014160156,1950100,0.0,0.0
2017-11-24 00:00:00-05:00,154.44664429549812,155.1454967760911,153.65818973427196,153.7657012939453,789400,0.0,0.0
2017-11-27 00:00:00-05:00,154.33022252408003,155.0559531682701,153.3177760508275,154.65277099609375,2346700,0.0,0.0
2017-11-28 00:00:00-05:00,155.2889073195786,156.05942532045296,154.59900934445224,155.58456420898438,2728400,0.0,0.0
2017-11-29 00:00:00-05:00,155.89810793764738,159.24902621385823,155.49492591001135,159.0608673095703,4683000,0.0,0.0
2017-11-30 00:00:00-05:00,161.65920699825406,165.6641778010772,161.47106171486243,165.24307250976562,7716600,0.0,0.0
2017-12-01 00:00:00-05:00,164.1947881479367,165.91504189694922,162.28638912165172,165.87025451660156,4034400,0.0,0.0
2017-12-04 00:00:00-05:00,167.74281285324787,170.1260865076272,167.15147181033677,169.83937072753906,5774200,0.0,0.0
2017-12-05 00:00:00-05:00,169.93787871776442,171.32662882671502,167.41126157100203,168.2803497314453,3182800,0.0,0.0
2017-12-06 00:00:00-05:00,168.10113299909284,168.42368129914297,166.21064423211823,167.7427520751953,3569200,0.0,0.0
2017-12-07 00:00:00-05:00,167.10661996359408,168.26242380261112,166.25545496615658,166.82887268066406,2240800,0.0,0.0
2017-12-08 00:00:00-05:00,167.35754504925185,168.91653138778696,166.60493661190162,168.50439453125,1772500,0.0,0.0
2017-12-11 00:00:00-05:00,168.62983132545276,169.24803661779063,167.5815386740035,169.2122039794922,1964100,0.0,0.0
2017-12-12 00:00:00-05:00,167.50982741301652,169.44510379117824,167.36646955645412,168.71041870117188,3365700,0.0,0.0
2017-12-13 00:00:00-05:00,168.9165269774223,170.3411101262172,168.26247540047086,168.69253540039062,3062900,0.0,0.0
2017-12-14 00:00:00-05:00,168.96130618236995,170.00063024655105,166.80202437782793,167.12457275390625,3743200,0.0,0.0
2017-12-15 00:00:00-05:00,173.2888755051347,175.02705261688234,172.0255595212732,172.6796112060547,8452900,0.0,0.0
2017-12-18 00:00:00-05:00,172.58999948085133,174.13106267071527,171.93593421294025,172.30328369140625,3492300,0.0,0.0
2017-12-19 00:00:00-05:00,172.84084687671694,172.92148055543515,167.54568323246824,168.73731994628906,3959900,0.0,0.0
2017-12-20 00:00:00-05:00,169.37343638004745,169.5705500283848,166.11212011395523,168.0026092529297,3894400,0.0,0.0
2017-12-21 00:00:00-05:00,168.44164228024138,168.80002328463448,167.16937194187923,167.36648559570312,1908100,0.0,0.0
2017-12-22 00:00:00-05:00,167.78760548210778,167.97575074090747,166.62284660883662,167.2141876220703,1078300,0.0,0.0
2017-12-26 00:00:00-05:00,166.8199839022277,167.85033977946958,166.75725969283903,167.1425323486328,1120000,0.0,0.0
2017-12-27 00:00:00-05:00,167.41130224690843,167.59944750678,166.47053493346976,166.91851806640625,1175200,0.0,0.0
2017-12-28 00:00:00-05:00,167.16042807915727,167.56361015317498,166.81995653287748,167.20521545410156,1017000,0.0,0.0
2017-12-29 00:00:00-05:00,167.06187157867495,168.0832725481894,166.58699689253658,166.75723266601562,2028000,0.0,0.0
2018-01-02 00:00:00-05:00,167.75176464955948,170.84284561580282,167.31274991712806,168.72837829589844,2509300,0.0,0.0
2018-01-03 00:00:00-05:00,169.17630908499532,172.115076513025,168.78208185197929,170.75320434570312,3364400,0.0,0.0
2018-01-04 00:00:00-05:00,172.0255430990979,172.2943357444626,168.04745022751334,169.42724609375,3525800,0.0,0.0
2018-01-05 00:00:00-05:00,169.72291418290467,169.94690579028622,167.29485281485165,168.2176971435547,2819000,0.0,0.0
2018-01-08 00:00:00-05:00,167.83239370869765,169.31968719772533,167.76966951298246,168.8717041015625,1961800,0.0,0.0
2018-01-09 00:00:00-05:00,169.346559698904,169.60639754236803,166.78409592357022,166.90953063964844,2241900,0.0,0.0
2018-01-10 00:00:00-05:00,166.42575171673724,166.86478015574212,164.7502989948823,166.1300811767578,2609500,0.0,0.0
2018-01-11 00:00:00-05:00,166.13899291789537,170.83386036062174,165.78061193445106,169.67807006835938,4678600,0.0,0.0
2018-01-12 00:00:00-05:00,170.32321413964772,172.18681217742306,170.23361203319072,171.88218688964844,3499500,0.0,0.0
2018-01-16 00:00:00-05:00,172.33916075797492,172.77817559079145,171.0310436600557,171.60446166992188,2006600,0.0,0.0
2018-01-17 00:00:00-05:00,172.50039144894953,172.5272693443659,171.4341893595645,172.2853546142578,2585200,0.0,0.0
2018-01-18 00:00:00-05:00,172.23155295975917,172.9483285465,171.32663215520515,171.58645629882812,1908000,0.0,0.0
2018-01-19 00:00:00-05:00,171.76570618863434,172.59894828926312,171.27292198706635,172.2853546142578,2353800,0.0,0.0
2018-01-22 00:00:00-05:00,172.4735074992417,174.4983863539067,172.07928015182577,174.15792846679688,3009100,0.0,0.0
2018-01-23 00:00:00-05:00,173.4680263023526,173.9070546867776,172.0882442920113,173.29779052734375,2316400,0.0,0.0
2018-01-24 00:00:00-05:00,174.20270806218545,174.48942381890308,171.96279248042802,174.03248596191406,2799200,0.0,0.0
2018-01-25 00:00:00-05:00,174.71342382642027,177.80450474446178,174.48047751634147,177.3565216064453,3558700,0.0,0.0
2018-01-26 00:00:00-05:00,177.1773505293053,178.5033769353739,175.33166198554562,178.2166748046875,2756200,0.0,0.0
2018-01-29 00:00:00-05:00,177.73282143322965,179.08573922645596,177.00709095489876,177.6880340576172,2031100,0.0,0.0
2018-01-30 00:00:00-05:00,177.0339781910601,178.10913501833775,175.68107399779984,177.32069396972656,2285000,0.0,0.0
2018-01-31 00:00:00-05:00,176.89959437597,177.8224386021264,173.90707011500913,174.59695434570312,2682300,0.0,0.0
2018-02-01 00:00:00-05:00,173.2888192907481,175.07178320980893,172.419731016804,173.3425750732422,2096600,0.0,0.0
2018-02-02 00:00:00-05:00,171.35353650129295,173.45906254906825,170.95035444379707,171.12059020996094,2386600,0.0,0.0
2018-02-05 00:00:00-05:00,170.82492560924166,172.1151191747799,163.5407157454336,163.75575256347656,3407200,0.0,0.0
2018-02-06 00:00:00-05:00,160.29732466293717,165.9687926516467,157.86925011618385,165.76271057128906,4067900,0.0,0.0
2018-02-07 00:00:00-05:00,165.3953498012429,166.81993263869225,164.02452274311497,164.1320343017578,2594800,0.0,0.0
2018-02-08 00:00:00-05:00,165.31471362793562,165.31471362793562,159.956839742368,160.0285186767578,3013200,0.0,0.0
2018-02-09 00:00:00-05:00,161.07685668326636,163.1286276294141,157.50194541754306,161.9190673828125,2777200,0.0,0.0
2018-02-12 00:00:00-05:00,162.92250065703342,164.19477109957728,161.61439757965965,162.22364807128906,1596200,0.0,0.0
2018-02-13 00:00:00-05:00,161.47101666206564,165.39535267705895,161.31870406088728,164.99215698242188,2123900,0.0,0.0
2018-02-14 00:00:00-05:00,163.70201544921528,168.87173137034236,163.34362071159728,167.8592987060547,2191000,0.0,0.0
2018-02-15 00:00:00-05:00,168.97323936381287,172.22532555483244,167.60773629380296,172.01869201660156,2072900,0.5,0.0
2018-02-16 00:00:00-05:00,171.99175560048266,174.83956734776942,171.62342313366165,172.090576171875,1969300,0.0,0.0
2018-02-20 00:00:00-05:00,170.5723042564614,172.01867030177826,168.55997842502344,169.0001678466797,2202100,0.0,0.0
2018-02-21 00:00:00-05:00,169.36854428526212,169.91654681036323,166.81719410948926,166.87109375,1747200,0.0,0.0
2018-02-22 00:00:00-05:00,167.4101490780449,169.18890608939202,166.79027567961919,167.62574768066406,1360100,0.0,0.0
2018-02-23 00:00:00-05:00,168.73967611125337,170.55437484604332,167.01481924065908,170.5184326171875,1561700,0.0,0.0
2018-02-26 00:00:00-05:00,170.77891296304526,173.47400355978175,170.62617909957663,173.21347045898438,1852400,0.0,0.0
2018-02-27 00:00:00-05:00,173.78847163961967,175.64809125623327,170.77896118164062,170.77896118164062,2170400,0.0,0.0
2018-02-28 00:00:00-05:00,172.12654642509278,174.06700223061563,171.4887019589994,171.4976806640625,2179800,0.0,0.0
2018-03-01 00:00:00-05:00,171.86597155689756,173.37522982663222,168.28150886867155,169.8177032470703,2447700,0.0,0.0
2018-03-02 00:00:00-05:00,168.4252407315594,171.03948266931135,168.1916710793264,170.08721923828125,2275900,0.0,0.0
2018-03-05 00:00:00-05:00,169.29665087154015,172.46787390467037,168.4432080257981,172.01869201660156,2155800,0.0,0.0
2018-03-06 00:00:00-05:00,172.61161320206153,172.7104337644968,170.75200733725308,172.000732421875,2458700,0.0,0.0
2018-03-07 00:00:00-05:00,169.97943778738454,170.46454825685683,165.99967862353304,168.3174591064453,5157100,0.0,0.0
2018-03-08 00:00:00-05:00,167.2663204707834,167.41006193633984,164.4724091332555,166.817138671875,6061500,0.0,0.0
2018-03-09 00:00:00-05:00,167.5448537432379,169.46735178478892,165.49658531421883,169.4134521484375,3288100,0.0,0.0
2018-03-12 00:00:00-04:00,169.1349161902283,170.7789231977146,168.4880933116127,170.12310791015625,2394100,0.0,0.0
2018-03-13 00:00:00-04:00,170.73407753895614,170.79695588957068,167.81439459714377,168.40731811523438,1964300,0.0,0.0
2018-03-14 00:00:00-04:00,169.5931182533234,169.79973809054405,164.84975845278876,165.8649139404297,2866000,0.0,0.0
2018-03-15 00:00:00-04:00,166.0355514557949,167.60768760736383,165.44262824586914,166.65541076660156,1811300,0.0,0.0
2018-03-16 00:00:00-04:00,167.2573724318684,167.3202644802111,165.7211779485257,166.9788818359375,3569400,0.0,0.0
2018-03-19 00:00:00-04:00,166.76325819104704,167.07767726160884,164.22986597459897,165.4336700439453,2493200,0.0,0.0
2018-03-20 00:00:00-04:00,166.28713795487297,168.51507624809028,165.83795607353397,168.30845642089844,1852500,0.0,0.0
2018-03-21 00:00:00-04:00,167.8413056108113,168.7935690183743,167.14956166632098,167.15855407714844,2048300,0.0,0.0
2018-03-22 00:00:00-04:00,166.10746094711052,166.69140564120983,163.95139331275047,164.07716369628906,2489800,0.0,0.0
2018-03-23 00:00:00-04:00,164.65210802345285,165.7031919725116,162.4511195639054,162.46009826660156,2351800,0.0,0.0
2018-03-26 00:00:00-04:00,164.4274894356945,168.49707546746146,163.80761635531638,168.19163513183594,2036600,0.0,0.0
2018-03-27 00:00:00-04:00,168.3893436983954,168.58698486722022,163.5561411828643,164.5353546142578,2495300,0.0,0.0
2018-03-28 00:00:00-04:00,164.94857788085938,165.85592038407964,162.81046765012888,164.94857788085938,2168700,0.0,0.0
2018-03-29 00:00:00-04:00,165.9637505316512,169.46736423125694,165.66728880200066,169.27870178222656,3016000,0.0,0.0
2018-04-02 00:00:00-04:00,167.9131918082169,167.9131918082169,162.64877905767722,164.17599487304688,3599200,0.0,0.0
2018-04-03 00:00:00-04:00,164.87670973899313,165.45166203181742,162.91828320366608,164.0502166748047,2287000,0.0,0.0
2018-04-04 00:00:00-04:00,162.72062772105582,167.41008751479367,162.54993641812035,166.66444396972656,2111000,0.0,0.0
2018-04-05 00:00:00-04:00,167.72454300938088,167.9940549300021,166.13443501486674,167.32028198242188,1933600,0.0,0.0
2018-04-06 00:00:00-04:00,166.50277925419138,168.21865777156825,164.4904526819725,165.26304626464844,2259000,0.0,0.0
2018-04-09 00:00:00-04:00,166.37701416810413,168.35341227533397,164.8497980719696,165.6673126220703,1946000,0.0,0.0
2018-04-10 00:00:00-04:00,166.87106608181986,167.068707202886,163.65492222113096,164.89466857910156,2526000,0.0,0.0
2018-04-11 00:00:00-04:00,163.7267757338887,167.4280295971341,163.6998259209382,165.88284301757812,1697300,0.0,0.0
2018-04-12 00:00:00-04:00,166.64648445012926,170.72505005962373,166.63750574701322,169.62905883789062,2841600,0.0,0.0
2018-04-13 00:00:00-04:00,170.5183911340566,170.53636224411255,168.00297033590394,169.70986938476562,1744400,0.0,0.0
2018-04-16 00:00:00-04:00,172.3420977852588,175.8996242517915,171.92885813844487,174.80361938476562,3026800,0.0,0.0
2018-04-17 00:00:00-04:00,175.7738747654378,176.8698797627181,174.9383892540283,176.07931518554688,2160500,0.0,0.0
2018-04-18 00:00:00-04:00,176.34881161102115,177.66940745568547,176.18709900354014,176.53746032714844,1663100,0.0,0.0
2018-04-19 00:00:00-04:00,176.22301802664003,176.4386165309678,173.83336741210258,175.24380493164062,2427600,0.0,0.0
2018-04-20 00:00:00-04:00,174.6688707198447,175.78284679008271,173.1596260839842,173.88729858398438,2252800,0.0,0.0
2018-04-23 00:00:00-04:00,174.1118632751161,174.62393715443278,172.71939682434862,173.69862365722656,1618000,0.0,0.0
2018-04-24 00:00:00-04:00,174.76769297617994,175.50435789456768,171.7222401491712,172.9440155029297,1598900,0.0,0.0
2018-04-25 00:00:00-04:00,172.69245739649108,174.88446710894576,171.9378351470062,174.255615234375,1311700,0.0,0.0
2018-04-26 00:00:00-04:00,174.39035568447449,176.47456603187766,173.6896331006267,175.41448974609375,1445800,0.0,0.0
2018-04-27 00:00:00-04:00,175.13601967838315,176.90579745707734,174.75870852817667,176.60035705566406,1563100,0.0,0.0
2018-04-30 00:00:00-04:00,177.067499294452,178.8103134418494,176.4296550051895,177.12139892578125,2165000,0.0,0.0
2018-05-01 00:00:00-04:00,176.51947989045476,177.04951115815376,173.84234632300323,176.57337951660156,1413200,0.0,0.0
2018-05-02 00:00:00-04:00,175.6121367276286,175.7019785831025,172.89009574366995,174.28256225585938,2498100,0.0,0.0
2018-05-03 00:00:00-04:00,174.21068747663918,174.2735795156022,170.85080229572617,173.39317321777344,1815500,0.0,0.0
2018-05-04 00:00:00-04:00,173.2404933778469,176.4386667090374,171.83904786938774,175.35165405273438,1704500,0.0,0.0
2018-05-07 00:00:00-04:00,175.88164547262667,175.89961658499183,172.67449416653324,173.43809509277344,2361900,0.0,0.0
2018-05-08 00:00:00-04:00,173.37525272424628,175.36062925223527,172.86317872518833,174.71380615234375,1908600,0.0,0.0
2018-05-09 00:00:00-04:00,174.41732733115148,176.45661700758603,173.5189635257725,176.115234375,1999100,0.0,0.0
2018-05-10 00:00:00-04:00,176.6377480954174,177.43060391339867,174.97092378018644,176.09715270996094,1874200,0.57,0.0
2018-05-11 00:00:00-04:00,175.98912479627225,176.57475862565266,175.30438222291315,176.3765411376953,1296300,0.0,0.0
2018-05-14 00:00:00-04:00,176.55669945679963,177.73698541984052,176.0701607595996,176.484619140625,1440900,0.0,0.0
2018-05-15 00:00:00-04:00,175.47551268847647,177.22342259104482,174.1240376604595,176.1242218017578,2319600,0.0,0.0
2018-05-16 00:00:00-04:00,176.65582811747765,179.61105267470873,175.69176924620388,179.034423828125,2163200,0.0,0.0
2018-05-17 00:00:00-04:00,179.34974972729074,181.4130093698224,178.29560082065285,179.83628845214844,2391000,0.0,0.0
2018-05-18 00:00:00-04:00,179.7461378875735,179.76416139993492,178.196445774374,179.25961303710938,1624600,0.0,0.0
2018-05-21 00:00:00-04:00,179.83625354002885,181.40395552087926,179.37674330598978,179.85426330566406,1202800,0.0,0.0
2018-05-22 00:00:00-04:00,179.9444296563843,181.79144862137403,179.1425548737588,179.26869201660156,1563600,0.0,0.0
2018-05-23 00:00:00-04:00,179.37679028552463,179.37679028552463,177.28651584763486,178.52085876464844,1635100,0.0,0.0
2018-05-24 00:00:00-04:00,178.65601389267843,179.3768034492285,177.3315807829612,179.1966094970703,1176300,0.0,0.0
2018-05-25 00:00:00-04:00,179.19663644252327,180.39494633904292,178.2325910921608,178.7191162109375,1331000,0.0,0.0
2018-05-29 00:00:00-04:00,178.48484438725328,179.15156340674432,176.59277345817713,177.25950622558594,2298100,0.0,0.0
2018-05-30 00:00:00-04:00,178.53893868024113,180.67426571435604,178.16953205259068,179.8723907470703,2390900,0.0,0.0
2018-05-31 00:00:00-04:00,180.39490527404027,180.82737347538597,178.12442315812186,178.6109619140625,4822800,0.0,0.0
2018-06-01 00:00:00-04:00,176.0972110295062,179.28670011374726,175.69177123009695,177.61087036132812,4056400,0.0,0.0
2018-06-04 00:00:00-04:00,177.78205591081002,179.33173475277547,177.71898047209905,178.9533233642578,1870600,0.0,0.0
2018-06-05 00:00:00-04:00,179.49397224603678,179.61110452534817,177.48478246200378,178.2506103515625,1868500,0.0,0.0
2018-06-06 00:00:00-04:00,178.40374541338323,178.75512844329293,177.22345917824853,178.08840942382812,2066900,0.0,0.0
2018-06-07 00:00:00-04:00,180.64719507054582,182.79154023929536,179.66512633699415,182.51223754882812,2735000,0.0,0.0
2018-06-08 00:00:00-04:00,181.55718345029547,183.80964224141684,181.097686806157,183.5843963623047,2052500,0.0,0.0
2018-06-11 00:00:00-04:00,183.58439639883576,184.60251217195878,183.27806530268248,184.25112915039062,1684800,0.0,0.0
2018-06-12 00:00:00-04:00,184.02591227268962,184.77373035909278,183.10690509148196,184.59353637695312,1384800,0.0,0.0
2018-06-13 00:00:00-04:00,184.6295135803696,185.44941176011238,183.08883969105318,183.89971923828125,1665800,0.0,0.0
2018-06-14 00:00:00-04:00,184.58449227560115,185.35933866502802,184.06192017594884,184.8097381591797,1685000,0.0,0.0
2018-06-15 00:00:00-04:00,185.0619700296588,187.10720603316656,184.31416596575485,186.7918701171875,3879600,0.0,0.0
2018-06-18 00:00:00-04:00,185.60255077278464,187.50362599323796,184.83670950586747,185.79176330566406,1975000,0.0,0.0
2018-06-19 00:00:00-04:00,184.61150348648314,187.23336862662848,184.35922922020623,186.98109436035156,1940600,0.0,0.0
2018-06-20 00:00:00-04:00,187.18833342669296,187.93615140707473,186.46755760032187,187.3865509033203,1527700,0.0,0.0
2018-06-21 00:00:00-04:00,187.55774867385227,190.20664257718153,187.40458311624784,189.17051696777344,1825800,0.0,0.0
2018-06-22 00:00:00-04:00,189.53985833156403,190.8012432396428,189.22452241548027,190.1975860595703,1738600,0.0,0.0
2018-06-25 00:00:00-04:00,189.21556298828264,191.08060565999784,189.17952969296667,190.7832794189453,2398600,0.0,0.0
2018-06-26 00:00:00-04:00,191.35088817440857,191.42296850718913,189.17951454861614,189.28762817382812,2276700,0.0,0.0
2018-06-27 00:00:00-04:00,189.65701434252077,191.38690089960048,188.8551396298966,189.23355102539062,2211700,0.0,0.0
2018-06-28 00:00:00-04:00,189.20658978467569,190.27876265978955,187.44967420054508,188.04432678222656,1826700,0.0,0.0
2018-06-29 00:00:00-04:00,188.90018196124592,189.684033115837,187.69286751102354,188.28750610351562,2164600,0.0,0.0
2018-07-02 00:00:00-04:00,187.7830157461784,188.1434174646471,185.64768883744082,187.39559936523438,1876100,0.0,0.0
2018-07-03 00:00:00-04:00,187.88205361934087,189.125415020124,186.41344638496165,186.61166381835938,842100,0.0,0.0
2018-07-05 00:00:00-04:00,187.5847597217626,188.56682842559474,186.99912595288725,188.4316864013672,1436700,0.0,0.0
2018-07-06 00:00:00-04:00,186.62971583983716,189.55791212383204,186.1972476226946,188.86415100097656,1523200,0.0,0.0
2018-07-09 00:00:00-04:00,189.675024909641,190.8192639031545,189.20650970286522,190.05343627929688,1738300,0.0,0.0
2018-07-10 00:00:00-04:00,190.09852957496878,191.63920379049054,189.9543689033649,190.73822021484375,1687800,0.0,0.0
2018-07-11 00:00:00-04:00,190.29674927226847,190.81030276743596,189.17952467623618,190.06248474121094,1472800,0.0,0.0
2018-07-12 00:00:00-04:00,191.49502574148565,192.9636332358536,191.20671817235896,192.8284912109375,2222000,0.0,0.0
2018-07-13 00:00:00-04:00,192.81047637737987,195.18907235847382,192.54919720146626,195.09896850585938,1951200,0.0,0.0
2018-07-16 00:00:00-04:00,195.18904822352107,195.63053505007412,192.72034869506516,193.5762939453125,2078200,0.0,0.0
2018-07-17 00:00:00-04:00,192.86451440047645,194.7565851377085,192.8104575933412,193.71144104003906,2064800,0.0,0.0
2018-07-18 00:00:00-04:00,194.01779249436348,194.50433130552534,192.45008993108547,193.68443298339844,1869500,0.0,0.0
2018-07-19 00:00:00-04:00,193.22492196195833,196.5945913574264,192.83749191906352,195.99993896484375,2790800,0.0,0.0
2018-07-20 00:00:00-04:00,195.49539917685956,197.26133291481548,194.82868017462596,197.0360870361328,1793900,0.0,0.0
2018-07-23 00:00:00-04:00,198.10826470909183,198.63083681081423,196.59460521653082,197.17123413085938,1394300,0.0,0.0
2018-07-24 00:00:00-04:00,197.68479917916648,198.82903836123268,196.0450025591962,196.93698120117188,1453900,0.0,0.0
2018-07-25 00:00:00-04:00,196.06301032017407,198.95517326169116,195.84676934158327,198.8470458984375,1560200,0.0,0.0
2018-07-26 00:00:00-04:00,200.01832651303363,202.37889875993528,198.95517263777506,199.76605224609375,1820000,0.0,0.0
2018-07-27 00:00:00-04:00,200.29765103949663,200.46884011386746,197.09915668360188,197.90103149414062,1596800,0.0,0.0
2018-07-30 00:00:00-04:00,197.35142955776098,198.3244934356676,196.96401323258814,197.4145050048828,1292700,0.0,0.0
2018-07-31 00:00:00-04:00,197.9370523209255,198.27943042432383,196.71171430382822,197.05409240722656,1888500,0.0,0.0
2018-08-01 00:00:00-04:00,196.99999314101507,197.40544662454226,194.83763871913598,195.63050842285156,1841300,0.0,0.0
2018-08-02 00:00:00-04:00,193.72046905932845,199.4777534213452,193.72046905932845,199.22547912597656,1904800,0.0,0.0
2018-08-03 00:00:00-04:00,199.11733729146906,200.57692604332226,199.11733729146906,200.04534912109375,1195700,0.0,0.0
2018-08-06 00:00:00-04:00,199.50474642744348,201.1625663215923,199.1263350515369,200.66702270507812,1285500,0.0,0.0
2018-08-07 00:00:00-04:00,201.13553228368707,203.15372623197143,200.90126780903606,201.6941375732422,1428100,0.0,0.0
2018-08-08 00:00:00-04:00,200.79315721340691,202.6131474958316,200.23455191547984,202.3428497314453,2010700,0.0,0.0
2018-08-09 00:00:00-04:00,199.67591417534112,200.33364188161616,195.43229053906467,196.63059997558594,3637100,0.0,0.0
2018-08-10 00:00:00-04:00,196.54054912803562,199.76607185529136,196.1891660968833,198.4956817626953,2830800,0.0,0.0
2018-08-13 00:00:00-04:00,199.14436248717476,199.63990611343917,197.36942406541053,197.81991577148438,1518900,0.0,0.0
2018-08-14 00:00:00-04:00,198.22537891376925,200.522889635039,198.09023688518997,200.01834106445312,1450600,0.0,0.0
2018-08-15 00:00:00-04:00,198.86510712284596,200.1174738136504,197.1081918009144,199.72103881835938,1844100,0.0,0.0
2018-08-16 00:00:00-04:00,201.32473535083136,202.0545296956327,200.14444931191406,201.09048461914062,1657700,0.0,0.0
2018-08-17 00:00:00-04:00,200.31563725460182,203.51413101483226,200.15345309669524,203.33392333984375,1980900,0.0,0.0
2018-08-20 00:00:00-04:00,203.62225937457424,205.62244373021088,203.59523097095075,204.83859252929688,1783700,0.0,0.0
2018-08-21 00:00:00-04:00,206.76672726191535,207.31632779706337,205.15395895068104,205.91078186035156,2066700,0.0,0.0
2018-08-22 00:00:00-04:00,205.8567069586266,207.43342808920292,205.7666168570583,206.51443481445312,1267900,0.0,0.0
2018-08-23 00:00:00-04:00,206.32523234400628,207.541565632101,205.93781601764476,206.78472900390625,1337900,0.0,0.0
2018-08-24 00:00:00-04:00,207.2261826518229,209.0822062619945,206.86579478985558,208.3794403076172,1453200,0.0,0.0
2018-08-27 00:00:00-04:00,209.694906214543,209.80301983597013,205.51434329504767,207.25323486328125,1904100,0.0,0.0
2018-08-28 00:00:00-04:00,208.0731098244954,208.87498450531442,207.082022579476,207.46043395996094,1882100,0.0,0.0
2018-08-29 00:00:00-04:00,208.83893456447174,209.02814712603936,206.0819275822172,207.39736938476562,1793600,0.0,0.0
2018-08-30 00:00:00-04:00,207.39734749874785,208.7883138524367,207.23477453332652,208.49024963378906,1272000,0.57,0.0
2018-08-31 00:00:00-04:00,207.93028717977572,210.91994324532718,207.93028717977572,210.56768798828125,1881300,0.0,0.0
2018-09-04 00:00:00-04:00,210.57669870752136,212.1754018788725,210.57669870752136,211.9676513671875,1858400,0.0,0.0
2018-09-05 00:00:00-04:00,211.86832023585603,213.3134639544919,210.63089947445982,212.8076629638672,2126000,0.0,0.0
2018-09-06 00:00:00-04:00,212.6812051937087,213.8553938987243,212.310881702227,213.7740936279297,1853200,0.0,0.0
2018-09-07 00:00:00-04:00,214.3431206975086,219.4372805826639,214.24376595331768,218.09149169921875,2722400,0.0,0.0
2018-09-10 00:00:00-04:00,219.4824465565885,220.2050252687389,218.68760859501884,219.64501953125,2817300,0.0,0.0
2018-09-11 00:00:00-04:00,220.32249460255287,221.43346536069396,219.6360522188445,220.57540893554688,2185700,0.0,0.0
2018-09-12 00:00:00-04:00,221.2889258351361,221.39730783753564,218.78700228406828,218.9766845703125,1912000,0.0,0.0
2018-09-13 00:00:00-04:00,219.03089409849093,220.37669713098327,217.72122759121848,217.91993713378906,2078200,0.0,0.0
2018-09-14 00:00:00-04:00,215.86958182698876,215.86958182698876,211.77799629492355,212.5999298095703,3875300,0.0,0.0
2018-09-17 00:00:00-04:00,211.4076430782764,211.88634851249938,209.10442962600942,209.54701232910156,2884600,0.0,0.0
2018-09-18 00:00:00-04:00,209.52899098956667,212.6812340406855,209.27609046889725,211.6696319580078,2000200,0.0,0.0
2018-09-19 00:00:00-04:00,211.91347179562757,212.02186756731783,209.9263905538565,211.21800231933594,1581400,0.0,0.0
2018-09-20 00:00:00-04:00,211.89543154855733,212.25671405967094,209.83609091471214,211.28123474121094,1910100,0.0,0.0
2018-09-21 00:00:00-04:00,211.6876465187446,213.0153808929111,211.36248679890704,212.03990173339844,3717800,0.0,0.0
2018-09-24 00:00:00-04:00,211.5251125753362,212.12124113536194,210.3599509551,210.7573699951172,1530400,0.0,0.0
2018-09-25 00:00:00-04:00,211.38057141943088,211.94960441870685,210.20638268567492,210.38702392578125,1889700,0.0,0.0
2018-09-26 00:00:00-04:00,210.96515125311979,212.85287818601114,210.85675545603144,211.18191528320312,2008500,0.0,0.0
2018-09-27 00:00:00-04:00,211.08250110523883,212.86184552233988,209.85412141295652,211.3534698486328,1421400,0.0,0.0
2018-09-28 00:00:00-04:00,211.2270727594978,212.68125780686802,211.16384073124217,212.1483612060547,1602800,0.0,0.0
2018-10-01 00:00:00-04:00,212.98832085618727,213.63864040412696,211.74187275896216,211.94058227539062,1673100,0.0,0.0
2018-10-02 00:00:00-04:00,211.4438290121143,214.57800383335606,211.23607846791924,213.47607421875,1647600,0.0,0.0
2018-10-03 00:00:00-04:00,213.7199314373986,214.34315549923642,210.20640586896366,210.63092041015625,2322300,0.0,0.0
2018-10-04 00:00:00-04:00,210.68508480898996,211.35347254695597,208.33672116102733,209.25799560546875,2862800,0.0,0.0
2018-10-05 00:00:00-04:00,203.2245173628864,205.08514851672612,196.7122945424027,197.6426239013672,7379000,0.0,0.0
2018-10-08 00:00:00-04:00,198.1122949169119,202.77291397566933,198.04003565452282,202.25807189941406,3863500,0.0,0.0
2018-10-09 00:00:00-04:00,202.45678525417475,203.3600053780516,201.02066856490148,202.474853515625,2502800,0.0,0.0
2018-10-10 00:00:00-04:00,202.4116078181819,203.22450030659087,199.64774303709572,199.6567840576172,3021400,0.0,0.0
2018-10-11 00:00:00-04:00,201.33678621754478,203.5135498626485,199.54840058157748,200.35227966308594,3650900,0.0,0.0
2018-10-12 00:00:00-04:00,203.40514378881517,205.5909345623209,201.7703177734854,204.98577880859375,3130500,0.0,0.0
2018-10-15 00:00:00-04:00,204.3535445574526,204.97676862222463,202.54710438456905,202.7819366455078,2441900,0.0,0.0
2018-10-16 00:00:00-04:00,203.1070953769215,206.16901090283332,202.61033535758486,205.6451416015625,2541800,0.0,0.0
2018-10-17 00:00:00-04:00,206.34057247234503,206.72896417544052,203.68510390183198,206.376708984375,2129300,0.0,0.0
2018-10-18 00:00:00-04:00,206.42193232278177,208.32772743955027,204.35356419021645,206.45806884765625,2624600,0.0,0.0
2018-10-19 00:00:00-04:00,206.7470673502093,208.30964798561436,206.5844943539028,207.4425506591797,2099800,0.0,0.0
2018-10-22 00:00:00-04:00,207.6322333738956,207.96642038836967,205.27482844817888,206.89158630371094,2007300,0.0,0.0
2018-10-23 00:00:00-04:00,205.09415415436274,207.07219420518481,202.15868941000332,206.61155700683594,2656700,0.0,0.0
2018-10-24 00:00:00-04:00,204.0644624294147,208.7250803534511,201.49932125834042,202.10447692871094,3100200,0.0,0.0
2018-10-25 00:00:00-04:00,202.3754820639641,205.5638477357909,201.2735525011297,204.489013671875,2218900,0.0,0.0
2018-10-26 00:00:00-04:00,200.7948710376188,203.2245354667711,195.99877420573034,197.0736083984375,3995400,0.0,0.0
2018-10-29 00:00:00-04:00,198.48261482835713,203.1251655408649,197.5793947381257,200.8942108154297,3801400,0.0,0.0
2018-10-30 00:00:00-04:00,201.5084244453124,206.12388004251554,201.42712415605862,205.8619384765625,2410500,0.0,0.0
2018-10-31 00:00:00-04:00,206.52124356349975,208.24639703841413,203.73029712421518,206.50318908691406,2674600,0.0,0.0
2018-11-01 00:00:00-04:00,206.09673370462568,208.46317948468248,205.51867345388794,207.3793182373047,2095000,0.0,0.0
2018-11-02 00:00:00-04:00,207.56896883168193,209.75475939710094,205.19349601784802,207.88510131835938,2167200,0.0,0.0
2018-11-05 00:00:00-05:00,208.38191439226168,212.1573677777978,207.5599807972898,211.75994873046875,2513900,0.0,0.0
2018-11-06 00:00:00-05:00,212.25668111065622,214.50570367204477,211.51603416118772,213.8011932373047,2101300,0.0,0.0
2018-11-07 00:00:00-05:00,215.64379774362644,217.5676609567873,214.00897157633074,217.1070098876953,2603600,0.0,0.0
2018-11-08 00:00:00-05:00,215.9390773035069,217.1070084649664,214.5991380171943,216.11109924316406,2140600,0.57,0.0
2018-11-09 00:00:00-05:00,215.4501738894331,217.52345812346297,214.63534916151644,215.241943359375,2256700,0.0,0.0
2018-11-12 00:00:00-05:00,215.1514604888513,216.5638311080759,211.97362659559602,212.29049682617188,2301400,0.0,0.0
2018-11-13 00:00:00-05:00,212.5349252365604,214.04688662519507,210.7423022592602,211.98265075683594,1548100,0.0,0.0
2018-11-14 00:00:00-05:00,214.6806011748457,214.6806011748457,209.7825766020982,211.2311553955078,1896500,0.0,0.0
2018-11-15 00:00:00-05:00,210.33487746427036,210.6336364305848,205.51831817806584,208.1800994873047,2722300,0.0,0.0
2018-11-16 00:00:00-05:00,207.60065038632612,209.24841109915906,205.08373129790834,209.1578826904297,2822400,0.0,0.0
2018-11-19 00:00:00-05:00,209.6920573904794,211.40320051658676,206.25165992960402,207.09365844726562,1949500,0.0,0.0
2018-11-20 00:00:00-05:00,203.6351239372754,203.70755494792212,197.41525768026906,198.55601501464844,3704800,0.0,0.0
2018-11-21 00:00:00-05:00,199.6877032314141,201.01859355948278,196.87201187394382,197.8860321044922,2036500,0.0,0.0
2018-11-23 00:00:00-05:00,197.46058029121622,200.2490989470115,197.06221653615793,199.23509216308594,1007500,0.0,0.0
2018-11-26 00:00:00-05:00,201.7610721079919,202.33144401052098,198.18486086319578,198.6828155517578,2205600,0.0,0.0
2018-11-27 00:00:00-05:00,198.6103635678125,202.00548997505624,197.71405903777514,201.90589904785156,2369800,0.0,0.0
2018-11-28 00:00:00-05:00,201.69766385886268,208.6508897647258,201.16350063195776,208.542236328125,2765600,0.0,0.0
2018-11-29 00:00:00-05:00,207.32903656402192,209.67393370567785,206.7496022546011,209.1397705078125,1478700,0.0,0.0
2018-11-30 00:00:00-05:00,209.7644991031257,211.30362036242582,207.96281365667838,209.39329528808594,2764000,0.0,0.0
2018-12-03 00:00:00-05:00,208.8863300100634,210.22626965257615,206.61386321869566,210.1176300048828,2481500,0.0,0.0
2018-12-04 00:00:00-05:00,210.14473374658863,211.22212268092804,204.2145771668139,204.92982482910156,3418600,0.0,0.0
2018-12-06 00:00:00-05:00,206.36936612104205,211.7291373611824,205.15617759821532,211.131591796875,4029800,0.0,0.0
2018-12-07 00:00:00-05:00,211.08631221735732,211.68385775770366,201.92400252459697,203.58082580566406,2881900,0.0,0.0
2018-12-10 00:00:00-05:00,203.2911003433489,203.88864587961277,198.37496415860593,201.58901977539062,2650000,0.0,0.0
2018-12-11 00:00:00-05:00,203.8161716580095,205.74460738226279,202.80216525248343,205.06558227539062,2466800,0.0,0.0
2018-12-12 00:00:00-05:00,206.74056938170932,208.64183187932596,205.5817006741702,206.24261474609375,2891400,0.0,0.0
2018-12-13 00:00:00-05:00,207.18419872103132,207.8903839363701,204.14216478772366,205.07469177246094,2170200,0.0,0.0
2018-12-14 00:00:00-05:00,197.37000331027147,198.27537029793328,186.06196466104626,187.4652862548828,8822300,0.0,0.0
2018-12-17 00:00:00-05:00,187.12124176920366,188.31633282012956,181.67094246789523,183.0923614501953,4739400,0.0,0.0
2018-12-18 00:00:00-05:00,183.87096968986933,185.30145112187668,182.49482187903965,183.7804412841797,3308500,0.0,0.0
2018-12-19 00:00:00-05:00,184.24218935019726,187.4109739336159,180.94665393603407,182.3499755859375,3369600,0.0,0.0
2018-12-20 00:00:00-05:00,181.3722088342453,181.70719027012018,175.35150879812656,178.47503662109375,4250900,0.0,0.0
2018-12-21 00:00:00-05:00,178.5021679314638,181.70716115676555,175.93092886768443,176.11199951171875,5080200,0.0,0.0
2018-12-24 00:00:00-05:00,175.55065561998538,176.84533761254704,171.8386592121261,172.01068115234375,2031700,0.0,0.0
2018-12-26 00:00:00-05:00,172.76209547577213,179.96880730348937,171.57605339032855,179.8330078125,3268800,0.0,0.0
2018-12-27 00:00:00-05:00,178.32110066213733,182.09647961166021,175.60499950580675,182.05120849609375,2705900,0.0,0.0
2018-12-28 00:00:00-05:00,182.72115059926494,185.55493954342327,180.70217250748297,182.92031860351562,2037800,0.0,0.0
2018-12-31 00:00:00-05:00,184.13355448714407,185.04797023152048,182.3228203926765,184.4323272705078,1729400,0.0,0.0
2019-01-02 00:00:00-05:00,181.52607627710574,185.6907698373149,180.93759327644304,185.3829345703125,2143100,0.0,0.0
2019-01-03 00:00:00-05:00,184.4232618200433,186.45128894686303,181.10961516441265,181.4536590576172,2877700,0.0,0.0
2019-01-04 00:00:00-05:00,183.86190722330548,188.2529282922773,182.38615479157895,186.72286987304688,2761600,0.0,0.0
2019-01-07 00:00:00-05:00,186.0710408525015,189.33035395882916,184.27840413847613,187.41098022460938,2226600,0.0,0.0
2019-01-08 00:00:00-05:00,188.90484421909014,189.29415926471282,184.8578520841419,188.81431579589844,2366500,0.0,0.0
2019-01-09 00:00:00-05:00,189.35751948896956,191.23163597798109,188.2439218473454,190.0365447998047,1862900,0.0,0.0
2019-01-10 00:00:00-05:00,188.45211339498476,190.94187235262342,186.50558009947915,190.70648193359375,2340700,0.0,0.0
2019-01-11 00:00:00-05:00,190.16328254832766,191.2587827195786,189.50236849275552,190.58880615234375,1861100,0.0,0.0
2019-01-14 00:00:00-05:00,189.6472185233621,190.71554490678574,188.46119001421087,189.22169494628906,1523100,0.0,0.0
2019-01-15 00:00:00-05:00,190.16328250833408,191.34026239547558,189.29413790676804,191.05960083007812,1681900,0.0,0.0
2019-01-16 00:00:00-05:00,191.44890623907284,191.44890623907284,189.67438089301598,190.29002380371094,1455000,0.0,0.0
2019-01-17 00:00:00-05:00,190.0093089561474,191.6208606112953,189.81012717272017,191.4488525390625,1517100,0.0,0.0
2019-01-18 00:00:00-05:00,192.44479250287074,193.8933851173372,191.72955870641482,193.3773193359375,2115400,0.0,0.0
2019-01-22 00:00:00-05:00,192.84313712953434,195.16087403208442,190.85133284233046,192.29991149902344,3310800,0.0,0.0
2019-01-23 00:00:00-05:00,192.84317440949442,194.51810891502913,190.12707336147338,192.019287109375,2220200,0.0,0.0
2019-01-24 00:00:00-05:00,192.29091051560576,192.29091051560576,189.13117448324297,190.40774536132812,1994400,0.0,0.0
2019-01-25 00:00:00-05:00,191.96495846380657,192.2275226226548,188.98630719674654,189.2850799560547,2252300,0.0,0.0
2019-01-28 00:00:00-05:00,188.93199109886191,190.8423161445068,187.69164264970274,190.82421875,1999400,0.0,0.0
2019-01-29 00:00:00-05:00,190.41680787345962,190.61597591827658,188.83241550861501,190.40774536132812,1636500,0.0,0.0
2019-01-30 00:00:00-05:00,190.5616103882352,192.09168257244085,189.5113953433122,191.3492889404297,1589800,0.0,0.0
2019-01-31 00:00:00-05:00,191.15917313099877,194.545250424005,189.8735537476143,194.31890869140625,4341100,0.0,0.0
2019-02-01 00:00:00-05:00,193.74848941474596,194.65385618771205,189.5566368351767,190.37147521972656,3453700,0.0,0.0
2019-02-04 00:00:00-05:00,190.76084696765813,191.20448182408265,188.22581630130006,191.19541931152344,1630300,0.0,0.0
2019-02-05 00:00:00-05:00,191.47607717456478,192.40860410553944,189.80114265165832,191.584716796875,2074500,0.0,0.0
2019-02-06 00:00:00-05:00,192.17320007320464,192.17320007320464,190.56164787120522,191.57566833496094,1618800,0.0,0.0
2019-02-07 00:00:00-05:00,190.70420149991958,190.7314347700311,187.2545108138795,189.77822875976562,2526600,0.57,0.0
2019-02-08 00:00:00-05:00,188.67061858446024,189.26977798445589,186.78236747218384,188.59799194335938,2013700,0.0,0.0
2019-02-11 00:00:00-05:00,189.4150841674087,189.6601974359915,187.6993189915697,189.4786376953125,2376600,0.0,0.0
2019-02-12 00:00:00-05:00,190.6950462020544,193.13706346288257,189.96879360427369,192.36541748046875,2091200,0.0,0.0
2019-02-13 00:00:00-05:00,192.66502014575337,193.82701889976727,191.82076126990236,193.18247985839844,1703000,0.0,0.0
2019-02-14 00:00:00-05:00,192.4562155376775,194.77113976857768,191.67549637339283,194.1265869140625,1411100,0.0,0.0
2019-02-15 00:00:00-05:00,195.31584108544962,197.22225275186165,194.30816872213788,196.51416015625,2635500,0.0,0.0
2019-02-19 00:00:00-05:00,196.6957291128743,199.35562689229567,196.550475791024,198.01205444335938,1938100,0.0,0.0
2019-02-20 00:00:00-05:00,198.11189927985887,198.87447223542588,195.23413558898886,197.09515380859375,1785600,0.0,0.0
2019-02-21 00:00:00-05:00,196.63217065480103,196.74110370972107,194.5714326358171,195.38845825195312,1615300,0.0,0.0
2019-02-22 00:00:00-05:00,195.3339930668355,196.62308501668016,194.49880731843405,196.35073852539062,1542500,0.0,0.0
2019-02-25 00:00:00-05:00,197.33120325283022,198.89264189708607,196.58680418872856,197.04071044921875,1794000,0.0,0.0
2019-02-26 00:00:00-05:00,196.8954461786755,198.72923124773484,196.20551368783725,197.549072265625,1884100,0.0,0.0
2019-02-27 00:00:00-05:00,196.5504475474179,198.68381211766444,196.49598102258048,197.948486328125,1482700,0.0,0.0
2019-02-28 00:00:00-05:00,198.34795227718385,199.43732447471513,197.4673730699173,198.5749053955078,2055600,0.0,0.0
2019-03-01 00:00:00-05:00,199.50083515336507,200.2361747856555,195.87867277664176,199.21034240722656,2178200,0.0,0.0
2019-03-04 00:00:00-05:00,200.10911624903008,200.69920272517882,195.96949318562022,198.2753448486328,2444700,0.0,0.0
2019-03-05 00:00:00-05:00,198.72920056520928,201.18029108677757,198.72011357655083,199.55531311035156,2160200,0.0,0.0
2019-03-06 00:00:00-05:00,200.17268605710808,201.45270519722052,198.1119474966563,199.01976013183594,1985300,0.0,0.0
2019-03-07 00:00:00-05:00,198.02113620565308,199.16497491775772,196.28721108365508,196.80465698242188,3279100,0.0,0.0
2019-03-08 00:00:00-05:00,204.69354889945467,207.61670611878841,203.14119735537074,206.81784057617188,6782700,0.0,0.0
2019-03-11 00:00:00-04:00,206.55459392706726,208.71519228662962,206.1279209089668,208.51547241210938,3748400,0.0,0.0
2019-03-12 00:00:00-04:00,209.08738431261628,211.8834346583705,208.7060908678938,211.4840087890625,2647100,0.0,0.0
2019-03-13 00:00:00-04:00,212.65506961927264,215.56006673265534,211.47491064605245,214.58871459960938,2421200,0.0,0.0
2019-03-14 00:00:00-04:00,214.361750364048,214.58870346819756,211.7744794358954,212.28285217285156,2300300,0.0,0.0
2019-03-15 00:00:00-04:00,212.58241776369934,213.92597617212195,211.6836785444065,212.06497192382812,5075400,0.0,0.0
2019-03-18 00:00:00-04:00,212.04681711893878,214.86102718216827,211.96511732934863,214.77932739257812,1735400,0.0,0.0
2019-03-19 00:00:00-04:00,215.62361815237435,216.10475764527044,214.50699885939468,215.1969451904297,1852300,0.0,0.0
2019-03-20 00:00:00-04:00,215.17877046528167,216.50418265436716,214.04400497371176,215.1333770751953,1499500,0.0,0.0
2019-03-21 00:00:00-04:00,214.86100795920166,217.7387851326201,214.74300177994604,217.4573516845703,1617000,0.0,0.0
2019-03-22 00:00:00-04:00,217.64802348707653,218.18362948001297,215.06075259925055,215.659912109375,1873600,0.0,0.0
2019-03-25 00:00:00-04:00,215.0880236124119,216.13201636972576,214.0531178460728,215.1243438720703,1357100,0.0,0.0
2019-03-26 00:00:00-04:00,216.05931964963315,218.10189725136289,215.4783203525591,217.0306854248047,1193000,0.0,0.0
2019-03-27 00:00:00-04:00,216.70387438751075,218.06559280081086,216.20457486554417,217.33934020996094,1351200,0.0,0.0
2019-03-28 00:00:00-04:00,217.856805857934,219.6451973118862,217.49368645547477,218.9824981689453,1396700,0.0,0.0
2019-03-29 00:00:00-04:00,219.38192669821402,220.09001919358474,218.57397429441323,219.8176727294922,1968000,0.0,0.0
2019-04-01 00:00:00-04:00,220.66198067664493,221.87844604509326,220.21714758574123,221.67872619628906,1610200,0.0,0.0
2019-04-02 00:00:00-04:00,221.50621594212905,221.67870250694733,218.15638611584578,218.32887268066406,1574300,0.0,0.0
2019-04-03 00:00:00-04:00,219.40920750387966,221.09773932460692,218.80097478513912,220.12637329101562,1663600,0.0,0.0
2019-04-04 00:00:00-04:00,219.84490615130758,222.1961367171953,219.009720485699,221.86932373046875,1319700,0.0,0.0
2019-04-05 00:00:00-04:00,222.37772816067906,224.31135912334238,221.51529531231907,223.20382690429688,1616200,0.0,0.0
2019-04-08 00:00:00-04:00,223.31282101319582,224.07538025408465,222.5956413195032,223.79396057128906,1244200,0.0,0.0
2019-04-09 00:00:00-04:00,222.51391140515148,223.0313573014137,221.51531216377697,222.3323516845703,1450200,0.0,0.0
2019-04-10 00:00:00-04:00,222.66820896275564,223.9300675573932,222.15076313364665,222.96778869628906,1556600,0.0,0.0
2019-04-11 00:00:00-04:00,221.1612709184388,221.66964368854022,218.71018000423896,219.0006866455078,2719800,0.0,0.0
2019-04-12 00:00:00-04:00,219.2457934351395,220.3442526628223,218.69202725214757,219.64523315429688,2187600,0.0,0.0
2019-04-15 00:00:00-04:00,220.02650126934427,224.00272427269877,219.65430868874057,223.62144470214844,1859700,0.0,0.0
2019-04-16 00:00:00-04:00,223.91190343295588,224.066243717388,221.73315940341084,222.72267150878906,1360500,0.0,0.0
2019-04-17 00:00:00-04:00,223.59421052011896,223.7394638374815,221.79674573714343,222.92242431640625,1363000,0.0,0.0
2019-04-18 00:00:00-04:00,224.03902057731483,224.45662038459025,222.14169594791503,223.1493682861328,1365000,0.0,0.0
2019-04-22 00:00:00-04:00,222.58653773213928,223.1130706175232,220.19898654630433,220.97970581054688,1300000,0.0,0.0
2019-04-23 00:00:00-04:00,222.09630949703762,223.80300132914834,219.88125876334072,222.94058227539062,1524600,0.0,0.0
2019-04-24 00:00:00-04:00,223.03132566489037,225.77292276876798,222.9587128686529,225.1011505126953,1156400,0.0,0.0
2019-04-25 00:00:00-04:00,223.51250637544285,224.3658384310799,221.45176826332235,222.958740234375,1278200,0.0,0.0
2019-04-26 00:00:00-04:00,222.97687040194896,223.22198362100823,219.7450605736201,221.3428192138672,1842900,0.0,0.0
2019-04-29 00:00:00-04:00,222.414017210425,223.09487644678345,221.04322560131865,221.76039123535156,1429700,0.0,0.0
2019-04-30 00:00:00-04:00,222.2052853331212,223.13124417555892,220.6166133449469,222.8952178955078,1427600,0.0,0.0
2019-05-01 00:00:00-04:00,222.72268632274523,222.83163322795056,219.28208349225477,219.31838989257812,1350400,0.0,0.0
2019-05-02 00:00:00-04:00,219.47272857789517,220.49856105875335,218.25626324349955,220.31700134277344,1237600,0.0,0.0
2019-05-03 00:00:00-04:00,220.8435380448827,222.30511663985916,220.34423842819163,222.06907653808594,905900,0.0,0.0
2019-05-06 00:00:00-04:00,220.46225511611223,222.25971985666268,219.74507553613628,221.71502685546875,1194900,0.0,0.0
2019-05-07 00:00:00-04:00,219.4364454226727,220.36241808002183,216.25910157400168,218.0384063720703,1775200,0.0,0.0
2019-05-08 00:00:00-04:00,217.47551063236622,220.64378052078936,216.23181222399015,219.09141540527344,1611900,0.0,0.0
2019-05-09 00:00:00-04:00,219.06412404130543,222.15901589431508,218.60899206942014,221.62196350097656,1919300,0.65,0.0
2019-05-10 00:00:00-04:00,221.1395451715031,226.24612692386071,218.49067351669407,224.85342407226562,2036500,0.0,0.0
2019-05-13 00:00:00-04:00,222.21366833619285,222.95098003715398,219.07325995936344,220.21109008789062,1962800,0.0,0.0
2019-05-14 00:00:00-04:00,220.54787636053805,223.09661854544098,220.11095349412048,220.94839477539062,1635100,0.0,0.0
2019-05-15 00:00:00-04:00,220.38400568308796,223.37876796981945,219.58296896173826,222.7142791748047,1194800,0.0,0.0
2019-05-16 00:00:00-04:00,223.58811192438958,227.32018534236246,223.20580277754496,225.23568725585938,1800600,0.0,0.0
2019-05-17 00:00:00-04:00,223.81573355423964,227.61153305223928,223.551749196302,226.0640869140625,1672000,0.0,0.0
2019-05-20 00:00:00-04:00,224.9717201617792,227.51136425288942,224.9717201617792,226.56468200683594,1600500,0.0,0.0
2019-05-21 00:00:00-04:00,226.7558643063677,228.32151948862833,225.8365026718242,227.5022735595703,1504200,0.0,0.0
2019-05-22 00:00:00-04:00,228.48534524283457,228.48534524283457,226.78315612963826,227.1199493408203,1242300,0.0,0.0
2019-05-23 00:00:00-04:00,226.31893722702065,227.4931716468976,224.99904334769505,226.2279052734375,1822800,0.0,0.0
2019-05-24 00:00:00-04:00,226.75585188524593,227.16546788257406,224.6258375875193,225.1082763671875,1340200,0.0,0.0
2019-05-28 00:00:00-04:00,226.2734721625355,227.74809569360096,224.05242533481325,224.20716857910156,3164100,0.0,0.0
2019-05-29 00:00:00-04:00,222.22272537345032,222.80529370081874,217.47114681073242,219.09141540527344,2594900,0.0,0.0
2019-05-30 00:00:00-04:00,220.42045026530576,221.72213517451823,219.14608605795547,219.8651885986328,2030300,0.0,0.0
2019-05-31 00:00:00-04:00,217.53489072192036,219.06414149182737,212.13703177234297,218.0810546875,4058100,0.0,0.0
2019-06-03 00:00:00-04:00,218.26309908325817,219.86515871036286,216.7156530733975,219.43734741210938,2512500,0.0,0.0
2019-06-04 00:00:00-04:00,221.19415664360568,223.76110784446723,220.73902463405093,223.5699462890625,1761500,0.0,0.0
2019-06-05 00:00:00-04:00,224.0159842693206,226.4372760431377,223.03289744609387,225.70907592773438,1825500,0.0,0.0
2019-06-06 00:00:00-04:00,225.74549608799546,229.33193885300824,225.50883242297195,228.66744995117188,1487800,0.0,0.0
2019-06-07 00:00:00-04:00,228.62191139667817,233.57374981849182,228.49447499124295,233.0366973876953,2270200,0.0,0.0
2019-06-10 00:00:00-04:00,233.3917158577377,235.6036510122732,233.1277314836193,233.8013458251953,1839500,0.0,0.0
2019-06-11 00:00:00-04:00,235.6765018325932,236.32278162131166,233.2187774385645,234.0380096435547,1613500,0.0,0.0
2019-06-12 00:00:00-04:00,234.46581753011466,235.53083876295793,232.81825560076544,234.14724731445312,1071700,0.0,0.0
2019-06-13 00:00:00-04:00,234.58416531133088,236.55033920037727,234.43851971446924,236.40469360351562,1228500,0.0,0.0
2019-06-14 00:00:00-04:00,236.66868748603306,237.76101561682268,235.67650286044397,236.8052215576172,1287800,0.0,0.0
2019-06-17 00:00:00-04:00,237.6972230719395,238.7167142228284,237.06002721310873,237.9702911376953,1191900,0.0,0.0
2019-06-18 00:00:00-04:00,239.9546448468679,240.49172497441046,238.53463543548264,239.1627197265625,2763200,0.0,0.0
2019-06-19 00:00:00-04:00,238.77132128518116,240.40070144362247,237.5242641873592,240.00018310546875,1628400,0.0,0.0
2019-06-20 00:00:00-04:00,241.21997425953356,243.75961874779745,240.81034432369748,243.35910034179688,1745100,0.0,0.0
2019-06-21 00:00:00-04:00,242.83110490023353,244.80638990231853,242.12110012759103,242.24855041503906,2964000,0.0,0.0
2019-06-24 00:00:00-04:00,243.32263547828623,243.92341297241856,242.60351923513628,242.83108520507812,1586100,0.0,0.0
2019-06-25 00:00:00-04:00,242.7764683929252,243.1132615793497,241.5476066156355,242.45787048339844,1182400,0.0,0.0
2019-06-26 00:00:00-04:00,242.5399149450707,242.8767082651739,240.6192429766398,240.68296813964844,1334400,0.0,0.0
2019-06-27 00:00:00-04:00,241.12898232988806,242.56721532994897,239.39037436498654,241.74795532226562,1122900,0.0,0.0
2019-06-28 00:00:00-04:00,241.6751512425063,242.48529973504557,239.7271724710475,240.5464324951172,1952500,0.0,0.0
2019-07-01 00:00:00-04:00,242.52161957437116,243.04047669721396,238.34351134216365,239.90005493164062,1955800,0.0,0.0
2019-07-02 00:00:00-04:00,240.23685296659326,241.73878279736763,238.18875925761486,241.6477508544922,1201300,0.0,0.0
2019-07-03 00:00:00-04:00,241.34737832025746,245.00662911502113,241.34737832025746,244.98843383789062,986500,0.0,0.0
2019-07-05 00:00:00-04:00,244.13282737725754,244.50601118921762,242.37599666266834,244.17832946777344,1081500,0.0,0.0
2019-07-08 00:00:00-04:00,244.25113897867877,245.4891125250204,243.35909799314925,245.22512817382812,1236000,0.0,0.0
2019-07-09 00:00:00-04:00,245.1887125184565,246.48129969932782,244.39678723526296,245.74398803710938,1400300,0.0,0.0
2019-07-10 00:00:00-04:00,245.81678824537545,247.1639889995779,245.1705085673228,247.06387329101562,1257000,0.0,0.0
2019-07-11 00:00:00-04:00,247.89220967346122,251.9337844923389,247.41888234279344,251.7244415283203,1985600,0.0,0.0
2019-07-12 00:00:00-04:00,251.68798796289929,254.87391186116383,251.24196750643884,254.36416625976562,2046400,0.0,0.0
2019-07-15 00:00:00-04:00,254.819331414209,255.51114101146499,253.87264898307794,255.40188598632812,1568000,0.0,0.0
2019-07-16 00:00:00-04:00,255.78428106010446,256.1210744232559,254.6737574475422,255.46568298339844,1379200,0.0,0.0
2019-07-17 00:00:00-04:00,255.82976267937286,257.46825503734067,255.07425555597032,256.29400634765625,1716600,0.0,0.0
2019-07-18 00:00:00-04:00,256.8766082792756,257.65942227900416,254.13670372209933,257.52288818359375,1696100,0.0,0.0
2019-07-19 00:00:00-04:00,257.66851468365195,258.79723349400507,256.1028590213584,256.2485046386719,1607600,0.0,0.0
2019-07-22 00:00:00-04:00,255.984452647122,256.98574863992,254.25495653904568,255.0286865234375,1459100,0.0,0.0
2019-07-23 00:00:00-04:00,256.5579586151796,256.76730159302645,253.9818954904915,254.96499633789062,1117800,0.0,0.0
2019-07-24 00:00:00-04:00,254.71914585095556,256.00262133854943,253.97275053298574,255.62940979003906,1257100,0.0,0.0
2019-07-25 00:00:00-04:00,255.9662712117084,256.63985774372674,254.27316557248105,254.69187927246094,1600200,0.0,0.0
2019-07-26 00:00:00-04:00,254.6918809110088,256.4851022769408,254.07290799765548,256.1210021972656,1447700,0.0,0.0
2019-07-29 00:00:00-04:00,255.7932852676696,256.0572418161625,254.45519613018743,254.99224853515625,1257400,0.0,0.0
2019-07-30 00:00:00-04:00,255.11971661881654,255.3928125240775,254.05472314756278,254.4188232421875,978200,0.0,0.0
2019-07-31 00:00:00-04:00,253.9818374760923,254.61903335308295,248.1652652773198,250.89605712890625,1886900,0.0,0.0
2019-08-01 00:00:00-04:00,251.00525702142133,255.72041710466175,249.69447485309257,249.93115234375,2634300,0.0,0.0
2019-08-02 00:00:00-04:00,249.68540009734554,250.2679823819787,246.22640806425602,248.04693603515625,1969200,0.0,0.0
2019-08-05 00:00:00-04:00,245.8532288941111,246.27194260445964,239.1354753516071,241.31101989746094,3329800,0.0,0.0
2019-08-06 00:00:00-04:00,242.55798173384233,245.98058231128655,240.35513124368953,245.14312744140625,2383000,0.0,0.0
2019-08-07 00:00:00-04:00,244.11465786216368,250.1952163344787,239.93654832299544,249.6854705810547,3037500,0.0,0.0
2019-08-08 00:00:00-04:00,248.5385331971254,250.1769975680477,246.6815865387712,250.1405792236328,2046700,0.0,0.0
2019-08-09 00:00:00-04:00,249.94029687101732,250.75044522970506,247.50990735306402,249.3577423095703,1284300,0.0,0.0
2019-08-12 00:00:00-04:00,249.43966452389162,250.30442651079485,245.13410542861072,246.9637451171875,1638600,0.0,0.0
2019-08-13 00:00:00-04:00,246.84535678890896,253.19900878701432,245.78036358625874,251.46951293945312,1724600,0.0,0.0
2019-08-14 00:00:00-04:00,249.41233010335233,250.6502757801393,243.950746232476,244.0872802734375,2122100,0.0,0.0
2019-08-15 00:00:00-04:00,246.25367860902315,248.47472462877153,244.6516053412576,247.1548309326172,1623200,0.0,0.0
2019-08-16 00:00:00-04:00,249.5033721923828,251.29659341399383,248.90259460869527,249.5033721923828,1230800,0.0,0.0
2019-08-19 00:00:00-04:00,251.6061118836576,252.48906920224243,249.9130061542121,250.8778839111328,1313400,0.0,0.0
2019-08-20 00:00:00-04:00,251.48787253575662,251.5606814722681,248.36567199769112,248.4748992919922,1390600,0.0,0.0
2019-08-21 00:00:00-04:00,250.69587379130175,251.72447681122935,250.04959396904252,250.94163513183594,1682300,0.0,0.0
2019-08-22 00:00:00-04:00,252.15220000867197,255.77503238226004,252.02474973470234,254.8010711669922,2345500,0.0,0.0
2019-08-23 00:00:00-04:00,253.24452439724402,254.99224339468134,248.22898894931737,249.4214324951172,1984300,0.0,0.0
2019-08-26 00:00:00-04:00,251.005238818194,253.5357710303851,250.95062521339494,253.4720458984375,1426400,0.0,0.0
2019-08-27 00:00:00-04:00,255.7841961157777,267.1078830344731,255.1834185138342,266.14300537109375,5169000,0.0,0.0
2019-08-28 00:00:00-04:00,267.39010357986984,273.03375262237046,266.1794644400641,268.0636901855469,5162100,0.0,0.0
2019-08-29 00:00:00-04:00,271.38440586263505,271.61247530918615,267.07845359813047,270.5542297363281,2613100,0.65,0.0
2019-08-30 00:00:00-04:00,271.8587863206379,272.11422299282214,267.1422978114927,268.90301513671875,1801000,0.0,0.0
2019-09-03 00:00:00-04:00,266.9051273800289,268.20967797553453,264.98020671069054,266.43072509765625,1842900,0.0,0.0
2019-09-04 00:00:00-04:00,268.20971302428256,270.3079411396278,267.99987907654275,270.14373779296875,1375700,0.0,0.0
2019-09-05 00:00:00-04:00,272.2509848215126,273.4186989815719,270.65449909577904,270.9190673828125,1865300,0.0,0.0
2019-09-06 00:00:00-04:00,272.9534504920601,277.9162425257704,272.12327459166175,277.1134338378906,3018100,0.0,0.0
2019-09-09 00:00:00-04:00,277.78855385668703,280.3794191297935,272.05031944801686,272.7710266113281,3397200,0.0,0.0
2019-09-10 00:00:00-04:00,271.2931421423952,272.0868192730528,268.7387479227036,270.94647216796875,2725000,0.0,0.0
2019-09-11 00:00:00-04:00,268.48334241690173,269.79702466152764,262.5626684697325,265.1900329589844,4754700,0.0,0.0
2019-09-12 00:00:00-04:00,264.87071335319786,267.0693060280557,263.35632897730176,264.460205078125,2942600,0.0,0.0
2019-09-13 00:00:00-04:00,264.7429680418043,268.27347786445927,264.4236653168569,266.2938232421875,2306300,0.0,0.0
2019-09-16 00:00:00-04:00,265.08050378979715,265.8194464042734,263.04611475854017,263.36541748046875,1508900,0.0,0.0
2019-09-17 00:00:00-04:00,264.15911306146813,266.1935022354996,263.36543596358945,265.8468322753906,1758900,0.0,0.0
2019-09-18 00:00:00-04:00,265.19918192381715,267.817414896788,263.46583173776423,266.77740478515625,1666000,0.0,0.0
2019-09-19 00:00:00-04:00,264.0952865606457,264.3416193800455,259.73459987038774,262.5809020996094,3004700,0.0,0.0
2019-09-20 00:00:00-04:00,263.42013324212303,264.0222397446794,261.03910228430976,261.2397766113281,3409500,0.0,0.0
2019-09-23 00:00:00-04:00,261.2398737479431,262.8546233726417,260.683397618659,262.34375,2025400,0.0,0.0
2019-09-24 00:00:00-04:00,263.9219211243362,266.95068969719125,261.27632142608553,262.65386962890625,2483200,0.0,0.0
2019-09-25 00:00:00-04:00,262.9732549717517,264.26867409073276,261.70517523757275,263.2013244628906,1827800,0.0,0.0
2019-09-26 00:00:00-04:00,264.04058563516526,264.38725569127945,261.45885143072945,262.9732360839844,1877300,0.0,0.0
2019-09-27 00:00:00-04:00,264.13175605953114,264.13175605953114,259.4517670980967,260.8658142089844,1538100,0.0,0.0
2019-09-30 00:00:00-04:00,262.46220294688163,263.3014825124985,261.4313250939107,262.8362121582031,2151500,0.0,0.0
2019-10-01 00:00:00-04:00,262.77248621656645,263.35632948908477,258.3388019536149,259.02301025390625,2648900,0.0,0.0
2019-10-02 00:00:00-04:00,258.3844588939972,260.71988790324554,257.46304938001293,260.0995178222656,2480600,0.0,0.0
2019-10-03 00:00:00-04:00,260.35491513591063,265.34504683327356,256.89737526965763,263.6482238769531,3590200,0.0,0.0
2019-10-04 00:00:00-04:00,262.59916807945547,266.33951259595585,258.4665507939915,266.0840759277344,4513300,0.0,0.0
2019-10-07 00:00:00-04:00,265.50935370029714,269.75144014174026,265.016715865136,267.67144775390625,1988700,0.0,0.0
2019-10-08 00:00:00-04:00,267.251741058001,269.6510078228376,264.97104699824854,266.28472900390625,2201100,0.0,0.0
2019-10-09 00:00:00-04:00,267.3976544449544,272.37870982235836,267.3976544449544,270.8551940917969,2235500,0.0,0.0
2019-10-10 00:00:00-04:00,272.4335036622196,273.20894530280725,270.2714098910625,271.07421875,1637500,0.0,0.0
2019-10-11 00:00:00-04:00,271.922607060299,274.37663617725786,271.2748698806747,271.49383544921875,1855500,0.0,0.0
2019-10-14 00:00:00-04:00,271.85877126534814,273.9934978733494,271.4026323873862,271.4208679199219,1297600,0.0,0.0
2019-10-15 00:00:00-04:00,272.15067245764817,273.3548856251034,271.1562931701373,272.21453857421875,1580700,0.0,0.0
2019-10-16 00:00:00-04:00,270.76402306334086,272.7436780160381,269.1949042313135,272.5703430175781,1811100,0.0,0.0
2019-10-17 00:00:00-04:00,272.6341673433598,276.0643122005913,272.6341673433598,275.87274169921875,1734600,0.0,0.0
2019-10-18 00:00:00-04:00,275.5078739506874,277.33242940731446,274.57736069039004,276.29241943359375,1853900,0.0,0.0
2019-10-21 00:00:00-04:00,276.42013395988903,276.8854044804663,273.8384004040793,274.6685485839844,1322900,0.0,0.0
2019-10-22 00:00:00-04:00,275.1520351018948,278.1352006883975,273.63767877712036,273.6559143066406,1955600,0.0,0.0
2019-10-23 00:00:00-04:00,273.30013192140467,273.7289035395995,271.110671083167,271.2384033203125,1798700,0.0,0.0
2019-10-24 00:00:00-04:00,269.1674798133158,272.1141463204479,268.72047272307185,270.9920349121094,2056700,0.0,0.0
2019-10-25 00:00:00-04:00,269.59631421592894,271.1745647668436,269.222276992631,270.4903564453125,1686200,0.0,0.0
2019-10-28 00:00:00-04:00,269.7605074516129,272.85311415314146,269.31347247950697,272.7162780761719,1672600,0.0,0.0
2019-10-29 00:00:00-04:00,272.0503217596542,272.71629449500625,269.86086087481283,269.9064636230469,1295300,0.0,0.0
2019-10-30 00:00:00-04:00,270.87348789199217,273.9113601696136,270.0068130017152,273.5373229980469,1264300,0.0,0.0
2019-10-31 00:00:00-04:00,272.77847511066363,273.930451110685,269.2951483402056,271.6356506347656,2277400,0.65,0.0
2019-11-01 00:00:00-04:00,272.44024339492574,272.833396276914,270.16374563414337,270.7031555175781,1364500,0.0,0.0
2019-11-04 00:00:00-05:00,271.6813588006806,272.6504716472789,269.86199130770586,271.3705139160156,1651600,0.0,0.0
2019-11-05 00:00:00-05:00,271.617398901887,273.9944795968652,270.4471476537272,273.5281982421875,2204500,0.0,0.0
2019-11-06 00:00:00-05:00,274.25049669955723,275.78644637422366,272.3853990083233,275.71331787109375,1675000,0.0,0.0
2019-11-07 00:00:00-05:00,277.8709170262133,280.76913227109577,276.5452573301353,279.0411682128906,2399400,0.0,0.0
2019-11-08 00:00:00-05:00,276.7828939244969,278.20001279702177,275.448082954434,276.6731872558594,1501600,0.0,0.0
2019-11-11 00:00:00-05:00,275.69501504440746,276.40813652972656,274.0036568363382,275.0458984375,1160900,0.0,0.0
2019-11-12 00:00:00-05:00,275.03677036955077,276.77388635463393,273.05284217752813,274.7350769042969,1540800,0.0,0.0
2019-11-13 00:00:00-05:00,274.44235175544657,277.934829000304,273.83893726542044,276.92913818359375,1517900,0.0,0.0
2019-11-14 00:00:00-05:00,278.29156052820485,279.6629502607966,276.3533062693057,278.4743957519531,1336400,0.0,0.0
2019-11-15 00:00:00-05:00,279.13263797556795,279.251496205496,275.74074216474037,277.6241149902344,1706100,0.0,0.0
2019-11-18 00:00:00-05:00,277.1212677334925,280.110915062208,276.7921476061078,278.4286804199219,1241300,0.0,0.0
2019-11-19 00:00:00-05:00,278.392041236697,278.52005096996976,275.6035606868396,276.3258056640625,1761400,0.0,0.0
2019-11-20 00:00:00-05:00,276.5086414894794,277.1760609593661,272.4584786581723,274.7989807128906,1979500,0.0,0.0
2019-11-21 00:00:00-05:00,274.9087511058499,275.9875708543591,273.83905498165564,274.5247497558594,1302500,0.0,0.0
2019-11-22 00:00:00-05:00,276.05157164578003,276.05157164578003,271.7454163397608,273.6470642089844,1277300,0.0,0.0
2019-11-25 00:00:00-05:00,274.5430944820002,274.85393947870637,272.038003553963,273.4093933105469,1613000,0.0,0.0
2019-11-26 00:00:00-05:00,273.60125290969273,275.5120515395243,273.1989765769934,275.4114685058594,3359100,0.0,0.0
2019-11-27 00:00:00-05:00,275.941830197572,276.82866309678127,274.79900573472435,274.97271728515625,1906500,0.0,0.0
2019-11-29 00:00:00-05:00,275.027598198587,275.09160307115997,273.9670536426271,274.10418701171875,981600,0.0,0.0
2019-12-02 00:00:00-05:00,274.04930175612293,274.4607297164854,269.0391493477189,271.89166259765625,2705500,0.0,0.0
2019-12-03 00:00:00-05:00,269.8254448273099,270.79455778780675,267.60380065754777,270.31915283203125,1921400,0.0,0.0
2019-12-04 00:00:00-05:00,270.6573952123198,271.6813614071542,269.8436908497544,271.0962219238281,1742000,0.0,0.0
2019-12-05 00:00:00-05:00,271.65394732996367,271.65394732996367,267.4209211060753,267.969482421875,1941100,0.0,0.0
2019-12-06 00:00:00-05:00,269.6882543033351,270.6116373467406,269.0299864035597,269.66082763671875,1462000,0.0,0.0
2019-12-09 00:00:00-05:00,269.7066203685083,271.70885140942517,269.295192329583,269.8529052734375,1960000,0.0,0.0
2019-12-10 00:00:00-05:00,270.6482120693333,271.2516266281472,269.29509809796406,270.4196472167969,1565900,0.0,0.0
2019-12-11 00:00:00-05:00,270.62088898855876,270.94088548479124,267.92381153587667,269.98089599609375,1749800,0.0,0.0
2019-12-12 00:00:00-05:00,269.95333227401653,272.2298568936252,268.90193966385743,271.8458557128906,2742700,0.0,0.0
2019-12-13 00:00:00-05:00,269.3775187030192,269.70663883590083,264.31251163938174,266.8450012207031,5195600,0.0,0.0
2019-12-16 00:00:00-05:00,267.9055019301034,269.2128865226621,267.7409418906883,268.335205078125,2410000,0.0,0.0
2019-12-17 00:00:00-05:00,268.3351300035458,270.89504512598063,267.6494354635027,270.2093505859375,2474100,0.0,0.0
2019-12-18 00:00:00-05:00,270.61174710231995,270.95001876144653,266.7992993914678,266.8450012207031,3309800,0.0,0.0
2019-12-19 00:00:00-05:00,267.0187290279646,268.6186837622831,266.50674574506235,268.5272521972656,2333600,0.0,0.0
2019-12-20 00:00:00-05:00,268.6551604872155,269.7248284809762,267.67689612294924,269.5511169433594,4866500,0.0,0.0
2019-12-23 00:00:00-05:00,269.62435074576507,269.99004907170394,267.90553792275904,268.1615295410156,1309800,0.0,0.0
2019-12-24 00:00:00-05:00,268.7100547300393,269.2037627489996,268.20719518634206,269.00262451171875,543600,0.0,0.0
2019-12-26 00:00:00-05:00,269.240292079446,270.3739929199219,268.7008822807868,270.3739929199219,1101800,0.0,0.0
2019-12-27 00:00:00-05:00,270.8219856064559,270.8951140995811,268.042628550877,268.89288330078125,1439100,0.0,0.0
2019-12-30 00:00:00-05:00,268.97518846096017,270.2642699583746,268.48148045921243,269.8345947265625,1238900,0.0,0.0
2019-12-31 00:00:00-05:00,269.7065959061468,270.1180239077557,267.12837700497585,268.7192077636719,1550700,0.0,0.0
2020-01-02 00:00:00-05:00,268.84721278572295,269.32261779886835,266.0495802563439,266.49755859375,2103600,0.0,0.0
2020-01-03 00:00:00-05:00,265.1809722089744,267.7866175154353,264.52270421472105,266.7169494628906,1926000,0.0,0.0
2020-01-06 00:00:00-05:00,265.63800249361367,267.027694350425,263.87348891329594,266.78997802734375,2655100,0.0,0.0
2020-01-07 00:00:00-05:00,266.34204965296004,266.6803211598793,264.47695270285817,266.3694763183594,1963400,0.0,0.0
2020-01-08 00:00:00-05:00,266.04038514599847,270.1454296157447,265.59240688198355,269.42315673828125,2492800,0.0,0.0
2020-01-09 00:00:00-05:00,272.95222077502126,276.06984968301225,272.1842459793595,273.7476501464844,3261200,0.0,0.0
2020-01-10 00:00:00-05:00,274.2779436465858,274.52478375150946,271.2243192221066,271.75457763671875,2024200,0.0,0.0
2020-01-13 00:00:00-05:00,271.4620081853083,274.87217908234453,271.3522735821367,274.1590576171875,1778600,0.0,0.0
2020-01-14 00:00:00-05:00,273.59221707074414,275.19217155653797,272.9796507911752,274.0493469238281,1459900,0.0,0.0
2020-01-15 00:00:00-05:00,272.7693049602481,275.22866504495744,272.4858867706482,275.02752685546875,1604000,0.0,0.0
2020-01-16 00:00:00-05:00,275.54875476468703,277.98981263116855,275.1739049254348,277.0481262207031,1758600,0.0,0.0
2020-01-17 00:00:00-05:00,277.3864197063215,279.1235077584375,277.04814804208246,278.5566711425781,2506500,0.0,0.0
2020-01-21 00:00:00-05:00,279.9462999323119,286.4740989503539,279.5440234773078,286.4009704589844,3585900,0.0,0.0
2020-01-22 00:00:00-05:00,286.528981176373,286.6752660748463,283.6124905341039,285.1484680175781,2218900,0.0,0.0
2020-01-23 00:00:00-05:00,285.26731099064966,286.5289938825641,284.087936027332,286.0535888671875,1535900,0.0,0.0
2020-01-24 00:00:00-05:00,287.0956888121942,287.3334051531013,282.59754878304454,283.88665771484375,1986100,0.0,0.0
2020-01-27 00:00:00-05:00,279.9004691804023,285.03860179987976,279.44333954662704,282.91754150390625,2265100,0.0,0.0
2020-01-28 00:00:00-05:00,283.88684785608365,284.983942985355,282.59773806086673,284.19769287109375,1571700,0.0,0.0
2020-01-29 00:00:00-05:00,284.20671965224426,285.2215622945792,282.8627848545649,283.0364685058594,1713700,0.0,0.0
2020-01-30 00:00:00-05:00,282.359894631442,283.0913189564899,280.3759671831545,282.9358825683594,1232600,0.0,0.0
2020-01-31 00:00:00-05:00,282.0948520933381,282.6708402355069,278.4469643942626,279.32464599609375,1837000,0.0,0.0
2020-02-03 00:00:00-05:00,280.67771305311595,282.1222310262695,275.8047213863168,276.1064147949219,2816800,0.0,0.0
2020-02-04 00:00:00-05:00,278.4561190369612,279.6812238430807,276.8013110010016,278.7578125,1982300,0.0,0.0
2020-02-05 00:00:00-05:00,280.6776322509002,283.0455607188404,279.21481164920067,282.46044921875,1731800,0.0,0.0
2020-02-06 00:00:00-05:00,283.4224969970111,285.7037940256221,282.04821628872736,284.5768737792969,1917900,0.65,0.0
2020-02-07 00:00:00-05:00,284.01807701604,287.50874856451617,283.2118276786815,287.3438415527344,1903500,0.0,0.0
2020-02-10 00:00:00-05:00,287.46293298016883,290.37640185122854,286.40015236887683,287.49041748046875,2336300,0.0,0.0
2020-02-11 00:00:00-05:00,287.7101926301208,288.0766618255981,284.4485692587001,284.6409606933594,2047500,0.0,0.0
2020-02-12 00:00:00-05:00,284.72353328468944,289.03879584321214,284.72353328468944,288.7089538574219,1384600,0.0,0.0
2020-02-13 00:00:00-05:00,288.46161976942165,292.0714005034574,287.26141646524354,291.5308532714844,1438000,0.0,0.0
2020-02-14 00:00:00-05:00,292.14456275992194,293.0057808313713,290.38549926576036,291.6315002441406,1113400,0.0,0.0
2020-02-18 00:00:00-05:00,292.2636547333661,296.36818258324035,291.90632838053887,295.0580139160156,1547100,0.0,0.0
2020-02-19 00:00:00-05:00,295.0854678582831,297.33013697313385,294.7648248074235,295.9466857910156,1413600,0.0,0.0
2020-02-20 00:00:00-05:00,295.3054070544208,297.8249213599128,294.10520429477117,296.9178771972656,1427500,0.0,0.0
2020-02-21 00:00:00-05:00,295.52532191685106,297.99903838108,294.12355670973807,294.9664611816406,2239000,0.0,0.0
2020-02-24 00:00:00-05:00,289.0570923545496,293.179935193204,287.00484175533876,287.33465576171875,2300400,0.0,0.0
2020-02-25 00:00:00-05:00,288.59900570371514,290.03742650599156,278.88741452299155,279.3180236816406,2881800,0.0,0.0
2020-02-26 00:00:00-05:00,281.7733390159883,285.2090407335941,279.1438864416839,280.0692443847656,2236000,0.0,0.0
2020-02-27 00:00:00-05:00,276.6701498844053,279.43702445445655,268.44278086936316,268.5618896484375,3625300,0.0,0.0
2020-02-28 00:00:00-05:00,261.34235865457805,263.2480154355272,248.54322431829095,257.57684326171875,7091800,0.0,0.0
2020-03-02 00:00:00-05:00,269.7622277553002,283.569178965603,266.9586964705309,283.2301940917969,7563800,0.0,0.0
2020-03-03 00:00:00-05:00,283.23015530481416,287.8385763048048,275.7998617637033,277.3573913574219,5131400,0.0,0.0
2020-03-04 00:00:00-05:00,282.4512775404339,294.0685211461601,279.45532837379346,293.8577880859375,4219300,0.0,0.0
2020-03-05 00:00:00-05:00,289.3043088713735,297.3118008786516,286.94972993819806,289.295166015625,6407700,0.0,0.0
2020-03-06 00:00:00-05:00,285.97875528761875,290.88033562684177,277.37574197541284,285.24578857421875,6185500,0.0,0.0
2020-03-09 00:00:00-04:00,271.0540248108216,284.3203993393504,268.44288535110826,276.6702575683594,5203100,0.0,0.0
2020-03-10 00:00:00-04:00,282.15818172820957,283.7706801966457,269.7438559726188,283.46832275390625,4245500,0.0,0.0
2020-03-11 00:00:00-04:00,275.6441335697086,281.9933336353783,269.53317914003793,272.5016174316406,3622700,0.0,0.0
2020-03-12 00:00:00-04:00,256.9355360970106,270.8524216576326,253.1791630509509,256.3949890136719,7307600,0.0,0.0
2020-03-13 00:00:00-04:00,264.6223832322409,277.8338172830238,254.94744693478498,276.9359436035156,6100100,0.0,0.0
2020-03-16 00:00:00-04:00,258.20909472926564,274.42562365246664,256.08356111120986,259.4459533691406,5465500,0.0,0.0
2020-03-17 00:00:00-04:00,264.7780865311894,281.4435330378787,262.3043700405714,281.2602844238281,7170600,0.0,0.0
2020-03-18 00:00:00-04:00,273.0237318581682,291.34747225133384,271.19135781885166,281.7275085449219,6701800,0.0,0.0
2020-03-19 00:00:00-04:00,284.39362383756924,287.5453095074246,277.265689749773,279.63861083984375,5429500,0.0,0.0
2020-03-20 00:00:00-04:00,282.11241007784264,282.1948635809387,262.9640728440867,266.0791320800781,6581200,0.0,0.0
2020-03-23 00:00:00-04:00,267.5358724990555,270.88912149856094,255.08488997816605,261.5989685058594,5646400,0.0,0.0
2020-03-24 00:00:00-04:00,269.8995809175274,272.4282665087925,259.1252106171603,261.0583801269531,7124200,0.0,0.0
2020-03-25 00:00:00-04:00,260.3896068430718,266.3539956203171,255.80866995359182,257.32037353515625,5639600,0.0,0.0
2020-03-26 00:00:00-04:00,257.7601976724585,269.1117746487741,257.3204175902398,267.8016052246094,5463100,0.0,0.0
2020-03-27 00:00:00-04:00,263.0648220083254,268.89175888720433,259.5832940471484,260.4994812011719,4250400,0.0,0.0
2020-03-30 00:00:00-04:00,263.3946039926413,267.233429938834,261.8829009639534,266.7203674316406,4396000,0.0,0.0
2020-03-31 00:00:00-04:00,263.33055960440413,267.086905074344,260.1971868129986,261.23248291015625,5618600,0.0,0.0
2020-04-01 00:00:00-04:00,258.6946714021271,264.59492073573637,257.3570455722805,262.7442321777344,3745800,0.0,0.0
2020-04-02 00:00:00-04:00,260.5452977864535,268.2412640062508,259.1160481153402,267.05023193359375,3500600,0.0,0.0
2020-04-03 00:00:00-04:00,264.9246312516377,267.8380991460381,261.8462284509105,264.4573669433594,2650100,0.0,0.0
2020-04-06 00:00:00-04:00,268.442843451783,279.88601237055644,265.3003281381123,279.5470275878906,5272500,0.0,0.0
2020-04-07 00:00:00-04:00,280.81130637907125,284.0179607749171,277.8062142350709,278.1818542480469,4036500,0.0,0.0
2020-04-08 00:00:00-04:00,279.537900545191,281.6543189831831,276.94510272485525,280.3258361816406,3964400,0.0,0.0
2020-04-09 00:00:00-04:00,274.35229380226394,278.8416059088474,272.6390000922865,274.8653564453125,6487600,0.0,0.0
2020-04-13 00:00:00-04:00,273.5551531192141,278.47510171200724,272.7122765796844,274.50799560546875,3120400,0.0,0.0
2020-04-14 00:00:00-04:00,277.375650443862,288.3698958784659,276.0013697645365,287.81103515625,4288300,0.0,0.0
2020-04-15 00:00:00-04:00,285.5206114106453,287.45375311045314,281.10458210270406,284.2654113769531,2937300,0.0,0.0
2020-04-16 00:00:00-04:00,288.35164481161394,295.5895190356641,285.88709868810986,294.60919189453125,3940000,0.0,0.0
2020-04-17 00:00:00-04:00,294.3800600126597,295.1313401071122,287.7010485618705,291.2742004394531,3688000,0.0,0.0
2020-04-20 00:00:00-04:00,291.3016865411449,291.6956402660904,285.41975332109496,285.92364501953125,3156300,0.0,0.0
2020-04-21 00:00:00-04:00,285.0624986634919,285.74963906309364,274.2606437530045,276.0746765136719,3833000,0.0,0.0
2020-04-22 00:00:00-04:00,278.5209767163178,285.05339751879495,276.72525719518626,283.4867248535156,2970600,0.0,0.0
2020-04-23 00:00:00-04:00,281.29694792214735,283.68821099395353,279.2446975921787,279.8035583496094,2625200,0.0,0.0
2020-04-24 00:00:00-04:00,281.57181804588294,284.77847345283544,279.904378483728,284.5219421386719,2019400,0.0,0.0
2020-04-27 00:00:00-04:00,286.8123467007506,287.0322506068644,281.80997320366987,282.9002380371094,2287300,0.0,0.0
2020-04-28 00:00:00-04:00,284.7784847147736,285.18160936151787,278.7774691140853,279.3913269042969,2425900,0.0,0.0
2020-04-29 00:00:00-04:00,279.39136321829284,282.80872437987944,275.8823497634767,281.35198974609375,3667700,0.0,0.0
2020-04-30 00:00:00-04:00,281.1315610377954,282.7385518645941,277.84412927682763,278.2389831542969,3794300,0.7,0.0
2020-05-01 00:00:00-04:00,277.1186501966339,279.91023038075036,275.6493959932203,277.2472229003906,2525400,0.0,0.0
2020-05-04 00:00:00-04:00,278.2388882296296,280.5621359113916,275.54833408893546,279.60711669921875,2477500,0.0,0.0
2020-05-05 00:00:00-04:00,280.13057037198905,284.48320978239906,278.64296085317494,282.7568664550781,2460900,0.0,0.0
2020-05-06 00:00:00-04:00,284.5934717268037,285.6219412831649,281.48967951469655,283.64764404296875,2406700,0.0,0.0
2020-05-07 00:00:00-04:00,284.0608956589929,284.54758321872504,279.6439685535846,280.0755615234375,2601800,0.0,0.0
2020-05-08 00:00:00-04:00,280.9019816388057,282.07737948376746,278.8817814803657,280.938720703125,2337400,0.0,0.0
2020-05-11 00:00:00-04:00,280.6632008956684,286.3473301010483,280.0754880595164,284.96990966796875,1865900,0.0,0.0
2020-05-12 00:00:00-04:00,285.4382089341479,286.09018001793265,279.88262503232187,279.92852783203125,2264900,0.0,0.0
2020-05-13 00:00:00-04:00,279.9285587051851,281.3610737078316,275.59427463921355,277.44921875,2954900,0.0,0.0
2020-05-14 00:00:00-04:00,276.4115647379632,278.1287444317435,270.470290018682,275.2453308105469,3718900,0.0,0.0
2020-05-15 00:00:00-04:00,274.63015281351426,275.3280269296571,271.6824522641589,274.7586975097656,4577200,0.0,0.0
2020-05-18 00:00:00-04:00,277.06353532168066,278.41340849378525,275.41064197872,278.0185546875,3987300,0.0,0.0
2020-05-19 00:00:00-04:00,279.7265870364836,283.76701542389605,278.37671364997607,279.73577880859375,3523000,0.0,0.0
2020-05-20 00:00:00-04:00,281.70084684977854,282.75689164862257,278.4226073684716,279.99285888671875,2827000,0.0,0.0
2020-05-21 00:00:00-04:00,279.8826786779153,280.11224876783893,276.6319583579629,277.2931213378906,2492100,0.0,0.0
2020-05-22 00:00:00-04:00,277.3297921386831,279.10206607099076,276.2462002829458,277.7154541015625,2366400,0.0,0.0
2020-05-26 00:00:00-04:00,281.0029851284262,281.82024008580476,278.7256397211853,279.891845703125,3234600,0.0,0.0
2020-05-27 00:00:00-04:00,279.67153369546566,281.2785247247879,274.99748886445235,281.0030517578125,2980200,0.0,0.0
2020-05-28 00:00:00-04:00,282.14168322544657,285.58523509557,281.8202794461624,284.2629089355469,4301900,0.0,0.0
2020-05-29 00:00:00-04:00,279.34097576755806,283.6385223427634,277.6421510160972,283.26202392578125,4971800,0.0,0.0
2020-06-01 00:00:00-04:00,282.73847591291906,284.4281081655116,281.4161501459008,283.09661865234375,2293700,0.0,0.0
2020-06-02 00:00:00-04:00,282.7845173695905,283.76705629756145,279.8184609914105,281.9947814941406,2528900,0.0,0.0
2020-06-03 00:00:00-04:00,282.3712201357885,283.0140276187458,280.9203494489306,281.5815124511719,2165900,0.0,0.0
2020-06-04 00:00:00-04:00,285.44754656065595,289.57980949873416,283.8313636439564,285.355712890625,4553900,0.0,0.0
2020-06-05 00:00:00-04:00,287.5411444352058,288.0002846324904,282.17839029376563,286.54022216796875,4375600,0.0,0.0
2020-06-08 00:00:00-04:00,285.2729509799801,285.85147203171874,281.41616265084934,282.0865173339844,3764500,0.0,0.0
2020-06-09 00:00:00-04:00,282.37125511697553,283.38136927660497,280.2316738720443,280.5805969238281,3155800,0.0,0.0
2020-06-10 00:00:00-04:00,281.4345415781957,283.40883851425264,280.67235327615776,282.2150573730469,2713700,0.0,0.0
2020-06-11 00:00:00-04:00,281.90291855217674,283.9323386113799,276.0718598618129,276.2463073730469,3443000,0.0,0.0
2020-06-12 00:00:00-04:00,277.9359182488317,280.2132355192648,272.04054623295406,274.29034423828125,4020000,0.0,0.0
2020-06-15 00:00:00-04:00,272.7752418405835,273.7119059905674,269.8275689523577,272.8946228027344,3266800,0.0,0.0
2020-06-16 00:00:00-04:00,276.72377692684125,278.00017198497727,274.76783538343204,276.7329406738281,2633800,0.0,0.0
2020-06-17 00:00:00-04:00,276.42069396398216,277.3206186428075,274.47394443610744,275.12591552734375,2188400,0.0,0.0
2020-06-18 00:00:00-04:00,275.4841177591172,276.22792263517135,273.4547259382593,275.0892639160156,1881800,0.0,0.0
2020-06-19 00:00:00-04:00,275.64945141989574,277.2288951020083,274.23531953638116,275.392333984375,3438000,0.0,0.0
2020-06-22 00:00:00-04:00,275.20871993761926,276.84325836133615,273.8772017956869,275.8974304199219,2094400,0.0,0.0
2020-06-23 00:00:00-04:00,277.07274677751667,279.98367986396585,276.1544664053661,276.668701171875,2409600,0.0,0.0
2020-06-24 00:00:00-04:00,276.1911952585692,276.6595272461569,272.3619815529707,273.6659240722656,2398100,0.0,0.0
2020-06-25 00:00:00-04:00,272.7843305515188,276.54009343497336,271.2599819640175,275.97076416015625,2274300,0.0,0.0
2020-06-26 00:00:00-04:00,275.8605490518434,277.43080029488254,271.7650273429585,272.3251647949219,2866000,0.0,0.0
2020-06-29 00:00:00-04:00,273.13326508699873,276.98086136910683,272.57309959235886,276.9441223144531,1841700,0.0,0.0
2020-06-30 00:00:00-04:00,276.41156284387523,279.7265412847777,275.61266346443074,278.4317626953125,2391700,0.0,0.0
2020-07-01 00:00:00-04:00,277.7797861075773,280.6080770538852,276.1727956094343,279.8459167480469,1906100,0.0,0.0
2020-07-02 00:00:00-04:00,280.9937972676116,283.675188317061,279.70821033583184,280.7550354003906,2540500,0.0,0.0
2020-07-06 00:00:00-04:00,282.3987736691355,286.09944260445553,282.1324645033156,286.03515625,2332400,0.0,0.0
2020-07-07 00:00:00-04:00,284.6852759924037,292.0590663920995,284.4098030852942,290.3878173828125,3346600,0.0,0.0
2020-07-08 00:00:00-04:00,291.2234862247209,292.05909680453067,288.3492638252437,290.4704895019531,2364500,0.0,0.0
2020-07-09 00:00:00-04:00,293.84967041785194,302.09583688248074,293.5558140217489,298.93695068359375,5313600,0.0,0.0
2020-07-10 00:00:00-04:00,299.3594031004017,300.6449900243151,296.7055593577402,299.57061767578125,2484100,0.0,0.0
2020-07-13 00:00:00-04:00,299.63479972321215,302.2151646854878,295.2270662422885,296.5310363769531,2583200,0.0,0.0
2020-07-14 00:00:00-04:00,295.061907178092,301.8020829180761,294.2630075992869,301.1960144042969,1844800,0.0,0.0
2020-07-15 00:00:00-04:00,301.2877841325077,302.4080872644394,299.0104388085355,300.002197265625,1770700,0.0,0.0
2020-07-16 00:00:00-04:00,299.9287340608927,301.1041318295941,297.57793852348993,299.6073303222656,1402000,0.0,0.0
2020-07-17 00:00:00-04:00,300.553217208935,301.0123574906618,298.0554929553928,298.24835205078125,1768100,0.0,0.0
2020-07-20 00:00:00-04:00,298.3400578449063,300.6816610686352,296.29228297753826,299.8276672363281,1863300,0.0,0.0
2020-07-21 00:00:00-04:00,300.2777262643742,304.4007967797484,299.8185860101473,300.9572448730469,1874200,0.0,0.0
2020-07-22 00:00:00-04:00,302.7110890133293,302.7202807837198,298.45028308199943,301.4714050292969,1312600,0.0,0.0
2020-07-23 00:00:00-04:00,301.2878158198509,303.38149408717027,298.7441610840283,299.4604187011719,1561700,0.0,0.0
2020-07-24 00:00:00-04:00,299.5613330804994,301.8845805950057,298.138010145723,299.15728759765625,1423400,0.0,0.0
2020-07-27 00:00:00-04:00,299.0656242387354,302.11432260898835,298.60648393081897,300.8287353515625,2083300,0.0,0.0
2020-07-28 00:00:00-04:00,301.16839294327656,303.03250084266415,299.19409589100957,300.80108642578125,1374000,0.0,0.0
2020-07-29 00:00:00-04:00,300.2961004671776,301.2327645792357,298.7993266851906,299.488037109375,1341300,0.0,0.0
2020-07-30 00:00:00-04:00,296.95727058624846,300.41744049833113,296.3222919995317,298.91741943359375,1390300,0.7,0.0
2020-07-31 00:00:00-04:00,298.9173662744975,300.288537835951,296.8283685392206,299.57073974609375,2149900,0.0,0.0
2020-08-03 00:00:00-04:00,299.5891215128718,303.58305449313974,298.43880231172585,303.0585021972656,2480200,0.0,0.0
2020-08-04 00:00:00-04:00,303.27940986218357,312.72124057571176,302.69046092734305,312.6936340332031,3933300,0.0,0.0
2020-08-05 00:00:00-04:00,314.59849047525836,315.39913624574996,310.669010116024,312.8592224121094,2923700,0.0,0.0
2020-08-06 00:00:00-04:00,315.10466756915474,317.59855194003984,314.36844636913725,315.9328918457031,2104300,0.0,0.0
2020-08-07 00:00:00-04:00,315.7764533462811,317.2396560710553,312.5463478858746,313.7242736816406,1759000,0.0,0.0
2020-08-10 00:00:00-04:00,313.54030604478356,313.87161269449246,311.5801569455988,312.8869323730469,1503800,0.0,0.0
2020-08-11 00:00:00-04:00,313.6690646815231,313.6690646815231,305.3407363025065,305.9205017089844,2065600,0.0,0.0
2020-08-12 00:00:00-04:00,307.13526495176416,311.87457503385167,306.6015291329139,309.9052429199219,1853900,0.0,0.0
2020-08-13 00:00:00-04:00,310.1168884137088,312.38992059608836,308.40522668357704,308.9297790527344,1536500,0.0,0.0
2020-08-14 00:00:00-04:00,309.6935953788628,311.74577534081396,308.8377644678492,309.4635314941406,1522900,0.0,0.0
2020-08-17 00:00:00-04:00,310.724279076956,313.22737528210666,310.4573971054591,312.8500671386719,1504700,0.0,0.0
2020-08-18 00:00:00-04:00,313.8071207562878,315.4635693976602,309.9512480228582,313.5770568847656,1489400,0.0,0.0
2020-08-19 00:00:00-04:00,313.9176062943716,314.6722226758422,312.8409228990303,313.71514892578125,1730100,0.0,0.0
2020-08-20 00:00:00-04:00,313.01570098037155,314.41447914849954,311.72732088839575,313.6874694824219,1717500,0.0,0.0
2020-08-21 00:00:00-04:00,312.95130209410564,318.261166345603,312.2702939107536,317.1292419433594,2372600,0.0,0.0
2020-08-24 00:00:00-04:00,317.5893629361421,318.50961843849336,314.8285964290883,316.6875305175781,1461500,0.0,0.0
2020-08-25 00:00:00-04:00,316.69669770476634,317.40528423210736,314.2303919600648,317.2212219238281,1176200,0.0,0.0
2020-08-26 00:00:00-04:00,315.656781590881,317.33162490448217,314.44203784645214,316.8162841796875,1757000,0.0,0.0
2020-08-27 00:00:00-04:00,318.0494629743913,320.009611517039,315.2334836292816,318.7396545410156,2220700,0.0,0.0
2020-08-28 00:00:00-04:00,319.7611616997666,321.22436449228434,317.9482573435086,320.5893859863281,1487300,0.0,0.0
2020-08-31 00:00:00-04:00,319.19069133007247,320.93917152228784,316.8348390130713,319.93609619140625,1586900,0.0,0.0
2020-09-01 00:00:00-04:00,318.1415140723548,323.46058962247764,317.86544866198994,323.359375,1773700,0.0,0.0
2020-09-02 00:00:00-04:00,325.41154782221986,331.21838611335943,323.2949713150885,330.2428894042969,2434900,0.0,0.0
2020-09-03 00:00:00-04:00,334.11709078414464,334.6692495681677,317.9665937922736,320.52490234375,3630400,0.0,0.0
2020-09-04 00:00:00-04:00,325.75204945260526,325.75204945260526,313.2549641333191,318.9329528808594,2557000,0.0,0.0
2020-09-08 00:00:00-04:00,316.4206201374121,317.4145117177026,311.21197109186966,311.8377380371094,2144300,0.0,0.0
2020-09-09 00:00:00-04:00,313.715095849773,321.81336113930325,313.24578463960324,318.8041076660156,2100900,0.0,0.0
2020-09-10 00:00:00-04:00,318.6567964781833,320.24884827668217,311.74569818861784,312.45428466796875,1959600,0.0,0.0
2020-09-11 00:00:00-04:00,313.14453085166207,315.8869022681254,309.2978697193107,312.08624267578125,1599600,0.0,0.0
2020-09-14 00:00:00-04:00,313.79795149085544,317.34094120641896,313.3194286838492,315.5740661621094,1522300,0.0,0.0
2020-09-15 00:00:00-04:00,317.506577659685,320.028097106011,315.4176075535863,316.485107421875,1362500,0.0,0.0
2020-09-16 00:00:00-04:00,319.57720417735345,320.94840434189365,315.87778617275774,316.31951904296875,1656500,0.0,0.0
2020-09-17 00:00:00-04:00,312.5003631980123,315.546434865664,309.5463507849134,311.856201171875,2681500,0.0,0.0
2020-09-18 00:00:00-04:00,313.07090846730216,314.0095588955173,304.78860959868535,309.16900634765625,3409300,0.0,0.0
2020-09-21 00:00:00-04:00,307.337743779755,312.5371819633281,307.09846835251363,312.4911804199219,2427400,0.0,0.0
2020-09-22 00:00:00-04:00,313.53097638994507,317.3960316078296,312.5094784539587,316.98193359375,2128100,0.0,0.0
2020-09-23 00:00:00-04:00,320.2489312693464,320.4789951567525,316.62312215710796,317.1476745605469,3577100,0.0,0.0
2020-09-24 00:00:00-04:00,317.48819356692974,319.6323768361002,311.331681131914,319.3287048339844,5779300,0.0,0.0
2020-09-25 00:00:00-04:00,313.5678416938161,316.35621466085615,308.6168627428414,315.2611083984375,7338500,0.0,0.0
2020-09-28 00:00:00-04:00,316.34709197003514,321.8778093423559,315.73971986953916,321.7397766113281,3459200,0.0,0.0
2020-09-29 00:00:00-04:00,321.12315963979927,326.0373205124202,319.42068139210863,324.05877685546875,2526000,0.0,0.0
2020-09-30 00:00:00-04:00,324.4453392819462,329.175466942698,323.1661984944034,326.6907653808594,2525800,0.0,0.0
2020-10-01 00:00:00-04:00,327.85024108001306,331.0067107786395,326.5250708823211,329.8747863769531,2053000,0.0,0.0
2020-10-02 00:00:00-04:00,326.44225023244036,329.30423141506185,324.7121653639883,326.6999206542969,2125000,0.0,0.0
2020-10-05 00:00:00-04:00,326.99433841172635,330.35329308362617,326.99433841172635,329.98516845703125,2093500,0.0,0.0
2020-10-06 00:00:00-04:00,333.0404861373281,334.05277288407416,328.56805753439306,329.7735900878906,2760400,0.0,0.0
2020-10-07 00:00:00-04:00,331.72452652170693,335.6540076963302,330.97912175654386,334.0711669921875,1959100,0.0,0.0
2020-10-08 00:00:00-04:00,335.7092227558837,336.7859341363171,332.9024544838037,335.9761047363281,1793100,0.0,0.0
2020-10-09 00:00:00-04:00,336.81348271357496,340.2644405282632,336.53741732198654,339.99755859375,1730700,0.0,0.0
2020-10-12 00:00:00-04:00,341.41472388798866,350.30439365363833,341.2030550540576,346.4577331542969,2806900,0.0,0.0
2020-10-13 00:00:00-04:00,348.2430871945979,351.80447136883834,346.4577893366943,350.3228454589844,1823300,0.0,0.0
2020-10-14 00:00:00-04:00,352.35664350608874,353.2584759265224,346.66025968800716,348.1694641113281,1904400,0.0,0.0
2020-10-15 00:00:00-04:00,346.4393480128089,348.187827696353,343.3104851974196,346.5497741699219,1697800,0.0,0.0
2020-10-16 00:00:00-04:00,350.15724518914635,354.17875754584645,348.88728800619447,351.11431884765625,2459400,0.0,0.0
2020-10-19 00:00:00-04:00,351.565230127987,352.5406987739386,344.82895269506156,345.6111755371094,1938100,0.0,0.0
2020-10-20 00:00:00-04:00,347.57129180336676,351.6111987257,346.1264839707737,348.141845703125,1282300,0.0,0.0
2020-10-21 00:00:00-04:00,348.3718980092193,350.87499393576945,346.95469676448977,347.69091796875,1466500,0.0,0.0
2020-10-22 00:00:00-04:00,347.25839453963135,348.2062565157573,342.3626288778693,345.7859802246094,1813200,0.0,0.0
2020-10-23 00:00:00-04:00,345.6571611427239,346.49459703298595,343.77064856710217,344.72772216796875,1108000,0.0,0.0
2020-10-26 00:00:00-04:00,337.43929004908443,342.9148216707382,336.9239492004547,341.1479187011719,2145000,0.0,0.0
2020-10-27 00:00:00-04:00,339.3626294858695,345.01301205021167,339.3626294858695,342.9976501464844,1525400,0.0,0.0
2020-10-28 00:00:00-04:00,338.0374156765981,342.7123290009038,335.58956093994266,335.8564147949219,1908300,0.0,0.0
2020-10-29 00:00:00-04:00,334.90676208177547,340.30980880307817,334.242903726939,336.4096374511719,1838500,0.7,0.0
2020-10-30 00:00:00-04:00,332.97056651295065,335.47847318126344,328.0469612135752,329.7342529296875,2724100,0.0,0.0
2020-11-02 00:00:00-05:00,333.97557469248386,337.14733988612426,332.5833092803964,335.97637939453125,1646300,0.0,0.0
2020-11-03 00:00:00-05:00,340.17158248090186,345.5746303400792,339.2034684061031,342.9560852050781,2013100,0.0,0.0
2020-11-04 00:00:00-05:00,344.8553338260797,351.8811788643894,344.83690347961385,346.83770751953125,2449800,0.0,0.0
2020-11-05 00:00:00-05:00,352.65574870406437,356.43602458357657,349.90810706177353,355.1913146972656,2255800,0.0,0.0
2020-11-06 00:00:00-05:00,352.10254928316994,356.6388918592292,351.18975447634085,355.5877990722656,1950200,0.0,0.0
2020-11-09 00:00:00-05:00,357.9758476152812,359.1283777106298,336.3175110676313,336.5387878417969,4371300,0.0,0.0
2020-11-10 00:00:00-05:00,335.50607309678304,342.56877979705627,332.4726064799045,338.03240966796875,2662600,0.0,0.0
2020-11-11 00:00:00-05:00,340.85387027297327,345.4824493683347,339.45240373881643,343.84124755859375,1688800,0.0,0.0
2020-11-12 00:00:00-05:00,347.55693354951273,348.7463241663344,344.37593971862356,346.4136047363281,1535900,0.0,0.0
2020-11-13 00:00:00-05:00,347.1604884948993,350.21238587853753,345.74979281043187,349.2995910644531,1274600,0.0,0.0
2020-11-16 00:00:00-05:00,347.5200123689482,351.5492520877716,347.5200123689482,350.1754455566406,1691500,0.0,0.0
2020-11-17 00:00:00-05:00,357.1183590180922,358.1879102843161,352.019567186816,352.1394348144531,3299100,0.0,0.0
2020-11-18 00:00:00-05:00,353.03377112991615,357.7913900503666,351.96421994891966,352.42523193359375,2134600,0.0,0.0
2020-11-19 00:00:00-05:00,353.6975769291867,354.71180885295746,350.65490929581097,353.633056640625,1768900,0.0,0.0
2020-11-20 00:00:00-05:00,354.0111074561723,355.4402333259132,351.3003547875544,351.4017639160156,1807600,0.0,0.0
2020-11-23 00:00:00-05:00,353.1351278510743,353.1904470299901,350.6825410800473,351.9457092285156,1679600,0.0,0.0
2020-11-24 00:00:00-05:00,353.7713687192366,355.94733171714427,351.02372724115907,354.2600402832031,2061100,0.0,0.0
2020-11-25 00:00:00-05:00,355.7076418891592,358.05879180126857,355.49556624245196,357.5148010253906,2034200,0.0,0.0
2020-11-27 00:00:00-05:00,360.01348775310225,360.20713305488846,357.51481055985636,358.10491943359375,1329400,0.0,0.0
2020-11-30 00:00:00-05:00,361.20288312718367,362.49371103215015,355.1912970909467,361.2213134765625,3733800,0.0,0.0
2020-12-01 00:00:00-05:00,363.8043825670893,367.18223512976135,360.6630738162294,366.6996765136719,2996800,10.0,0.0
2020-12-02 00:00:00-05:00,364.7221817652679,366.05629235834385,361.032103994514,362.85821533203125,2212800,0.0,0.0
2020-12-03 00:00:00-05:00,357.6542125355005,358.34493080126094,353.1882645996349,353.91680908203125,3976400,0.0,0.0
2020-12-04 00:00:00-05:00,355.0143909067491,355.1090142023305,351.8731111682665,353.3302001953125,2839700,0.0,0.0
2020-12-07 00:00:00-05:00,354.12497215956085,356.23495319365367,352.59217299689095,353.2355651855469,2652900,0.0,0.0
2020-12-08 00:00:00-05:00,353.8222836192075,359.0924583727799,350.79451094975695,357.27581787109375,2685500,0.0,0.0
2020-12-09 00:00:00-05:00,359.43309870641616,360.49281048469453,352.73416101875887,354.14398193359375,2461600,0.0,0.0
2020-12-10 00:00:00-05:00,354.14390260807846,354.8156788750893,351.56083407087726,352.7246398925781,2566300,0.0,0.0
2020-12-11 00:00:00-05:00,359.3290542619977,359.3290542619977,352.4882239717582,354.9104309082031,3483900,0.0,0.0
2020-12-14 00:00:00-05:00,356.2917812736022,357.8245806938791,353.12208813137386,354.2291259765625,2778400,0.0,0.0
2020-12-15 00:00:00-05:00,354.342560466459,355.4685110994343,349.42243859757707,351.86358642578125,2133900,0.0,0.0
2020-12-16 00:00:00-05:00,351.18244594840024,352.7720136044922,348.9967832025288,349.5550231933594,2385100,0.0,0.0
2020-12-17 00:00:00-05:00,350.3308077960416,351.0025840436122,348.1924427932439,350.35919189453125,2314200,0.0,0.0
2020-12-18 00:00:00-05:00,351.1255698512646,351.3715557314009,346.23383209568624,347.2462463378906,4140000,0.0,0.0
2020-12-21 00:00:00-05:00,345.43909792666034,346.41365722095713,342.33564444700863,345.3255615234375,2329700,0.0,0.0
2020-12-22 00:00:00-05:00,344.5024436239749,345.1269228071277,341.2002720854103,342.5438537597656,2105500,0.0,0.0
2020-12-23 00:00:00-05:00,342.94126335082325,343.5562715465006,340.150034549314,342.4114074707031,1782100,0.0,0.0
2020-12-24 00:00:00-05:00,341.95721399603156,345.6756759445597,341.95721399603156,344.9565734863281,972500,0.0,0.0
2020-12-28 00:00:00-05:00,345.8270066751137,351.68383298324824,345.4296004193634,351.0877380371094,3207700,0.0,0.0
2020-12-29 00:00:00-05:00,352.21371325529105,353.16935943386693,350.33083387371687,352.6584167480469,2072600,0.0,0.0
2020-12-30 00:00:00-05:00,354.058835795643,355.6294615033717,353.1883417483051,354.2953796386719,1778000,0.0,0.0
2020-12-31 00:00:00-05:00,354.8062162973684,356.7458927128664,352.41239428212407,356.4998779296875,1628900,0.0,0.0
2021-01-04 00:00:00-05:00,357.1149396046363,361.01317725399474,354.6359649174217,359.68853759765625,3322200,0.0,0.0
2021-01-05 00:00:00-05:00,358.467961988125,359.74530442414317,355.0522829990104,355.5158996582031,2748400,0.0,0.0
2021-01-06 00:00:00-05:00,353.6992430832885,355.57265162053983,349.75367953896597,350.103759765625,2661400,0.0,0.0
2021-01-07 00:00:00-05:00,351.0405302095058,351.6460674260474,347.047669027846,348.1168518066406,2849500,0.0,0.0
2021-01-08 00:00:00-05:00,348.30615174740547,350.3309813593994,344.6823119616709,350.0281982421875,2599700,0.0,0.0
2021-01-11 00:00:00-05:00,348.74123495343815,351.03099159280606,344.2752869512207,344.417236328125,2562500,0.0,0.0
2021-01-12 00:00:00-05:00,344.4077687930709,345.42018317528635,340.859611834351,344.5970153808594,2387600,0.0,0.0
2021-01-13 00:00:00-05:00,344.75788721629584,348.89266863061766,343.4616316836571,347.19903564453125,1968800,0.0,0.0
2021-01-14 00:00:00-05:00,346.300152651054,346.77324029128766,342.0991320957807,342.84661865234375,2363900,0.0,0.0
2021-01-15 00:00:00-05:00,341.6260106016609,345.26879084546965,341.37999581312556,342.66680908203125,2340400,0.0,0.0
2021-01-19 00:00:00-05:00,342.85608608703615,343.41435495371576,333.4700427817118,335.3907775878906,4533800,0.0,0.0
2021-01-20 00:00:00-05:00,335.3150431536546,342.42079927418183,334.38778106220525,341.85308837890625,2767200,0.0,0.0
2021-01-21 00:00:00-05:00,341.85313690019797,344.39835086071116,340.56635230490934,343.27239990234375,2121600,0.0,0.0
2021-01-22 00:00:00-05:00,343.65086672449377,345.00389041922256,340.48117382164975,342.7992858886719,1960300,0.0,0.0
2021-01-25 00:00:00-05:00,341.436768802371,342.47756729733675,337.61424178446134,342.4018859863281,2735900,0.0,0.0
2021-01-26 00:00:00-05:00,340.8123660766446,346.20554814311134,339.5634077086284,345.3350830078125,1807000,0.0,0.0
2021-01-27 00:00:00-05:00,343.45213075638384,346.11088079049944,335.75027955034454,337.2073974609375,3120800,0.0,0.0
2021-01-28 00:00:00-05:00,337.6426198902767,342.1463941271971,336.90460440240076,337.84130859375,2251100,0.0,0.0
2021-01-29 00:00:00-05:00,335.6556435916029,337.11276144722603,332.9401254572425,333.46051025390625,2598700,0.0,0.0
2021-02-01 00:00:00-05:00,332.3062446650221,333.8012179243455,330.4138939190296,331.65338134765625,2371200,0.0,0.0
2021-02-02 00:00:00-05:00,332.82661153348846,338.4468947669099,331.8425811992761,336.44097900390625,1905000,0.0,0.0
2021-02-03 00:00:00-05:00,337.0560597324185,338.2860761535086,334.1985916580705,336.0909423828125,1759800,0.0,0.0
2021-02-04 00:00:00-05:00,338.17657056857246,339.75981585836917,335.4651801919742,337.36126708984375,3411600,0.7,0.0
2021-02-05 00:00:00-05:00,338.02488946225105,338.3093198639656,335.70220030753205,336.71661376953125,2165600,0.0,0.0
2021-02-08 00:00:00-05:00,338.043918971157,341.33363147469515,337.09587535552055,341.134521484375,2520700,0.0,0.0
2021-02-09 00:00:00-05:00,341.3335808049544,342.8788962981645,339.6839654848698,340.8785095214844,2154000,0.0,0.0
2021-02-10 00:00:00-05:00,342.24373640668625,342.24373640668625,336.6692354615801,337.6172790527344,2162400,0.0,0.0
2021-02-11 00:00:00-05:00,337.2475940628808,337.9775772925658,333.1330878981153,333.9010009765625,2088400,0.0,0.0
2021-02-12 00:00:00-05:00,333.70181047099015,334.64039317645467,331.91002336417705,334.4223327636719,2096600,0.0,0.0
2021-02-16 00:00:00-05:00,334.7352699420052,336.8968085051635,333.7493252865286,335.60748291015625,1829000,0.0,0.0
2021-02-17 00:00:00-05:00,334.763653693172,339.5607808117462,333.6260187596079,339.4375305175781,2143000,0.0,0.0
2021-02-18 00:00:00-05:00,333.9767661359356,339.589196438329,333.9767661359356,338.3757019042969,1914900,0.0,0.0
2021-02-19 00:00:00-05:00,338.1575973380182,339.3331618772787,336.1572107508699,336.33734130859375,1839400,0.0,0.0
2021-02-22 00:00:00-05:00,334.42232064484887,334.9342721990964,330.69651690069,332.0142822265625,2215600,0.0,0.0
2021-02-23 00:00:00-05:00,331.62557317353486,332.76323683808454,324.2592862949428,324.373046875,3692600,0.0,0.0
2021-02-24 00:00:00-05:00,324.03183819893917,324.704941070711,320.33447385343817,322.99847412109375,3305800,0.0,0.0
2021-02-25 00:00:00-05:00,323.1406413682135,325.17892916110475,316.03031492883076,316.5517272949219,3618100,0.0,0.0
2021-02-26 00:00:00-05:00,318.07808412735284,318.43834528668003,313.745518386167,313.8023986816406,3362200,0.0,0.0
2021-03-01 00:00:00-05:00,317.79362024575977,318.542582633265,314.1436473666892,314.5323486328125,4653200,0.0,0.0
2021-03-02 00:00:00-05:00,316.35268788473235,317.30073153473734,311.35650826472454,311.3944091796875,4660100,0.0,0.0
2021-03-03 00:00:00-05:00,311.1194868907102,311.3564977952419,306.9386110629322,307.0903015136719,4064200,0.0,0.0
2021-03-04 00:00:00-05:00,306.5688217747076,308.6829691939062,298.6716321547085,302.46380615234375,5501200,0.0,0.0
2021-03-05 00:00:00-05:00,298.9465342241195,301.8854747631831,291.0493448607426,300.8331604003906,8102800,0.0,0.0
2021-03-08 00:00:00-05:00,302.3406457932377,305.5829393236533,294.7657852382139,295.23980712890625,4873500,0.0,0.0
2021-03-09 00:00:00-05:00,297.45823767443477,303.6394729539474,296.46277430606455,302.2174072265625,5426800,0.0,0.0
2021-03-10 00:00:00-05:00,304.45473320111273,310.380005654594,300.83319973386637,307.00494384765625,4523500,0.0,0.0
2021-03-11 00:00:00-05:00,313.2430592420757,314.0394123176989,309.74477637973575,311.5744934082031,4338900,0.0,0.0
2021-03-12 00:00:00-05:00,311.0530896983991,314.39968222051397,308.6829808603009,313.9351501464844,3182100,0.0,0.0
2021-03-15 00:00:00-04:00,316.26734179424056,316.3431725500165,310.31362931204416,313.337890625,3243000,0.0,0.0
2021-03-16 00:00:00-04:00,312.5415315514728,312.8828133439647,309.6689607366931,310.24725341796875,3066700,0.0,0.0
2021-03-17 00:00:00-04:00,309.0621648596288,313.3283603868323,307.27983854358985,312.08642578125,2672400,0.0,0.0
2021-03-18 00:00:00-04:00,309.51724889321343,311.09100455775325,305.630264799542,306.1990966796875,2736900,0.0,0.0
2021-03-19 00:00:00-04:00,306.7963360930623,312.143315197468,305.6397508243691,311.82098388671875,4859300,0.0,0.0
2021-03-22 00:00:00-04:00,311.3849516279125,318.70384983870275,311.1384510181306,317.1111145019531,4064900,0.0,0.0
2021-03-23 00:00:00-04:00,316.5423014737047,324.71443293429854,316.4569520868579,322.65716552734375,3641200,0.0,0.0
2021-03-24 00:00:00-04:00,324.4394383064085,324.7143790143826,319.32947010243265,320.47662353515625,3006400,0.0,0.0
2021-03-25 00:00:00-04:00,320.25855790056,329.7105523243052,319.7466063328132,328.3453674316406,4307100,0.0,0.0
2021-03-26 00:00:00-04:00,328.22209481355793,334.1473660166304,326.22173714275505,333.730224609375,3061200,0.0,0.0
2021-03-29 00:00:00-04:00,333.18987365716134,339.18148612146916,332.77273223514135,337.6456604003906,3012000,0.0,0.0
2021-03-30 00:00:00-04:00,335.2092413060085,336.33741549766216,330.71552392775413,331.5782470703125,2602400,0.0,0.0
2021-03-31 00:00:00-04:00,332.44093572979597,338.87815916763697,331.0852404743954,334.1663818359375,2832200,0.0,0.0
2021-04-01 00:00:00-04:00,334.2232367255406,338.75488313399967,333.36051373804867,336.49853515625,2938600,0.0,0.0
2021-04-05 00:00:00-04:00,338.9255779876262,343.8269759993707,338.29986575642516,342.0730895996094,2705700,0.0,0.0
2021-04-06 00:00:00-04:00,341.1060124711106,343.9501427438502,340.34758930450903,341.4093933105469,2142000,0.0,0.0
2021-04-07 00:00:00-04:00,342.120417040106,342.67975917412224,339.02978629867164,340.1674499511719,1808400,0.0,0.0
2021-04-08 00:00:00-04:00,343.95016649146714,347.0028676855906,340.9164446836122,342.4522705078125,2839200,0.0,0.0
2021-04-09 00:00:00-04:00,342.1583787378206,344.8128889315165,340.9164440830567,344.3388671875,1610800,0.0,0.0
2021-04-12 00:00:00-04:00,343.98812692767075,346.2729154129121,342.5660615666321,345.85577392578125,1836600,0.0,0.0
2021-04-13 00:00:00-04:00,346.35826617366905,348.21642364041463,345.3438525170083,346.2350158691406,1796400,0.0,0.0
2021-04-14 00:00:00-04:00,345.89363980403834,345.89363980403834,343.713122627823,344.3009338378906,1509400,0.0,0.0
2021-04-15 00:00:00-04:00,345.9221738398279,350.3495215115506,345.343852165014,349.63848876953125,1850100,0.0,0.0
2021-04-16 00:00:00-04:00,350.49171570112463,353.4306275914991,349.42988261106126,351.4587097167969,2249200,0.0,0.0
2021-04-19 00:00:00-04:00,351.72413140718453,352.2265932947723,349.0696212335116,350.3494567871094,1560000,0.0,0.0
2021-04-20 00:00:00-04:00,349.82799942762614,355.8575413027647,349.5720381362433,352.4161682128906,2330700,0.0,0.0
2021-04-21 00:00:00-04:00,352.3024366385416,355.11812703470594,352.16972559110883,354.6535949707031,1531800,0.0,0.0
2021-04-22 00:00:00-04:00,354.8906341355879,355.93348787135943,350.8045685757872,351.9706726074219,2138000,0.0,0.0
2021-04-23 00:00:00-04:00,351.9706436728077,355.3741164104938,351.16480090086714,353.88568115234375,1404500,0.0,0.0
2021-04-26 00:00:00-04:00,354.47346458123275,354.47346458123275,349.07909466466265,349.37298583984375,2059700,0.0,0.0
2021-04-27 00:00:00-04:00,349.04120122742006,351.6862218606752,346.31083121580855,350.9751892089844,1875900,0.0,0.0
2021-04-28 00:00:00-04:00,350.3494602961461,351.2501131848011,349.05064534344774,350.38739013671875,1305600,0.0,0.0
2021-04-29 00:00:00-04:00,350.1404058811179,356.00234833065343,350.1308958596346,354.8907775878906,1848300,0.79,0.0
2021-04-30 00:00:00-04:00,354.292190398521,355.479783205496,352.79105685388413,353.51312255859375,2118900,0.0,0.0
2021-05-03 00:00:00-04:00,355.175664070609,360.6670906832622,354.2731111583693,360.382080078125,2685800,0.0,0.0
2021-05-04 00:00:00-04:00,360.1067053228499,360.2967318039473,355.0903135579638,356.5534362792969,2133800,0.0,0.0
2021-05-05 00:00:00-04:00,357.56050215798535,358.672072956676,353.47516488822913,353.9027099609375,1905300,0.0,0.0
2021-05-06 00:00:00-04:00,354.558203813185,363.8214275452337,354.558203813185,363.6504211425781,2641400,0.0,0.0
2021-05-07 00:00:00-04:00,363.716968310829,367.15626197973256,363.11844579620526,365.1325988769531,1817100,0.0,0.0
2021-05-10 00:00:00-04:00,366.24410410223464,368.52430543980347,362.24429972908945,362.434326171875,1998700,0.0,0.0
2021-05-11 00:00:00-04:00,360.37263019647975,361.9022646831918,357.22788702120897,359.2990417480469,1859700,0.0,0.0
2021-05-12 00:00:00-04:00,357.22791579378907,358.1209879027907,352.58203882287836,353.6176452636719,2344600,0.0,0.0
2021-05-13 00:00:00-04:00,354.46321478521276,362.3963409370267,353.0191122965028,360.5816955566406,2023100,0.0,0.0
2021-05-14 00:00:00-04:00,363.0614013689512,366.5576677809514,361.12324170826935,365.2275695800781,1876100,0.0,0.0
2021-05-17 00:00:00-04:00,365.81656263788136,367.72619198334246,363.7833900186397,364.79046630859375,1830800,0.0,0.0
2021-05-18 00:00:00-04:00,367.1561905402413,370.00641317403085,363.41289582834725,363.6979064941406,1698200,0.0,0.0
2021-05-19 00:00:00-04:00,358.3204438720825,362.67179952138144,357.35137872018464,360.70513916015625,1725000,0.0,0.0
2021-05-20 00:00:00-04:00,360.2491227414787,365.32251541336655,359.39406177322127,364.429443359375,1427300,0.0,0.0
2021-05-21 00:00:00-04:00,365.82605827509957,366.11109793082534,361.4367201201802,361.7122497558594,1706600,0.0,0.0
2021-05-24 00:00:00-04:00,365.1515813893537,366.50069975765246,362.8239165696552,364.3060302734375,1657000,0.0,0.0
2021-05-25 00:00:00-04:00,364.46753872367276,366.481691823882,362.95692389851587,366.1396789550781,1379700,0.0,0.0
2021-05-26 00:00:00-04:00,366.5956232799967,368.3912774663746,365.7975644173723,366.36761474609375,1648000,0.0,0.0
2021-05-27 00:00:00-04:00,365.9021067047792,368.4102876901651,364.3534810121598,368.1537780761719,4452000,0.0,0.0
2021-05-28 00:00:00-04:00,364.97105484016106,366.07314456267864,358.206530124128,359.3846130371094,4681200,0.0,0.0
2021-06-01 00:00:00-04:00,360.96172759169747,361.2182662129236,356.7529053341898,359.34661865234375,2117800,0.0,0.0
2021-06-02 00:00:00-04:00,359.48911954266083,362.85239069484976,358.85255700206733,361.5887756347656,1881000,0.0,0.0
2021-06-03 00:00:00-04:00,360.6861006297296,365.00892565247784,359.9450150891884,364.70489501953125,1780300,0.0,0.0
2021-06-04 00:00:00-04:00,365.0090255396368,368.40079754385806,364.5529794654169,368.1727600097656,1765900,0.0,0.0
2021-06-07 00:00:00-04:00,366.2250860542229,367.1561691648814,359.66958017695293,361.408203125,2515800,0.0,0.0
2021-06-08 00:00:00-04:00,361.417800310335,362.1778482208171,358.83359682313875,360.7432556152344,1553800,0.0,0.0
2021-06-09 00:00:00-04:00,361.2276918822286,362.7193152869563,360.20162453646975,360.99017333984375,1398900,0.0,0.0
2021-06-10 00:00:00-04:00,361.28474665098895,364.2204727833164,360.5436898505371,363.8879699707031,1404000,0.0,0.0
2021-06-11 00:00:00-04:00,364.69543395153164,364.69543395153164,361.5316999225395,362.76678466796875,1404200,0.0,0.0
2021-06-14 00:00:00-04:00,361.77880305412333,364.80954240939593,360.1541551154134,364.60052490234375,1652600,0.0,0.0
2021-06-15 00:00:00-04:00,364.60053664051105,365.30358237142667,362.5103615026973,364.7430419921875,1252000,0.0,0.0
2021-06-16 00:00:00-04:00,365.2085741280063,367.146733919186,358.2920340238027,360.46771240234375,1801700,0.0,0.0
2021-06-17 00:00:00-04:00,361.38922655382004,367.1751749160215,360.27762698949283,365.5410461425781,1686500,0.0,0.0
2021-06-18 00:00:00-04:00,365.54104024493546,365.69305559279894,361.3131985522497,361.8642578125,3415700,0.0,0.0
2021-06-21 00:00:00-04:00,363.1658520953064,368.29624682317086,361.56022442578,367.4886779785156,1631600,0.0,0.0
2021-06-22 00:00:00-04:00,367.69774135709724,372.9041589052455,367.26071530191376,372.6001281738281,1934800,0.0,0.0
2021-06-23 00:00:00-04:00,373.3791795639903,373.7972145527395,371.08949714642137,372.4006042480469,1538000,0.0,0.0
2021-06-24 00:00:00-04:00,373.7782114613571,375.75435307670455,372.23906687385005,372.49560546875,1487300,0.0,0.0
2021-06-25 00:00:00-04:00,373.3506593526811,374.85176383060906,371.7165305697151,374.81378173828125,2056100,0.0,0.0
2021-06-28 00:00:00-04:00,375.27930925332754,377.5785015762236,373.50267513716244,376.742431640625,1645500,0.0,0.0
2021-06-29 00:00:00-04:00,376.5143616464917,379.4976082963369,375.7258128853067,378.88006591796875,1523600,0.0,0.0
2021-06-30 00:00:00-04:00,378.1010220504966,380.4762074972058,375.2793005800476,375.9158630371094,2031700,0.0,0.0
2021-07-01 00:00:00-04:00,376.51438452635057,377.83500154870706,374.21522125598034,374.832763671875,1523400,0.0,0.0
2021-07-02 00:00:00-04:00,376.4288701453633,380.7612059416999,376.33385693174955,379.0225830078125,1676600,0.0,0.0
2021-07-06 00:00:00-04:00,379.8776468308583,381.35976019382383,377.2839339486875,378.9465637207031,2113100,0.0,0.0
2021-07-07 00:00:00-04:00,379.26962522006284,385.8441223257971,379.26962522006284,384.47601318359375,2308600,0.0,0.0
2021-07-08 00:00:00-04:00,383.35492794620933,388.2383231015853,383.0319062073889,386.82269287109375,2235500,0.0,0.0
2021-07-09 00:00:00-04:00,388.1528744549236,393.33079139821234,387.24081117289126,391.78216552734375,2304200,0.0,0.0
2021-07-12 00:00:00-04:00,393.3686644111335,393.6631850445943,384.3334509949526,387.5162048339844,2491300,0.0,0.0
2021-07-13 00:00:00-04:00,384.49508221325067,388.85591978691735,384.49508221325067,386.73724365234375,1540300,0.0,0.0
2021-07-14 00:00:00-04:00,388.1813754600326,389.97702994625723,386.92729932019097,389.4830017089844,1265800,0.0,0.0
2021-07-15 00:00:00-04:00,389.96752730310925,391.620676463128,387.5163481260718,391.2596435546875,1894100,0.0,0.0
2021-07-16 00:00:00-04:00,391.5446185617913,392.7797325566405,389.31193814268846,389.8819885253906,1413900,0.0,0.0
2021-07-19 00:00:00-04:00,389.58749639961366,394.5848968966825,389.57798637778126,393.4732971191406,2293100,0.0,0.0
2021-07-20 00:00:00-04:00,393.3306750936555,397.1974836165325,392.23809568385406,395.4588317871094,2045400,0.0,0.0
2021-07-21 00:00:00-04:00,396.28541572767915,396.28541572767915,391.63956820003955,394.290283203125,1480000,0.0,0.0
2021-07-22 00:00:00-04:00,395.23081700848076,397.70101541357576,392.9031239164959,396.6939392089844,1339200,0.0,0.0
2021-07-23 00:00:00-04:00,397.40655061495534,402.82195623187124,396.2284388751151,402.2899169921875,1344500,0.0,0.0
2021-07-26 00:00:00-04:00,402.26144145817614,403.30652895744794,399.36372652261707,402.0999450683594,1220000,0.0,0.0
2021-07-27 00:00:00-04:00,402.8315192200549,403.36355852969604,400.5513466081689,403.154541015625,1666500,0.0,0.0
2021-07-28 00:00:00-04:00,402.137916705087,403.64853128085224,399.5442325629466,401.1403503417969,1362700,0.0,0.0
2021-07-29 00:00:00-04:00,401.37833828362267,405.3475876891341,400.12188230866604,404.8050231933594,1434200,0.79,0.0
2021-07-30 00:00:00-04:00,405.4713205663954,410.72555122783683,405.43323822186034,409.03125,2283900,0.0,0.0
2021-08-02 00:00:00-04:00,409.887911921431,409.973575409975,404.99539093634786,408.269775390625,1366900,0.0,0.0
2021-08-03 00:00:00-04:00,409.2216086569004,415.7703481650059,408.4601070524816,414.1236572265625,1448100,0.0,0.0
2021-08-04 00:00:00-04:00,415.0088962133694,416.9030788983312,412.0486402776086,414.0951232910156,1280500,0.0,0.0
2021-08-05 00:00:00-04:00,416.67459724426664,422.14776442680125,415.7037154362362,421.8526916503906,1742600,0.0,0.0
2021-08-06 00:00:00-04:00,421.4148375610115,422.1096732238925,417.76921609935226,418.4640808105469,1789800,0.0,0.0
2021-08-09 00:00:00-04:00,419.4349377837074,421.46239376436347,418.15945545442463,419.26361083984375,1472500,0.0,0.0
2021-08-10 00:00:00-04:00,419.44451675477586,422.4333269836158,419.44451675477586,421.7004089355469,1893700,0.0,0.0
2021-08-11 00:00:00-04:00,424.05147854682195,426.4311164735718,420.5296027959064,422.90924072265625,2267500,0.0,0.0
2021-08-12 00:00:00-04:00,421.67190930024185,425.127148780388,420.9580178059412,423.91827392578125,1230700,0.0,0.0
2021-08-13 00:00:00-04:00,424.3180338091859,426.7738075823377,423.1377425901241,426.25982666015625,1309300,0.0,0.0
2021-08-16 00:00:00-04:00,426.3454631282773,431.371257387104,425.52685255689335,431.05712890625,1515600,0.0,0.0
2021-08-17 00:00:00-04:00,431.05714909053086,431.9328686906548,428.0493121012971,430.56219482421875,1936700,0.0,0.0
2021-08-18 00:00:00-04:00,429.24863790325196,433.32257723501584,424.43225263410216,424.7273254394531,2030100,0.0,0.0
2021-08-19 00:00:00-04:00,421.62429007001776,433.57006170965076,420.0632335336231,432.3897705078125,1953700,0.0,0.0
2021-08-20 00:00:00-04:00,433.5604748874462,438.4434962509292,431.8185928168855,436.8919677734375,1911200,0.0,0.0
2021-08-23 00:00:00-04:00,435.2548647829766,436.9586939121545,432.70389953762424,433.02752685546875,1835900,0.0,0.0
2021-08-24 00:00:00-04:00,433.3321996108551,433.465473318895,428.6205034488047,430.0387878417969,1541700,0.0,0.0
2021-08-25 00:00:00-04:00,429.12484993089896,431.019061456255,425.78385806491707,429.505615234375,1520600,0.0,0.0
2021-08-26 00:00:00-04:00,429.5056448869493,430.69546392166984,425.19374186705477,427.6780700683594,1418600,0.0,0.0
2021-08-27 00:00:00-04:00,427.6780680651183,429.8768513071174,425.2889021591291,428.6584777832031,1310200,0.0,0.0
2021-08-30 00:00:00-04:00,429.32478272058427,434.6075675249857,428.75366378403163,433.9793395996094,1219800,0.0,0.0
2021-08-31 00:00:00-04:00,434.17927603806686,434.8836396411676,430.65739992592836,433.560546875,1699000,0.0,0.0
2021-09-01 00:00:00-04:00,433.55101558218354,434.69322438958176,430.0957765693811,434.5409240722656,1325400,0.0,0.0
2021-09-02 00:00:00-04:00,437.30139973590155,439.22413709455344,436.3209898827212,438.7767639160156,1455000,0.0,0.0
2021-09-03 00:00:00-04:00,436.9014742388881,441.28001334157625,436.9014742388881,440.2805480957031,1302400,0.0,0.0
2021-09-07 00:00:00-04:00,440.23299981348157,440.8993100271192,435.5974699550676,437.4726257324219,1463400,0.0,0.0
2021-09-08 00:00:00-04:00,437.0063003499761,443.40276953057565,436.0258904911906,443.279052734375,1372000,0.0,0.0
2021-09-09 00:00:00-04:00,444.84009907432716,447.15310072433545,442.84119692500377,443.50750732421875,1398700,0.0,0.0
2021-09-10 00:00:00-04:00,444.67825309609844,445.8490165236845,440.8993863947477,442.7650146484375,1324800,0.0,0.0
2021-09-13 00:00:00-04:00,444.5735701733739,445.696752546929,436.1401454741547,437.52984619140625,1679500,0.0,0.0
2021-09-14 00:00:00-04:00,438.75771695990034,439.947536097932,435.39766887603156,436.3399963378906,1383900,0.0,0.0
2021-09-15 00:00:00-04:00,436.17810913589614,439.99505770970393,434.17923649311945,438.5482482910156,1770300,0.0,0.0
2021-09-16 00:00:00-04:00,438.60536368495315,441.4418735767312,434.588533597855,441.0040283203125,1577500,0.0,0.0
2021-09-17 00:00:00-04:00,439.3954552577601,440.5376932795111,435.016914905474,437.3870544433594,3411400,0.0,0.0
2021-09-20 00:00:00-04:00,434.64562794458647,438.757649222387,425.1175484627572,429.4199523925781,2602000,0.0,0.0
2021-09-21 00:00:00-04:00,429.4200509198808,434.8456091675454,428.487222188253,430.34332275390625,1531300,0.0,0.0
2021-09-22 00:00:00-04:00,432.80856401010806,433.4272640703681,428.1825327083289,430.5526428222656,1380800,0.0,0.0
2021-09-23 00:00:00-04:00,430.5241170899309,433.6176466462101,429.38190822121794,430.98101806640625,2061200,0.0,0.0
2021-09-24 00:00:00-04:00,434.02693024956443,446.1535558024574,433.09410172691327,445.2302551269531,3353800,0.0,0.0
2021-09-27 00:00:00-04:00,443.1361924123122,447.8383595904709,435.226277744441,438.3864440917969,2526000,0.0,0.0
2021-09-28 00:00:00-04:00,435.13117208373285,435.47382606924936,424.2133899709491,425.8125,2632700,0.0,0.0
2021-09-29 00:00:00-04:00,428.2112125712367,434.04609120823704,427.28791161002306,430.0387878417969,1922000,0.0,0.0
2021-09-30 00:00:00-04:00,431.7805674052313,433.43678622002125,427.6685458150806,427.7161560058594,1836400,0.0,0.0
2021-10-01 00:00:00-04:00,428.07792103414306,429.3629025300578,419.53977730250523,426.74530029296875,1860700,0.0,0.0
2021-10-04 00:00:00-04:00,426.7548738642432,427.7162571752385,415.17080917187616,418.9496765136719,2264000,0.0,0.0
2021-10-05 00:00:00-04:00,418.41650019418313,427.48767917842633,418.1024007563195,424.755859375,1808700,0.0,0.0
2021-10-06 00:00:00-04:00,422.5571845839697,428.12554479770716,421.08182025008307,427.70672607421875,1334600,0.0,0.0
2021-10-07 00:00:00-04:00,434.4933656058506,437.46314932770616,430.3052083302001,431.0666809082031,1966200,0.0,0.0
2021-10-08 00:00:00-04:00,433.51288997291465,433.8079627306657,428.33479589423933,430.0957336425781,1545800,0.0,0.0
2021-10-11 00:00:00-04:00,428.37297424524246,431.84724033653805,427.8970465875768,428.0493469238281,1011700,0.0,0.0
2021-10-12 00:00:00-04:00,428.47764442967207,431.04766528069126,424.28948704694847,425.3555603027344,1380900,0.0,0.0
2021-10-13 00:00:00-04:00,426.945175882897,428.82033194844195,422.6903816147983,423.86114501953125,1621500,0.0,0.0
2021-10-14 00:00:00-04:00,425.5839702956909,429.95301128541126,425.0033525590147,428.96307373046875,1480400,0.0,0.0
2021-10-15 00:00:00-04:00,432.037554474991,432.0851356138811,427.554295736272,430.6097717285156,1494800,0.0,0.0
2021-10-18 00:00:00-04:00,427.9636146287917,440.0902699725078,426.907069270111,439.70953369140625,2141300,0.0,0.0
2021-10-19 00:00:00-04:00,440.7089122268091,444.6686329369339,438.1484196785594,444.59246826171875,1365300,0.0,0.0
2021-10-20 00:00:00-04:00,445.9631656782852,449.751559643362,445.31591114605516,447.1529846191406,1352900,0.0,0.0
2021-10-21 00:00:00-04:00,447.15301489778085,454.6536386565631,446.49623247408994,454.2538757324219,1423300,0.0,0.0
2021-10-22 00:00:00-04:00,455.9291024346256,461.6783158435242,455.5293395269044,458.78466796875,1710300,0.0,0.0
2021-10-25 00:00:00-04:00,458.78474114815106,468.51270378134615,456.4146306722392,466.5043029785156,1903400,0.0,0.0
2021-10-26 00:00:00-04:00,458.917964401209,464.74331373205536,458.0613005081404,462.1542663574219,2378600,0.0,0.0
2021-10-27 00:00:00-04:00,460.55515097702784,467.8368375524641,460.27910483151527,465.5618896484375,1741800,0.0,0.0
2021-10-28 00:00:00-04:00,464.26528717727945,468.90831683332374,463.80767613309933,467.6689147949219,1362400,0.79,0.0
2021-10-29 00:00:00-04:00,464.09363572568947,471.13923902668796,463.9792329763067,468.6318054199219,2471600,0.0,0.0
2021-11-01 00:00:00-04:00,471.1201813074798,471.8257134639863,464.4941028413032,468.9464416503906,1548700,0.0,0.0
2021-11-02 00:00:00-04:00,471.68271123594434,476.2113382371886,469.75686349077984,473.8278503417969,2012200,0.0,0.0
2021-11-03 00:00:00-04:00,477.97509347886404,479.5195888776535,472.6456183887717,478.9189453125,1856000,0.0,0.0
2021-11-04 00:00:00-04:00,483.3809413993301,495.96577050372383,482.427546136734,491.58966064453125,2615000,0.0,0.0
2021-11-05 00:00:00-04:00,490.7792409996526,493.76337248056274,484.92538080081874,489.20611572265625,2071700,0.0,0.0
2021-11-08 00:00:00-05:00,489.48261852218855,489.48261852218855,476.8883047992585,480.3300476074219,2834800,0.0,0.0
2021-11-09 00:00:00-05:00,481.578871879606,485.37339440770285,480.5682755195386,485.0015563964844,1881800,0.0,0.0
2021-11-10 00:00:00-05:00,484.5725810359518,486.5746873796311,480.2918174447297,481.95074462890625,1226600,0.0,0.0
2021-11-11 00:00:00-05:00,482.60859164300206,488.61496889075534,480.5492548192645,488.30987548828125,1227300,0.0,0.0
2021-11-12 00:00:00-05:00,490.2833940661699,495.44123557342823,489.31091251479404,493.0672912597656,1780200,0.0,0.0
2021-11-15 00:00:00-05:00,494.3259288456922,498.72106729348764,493.8683177143078,495.66070556640625,1392300,0.0,0.0
2021-11-16 00:00:00-05:00,495.61293643126317,503.67862176852157,493.2961351209665,502.1722412109375,1690700,0.0,0.0
2021-11-17 00:00:00-05:00,502.9159888074956,506.00498007279856,500.06534635205395,501.7623596191406,1609400,0.0,0.0
2021-11-18 00:00:00-05:00,503.54519285879536,506.06217020068436,498.13945826478175,504.6988220214844,1664200,0.0,0.0
2021-11-19 00:00:00-05:00,509.1893331338719,510.3334190309257,503.4022171912495,508.9128112792969,1909800,0.0,0.0
2021-11-22 00:00:00-05:00,508.4646271602029,520.0006833562178,507.5112321624955,514.4996337890625,2190500,0.0,0.0
2021-11-23 00:00:00-05:00,512.888613842376,520.3822877719031,508.8938847614142,519.848388671875,2147000,0.0,0.0
2021-11-24 00:00:00-05:00,520.1152566734651,525.1587551073543,517.9987470159354,524.1099853515625,2316400,0.0,0.0
2021-11-26 00:00:00-05:00,523.9382683055137,528.7052438304307,518.9424872658997,520.6776733398438,1844800,0.0,0.0
2021-11-29 00:00:00-05:00,520.6776299523236,534.6448903527013,517.1309701982028,529.0198364257812,2919100,0.0,0.0
2021-11-30 00:00:00-05:00,525.3207571808362,531.2031892936421,510.914969620266,514.2423095703125,4244200,0.0,0.0
2021-12-01 00:00:00-05:00,517.788851142174,522.6988591417778,504.72738493544875,505.1468811035156,2877100,0.0,0.0
2021-12-02 00:00:00-05:00,494.34497116744825,506.1670371325655,490.08326422031126,501.01873779296875,3277500,0.0,0.0
2021-12-03 00:00:00-05:00,505.2899239994774,512.4499314215608,500.3132288760561,504.2793273925781,2984400,0.0,0.0
2021-12-06 00:00:00-05:00,507.44448284897265,511.0673721687199,502.98260128373306,508.3502197265625,2432900,0.0,0.0
2021-12-07 00:00:00-05:00,513.164898260855,517.6935248595343,509.78990064961954,516.7592163085938,2579800,0.0,0.0
2021-12-08 00:00:00-05:00,520.7540253879542,522.2603479421306,501.0568475059571,505.4043273925781,3037500,0.0,0.0
2021-12-09 00:00:00-05:00,504.15532498880054,507.52083767501256,499.38834941555046,499.8936767578125,3200500,0.0,0.0
2021-12-10 00:00:00-05:00,509.78984532264155,535.1120133964946,509.6944709112814,532.7761840820312,6333600,0.0,0.0
2021-12-13 00:00:00-05:00,524.786624014789,533.6627270717801,522.4412519119142,531.2506103515625,3415200,0.0,0.0
2021-12-14 00:00:00-05:00,530.5261858863453,531.2030590729669,512.5165409396232,519.9244384765625,3494400,0.0,0.0
2021-12-15 00:00:00-05:00,520.7538521665672,540.0886705867141,520.1055506138434,539.125732421875,2937100,0.0,0.0
2021-12-16 00:00:00-05:00,538.4678902912467,540.1458746434091,523.8428449580173,526.8746337890625,2683000,0.0,0.0
2021-12-17 00:00:00-05:00,523.7190719003154,530.5358128436538,515.7677301211476,522.0887451171875,5752000,0.0,0.0
2021-12-20 00:00:00-05:00,516.8641219147161,523.5474312860662,512.9552250412522,522.9944458007812,2033600,0.0,0.0
2021-12-21 00:00:00-05:00,524.8440969861772,526.0644708652584,511.0961534638574,520.0103759765625,2472800,0.0,0.0
2021-12-22 00:00:00-05:00,519.9626898291154,524.36737109103,514.6427282072166,524.052734375,1454500,0.0,0.0
2021-12-23 00:00:00-05:00,526.0261783083151,526.8556273508735,521.9742493247722,524.7200317382812,1757800,0.0,0.0
2021-12-27 00:00:00-05:00,525.8355366098918,539.3737592886133,525.7402203717701,537.2095336914062,2262900,0.0,0.0
2021-12-28 00:00:00-05:00,537.1715659241044,540.2319861220308,534.5688150900987,538.3251953125,1155000,0.0,0.0
2021-12-29 00:00:00-05:00,540.0030573502422,544.8558062667353,537.2381880308877,541.3092041015625,1753000,0.0,0.0
2021-12-30 00:00:00-05:00,542.9871625477342,543.3208275708126,536.1608207518976,537.6290283203125,1338700,0.0,0.0
2021-12-31 00:00:00-05:00,537.1523898293201,541.7668484228428,532.976572188117,541.2424926757812,1509200,0.0,0.0
2022-01-03 00:00:00-05:00,538.6968871224259,541.0231154150064,529.6205467140924,540.298583984375,2714100,0.0,0.0
2022-01-04 00:00:00-05:00,537.93408203125,542.2148165874876,535.6077957315014,537.93408203125,2097500,0.0,0.0
2022-01-05 00:00:00-05:00,537.4194098630567,538.716013531551,524.148163311797,524.2911376953125,2887500,0.0,0.0
2022-01-06 00:00:00-05:00,520.7445577893319,527.7234188143663,518.2180368065589,524.1767578125,2503100,0.0,0.0
2022-01-07 00:00:00-05:00,522.031473321704,522.8132642835153,509.3417869180433,511.1913757324219,2323900,0.0,0.0
2022-01-10 00:00:00-05:00,504.62244260587164,505.69024040141693,484.80138056161996,494.621337890625,4916800,0.0,0.0
2022-01-11 00:00:00-05:00,494.6213306605486,498.1202741324736,486.5079587280066,497.7008361816406,2457300,0.0,0.0
2022-01-12 00:00:00-05:00,497.7008452164015,505.3280056061861,497.68175869442996,501.29510498046875,1729500,0.0,0.0
2022-01-13 00:00:00-05:00,503.0494347576146,504.39369632551796,491.217768268912,492.7908935546875,2428100,0.0,0.0
2022-01-14 00:00:00-05:00,487.72833342565025,489.0725948993713,478.47084614835444,479.5481872558594,3872500,0.0,0.0
2022-01-18 00:00:00-05:00,471.41575776028844,472.0068580980863,464.16994880064254,465.3235778808594,3801900,0.0,0.0
2022-01-19 00:00:00-05:00,467.0587863984204,473.11282261501066,464.3988056556662,467.3161926269531,2709400,0.0,0.0
2022-01-20 00:00:00-05:00,467.8787156361216,476.58321886245244,459.3839605271234,460.31829833984375,2893700,0.0,0.0
2022-01-21 00:00:00-05:00,459.46025214705065,471.5588111141091,458.8882091774087,459.1646728515625,3295600,0.0,0.0
2022-01-24 00:00:00-05:00,453.38703749804876,467.1350079249323,447.15185436434507,466.1148681640625,4412600,0.0,0.0
2022-01-25 00:00:00-05:00,457.53433167291865,460.14665419731784,450.3552672786677,455.0745849609375,3076800,0.0,0.0
2022-01-26 00:00:00-05:00,460.70918273889856,470.8532927524253,456.45701910811334,460.93798828125,3074900,0.0,0.0
2022-01-27 00:00:00-05:00,464.22715778731526,472.6837677217731,457.9252010074763,460.0321960449219,2372300,0.0,0.0
2022-01-28 00:00:00-05:00,461.19537083145167,469.76641320582854,453.72075618026514,469.4803771972656,1918500,0.0,0.0
2022-01-31 00:00:00-05:00,469.0703881682687,482.81835828196586,467.7642415393911,481.5884704589844,2480700,0.0,0.0
2022-02-01 00:00:00-05:00,481.4645562171769,485.9264385869683,473.7801935485435,484.71563720703125,2347200,0.0,0.0
2022-02-02 00:00:00-05:00,487.28980162219494,499.5695363253264,486.55569780016657,497.6913757324219,2547600,0.0,0.0
2022-02-03 00:00:00-05:00,492.58291749797104,502.6660266647339,490.98835084241057,498.2069396972656,2665100,0.79,0.0
2022-02-04 00:00:00-05:00,494.71226532092396,498.4266078606731,487.7323854615376,496.2973327636719,2387400,0.0,0.0
2022-02-07 00:00:00-05:00,497.75825085893143,498.42665074366374,491.0075227529093,492.59259033203125,1863600,0.0,0.0
2022-02-08 00:00:00-05:00,492.5924610720196,499.75376164605336,487.4458590725655,497.61492919921875,1462000,0.0,0.0
2022-02-09 00:00:00-05:00,504.15567790363065,510.11387204515216,501.9404414163524,504.9482116699219,2256700,0.0,0.0
2022-02-10 00:00:00-05:00,497.34751129809257,500.78491202223506,491.50389509976486,495.0654296875,2558900,0.0,0.0
2022-02-11 00:00:00-05:00,494.9891772039577,497.8059091379669,484.46681967376577,486.6534118652344,2349700,0.0,0.0
2022-02-14 00:00:00-05:00,486.00412319201973,488.4294255544622,478.795091054192,483.6838684082031,1749600,0.0,0.0
2022-02-15 00:00:00-05:00,490.15775191320586,492.69760150307627,487.6942475876187,490.7115173339844,1984600,0.0,0.0
2022-02-16 00:00:00-05:00,488.3911946354792,491.31300325687266,479.05285883507446,489.2601318359375,1770800,0.0,0.0
2022-02-17 00:00:00-05:00,486.62471071563664,494.80769716707465,484.1325629627567,491.752197265625,2022800,0.0,0.0
2022-02-18 00:00:00-05:00,491.6375974389541,494.5116752562334,487.2835000903115,489.517822265625,2154700,0.0,0.0
2022-02-22 00:00:00-05:00,486.9684743653677,491.34165855126673,475.6631705356537,479.5016174316406,2451800,0.0,0.0
2022-02-23 00:00:00-05:00,480.2272997638459,485.03014447667744,472.4358007665586,472.8941345214844,2021400,0.0,0.0
2022-02-24 00:00:00-05:00,461.4455956605312,483.67427351742407,461.1687129932892,482.7480773925781,2859800,0.0,0.0
2022-02-25 00:00:00-05:00,485.61263968340137,494.8459576872524,482.4330344842919,494.1202697753906,2003000,0.0,0.0
2022-02-28 00:00:00-05:00,491.07431053369163,496.16362519372126,488.20978989093766,495.80078125,2408900,0.0,0.0
2022-03-01 00:00:00-05:00,496.0012167537922,505.4540979651474,495.7433912997011,499.3144836425781,2316000,0.0,0.0
2022-03-02 00:00:00-05:00,500.3362181692412,509.0157404210009,496.29726314888984,504.15557861328125,2571500,0.0,0.0
2022-03-03 00:00:00-05:00,510.3524806332999,514.6206462263376,505.62601043707457,508.9775085449219,3851800,0.0,0.0
2022-03-04 00:00:00-05:00,496.0394528114036,505.98887075376757,488.66808576381754,501.76849365234375,4417900,0.0,0.0
2022-03-07 00:00:00-05:00,499.8110836171246,520.6647596668904,499.7824104390535,504.6521301269531,3896900,0.0,0.0
2022-03-08 00:00:00-05:00,502.4559877071259,515.3558882784588,498.8180488354654,499.72515869140625,3649700,0.0,0.0
2022-03-09 00:00:00-05:00,503.7927074396247,506.8863799072331,492.4205879757216,503.8213806152344,2789700,0.0,0.0
2022-03-10 00:00:00-05:00,499.48644470264185,510.23795471514757,494.74091686663263,508.6624450683594,1777700,0.0,0.0
2022-03-11 00:00:00-05:00,512.3863171680225,518.1440312523931,502.6564936981664,503.6017761230469,1735100,0.0,0.0
2022-03-14 00:00:00-04:00,503.9359665700272,511.1354397771279,499.89695341085684,502.1981506347656,1950000,0.0,0.0
2022-03-15 00:00:00-04:00,506.0652807856869,519.2897935852575,504.0791969505722,517.8289184570312,2547900,0.0,0.0
2022-03-16 00:00:00-04:00,519.9391788226255,526.7089634224827,507.2684303113865,518.8506469726562,3017200,0.0,0.0
2022-03-17 00:00:00-04:00,518.812536704789,528.1890769445183,518.6693456041742,527.8262329101562,1974200,0.0,0.0
2022-03-18 00:00:00-04:00,527.988446900643,537.1453315904868,524.6942366239573,535.99951171875,3597800,0.0,0.0
2022-03-21 00:00:00-04:00,534.8441819694394,541.1556614490929,525.9641801245829,530.4423828125,3136900,0.0,0.0
2022-03-22 00:00:00-04:00,531.807746934673,535.0446104835269,527.3868327435537,534.1566162109375,1777500,0.0,0.0
2022-03-23 00:00:00-04:00,531.7982239136036,535.369316687645,526.9857923431804,529.0005493164062,1546800,0.0,0.0
2022-03-24 00:00:00-04:00,530.423261672525,533.0490720881012,524.4172798235453,532.9058227539062,1614200,0.0,0.0
2022-03-25 00:00:00-04:00,534.5386369683737,535.1210754917007,525.3816939925155,530.6142578125,1974900,0.0,0.0
2022-03-28 00:00:00-04:00,531.597715030954,539.7329720526831,528.5040421575696,539.6852416992188,2056100,0.0,0.0
2022-03-29 00:00:00-04:00,542.3491813291824,545.4237385030272,539.0359141283443,544.23974609375,2005400,0.0,0.0
2022-03-30 00:00:00-04:00,545.1659677754993,552.1362888628383,542.9125591221791,550.4366455078125,2086500,0.0,0.0
2022-03-31 00:00:00-04:00,552.5659335277909,559.8418098481453,549.519991520171,549.8446044921875,3439800,0.0,0.0
2022-04-01 00:00:00-04:00,551.3055898185792,556.6622288725147,546.4645434459563,549.5773315429688,1933500,0.0,0.0
2022-04-04 00:00:00-04:00,548.0210253484098,553.5113568854158,545.6625395831766,549.1572875976562,2201800,0.0,0.0
2022-04-05 00:00:00-04:00,546.7319281769661,557.6075128165276,546.2640075654812,549.338623046875,1826800,0.0,0.0
2022-04-06 00:00:00-04:00,548.1070097252859,560.3002808232865,544.6122615634553,558.3810424804688,2646200,0.0,0.0
2022-04-07 00:00:00-04:00,565.5422257327572,584.6199706913766,562.1907859129439,580.5905151367188,4804200,0.0,0.0
2022-04-08 00:00:00-04:00,578.9958495558585,580.5426856019013,570.7364607337173,572.942138671875,3230200,0.0,0.0
2022-04-11 00:00:00-04:00,571.7487577819737,573.8589756612038,556.4808718972298,558.2664184570312,2792700,0.0,0.0
2022-04-12 00:00:00-04:00,560.1951490891271,565.0075222856785,552.6232739748436,555.1058349609375,2142000,0.0,0.0
2022-04-13 00:00:00-04:00,556.1657087461507,566.6880657452515,556.1657087461507,564.396484375,2211800,0.0,0.0
2022-04-14 00:00:00-04:00,565.0554525278784,569.3522341198436,560.5390180249415,563.7282104492188,2206200,0.0,0.0
2022-04-18 00:00:00-04:00,558.9442084256987,565.3702625690734,553.4252056017708,555.8314208984375,2161900,0.0,0.0
2022-04-19 00:00:00-04:00,557.0059755673898,567.967580067355,555.7169646824883,567.4614868164062,2327800,0.0,0.0
2022-04-20 00:00:00-04:00,572.092575198439,577.9457507579607,570.3260857189335,576.2747802734375,1793300,0.0,0.0
2022-04-21 00:00:00-04:00,579.8554054172938,581.669566895038,564.4538277768511,565.0171508789062,2027900,0.0,0.0
2022-04-22 00:00:00-04:00,563.6899384819786,565.1699875455914,545.2615326521594,545.8822021484375,2878200,0.0,0.0
2022-04-25 00:00:00-04:00,544.5548233989336,544.5739388490416,528.5326377586387,542.5496826171875,3154500,0.0,0.0
2022-04-26 00:00:00-04:00,539.7234862287337,542.6739684347912,528.3226905750311,528.7523803710938,2057400,0.0,0.0
2022-04-27 00:00:00-04:00,531.0725601136802,538.1670156318172,527.8833682813997,529.057861328125,2261600,0.0,0.0
2022-04-28 00:00:00-04:00,531.247825963933,540.1709929335385,521.9995179201585,537.4931030273438,2118700,0.9,0.0
2022-04-29 00:00:00-04:00,536.4698469869223,537.0915261670397,506.601693987019,508.5335693359375,2968000,0.0,0.0
2022-05-02 00:00:00-04:00,509.021340024487,515.6874336787911,495.67012291184454,505.8843994140625,3303400,0.0,0.0
2022-05-03 00:00:00-04:00,506.88862760245735,510.9724471119498,500.863359364174,505.0523681640625,2398000,0.0,0.0
2022-05-04 00:00:00-04:00,508.4187855193513,522.3247850322597,500.0121072675735,520.6893310546875,2465200,0.0,0.0
2022-05-05 00:00:00-04:00,517.9540800455067,518.6905217843988,489.8360853398198,494.76153564453125,3977000,0.0,0.0
2022-05-06 00:00:00-04:00,491.9688700522125,493.91989189787984,477.06824205979467,481.4102478027344,3560800,0.0,0.0
2022-05-09 00:00:00-04:00,474.4669142542213,484.9394076213167,472.7836520242686,477.0778503417969,3292700,0.0,0.0
2022-05-10 00:00:00-04:00,487.4738119567517,488.36325096773373,474.01734748680303,479.5931091308594,2729400,0.0,0.0
2022-05-11 00:00:00-04:00,481.94586664522484,485.84793961727485,466.53835086328866,467.7529602050781,2782900,0.0,0.0
2022-05-12 00:00:00-04:00,465.56287697848285,475.5763197458254,458.8394307298061,464.9794616699219,2829500,0.0,0.0
2022-05-13 00:00:00-04:00,471.6072752392491,477.03961354326077,468.25035325735587,475.58587646484375,2338600,0.0,0.0
2022-05-16 00:00:00-04:00,474.50511030761675,475.9779353613545,468.2694056767862,472.9653015136719,1579700,0.0,0.0
2022-05-17 00:00:00-04:00,467.8294936708946,472.03761964467964,459.28890588628633,469.0823669433594,2602800,0.0,0.0
2022-05-18 00:00:00-04:00,439.9410329880526,443.6326980812812,406.03686996674736,410.6753845214844,9511600,0.0,0.0
2022-05-19 00:00:00-04:00,411.6030886788462,411.7561151497232,400.46110962527166,404.4875183105469,5839600,0.0,0.0
2022-05-20 00:00:00-04:00,410.1015493144822,410.1493865048584,388.7835577486501,398.2709655761719,5115000,0.0,0.0
2022-05-23 00:00:00-04:00,401.6853308639591,411.249267313101,398.5005528685947,410.751953125,3687200,0.0,0.0
2022-05-24 00:00:00-04:00,406.27600163110753,419.59858705543866,405.8456420104587,418.623046875,3473400,0.0,0.0
2022-05-25 00:00:00-04:00,417.30319890504774,423.93102861208547,412.04303420262096,420.9183654785156,3225100,0.0,0.0
2022-05-26 00:00:00-04:00,429.5163906577378,447.64003266990926,427.9957282686743,444.7134704589844,5917600,0.0,0.0
2022-05-27 00:00:00-04:00,436.88056691717645,454.17217884178774,435.27383273980024,450.2318420410156,5719600,0.0,0.0
2022-05-31 00:00:00-04:00,450.2318667194917,450.27010144951413,438.0569655153991,445.88983154296875,4424500,0.0,0.0
2022-06-01 00:00:00-04:00,448.91201666910405,449.98317279311004,436.78495325732626,437.0622863769531,2319400,0.0,0.0
2022-06-02 00:00:00-04:00,440.8017822958732,469.7135698811646,437.9134842759789,466.3470458984375,4950600,0.0,0.0
2022-06-03 00:00:00-04:00,463.87961812053373,466.86356168514084,454.85125958890194,455.48248291015625,2857400,0.0,0.0
2022-06-06 00:00:00-04:00,459.54714942232204,460.0253462479436,448.4625505068324,451.8673095703125,2297000,0.0,0.0
2022-06-07 00:00:00-04:00,439.85500944415406,453.07237676321444,439.5489564696685,451.2073974609375,2435500,0.0,0.0
2022-06-08 00:00:00-04:00,451.2073815994823,453.741818859182,446.5306319673296,447.5826416015625,1697000,0.0,0.0
2022-06-09 00:00:00-04:00,446.96097059827196,463.1240162058989,446.77925348376766,451.465576171875,3087500,0.0,0.0
2022-06-10 00:00:00-04:00,444.72308876016996,447.7739871233843,437.7988074276437,443.1067810058594,2549900,0.0,0.0
2022-06-13 00:00:00-04:00,430.3771061683769,438.64036061648113,429.32506740482444,432.52899169921875,3113400,0.0,0.0
2022-06-14 00:00:00-04:00,432.5290119142024,438.7551436808748,430.6449153272251,434.9678039550781,2224600,0.0,0.0
2022-06-15 00:00:00-04:00,438.50648166766894,444.11093435935436,431.7065369321786,438.7838439941406,2250200,0.0,0.0
2022-06-16 00:00:00-04:00,430.67355101393616,437.80823829139126,428.4355937452486,432.0603332519531,2906600,0.0,0.0
2022-06-17 00:00:00-04:00,431.38134916917534,435.81902976640094,423.8736822789123,427.21148681640625,3623400,0.0,0.0
2022-06-21 00:00:00-04:00,430.90313424676026,444.55088989735776,429.5546449256121,442.9154357910156,2420600,0.0,0.0
2022-06-22 00:00:00-04:00,439.3576488522057,444.45521365364476,438.506444579338,439.90277099609375,1827500,0.0,0.0
2022-06-23 00:00:00-04:00,446.03327540759193,455.5111394189788,445.4020521336382,454.2869567871094,2030100,0.0,0.0
2022-06-24 00:00:00-04:00,459.06888654847495,463.6882543771709,455.893653078346,463.2483215332031,2862600,0.0,0.0
2022-06-27 00:00:00-04:00,464.62553963507077,465.9931753815519,456.5344585233658,460.7425842285156,2034700,0.0,0.0
2022-06-28 00:00:00-04:00,462.4163130888315,465.99321587097813,447.4870227607235,448.17559814453125,1754600,0.0,0.0
2022-06-29 00:00:00-04:00,450.4135406971154,452.34544510360104,446.08107921150076,449.3519287109375,1275600,0.0,0.0
2022-06-30 00:00:00-04:00,447.87912794835086,461.06780435769207,444.4552515745552,458.3803405761719,3852400,0.0,0.0
2022-07-01 00:00:00-04:00,460.1974295802215,469.8283193865273,457.1561051740663,464.5777282714844,2660400,0.0,0.0
2022-07-05 00:00:00-04:00,464.3864452480247,469.4935832525125,457.59604527226674,466.9687194824219,2489400,0.0,0.0
2022-07-06 00:00:00-04:00,466.9687446706381,475.346732691334,466.50966523912507,471.16729736328125,2262300,0.0,0.0
2022-07-07 00:00:00-04:00,470.60307367407677,473.92176092404213,467.8869191147432,473.3670654296875,2125200,0.0,0.0
2022-07-08 00:00:00-04:00,475.63366511706016,483.4760750088961,475.32761216475404,479.6696472167969,2607800,0.0,0.0
2022-07-11 00:00:00-04:00,479.26797041323124,483.50478718237787,473.2618195941099,477.144775390625,1891100,0.0,0.0
2022-07-12 00:00:00-04:00,475.3371860691344,480.0139355329561,466.75833442528847,469.1780090332031,1775300,0.0,0.0
2022-07-13 00:00:00-04:00,463.20059919787445,475.63371717464497,462.72240235261404,470.756103515625,2008400,0.0,0.0
2022-07-14 00:00:00-04:00,474.4572756850757,490.8881391588391,472.09498243432563,489.6161193847656,3715600,0.0,0.0
2022-07-15 00:00:00-04:00,494.37900572502576,501.9153926086226,493.28876129157624,500.1460876464844,4265100,0.0,0.0
2022-07-18 00:00:00-04:00,499.1035260495718,505.48271308336666,493.18344761573667,493.7859802246094,2464100,0.0,0.0
2022-07-19 00:00:00-04:00,499.6295783578846,502.6613882412964,494.42679459457827,497.5446472167969,2391000,0.0,0.0
2022-07-20 00:00:00-04:00,498.5296924331939,503.21598562748363,494.2737296212898,501.34149169921875,1740700,0.0,0.0
2022-07-21 00:00:00-04:00,501.18846667373185,506.6399217112223,498.85486402209455,506.3721618652344,1716100,0.0,0.0
2022-07-22 00:00:00-04:00,507.5676366952147,513.6885203278489,503.1299566593552,506.6207580566406,1800800,0.0,0.0
2022-07-25 00:00:00-04:00,508.24677062753346,509.07882855345275,503.0631326396314,506.06622314453125,1452700,0.0,0.0
2022-07-26 00:00:00-04:00,492.5427641332699,497.0186797228869,486.57487668044723,489.60662841796875,3334800,0.0,0.0
2022-07-27 00:00:00-04:00,490.7254995557055,502.4126589099945,488.87969622444183,499.5339050292969,2060100,0.0,0.0
2022-07-28 00:00:00-04:00,498.45133427220236,516.5583371042025,498.45133427220236,513.6842041015625,2083300,0.9,0.0
2022-07-29 00:00:00-04:00,509.67961537364334,519.3750199204691,509.58383432441894,518.5894165039062,2131500,0.0,0.0
2022-08-01 00:00:00-04:00,518.7045333532217,529.5208951948671,518.5416821307443,523.868408203125,2256000,0.0,0.0
2022-08-02 00:00:00-04:00,521.2050890809696,527.9209333464765,518.0818539858528,520.6589965820312,1984200,0.0,0.0
2022-08-03 00:00:00-04:00,522.1342577033438,525.6790340835486,519.3750848378955,524.0599365234375,1693300,0.0,0.0
2022-08-04 00:00:00-04:00,524.0502862567548,524.2419068314341,517.9858488382123,520.4863891601562,2000500,0.0,0.0
2022-08-05 00:00:00-04:00,514.6997546291437,518.8768141024285,510.972947947867,517.98583984375,1711500,0.0,0.0
2022-08-08 00:00:00-04:00,521.0229151975499,524.5293321274225,516.069783329597,519.164306640625,1344100,0.0,0.0
2022-08-09 00:00:00-04:00,520.831393516991,522.1343201720038,511.4904584313451,513.3394775390625,1877300,0.0,0.0
2022-08-10 00:00:00-04:00,521.635969737851,526.8381435490205,514.7476285123178,517.1715087890625,2336600,0.0,0.0
2022-08-11 00:00:00-04:00,520.4480667166993,520.6875778333662,509.57428540977753,509.87127685546875,2340200,0.0,0.0
2022-08-12 00:00:00-04:00,513.68420677074,515.8110956104258,511.33698644484383,514.6710205078125,1918200,0.0,0.0
2022-08-15 00:00:00-04:00,513.8950305741777,524.0502776470524,513.2052082115433,522.8527221679688,1848000,0.0,0.0
2022-08-16 00:00:00-04:00,527.9782616175497,536.4761110278125,525.9376223051119,529.8177490234375,2498000,0.0,0.0
2022-08-17 00:00:00-04:00,526.9244006443623,535.9779315866748,525.9759460791045,532.979248046875,1835200,0.0,0.0
2022-08-18 00:00:00-04:00,535.6043746135947,541.0556503487358,533.075123011044,537.4246826171875,1619200,0.0,0.0
2022-08-19 00:00:00-04:00,535.2115426590914,535.7959357258449,529.9614194353114,531.264404296875,1617000,0.0,0.0
2022-08-22 00:00:00-04:00,529.7986991131232,529.7986991131232,521.4541090401394,522.5845947265625,1860900,0.0,0.0
2022-08-23 00:00:00-04:00,522.8431551041552,523.1018458106909,514.3548955331495,519.3271484375,1359000,0.0,0.0
2022-08-24 00:00:00-04:00,519.9787021877019,522.3450442616817,516.7309169877169,520.428955078125,1145800,0.0,0.0
2022-08-25 00:00:00-04:00,522.8431181901385,527.7961911444861,516.9128212795538,527.662109375,1483300,0.0,0.0
2022-08-26 00:00:00-04:00,526.9243799650169,529.4823419458373,509.3634110744458,509.50714111328125,1886800,0.0,0.0
2022-08-29 00:00:00-04:00,504.91813395334646,513.0327414032615,502.0152315505304,508.7790222167969,1579900,0.0,0.0
2022-08-30 00:00:00-04:00,511.864060687178,513.5214590159331,499.6298133002367,502.14947509765625,1872700,0.0,0.0
2022-08-31 00:00:00-04:00,503.49062128786403,504.23792397029837,498.43217737946424,500.1949462890625,2179800,0.0,0.0
2022-09-01 00:00:00-04:00,497.9148217377287,507.36118423237525,495.33773836345335,506.9683532714844,2280600,0.0,0.0
2022-09-02 00:00:00-04:00,510.35026292655095,512.4004919738,494.39880029705915,497.3304138183594,1901700,0.0,0.0
2022-09-06 00:00:00-04:00,498.33645108555055,501.2010535447022,491.02662461805625,497.1293640136719,1933400,0.0,0.0
2022-09-07 00:00:00-04:00,498.18313819154605,509.3539112922609,497.12931263512985,507.418701171875,1827900,0.0,0.0
2022-09-08 00:00:00-04:00,502.33142911719386,510.6664269675004,499.67762745705176,506.9204406738281,1600800,0.0,0.0
2022-09-09 00:00:00-04:00,509.7946056055701,515.4853919501913,507.3133032376571,514.0675048828125,1930900,0.0,0.0
2022-09-12 00:00:00-04:00,515.1691574686034,519.8348286651594,514.4698038213943,516.8840942382812,1522400,0.0,0.0
2022-09-13 00:00:00-04:00,508.52036554767886,509.90954162125223,487.3476077173176,488.8900451660156,2881400,0.0,0.0
2022-09-14 00:00:00-04:00,492.3007109604747,492.44444101887547,482.01132284150293,486.68658447265625,2007300,0.0,0.0
2022-09-15 00:00:00-04:00,487.0698088432802,487.7021217099183,479.53000344724285,482.3753967285156,1749600,0.0,0.0
2022-09-16 00:00:00-04:00,478.6102553973415,485.19201585014963,476.43547586358255,482.988525390625,3004800,0.0,0.0
2022-09-19 00:00:00-04:00,481.09160977634764,485.4507003765918,477.9588149160128,485.31658935546875,1441300,0.0,0.0
2022-09-20 00:00:00-04:00,481.89629112323473,482.3082431623384,472.71823943698183,478.5622863769531,1843100,0.0,0.0
2022-09-21 00:00:00-04:00,481.4173168731809,485.1824243941876,472.31589496214565,472.3829650878906,2082600,0.0,0.0
2022-09-22 00:00:00-04:00,473.2739605453336,473.2739605453336,464.0863177347086,466.73052978515625,3133100,0.0,0.0
2022-09-23 00:00:00-04:00,458.8457943267372,462.08398912645447,444.0823263873818,446.8319091796875,5377800,0.0,0.0
2022-09-26 00:00:00-04:00,446.32413852720157,463.79885897159113,445.69182571675395,460.1487121582031,4001900,0.0,0.0
2022-09-27 00:00:00-04:00,465.12097723346227,467.9088900108603,455.48305268395615,458.2326354980469,2412400,0.0,0.0
2022-09-28 00:00:00-04:00,461.32713806120216,470.9267328253917,454.2950953794942,467.80352783203125,2419500,0.0,0.0
2022-09-29 00:00:00-04:00,465.2359656126835,468.49334023243705,454.18015337106823,458.8841552734375,1963900,0.0,0.0
2022-09-30 00:00:00-04:00,460.4936341543238,463.5306185911048,452.07241552107115,452.45562744140625,2436700,0.0,0.0
2022-10-03 00:00:00-04:00,454.59202975906175,460.66602723831716,450.6640422003226,457.6865234375,2338500,0.0,0.0
2022-10-04 00:00:00-04:00,463.53061118755096,467.544819579846,460.560696924493,465.734130859375,2175600,0.0,0.0
2022-10-05 00:00:00-04:00,461.10677254460234,463.568953747059,454.89866334892406,460.16790771484375,1587700,0.0,0.0
2022-10-06 00:00:00-04:00,463.1665392543714,473.15893451781653,461.7007326109187,462.2467956542969,2430700,0.0,0.0
2022-10-07 00:00:00-04:00,458.1942968810992,459.00861118296945,446.56362452216,448.5084533691406,2568100,0.0,0.0
2022-10-10 00:00:00-04:00,449.9838304040217,450.52033287399786,442.24281607346563,446.7456359863281,1616300,0.0,0.0
2022-10-11 00:00:00-04:00,445.4906640531278,457.22670842872094,444.2452179775351,452.21612548828125,2341400,0.0,0.0
2022-10-12 00:00:00-04:00,454.419649919781,459.6122344588533,446.73611472947795,446.8127746582031,2043900,0.0,0.0
2022-10-13 00:00:00-04:00,438.96637056842786,451.9478606293914,430.1906802641335,448.3551940917969,3390900,0.0,0.0
2022-10-14 00:00:00-04:00,452.2257702191125,453.52872601752125,434.75104688826326,435.574951171875,2301600,0.0,0.0
2022-10-17 00:00:00-04:00,442.28120493186594,447.29178782241564,441.1603093224324,444.69549560546875,2097500,0.0,0.0
2022-10-18 00:00:00-04:00,453.3465638571611,456.5272486385416,449.1598858047904,453.4136047363281,1864000,0.0,0.0
2022-10-19 00:00:00-04:00,448.1827324621466,454.9465233462658,447.35882834134503,451.6508483886719,1207600,0.0,0.0
2022-10-20 00:00:00-04:00,451.2388839612135,452.2735589836386,443.48830876214754,445.1265563964844,1709500,0.0,0.0
2022-10-21 00:00:00-04:00,444.25480138665137,459.4494021711306,442.8848047856074,458.1177062988281,2508400,0.0,0.0
2022-10-24 00:00:00-04:00,461.40383535605946,477.10620002943864,460.8290319987962,476.1194152832031,2366200,0.0,0.0
2022-10-25 00:00:00-04:00,472.62247748417127,479.2042379325274,469.9207852188911,478.12164306640625,2130900,0.0,0.0
2022-10-26 00:00:00-04:00,477.10612418029643,486.13091553819345,474.8930438950623,478.49530029296875,2088700,0.0,0.0
2022-10-27 00:00:00-04:00,479.7045816416931,482.77586978022674,474.2626801328839,476.5661315917969,1576600,0.9,0.0
2022-10-28 00:00:00-04:00,477.2955332026218,492.1912423908693,476.0190468448017,490.3196716308594,2369300,0.0,0.0
2022-10-31 00:00:00-04:00,489.1392035488251,489.1392035488251,480.36685570120693,481.3266296386719,2192200,0.0,0.0
2022-11-01 00:00:00-04:00,483.43814623713047,486.9797144258378,479.67581949740105,479.84857177734375,1586300,0.0,0.0
2022-11-02 00:00:00-04:00,477.7754825386178,482.99665540962854,463.82996757618827,464.0603332519531,2464400,0.0,0.0
2022-11-03 00:00:00-04:00,461.53607431434307,471.56569392138476,460.41312597203637,466.72845458984375,2010400,0.0,0.0
2022-11-04 00:00:00-04:00,470.67311643197087,472.8134227812286,457.3226579191041,466.8436279296875,1987300,0.0,0.0
2022-11-07 00:00:00-05:00,457.8601222440319,470.28920582834223,455.4127105419355,468.89752197265625,2036000,0.0,0.0
2022-11-08 00:00:00-05:00,470.9898924278161,478.21698927464297,465.020097142723,472.938232421875,1709900,0.0,0.0
2022-11-09 00:00:00-05:00,472.11273240467796,477.5642406288597,467.2754641895726,470.2603759765625,1640500,0.0,0.0
2022-11-10 00:00:00-05:00,484.63785635235934,494.1395830855648,481.2306413361338,492.4888000488281,3098300,0.0,0.0
2022-11-11 00:00:00-05:00,492.4888418000647,496.0496244613389,486.32707977625194,494.73468017578125,2393500,0.0,0.0
2022-11-14 00:00:00-05:00,495.0226309414556,499.75430950452005,488.92806047628306,489.1775817871094,1820200,0.0,0.0
2022-11-15 00:00:00-05:00,499.082465807929,508.48823902447214,499.082465807929,505.29217529296875,2502200,0.0,0.0
2022-11-16 00:00:00-05:00,500.3397443255524,507.29810530721096,499.2455879878687,503.027099609375,1833600,0.0,0.0
2022-11-17 00:00:00-05:00,498.1226522474839,500.8004003297434,492.325639001825,500.3493347167969,1902500,0.0,0.0
2022-11-18 00:00:00-05:00,505.6760856543096,508.2386656442204,497.3452549741133,502.60479736328125,1584400,0.0,0.0
2022-11-21 00:00:00-05:00,504.591523482308,506.0696127872945,501.07877676490483,502.3168640136719,1268300,0.0,0.0
2022-11-22 00:00:00-05:00,508.6418474529189,511.367572793804,505.49376063110145,510.5517883300781,1809100,0.0,0.0
2022-11-23 00:00:00-05:00,512.5192831312341,515.2066384428981,509.0641203848022,512.9895629882812,1288200,0.0,0.0
2022-11-25 00:00:00-05:00,512.6726969114906,514.3043239273271,511.62657637694093,512.1928100585938,744200,0.0,0.0
2022-11-28 00:00:00-05:00,509.53434759795596,514.6787213173441,507.6627768953582,509.5631103515625,1684300,0.0,0.0
2022-11-29 00:00:00-05:00,509.67832494347664,512.2505120374258,506.7606332951056,507.6820373535156,1685700,0.0,0.0
2022-11-30 00:00:00-05:00,506.19423667113153,520.7540463186078,501.1362689533165,517.5579833984375,3601800,0.0,0.0
2022-12-01 00:00:00-05:00,498.256985581039,498.256985581039,475.7310932786895,483.59161376953125,6970400,0.0,0.0
2022-12-02 00:00:00-05:00,478.46648195944675,478.8983919375462,472.3143276443817,474.6369934082031,3632100,0.0,0.0
2022-12-05 00:00:00-05:00,472.6886410172709,472.8806075113389,465.23120843332845,469.00311279296875,2455300,0.0,0.0
2022-12-06 00:00:00-05:00,470.9226926679978,471.7001072289983,457.9753513770381,461.8048400878906,2995900,0.0,0.0
2022-12-07 00:00:00-05:00,459.8180912523598,466.9684187879568,459.6069398149469,462.5822448730469,2072600,0.0,0.0
2022-12-08 00:00:00-05:00,463.47479839610804,463.887494132779,454.4529298287797,462.0543518066406,2901000,0.0,0.0
2022-12-09 00:00:00-05:00,455.98857314479557,470.3755741353571,451.57360746882705,463.5899658203125,4211100,0.0,0.0
2022-12-12 00:00:00-05:00,463.3116370584891,468.1968823969991,461.334505288168,468.0625,2276400,0.0,0.0
2022-12-13 00:00:00-05:00,477.0460746254951,477.938657411156,462.17915552733393,468.5616760253906,2626700,0.0,0.0
2022-12-14 00:00:00-05:00,469.1950437277337,471.9112202036311,461.68963426554797,464.0698547363281,2145000,0.0,0.0
2022-12-15 00:00:00-05:00,456.2189270273378,457.52423477619055,444.528887828962,445.24871826171875,3437700,0.0,0.0
2022-12-16 00:00:00-05:00,442.7052749110955,446.09327527301394,438.50146095648296,442.88763427734375,4909200,0.0,0.0
2022-12-19 00:00:00-05:00,442.3789816552301,444.76880920041,437.04261203218044,440.18109130859375,1939200,0.0,0.0
2022-12-20 00:00:00-05:00,438.194392490611,441.7359607111018,434.3265046417522,439.4037170410156,1993700,0.0,0.0
2022-12-21 00:00:00-05:00,440.9009270601544,445.03755011516904,437.84885316948925,443.4731140136719,1462400,0.0,0.0
2022-12-22 00:00:00-05:00,440.20031995845517,441.87992438487794,435.1519288567916,440.2579040527344,1906100,0.0,0.0
2022-12-23 00:00:00-05:00,439.11572311857975,444.54804664678016,436.5051370642144,444.03936767578125,1229500,0.0,0.0
2022-12-27 00:00:00-05:00,445.7189956308102,446.00694537629965,438.7222356620603,440.05633544921875,1230800,0.0,0.0
2022-12-28 00:00:00-05:00,439.13493290127826,441.9374561241156,434.5855849623313,434.7679443359375,1324100,0.0,0.0
2022-12-29 00:00:00-05:00,437.3017672478322,440.53620046024037,435.219045090094,438.1655578613281,1465000,0.0,0.0
2022-12-30 00:00:00-05:00,436.36122262861625,438.32877680965726,432.6181100634338,438.1368103027344,1803200,0.0,0.0
2023-01-03 00:00:00-05:00,439.5764906387423,440.34429812037337,429.8827674107657,435.0463562011719,1978100,0.0,0.0
2023-01-04 00:00:00-05:00,438.7894521416477,441.0257418715403,434.384093178655,438.19439697265625,2097300,0.0,0.0
2023-01-05 00:00:00-05:00,436.2557115154824,438.0696692667494,431.53361023015657,432.0806884765625,2169300,0.0,0.0
2023-01-06 00:00:00-05:00,444.45211015297656,464.9337121259743,443.62671861094117,463.446044921875,5174500,0.0,0.0
2023-01-09 00:00:00-05:00,463.5036389594873,467.2851507661626,458.90634270561736,459.4917907714844,2384800,0.0,0.0
2023-01-10 00:00:00-05:00,457.9465695418775,462.6974331550465,456.3533412249231,462.0351867675781,1649900,0.0,0.0
2023-01-11 00:00:00-05:00,461.0081838216468,465.02963879993257,459.8372584937693,464.8280944824219,1576400,0.0,0.0
2023-01-12 00:00:00-05:00,465.4807309810205,465.49033809274215,459.4917512616501,463.0237121582031,1628200,0.0,0.0
2023-01-13 00:00:00-05:00,461.54574598045707,466.05666633412466,459.7317590099337,465.7303466796875,1405900,0.0,0.0
2023-01-17 00:00:00-05:00,465.6150730965668,470.74986883767383,464.8856356282307,467.1890869140625,1539900,0.0,0.0
2023-01-18 00:00:00-05:00,465.30792777042194,469.14702292203697,459.2709424433153,460.1827392578125,1925500,0.0,0.0
2023-01-19 00:00:00-05:00,457.08269104649446,458.34959956389565,449.2413550584346,450.6042175292969,1919500,0.0,0.0
2023-01-20 00:00:00-05:00,454.85605416434504,460.99860119327457,450.58504864416557,460.7970275878906,2588600,0.0,0.0
2023-01-23 00:00:00-05:00,460.64347810062316,475.31839940380166,458.38800366047633,472.794189453125,2709400,0.0,0.0
2023-01-24 00:00:00-05:00,472.2566859348069,473.7443528967765,467.419447078134,472.31427001953125,1510200,0.0,0.0
2023-01-25 00:00:00-05:00,469.67497492071277,472.15120816053684,465.01048749542747,471.13385009765625,1329800,0.0,0.0
2023-01-26 00:00:00-05:00,473.36048672948465,478.6104509958197,471.9879878282501,478.25531005859375,1576400,0.0,0.0
2023-01-27 00:00:00-05:00,479.65658568368326,488.62086987247164,477.83299194797746,483.0445861816406,2034100,0.0,0.0
2023-01-30 00:00:00-05:00,480.24205811888675,485.2616861233005,480.24205811888675,483.0350036621094,1855900,0.0,0.0
2023-01-31 00:00:00-05:00,482.9870121252577,490.83795530318633,481.8064797281467,490.5788269042969,1924100,0.0,0.0
2023-02-01 00:00:00-05:00,487.86270095246005,499.51437092636496,484.4171159389352,497.0765075683594,2080200,0.0,0.0
2023-02-02 00:00:00-05:00,504.07572957615827,509.6136594368389,500.56649226425895,503.2489013671875,2287400,0.9,0.0
2023-02-03 00:00:00-05:00,499.114762410587,501.44144201661936,492.740379730447,494.9516906738281,1844100,0.0,0.0
2023-02-06 00:00:00-05:00,494.60552747344826,497.2783127582657,492.51920926959036,495.7112121582031,1740100,0.0,0.0
2023-02-07 00:00:00-05:00,492.25002459421324,498.0186923492474,487.8274027881229,496.6150207519531,1927300,0.0,0.0
2023-02-08 00:00:00-05:00,491.5770537085344,492.43272420782745,482.2221865034761,484.38543701171875,2062900,0.0,0.0
2023-02-09 00:00:00-05:00,485.80836897782416,489.52915502947604,479.2032490143849,481.3280334472656,1517300,0.0,0.0
2023-02-10 00:00:00-05:00,479.2897881969357,481.2511141833721,476.28046170809773,480.71270751953125,1536800,0.0,0.0
2023-02-13 00:00:00-05:00,482.3952499165986,487.2505632111631,482.02030174437584,486.9236755371094,1452600,0.0,0.0
2023-02-14 00:00:00-05:00,485.53917040253504,488.26966967815457,479.40514886224406,483.81817626953125,1257300,0.0,0.0
2023-02-15 00:00:00-05:00,483.347073411779,491.7020296630563,482.01065128133246,491.5674133300781,1422600,0.0,0.0
2023-02-16 00:00:00-05:00,484.1931787590354,491.0386900578957,484.1835842633463,484.664306640625,1456000,0.0,0.0
2023-02-17 00:00:00-05:00,484.82774263383146,488.1351149832826,482.4914388892439,487.91400146484375,1340400,0.0,0.0
2023-02-21 00:00:00-05:00,481.510720500172,484.55848363407256,477.40533303367056,482.3952331542969,1811800,0.0,0.0
2023-02-22 00:00:00-05:00,484.49118382931624,485.9717874125393,477.4534021980086,478.21295166015625,1332000,0.0,0.0
2023-02-23 00:00:00-05:00,479.5685819796948,479.626266311694,469.0503751110587,474.1268310546875,1546300,0.0,0.0
2023-02-24 00:00:00-05:00,469.74264220741804,471.4540126128639,466.0122613893068,469.771484375,1587600,0.0,0.0
2023-02-27 00:00:00-05:00,473.55957506789963,473.99223691912005,466.95445467597443,468.2524108886719,1501700,0.0,0.0
2023-02-28 00:00:00-05:00,466.8775629996237,470.03110051501125,465.1277265632716,465.5122985839844,1918200,0.0,0.0
2023-03-01 00:00:00-05:00,462.55102512798607,463.9739444260632,456.7054252484929,460.2147216796875,1759300,0.0,0.0
2023-03-02 00:00:00-05:00,458.95525998641705,468.6370158339421,457.2246711418453,466.964111328125,2379200,0.0,0.0
2023-03-03 00:00:00-05:00,456.52280523087245,457.6477085168737,447.38907995585083,456.9362487792969,5354200,0.0,0.0
2023-03-06 00:00:00-05:00,458.1476066661538,469.97339379124594,457.1861619896892,464.4546813964844,3104700,0.0,0.0
2023-03-07 00:00:00-05:00,467.35823886800137,476.1169853328448,466.30064391052747,466.4448547363281,2659100,0.0,0.0
2023-03-08 00:00:00-05:00,464.3777373379899,468.1081470446997,462.5894644828338,467.300537109375,1548500,0.0,0.0
2023-03-09 00:00:00-05:00,468.6851348888519,471.10796529045444,460.1667184632356,461.0320129394531,1629400,0.0,0.0
2023-03-10 00:00:00-05:00,460.51279001744905,461.93570938611316,450.32147039456964,452.9750671386719,2123000,0.0,0.0
2023-03-13 00:00:00-04:00,448.8023257290636,458.3110268682802,448.8023257290636,453.8018493652344,1799600,0.0,0.0
2023-03-14 00:00:00-04:00,457.09965090888977,466.45451848920095,454.7633473081023,463.3394470214844,2422900,0.0,0.0
2023-03-15 00:00:00-04:00,462.94525201817964,468.24279242205125,460.089760053886,466.93524169921875,2226300,0.0,0.0
2023-03-16 00:00:00-04:00,466.2332979950294,469.3195561220837,464.14697975512746,468.4734802246094,1979600,0.0,0.0
2023-03-17 00:00:00-04:00,470.2137434223314,471.01172957419243,462.94522419389006,468.2716064453125,3959300,0.0,0.0
2023-03-20 00:00:00-04:00,469.18496019629447,471.867398819443,466.99286770344196,470.42523193359375,1623800,0.0,0.0
2023-03-21 00:00:00-04:00,473.9922406330745,473.9922406330745,467.25250384672904,471.9251403808594,1664000,0.0,0.0
2023-03-22 00:00:00-04:00,470.58871581208433,477.4726634020501,468.5600815737224,468.7235107421875,1299700,0.0,0.0
2023-03-23 00:00:00-04:00,471.7712492458411,474.23254505434556,465.6180097245799,468.9542236328125,1565900,0.0,0.0
2023-03-24 00:00:00-04:00,468.16589157389467,476.84773617122653,467.800537887871,476.1747131347656,1635200,0.0,0.0
2023-03-27 00:00:00-04:00,478.10713677785515,480.587650765989,473.5210569126148,474.20367431640625,1452100,0.0,0.0
2023-03-28 00:00:00-04:00,473.617244233784,475.0113507399877,466.69486022271116,468.0024108886719,1407800,0.0,0.0
2023-03-29 00:00:00-04:00,470.33873978495353,472.35775009979994,467.16595479983573,471.9443359375,1643000,0.0,0.0
2023-03-30 00:00:00-04:00,473.9921774336213,476.6265261908997,472.06928827567555,472.5307922363281,1545500,0.0,0.0
2023-03-31 00:00:00-04:00,475.9151158411334,479.14555587712005,474.8959868292355,477.7130126953125,2082000,0.0,0.0
2023-04-03 00:00:00-04:00,477.3572568109189,479.95316903751393,475.9150898719131,477.8668212890625,1804700,0.0,0.0
2023-04-04 00:00:00-04:00,477.357298917565,483.2028698492705,476.39585420675417,478.5398864746094,1913300,0.0,0.0
2023-04-05 00:00:00-04:00,479.7609096058946,484.69312565571585,476.06896544567473,477.9630126953125,1941500,0.0,0.0
2023-04-06 00:00:00-04:00,463.4163290703882,469.04078623538936,459.0898280728431,467.2428894042969,4114700,0.0,0.0
2023-04-10 00:00:00-04:00,465.2430235535276,474.857469294832,463.0893970965826,474.7901611328125,1653600,0.0,0.0
2023-04-11 00:00:00-04:00,474.7901768809797,480.71267917498,473.9921907680056,479.4243469238281,1547400,0.0,0.0
2023-04-12 00:00:00-04:00,480.7223202264593,480.77038072209723,469.7041728623382,470.4829406738281,2063700,0.0,0.0
2023-04-13 00:00:00-04:00,474.4633453463902,479.2225084453988,471.4059581795064,478.6937255859375,1600500,0.0,0.0
2023-04-14 00:00:00-04:00,477.0592361175217,481.078067821251,471.26172589505273,472.3577575683594,1675300,0.0,0.0
2023-04-17 00:00:00-04:00,473.7710624426847,478.69368362254187,472.2135268278269,474.8959655761719,1411800,0.0,0.0
2023-04-18 00:00:00-04:00,476.9727382736175,478.4437475425919,475.06906713807695,477.74188232421875,1339600,0.0,0.0
2023-04-19 00:00:00-04:00,477.96295992114506,478.7897881956093,474.79017512841307,476.9053649902344,1098800,0.0,0.0
2023-04-20 00:00:00-04:00,476.6361704959514,490.9713133050052,476.4054331761956,486.087158203125,2936500,0.0,0.0
2023-04-21 00:00:00-04:00,489.7310669898409,490.95212049927244,485.97181480825435,486.8275146484375,1508600,0.0,0.0
2023-04-24 00:00:00-04:00,486.58713388561614,491.9616058549544,486.3083067270031,491.7020263671875,1374100,0.0,0.0
2023-04-25 00:00:00-04:00,491.42320218179833,493.3460914564926,482.8951929430831,483.7701110839844,1789900,0.0,0.0
2023-04-26 00:00:00-04:00,481.1261261609235,483.48164785826265,474.36717170498315,475.58819580078125,1441900,0.0,0.0
2023-04-27 00:00:00-04:00,475.7517136012804,482.8952707062655,475.7517136012804,481.94342041015625,1361600,0.0,0.0
2023-04-28 00:00:00-04:00,482.2221746351482,485.3660880670037,481.3376619911531,483.81817626953125,1170200,0.0,0.0
2023-05-01 00:00:00-04:00,479.90510886347136,480.77040321216435,469.9541505010931,474.5594787597656,2203200,0.0,0.0
2023-05-02 00:00:00-04:00,475.91506817531143,476.56884344935816,470.9251684465601,475.7323913574219,1940800,0.0,0.0
2023-05-03 00:00:00-04:00,477.453414021466,479.54935629452467,470.78098587357744,471.1655578613281,1426400,0.0,0.0
2023-05-04 00:00:00-04:00,471.0692362093454,472.9672338485942,468.169242356939,472.4180603027344,1487000,1.02,0.0
2023-05-05 00:00:00-04:00,475.1735935887133,481.14696647323177,474.9616333939688,480.81939697265625,1709200,0.0,0.0
2023-05-08 00:00:00-04:00,479.19116397715584,481.96590492575217,477.58221880073603,480.81939697265625,1015000,0.0,0.0
2023-05-09 00:00:00-04:00,478.79605439963706,483.4013437487079,478.24691030190036,482.486083984375,1571800,0.0,0.0
2023-05-10 00:00:00-04:00,483.60373915203036,486.5133475665977,477.00410077308345,481.3974304199219,1257600,0.0,0.0
2023-05-11 00:00:00-04:00,481.25294365042413,484.61537491459893,479.36456038378464,483.54595947265625,1046700,0.0,0.0
2023-05-12 00:00:00-04:00,484.77914112966596,487.53459396941076,482.881143486104,485.646240234375,1472800,0.0,0.0
2023-05-15 00:00:00-04:00,485.5883966613347,486.5422026598387,480.6266061223843,483.6903991699219,1135700,0.0,0.0
2023-05-16 00:00:00-04:00,481.7250049714467,482.0044137069352,476.23332815390785,478.0157165527344,1229300,0.0,0.0
2023-05-17 00:00:00-04:00,479.7980953332149,479.80773924181256,473.9210445099463,476.9077453613281,2069500,0.0,0.0
2023-05-18 00:00:00-04:00,476.90770855878674,480.3761341378277,476.02132169885925,479.8944091796875,2298900,0.0,0.0
2023-05-19 00:00:00-04:00,481.13731863246267,481.13731863246267,475.86724585758316,478.3721923828125,1635000,0.0,0.0
2023-05-22 00:00:00-04:00,478.83462328997456,478.83462328997456,470.68384497724065,473.8921203613281,1943800,0.0,0.0
2023-05-23 00:00:00-04:00,469.36396295904285,469.36396295904285,465.3174610816013,467.14801025390625,1800200,0.0,0.0
2023-05-24 00:00:00-04:00,469.4409932183161,469.4409932183161,463.3327239974647,465.1151123046875,1600600,0.0,0.0
2023-05-25 00:00:00-04:00,462.6583318845727,470.6838871206878,459.32480300465335,468.7666015625,3421900,0.0,0.0
2023-05-26 00:00:00-04:00,467.8994953497523,492.0820966813894,466.42541799833504,488.71966552734375,5302600,0.0,0.0
2023-05-30 00:00:00-04:00,491.1571681713737,495.9743886165901,483.2568666608131,489.46148681640625,2544800,0.0,0.0
2023-05-31 00:00:00-04:00,490.26116098911444,495.08805497757606,486.4940973007606,492.86248779296875,3320800,0.0,0.0
2023-06-01 00:00:00-04:00,490.7140003611167,494.96281860408857,483.7482753264889,493.8644714355469,2407700,0.0,0.0
2023-06-02 00:00:00-04:00,491.6677473293713,499.54876025136116,490.781360507309,493.85479736328125,2284800,0.0,0.0
2023-06-05 00:00:00-04:00,493.8548216755285,499.95341734618336,493.30564816315507,499.30792236328125,2023500,0.0,0.0
2023-06-06 00:00:00-04:00,499.3079114127204,499.67402707960656,494.0185808625959,497.3906555175781,1410300,0.0,0.0
2023-06-07 00:00:00-04:00,495.7046704981086,500.30993093462774,491.90867513376435,492.5445556640625,1784700,0.0,0.0
2023-06-08 00:00:00-04:00,493.76810787387393,501.27336194400186,493.76810787387393,501.0807189941406,1530400,0.0,0.0
2023-06-09 00:00:00-04:00,499.2502183710453,502.97876561867236,496.6585352047099,498.3735046386719,1287300,0.0,0.0
2023-06-12 00:00:00-04:00,498.37345371648127,502.2176098809932,497.14020946692267,501.92852783203125,1404500,0.0,0.0
2023-06-13 00:00:00-04:00,502.940185546875,503.8361869863115,498.98036137346736,502.940185546875,1204700,0.0,0.0
2023-06-14 00:00:00-04:00,505.8112454262707,508.5570543797136,504.01924255551177,507.93084716796875,1841400,0.0,0.0
2023-06-15 00:00:00-04:00,509.6650870204848,511.84249358733626,507.41058798282364,509.8385009765625,1871600,0.0,0.0
2023-06-16 00:00:00-04:00,510.72476383723125,511.0330748589534,503.5278213755614,504.51055908203125,3147800,0.0,0.0
2023-06-20 00:00:00-04:00,502.8727184650417,503.7880076880551,499.2019764690146,500.7049560546875,1684400,0.0,0.0
2023-06-21 00:00:00-04:00,498.9804088685639,502.57411768134335,497.6604869532326,500.6279296875,1273600,0.0,0.0
2023-06-22 00:00:00-04:00,501.65877795052285,505.5029340042706,500.6856840513394,505.0404968261719,1114000,0.0,0.0
2023-06-23 00:00:00-04:00,504.0096113474064,506.1966617001244,500.35815695796714,505.271728515625,1434300,0.0,0.0
2023-06-26 00:00:00-04:00,505.23319191250783,505.68598517602936,502.20794486898467,504.2889709472656,1278500,0.0,0.0
2023-06-27 00:00:00-04:00,503.5471528997282,512.9503752590585,503.01720837008105,510.9464416503906,1673600,0.0,0.0
2023-06-28 00:00:00-04:00,509.6457250514663,513.9908936435827,509.2892532817834,513.3261108398438,1245200,0.0,0.0
2023-06-29 00:00:00-04:00,511.18723761212283,512.98888412634,509.6168096530953,512.2566528320312,1121800,0.0,0.0
2023-06-30 00:00:00-04:00,514.6461244097048,519.8391345714093,514.1258825242944,518.7022705078125,2221900,0.0,0.0
2023-07-03 00:00:00-04:00,517.613499375423,521.3035292470688,514.8098858204127,521.2649536132812,951400,0.0,0.0
2023-07-05 00:00:00-04:00,521.4383010914909,526.0917803455898,517.8542958652469,521.3516235351562,1630400,0.0,0.0
2023-07-06 00:00:00-04:00,519.1839448970022,520.5520274428402,516.9680216399719,517.7291259765625,1750100,0.0,0.0
2023-07-07 00:00:00-04:00,514.3763913663438,516.852465196058,505.4548339732995,505.8594665527344,2740600,0.0,0.0
2023-07-10 00:00:00-04:00,505.869002631537,511.73643840211565,505.869002631537,507.74774169921875,1955600,0.0,0.0
2023-07-11 00:00:00-04:00,508.22003208367454,511.3608894631609,506.91939770339525,510.2818298339844,1262300,0.0,0.0
2023-07-12 00:00:00-04:00,512.5554807301347,520.3690473477748,511.69799598203934,518.336181640625,1960500,0.0,0.0
2023-07-13 00:00:00-04:00,518.143265388844,519.4150261192872,513.3163727177526,518.76953125,1647200,0.0,0.0
2023-07-14 00:00:00-04:00,519.0202435119086,526.8723268313233,518.4324942381362,526.7182006835938,1828700,0.0,0.0
2023-07-17 00:00:00-04:00,526.2172300166403,533.9537634492414,526.1401375344252,532.7494506835938,1909900,0.0,0.0
2023-07-18 00:00:00-04:00,532.4698459496333,534.7147007079037,529.3097608191894,533.3562622070312,1778800,0.0,0.0
2023-07-19 00:00:00-04:00,534.2137716233235,535.5722691413256,531.8437221052923,533.8572998046875,1261100,0.0,0.0
2023-07-20 00:00:00-04:00,533.5682583004592,540.5629149208988,533.4719368192718,536.6031494140625,1732800,0.0,0.0
2023-07-21 00:00:00-04:00,538.7322708411723,541.5070112921463,537.0751652185629,537.4701538085938,5264300,0.0,0.0
2023-07-24 00:00:00-04:00,537.6050474547724,545.8618202042784,535.5625383587518,543.3182983398438,2086400,0.0,0.0
2023-07-25 00:00:00-04:00,546.0546162120268,546.8060766900575,543.6748639555574,544.5323486328125,1602500,0.0,0.0
2023-07-26 00:00:00-04:00,544.8405893380989,547.2685020237096,542.8269530734854,545.4764404296875,1306400,0.0,0.0
2023-07-27 00:00:00-04:00,546.9697805272566,550.2840507264516,540.1100215482305,541.2951049804688,1485300,0.0,0.0
2023-07-28 00:00:00-04:00,543.9446694152566,547.0565943950818,542.0562860653488,542.730712890625,1371400,0.0,0.0
2023-07-31 00:00:00-04:00,542.4223451796355,543.6651744990352,538.616705952591,540.177490234375,1365900,0.0,0.0
2023-08-01 00:00:00-04:00,540.1389148157417,542.3066770613416,534.2714791304198,535.16748046875,1445300,0.0,0.0
2023-08-02 00:00:00-04:00,532.0748214676947,536.2850925912168,530.8801530671043,532.1614990234375,1635000,0.0,0.0
2023-08-03 00:00:00-04:00,533.2984100496773,539.8690861107417,532.0362343263363,537.3063354492188,1463400,0.0,0.0
2023-08-04 00:00:00-04:00,540.5628967358341,540.7748275090461,531.2559368367612,531.8629150390625,1142000,0.0,0.0
2023-08-07 00:00:00-04:00,534.705078669347,539.1080520000622,534.705078669347,538.0000610351562,1015400,0.0,0.0
2023-08-08 00:00:00-04:00,537.6050527521903,538.4721811977107,531.6702271476781,535.7937622070312,1020400,0.0,0.0
2023-08-09 00:00:00-04:00,537.5857555183017,541.5455792921999,536.4585356023264,539.242919921875,1471800,0.0,0.0
2023-08-10 00:00:00-04:00,542.6151724030443,548.4055175991303,540.2065468675232,540.9676513671875,1107200,0.0,0.0
2023-08-11 00:00:00-04:00,539.8693223322475,544.3493895020966,538.5976197541471,542.3839721679688,1043100,0.0,0.0
2023-08-14 00:00:00-04:00,544.1276128306802,546.9601578575683,539.9558583445476,540.9481811523438,1247600,0.0,0.0
2023-08-15 00:00:00-04:00,540.5435772255973,544.503342367056,537.7977684175652,538.096435546875,1124300,0.0,0.0
2023-08-16 00:00:00-04:00,541.169926510346,544.3011392981969,538.2988052594668,538.6167602539062,1340100,0.0,0.0
2023-08-17 00:00:00-04:00,539.0213256419632,539.9366148728875,525.1573252867537,527.1130981445312,1941900,0.0,0.0
2023-08-18 00:00:00-04:00,526.9300119198239,529.3867974462821,523.2592700897634,525.0223999023438,1878100,0.0,0.0
2023-08-21 00:00:00-04:00,523.9818590204513,525.2247470511654,516.6981799823965,523.3556518554688,2076100,0.0,0.0
2023-08-22 00:00:00-04:00,522.1513772526757,522.1513772526757,517.8543691318126,518.6925659179688,1286000,0.0,0.0
2023-08-23 00:00:00-04:00,519.2609721967552,521.3901588119758,516.6403579262267,521.0914916992188,1295800,0.0,0.0
2023-08-24 00:00:00-04:00,520.5606029971746,522.2112364327902,512.3847917708744,513.243896484375,1587500,1.02,0.0
2023-08-25 00:00:00-04:00,514.4021566054854,517.1821397122217,512.1337950241782,515.4639892578125,1511500,0.0,0.0
2023-08-28 00:00:00-04:00,517.3848946213274,518.3887545505918,514.6049113698296,517.5682983398438,945800,0.0,0.0
2023-08-29 00:00:00-04:00,515.7826380186744,524.209430191669,515.7826380186744,523.9198608398438,1468500,0.0,0.0
2023-08-30 00:00:00-04:00,523.8811390028444,525.5124481911756,520.5799310231498,523.427490234375,1292800,0.0,0.0
2023-08-31 00:00:00-04:00,521.2459980683166,533.0223083262789,521.2459980683166,530.2037353515625,2086500,0.0,0.0
2023-09-01 00:00:00-04:00,533.862080239817,534.2578151610448,521.863776843538,525.348388671875,1437700,0.0,0.0
2023-09-05 00:00:00-04:00,526.7769769069947,530.1168335760788,525.1070780301665,525.8117065429688,1714300,0.0,0.0
2023-09-06 00:00:00-04:00,522.9061288592486,529.6244304603013,521.4196340051611,527.7035522460938,1476600,0.0,0.0
2023-09-07 00:00:00-04:00,529.595575743986,531.8542752622319,525.3869524437123,529.5665893554688,1340000,0.0,0.0
2023-09-08 00:00:00-04:00,530.0010556655473,533.1960985141893,529.0647126884038,532.0474243164062,1075300,0.0,0.0
2023-09-11 00:00:00-04:00,533.6110848332755,539.9625800541282,532.6940662434569,539.373779296875,1388600,0.0,0.0
2023-09-12 00:00:00-04:00,539.8565159227907,540.9376141743687,536.8641420102075,539.3834838867188,1055500,0.0,0.0
2023-09-13 00:00:00-04:00,538.9104472039853,540.9761399792468,535.3582592369885,540.3197631835938,1162700,0.0,0.0
2023-09-14 00:00:00-04:00,545.1944123631896,547.0187876930647,540.792781372093,545.1558227539062,1257300,0.0,0.0
2023-09-15 00:00:00-04:00,545.6962241435497,545.8699657114448,536.2461910847619,537.0377197265625,2945300,0.0,0.0
2023-09-18 00:00:00-04:00,538.794634433189,544.5959190673567,538.1092712273834,543.1769409179688,1003100,0.0,0.0
2023-09-19 00:00:00-04:00,542.1345209429586,545.6963713340892,540.0012519945747,544.7503662109375,1144700,0.0,0.0
2023-09-20 00:00:00-04:00,544.75037471086,549.4512372601558,543.1190652343912,544.2484741210938,1311500,0.0,0.0
2023-09-21 00:00:00-04:00,544.479954502515,544.9625895898558,535.0299807019317,535.8021850585938,1687700,0.0,0.0
2023-09-22 00:00:00-04:00,535.8796216229323,543.418382951256,535.5128729825958,539.1905517578125,1527300,0.0,0.0
2023-09-25 00:00:00-04:00,540.0592020386819,541.7774118698767,535.4741669988072,539.2194213867188,1313300,0.0,0.0
2023-09-26 00:00:00-04:00,539.7310080240424,541.8738801926291,532.8293005825691,533.7559814453125,2425100,0.0,0.0
2023-09-27 00:00:00-04:00,528.3697809064818,546.8257484991675,525.8117904673629,543.9589233398438,4591400,0.0,0.0
2023-09-28 00:00:00-04:00,544.4800831869582,552.3084120141026,544.4800831869582,548.8817138671875,2192400,0.0,0.0
2023-09-29 00:00:00-04:00,550.2039906852681,551.1595987163076,541.2269899887493,545.3390502929688,1887500,0.0,0.0
2023-10-02 00:00:00-04:00,548.1866850150474,551.8836871303776,544.4125036870978,551.4686279296875,1831700,0.0,0.0
2023-10-03 00:00:00-04:00,551.2659799671322,556.1792329219413,543.4569743175355,545.4164428710938,2007400,0.0,0.0
2023-10-04 00:00:00-04:00,549.7117563543711,552.7233948819953,544.180776563038,551.9415283203125,1798800,0.0,0.0
2023-10-05 00:00:00-04:00,552.2986534277294,554.7890671283812,544.7598952549462,549.74072265625,1579700,0.0,0.0
2023-10-06 00:00:00-04:00,546.429948625243,547.2600670325273,523.7846837501942,538.167236328125,4246700,0.0,0.0
2023-10-09 00:00:00-04:00,535.7250945713573,540.3101291645356,530.6864111504719,539.5571899414062,1781500,0.0,0.0
2023-10-10 00:00:00-04:00,540.4741077368063,547.2599859471967,537.8871905086415,542.5687866210938,2176800,0.0,0.0
2023-10-11 00:00:00-04:00,545.2328651994441,546.8255846432133,540.7443939845456,545.879638671875,1449800,0.0,0.0
2023-10-12 00:00:00-04:00,548.32186001646,549.3740307156985,542.8487931343752,544.2001953125,1458000,0.0,0.0
2023-10-13 00:00:00-04:00,544.2677832276944,547.7331304706794,542.4627319886292,547.1539916992188,1243900,0.0,0.0
2023-10-16 00:00:00-04:00,549.904844468785,554.1616606069695,548.7754947040297,552.3662719726562,1428300,0.0,0.0
2023-10-17 00:00:00-04:00,552.0766992893545,556.0536082232915,550.8894356699551,554.3933715820312,1404600,0.0,0.0
2023-10-18 00:00:00-04:00,553.9880190498794,557.2506379953176,552.1347162190324,554.6830444335938,1311900,0.0,0.0
2023-10-19 00:00:00-04:00,553.7757638860245,555.8510603600485,544.5187927607419,545.9860229492188,2019600,0.0,0.0
2023-10-20 00:00:00-04:00,546.8643691381596,546.9898590258666,532.8390183505427,533.72705078125,2295400,0.0,0.0
2023-10-23 00:00:00-04:00,534.8950388034175,537.5784603068578,527.645847518167,533.1092529296875,1776500,0.0,0.0
2023-10-24 00:00:00-04:00,532.9257865481829,536.6807027008279,530.2520274909217,532.6748657226562,1678600,0.0,0.0
2023-10-25 00:00:00-04:00,529.4990464051184,534.5957022065976,526.6611491782555,530.8890380859375,1757500,0.0,0.0
2023-10-26 00:00:00-04:00,530.56094390526,535.3968995302744,526.5840342333461,528.5820922851562,1925300,0.0,0.0
2023-10-27 00:00:00-04:00,528.5820099363436,528.997128024442,521.4679723067845,524.1707763671875,1503100,0.0,0.0
2023-10-30 00:00:00-04:00,526.7866671912631,537.0378342918599,524.7596228846438,535.6092529296875,1696200,0.0,0.0
2023-10-31 00:00:00-04:00,532.9836633012761,534.7887731012115,529.9913487107634,533.2539672851562,1394700,0.0,0.0
2023-11-01 00:00:00-04:00,535.7249887121133,539.0455207284953,530.5608164411467,537.4624633789062,1735300,0.0,0.0
2023-11-02 00:00:00-04:00,538.1588618502204,541.0696676536828,533.8168528039494,537.6463012695312,2100600,1.02,0.0
2023-11-03 00:00:00-04:00,538.9614717378478,544.4349028512513,536.9306483597744,542.413818359375,1826800,0.0,0.0
2023-11-06 00:00:00-05:00,542.017337956292,553.7766012265881,541.6692170168341,551.0398559570312,2056900,0.0,0.0
2023-11-07 00:00:00-05:00,553.6315815228029,554.9757841571336,550.7884754943022,552.442138671875,1373100,0.0,0.0
2023-11-08 00:00:00-05:00,553.2639444241642,554.1052660599624,545.6919906784325,548.68017578125,1343600,0.0,0.0
2023-11-09 00:00:00-05:00,550.2468811141346,550.2468811141346,543.4872671853418,544.7057495117188,1288400,0.0,0.0
2023-11-10 00:00:00-05:00,549.183144753083,558.8438843500344,546.3206793443892,558.0992431640625,1908800,0.0,0.0
2023-11-13 00:00:00-05:00,556.049081036805,560.8359501478322,554.58883835414,559.172607421875,1650700,0.0,0.0
2023-11-14 00:00:00-05:00,562.5669113831572,572.0535894865328,562.0544098994511,571.3283081054688,2037600,0.0,0.0
2023-11-15 00:00:00-05:00,574.4131825368357,580.118753096012,573.8329810327216,577.1112670898438,2165100,0.0,0.0
2023-11-16 00:00:00-05:00,567.054023270419,567.2571233140394,553.3800368985583,559.5111083984375,2954700,0.0,0.0
2023-11-17 00:00:00-05:00,559.8206193438257,560.8069620159755,555.140110244501,558.1282958984375,1773600,0.0,0.0
2023-11-20 00:00:00-05:00,558.312031575343,563.1278816522153,558.312031575343,561.657958984375,1624100,0.0,0.0
2023-11-21 00:00:00-05:00,562.8184178471271,565.6712034192767,558.669829108384,565.0426025390625,1173700,0.0,0.0
2023-11-22 00:00:00-05:00,567.5084955648787,571.6571429459118,567.0249746317832,569.6650390625,1068600,0.0,0.0
2023-11-24 00:00:00-05:00,571.5411118602574,574.6162979615082,570.9511714544685,571.869873046875,645800,0.0,0.0
2023-11-27 00:00:00-05:00,572.9917093858552,580.1671440566834,572.8852899145138,575.2932739257812,1627400,0.0,0.0
2023-11-28 00:00:00-05:00,573.6395500349477,577.7301181206599,571.927867094776,574.4228515625,1286800,0.0,0.0
2023-11-29 00:00:00-05:00,575.5833429127064,575.5930227753443,568.0597287009908,568.4852294921875,1319800,0.0,0.0
2023-11-30 00:00:00-05:00,568.4561964469593,573.523486022947,563.6209874586433,573.204345703125,1755200,0.0,0.0
2023-12-01 00:00:00-05:00,573.7267293926305,576.6954965124715,571.1253839460371,576.5988159179688,1475300,0.0,0.0
2023-12-04 00:00:00-05:00,572.6339165963808,579.7706909378612,571.9666552872649,579.3355102539062,1624000,0.0,0.0
2023-12-05 00:00:00-05:00,578.8036900929815,588.812551417033,577.3531270591444,585.3988647460938,2349700,0.0,0.0
2023-12-06 00:00:00-05:00,585.5439553008385,588.4257216928966,583.9579921893646,587.4103393554688,2233900,0.0,0.0
2023-12-07 00:00:00-05:00,589.8955683951885,592.1680932869614,586.3658417945496,590.8142700195312,1690400,0.0,0.0
2023-12-08 00:00:00-05:00,588.541698981319,593.3865885272562,587.7003772183958,590.64990234375,1502100,0.0,0.0
2023-12-11 00:00:00-05:00,601.4709828177432,604.4301875005385,598.366816297128,603.2987060546875,2139300,0.0,0.0
2023-12-12 00:00:00-05:00,606.760825558917,608.9366700256315,602.6702568490322,608.7529296875,2374400,0.0,0.0
2023-12-13 00:00:00-05:00,613.0271665012968,621.4210828609904,610.2034207638179,620.8408813476562,2436900,0.0,0.0
2023-12-14 00:00:00-05:00,620.0477989957258,620.744099721931,609.5263804272867,609.9906005859375,3839200,0.0,0.0
2023-12-15 00:00:00-05:00,620.3573941781381,640.0657133089866,619.3903522542439,637.1065673828125,8807700,0.0,0.0
2023-12-18 00:00:00-05:00,642.5993856435678,659.4355602812605,639.311419353651,658.7876586914062,5733400,0.0,0.0
2023-12-19 00:00:00-05:00,652.7532687949631,658.3620998924908,647.067057820465,655.4029541015625,3437300,0.0,0.0
2023-12-20 00:00:00-05:00,649.6490209215516,652.124645688068,639.0212404704885,639.2146606445312,3782700,0.0,0.0
2023-12-21 00:00:00-05:00,643.9146121454019,645.3458745307571,637.7158985088645,643.2376708984375,2388400,0.0,0.0
2023-12-22 00:00:00-05:00,645.9840047170471,651.0803345400021,644.049920870589,649.46533203125,1641700,0.0,0.0
2023-12-26 00:00:00-05:00,650.8289408155432,653.5849868847419,648.6724560598093,652.3858642578125,1774800,0.0,0.0
2023-12-27 00:00:00-05:00,655.4320502034684,661.2475679106632,653.1572868311727,659.487060546875,1875900,15.0,0.0
2023-12-28 00:00:00-05:00,658.5473543885755,659.5462870062025,654.334126080183,655.8275146484375,1496900,0.0,0.0
2023-12-29 00:00:00-05:00,653.7506525115557,655.9166366644623,649.9527401629557,652.8407592773438,1947500,0.0,0.0
2024-01-02 00:00:00-05:00,648.3901456948929,650.5857695548563,642.3768093149786,643.5142211914062,2657700,0.0,0.0
2024-01-03 00:00:00-05:00,644.0681427939071,648.2616326720971,636.0470400190396,637.61962890625,2612600,0.0,0.0
2024-01-04 00:00:00-05:00,635.03824583505,642.7724901681737,633.4854569760556,641.2394409179688,2171100,0.0,0.0
2024-01-05 00:00:00-05:00,648.9834873134554,652.4154622650459,645.0866959559189,648.8153686523438,2233500,0.0,0.0
2024-01-08 00:00:00-05:00,648.6175878677096,654.8188427424182,646.8571409018277,654.43310546875,2245300,0.0,0.0
2024-01-09 00:00:00-05:00,651.6539546385991,659.9716941623731,651.04075911441,659.8629150390625,1886200,0.0,0.0
2024-01-10 00:00:00-05:00,662.2167361002254,666.4399250711601,661.6727801851725,665.3816528320312,1801900,0.0,0.0
2024-01-11 00:00:00-05:00,663.6411490281521,667.1126645482109,660.3180126057547,666.19287109375,1670800,0.0,0.0
2024-01-12 00:00:00-05:00,670.0697870076335,676.2215426448832,668.6950167944734,675.746826171875,2388400,0.0,0.0
2024-01-16 00:00:00-05:00,675.7467987085113,678.9908554509644,670.7224948988516,674.0159912109375,1626700,0.0,0.0
2024-01-17 00:00:00-05:00,673.0368676642668,677.358936474524,671.7412370199114,676.6864013671875,1786800,0.0,0.0
2024-01-18 00:00:00-05:00,675.3411867010271,680.1775105202124,672.7499259665719,679.7720336914062,1900600,0.0,0.0
2024-01-19 00:00:00-05:00,680.9490703724482,688.495395327987,675.1829923512652,687.3480834960938,2267900,0.0,0.0
2024-01-22 00:00:00-05:00,687.8030589126774,690.9976154748507,682.9469345240906,684.9151000976562,2452900,0.0,0.0
2024-01-23 00:00:00-05:00,683.1446893146046,684.0447429446097,677.1215135201957,680.049072265625,2208600,0.0,0.0
2024-01-24 00:00:00-05:00,681.4435166761796,682.4028494004327,675.6279996871856,678.9808349609375,1946500,0.0,0.0
2024-01-25 00:00:00-05:00,678.9709510729493,678.9709510729493,668.5465681078895,672.443359375,2751900,0.0,0.0
2024-01-26 00:00:00-05:00,672.6214517439574,679.7029001175334,672.047795810533,679.3468627929688,1825500,0.0,0.0
2024-01-29 00:00:00-05:00,682.3338318848243,686.5174217962633,678.7337375881258,686.3987426757812,2215400,0.0,0.0
2024-01-30 00:00:00-05:00,685.340486793763,694.9440183579277,683.2239418176632,693.054931640625,1610500,0.0,0.0
2024-01-31 00:00:00-05:00,693.6284060741332,697.7823554014453,685.4391865117952,687.259033203125,1928500,0.0,0.0
2024-02-01 00:00:00-05:00,687.3977945279063,698.5902825496339,684.9215776888288,697.778076171875,2039200,1.02,0.0
2024-02-02 00:00:00-05:00,696.6489264943416,707.484853166573,695.5791839551617,702.73046875,2377400,0.0,0.0
2024-02-05 00:00:00-05:00,703.8795802390737,706.0784319986833,698.9667437647344,704.3945922851562,2276900,0.0,0.0
2024-02-06 00:00:00-05:00,704.4638927729952,705.9397084015909,697.6394848083049,704.028076171875,1920200,0.0,0.0
2024-02-07 00:00:00-05:00,707.3560505573872,716.4387960215896,705.2264801224061,712.9324951171875,2145500,0.0,0.0
2024-02-08 00:00:00-05:00,717.0033616793316,721.2426129045658,713.8040488420227,717.270751953125,1918500,0.0,0.0
2024-02-09 00:00:00-05:00,718.2415035036014,718.6278078059754,713.2692411778346,716.51806640625,1426100,0.0,0.0
2024-02-12 00:00:00-05:00,716.6369006474733,716.9142054655042,708.4950691720123,715.5374145507812,1572600,0.0,0.0
2024-02-13 00:00:00-05:00,714.5272288440427,714.9135331735979,702.2946815897075,707.4551391601562,1951100,0.0,0.0
2024-02-14 00:00:00-05:00,709.188431193294,715.6761065665213,704.3053393336129,715.3096313476562,1472500,0.0,0.0
2024-02-15 00:00:00-05:00,714.626203646457,719.1230517296675,711.4467801899044,717.6174926757812,1264100,0.0,0.0
2024-02-16 00:00:00-05:00,715.1215045672129,722.124253003317,711.6647155520066,717.1024780273438,1764900,0.0,0.0
2024-02-20 00:00:00-05:00,721.1040202290471,727.968085415328,716.8251106737343,718.7862548828125,2407300,0.0,0.0
2024-02-21 00:00:00-05:00,718.786306233152,721.856790866167,713.4178851680532,716.1417236328125,1564200,0.0,0.0
2024-02-22 00:00:00-05:00,718.9447425523747,729.0477189205911,718.9447425523747,727.4134521484375,1801600,0.0,0.0
2024-02-23 00:00:00-05:00,733.079019388541,735.446297135879,730.1075592568399,730.9098510742188,1265800,0.0,0.0
2024-02-26 00:00:00-05:00,734.9411101413762,739.6756654485913,731.9696501273274,738.2592163085938,1707000,0.0,0.0
2024-02-27 00:00:00-05:00,738.9030111391963,739.5369370787455,734.277455597262,737.6253051757812,1471300,0.0,0.0
2024-02-28 00:00:00-05:00,736.1396097681701,744.7271121530799,736.1396097681701,740.8444213867188,1365000,0.0,0.0
2024-02-29 00:00:00-05:00,744.271504858207,745.400674213894,735.9217091681215,736.8131713867188,3361200,0.0,0.0
2024-03-01 00:00:00-05:00,733.3960436647983,744.2319716019109,732.2173619625656,742.3104248046875,1678100,0.0,0.0
2024-03-04 00:00:00-05:00,747.8967919623275,757.4648678770917,746.5001717158933,751.957763671875,2133400,0.0,0.0
2024-03-05 00:00:00-05:00,761.1098531982454,761.9518032545722,749.699486322301,752.720458984375,2353400,0.0,0.0
2024-03-06 00:00:00-05:00,757.5639196616929,767.7856898187583,756.3950920856252,765.8839721679688,2400600,0.0,0.0
2024-03-07 00:00:00-05:00,771.6979997712757,779.5922094030133,769.6180020948177,778.1163940429688,4187900,0.0,0.0
2024-03-08 00:00:00-05:00,748.8574617210402,749.0258275337388,718.2018860900552,718.6575317382812,8590200,0.0,0.0
2024-03-11 00:00:00-04:00,712.9622124772249,713.1504073640152,704.2459418114554,707.2867431640625,3762500,0.0,0.0
2024-03-12 00:00:00-04:00,710.2581883110774,733.0096377844158,710.0897620522883,729.8698120117188,3727400,0.0,0.0
2024-03-13 00:00:00-04:00,728.0077703854467,729.4935005290905,719.667888773057,727.2153930664062,2270300,0.0,0.0
2024-03-14 00:00:00-04:00,731.3061885158118,733.6338084812453,722.0550145391251,724.9868774414062,1826100,0.0,0.0
2024-03-15 00:00:00-04:00,725.5513355356949,725.5513355356949,716.3397608785118,718.7268676757812,3390700,0.0,0.0
2024-03-18 00:00:00-04:00,719.1923773106258,726.3635518863903,719.1131819009239,724.5806274414062,1595200,0.0,0.0
2024-03-19 00:00:00-04:00,724.8283220892972,728.3544527203744,723.0752015418559,725.2047119140625,1322700,0.0,0.0
2024-03-20 00:00:00-04:00,724.045777110596,735.0303012046388,722.1935718194646,733.6732788085938,1398700,0.0,0.0
2024-03-21 00:00:00-04:00,736.426909586414,745.1530955656192,734.049717169225,735.495849609375,2106900,0.0,0.0
2024-03-22 00:00:00-04:00,737.3480233183576,737.7045840292501,727.393643851615,727.8096313476562,1794100,0.0,0.0
2024-03-25 00:00:00-04:00,724.0457622543128,727.1756735595594,719.8262793296032,724.0061645507812,1604700,0.0,0.0
2024-03-26 00:00:00-04:00,724.0457690206119,727.7105818575826,723.2731603857084,724.0259399414062,1353500,0.0,0.0
2024-03-27 00:00:00-04:00,727.0172571381025,728.8892915599797,720.8267150984389,725.1155395507812,1246700,0.0,0.0
2024-03-28 00:00:00-04:00,726.8686430802487,727.9087024823872,721.3912830470035,725.6602783203125,1713300,0.0,0.0
2024-04-01 00:00:00-04:00,724.798540259185,726.2941848138153,713.3485166940109,714.3786010742188,1600700,0.0,0.0
2024-04-02 00:00:00-04:00,713.1503262544965,713.1503262544965,701.660706291086,704.5330810546875,2326700,0.0,0.0
2024-04-03 00:00:00-04:00,703.2257286839892,704.0478495731446,690.6366814042091,698.9765625,3205500,0.0,0.0
2024-04-04 00:00:00-04:00,702.0272630628172,710.3077171930357,697.5205003082027,698.1742553710938,2252400,0.0,0.0
2024-04-05 00:00:00-04:00,699.3232447786887,710.0700623130592,699.3034761527134,706.93017578125,1552900,0.0,0.0
2024-04-08 00:00:00-04:00,706.722169546057,709.3271543833524,704.1072701691162,705.038330078125,1459000,0.0,0.0
2024-04-09 00:00:00-04:00,709.4261652597258,712.209430393707,700.2542489916251,711.7538452148438,1386400,0.0,0.0
2024-04-10 00:00:00-04:00,704.236019069917,717.0925166408281,702.2055334968337,715.7058715820312,1832000,0.0,0.0
2024-04-11 00:00:00-04:00,724.5410450292537,726.8092378836976,717.2609917251189,725.3829345703125,2107800,0.0,0.0
2024-04-12 00:00:00-04:00,721.0742748387281,725.9276835627146,719.6281425788632,724.352783203125,1481800,0.0,0.0
2024-04-15 00:00:00-04:00,728.4336495480553,733.9506678959578,711.1199608303126,711.4468383789062,1808000,0.0,0.0
2024-04-16 00:00:00-04:00,711.4666034410482,715.6266597825899,705.3553172667771,709.1587524414062,1412300,0.0,0.0
2024-04-17 00:00:00-04:00,716.1218679681538,716.914245219402,704.2360278359023,708.3861694335938,1376700,0.0,0.0
2024-04-18 00:00:00-04:00,708.3862852145478,712.1105254040766,702.8197540124921,704.4837646484375,1846400,0.0,0.0
2024-04-19 00:00:00-04:00,706.2467865632782,708.0692483034427,695.3216888443245,702.76025390625,2190400,0.0,0.0
2024-04-22 00:00:00-04:00,708.0593581884807,711.4270373896915,699.4520257354096,708.6536865234375,1437100,0.0,0.0
2024-04-23 00:00:00-04:00,712.1897521319947,717.3798932862423,709.4856820615439,715.8049926757812,1176200,0.0,0.0
2024-04-24 00:00:00-04:00,712.8633122624326,718.5288680237621,709.277754703377,717.0035400390625,1206600,0.0,0.0
2024-04-25 00:00:00-04:00,721.5272878933565,721.5272878933565,708.7493378707873,716.1403198242188,1613600,1.16,0.0
2024-04-26 00:00:00-04:00,709.3346462278661,725.158277369411,709.3346462278661,723.4022827148438,1524400,0.0,0.0
2024-04-29 00:00:00-04:00,723.7496694301802,726.4480887113492,714.5133781755263,720.5750122070312,1526900,0.0,0.0
2024-04-30 00:00:00-04:00,719.7614242482341,719.7614242482341,711.4180270549912,717.172119140625,1734800,0.0,0.0
2024-05-01 00:00:00-04:00,716.5470277486071,724.0768535785481,709.6520847839291,716.4973754882812,1609100,0.0,0.0
2024-05-02 00:00:00-04:00,719.0074647110818,728.5810274407887,714.9201142539158,726.6365356445312,1826900,0.0,0.0
2024-05-03 00:00:00-04:00,728.4620264034503,741.5673193833728,727.5393418908641,738.0057983398438,2323300,0.0,0.0
2024-05-06 00:00:00-04:00,743.6506684046043,750.9424066367271,740.5652643952222,750.456298828125,1773300,0.0,0.0
2024-05-07 00:00:00-04:00,752.6785463753905,766.1211712717212,749.5832724401256,765.1985473632812,1897800,0.0,0.0
2024-05-08 00:00:00-04:00,763.8989562357103,767.262110328652,756.666739864192,757.3611450195312,1511900,0.0,0.0
2024-05-09 00:00:00-04:00,757.7480124852052,773.5319833819129,757.559515529662,772.8672485351562,1716200,0.0,0.0
2024-05-10 00:00:00-04:00,772.8672501069818,781.2106473305998,771.994217948116,780.9526977539062,1652700,0.0,0.0
2024-05-13 00:00:00-04:00,781.7562143416983,783.2244680581318,767.4504894042417,769.008056640625,1596800,0.0,0.0
2024-05-14 00:00:00-04:00,768.7898902561117,774.6233053404264,765.3176222559981,771.7363891601562,1327700,0.0,0.0
2024-05-15 00:00:00-04:00,772.3514431426876,783.4031297196633,772.3514431426876,780.8038940429688,1661700,0.0,0.0
2024-05-16 00:00:00-04:00,785.5360457711379,798.1850204171556,781.5876009051877,786.7860717773438,2000000,0.0,0.0
2024-05-17 00:00:00-04:00,787.3218141278847,791.2801896620447,784.3455846373531,789.50439453125,1309100,0.0,0.0
2024-05-20 00:00:00-04:00,788.9488469589253,796.6175790278788,786.1115226641316,786.7166748046875,1347100,0.0,0.0
2024-05-21 00:00:00-04:00,789.2663465399044,795.089831032403,785.7246259974423,794.5838623046875,1375700,0.0,0.0
2024-05-22 00:00:00-04:00,793.7008831805136,799.9608836463298,791.6869993167006,795.5064697265625,1192800,0.0,0.0
2024-05-23 00:00:00-04:00,797.9270408016695,801.6473273221468,789.1273279293569,790.0301513671875,1519200,0.0,0.0
2024-05-24 00:00:00-04:00,794.2862149628154,810.3975276735886,792.7584389476712,803.3140869140625,1623000,0.0,0.0
2024-05-28 00:00:00-04:00,803.3240523903705,808.830065108446,798.3438087546878,806.7268676757812,1986300,0.0,0.0
2024-05-29 00:00:00-04:00,800.6256158987954,806.9947302294277,799.9013588611124,800.1295776367188,2282800,0.0,0.0
2024-05-30 00:00:00-04:00,803.7804118413873,813.0067114041207,801.8954422252012,808.8796997070312,2277800,0.0,0.0
2024-05-31 00:00:00-04:00,802.6196681103288,805.3081566329842,781.9546979634074,803.4728393554688,4360700,0.0,0.0
2024-06-03 00:00:00-04:00,804.5740299490619,821.3500166805366,800.7346987933051,808.9292602539062,2008700,0.0,0.0
2024-06-04 00:00:00-04:00,808.5225246620745,821.4493111304621,806.5978937393933,820.834228515625,1754500,0.0,0.0
2024-06-05 00:00:00-04:00,824.326177515571,827.7786445736497,815.1693316908012,827.6893310546875,2080000,0.0,0.0
2024-06-06 00:00:00-04:00,828.8004943852113,842.362223110775,827.7092345062449,835.9633178710938,1735000,0.0,0.0
2024-06-07 00:00:00-04:00,839.9712647355204,843.6419596379179,835.6160346741582,838.8800048828125,1593600,0.0,0.0
2024-06-10 00:00:00-04:00,840.4673824208347,842.7491463159555,836.0625602317689,841.6182250976562,1401600,0.0,0.0
2024-06-11 00:00:00-04:00,842.5109917184991,844.1975337878195,833.6021646056223,842.5804443359375,1690500,0.0,0.0
2024-06-12 00:00:00-04:00,845.5567516473865,848.9595669064067,836.9256736568174,841.0924072265625,1838300,0.0,0.0
2024-06-13 00:00:00-04:00,841.0923362627302,841.0923362627302,830.9136221537926,839.2570190429688,1322400,0.0,0.0
2024-06-14 00:00:00-04:00,836.7370784848054,849.3959833116595,835.2390334000623,848.8900146484375,1395500,0.0,0.0
2024-06-17 00:00:00-04:00,847.7193714024089,863.6620467561393,846.6082506548674,861.0330200195312,1904900,0.0,0.0
2024-06-18 00:00:00-04:00,861.1223148035996,867.0351119434315,860.8247039940442,863.8505249023438,1763800,0.0,0.0
2024-06-20 00:00:00-04:00,864.4061588817597,866.9260113526509,853.7413366783923,855.6064453125,1944600,0.0,0.0
2024-06-21 00:00:00-04:00,859.7731573626656,860.1004989971789,840.9336350856818,841.58837890625,3833100,0.0,0.0
2024-06-24 00:00:00-04:00,843.265083760349,843.8900968430246,834.8423633766845,841.4396362304688,1722900,0.0,0.0
2024-06-25 00:00:00-04:00,842.590367668323,848.9098897348596,838.3045901895713,848.7313232421875,1564200,0.0,0.0
2024-06-26 00:00:00-04:00,845.9633707167332,852.927766519797,843.3244740980599,850.05078125,1505300,0.0,0.0
2024-06-27 00:00:00-04:00,850.9139145983409,851.5289971538467,841.9157739214529,843.8800659179688,1254900,0.0,0.0
2024-06-28 00:00:00-04:00,844.5050919537771,850.4476202987793,840.1002700212605,843.2550659179688,2131700,0.0,0.0
2024-07-01 00:00:00-04:00,846.7372751039536,849.2174663022663,833.8402808727276,838.9692993164062,1989000,0.0,0.0
2024-07-02 00:00:00-04:00,838.9891134874964,853.5428576740626,836.3998085530627,852.55078125,1377900,0.0,0.0
2024-07-03 00:00:00-04:00,848.2254275047067,856.6779388605463,848.2254275047067,855.82470703125,814400,0.0,0.0
2024-07-05 00:00:00-04:00,857.709564574752,879.9122391114223,851.9158117924652,878.6522827148438,2620700,0.0,0.0
2024-07-08 00:00:00-04:00,879.7635246887104,880.9143673729629,870.7058611210684,873.8607177734375,1611300,0.0,0.0
2024-07-09 00:00:00-04:00,876.8467686204755,889.5651963021415,875.9737364779415,879.822998046875,1356800,0.0,0.0
2024-07-10 00:00:00-04:00,880.3687046289541,883.2159593214228,873.7217800116183,877.3031616210938,1755800,0.0,0.0
2024-07-11 00:00:00-04:00,883.7020183943299,883.7020183943299,839.8125664260615,839.8820190429688,6021100,0.0,0.0
2024-07-12 00:00:00-04:00,843.1558570434236,843.2649709190551,831.7370475724967,836.2212524414062,3288400,0.0,0.0
2024-07-15 00:00:00-04:00,840.1499486133902,851.1025126871298,837.9772985054188,842.005126953125,2064000,0.0,0.0
2024-07-16 00:00:00-04:00,841.0823711942239,844.4951164784788,834.6735963164618,844.0288696289062,1687600,0.0,0.0
2024-07-17 00:00:00-04:00,841.2908580428488,843.2154890020836,835.9733421838563,839.5745849609375,1783100,0.0,0.0
2024-07-18 00:00:00-04:00,842.699463578488,848.5229473018256,818.5721578522272,832.7191772460938,2338500,0.0,0.0
2024-07-19 00:00:00-04:00,829.8819156348435,842.1538969911951,828.9394308575622,831.4890747070312,1984400,0.0,0.0
2024-07-22 00:00:00-04:00,839.0486326329869,842.858232730362,831.9552620058375,840.7053833007812,1920200,0.0,0.0
2024-07-23 00:00:00-04:00,842.173810418856,847.8087979760959,838.8801089953158,845.3583374023438,1744100,0.0,0.0
2024-07-24 00:00:00-04:00,837.9077821039505,839.2967134153262,822.9274512742471,824.2369995117188,2511300,0.0,0.0
2024-07-25 00:00:00-04:00,829.1675653668202,830.0207971443313,807.8280515070065,809.4848022460938,2183700,0.0,0.0
2024-07-26 00:00:00-04:00,812.6738480024497,816.92600922281,803.7423932869559,812.2764282226562,1441500,1.16,0.0
2024-07-29 00:00:00-04:00,817.204300856862,818.376610588055,808.7894782211036,810.2498779296875,1320400,0.0,0.0
2024-07-30 00:00:00-04:00,812.6739369652275,816.6478926472091,798.0498091616562,804.755859375,2017200,0.0,0.0
2024-07-31 00:00:00-04:00,815.0780978013836,820.1051489103885,805.9877112905909,816.6478271484375,2135000,0.0,0.0
2024-08-01 00:00:00-04:00,813.2203318955713,818.8037346963868,804.4080901501891,811.5711669921875,1861400,0.0,0.0
2024-08-02 00:00:00-04:00,810.8855758893809,824.8837992140428,799.7684337205546,816.727294921875,2598500,0.0,0.0
2024-08-05 00:00:00-04:00,792.8041733147815,805.5407087891757,787.8367286198267,796.6092529296875,2820900,0.0,0.0
2024-08-06 00:00:00-04:00,799.8181721759212,827.6656951757611,799.8181721759212,811.5612182617188,2476300,0.0,0.0
2024-08-07 00:00:00-04:00,818.7440651331104,828.4008080922778,803.9907802628012,805.0239868164062,1702000,0.0,0.0
2024-08-08 00:00:00-04:00,816.1511072933388,837.2726903868044,815.1079561066365,833.96435546875,2345000,0.0,0.0
2024-08-09 00:00:00-04:00,833.0404488828688,852.1849995331897,832.1761183844218,849.3634643554688,1710600,0.0,0.0
2024-08-12 00:00:00-04:00,851.6683475535722,864.5837030720281,846.8499507114018,857.9472045898438,1748200,0.0,0.0
2024-08-13 00:00:00-04:00,859.2883505078069,862.3979754280034,850.5853785674325,859.1890258789062,1484100,0.0,0.0
2024-08-14 00:00:00-04:00,859.2387438253702,861.0866186343391,852.9102243558928,857.0928344726562,1341500,0.0,0.0
2024-08-15 00:00:00-04:00,867.1865796365681,874.5980280477521,863.3417827622828,871.6373901367188,1923800,0.0,0.0
2024-08-16 00:00:00-04:00,871.63738115808,871.63738115808,862.9642432711604,864.9214477539062,1516300,0.0,0.0
2024-08-19 00:00:00-04:00,864.9214325399544,867.9416166325716,863.0437241734197,866.669921875,1318400,0.0,0.0
2024-08-20 00:00:00-04:00,866.3222080822333,871.0512243329778,865.4975954239541,870.494873046875,1104600,0.0,0.0
2024-08-21 00:00:00-04:00,875.0054040628276,885.3178236955986,871.5083037308319,875.6809692382812,1465500,0.0,0.0
2024-08-22 00:00:00-04:00,876.55525812912,878.2442014132342,867.4946440696325,871.8461303710938,1440900,0.0,0.0
2024-08-23 00:00:00-04:00,876.7439634511284,878.8004926422713,865.994406843142,873.4853515625,1305800,0.0,0.0
2024-08-26 00:00:00-04:00,877.4195784589646,887.4339635909031,875.7008620589448,886.6987915039062,1737000,0.0,0.0
2024-08-27 00:00:00-04:00,886.8775193503587,912.9466557618731,881.2941171450456,902.9819946289062,2098900,0.0,0.0
2024-08-28 00:00:00-04:00,905.0286873538369,906.2804324558887,875.9194135210525,882.267822265625,1668400,0.0,0.0
2024-08-29 00:00:00-04:00,885.1985359079854,894.5969619459794,879.406479126562,880.8569946289062,1709900,0.0,0.0
2024-08-30 00:00:00-04:00,884.7018161990825,890.4938731422116,877.3499744932559,886.569580078125,1933500,0.0,0.0
2024-09-03 00:00:00-04:00,890.8416177284805,891.0502722266381,868.7464343403308,872.8495483398438,1784200,0.0,0.0
2024-09-04 00:00:00-04:00,871.7367531518794,885.9535753477819,870.8823673433435,884.2249145507812,1425200,0.0,0.0
2024-09-05 00:00:00-04:00,882.8440124155546,882.8440124155546,863.0437866696102,880.2112426757812,1998800,0.0,0.0
2024-09-06 00:00:00-04:00,885.4568862361772,887.3842570395749,865.3287923403203,870.9718017578125,2074600,0.0,0.0
2024-09-09 00:00:00-04:00,878.9792775123927,892.9775614853703,875.9590933683254,890.6527709960938,1954000,0.0,0.0
2024-09-10 00:00:00-04:00,886.7881644259764,894.8255162762367,881.7412844928419,888.4671630859375,1360800,0.0,0.0
2024-09-11 00:00:00-04:00,889.1725503272268,896.1269725085571,872.1540809096086,894.5374145507812,1796100,0.0,0.0
2024-09-12 00:00:00-04:00,894.5572251793708,909.737764114429,890.6727104050616,909.0721435546875,1867300,0.0,0.0
2024-09-13 00:00:00-04:00,907.6812029298248,917.814801104684,903.4389862294703,910.0357666015625,1327500,0.0,0.0
2024-09-16 00:00:00-04:00,915.9967428913105,916.622645733677,899.4551288649092,901.958740234375,1661000,0.0,0.0
2024-09-17 00:00:00-04:00,902.5151047379138,902.6839808705824,889.619638354484,891.4277954101562,1387000,0.0,0.0
2024-09-18 00:00:00-04:00,894.0803494160962,899.087511341905,885.1488944433291,886.7086791992188,1338200,0.0,0.0
2024-09-19 00:00:00-04:00,898.3722834415407,899.2366139345074,889.6693109655662,894.8751831054688,1747500,0.0,0.0
2024-09-20 00:00:00-04:00,895.699775771869,901.8991366737877,889.868000904101,901.0745239257812,4658200,0.0,0.0
2024-09-23 00:00:00-04:00,901.0744305936895,913.5129294724767,894.914848693085,911.1087036132812,1697600,0.0,0.0
2024-09-24 00:00:00-04:00,906.0717199903768,906.8267811719161,891.6860217323949,895.6698608398438,2432600,0.0,0.0
2024-09-25 00:00:00-04:00,897.1204343479006,904.4324977536459,895.2626150436264,902.505126953125,1728100,0.0,0.0
2024-09-26 00:00:00-04:00,899.4054701963659,903.3198188058549,892.2821719111971,895.5706176757812,2738600,0.0,0.0
2024-09-27 00:00:00-04:00,887.4439690313253,887.6724520908555,868.3093617242401,879.8536987304688,3459100,0.0,0.0
2024-09-30 00:00:00-04:00,885.5661382954619,904.0748401486456,875.6709676660046,880.7477416992188,2142900,0.0,0.0
2024-10-01 00:00:00-04:00,879.4859885854561,881.2146494512097,867.0673781846448,871.667236328125,1836700,0.0,0.0
2024-10-02 00:00:00-04:00,868.9551335150651,875.4922471404315,861.5138503511957,872.8098754882812,1317100,0.0,0.0
2024-10-03 00:00:00-04:00,868.7464118802683,875.442517177228,866.9879171722972,869.9683837890625,1451900,0.0,0.0
2024-10-04 00:00:00-04:00,872.2732662522607,878.5322338836061,869.9683648422968,877.3599243164062,1516400,0.0,0.0
2024-10-07 00:00:00-04:00,875.8597725337969,881.9300356765399,866.6501718479641,867.9019775390625,1963200,0.0,0.0
2024-10-08 00:00:00-04:00,870.9916766972649,885.5065340723038,870.9916766972649,884.622314453125,1697900,0.0,0.0
2024-10-09 00:00:00-04:00,886.4305768786572,904.0749504487974,882.0890349896101,903.1807861328125,1956500,0.0,0.0
2024-10-10 00:00:00-04:00,904.074870328553,904.074870328553,886.0331391573309,887.8114624023438,1765800,0.0,0.0
2024-10-11 00:00:00-04:00,888.6757487778964,888.6757487778964,879.7343494050612,883.2413940429688,1527300,0.0,0.0
2024-10-14 00:00:00-04:00,886.6391623150812,889.3414229602196,880.4894637277013,883.9666748046875,1431500,0.0,0.0
2024-10-15 00:00:00-04:00,886.2814835433709,894.7857455651089,883.7579830884831,888.7850341796875,1613900,0.0,0.0
2024-10-16 00:00:00-04:00,884.125551583532,885.5264047734909,873.7734150826676,881.6021118164062,1475500,0.0,0.0
2024-10-17 00:00:00-04:00,885.7549515749165,889.5004240910489,877.0519792040222,879.5257568359375,1321500,0.0,0.0
2024-10-18 00:00:00-04:00,879.9926988106098,884.8110955072093,877.9957765079693,883.7679443359375,1654000,0.0,0.0
2024-10-21 00:00:00-04:00,883.2116155866539,885.596013157173,877.9461366426523,880.9961547851562,1184900,0.0,0.0
2024-10-22 00:00:00-04:00,885.1786356447163,889.0632108275157,878.5520822971546,887.6723022460938,1189700,0.0,0.0
2024-10-23 00:00:00-04:00,890.1859151001224,899.7829908864488,889.162592459744,893.3153686523438,2193500,0.0,0.0
2024-10-24 00:00:00-04:00,895.6302516028202,897.6172294211292,882.4764681476541,887.6028442382812,1649600,0.0,0.0
2024-10-25 00:00:00-04:00,889.8183232765588,895.7494226750545,884.2050869526032,885.4171142578125,1425800,0.0,0.0
2024-10-28 00:00:00-04:00,890.1560306676436,890.1560306676436,884.2050423877695,885.1588134765625,912500,0.0,0.0
2024-10-29 00:00:00-04:00,884.2051330113504,885.3674980615702,868.398751078241,881.2147216796875,1361700,0.0,0.0
2024-10-30 00:00:00-04:00,880.6087234141039,880.7974887364833,871.6573784447365,873.3662109375,1412200,0.0,0.0
2024-10-31 00:00:00-04:00,871.488392707424,871.9354747976507,862.9940755440953,868.488037109375,1771900,0.0,0.0
2024-11-01 00:00:00-04:00,869.731661949781,874.8449339350434,862.8376430396523,872.755859375,1625200,1.16,0.0
2024-11-04 00:00:00-05:00,876.7649102063278,882.3955019128463,872.1787949918406,881.4703369140625,1576700,0.0,0.0
2024-11-05 00:00:00-05:00,883.3902929436606,890.9309613192405,882.1965101338573,885.5490112304688,1622300,0.0,0.0
2024-11-06 00:00:00-05:00,893.6169736851645,895.2285592562463,881.6792668070368,894.5819091796875,2437400,0.0,0.0
2024-11-07 00:00:00-05:00,893.9552074920276,914.7069074703983,889.727269484321,909.1857299804688,2145500,0.0,0.0
2024-11-08 00:00:00-05:00,909.2553414654477,957.0061690259964,909.0066392385698,938.900634765625,3277100,0.0,0.0
2024-11-11 00:00:00-05:00,938.9007117099407,946.3419242364004,926.6048871778344,928.0374145507812,2181800,0.0,0.0
2024-11-12 00:00:00-05:00,931.0914532817702,934.6826990357889,922.187900993669,927.5399780273438,1691400,0.0,0.0
2024-11-13 00:00:00-05:00,925.1722558528332,932.7228819473038,918.4075676311207,928.8828735351562,1757600,0.0,0.0
2024-11-14 00:00:00-05:00,922.1878964371705,926.3163778660456,917.38295220865,919.0940551757812,1859900,0.0,0.0
2024-11-15 00:00:00-05:00,912.9759222270385,915.7713328442196,900.859156951233,902.361328125,2269900,0.0,0.0
2024-11-18 00:00:00-05:00,905.9128051503434,921.1333694099156,902.401100534739,914.7367553710938,1797300,0.0,0.0
2024-11-19 00:00:00-05:00,923.182669756341,929.1515232245932,911.6030794555356,925.321533203125,1690500,0.0,0.0
2024-11-20 00:00:00-05:00,920.2779021811448,923.9785624176686,911.7424241876201,923.2623291015625,1452100,0.0,0.0
2024-11-21 00:00:00-05:00,930.1463796282517,953.5144324346762,925.1723348174055,950.689208984375,2320500,0.0,0.0
2024-11-22 00:00:00-05:00,957.7423715267034,971.23197863911,953.5443068467473,959.0057983398438,2078700,0.0,0.0
2024-11-25 00:00:00-05:00,969.9386551876103,969.9386551876103,944.7600449365497,955.9019165039062,3240900,0.0,0.0
2024-11-26 00:00:00-05:00,958.9957813806774,969.3119448353673,955.9019402683288,966.4568481445312,1438000,0.0,0.0
2024-11-27 00:00:00-05:00,966.4170617369487,967.2427093947011,953.6138762384194,956.5584716796875,1499500,0.0,0.0
2024-11-29 00:00:00-05:00,963.0645959468252,968.2176988762221,957.4737139447287,966.8348999023438,1095900,0.0,0.0
2024-12-02 00:00:00-05:00,966.3176015734366,971.4309341195913,959.7518868283124,969.938720703125,1955800,0.0,0.0
2024-12-03 00:00:00-05:00,969.6303996789412,977.8972601513863,965.7208075425613,977.0516967773438,1653900,0.0,0.0
2024-12-04 00:00:00-05:00,976.9023832303484,986.004909357348,972.475471284877,985.7760620117188,1784700,0.0,0.0
2024-12-05 00:00:00-05:00,981.5381335200826,984.9901520151606,973.1220889918121,977.1610107421875,2089400,0.0,0.0
2024-12-06 00:00:00-05:00,977.161087672509,992.530898702868,977.161087672509,987.4573364257812,1737300,0.0,0.0
2024-12-09 00:00:00-05:00,991.8345211778834,991.8345211778834,975.4102150323711,982.7319946289062,1855500,0.0,0.0
2024-12-10 00:00:00-05:00,984.5922325713525,989.8249373097004,980.7622424403996,988.2432250976562,1556800,0.0,0.0
2024-12-11 00:00:00-05:00,989.8348775949636,1002.5684196555368,988.4322237307131,989.5264892578125,1903600,0.0,0.0
2024-12-12 00:00:00-05:00,996.4802051755972,997.2660823744309,982.0853490533167,983.2592163085938,2344300,0.0,0.0
2024-12-13 00:00:00-05:00,975.907602759121,1001.4542899060053,960.7168503077172,984.2142333984375,2951900,0.0,0.0
2024-12-16 00:00:00-05:00,983.9157649651188,1003.0161086597543,981.2496843056606,987.7159423828125,2581300,0.0,0.0
2024-12-17 00:00:00-05:00,988.8400385845,991.7448635478249,975.6687785701963,976.98193359375,2050200,0.0,0.0
2024-12-18 00:00:00-05:00,976.9023450143297,980.4836327861186,958.9957847187513,959.73193359375,2725300,0.0,0.0
2024-12-19 00:00:00-05:00,969.4512730250605,969.5806030451516,948.5602852163025,949.8435668945312,2610800,0.0,0.0
2024-12-20 00:00:00-05:00,944.461672062604,956.9465120887567,938.1545566806761,949.1173706054688,5373800,0.0,0.0
2024-12-23 00:00:00-05:00,948.9283659756713,949.306398234094,932.1359860441133,944.9789428710938,1856800,0.0,0.0
2024-12-24 00:00:00-05:00,945.8046391890595,954.3998029784138,940.5421217701419,953.8427124023438,939000,0.0,0.0
2024-12-26 00:00:00-05:00,951.8530985360982,954.4296196919018,949.04773003533,951.1766357421875,969000,0.0,0.0
2024-12-27 00:00:00-05:00,943.7950340574796,945.5160946765471,927.1618590358759,934.8218994140625,1943400,0.0,0.0
2024-12-30 00:00:00-05:00,926.1672010218214,929.3207286256736,910.7476611551853,917.4228515625,1881200,0.0,0.0
2024-12-31 00:00:00-05:00,918.855305706374,919.9396134534214,907.8029321890816,911.5136108398438,1742900,0.0,0.0
