Date,Open,High,Low,Close,Volume,Dividends,Stock Splits
2000-01-03 00:00:00-05:00,14.105789962734722,14.105789962734722,13.43698095588092,13.71058464050293,10997000,0.0,0.0
2000-01-04 00:00:00-05:00,13.710578381949222,13.816979766288073,13.528176008796903,13.725778579711914,7308000,0.0,0.0
2000-01-05 00:00:00-05:00,13.725779997137845,13.968983186455903,13.634578801143574,13.847381591796875,9457400,0.0,0.0
2000-01-06 00:00:00-05:00,13.847379149052134,14.029781508864017,13.756177969146192,13.862579345703125,7129200,0.0,0.0
2000-01-07 00:00:00-05:00,14.075376934475369,14.774585723876953,14.075376934475369,14.774585723876953,11474000,0.0,0.0
2000-01-10 00:00:00-05:00,14.77459086824553,14.820191457345054,14.288184584517282,14.303384780883789,8723800,0.0,0.0
2000-01-11 00:00:00-05:00,14.622594604021721,14.896198245261214,14.622594604021721,14.789796829223633,9398000,0.0,0.0
2000-01-12 00:00:00-05:00,14.78979094435529,15.032994084241913,14.698589766897806,14.956993103027344,8389800,0.0,0.0
2000-01-13 00:00:00-05:00,14.94179234047054,14.94179234047054,14.698589209801641,14.728989601135254,6106000,0.0,0.0
2000-01-14 00:00:00-05:00,14.759396169422349,15.063400209987176,14.759396169422349,14.850597381591797,7513200,0.0,0.0
2000-01-18 00:00:00-05:00,14.850592253758355,15.808204650878906,14.850592253758355,15.808204650878906,18350800,0.0,0.0
2000-01-19 00:00:00-05:00,15.808203467007342,15.869004249572754,15.580200532387044,15.869004249572754,12813400,0.0,0.0
2000-01-20 00:00:00-05:00,15.869007458044411,16.036209643905032,15.838607060615207,16.02100944519043,11539800,0.0,0.0
2000-01-21 00:00:00-05:00,16.02100285325095,16.264205932617188,15.990602468330168,16.264205932617188,11385800,0.0,0.0
2000-01-24 00:00:00-05:00,16.233819112612334,16.233819112612334,15.458608649369609,15.777812957763672,11306000,0.0,0.0
2000-01-25 00:00:00-05:00,15.7778062657568,16.066610041334236,15.291399906889538,16.02100944519043,9718600,0.0,0.0
2000-01-26 00:00:00-05:00,15.929817524844756,15.929817524844756,15.261008392122267,15.33700942993164,23723800,0.0,0.0
2000-01-27 00:00:00-05:00,15.245804820741926,15.245804820741926,14.212190934589932,14.47059440612793,17550800,0.0,0.0
2000-01-28 00:00:00-05:00,14.470589764424396,14.485789963756774,13.847381591796875,13.847381591796875,10875200,0.0,0.0
2000-01-31 00:00:00-05:00,13.84738583300137,14.288191748651249,13.75618460907381,13.968987464904785,10734600,0.0,0.0
2000-02-01 00:00:00-05:00,13.96899098939793,14.196994106743926,13.695387248582737,14.13619327545166,8114600,0.0,0.0
2000-02-02 00:00:00-05:00,14.075389553332275,14.075389553332275,13.634583616996816,13.71058464050293,7164000,0.0,0.0
2000-02-03 00:00:00-05:00,13.710575159858255,13.801776325001438,13.391371081857121,13.436971664428711,9464400,0.0,0.0
2000-02-04 00:00:00-05:00,13.436976403130425,14.044984385172526,13.391375804477267,13.680179595947266,11501800,0.0,0.0
2000-02-07 00:00:00-05:00,13.680181817694026,14.014586262126546,13.512979595477765,13.832183837890625,7742800,0.0,0.0
2000-02-08 00:00:00-05:00,13.832182097304713,14.075385299015565,13.801781697090856,13.908183097839355,8261200,0.0,0.0
2000-02-09 00:00:00-05:00,13.908179935656095,14.044981705515008,13.801778559099164,13.862579345703125,7948600,0.0,0.0
2000-02-10 00:00:00-05:00,13.862574365988062,13.953775513132719,13.680172071698744,13.78657341003418,8031000,0.0,0.0
2000-02-11 00:00:00-05:00,13.604175918416043,13.604175918416043,13.345772576948924,13.512974739074707,7688600,0.0,0.0
2000-02-14 00:00:00-05:00,13.436980483163035,13.436980483163035,13.087375787334134,13.163376808166504,7134000,0.0,0.0
2000-02-15 00:00:00-05:00,13.163377519943632,13.558582849641708,12.950574650106205,13.54338264465332,7850800,0.0,0.0
2000-02-16 00:00:00-05:00,13.482587139970919,13.482587139970919,12.950579755642867,13.026580810546875,6869200,0.0,0.0
2000-02-17 00:00:00-05:00,13.026566679759691,13.026566679759691,12.448959289058562,12.722562789916992,11661000,0.0,0.0
2000-02-18 00:00:00-05:00,12.722565107972082,12.722565107972082,12.342560176431698,12.494562149047852,11443400,0.0,0.0
2000-02-22 00:00:00-05:00,12.494567477184793,12.798571552055469,12.28176462477532,12.585768699645996,10543000,0.0,0.0
2000-02-23 00:00:00-05:00,12.50975672210135,12.50975672210135,12.160152342261338,12.464156150817871,11021600,0.0,0.0
2000-02-24 00:00:00-05:00,12.281758469948954,12.281758469948954,11.749751605532849,12.114556312561035,15451600,0.0,0.0
2000-02-25 00:00:00-05:00,12.114563235575488,12.327366102950718,11.688957500825033,11.840959548950195,10905200,0.0,0.0
2000-02-28 00:00:00-05:00,11.840957007027399,12.084160231818718,11.567353379137163,11.992959022521973,10790800,0.0,0.0
2000-02-29 00:00:00-05:00,11.871356674821946,11.871356674821946,11.58255286327058,11.825756072998047,10346200,0.0,0.0
2000-03-01 00:00:00-05:00,11.962554667510238,12.494561545989093,11.962554667510238,12.403360366821289,15612200,0.0,0.0
2000-03-02 00:00:00-05:00,12.4033626681311,12.600965259657698,12.008157485077904,12.068958282470703,11358600,0.0,0.0
2000-03-03 00:00:00-05:00,12.068959685632416,12.251362099017289,11.932157875593761,12.190561294555664,9010600,0.0,0.0
2000-03-06 00:00:00-05:00,12.038560429397894,12.038560429397894,11.749756580712843,11.916958808898926,7866000,0.0,0.0
2000-03-07 00:00:00-05:00,11.916958836724968,11.916958836724968,10.898545262668113,11.460952758789062,23440200,0.0,0.0
2000-03-08 00:00:00-05:00,11.460949536373741,11.688952511235287,11.156945569891679,11.55215072631836,14441600,0.0,0.0
2000-03-09 00:00:00-05:00,11.552156305568102,11.567356511233324,11.156950958272352,11.36975383758545,12389400,0.0,0.0
2000-03-10 00:00:00-05:00,11.339350902117216,11.339350902117216,10.71614260856922,11.065747261047363,14059200,0.0,0.0
2000-03-13 00:00:00-05:00,10.817351300375803,10.817351300375803,10.527464594159808,10.680036544799805,15646400,0.085,0.0
2000-03-14 00:00:00-05:00,10.680044540251144,10.8173593986258,10.466443649446122,10.573244094848633,11162000,0.0,0.0
2000-03-15 00:00:00-05:00,10.619008599380313,11.671755141560258,10.619008599380313,11.610726356506348,22138200,0.0,0.0
2000-03-16 00:00:00-05:00,11.854849368483578,12.175250702766917,11.854849368483578,12.144736289978027,17610200,0.0,0.0
2000-03-17 00:00:00-05:00,12.144738612284186,12.19051024021993,11.90062326329355,11.992166519165039,14530800,0.0,0.0
2000-03-20 00:00:00-05:00,11.961650264155757,11.961650264155757,11.73279215961196,11.854849815368652,6755200,0.0,0.0
2000-03-21 00:00:00-05:00,11.854845342382921,12.129474964214186,11.56495851933881,12.068446159362793,8575800,0.0,0.0
2000-03-22 00:00:00-05:00,11.961646476431513,11.961646476431513,11.275072380207765,11.488673210144043,11884200,0.0,0.0
2000-03-23 00:00:00-05:00,11.488671621109576,11.80907282169829,11.336099620829236,11.473414421081543,10333800,0.0,0.0
2000-03-24 00:00:00-05:00,11.473414421081543,11.519186021165645,11.320842420801203,11.473414421081543,8769200,0.0,0.0
2000-03-27 00:00:00-05:00,11.473416744674767,11.503931150910605,11.046215057373047,11.046215057373047,10535400,0.0,0.0
2000-03-28 00:00:00-05:00,11.046217001912321,11.351361117987247,10.954673767089844,10.954673767089844,13673000,0.0,0.0
2000-03-29 00:00:00-05:00,11.061466948191324,11.488668430328369,11.061466948191324,11.442896842956543,16292600,0.0,0.0
2000-03-30 00:00:00-05:00,11.503934055068164,12.190508368699554,11.503934055068164,11.854849815368652,18795200,0.0,0.0
2000-03-31 00:00:00-05:00,11.854854618026794,11.885369044328021,11.45816707611084,11.45816707611084,8857000,0.0,0.0
2000-04-03 00:00:00-04:00,11.534452039479303,12.190512142253919,11.534452039479303,12.03794002532959,14186800,0.0,0.0
2000-04-04 00:00:00-04:00,12.03793467883563,12.785537719726562,11.763304990345082,12.785537719726562,27390200,0.0,0.0
2000-04-05 00:00:00-04:00,12.434618698330375,12.434618698330375,11.564958249490092,11.62598705291748,20256600,0.0,0.0
2000-04-06 00:00:00-04:00,11.6259940413178,11.70228009145768,10.924162380030898,11.168277740478516,20675000,0.0,0.0
2000-04-07 00:00:00-04:00,11.168272630126292,11.336101863639119,10.924157381380363,11.275073051452637,12374000,0.0,0.0
2000-04-10 00:00:00-04:00,11.275071487161847,11.519186702039507,10.95467026763492,10.985184669494629,12903000,0.0,0.0
2000-04-11 00:00:00-04:00,11.1530141426238,11.656501785177268,11.1530141426238,11.519186973571777,12096400,0.0,0.0
2000-04-12 00:00:00-04:00,11.641243611414408,12.190502811952964,11.641243611414408,11.839587211608887,15586400,0.0,0.0
2000-04-13 00:00:00-04:00,11.839585914813652,11.870100311501316,11.503927551249348,11.534441947937012,8892800,0.0,0.0
2000-04-14 00:00:00-04:00,11.534443221193678,11.610729221333848,11.244556420661032,11.473414421081543,9488200,0.0,0.0
2000-04-17 00:00:00-04:00,11.473414411249848,11.870101611638805,11.29032801107033,11.839587211608887,10710200,0.0,0.0
2000-04-18 00:00:00-04:00,11.839597040093036,11.992169166898359,11.32085180895494,11.870111465454102,13001000,0.0,0.0
2000-04-19 00:00:00-04:00,11.870103806976745,12.129476255201173,11.702274575772703,12.007418632507324,10073200,0.0,0.0
2000-04-20 00:00:00-04:00,12.007417354511402,12.068446159362793,11.71753053146729,12.068446159362793,8278600,0.0,0.0
2000-04-24 00:00:00-04:00,12.06844995484244,12.3125652510213,11.961649512764188,12.114221572875977,9377600,0.0,0.0
2000-04-25 00:00:00-04:00,12.114221797131075,12.3278226852417,11.763306052377908,12.3278226852417,8711600,0.0,0.0
2000-04-26 00:00:00-04:00,12.236275372704123,12.236275372704123,11.931131348447161,12.068446159362793,9536200,0.0,0.0
2000-04-27 00:00:00-04:00,11.992160508052056,11.992160508052056,11.58021606311897,11.778559684753418,9023200,0.0,0.0
2000-04-28 00:00:00-04:00,11.778557121438325,11.809071518125988,11.412384361186357,11.534441947937012,7568800,0.0,0.0
2000-05-01 00:00:00-04:00,11.47341830279376,11.47341830279376,11.290331840515137,11.290331840515137,7754000,0.0,0.0
2000-05-02 00:00:00-04:00,11.290331840515137,11.610733149502728,11.214045814565711,11.290331840515137,9209400,0.0,0.0
2000-05-03 00:00:00-04:00,11.29032801107033,11.915873211683685,11.25981361104041,11.839587211608887,14397400,0.0,0.0
2000-05-04 00:00:00-04:00,11.839587211608887,12.007416411773445,11.549700411324649,11.839587211608887,6842400,0.0,0.0
2000-05-05 00:00:00-04:00,11.717531242218625,11.717531242218625,11.412387199452516,11.488673210144043,5999200,0.0,0.0
2000-05-08 00:00:00-04:00,11.625986411399447,11.839587211608887,11.625986411399447,11.839587211608887,6013000,0.0,0.0
2000-05-09 00:00:00-04:00,12.190507828599156,12.51090916076509,12.190507828599156,12.3278226852417,22386000,0.0,0.0
2000-05-10 00:00:00-04:00,12.327823056553948,12.93811132668038,12.327823056553948,12.892339706420898,21062000,0.0,0.0
2000-05-11 00:00:00-04:00,12.938114072784103,13.136457802673482,12.938114072784103,13.07542896270752,15919400,0.0,0.0
2000-05-12 00:00:00-04:00,12.938104620390531,12.938104620390531,12.571931848115328,12.75501823425293,7498200,0.0,0.0
2000-05-15 00:00:00-04:00,12.755019832924368,12.877077438981061,12.449875817782637,12.632962226867676,8056600,0.0,0.0
2000-05-16 00:00:00-04:00,12.388851024486401,12.388851024486401,11.87010603085027,11.946392059326172,16476600,0.0,0.0
2000-05-17 00:00:00-04:00,11.946388903059491,12.007417709716243,11.717530878096664,11.778559684753418,8448600,0.0,0.0
2000-05-18 00:00:00-04:00,11.778559336318681,12.17524656785273,11.763302135105834,12.068446159362793,8098600,0.0,0.0
2000-05-19 00:00:00-04:00,12.068446771333578,12.282047599144791,11.976903559414486,12.22101879119873,10053600,0.0,0.0
2000-05-22 00:00:00-04:00,12.221025047114098,12.373597145080566,12.068452949147629,12.373597145080566,9716400,0.0,0.0
2000-05-23 00:00:00-04:00,12.251530644893647,12.251530644893647,12.129473054409027,12.205759048461914,7210000,0.0,0.0
2000-05-24 00:00:00-04:00,12.251534916752174,12.95336630675292,12.251534916752174,12.861823081970215,10788000,0.0,0.0
2000-05-25 00:00:00-04:00,12.861823081970215,12.92285189849202,12.693993836535254,12.861823081970215,7731800,0.0,0.0
2000-05-26 00:00:00-04:00,12.99914150959028,13.426343343238786,12.99914150959028,13.31954288482666,12380200,0.0,0.0
2000-05-30 00:00:00-04:00,13.319533967639897,13.426334354551098,12.953361212515775,13.151704788208008,7451200,0.0,0.0
2000-05-31 00:00:00-04:00,13.151715044115411,13.151715044115411,12.877085263611841,13.029657363891602,5541000,0.0,0.0
2000-06-01 00:00:00-04:00,13.029654198409247,13.334798324835692,12.953368166802635,12.999139785766602,5993800,0.0,0.0
2000-06-02 00:00:00-04:00,12.999143403151939,12.999143403151939,12.724513612944504,12.831314086914062,6324800,0.0,0.0
2000-06-05 00:00:00-04:00,12.8313103306752,12.90759636117862,12.632966651366308,12.693995475769043,4837400,0.0,0.0
2000-06-06 00:00:00-04:00,12.678736377251306,12.678736377251306,12.465135523723607,12.648221969604492,6609200,0.0,0.0
2000-06-07 00:00:00-04:00,12.663479717272631,12.99913821580275,12.663479717272631,12.938109397888184,6865200,0.0,0.0
2000-06-08 00:00:00-04:00,12.93811132668038,12.93811132668038,12.663481605123486,12.892339706420898,7779000,0.0,0.0
2000-06-09 00:00:00-04:00,12.892341368799427,13.02965624728368,12.724512072874226,12.770283699035645,4966000,0.0,0.0
2000-06-12 00:00:00-04:00,12.770280177689505,13.044909858930138,12.755022973176136,12.846566200256348,4122600,0.0,0.0
2000-06-13 00:00:00-04:00,12.934126139245492,13.224952644151603,12.934126139245492,13.07188606262207,5626200,0.085,0.0
2000-06-14 00:00:00-04:00,13.071878538941437,13.25555833105771,12.826972149453074,12.9800386428833,10165800,0.0,0.0
2000-06-15 00:00:00-04:00,13.179017262170778,13.745362951718187,13.179017262170778,13.684136390686035,20672400,0.0,0.0
2000-06-16 00:00:00-04:00,13.684150844006925,13.760684126132244,13.500470966906162,13.592310905456543,14330400,0.0,0.0
2000-06-19 00:00:00-04:00,13.439244604274956,13.439244604274956,13.224951410129341,13.332098007202148,6989800,0.0,0.0
2000-06-20 00:00:00-04:00,13.133109179410068,13.133109179410068,12.90350936858122,12.964735984802246,6947800,0.0,0.0
2000-06-21 00:00:00-04:00,12.980034409282364,13.301473940644309,12.980034409282364,13.102487564086914,8780600,0.0,0.0
2000-06-22 00:00:00-04:00,13.102491603927781,13.837210759288219,12.980038411367708,13.745370864868164,11664600,0.0,0.0
2000-06-23 00:00:00-04:00,13.745375326333757,14.281108217671932,13.622922094027889,14.173961639404297,15346000,0.0,0.0
2000-06-26 00:00:00-04:00,14.17396311638719,14.510709540318635,14.082123182587704,14.449482917785645,9900400,0.0,0.0
2000-06-27 00:00:00-04:00,14.418868104016035,14.418868104016035,14.082121715174896,14.173961639404297,10429600,0.0,0.0
2000-06-28 00:00:00-04:00,14.296411993228734,14.908678031482642,14.296411993228734,14.705864906311035,18989000,0.0,0.0
2000-06-29 00:00:00-04:00,14.705859518051147,14.740299470084054,14.388246627081008,14.4647798538208,12743200,0.0,0.0
2000-06-30 00:00:00-04:00,14.403557866649606,14.403557866649606,13.775985207210038,14.066811561584473,19122800,0.0,0.0
2000-07-03 00:00:00-04:00,14.158652189850935,14.32702535102754,14.158652189850935,14.250492095947266,7707200,0.0,0.0
2000-07-05 00:00:00-04:00,14.265801884265656,14.495401699999546,14.265801884265656,14.38825511932373,6960400,0.0,0.0
2000-07-06 00:00:00-04:00,14.38824697112228,14.43416690826416,14.158647285412883,14.43416690826416,5041200,0.0,0.0
2000-07-07 00:00:00-04:00,14.434175082470508,14.510708354381805,14.296415193030175,14.38825511932373,5043200,0.0,0.0
2000-07-10 00:00:00-04:00,14.372951982852301,14.372951982852301,14.020898845892129,14.097432136535645,6447200,0.0,0.0
2000-07-11 00:00:00-04:00,14.082115012095688,14.082115012095688,13.668835549784184,13.760675430297852,8134200,0.0,0.0
2000-07-12 00:00:00-04:00,13.760677513938173,13.837210759288219,13.531077777888036,13.745370864868164,7153800,0.0,0.0
2000-07-13 00:00:00-04:00,13.821900059104351,14.235179462864947,13.821900059104351,14.18925952911377,8450600,0.0,0.0
2000-07-14 00:00:00-04:00,14.18926902241407,14.311722261010955,13.95966920004491,14.112735748291016,4648000,0.0,0.0
2000-07-17 00:00:00-04:00,14.112731779758548,14.112731779758548,13.852518720912673,14.043851852416992,7003000,0.0,0.0
2000-07-18 00:00:00-04:00,14.043852307230521,14.38825195509176,13.867825820545889,14.250492095947266,7595200,0.0,0.0
2000-07-19 00:00:00-04:00,14.388253885852404,14.847453477954076,14.388253885852404,14.816840171813965,16435400,0.0,0.0
2000-07-20 00:00:00-04:00,14.816840171813965,14.862760131024132,14.663773641113409,14.816840171813965,9225600,0.0,0.0
2000-07-21 00:00:00-04:00,14.81683582310805,15.000515606039142,14.782395863808471,14.9048490524292,8141200,0.0,0.0
2000-07-24 00:00:00-04:00,14.69438287276256,14.69438287276256,14.464783140375644,14.510703086853027,6808200,0.0,0.0
2000-07-25 00:00:00-04:00,14.510703086853027,14.526009735678823,14.403556545072467,14.510703086853027,4664400,0.0,0.0
2000-07-26 00:00:00-04:00,14.510702406815337,14.694382184116797,14.357635925730788,14.403555870056152,10162400,0.0,0.0
2000-07-27 00:00:00-04:00,14.61785197627828,14.985211607095744,14.61785197627828,14.801531791687012,9117200,0.0,0.0
2000-07-28 00:00:00-04:00,14.80153019335548,15.429102828234049,14.709690295568373,15.352569580078125,13619000,0.0,0.0
2000-07-31 00:00:00-04:00,15.276037379506894,15.276037379506894,15.000517667251259,15.015824317932129,8017000,0.0,0.0
2000-08-01 00:00:00-04:00,15.015829852649144,15.67401607452877,15.015829852649144,15.429109573364258,9321400,0.0,0.0
2000-08-02 00:00:00-04:00,15.429108802469626,15.444415458027631,15.245428935773559,15.413802146911621,6662400,0.0,0.0
2000-08-03 00:00:00-04:00,15.413802917041476,15.612789449237642,15.199509728522528,15.429109573364258,6653400,0.0,0.0
2000-08-04 00:00:00-04:00,15.33726549628275,15.33726549628275,14.969905843677175,15.214812278747559,6006600,0.0,0.0
2000-08-07 00:00:00-04:00,15.122971653209927,15.122971653209927,14.969905138501323,15.031131744384766,4263600,0.0,0.0
2000-08-08 00:00:00-04:00,15.031130122649364,15.27603651975974,14.816837025177785,14.923983573913574,6135800,0.0,0.0
2000-08-09 00:00:00-04:00,14.80153263175749,14.80153263175749,14.617852805923892,14.648466110229492,7111600,0.0,0.0
2000-08-10 00:00:00-04:00,14.70969405819158,15.122973703947224,14.70969405819158,14.93929386138916,6214800,0.0,0.0
2000-08-11 00:00:00-04:00,14.939297794816964,15.367884206963351,14.939297794816964,15.245430946350098,6165400,0.0,0.0
2000-08-14 00:00:00-04:00,15.245421985214128,15.490328362486643,15.245421985214128,15.444408416748047,5329400,0.0,0.0
2000-08-15 00:00:00-04:00,15.321959206173497,15.321959206173497,15.092359417869199,15.184199333190918,4402600,0.0,0.0
2000-08-16 00:00:00-04:00,15.031129874358095,15.031129874358095,14.57193038736141,14.862756729125977,11729200,0.0,0.0
2000-08-17 00:00:00-04:00,14.847453921253145,14.847453921253145,14.587240811293038,14.617854118347168,5834000,0.0,0.0
2000-08-18 00:00:00-04:00,14.617859879923609,14.770926475524902,14.57193990124322,14.770926475524902,5274600,0.0,0.0
2000-08-21 00:00:00-04:00,14.679079414535092,14.679079414535092,14.480092936548694,14.648466110229492,5735000,0.0,0.0
2000-08-22 00:00:00-04:00,14.64846557378769,14.679078876972198,14.204572677612305,14.204572677612305,4243400,0.0,0.0
2000-08-23 00:00:00-04:00,14.204574662005049,14.495401082886618,14.189268008274441,14.399734497070312,7007400,0.0,0.0
2000-08-24 00:00:00-04:00,14.39972589214,14.449472487037108,14.173952884530044,14.18925952911377,4619200,0.0,0.0
2000-08-25 00:00:00-04:00,14.066811835127217,14.066811835127217,13.469852464539663,13.71475887298584,13902000,0.0,0.0
2000-08-28 00:00:00-04:00,13.883127303499924,14.14334027390731,13.883127303499924,13.959660530090332,12625800,0.0,0.0
2000-08-29 00:00:00-04:00,13.929049156349851,13.929049156349851,13.730062739830567,13.791289329528809,5934600,0.0,0.0
2000-08-30 00:00:00-04:00,13.714748259513609,13.714748259513609,13.179015905626358,13.286162376403809,9392800,0.0,0.0
2000-08-31 00:00:00-04:00,13.270864552933514,13.270864552933514,12.61267865238433,12.892024993896484,16123800,0.0,0.0
2000-09-01 00:00:00-04:00,13.071869434848908,13.34738893113378,13.071869434848908,13.286162376403809,10053000,0.0,0.0
2000-09-05 00:00:00-04:00,13.286169964518319,13.974969098623532,13.102490195423595,13.791289329528809,11223000,0.0,0.0
2000-09-06 00:00:00-04:00,13.45454198663885,13.45454198663885,13.240248940207742,13.301475524902344,9854000,0.0,0.0
2000-09-07 00:00:00-04:00,13.301480233669281,13.3627068400383,13.041267156600952,13.224946975708008,7458200,0.0,0.0
2000-09-08 00:00:00-04:00,13.224946326816205,13.515772692799432,13.179026374292537,13.362706184387207,5253600,0.0,0.0
2000-09-11 00:00:00-04:00,13.362704876458869,13.393318175144914,12.81166550011005,12.9800386428833,7846000,0.0,0.0
2000-09-12 00:00:00-04:00,12.980034409282364,13.194327430190327,12.78104803272497,13.102487564086914,8248000,0.0,0.0
2000-09-13 00:00:00-04:00,13.14426391238258,13.190330257869903,12.791088596979778,12.898576736450195,6986400,0.085,0.0
2000-09-14 00:00:00-04:00,12.745019840259179,12.745019840259179,12.269001026948294,12.530043601989746,11181600,0.0,0.0
2000-09-15 00:00:00-04:00,12.530044611969558,12.80644265488065,12.407201037342405,12.483978271484375,12373800,0.0,0.0
2000-09-18 00:00:00-04:00,12.483977303224451,13.144261465633615,12.468621857587028,13.052128791809082,8759800,0.0,0.0
2000-09-19 00:00:00-04:00,13.05213205639634,13.14426475326502,12.791089415268413,12.990710258483887,7630400,0.0,0.0
2000-09-20 00:00:00-04:00,12.94463785370784,12.94463785370784,12.146154854428117,12.345775604248047,14690200,0.0,0.0
2000-09-21 00:00:00-04:00,12.34577737449848,12.483976374959285,12.084734818072517,12.176867485046387,10247200,0.0,0.0
2000-09-22 00:00:00-04:00,12.49933587518426,13.006065707962,12.49933587518426,12.990710258483887,16349000,0.0,0.0
2000-09-25 00:00:00-04:00,12.990708456851777,13.328528298519318,12.92928666745768,13.159618377685547,8079600,0.0,0.0
2000-09-26 00:00:00-04:00,13.159622303048092,13.543508601270032,13.082845043403704,13.497442245483398,10269400,0.0,0.0
2000-09-27 00:00:00-04:00,13.497432881258847,13.727764500392958,13.267101262124736,13.666342735290527,10414600,0.0,0.0
2000-09-28 00:00:00-04:00,13.6663446888714,13.6663446888714,13.297814045575992,13.620278358459473,8353200,0.0,0.0
2000-09-29 00:00:00-04:00,13.620282911659638,13.912036435133746,13.512794771432336,13.543505668640137,11962600,0.0,0.0
2000-10-02 00:00:00-04:00,13.574213195265385,14.004165649414062,13.574213195265385,14.004165649414062,9516000,0.0,0.0
2000-10-03 00:00:00-04:00,14.004166479248319,14.0962991534539,13.789190239435296,13.835256576538086,7380800,0.0,0.0
2000-10-04 00:00:00-04:00,13.835258192370551,14.065589904785156,13.758480954899017,14.065589904785156,8279000,0.0,0.0
2000-10-05 00:00:00-04:00,14.080948484876442,14.58767836492107,14.080948484876442,14.526256561279297,10596400,0.0,0.0
2000-10-06 00:00:00-04:00,14.526258423749137,14.541613876628366,14.188438460406134,14.357348442077637,9617400,0.0,0.0
2000-10-09 00:00:00-04:00,14.357340338423445,14.44947300369675,14.20378589630127,14.20378589630127,4073000,0.0,0.0
2000-10-10 00:00:00-04:00,14.203782957427356,14.572313542268715,14.019517665006676,14.295915603637695,6280600,0.0,0.0
2000-10-11 00:00:00-04:00,14.295918368987875,14.633738137105741,14.188430260950373,14.38805103302002,7904000,0.0,0.0
2000-10-12 00:00:00-04:00,14.388054302165601,14.434120644648523,13.850613639864859,14.065589904785156,8552800,0.0,0.0
2000-10-13 00:00:00-04:00,14.0655883330465,14.173076453495545,13.85061209214841,14.050232887268066,7312400,0.0,0.0
2000-10-16 00:00:00-04:00,14.05023093925102,14.556960579683023,14.004164608302654,14.403406143188477,7054600,0.0,0.0
2000-10-17 00:00:00-04:00,14.403404065063214,14.480181272233061,14.004162587780012,14.23449420928955,6069800,0.0,0.0
2000-10-18 00:00:00-04:00,14.23449383949747,14.464825455023318,13.95809590086645,14.295915603637695,7339400,0.0,0.0
2000-10-19 00:00:00-04:00,14.111653090045019,14.111653090045019,13.78918876481004,14.034875869750977,5797600,0.0,0.0
2000-10-20 00:00:00-04:00,13.697056055884541,13.697056055884541,13.205681847601689,13.466724395751953,14655200,0.0,0.0
2000-10-23 00:00:00-04:00,13.466726474438683,13.743124509261825,13.23639477875273,13.589570045471191,7077800,0.0,0.0
2000-10-24 00:00:00-04:00,13.589570437348499,13.804546692854577,13.374594181842422,13.789191246032715,6334800,0.0,0.0
2000-10-25 00:00:00-04:00,13.789186407704442,14.357337740761306,13.666342876232687,14.23449420928955,9350200,0.0,0.0
2000-10-26 00:00:00-04:00,14.23449310936486,14.572312794808255,13.865962543426612,14.418758392333984,9351000,0.0,0.0
2000-10-27 00:00:00-04:00,14.418763725021865,14.572318184287273,14.15772114427067,14.480185508728027,7562200,0.0,0.0
2000-10-30 00:00:00-05:00,14.480185244924588,14.86407138609438,14.464829799277796,14.710516929626465,10526800,0.0,0.0
2000-10-31 00:00:00-05:00,14.710514268026095,14.97155679679065,14.418760853524535,14.833357810974121,9830000,0.0,0.0
2000-11-01 00:00:00-05:00,14.83335706291747,15.094399578517468,14.818001620823352,14.95620059967041,8289000,0.0,0.0
2000-11-02 00:00:00-05:00,14.9562031761609,15.094402178815363,14.756582394548895,14.925492286682129,9108400,0.0,0.0
2000-11-03 00:00:00-05:00,14.864063765402213,14.864063765402213,14.526244134370344,14.572310447692871,6068400,0.0,0.0
2000-11-06 00:00:00-05:00,14.572323044469533,14.986920222763187,14.449479436086229,14.864076614379883,5558200,0.0,0.0
2000-11-07 00:00:00-05:00,14.864071332949381,14.956204006500721,14.695161431438594,14.756583213806152,4236000,0.0,0.0
2000-11-08 00:00:00-05:00,14.756581592658845,14.894780587803414,14.510894490179615,14.78729248046875,5048200,0.0,0.0
2000-11-09 00:00:00-05:00,14.787290731906413,15.401508415474696,14.710513521460378,15.309375762939453,11855000,0.0,0.0
2000-11-10 00:00:00-05:00,15.30938002364804,15.493645380000876,15.201891899108887,15.201891899108887,10323400,0.0,0.0
2000-11-13 00:00:00-05:00,15.140472599525413,15.140472599525413,14.833363621847413,15.002273559570312,8175800,0.0,0.0
2000-11-14 00:00:00-05:00,15.002266676187269,15.063688443541157,14.64909151390241,14.879423141479492,7423400,0.0,0.0
2000-11-15 00:00:00-05:00,14.879422036150546,15.109753646617271,14.802644832661636,15.063687324523926,7506600,0.0,0.0
2000-11-16 00:00:00-05:00,15.063686884736677,15.309373928728306,15.002265123738772,15.217241287231445,7607400,0.0,0.0
2000-11-17 00:00:00-05:00,15.217242987934474,15.432219175453225,15.017622242381348,15.094399452209473,12093800,0.0,0.0
2000-11-20 00:00:00-05:00,14.46482646794609,14.46482646794609,13.743120688759818,13.896675109863281,19313200,0.0,0.0
2000-11-21 00:00:00-05:00,13.896673459273119,14.127005063570463,13.574209213256836,13.574209213256836,13995800,0.0,0.0
2000-11-22 00:00:00-05:00,14.311271387282348,14.818000953570243,14.311271387282348,14.633735656738281,13403800,0.0,0.0
2000-11-24 00:00:00-05:00,14.61838706873231,14.61838706873231,14.403410788309778,14.495543479919434,3905000,0.0,0.0
2000-11-27 00:00:00-05:00,14.49553668411431,14.75657918795959,14.265205063074358,14.633735656738281,6476800,0.0,0.0
2000-11-28 00:00:00-05:00,14.710512993624194,14.925489175159411,14.710512993624194,14.848711967468262,5817800,0.0,0.0
2000-11-29 00:00:00-05:00,14.890588353577273,15.398747004733478,14.721202136525205,15.306354522705078,9692000,0.085,0.0
2000-11-30 00:00:00-05:00,15.306373394416003,15.429563522338867,15.136986968522063,15.429563522338867,12816400,0.0,0.0
2000-12-01 00:00:00-05:00,15.367966004951516,15.367966004951516,15.106187024907252,15.321769714355469,8201200,0.0,0.0
2000-12-04 00:00:00-05:00,15.321769747601087,15.614346255344223,15.244775929773946,15.460358619689941,8572200,0.0,0.0
2000-12-05 00:00:00-05:00,15.460349124663965,15.475747878772196,14.95219023909234,15.136975288391113,9266800,0.0,0.0
2000-12-06 00:00:00-05:00,15.136979981369551,15.22937253466377,14.875201080369264,14.998391151428223,7761200,0.0,0.0
2000-12-07 00:00:00-05:00,14.99839351936906,15.53735016534228,14.921399712801456,15.367963790893555,7895200,0.0,0.0
2000-12-08 00:00:00-05:00,15.271719121590287,15.271719121590287,14.936796115898744,14.998391151428223,8300800,0.0,0.0
2000-12-11 00:00:00-05:00,14.829003355510748,14.829003355510748,14.336243119398242,14.367040634155273,11578000,0.0,0.0
2000-12-12 00:00:00-05:00,14.367047189638534,14.459439776067077,14.197660781186203,14.290053367614746,8008200,0.0,0.0
2000-12-13 00:00:00-05:00,14.290046023807012,14.367039806262868,14.105260945912955,14.243849754333496,7409800,0.0,0.0
2000-12-14 00:00:00-05:00,14.151460064084906,14.151460064084906,13.7356935551292,14.043668746948242,10047600,0.0,0.0
2000-12-15 00:00:00-05:00,13.96666697141166,13.96666697141166,13.181330680847168,13.181330680847168,27540400,0.0,0.0
2000-12-18 00:00:00-05:00,13.212132160647313,13.689493579038999,13.212132160647313,13.52010726928711,10304600,0.0,0.0
2000-12-19 00:00:00-05:00,13.520109149327887,14.27464827041794,13.473912876608088,13.982071876525879,11688200,0.0,0.0
2000-12-20 00:00:00-05:00,13.982083557976617,14.290058966742622,13.689506919648913,13.858893394470215,13344200,0.0,0.0
2000-12-21 00:00:00-05:00,13.858878888581929,14.690411621896844,13.828081379940636,14.628816604614258,11930800,0.0,0.0
2000-12-22 00:00:00-05:00,14.53642227594007,14.53642227594007,14.166852218077189,14.505624771118164,7483600,0.0,0.0
2000-12-26 00:00:00-05:00,14.505631583929063,14.782809257507324,14.444036545356115,14.782809257507324,5670000,0.0,0.0
2000-12-27 00:00:00-05:00,14.78280649096604,15.121579139717346,14.78280649096604,14.921395301818848,7711000,0.0,0.0
2000-12-28 00:00:00-05:00,14.921392337326628,15.26016491877264,14.921392337326628,15.04458236694336,5520800,0.0,0.0
2000-12-29 00:00:00-05:00,15.044594338245881,15.059993104201098,14.82901161487286,15.01379680633545,4970400,0.0,0.0
2001-01-02 00:00:00-05:00,15.013788733918522,15.260168856731545,14.84440239948457,14.982991218566895,10606000,0.0,0.0
2001-01-03 00:00:00-05:00,14.982983577100537,15.321756073191196,14.551818582076061,14.598014831542969,12469600,0.0,0.0
2001-01-04 00:00:00-05:00,14.50563453152436,14.50563453152436,13.982076597265518,14.182260513305664,14770600,0.0,0.0
2001-01-05 00:00:00-05:00,14.182258090373624,14.4748345330632,14.166859330232068,14.213055610656738,7960200,0.0,0.0
2001-01-08 00:00:00-05:00,14.243849787884937,14.705812483708232,14.243849787884937,14.4440336227417,9529200,0.0,0.0
2001-01-09 00:00:00-05:00,14.4440315527665,14.767405393500077,14.197651483636154,14.628816604614258,8516200,0.0,0.0
2001-01-10 00:00:00-05:00,14.598026795820758,14.598026795820758,14.259254022078082,14.567229270935059,7963200,0.0,0.0
2001-01-11 00:00:00-05:00,14.505628972271689,14.505628972271689,14.07446377988994,14.136058807373047,6909000,0.0,0.0
2001-01-12 00:00:00-05:00,14.136060935772019,14.151459694961313,13.858883270364723,13.951275825500488,7212000,0.0,0.0
2001-01-16 00:00:00-05:00,13.95127618940253,14.120662544903002,13.843484872265865,14.043668746948242,7163600,0.0,0.0
2001-01-17 00:00:00-05:00,14.059065115104602,14.459432796367164,14.059065115104602,14.27464771270752,7651800,0.0,0.0
2001-01-18 00:00:00-05:00,14.274646717296909,14.459431788070978,14.028266622931481,14.074462890625,7014400,0.0,0.0
2001-01-19 00:00:00-05:00,14.074461995687624,14.074461995687624,13.627898103045457,13.75108814239502,9824200,0.0,0.0
2001-01-22 00:00:00-05:00,13.75108864866657,13.812683670609086,13.597101093810283,13.720291137695312,6874600,0.0,0.0
2001-01-23 00:00:00-05:00,13.720294365516075,14.089864584115835,13.658699329082783,14.012870788574219,7707800,0.0,0.0
2001-01-24 00:00:00-05:00,14.012874884548948,14.305451393127441,13.828089721236214,14.305451393127441,9189400,0.0,0.0
2001-01-25 00:00:00-05:00,14.30544481399471,14.536426161906357,14.243849787884937,14.4440336227417,7486800,0.0,0.0
2001-01-26 00:00:00-05:00,14.444034039395527,14.58262285214026,14.16685641390606,14.27464771270752,6394600,0.0,0.0
2001-01-29 00:00:00-05:00,14.191486344239062,14.216124905936177,13.927859843202603,14.073224067687988,5123000,0.0,0.0
2001-01-30 00:00:00-05:00,14.107724412339092,14.356568844953314,14.107724412339092,14.267871856689453,5507600,0.0,0.0
2001-01-31 00:00:00-05:00,14.267879109277256,14.339329601683168,13.937729562844622,14.290053367614746,8614000,0.0,0.0
2001-02-01 00:00:00-05:00,14.166860824512565,14.166860824512565,13.947582607346469,14.152077674865723,6720800,0.0,0.0
2001-02-02 00:00:00-05:00,14.152074549689921,14.285120047533827,14.090479516228738,14.22598934173584,6059400,0.0,0.0
2001-02-05 00:00:00-05:00,14.225986295939212,14.686716784423673,14.196420009504765,14.585700988769531,9183600,0.0,0.0
2001-02-06 00:00:00-05:00,14.585703893712168,14.72614049271669,14.37381683139219,14.639906883239746,6257000,0.0,0.0
2001-02-07 00:00:00-05:00,14.63990831688255,14.915854766392659,14.602951857658203,14.782809257507324,9615600,0.0,0.0
2001-02-08 00:00:00-05:00,14.7827992211749,15.026715821864913,14.674392365237706,14.933091163635254,6654600,0.0,0.0
2001-02-09 00:00:00-05:00,14.933101680063256,15.014406644307769,14.770490811708504,14.817302703857422,4456400,0.0,0.0
2001-02-12 00:00:00-05:00,14.817296160654982,14.997153485633937,14.659613077926325,14.984834671020508,6766000,0.0,0.0
2001-02-13 00:00:00-05:00,14.802520282662833,14.802520282662833,14.647300520601261,14.772953987121582,6660600,0.0,0.0
2001-02-14 00:00:00-05:00,14.745846254599085,14.745846254599085,14.568453250031787,14.659613609313965,5678000,0.0,0.0
2001-02-15 00:00:00-05:00,14.52410453549938,14.52410453549938,14.041199849766777,14.381203651428223,11421200,0.0,0.0
2001-02-16 00:00:00-05:00,14.391064554046404,14.654691239909296,14.391064554046404,14.625125885009766,7635600,0.0,0.0
2001-02-20 00:00:00-05:00,14.625121857943142,15.024257328713686,14.388597204143222,14.405843734741211,15772000,0.0,0.0
2001-02-21 00:00:00-05:00,13.8712102432237,13.8712102432237,13.334101131799779,13.531205177307129,19289000,0.0,0.0
2001-02-22 00:00:00-05:00,13.531192943643445,13.531192943643445,12.666399314655555,13.055680274963379,18957800,0.0,0.0
2001-02-23 00:00:00-05:00,13.008875380123266,13.008875380123266,12.691044671925809,12.811771392822266,9069200,0.0,0.0
2001-02-26 00:00:00-05:00,12.811766614107647,12.954667539015873,12.676257732123858,12.927565574645996,9415600,0.0,0.0
2001-02-27 00:00:00-05:00,12.927570396552955,13.016267425804893,12.698436717607436,12.811771392822266,7369600,0.0,0.0
2001-02-28 00:00:00-05:00,12.8117718409587,13.095109478772448,12.789597582870094,13.065543174743652,11189600,0.0,0.0
2001-03-01 00:00:00-05:00,13.065528259381786,13.279879489494299,12.89798982060794,12.984223365783691,9725000,0.0,0.0
2001-03-02 00:00:00-05:00,12.984231599417644,13.070464259410826,12.81422872705179,12.947274208068848,9115800,0.0,0.0
2001-03-05 00:00:00-05:00,12.639302025637893,12.639302025637893,12.203209029460409,12.368284225463867,14449600,0.0,0.0
2001-03-06 00:00:00-05:00,12.368288766148963,12.368288766148963,12.16872042484255,12.269736289978027,9274600,0.0,0.0
2001-03-07 00:00:00-05:00,12.269730847504992,12.516110988779651,12.269730847504992,12.42495059967041,10325800,0.0,0.0
2001-03-08 00:00:00-05:00,12.42494950558965,12.681185055520194,12.373209906045666,12.663938522338867,9774600,0.0,0.0
2001-03-09 00:00:00-05:00,12.663936205775402,12.782198528756497,12.557992698546743,12.688573837280273,7863400,0.0,0.0
2001-03-12 00:00:00-05:00,12.639299509729257,12.639299509729257,12.326396655891163,12.343643188476562,7984800,0.0,0.0
2001-03-13 00:00:00-05:00,12.118628804023208,12.118628804023208,11.943068394910929,12.054339408874512,10361200,0.09,0.0
2001-03-14 00:00:00-05:00,11.945542260871548,11.945542260871548,11.438641052145286,11.7872896194458,14145800,0.0,0.0
2001-03-15 00:00:00-05:00,11.787292220449395,11.807074158713176,11.423808065772386,11.782347679138184,9442800,0.0,0.0
2001-03-16 00:00:00-05:00,11.782349653050534,12.299141086086387,11.64882437716455,12.029618263244629,18494000,0.0,0.0
2001-03-19 00:00:00-05:00,12.029611536315505,12.140881594076992,11.87877761752228,11.967794418334961,7439600,0.0,0.0
2001-03-20 00:00:00-05:00,11.967793161145986,12.06175449146285,11.633980193164712,11.72794246673584,8841200,0.0,0.0
2001-03-21 00:00:00-05:00,11.727942418271208,11.868885356418335,11.188897132873535,11.188897132873535,18423000,0.0,0.0
2001-03-22 00:00:00-05:00,11.188901095006651,11.423806389519589,11.00097742534906,11.3051176071167,14688800,0.0,0.0
2001-03-23 00:00:00-05:00,11.250713348388672,11.250713348388672,10.879810710529705,11.250713348388672,15672800,0.0,0.0
2001-03-26 00:00:00-05:00,11.250718611626958,11.399079358874035,11.00345007071208,11.102357864379883,11227600,0.0,0.0
2001-03-27 00:00:00-05:00,11.10235481521622,11.606781783272645,11.020755766362546,11.52518367767334,13466000,0.0,0.0
2001-03-28 00:00:00-05:00,11.525189113752337,11.6834408601972,11.089995867774148,11.361991882324219,14176000,0.0,0.0
2001-03-29 00:00:00-05:00,11.176539809277086,11.176539809277086,10.82047245661834,11.008397102355957,15293800,0.0,0.0
2001-03-30 00:00:00-05:00,11.00839430640361,11.250717335830965,10.978722348969825,11.166646003723145,10279600,0.0,0.0
2001-04-02 00:00:00-04:00,11.16664720101962,11.601839415309987,11.092466827854224,11.337262153625488,10424800,0.0,0.0
2001-04-03 00:00:00-04:00,11.30016626379455,11.30016626379455,10.9243181761135,11.043006896972656,9345400,0.0,0.0
2001-04-04 00:00:00-04:00,11.04300871263739,11.386711700162989,10.921846759592079,11.188897132873535,8798600,0.0,0.0
2001-04-05 00:00:00-04:00,11.188901143381841,11.52271328637979,11.033121703130652,11.201264381408691,9242200,0.0,0.0
2001-04-06 00:00:00-04:00,11.201261268156587,11.21362450274723,10.842721805501949,11.127080917358398,7907800,0.0,0.0
2001-04-09 00:00:00-04:00,11.127082246781882,11.272970696192088,10.855087280273438,10.855087280273438,8231600,0.0,0.0
2001-04-10 00:00:00-04:00,10.855086275279701,10.953993097919138,10.684470426275617,10.793269157409668,11896400,0.0,0.0
2001-04-11 00:00:00-04:00,10.793272762715084,11.065267794896709,10.476768372084747,10.911961555480957,13748400,0.0,0.0
2001-04-12 00:00:00-04:00,10.911960812036027,11.102357698893066,10.54600349012736,11.020758628845215,10429200,0.0,0.0
2001-04-16 00:00:00-04:00,11.02076132774169,11.250721199140555,10.916908969435026,11.228466987609863,8287000,0.0,0.0
2001-04-17 00:00:00-04:00,11.228459962540281,11.30016803741455,11.08009927399388,11.30016803741455,8815800,0.0,0.0
2001-04-18 00:00:00-04:00,11.302646325924028,11.64140495248942,11.302646325924028,11.559805870056152,14767400,0.0,0.0
2001-04-19 00:00:00-04:00,11.559804068113628,11.812018088244843,11.384243633781137,11.745255470275879,10836400,0.0,0.0
2001-04-20 00:00:00-04:00,11.683436348083172,11.683436348083172,11.443585606926602,11.62161922454834,9167200,0.0,0.0
2001-04-23 00:00:00-04:00,11.629036872000963,11.84416113909319,11.629036872000963,11.732890129089355,6661000,0.0,0.0
2001-04-24 00:00:00-04:00,11.732895996299439,11.980164611845243,11.663660142533272,11.718059539794922,8686800,0.0,0.0
2001-04-25 00:00:00-04:00,11.720528905182489,11.967797439525963,11.720528905182489,11.918343544006348,6495400,0.0,0.0
2001-04-26 00:00:00-04:00,11.863944757847465,11.863944757847465,11.596895217895508,11.596895217895508,8592800,0.0,0.0
2001-04-27 00:00:00-04:00,11.596892752436187,11.745253471618003,11.374350730409013,11.62161922454834,6961800,0.0,0.0
2001-04-30 00:00:00-04:00,11.559801136703838,11.559801136703838,11.337259133240947,11.421330451965332,7674000,0.0,0.0
2001-05-01 00:00:00-04:00,11.421333664757528,11.9183439645476,11.40649815585639,11.777400970458984,8458000,0.0,0.0
2001-05-02 00:00:00-04:00,11.777395382188763,11.844157970329528,11.658706651023246,11.762558937072754,7669600,0.0,0.0
2001-05-03 00:00:00-04:00,11.760093755183918,11.760093755183918,11.47326224619186,11.559805870056152,8591600,0.0,0.0
2001-05-04 00:00:00-04:00,11.559801237214696,11.614200603701814,11.329841479388364,11.579583168029785,8819000,0.0,0.0
2001-05-07 00:00:00-04:00,11.579584457456136,11.596893177219535,11.475731195621258,11.57711124420166,7014600,0.0,0.0
2001-05-08 00:00:00-04:00,11.547446895110022,11.547446895110022,11.376830911823829,11.515301704406738,6875600,0.0,0.0
2001-05-09 00:00:00-04:00,11.515298935419251,11.515298935419251,11.225995118421464,11.315011024475098,10038000,0.0,0.0
2001-05-10 00:00:00-04:00,11.315002791622206,11.436164735746281,11.255658897432031,11.277913093566895,7317200,0.0,0.0
2001-05-11 00:00:00-04:00,11.277914473655695,11.349622552560147,11.028172803886202,11.1987886428833,9636400,0.0,0.0
2001-05-14 00:00:00-04:00,11.213623430812639,11.401547974341893,11.213623430812639,11.37682056427002,7585600,0.0,0.0
2001-05-15 00:00:00-04:00,11.376823376710497,11.401550792895183,11.179008763505406,11.349624633789062,6936400,0.0,0.0
2001-05-16 00:00:00-04:00,11.349622401543197,11.970265805266125,11.25813239453585,11.92575740814209,11359000,0.0,0.0
2001-05-17 00:00:00-04:00,11.925757007703051,12.041973478875121,11.782341799872269,11.901030540466309,9574800,0.0,0.0
2001-05-18 00:00:00-04:00,11.901028694233906,11.943063870666213,11.794703203752741,11.893610000610352,6726000,0.0,0.0
2001-05-21 00:00:00-04:00,11.893615909819973,11.955433042289421,11.698274488090002,11.940597534179688,7996600,0.0,0.0
2001-05-22 00:00:00-04:00,11.905977746649773,11.905977746649773,11.757616091982516,11.819433212280273,5928600,0.0,0.0
2001-05-23 00:00:00-04:00,11.819430206558849,12.041972160339355,11.695795997403936,12.041972160339355,8525800,0.0,0.0
2001-05-24 00:00:00-04:00,12.041972220835408,12.202696127591738,11.992518348274166,12.138406753540039,6694000,0.0,0.0
2001-05-25 00:00:00-04:00,12.138411482939025,12.140883753065967,11.841689075215994,11.910923957824707,4007000,0.0,0.0
2001-05-29 00:00:00-04:00,11.910921975795384,12.064229109281602,11.905977436364296,11.952958106994629,4531800,0.0,0.0
2001-05-30 00:00:00-04:00,11.952961443399888,12.029615031539153,11.812018448913387,11.839218139648438,5220400,0.0,0.0
2001-05-31 00:00:00-04:00,11.75514126313843,11.75514126313843,11.609252853265081,11.720523834228516,7223400,0.0,0.0
2001-06-01 00:00:00-04:00,11.720525107605981,11.844159334718896,11.621617348613931,11.821905136108398,6972600,0.0,0.0
2001-06-04 00:00:00-04:00,11.769976688003664,11.769976688003664,11.59688954458782,11.762558937072754,4484800,0.0,0.0
2001-06-05 00:00:00-04:00,11.762564854101104,11.787291331811982,11.493042096732028,11.774928092956543,6841400,0.0,0.0
2001-06-06 00:00:00-04:00,11.74278503041106,11.74278503041106,11.463371276820295,11.559805870056152,7095400,0.0,0.0
2001-06-07 00:00:00-04:00,11.559795825602823,11.66859356439002,11.339727136207163,11.404016494750977,6785400,0.0,0.0
2001-06-08 00:00:00-04:00,11.404027283310311,11.43122697955234,11.287811685623678,11.37435531616211,4425000,0.0,0.0
2001-06-11 00:00:00-04:00,11.374353897594025,11.404025861041646,11.253191886696277,11.35704517364502,3476200,0.0,0.0
2001-06-12 00:00:00-04:00,11.35704108661354,11.406494970065866,11.25318783703822,11.352095603942871,4899400,0.0,0.0
2001-06-13 00:00:00-04:00,11.394304103745501,11.394304103745501,11.270183148135931,11.381891250610352,5575600,0.09,0.0
2001-06-14 00:00:00-04:00,11.342167653544776,11.342167653544776,11.131162499495526,11.175846099853516,7021600,0.0,0.0
2001-06-15 00:00:00-04:00,11.175845962024008,11.218046613526473,10.949945961652299,10.987181663513184,13749800,0.0,0.0
2001-06-18 00:00:00-04:00,10.987178420384357,11.034344954573388,10.791068175748771,10.865540504455566,6354400,0.0,0.0
2001-06-19 00:00:00-04:00,10.865540624195129,10.94497790195339,10.808445139991818,10.860575675964355,5441000,0.0,0.0
2001-06-20 00:00:00-04:00,10.860576495577538,10.98221536899354,10.78610416042986,10.90526008605957,8301800,0.0,0.0
2001-06-21 00:00:00-04:00,10.905261196334978,11.041793982500781,10.810929057161406,10.8208589553833,10298800,0.0,0.0
2001-06-22 00:00:00-04:00,10.820863522678225,10.850652282950003,10.57262164415564,10.637164115905762,9211200,0.0,0.0
2001-06-25 00:00:00-04:00,10.73893871550349,10.972286588881946,10.73893871550349,10.8208589553833,14690600,0.0,0.0
2001-06-26 00:00:00-04:00,10.820860572158502,10.997112030578895,10.681844817182881,10.91022777557373,20446600,0.0,0.0
2001-06-27 00:00:00-04:00,10.910224954109148,11.00952108458386,10.860576415388238,10.967320442199707,12653800,0.0,0.0
2001-06-28 00:00:00-04:00,10.977255064672004,11.272662529425263,10.977255064672004,11.257767677307129,15615000,0.0,0.0
2001-06-29 00:00:00-04:00,11.295001210106744,11.334719857802055,11.136126619325498,11.170880317687988,13146800,0.0,0.0
2001-07-02 00:00:00-04:00,11.170880478168971,11.43153416659946,11.088960233451443,11.319825172424316,7314800,0.0,0.0
2001-07-03 00:00:00-04:00,11.322310800656886,11.41664296773004,11.322310800656886,11.404230117797852,3896200,0.0,0.0
2001-07-05 00:00:00-04:00,11.389334777577512,11.389334777577512,11.1758466644087,11.230460166931152,5515000,0.0,0.0
2001-07-06 00:00:00-04:00,11.230463162553368,11.29252363307662,11.064140609127886,11.071587562561035,5020200,0.0,0.0
2001-07-09 00:00:00-04:00,11.071580026121124,11.339681530828965,11.061651077291451,11.22549057006836,4552000,0.0,0.0
2001-07-10 00:00:00-04:00,11.225492463044898,11.242869310135848,11.034346198077309,11.088958740234375,9439200,0.0,0.0
2001-07-11 00:00:00-04:00,11.088958430628699,11.357059973061581,10.994627248187898,11.297481536865234,7234200,0.0,0.0
2001-07-12 00:00:00-04:00,11.295001570658982,11.295001570658982,11.146056873788856,11.292519569396973,6950800,0.0,0.0
2001-07-13 00:00:00-04:00,11.29251737532112,11.453873941085156,11.198185247249048,11.421602249145508,6472800,0.0,0.0
2001-07-16 00:00:00-04:00,11.431542762490306,11.662407875061035,11.431542762490306,11.662407875061035,8402400,0.0,0.0
2001-07-17 00:00:00-04:00,11.662402661970907,11.717016175103412,11.396783943137008,11.699639320373535,7532000,0.0,0.0
2001-07-18 00:00:00-04:00,11.654953170692375,11.654953170692375,11.322309107362338,11.473736763000488,8188800,0.0,0.0
2001-07-19 00:00:00-04:00,11.473734804596836,11.640056334389454,11.369472769753768,11.592890739440918,5038400,0.0,0.0
2001-07-20 00:00:00-04:00,11.592889051073202,11.610265896521781,11.366989113274611,11.446426391601562,7086000,0.0,0.0
2001-07-23 00:00:00-04:00,11.431534313977636,11.431534313977636,10.982217277233188,11.041794776916504,10382000,0.0,0.0
2001-07-24 00:00:00-04:00,11.041798414253252,11.071587173907782,10.83575815177199,10.972290992736816,9968400,0.0,0.0
2001-07-25 00:00:00-04:00,10.972286260820887,11.178326434445118,10.92511971916073,11.165914535522461,7287400,0.0,0.0
2001-07-26 00:00:00-04:00,11.165915368355167,11.17336231887077,11.021935625572386,11.170880317687988,6933200,0.0,0.0
2001-07-27 00:00:00-04:00,11.170879207217519,11.19322100351064,10.972285988482641,11.118748664855957,4724000,0.0,0.0
2001-07-30 00:00:00-04:00,11.056690011528005,11.118750461596797,10.925121213444394,10.987181663513184,5806800,0.0,0.0
2001-07-31 00:00:00-04:00,10.987185284770709,11.106342221506864,10.872994246280156,11.071587562561035,8695000,0.0,0.0
2001-08-01 00:00:00-04:00,11.096415583513755,11.108827491876461,10.863067539636107,10.942505836486816,7926000,0.0,0.0
2001-08-02 00:00:00-04:00,11.009523213651901,11.031865013048508,10.798518066991852,10.900297164916992,10578800,0.0,0.0
2001-08-03 00:00:00-04:00,10.972289827831037,11.116269606681554,10.947465074948193,11.096410751342773,11690800,0.0,0.0
2001-08-06 00:00:00-04:00,11.11626585363698,11.165914395672964,10.997109920930926,11.074065208435059,7596400,0.0,0.0
2001-08-07 00:00:00-04:00,11.093930500323292,11.141097068786621,11.024423069283937,11.141097068786621,8588000,0.0,0.0
2001-08-08 00:00:00-04:00,11.121232532962305,11.37692223279353,11.061655030822813,11.295001983642578,13201200,0.0,0.0
2001-08-09 00:00:00-04:00,11.250318191766219,11.34465034000751,11.170880892289544,11.322308540344238,9790400,0.0,0.0
2001-08-10 00:00:00-04:00,11.242871819687409,11.414158327946007,11.034348661083856,11.337203025817871,7793800,0.0,0.0
2001-08-13 00:00:00-04:00,11.295004901636197,11.406713930716222,11.257768242953667,11.369477272033691,5174200,0.0,0.0
2001-08-14 00:00:00-04:00,11.394301505796374,11.443949119146144,11.344652945479082,11.429055213928223,6728200,0.0,0.0
2001-08-15 00:00:00-04:00,11.468770230984708,11.841132894672736,11.45635833158855,11.811344146728516,15860400,0.0,0.0
2001-08-16 00:00:00-04:00,11.811347634378876,11.856030296005473,11.647507104888838,11.843618392944336,9601600,0.0,0.0
2001-08-17 00:00:00-04:00,11.843612266695736,11.888295852176723,11.669842872821564,11.801411628723145,6383600,0.0,0.0
2001-08-20 00:00:00-04:00,11.890782271863799,12.049656867980957,11.843615725101506,12.049656867980957,8027400,0.0,0.0
2001-08-21 00:00:00-04:00,12.039724067738472,12.109231450048535,11.930498045970225,11.992558479309082,8164600,0.0,0.0
2001-08-22 00:00:00-04:00,11.992558839191895,12.002487789129102,11.868437968789456,11.97766399383545,7915600,0.0,0.0
2001-08-23 00:00:00-04:00,12.034764532660471,12.312795133925666,11.967739120870494,12.275559425354004,9309600,0.0,0.0
2001-08-24 00:00:00-04:00,12.263143255287257,12.374851289098656,12.11668057981474,12.21597671508789,8325400,0.0,0.0
2001-08-27 00:00:00-04:00,12.163845637259316,12.22094112559407,12.01490096742666,12.042206764221191,8020400,0.0,0.0
2001-08-28 00:00:00-04:00,12.042209719527907,12.042209719527907,11.8163097115617,11.88333511352539,6329800,0.0,0.0
2001-08-29 00:00:00-04:00,11.903198356155611,11.940434070039988,11.744323704193315,11.841137886047363,5472200,0.0,0.0
2001-08-30 00:00:00-04:00,11.940432602636148,12.350032033800453,11.930503648334428,12.111720085144043,13128600,0.0,0.0
2001-08-31 00:00:00-04:00,11.99504399979102,12.183708302804172,11.990079050030955,12.081928253173828,7670800,0.0,0.0
2001-09-04 00:00:00-04:00,12.143989827456553,12.508905619336117,12.029798813319896,12.287970542907715,14190400,0.0,0.0
2001-09-05 00:00:00-04:00,12.114200518121326,12.58586035068447,12.114200518121326,12.523799896240234,13798400,0.0,0.0
2001-09-06 00:00:00-04:00,12.50145617705312,12.50145617705312,12.27059124617758,12.290450096130371,10386200,0.0,0.0
2001-09-07 00:00:00-04:00,12.228388328987888,12.407122694073207,12.201082531626197,12.345062255859375,12133000,0.0,0.0
2001-09-10 00:00:00-04:00,12.34754957833729,12.456775647383473,12.287971119878254,12.399680137634277,13732600,0.18,0.0
2001-09-17 00:00:00-04:00,12.421938870769079,12.597602844238283,12.22368951560681,12.597602844238281,20256600,0.09,0.0
2001-09-18 00:00:00-04:00,12.622698116503312,12.625208135351668,12.283918326144681,12.414411544799805,11112000,0.0,0.0
2001-09-19 00:00:00-04:00,12.477150693567554,12.532358672641097,12.128332684259282,12.421941757202148,14416000,0.0,0.0
2001-09-20 00:00:00-04:00,12.248783471149348,12.399352026481347,12.120799337554775,12.133346557617188,16598600,0.0,0.0
2001-09-21 00:00:00-04:00,11.543616866146266,12.002852518364557,11.355405721589532,11.744375228881836,23054200,0.0,0.0
2001-09-24 00:00:00-04:00,11.746883453338716,12.221175312038582,11.746883453338716,12.05303955078125,13608400,0.0,0.0
2001-09-25 00:00:00-04:00,12.007871492250311,12.361708430844448,11.997834291369523,12.045514106750488,17787200,0.0,0.0
2001-09-26 00:00:00-04:00,12.020424190175014,12.04551863775361,11.734342318403243,11.766965866088867,11593800,0.0,0.0
2001-09-27 00:00:00-04:00,11.789550618607166,11.812136003131561,11.669095553574314,11.782022476196289,11084800,0.0,0.0
2001-09-28 00:00:00-04:00,11.807115426279191,11.857305269672642,11.721792979697819,11.756925582885742,11554000,0.0,0.0
2001-10-01 00:00:00-04:00,11.669090883734334,11.72680885280042,11.50597417663655,11.566202163696289,12393400,0.0,0.0
2001-10-02 00:00:00-04:00,11.60635523260483,11.661564147612122,11.420653127674896,11.586278915405273,9414200,0.0,0.0
2001-10-03 00:00:00-04:00,11.531074673215487,11.543621896862412,11.38301513668145,11.49343204498291,11105800,0.0,0.0
2001-10-04 00:00:00-04:00,11.2926758699195,11.362941102332226,11.24750508985646,11.3328275680542,12277400,0.0,0.0
2001-10-05 00:00:00-04:00,11.292670113699778,11.518523898890376,11.114497103878032,11.418144226074219,10504800,0.0,0.0
2001-10-08 00:00:00-04:00,11.410614876153614,11.666582153140235,11.383010421190635,11.581259727478027,6919000,0.0,0.0
2001-10-09 00:00:00-04:00,11.480884953175376,11.60385004382762,11.41312879595375,11.58879280090332,5939800,0.0,0.0
2001-10-10 00:00:00-04:00,11.581259727478027,11.631448601274638,11.47084190762611,11.581259727478027,8301800,0.0,0.0
2001-10-11 00:00:00-04:00,11.543619427901433,11.669093552117753,11.443239745611738,11.556166648864746,9565400,0.0,0.0
2001-10-12 00:00:00-04:00,11.330310808807909,11.37799061879918,11.044229076986255,11.242478370666504,16640000,0.0,0.0
2001-10-15 00:00:00-04:00,11.091908207020147,11.242476711192742,11.054265602331396,11.167192459106445,9715400,0.0,0.0
2001-10-16 00:00:00-04:00,11.167193632025093,11.242477892018687,11.117003806265597,11.177231788635254,9620000,0.0,0.0
2001-10-17 00:00:00-04:00,11.23997220964339,11.265066651419529,11.10445992655243,11.111988067626953,10608200,0.0,0.0
2001-10-18 00:00:00-04:00,11.129551132288377,11.593805828492457,11.129551132288377,11.573729515075684,15165200,0.0,0.0
2001-10-19 00:00:00-04:00,11.844751449880446,12.266344367865203,11.797070694436592,12.19356918334961,23672000,0.0,0.0
2001-10-22 00:00:00-04:00,12.073120075941228,12.293954796945696,11.98277855565342,12.291444778442383,12130800,0.0,0.0
2001-10-23 00:00:00-04:00,12.291443224302045,12.291443224302045,12.120798364733012,12.263838768005371,8877600,0.0,0.0
2001-10-24 00:00:00-04:00,12.211140278505766,12.293953650141788,12.181026760316069,12.238744735717773,6779200,0.0,0.0
2001-10-25 00:00:00-04:00,12.110757661548407,12.419424737735751,12.108248601181183,12.406876564025879,7438400,0.0,0.0
2001-10-26 00:00:00-04:00,12.296471381696719,12.419436516722236,12.266357842273143,12.33160400390625,6475600,0.0,0.0
2001-10-29 00:00:00-05:00,12.29646471503168,12.334107336871902,12.170990585286459,12.19859504699707,5771000,0.0,0.0
2001-10-30 00:00:00-05:00,12.07061037063261,12.246274336051105,11.937608105253217,12.085667610168457,7737200,0.0,0.0
2001-10-31 00:00:00-05:00,12.085668958649324,12.123311583043188,11.980271142013228,12.015403747558594,6391000,0.0,0.0
2001-11-01 00:00:00-05:00,11.894941265315033,12.216154552430618,11.884903110769894,12.19356918334961,7242800,0.0,0.0
2001-11-02 00:00:00-05:00,12.050536971459955,12.28391895717749,12.020423444774654,12.266352653503418,5705000,0.0,0.0
2001-11-05 00:00:00-05:00,12.120799732000133,12.447032250697017,12.120799732000133,12.371747970581055,7725800,0.0,0.0
2001-11-06 00:00:00-05:00,12.309010099845308,12.50976848602295,12.26133028228171,12.50976848602295,6333000,0.0,0.0
2001-11-07 00:00:00-05:00,12.396845817565918,12.522319961641315,12.324070584252167,12.396845817565918,5599600,0.0,0.0
2001-11-08 00:00:00-05:00,12.359201409214634,12.447032914485302,12.246274504372625,12.314030647277832,7392800,0.0,0.0
2001-11-09 00:00:00-05:00,12.236239038384948,12.38429857793093,12.183540123620741,12.351675987243652,5188800,0.0,0.0
2001-11-12 00:00:00-05:00,12.286422798522613,12.42193504696672,12.228704831361163,12.376764297485352,4106200,0.0,0.0
2001-11-13 00:00:00-05:00,12.39684431071016,12.477147676574074,12.33159722763846,12.45958137512207,5599600,0.0,0.0
2001-11-14 00:00:00-05:00,12.484678654670715,12.564982038780727,12.447036024553963,12.547415733337402,8670400,0.0,0.0
2001-11-15 00:00:00-05:00,12.572510181887337,12.66034266639581,12.484678654670715,12.547415733337402,10053200,0.0,0.0
2001-11-16 00:00:00-05:00,12.655321279553801,12.655321279553801,12.492204521821925,12.529847145080566,8534600,0.0,0.0
2001-11-19 00:00:00-05:00,12.572508269744924,12.59760367176997,12.324070012093049,12.414411544799805,6804200,0.0,0.0
2001-11-20 00:00:00-05:00,12.271375235233531,12.359206778662546,12.221185371577512,12.296469688415527,7764200,0.0,0.0
2001-11-21 00:00:00-05:00,12.196082037860991,12.296461699960908,12.178515740587216,12.236233711242676,4568600,0.0,0.0
2001-11-23 00:00:00-05:00,12.17350347300359,12.334111213684082,12.17350347300359,12.334111213684082,2171600,0.0,0.0
2001-11-26 00:00:00-05:00,12.283914880505986,12.319047476194651,12.070608330938263,12.123308181762695,8057400,0.0,0.0
2001-11-27 00:00:00-05:00,12.123312180177962,12.140878483815873,11.922552783244532,12.043008804321289,7262400,0.0,0.0
2001-11-28 00:00:00-05:00,11.891866742405277,11.934689046464314,11.730655397255662,11.775996208190918,9075800,0.09,0.0
2001-11-29 00:00:00-05:00,11.826375918980991,11.90950010493503,11.702947932691067,11.859122276306152,7146400,0.0,0.0
2001-11-30 00:00:00-05:00,11.838973428878397,11.901946691797962,11.77851867368149,11.828897476196289,6975200,0.0,0.0
2001-12-03 00:00:00-05:00,11.675239287551605,11.775996864331884,11.614785510199813,11.720580101013184,8425800,0.0,0.0
2001-12-04 00:00:00-05:00,11.823858397023757,11.851566783867277,11.660128505241694,11.72562026977539,7857600,0.0,0.0
2001-12-05 00:00:00-05:00,11.909503557606486,11.939731416621724,11.828897855357381,11.869200706481934,12115800,0.0,0.0
2001-12-06 00:00:00-05:00,11.763408633201248,11.811267979008766,11.627386120827072,11.69539737701416,7025800,0.0,0.0
2001-12-07 00:00:00-05:00,11.63242177447749,11.81378508807666,11.6122698681239,11.738216400146484,6653800,0.0,0.0
2001-12-10 00:00:00-05:00,11.627382317699388,11.806226139789281,11.46365146255499,11.493879318237305,7431400,0.0,0.0
2001-12-11 00:00:00-05:00,11.524103631825655,11.639974169967903,11.473724844534761,11.49891471862793,7332600,0.0,0.0
2001-12-12 00:00:00-05:00,11.498916590939615,11.619825123587434,11.44853779544579,11.582040786743164,8400000,0.0,0.0
2001-12-13 00:00:00-05:00,11.549290412418536,11.713021200656792,11.52662001036855,11.645009994506836,10977800,0.0,0.0
2001-12-14 00:00:00-05:00,11.637459517196309,11.768444023174988,11.607232619169155,11.650053977966309,6786600,0.0,0.0
2001-12-17 00:00:00-05:00,11.750814958584485,11.750814958584485,11.536705220458606,11.624868392944336,8741400,0.0,0.0
2001-12-18 00:00:00-05:00,11.70042872932226,11.725617642137701,11.556849812304302,11.71302318572998,9842800,0.0,0.0
2001-12-19 00:00:00-05:00,11.65005451345984,12.0782729255932,11.65005451345984,11.96240234375,15066400,0.0,0.0
2001-12-20 00:00:00-05:00,11.90195046073094,12.11605923809996,11.899431952210758,12.030415534973145,9772400,0.0,0.0
2001-12-21 00:00:00-05:00,12.128650149626914,12.287342071533201,12.032930526250016,12.287342071533203,16875000,0.0,0.0
2001-12-24 00:00:00-05:00,12.287346733362547,12.292384711335448,12.118578795302591,12.184070587158203,5177400,0.0,0.0
2001-12-26 00:00:00-05:00,12.103462247991136,12.287344080265827,12.040488978271208,12.22185230255127,4803000,0.0,0.0
2001-12-27 00:00:00-05:00,11.96492060909752,12.075753211975098,11.957364124620533,12.075753211975098,7931600,0.0,0.0
2001-12-28 00:00:00-05:00,11.91706076431641,11.949806169583947,11.836455063680438,11.881794929504395,8710400,0.0,0.0
2001-12-31 00:00:00-05:00,11.901944630864339,12.015296676670731,11.826376920625266,11.876755714416504,6934000,0.0,0.0
2002-01-02 00:00:00-05:00,11.788596169626732,12.000186399171904,11.65257367329858,11.957365036010742,8848000,0.0,0.0
2002-01-03 00:00:00-05:00,12.002700758564933,12.002700758564933,11.713023450170281,11.801185607910156,10789800,0.0,0.0
2002-01-04 00:00:00-05:00,11.738218745226785,11.74829470041657,11.5921212385588,11.69539737701416,10145600,0.0,0.0
2002-01-07 00:00:00-05:00,11.561888465850654,11.838970366669837,11.284805604135983,11.39060115814209,17142800,0.0,0.0
2002-01-08 00:00:00-05:00,11.453569952194176,11.453569952194176,11.241979887333157,11.247017860412598,12292800,0.0,0.0
2002-01-09 00:00:00-05:00,11.209233195792498,11.357850033902855,11.201676716854795,11.224347114562988,12000600,0.0,0.0
2002-01-10 00:00:00-05:00,11.236946642262389,11.322590298857737,11.206719751962712,11.279767990112305,9222800,0.0,0.0
2002-01-11 00:00:00-05:00,11.322592026596343,11.486321921524377,11.252061323940644,11.410754203796387,11290600,0.0,0.0
2002-01-14 00:00:00-05:00,11.335185511728351,11.378006862431668,11.158860211589015,11.20923900604248,16115200,0.0,0.0
2002-01-15 00:00:00-05:00,11.272212978641306,11.287326906211078,11.093369159762734,11.171455383300781,12015800,0.0,0.0
2002-01-16 00:00:00-05:00,11.224350752682245,11.28480452556876,11.065657917288206,11.121074676513672,10501000,0.0,0.0
2002-01-17 00:00:00-05:00,11.184050343090922,11.38556456458266,11.161379933117125,11.347780227661133,9838000,0.0,0.0
2002-01-18 00:00:00-05:00,11.360379288425525,11.448542456658783,11.337708869267944,11.446022987365723,9820800,0.0,0.0
2002-01-22 00:00:00-05:00,11.446020964853982,11.571967502164462,11.385567165046611,11.56189250946045,9442400,0.0,0.0
2002-01-23 00:00:00-05:00,11.524104502348107,11.526623009499948,11.083291761821132,11.279767990112305,13132600,0.0,0.0
2002-01-24 00:00:00-05:00,11.335186276614026,11.360375195092688,11.025357967027388,11.138710021972656,13154000,0.0,0.0
2002-01-25 00:00:00-05:00,11.108483064841012,11.43342532832372,11.088332120608015,11.372971534729004,8429800,0.0,0.0
2002-01-28 00:00:00-05:00,11.297402761058382,11.39816036410489,11.211759086737565,11.388084411621094,9345200,0.0,0.0
2002-01-29 00:00:00-05:00,11.335185982964257,11.372970320599054,11.083292961120605,11.083292961120605,15979600,0.0,0.0
2002-01-30 00:00:00-05:00,11.146266937995899,11.156342890136735,10.985055547325256,11.045509338378906,11985000,0.0,0.0
2002-01-31 00:00:00-05:00,11.10848211381069,11.133671993065011,10.957346681867328,11.020319938659668,18087600,0.0,0.0
2002-02-01 00:00:00-05:00,11.020321773938377,11.2596203817802,11.00772731266161,11.254582405090332,14601200,0.0,0.0
2002-02-04 00:00:00-05:00,11.254582405090332,11.332669602439584,11.173976699844047,11.254582405090332,9806000,0.0,0.0
2002-02-05 00:00:00-05:00,11.307475996477583,11.609747772088738,11.234426799866586,11.524104118347168,15225200,0.0,0.0
2002-02-06 00:00:00-05:00,11.536697913335605,11.718061160472155,11.388081021575472,11.71302318572998,15027600,0.0,0.0
2002-02-07 00:00:00-05:00,11.56189127063267,11.69035630213049,11.524106929129694,11.556853294372559,8603800,0.0,0.0
2002-02-08 00:00:00-05:00,11.438468501584197,11.554339126032083,11.342748830524735,11.549301147460938,6663800,0.0,0.0
2002-02-11 00:00:00-05:00,11.410753837642645,11.647533896060276,11.410753837642645,11.622344017028809,9030800,0.0,0.0
2002-02-12 00:00:00-05:00,11.486323955081051,11.61982793962844,11.461135031677456,11.614789962768555,6057000,0.0,0.0
2002-02-13 00:00:00-05:00,11.524109278901328,11.682802200317385,11.463654512348954,11.682802200317383,7968400,0.0,0.0
2002-02-14 00:00:00-05:00,11.624867008981374,11.838975760721153,11.587082659429214,11.836457252502441,8097800,0.0,0.0
2002-02-15 00:00:00-05:00,11.838973282575788,11.851567742824916,11.750811099936174,11.82637882232666,12432600,0.0,0.0
2002-02-19 00:00:00-05:00,11.675241560276959,11.80622605123083,11.597155335922519,11.660128593444824,6432600,0.0,0.0
2002-02-20 00:00:00-05:00,11.587080187001535,11.838973234545046,11.44098175819635,11.808746337890625,7912000,0.0,0.0
2002-02-21 00:00:00-05:00,11.77599881524625,11.896907350876063,11.55685215447319,11.587079048156738,9376200,0.0,0.0
2002-02-22 00:00:00-05:00,11.587079539503934,11.964919089705148,11.561890620515452,11.91454029083252,12420400,0.0,0.0
2002-02-25 00:00:00-05:00,11.914540339725129,12.010259961886351,11.838972621553918,11.932172775268555,8480200,0.0,0.0
2002-02-26 00:00:00-05:00,11.934695408262948,12.002706660919284,11.740737604960644,11.836457252502441,8453000,0.0,0.0
2002-02-27 00:00:00-05:00,11.826378774815023,12.085828306308477,11.788594433323713,11.959881782531738,8153200,0.0,0.0
2002-02-28 00:00:00-05:00,12.065677989388458,12.090866911094931,11.927136037315547,11.937211990356445,8506200,0.0,0.0
2002-03-01 00:00:00-05:00,11.82889723204004,12.204218294087902,11.82889723204004,12.19414234161377,9108000,0.0,0.0
2002-03-04 00:00:00-05:00,12.118573083854798,12.19162228868991,11.889350479048023,12.032929420471191,9246600,0.0,0.0
2002-03-05 00:00:00-05:00,11.969955642026616,12.070712266892643,11.901944415771881,11.990106582641602,8700000,0.0,0.0
2002-03-06 00:00:00-05:00,11.876754641549025,12.090863294701165,11.86919719858091,11.974992752075195,7829200,0.0,0.0
2002-03-07 00:00:00-05:00,11.864162203074043,11.886832615880762,11.675242416649962,11.82637882232666,11507000,0.0,0.0
2002-03-08 00:00:00-05:00,11.962401772208457,12.133688167982246,11.93973135850526,12.053082466125488,7939800,0.0,0.0
2002-03-11 00:00:00-05:00,12.116049895642893,12.116049895642893,11.939725608309223,11.985066413879395,6068800,0.0,0.0
2002-03-12 00:00:00-05:00,11.939726275872086,12.11605057306424,11.841487217713864,12.113532066345215,6878800,0.0,0.0
2002-03-13 00:00:00-05:00,12.065478303024026,12.166655737580191,12.040183220703437,12.128714561462402,6989600,0.1,0.0
2002-03-14 00:00:00-05:00,12.154003214955333,12.227357473345014,12.085707970755452,12.113532066345215,8102200,0.0,0.0
2002-03-15 00:00:00-05:00,12.229886517554954,12.40694815484815,12.194474383077974,12.303240776062012,14707200,0.0,0.0
2002-03-18 00:00:00-05:00,12.343708448471954,12.424650723026549,12.18688291213593,12.31082534790039,8276200,0.0,0.0
2002-03-19 00:00:00-05:00,12.369012427846071,12.503072985786892,12.356364404342528,12.44489574432373,8382400,0.0,0.0
2002-03-20 00:00:00-05:00,12.444891474881322,12.589070016198464,12.42465541614497,12.49800968170166,7312000,0.0,0.0
2002-03-21 00:00:00-05:00,12.642194726225705,12.842021566951331,12.614370613604557,12.748432159423828,15073200,0.0,0.0
2002-03-22 00:00:00-05:00,12.750957517965382,13.021608593034566,12.710486356223502,12.963431358337402,13291000,0.0,0.0
2002-03-25 00:00:00-05:00,13.014017679553945,13.175902290793601,12.988722605980001,13.089900970458984,15111000,0.0,0.0
2002-03-26 00:00:00-05:00,13.089901162532652,13.325140043225911,13.087372137592345,13.304903984069824,16579000,0.0,0.0
2002-03-27 00:00:00-05:00,13.14302247276429,13.239141846627124,13.115198367311208,13.226494789123535,19315200,0.0,0.0
2002-03-28 00:00:00-05:00,13.226500180481953,13.266971359935402,13.137968812052573,13.218911170959473,10190400,0.0,0.0
2002-04-01 00:00:00-05:00,13.153140622799299,13.24167099102776,13.041845164896571,13.229023933410645,7959000,0.0,0.0
2002-04-02 00:00:00-05:00,13.203731496732651,13.226496589300986,13.077258974666071,13.223966598510742,8597800,0.0,0.0
2002-04-03 00:00:00-05:00,13.143019057710143,13.193608239488157,13.026664615056582,13.087371826171875,8403000,0.0,0.0
2002-04-04 00:00:00-05:00,13.087375966029402,13.25684866894947,13.041845784517717,13.15820026397705,9461600,0.0,0.0
2002-04-05 00:00:00-05:00,13.127840403570248,13.22395876869551,13.054486152626076,13.198664665222168,5724800,0.0,0.0
2002-04-08 00:00:00-04:00,13.051957914069376,13.431375306512187,13.036781835912992,13.406081199645996,10295200,0.0,0.0
2002-04-09 00:00:00-04:00,13.40608613693927,13.545205705755961,13.342849881576349,13.494616508483887,8951600,0.0,0.0
2002-04-10 00:00:00-04:00,13.431376856208967,13.772853127751633,13.411141761362979,13.714675903320312,8325400,0.0,0.0
2002-04-11 00:00:00-04:00,13.686851860252807,13.689380885278357,13.411141816862614,13.441494941711426,8850800,0.0,0.0
2002-04-12 00:00:00-04:00,13.342849044974535,13.532557799168487,13.277083768080427,13.497145652770996,7078600,0.0,0.0
2002-04-15 00:00:00-04:00,13.368145491658606,13.408616661017213,13.20626081422418,13.251791000366211,8734000,0.0,0.0
2002-04-16 00:00:00-04:00,13.251794443640836,13.633742108307894,13.102556786933471,13.628683090209961,12718200,0.0,0.0
2002-04-17 00:00:00-04:00,13.570501542187522,13.674208968158775,13.471852167807198,13.638795852661133,8254800,0.0,0.0
2002-04-18 00:00:00-04:00,13.646382461983002,13.709618709754093,13.459202744020807,13.585675239562988,7437000,0.0,0.0
2002-04-19 00:00:00-04:00,13.588204615231183,13.906914865022516,13.5578505229398,13.889208793640137,9241200,0.0,0.0
2002-04-22 00:00:00-04:00,13.90944169556989,14.12697351812691,13.853793503918306,13.98785400390625,11199000,0.0,0.0
2002-04-23 00:00:00-04:00,13.924621255867168,13.94991633335698,13.724794485786108,13.790560722351074,7624600,0.0,0.0
2002-04-24 00:00:00-04:00,13.846212254950567,13.927154592550064,13.785505019296554,13.9069185256958,9417000,0.0,0.0
2002-04-25 00:00:00-04:00,13.899330483079842,13.911977542409367,13.696974639081096,13.9069185256958,8991200,0.0,0.0
2002-04-26 00:00:00-04:00,13.889213114949028,13.934743302643248,13.772858619689941,13.772858619689941,6252400,0.0,0.0
2002-04-29 00:00:00-04:00,13.772856017530225,13.932211644352313,13.676736643346102,13.820915222167969,8159000,0.0,0.0
2002-04-30 00:00:00-04:00,13.884151837562174,14.175038993260376,13.843680673412818,14.040977478027344,13047600,0.0,0.0
2002-05-01 00:00:00-04:00,14.104212035412232,14.648044142841572,14.089035953750003,14.574689865112305,16158400,0.0,0.0
2002-05-02 00:00:00-04:00,14.519047598468134,14.61769602270426,14.440634278350478,14.579753875732422,13051000,0.0,0.0
2002-05-03 00:00:00-04:00,14.417864154646725,14.460864338969396,14.228155415769795,14.382452011108398,9020600,0.0,0.0
2002-05-06 00:00:00-04:00,14.367270917936516,14.443154199132245,14.291387636740785,14.314152717590332,7796400,0.0,0.0
2002-05-07 00:00:00-04:00,14.412804645855365,14.412804645855365,14.228154928790747,14.329333305358887,8967400,0.0,0.0
2002-05-08 00:00:00-04:00,14.316684529359788,14.410274860466133,14.124446781911638,14.291390419006348,10446000,0.0,0.0
2002-05-09 00:00:00-04:00,14.316684529359788,14.390038800256614,14.268625333724867,14.291390419006348,5404200,0.0,0.0
2002-05-10 00:00:00-04:00,14.26609375155778,14.392566210472623,14.215504575010184,14.255975723266602,6790600,0.0,0.0
2002-05-13 00:00:00-04:00,14.164915754800457,14.39256657253736,14.152268701572476,14.390036582946777,6302000,0.0,0.0
2002-05-14 00:00:00-04:00,14.379921528734444,14.392569549486845,14.24839099006778,14.329333305358887,7122000,0.0,0.0
2002-05-15 00:00:00-04:00,14.2660975239445,14.374863944565053,14.215508334019596,14.33945083618164,7274000,0.0,0.0
2002-05-16 00:00:00-04:00,14.405215457588282,14.468451696677862,14.26609592457289,14.430509567260742,7680800,0.0,0.0
2002-05-17 00:00:00-04:00,14.405219648332652,14.48110296433432,14.306571241039613,14.417866706848145,7058200,0.0,0.0
2002-05-20 00:00:00-04:00,14.35462608483846,14.417862323097658,14.139623260720546,14.215506553649902,5421200,0.0,0.0
2002-05-21 00:00:00-04:00,14.215499914892499,14.253441061184134,13.975202128746929,14.0283203125,8376200,0.0,0.0
2002-05-22 00:00:00-04:00,14.051091948212614,14.240800662990214,14.04097391851312,14.215506553649902,5470000,0.0,0.0
2002-05-23 00:00:00-04:00,14.215508334019596,14.33945083618164,14.106741913399043,14.33945083618164,5719400,0.0,0.0
2002-05-24 00:00:00-04:00,14.352097059867797,14.539275784766312,14.10421015677232,14.215506553649902,6929000,0.0,0.0
2002-05-28 00:00:00-04:00,14.152273533358008,14.202862728450107,13.798150132621954,13.820915222167969,7020000,0.0,0.0
2002-05-29 00:00:00-04:00,13.785500336101943,13.785500336101943,13.610968660865124,13.696969985961914,8976200,0.0,0.0
2002-05-30 00:00:00-04:00,13.633738360794784,13.81079912100843,13.608443277257994,13.757680892944336,9656800,0.0,0.0
2002-05-31 00:00:00-04:00,13.886687092835649,14.08651299882043,13.831038859192049,14.053630828857422,8404400,0.0,0.0
2002-06-03 00:00:00-04:00,13.886679258767279,14.013151743947642,13.656499374335358,13.666616439819336,6607600,0.0,0.0
2002-06-04 00:00:00-04:00,13.507264290111145,13.659030914306642,13.39343883951019,13.65903091430664,10837400,0.0,0.0
2002-06-05 00:00:00-04:00,13.659027838888674,14.025798223840523,13.560379458882053,14.013151168823242,8356200,0.0,0.0
2002-06-06 00:00:00-04:00,14.025798241364308,14.025798241364308,13.648909825964374,13.696969985961914,7283600,0.0,0.0
2002-06-07 00:00:00-04:00,13.659021003984577,13.772846371999377,13.595784795632797,13.67166805267334,7087200,0.0,0.0
2002-06-10 00:00:00-04:00,13.646381731969607,13.709617976357874,13.562909426221008,13.590733528137207,6861800,0.0,0.0
2002-06-11 00:00:00-04:00,13.608441717938588,13.899328873373399,13.590735643946068,13.65903091430664,11366200,0.0,0.0
2002-06-12 00:00:00-04:00,13.709813497852656,13.95100485494002,13.661575613833614,13.83167839050293,10515600,0.1,0.0
2002-06-13 00:00:00-04:00,13.834209696440334,13.961152339772159,13.722499550471202,13.836748123168945,7487600,0.0,0.0
2002-06-14 00:00:00-04:00,13.760582824912522,13.935763325249289,13.633640180713135,13.925607681274414,9062000,0.0,0.0
2002-06-17 00:00:00-04:00,13.912918704939381,14.062711118682806,13.884991158030221,14.027167320251465,7105600,0.0,0.0
2002-06-18 00:00:00-04:00,13.96369625682998,14.0754054782261,13.938308105579555,14.039861679077148,7294800,0.0,0.0
2002-06-19 00:00:00-04:00,14.03985621806712,14.23534800584282,13.915452969434273,13.984002113342285,9771000,0.0,0.0
2002-06-20 00:00:00-04:00,14.001774600695658,14.306436184121463,13.991618956315984,14.146489143371582,10251400,0.0,0.0
2002-06-21 00:00:00-04:00,13.940843831559375,14.230272961104545,13.940843831559375,14.217578887939453,17739400,0.0,0.0
2002-06-24 00:00:00-04:00,14.217584166655449,14.519707481538294,14.192196010899131,14.458775520324707,11513800,0.0,0.0
2002-06-25 00:00:00-04:00,14.458767934706968,14.507005792734986,13.920531373384641,14.077939987182617,11779200,0.0,0.0
2002-06-26 00:00:00-04:00,13.836746267620308,14.166796902323185,13.796124665941422,14.100787162780762,13409200,0.0,0.0
2002-06-27 00:00:00-04:00,14.164257823934657,14.331822044208774,13.920528225080547,14.240423202514648,11711000,0.0,0.0
2002-06-28 00:00:00-04:00,14.303899941356056,14.58571282070131,14.161723803818209,14.217578887939453,14290600,0.0,0.0
2002-07-01 00:00:00-04:00,14.28105125155922,14.496853416406696,14.28105125155922,14.306439399719238,10267600,0.0,0.0
2002-07-02 00:00:00-04:00,14.458771714130608,14.522243055308973,14.255663616059003,14.390222549438477,12085600,0.0,0.0
2002-07-03 00:00:00-04:00,14.326746631651035,14.446073024866786,14.225192130808416,14.372446060180664,12984600,0.0,0.0
2002-07-05 00:00:00-04:00,14.166801797779497,14.344521729722995,14.105869858453318,14.336905479431152,6698000,0.0,0.0
2002-07-08 00:00:00-04:00,14.395299000447428,14.598407079153905,14.359755207735759,14.54255199432373,10446200,0.0,0.0
2002-07-09 00:00:00-04:00,14.496853735979295,14.529859104111516,14.248046198242397,14.329289436340332,18088000,0.0,0.0
2002-07-10 00:00:00-04:00,14.329287388791647,14.458769446849063,13.798667021007336,13.887527465820312,15884200,0.0,0.0
2002-07-11 00:00:00-04:00,13.7098073057162,13.811361821304946,13.242658277300118,13.48384952545166,25808200,0.0,0.0
2002-07-12 00:00:00-04:00,13.455921546060585,13.455921546060585,12.871985521723115,12.960844993591309,17365800,0.0,0.0
2002-07-15 00:00:00-04:00,12.884684856121359,13.265512979947605,12.539400535559533,13.202041625976562,18263000,0.0,0.0
2002-07-16 00:00:00-04:00,12.960844367191507,13.125870199537408,12.717114711707719,12.788202285766602,13761800,0.0,0.0
2002-07-17 00:00:00-04:00,12.998928904636632,13.189342899425755,12.630794987678527,12.694266319274902,19555200,0.0,0.0
2002-07-18 00:00:00-04:00,12.706954718457862,12.785659483155477,12.003692562145034,12.168718338012695,15981000,0.0,0.0
2002-07-19 00:00:00-04:00,11.914840066623555,11.98338923029817,11.358831474812721,11.447690963745117,20025800,0.0,0.0
2002-07-22 00:00:00-04:00,11.470531977543015,12.008768262985347,11.399444440360552,11.650790214538574,23931200,0.0,0.0
2002-07-23 00:00:00-04:00,11.348673707225126,11.673646598588705,11.221731050474276,11.318207740783691,23664800,0.0,0.0
2002-07-24 00:00:00-04:00,11.069400105019314,11.95799876840146,11.069400105019314,11.894527435302734,26732200,0.0,0.0
2002-07-25 00:00:00-04:00,11.85644559215653,12.24996767613638,11.653337513505226,12.074787139892578,14898000,0.0,0.0
2002-07-26 00:00:00-04:00,12.084937178188326,12.18903008906806,11.894523245957448,12.046854972839355,10545200,0.0,0.0
2002-07-29 00:00:00-04:00,12.186493085465735,12.592709134249743,12.153487728847203,12.549549102783203,12973200,0.0,0.0
2002-07-30 00:00:00-04:00,12.49115338417231,12.49115338417231,12.087475833789156,12.224574089050293,10814600,0.0,0.0
2002-07-31 00:00:00-04:00,12.224579265891,12.691728320963676,12.224579265891,12.679033279418945,14246800,0.0,0.0
2002-08-01 00:00:00-04:00,12.656180450681559,12.884677583401139,12.554626922747097,12.676491737365723,11129800,0.0,0.0
2002-08-02 00:00:00-04:00,12.694264987001858,12.907528677523311,12.51654508348472,12.719653129577637,8567400,0.0,0.0
2002-08-05 00:00:00-04:00,12.719653926964355,12.719653926964355,12.211883295652475,12.277894020080566,9946400,0.0,0.0
2002-08-06 00:00:00-04:00,12.435305855658518,12.63079771541306,12.072249683042353,12.15349292755127,10717200,0.0,0.0
2002-08-07 00:00:00-04:00,12.260117312164631,12.442914009094238,12.084935893300742,12.442914009094238,9408400,0.0,0.0
2002-08-08 00:00:00-04:00,12.453075315914246,12.90245246887207,12.399759628740187,12.90245246887207,8422000,0.0,0.0
2002-08-09 00:00:00-04:00,12.8821395576322,13.059858479170972,12.767890987717646,12.97353744506836,8503400,0.0,0.0
2002-08-12 00:00:00-04:00,12.745041699270955,12.96084380748502,12.709497913776453,12.899911880493164,7161800,0.0,0.0
2002-08-13 00:00:00-04:00,12.694266083264386,13.06239999337818,12.68411043795882,12.760275840759277,7377800,0.0,0.0
2002-08-14 00:00:00-04:00,12.760271999784042,13.227420889771299,12.587630924034405,13.189338684082031,9480800,0.0,0.0
2002-08-15 00:00:00-04:00,13.202040421544453,13.346755017916326,12.950693456611463,13.052248001098633,10489200,0.0,0.0
2002-08-16 00:00:00-04:00,13.052245355610633,13.379757678279367,13.01162373974832,13.250275611877441,9989400,0.0,0.0
2002-08-19 00:00:00-04:00,13.313744324139092,13.313744324139092,13.01669899826231,13.125869750976562,9767400,0.0,0.0
2002-08-20 00:00:00-04:00,12.998932950333261,13.189347004385517,12.927844378243163,13.10810375213623,8636000,0.0,0.0
2002-08-21 00:00:00-04:00,13.227418587356864,13.407677816159381,13.037004686568645,13.38990592956543,8965200,0.0,0.0
2002-08-22 00:00:00-04:00,13.38990989988015,13.453381218963115,13.143640871919699,13.3035888671875,6997800,0.0,0.0
2002-08-23 00:00:00-04:00,13.303591523084295,13.557476850101205,13.252814263981781,13.379756927490234,7769400,0.0,0.0
2002-08-26 00:00:00-04:00,13.379755079782427,13.516853369877616,13.229962718788542,13.45845890045166,6329600,0.0,0.0
2002-08-27 00:00:00-04:00,13.463536012833885,13.506697013809028,13.202034485821738,13.334054946899414,7990600,0.0,0.0
2002-08-28 00:00:00-04:00,13.252813462329394,13.262969107234722,12.897373638607736,13.019238471984863,8312000,0.0,0.0
2002-08-29 00:00:00-04:00,12.859297315250235,13.01924443756875,12.694271399656284,12.795825958251953,7309200,0.0,0.0
2002-08-30 00:00:00-04:00,12.74504821550192,13.227429930050231,12.732354138263071,12.948156356811523,9969000,0.0,0.0
2002-09-03 00:00:00-04:00,12.79581884631547,12.869444843455033,12.562243878765189,12.67395305633545,10677800,0.0,0.0
2002-09-04 00:00:00-04:00,12.694268179411935,12.910070351063618,12.694268179411935,12.821210861206055,9965400,0.0,0.0
2002-09-05 00:00:00-04:00,12.706955696340566,12.73996104775312,12.460687679326195,12.52923583984375,7905000,0.0,0.0
2002-09-06 00:00:00-04:00,12.630794178461466,12.770430905328253,12.470846161907206,12.666337966918945,5966000,0.0,0.0
2002-09-09 00:00:00-04:00,12.582555326895292,12.965921688835103,12.569860287592986,12.783123970031738,5963400,0.0,0.0
2002-09-10 00:00:00-04:00,12.821210075530557,12.986235939148553,12.709500871055688,12.940536499023438,5660800,0.0,0.0
2002-09-11 00:00:00-04:00,13.14699167416766,13.149540100792057,12.983864173192899,13.024645805358887,5970600,0.1,0.0
2002-09-12 00:00:00-04:00,12.833489739631888,12.879369226019387,12.581153536812062,12.629581451416016,6457800,0.0,0.0
2002-09-13 00:00:00-04:00,12.565862603212747,12.718794579674867,12.51743467877113,12.655073165893555,7089800,0.0,0.0
2002-09-16 00:00:00-04:00,12.706041391870817,12.9736719364164,12.629575938705361,12.917596817016602,7943400,0.0,0.0
2002-09-17 00:00:00-04:00,13.050139841993564,13.101117144453967,12.474097977119996,12.47664737701416,11016200,0.0,0.0
2002-09-18 00:00:00-04:00,12.412922230173468,12.726431232673265,12.374689021837275,12.565853118896484,8992800,0.0,0.0
2002-09-19 00:00:00-04:00,12.234508103291155,12.310973584474455,11.989818174580055,12.150395393371582,12532600,0.0,0.0
2002-09-20 00:00:00-04:00,12.183524483827284,12.361944495753942,12.022946375862208,12.112156867980957,17571600,0.0,0.0
2002-09-23 00:00:00-04:00,12.010205015280432,12.155489678876929,11.829236535686348,11.979619026184082,7769800,0.0,0.0
2002-09-24 00:00:00-04:00,11.95412842875108,12.209013888022438,11.903151142434634,12.030593872070312,9446400,0.0,0.0
2002-09-25 00:00:00-04:00,12.18352627708928,12.527622273375338,12.030595371391689,12.359397888183594,10466000,0.0,0.0
2002-09-26 00:00:00-04:00,12.35939442736018,12.407822307064624,12.109605860455302,12.344100952148438,10570000,0.0,0.0
2002-09-27 00:00:00-04:00,12.34410440868944,12.565854513644242,12.28548086242833,12.359397888183594,8752400,0.0,0.0
2002-09-30 00:00:00-04:00,12.183523522440218,12.361943520287971,12.094314009671725,12.224305152893066,10303000,0.0,0.0
2002-10-01 00:00:00-04:00,12.336450955714554,12.769755259757616,12.298217765447028,12.759560585021973,11120400,0.0,0.0
2002-10-02 00:00:00-04:00,12.782504736264785,12.999156963397102,12.693294252149137,12.718783378601074,11077400,0.0,0.0
2002-10-03 00:00:00-04:00,12.82073757079288,13.101112141093488,12.76976028780088,12.902300834655762,11420000,0.0,0.0
2002-10-04 00:00:00-04:00,13.050135447584935,13.175028775630514,12.922692720503658,12.97367000579834,10234200,0.0,0.0
2002-10-07 00:00:00-04:00,12.955826685374781,13.226004614970503,12.746819741285538,12.777406692504883,12451400,0.0,0.0
2002-10-08 00:00:00-04:00,12.999161180111608,13.463052736597373,12.937988229094211,13.284632682800293,14686400,0.0,0.0
2002-10-09 00:00:00-04:00,13.12660029982648,13.381485742541559,13.00170600507934,13.159735679626465,11657800,0.0,0.0
2002-10-10 00:00:00-04:00,13.101114886924023,13.25404579564164,12.851326245141706,13.11640739440918,12181800,0.0,0.0
2002-10-11 00:00:00-04:00,13.101117954333576,13.254048898857437,12.92779569864054,13.113862037658691,12385000,0.0,0.0
2002-10-14 00:00:00-04:00,13.050138645108563,13.427369093020229,13.039942991089337,13.394233703613281,8373800,0.0,0.0
2002-10-15 00:00:00-04:00,13.39422758901484,13.534414364693765,13.062876763143569,13.376385688781738,13850800,0.0,0.0
2002-10-16 00:00:00-04:00,12.744272963567946,12.744272963567946,11.949030602888348,12.030593872070312,37382000,0.0,0.0
2002-10-17 00:00:00-04:00,12.15803620927549,12.196268443545637,11.360244475259785,11.69924259185791,33108000,0.0,0.0
2002-10-18 00:00:00-04:00,11.597286016367264,11.890404623287624,11.50042928947809,11.82413387298584,17405000,0.0,0.0
2002-10-21 00:00:00-04:00,12.005104540284416,12.259989995257,11.954128227138577,12.234501838684082,15011400,0.0,0.0
2002-10-22 00:00:00-04:00,12.234503489834445,12.423119179786223,12.063730678664776,12.203917503356934,10844600,0.0,0.0
2002-10-23 00:00:00-04:00,12.206469402086835,12.280386448382034,12.038244970149186,12.219213485717773,10801200,0.0,0.0
2002-10-24 00:00:00-04:00,12.259991246239238,12.280382551426936,11.85727269189169,11.951580047607422,10427200,0.0,0.0
2002-10-25 00:00:00-04:00,11.961774906249383,12.017850019482669,11.81903869634233,11.971970558166504,9369200,0.0,0.0
2002-10-28 00:00:00-05:00,11.974517713232558,11.974517713232558,11.64061744074044,11.706888198852539,9626800,0.0,0.0
2002-10-29 00:00:00-05:00,11.661009455193305,11.82413598926999,11.474943191492658,11.821587562561035,11569200,0.0,0.0
2002-10-30 00:00:00-05:00,11.775710277786267,12.000009789715715,11.752770543926312,11.941385269165039,10282800,0.0,0.0
2002-10-31 00:00:00-05:00,11.908249356049422,12.020398611748673,11.699243350426201,11.847076416015625,11850000,0.0,0.0
2002-11-01 00:00:00-05:00,11.847073589494432,11.994907592123937,11.635519207485768,11.936284065246582,10783000,0.0,0.0
2002-11-04 00:00:00-05:00,11.938835110500646,11.954128588292948,11.597288551626251,11.648265838623047,13604200,0.0,0.0
2002-11-05 00:00:00-05:00,11.686502759146965,11.839434681439785,11.683954331315489,11.816494941711426,10645200,0.0,0.0
2002-11-06 00:00:00-05:00,11.803744015239916,11.806292441594056,11.444355616042442,11.571798324584961,19806600,0.0,0.0
2002-11-07 00:00:00-05:00,11.52081738569076,11.569245249515953,11.367885600651045,11.42396068572998,11576200,0.0,0.0
2002-11-08 00:00:00-05:00,11.380634270230475,11.520821055269307,11.337303243692245,11.347498893737793,10365600,0.0,0.0
2002-11-11 00:00:00-05:00,11.344950529654259,11.467296396736556,11.281229169524675,11.357695579528809,8224600,0.0,0.0
2002-11-12 00:00:00-05:00,11.495336559202482,11.574351420407854,11.268488602048688,11.293977737426758,11236800,0.0,0.0
2002-11-13 00:00:00-05:00,11.342403757329249,11.686498763290146,11.316915598484345,11.528470039367676,11831600,0.0,0.0
2002-11-14 00:00:00-05:00,11.661005822188118,11.704335868916699,11.502977163074267,11.505525588989258,9944400,0.0,0.0
2002-11-15 00:00:00-05:00,11.505527613633225,11.72472922869595,11.472392237044259,11.717082977294922,13655600,0.0,0.0
2002-11-18 00:00:00-05:00,11.775708571810181,11.798648302346802,11.620228283985414,11.704339981079102,8862400,0.0,0.0
2002-11-19 00:00:00-05:00,11.704337420578458,12.020395753017027,11.686495519876592,11.82413387298584,11389800,0.0,0.0
2002-11-20 00:00:00-05:00,11.900602229309305,11.900602229309305,11.574349139258887,11.745122909545898,11292800,0.0,0.0
2002-11-21 00:00:00-05:00,11.852172701921996,11.852172701921996,11.449453248781928,11.663557052612305,16084800,0.0,0.0
2002-11-22 00:00:00-05:00,11.72472800855581,11.77060745680892,11.40612126919288,11.574345588684082,9489600,0.0,0.0
2002-11-25 00:00:00-05:00,11.482588413529381,11.571798897310883,11.411220804352782,11.497881889343262,10346400,0.0,0.0
2002-11-26 00:00:00-05:00,11.42363611189005,11.5695677401606,11.413396032635209,11.469719886779785,10625800,0.1,0.0
2002-11-27 00:00:00-05:00,11.520927365044251,11.876795854057486,11.469723048093611,11.835832595825195,10498000,0.0,0.0
2002-11-29 00:00:00-05:00,11.815350210477988,11.815350210477988,11.654056970897429,11.684779167175293,5242200,0.0,0.0
2002-12-02 00:00:00-05:00,11.823034147343922,11.82559392421967,11.533730528318953,11.572134017944336,10058000,0.0,0.0
2002-12-03 00:00:00-05:00,11.648933188935576,11.746221256060819,11.467158861480028,11.495321273803711,13710800,0.0,0.0
2002-12-04 00:00:00-05:00,11.444120172490168,11.828151044207013,11.42619880994133,11.684779167175293,12994600,0.0,0.0
2002-12-05 00:00:00-05:00,11.687338910907899,11.723181632911182,11.469720849737936,11.528605461120605,8642800,0.0,0.0
2002-12-06 00:00:00-05:00,11.469724771730073,11.679661623799394,11.469724771730073,11.623337745666504,7989600,0.0,0.0
2002-12-09 00:00:00-05:00,11.572131462533479,11.697581011210275,11.485084418360538,11.546528816223145,8486400,0.0,0.0
2002-12-10 00:00:00-05:00,11.549089297410966,11.90495777130127,11.546528544519642,11.90495777130127,12368400,0.0,0.0
2002-12-11 00:00:00-05:00,11.892152896925312,12.009922097251334,11.782063999382066,11.968958854675293,15685200,0.0,0.0
2002-12-12 00:00:00-05:00,11.853756566362094,11.856317319925232,11.610536739854437,11.743667602539062,11997200,0.0,0.0
2002-12-13 00:00:00-05:00,11.45691846331842,11.88447227014518,11.392913332238429,11.738540649414062,15263600,0.0,0.0
2002-12-16 00:00:00-05:00,11.738540219645214,11.774383912115976,11.597729131752738,11.707818031311035,12417200,0.0,0.0
2002-12-17 00:00:00-05:00,11.738539744937015,11.766702156704769,11.48251924034392,11.50044059753418,11792200,0.0,0.0
2002-12-18 00:00:00-05:00,11.495324802217535,11.505564883499577,11.359633226339326,11.403157234191895,11923600,0.0,0.0
2002-12-19 00:00:00-05:00,11.354509333622875,11.392912801136939,11.154813646487536,11.295624732971191,13308200,0.0,0.0
2002-12-20 00:00:00-05:00,11.328912938755073,11.351954834645307,11.236745355194135,11.28538990020752,16630800,0.0,0.0
2002-12-23 00:00:00-05:00,11.290506570929901,11.418516853941084,11.234182710520829,11.364752769470215,10149600,0.0,0.0
2002-12-24 00:00:00-05:00,11.226500561853644,11.357071587353609,11.226500561853644,11.3237886428833,3392600,0.0,0.0
2002-12-26 00:00:00-05:00,11.316102636751523,11.444112845364911,11.290500009044615,11.303301811218262,4606400,0.0,0.0
2002-12-27 00:00:00-05:00,11.264908735103639,11.334034428629638,11.06777271504237,11.129218101501465,6725200,0.0,0.0
2002-12-30 00:00:00-05:00,11.154815472788275,11.20601977897677,10.983282170193856,11.139453887939453,10272400,0.0,0.0
2002-12-31 00:00:00-05:00,11.126657494766587,11.290510558629673,11.075453168149046,11.223945617675781,8993400,0.0,0.0
2003-01-02 00:00:00-05:00,11.303309334450484,11.518366667123985,11.277706689703022,11.482522964477539,9358800,0.0,0.0
2003-01-03 00:00:00-05:00,11.485073595150496,11.500434191820206,11.321220719739085,11.454351425170898,6184400,0.0,0.0
2003-01-06 00:00:00-05:00,11.418514114195649,11.559326173034425,11.35194921272336,11.50044059753418,7796000,0.0,0.0
2003-01-07 00:00:00-05:00,11.392920337753772,11.45692550819059,11.316114328557868,11.357077598571777,7628000,0.0,0.0
2003-01-08 00:00:00-05:00,11.41851701300195,11.456920489096648,11.239303395602596,11.28282642364502,6403600,0.0,0.0
2003-01-09 00:00:00-05:00,11.23930340912456,11.43899914111893,11.188099099817013,11.400595664978027,9030200,0.0,0.0
2003-01-10 00:00:00-05:00,11.354515871136018,11.618217814838271,11.344275786991718,11.572134017944336,10570200,0.0,0.0
2003-01-13 00:00:00-05:00,11.597728771755001,11.764142491961051,11.54652447502693,11.715497970581055,9982800,0.0,0.0
2003-01-14 00:00:00-05:00,11.648933430070208,11.712938558806858,11.526043700092734,11.707818031311035,10436800,0.0,0.0
2003-01-15 00:00:00-05:00,11.707817788957483,11.71293831634731,11.479959691634228,11.495321273803711,8891200,0.0,0.0
2003-01-16 00:00:00-05:00,11.541410729931263,11.710384310483064,11.52348838691646,11.692461967468262,7965400,0.0,0.0
2003-01-17 00:00:00-05:00,11.648937448182286,11.779507526121147,11.53116820507804,11.546528816223145,10638400,0.0,0.0
2003-01-21 00:00:00-05:00,11.572128518260367,11.67197637186384,11.395473721908827,11.449238777160645,7587600,0.0,0.0
2003-01-22 00:00:00-05:00,11.451799722080597,11.669417787684791,11.36987321964919,11.405715942382812,8775000,0.0,0.0
2003-01-23 00:00:00-05:00,11.408276160623684,11.47228129869052,11.231621354509038,11.239302635192871,11129000,0.0,0.0
2003-01-24 00:00:00-05:00,11.264906176086347,11.270026705181495,10.94488043244753,10.965362548828125,11273200,0.0,0.0
2003-01-27 00:00:00-05:00,10.84247139710658,10.947439798016921,10.629974819154878,10.699100494384766,13448600,0.0,0.0
2003-01-28 00:00:00-05:00,10.752861672760591,10.752861672760591,10.496841156742482,10.522442817687988,17152600,0.0,0.0
2003-01-29 00:00:00-05:00,10.522441974723245,10.522441974723245,10.192176277764823,10.381630897521973,26361200,0.0,0.0
2003-01-30 00:00:00-05:00,10.432837639626918,10.437958167935301,10.036005973815918,10.036005973815918,24866000,0.0,0.0
2003-01-31 00:00:00-05:00,10.061609137424087,10.381634879559973,10.023206634352416,10.358592987060547,23750000,0.0,0.0
2003-02-03 00:00:00-05:00,10.381630092682936,10.399551447847884,10.263860908273104,10.27922248840332,12605400,0.0,0.0
2003-02-04 00:00:00-05:00,10.24338132880893,10.386753182143632,10.164015586822218,10.325308799743652,12553800,0.0,0.0
2003-02-05 00:00:00-05:00,10.381629423610773,10.432833710770886,10.204975658380954,10.253619194030762,11931800,0.0,0.0
2003-02-06 00:00:00-05:00,10.25362091992456,10.317626045487934,10.151213305007584,10.217778205871582,10054200,0.0,0.0
2003-02-07 00:00:00-05:00,10.266425551042104,10.30226925500758,10.112813583468629,10.12049388885498,9516400,0.0,0.0
2003-02-10 00:00:00-05:00,10.16401512454439,10.31506727464875,10.074407354045405,10.256182670593262,9055200,0.0,0.0
2003-02-11 00:00:00-05:00,10.215222125803756,10.26898621633173,9.946399719881764,9.984803199768066,15029400,0.0,0.0
2003-02-12 00:00:00-05:00,10.0820925575483,10.30483022942034,10.064171191802343,10.174260139465332,18589400,0.0,0.0
2003-02-13 00:00:00-05:00,10.184499153006945,10.31507020589431,10.061609382233653,10.235703468322754,10950400,0.0,0.0
2003-02-14 00:00:00-05:00,10.279227755499987,10.496844880662149,10.215222603788632,10.445640563964844,10808000,0.0,0.0
2003-02-18 00:00:00-05:00,10.48404032626973,10.62997194226879,10.40723436679245,10.522442817687988,9979800,0.0,0.0
2003-02-19 00:00:00-05:00,10.545482364275129,10.545482364275129,10.317624311818983,10.412351608276367,7042800,0.0,0.0
2003-02-20 00:00:00-05:00,10.363708069600815,10.445634538400778,10.248498667650695,10.253619194030762,8909400,0.0,0.0
2003-02-21 00:00:00-05:00,10.317626562164106,10.414914631351733,10.240820602969983,10.40467357635498,11297600,0.0,0.0
2003-02-24 00:00:00-05:00,10.402114415438975,10.402114415438975,10.194737434387207,10.194737434387207,8390400,0.0,0.0
2003-02-25 00:00:00-05:00,10.164017795082591,10.353472488058262,10.112813480863927,10.338111877441406,11328800,0.0,0.0
2003-02-26 00:00:00-05:00,10.317626483445922,10.32274701090523,10.117930795736624,10.169135093688965,9374600,0.0,0.0
2003-02-27 00:00:00-05:00,10.202417073163055,10.402113737825294,10.16657435753261,10.307385444641113,9354000,0.0,0.0
2003-02-28 00:00:00-05:00,10.307389740765071,10.404677849912254,10.228023973543904,10.297149658203125,8920800,0.0,0.0
2003-03-03 00:00:00-05:00,10.281785356043029,10.353470798264715,10.038565635681152,10.038565635681152,11912800,0.0,0.0
2003-03-04 00:00:00-05:00,10.043685117577992,10.043685117577992,9.808146702450387,9.823507308959961,12807600,0.0,0.0
2003-03-05 00:00:00-05:00,9.587971405690535,9.823509882524545,9.475321719690742,9.61357307434082,23918800,0.0,0.0
2003-03-06 00:00:00-05:00,9.61357307434082,9.667337164491055,9.523966257423764,9.61357307434082,14582000,0.0,0.0
2003-03-07 00:00:00-05:00,9.511167333593589,9.687821226703319,9.511167333593589,9.651978492736816,14152600,0.0,0.0
2003-03-10 00:00:00-05:00,9.575166011496934,9.626369324413556,9.475317207372104,9.490678787231445,11275400,0.0,0.0
2003-03-11 00:00:00-05:00,9.498361320439002,9.779984490849502,9.498361320439002,9.641733169555664,12187600,0.0,0.0
2003-03-12 00:00:00-05:00,9.657183902197778,9.850327580241732,9.65203328623106,9.798822402954102,17142400,0.11,0.0
2003-03-13 00:00:00-05:00,9.935312557769679,10.159358978271484,9.914710091232665,10.159358978271484,16248600,0.0,0.0
2003-03-14 00:00:00-05:00,10.210868221249735,10.303576410380549,10.161937834963403,10.275249481201172,13410200,0.0,0.0
2003-03-17 00:00:00-05:00,10.275247875963814,10.555950164794924,10.223742679572984,10.555950164794922,14134200,0.0,0.0
2003-03-18 00:00:00-05:00,10.563669694069596,10.563669694069596,10.378251483685467,10.550793647766113,12957600,0.0,0.0
2003-03-19 00:00:00-05:00,10.550797457873227,10.777418705314293,10.496716472061873,10.767118453979492,12900000,0.0,0.0
2003-03-20 00:00:00-05:00,10.767123595341323,10.777423851594554,10.545651876623813,10.695015907287598,9475400,0.0,0.0
2003-03-21 00:00:00-05:00,10.803171031530768,10.893304364258746,10.635779433744924,10.880428314208984,13678800,0.0,0.0
2003-03-24 00:00:00-05:00,10.764542113048659,10.813472479542213,10.499291743706557,10.535345077514648,9899400,0.0,0.0
2003-03-25 00:00:00-05:00,10.532773929541092,10.607455440282182,10.44779019963501,10.558526039123535,10120200,0.0,0.0
2003-03-26 00:00:00-05:00,10.571399647817334,10.573975447607575,10.470965068353168,10.488991737365723,9894800,0.0,0.0
2003-03-27 00:00:00-05:00,10.424614489398493,10.62290890687919,10.33705592820416,10.52247428894043,8500400,0.0,0.0
2003-03-28 00:00:00-05:00,10.522470257980371,10.579126064808273,10.41173444411481,10.488991737365723,7672600,0.0,0.0
2003-03-31 00:00:00-05:00,10.38340523422376,10.476114367411775,10.226314867697363,10.424609184265137,11954400,0.0,0.0
2003-04-01 00:00:00-05:00,10.4297608938462,10.450363362215837,10.270095693500567,10.401432991027832,13867600,0.0,0.0
2003-04-02 00:00:00-05:00,10.597145000069565,10.746508860365584,10.558515890445577,10.674402236938477,10338600,0.0,0.0
2003-04-03 00:00:00-05:00,10.674409505198188,10.697586790278299,10.54564702861529,10.610028266906738,8541200,0.0,0.0
2003-04-04 00:00:00-05:00,10.844373686724232,10.970560337481658,10.597150018710904,10.79029369354248,8908400,0.0,0.0
2003-04-07 00:00:00-04:00,10.957687297720806,10.986015201655078,10.713038379282755,10.738791465759277,10194400,0.0,0.0
2003-04-08 00:00:00-04:00,10.803175043336639,10.828927152999318,10.715616495151506,10.777421951293945,6925600,0.0,0.0
2003-04-09 00:00:00-04:00,10.810897889079202,10.986014943485117,10.669259355116123,10.731064796447754,8999200,0.0,0.0
2003-04-10 00:00:00-04:00,10.77741533390228,10.785141747961033,10.635776852964309,10.671830177307129,6655400,0.0,0.0
2003-04-11 00:00:00-04:00,10.751667940227387,10.803173132824204,10.635781502479507,10.669260025024414,6974600,0.0,0.0
2003-04-14 00:00:00-04:00,10.66926309926938,10.942240011022282,10.66926309926938,10.921637535095215,6648400,0.0,0.0
2003-04-15 00:00:00-04:00,10.94480733625593,11.0349406507792,10.813470080467818,10.952532768249512,7816600,0.0,0.0
2003-04-16 00:00:00-04:00,10.468393261055478,10.738794356375495,10.174813890477676,10.275249481201172,30495000,0.0,0.0
2003-04-17 00:00:00-04:00,10.280392249638082,10.463235652359607,10.043469842836366,10.40400505065918,23306200,0.0,0.0
2003-04-21 00:00:00-04:00,10.44263533369566,10.507016563844683,10.280394358653831,10.329324722290039,7049600,0.0,0.0
2003-04-22 00:00:00-04:00,10.275241778046508,10.414304448680102,10.218585997401393,10.40657901763916,13456200,0.0,0.0
2003-04-23 00:00:00-04:00,10.373107284896832,10.429763102531433,10.223743287105572,10.301000595092773,12061000,0.0,0.0
2003-04-24 00:00:00-04:00,10.288118956910509,10.326747098748559,10.107851347861299,10.277817726135254,11738600,0.0,0.0
2003-04-25 00:00:00-04:00,10.313868445985404,10.337045718184978,10.107848794422065,10.151627540588379,10260400,0.0,0.0
2003-04-28 00:00:00-04:00,10.259792019596853,10.442634462189577,10.236614739382317,10.385979652404785,11037600,0.0,0.0
2003-04-29 00:00:00-04:00,10.385982276520926,10.558523530972575,10.385982276520926,10.514744758605957,10469400,0.0,0.0
2003-04-30 00:00:00-04:00,10.460659853549489,10.519890455249918,10.33447321847709,10.40400505065918,12709600,0.0,0.0
2003-05-01 00:00:00-04:00,10.40400924938884,10.452938640353969,10.156784529953965,10.41430950164795,10425800,0.0,0.0
2003-05-02 00:00:00-04:00,10.352506215323956,10.581703330699739,10.347355596931465,10.558526039123535,10687800,0.0,0.0
2003-05-05 00:00:00-04:00,10.558520803795233,10.584272900608777,10.378253178961849,10.437483787536621,7072000,0.0,0.0
2003-05-06 00:00:00-04:00,10.519895168784545,10.635781607678666,10.460664540545295,10.563674926757812,10097000,0.0,0.0
2003-05-07 00:00:00-04:00,10.947388791440295,11.194613571329299,10.883007532773584,11.143108367919922,31069400,0.0,0.0
2003-05-08 00:00:00-04:00,11.086448062912801,11.166281145034295,11.001465346674765,11.042669296264648,15021800,0.0,0.0
2003-05-09 00:00:00-04:00,11.228088074374936,11.377453025528458,11.181733502112102,11.328523635864258,16121800,0.0,0.0
2003-05-12 00:00:00-04:00,11.328516904195363,11.516509898938239,11.29761321946398,11.459854125976562,10735400,0.0,0.0
2003-05-13 00:00:00-04:00,11.408354298728844,11.449558248581123,11.235813065716062,11.395478248596191,9108200,0.0,0.0
2003-05-14 00:00:00-04:00,11.485611581904411,11.490762198433403,11.30534491528797,11.395478248596191,7854800,0.0,0.0
2003-05-15 00:00:00-04:00,11.459856367331426,11.583468183295766,11.446980320697941,11.495909690856934,8908800,0.0,0.0
2003-05-16 00:00:00-04:00,11.524235017592307,11.58346560482516,11.318215370178223,11.318215370178223,9979000,0.0,0.0
2003-05-19 00:00:00-04:00,11.253843190422636,11.426384476453352,11.233240717976006,11.359428405761719,9228400,0.0,0.0
2003-05-20 00:00:00-04:00,11.382603686204163,11.477887648495278,11.323373061948619,11.465011596679688,12090000,0.0,0.0
2003-05-21 00:00:00-04:00,11.395478206316184,11.42380610593071,11.282167590237737,11.36715030670166,10507000,0.0,0.0
2003-05-22 00:00:00-04:00,11.367152882258376,11.555146006755903,11.354276829256055,11.4675874710083,10194600,0.0,0.0
2003-05-23 00:00:00-04:00,11.408354718082697,11.513939904859043,11.343973482673222,11.380026817321777,5883000,0.0,0.0
2003-05-27 00:00:00-04:00,11.325946315684257,11.549992729958696,11.292467799681983,11.501063346862793,8908200,0.0,0.0
2003-05-28 00:00:00-04:00,11.467588899322696,11.488191372596393,11.362003679744989,11.372304916381836,10108800,0.0,0.0
2003-05-29 00:00:00-04:00,11.42123275370744,11.665881687259542,11.42123275370744,11.490764617919922,14845000,0.0,0.0
2003-05-30 00:00:00-04:00,11.609226858130805,11.8332733212262,11.586049570060256,11.735413551330566,11478200,0.0,0.0
2003-06-02 00:00:00-04:00,11.830694827456082,11.90280247524593,11.67618026375431,11.794641494750977,9052200,0.0,0.0
2003-06-03 00:00:00-04:00,11.859023628628753,11.944007332793914,11.781766340902058,11.874475479125977,7629800,0.0,0.0
2003-06-04 00:00:00-04:00,11.820395075334316,12.018688413572976,11.79464199204511,11.998086929321289,7991000,0.0,0.0
2003-06-05 00:00:00-04:00,11.998091508814808,12.06504758616353,11.92598481284233,12.04702091217041,7891800,0.0,0.0
2003-06-06 00:00:00-04:00,12.067621511171353,12.168056102775381,12.026417550965087,12.075346946716309,8624800,0.0,0.0
2003-06-09 00:00:00-04:00,11.949159128881513,12.101098902103397,11.949159128881513,12.070195198059082,6309400,0.0,0.0
2003-06-10 00:00:00-04:00,12.0701946610866,12.0701946610866,11.918254894624132,12.000662803649902,8389400,0.0,0.0
2003-06-11 00:00:00-04:00,12.000659063595569,12.109332084655762,11.796249157842254,12.109332084655762,8274400,0.11,0.0
2003-06-12 00:00:00-04:00,12.034291323151164,12.27751350402832,12.023942220144473,12.27751350402832,8487200,0.0,0.0
2003-06-13 00:00:00-04:00,12.264585110825925,12.311159562128372,12.16367314164421,12.251646995544434,6256000,0.0,0.0
2003-06-16 00:00:00-04:00,12.277519706972363,12.471579551696776,12.238707343211717,12.471579551696777,8161800,0.0,0.0
2003-06-17 00:00:00-04:00,12.445706575662367,12.507806171558846,12.104161265830706,12.212835311889648,18057400,0.0,0.0
2003-06-18 00:00:00-04:00,12.08605030476502,12.225773669303733,12.073113175538776,12.161087036132812,10643600,0.0,0.0
2003-06-19 00:00:00-04:00,12.10933351177075,12.1352087486721,11.886811409615957,11.933385848999023,10096200,0.0,0.0
2003-06-20 00:00:00-04:00,11.99031230326916,12.07569813111888,11.928212711800667,12.02394962310791,14901800,0.0,0.0
2003-06-23 00:00:00-04:00,11.974788132052678,12.109336435305355,11.845414877429674,12.096399307250977,10415200,0.0,0.0
2003-06-24 00:00:00-04:00,12.070524143187468,12.23870876932263,12.049823950225864,12.205071449279785,8915600,0.0,0.0
2003-06-25 00:00:00-04:00,12.20766024758522,12.282696971310253,12.060174817940618,12.067936897277832,9179400,0.0,0.0
2003-06-26 00:00:00-04:00,12.031712406415624,12.145560512561437,11.97737587759873,12.130036354064941,8056600,0.0,0.0
2003-06-27 00:00:00-04:00,12.122272743464631,12.223184704358616,12.013599690710464,12.03429889678955,6847400,0.0,0.0
2003-06-30 00:00:00-04:00,11.992900566362929,12.060175212954233,11.873877406442466,12.00842571258545,13898000,0.0,0.0
2003-07-01 00:00:00-04:00,11.967026568105965,12.0679375531323,11.876465680784804,12.029126167297363,11637800,0.0,0.0
2003-07-02 00:00:00-04:00,12.018774979471333,12.036887155292764,11.912688955214573,12.000662803649902,8860000,0.0,0.0
2003-07-03 00:00:00-04:00,11.941150008267213,12.018773752008519,11.876463390642883,11.961849212646484,6110800,0.0,0.0
2003-07-07 00:00:00-04:00,11.961845586303848,11.992894876979605,11.630650520324707,11.630650520324707,21706800,0.0,0.0
2003-07-08 00:00:00-04:00,11.630658288525568,11.630658288525568,11.410723116158188,11.441773414611816,23908400,0.0,0.0
2003-07-09 00:00:00-04:00,11.410726269786801,11.514225319157058,11.302053156284112,11.353802680969238,15254400,0.0,0.0
2003-07-10 00:00:00-04:00,11.379672878949608,11.475408823793487,11.335686440278542,11.387434959411621,12264000,0.0,0.0
2003-07-11 00:00:00-04:00,11.216658634058392,11.413306496187875,11.216658634058392,11.361557006835938,14111800,0.0,0.0
2003-07-14 00:00:00-04:00,11.42366098310807,11.573733474178283,11.39002365404207,11.457297325134277,14658800,0.0,0.0
2003-07-15 00:00:00-04:00,11.462467273822558,11.496104587919534,11.307219802210797,11.382256507873535,11134400,0.0,0.0
2003-07-16 00:00:00-04:00,11.242539017131211,11.423661819229777,10.93980500745906,11.102815628051758,20595200,0.0,0.0
2003-07-17 00:00:00-04:00,11.457292340727054,11.584078533870896,11.415892948748539,11.581490516662598,22579200,0.0,0.0
2003-07-18 00:00:00-04:00,11.622887987705402,11.638413127271239,11.493514785774368,11.617713928222656,14723800,0.0,0.0
2003-07-21 00:00:00-04:00,11.643592834472656,11.679817187586902,11.55044393387054,11.643592834472656,10212600,0.0,0.0
2003-07-22 00:00:00-04:00,11.69534479468752,11.73156915542529,11.576321613109183,11.666882514953613,8531800,0.0,0.0
2003-07-23 00:00:00-04:00,11.708278393780143,11.721215520564263,11.558204959373722,11.687578201293945,7824200,0.0,0.0
2003-07-24 00:00:00-04:00,11.69275456446413,11.840239997877262,11.519394874572754,11.519394874572754,8869800,0.0,0.0
2003-07-25 00:00:00-04:00,11.516803912814378,11.661702278357097,11.333094172475128,11.653940200805664,9610600,0.0,0.0
2003-07-28 00:00:00-04:00,11.622892064158792,11.628067112495762,11.501281882878391,11.547856330871582,8532200,0.0,0.0
2003-07-29 00:00:00-04:00,11.578908098195715,11.716043453673578,11.475409083507671,11.607370376586914,11342000,0.0,0.0
2003-07-30 00:00:00-04:00,11.69534220669752,11.785903088502293,11.622892514214119,11.74191665649414,10619200,0.0,0.0
2003-07-31 00:00:00-04:00,11.765203170029931,11.961850067361631,11.63582992553711,11.63582992553711,13449000,0.0,0.0
2003-08-01 00:00:00-04:00,11.51422038158225,11.705693244697024,11.488346123855234,11.578907012939453,9515400,0.0,0.0
2003-08-04 00:00:00-04:00,11.514219445710628,11.664292892040462,11.449532819611129,11.615130424499512,6996200,0.0,0.0
2003-08-05 00:00:00-04:00,11.60477822289482,11.61512831808324,11.45470579082037,11.47799301147461,8277600,0.0,0.0
2003-08-06 00:00:00-04:00,11.423656076206337,11.509041890802239,11.35638144697139,11.410717964172363,8778400,0.0,0.0
2003-08-07 00:00:00-04:00,11.462471699227555,11.63324437874776,11.431422390325627,11.586669921875,7603600,0.0,0.0
2003-08-08 00:00:00-04:00,11.617718311849861,11.635830487991203,11.545268620244922,11.604780197143555,6387000,0.0,0.0
2003-08-11 00:00:00-04:00,11.591850165915814,11.60478730150256,11.470239906952191,11.545275688171387,5639400,0.0,0.0
2003-08-12 00:00:00-04:00,11.597016439145339,11.597016439145339,11.436593907813851,11.553030014038086,7505200,0.0,0.0
2003-08-13 00:00:00-04:00,11.57632491934991,11.57632491934991,11.43660149913601,11.516812324523926,7626800,0.0,0.0
2003-08-14 00:00:00-04:00,11.565971638482193,11.687581852693441,11.506460047051197,11.659120559692383,7240000,0.0,0.0
2003-08-15 00:00:00-04:00,11.674644339350008,11.674644339350008,11.594433538633625,11.6461820602417,4643000,0.0,0.0
2003-08-18 00:00:00-04:00,11.646181766815113,11.669468995767934,11.581495129395025,11.607370376586914,6087800,0.0,0.0
2003-08-19 00:00:00-04:00,11.568555120439589,11.609954518604455,11.369320208321321,11.462469100952148,8300000,0.0,0.0
2003-08-20 00:00:00-04:00,11.384850375907174,11.392612458037965,11.296876492611748,11.356388092041016,7283800,0.0,0.0
2003-08-21 00:00:00-04:00,11.366739155117191,11.434012842372049,11.247715946183195,11.283940315246582,8552400,0.0,0.0
2003-08-22 00:00:00-04:00,11.32015563291012,11.402954406576265,11.177845302361384,11.1985445022583,9080800,0.0,0.0
2003-08-25 00:00:00-04:00,11.242535366285518,11.402957916259766,11.198547949027045,11.402957916259766,6703200,0.0,0.0
2003-08-26 00:00:00-04:00,11.346035814061501,11.51422146624959,11.291699275492336,11.44435977935791,7485000,0.0,0.0
2003-08-27 00:00:00-04:00,11.4443638940163,11.4443638940163,11.320165623901733,11.374502182006836,6206400,0.0,0.0
2003-08-28 00:00:00-04:00,11.312397140611234,11.37449574701689,11.276172789034677,11.340859413146973,7210000,0.0,0.0
2003-08-29 00:00:00-04:00,11.307220307366176,11.343444653224635,11.234770628609859,11.260645866394043,7710800,0.0,0.0
2003-09-02 00:00:00-04:00,11.237360037832742,11.346033088868998,11.146799161969195,11.327920913696289,12356200,0.0,0.0
2003-09-03 00:00:00-04:00,11.327916130231964,11.408127862868147,11.258054489620921,11.30980396270752,13377400,0.0,0.0
2003-09-04 00:00:00-04:00,11.361554103974026,11.537501730592586,11.335679859428598,11.514214515686035,11328200,0.0,0.0
2003-09-05 00:00:00-04:00,11.51421828993046,11.591842036050185,11.37708297221763,11.423657417297363,7674400,0.0,0.0
2003-09-08 00:00:00-04:00,11.488344465512222,11.506456640714573,11.41071972945698,11.454707145690918,6593400,0.0,0.0
2003-09-09 00:00:00-04:00,11.39002081672618,11.591842766767654,11.387432799036674,11.475406646728516,8581200,0.0,0.0
2003-09-10 00:00:00-04:00,11.516801476115011,11.708274240533674,11.509039400205863,11.630650520324707,11486800,0.0,0.0
2003-09-11 00:00:00-04:00,11.739861371066295,11.747661625736159,11.54484706916748,11.565648078918457,11522200,0.11,0.0
2003-09-12 00:00:00-04:00,11.472046600812755,11.495448368028628,11.360238267658529,11.438244819641113,10193200,0.0,0.0
2003-09-15 00:00:00-04:00,11.438241832274171,11.438241832274171,11.303031767217373,11.310832023620605,10719000,0.0,0.0
2003-09-16 00:00:00-04:00,11.199024095360178,11.214625600584277,11.058613524026136,11.16002082824707,18932800,0.0,0.0
2003-09-17 00:00:00-04:00,11.160016521068618,11.271824785620186,11.108013507513947,11.183418273925781,9438000,0.0,0.0
2003-09-18 00:00:00-04:00,11.284831869376182,11.438243212481563,11.264029860598463,11.336834907531738,10341800,0.0,0.0
2003-09-19 00:00:00-04:00,11.336830513916118,11.342031014095081,11.209421731160464,11.227622985839844,11161200,0.0,0.0
2003-09-22 00:00:00-04:00,11.227628358025944,11.334236182969354,11.102819269694232,11.243229866027832,10950600,0.0,0.0
2003-09-23 00:00:00-04:00,11.308229865971821,11.347232131594899,11.21722259572989,11.290027618408203,10899600,0.0,0.0
2003-09-24 00:00:00-04:00,11.32383369800459,11.336834457026853,11.126219581940934,11.178223609924316,11325200,0.0,0.0
2003-09-25 00:00:00-04:00,11.17562826662727,11.284836877386397,11.15222649231423,11.193829536437988,9619200,0.0,0.0
2003-09-26 00:00:00-04:00,11.180827936492514,11.253633010300568,11.147025155698172,11.188628196716309,9366000,0.0,0.0
2003-09-29 00:00:00-04:00,11.183416028648784,11.31082576682324,11.144413776313202,11.199017524719238,9579600,0.0,0.0
2003-09-30 00:00:00-04:00,11.16782565928156,11.282233758609214,11.076818337455252,11.170425415039062,10289200,0.0,0.0
2003-10-01 00:00:00-04:00,11.180824084133674,11.412240982055662,11.180824084133674,11.412240982055664,12962800,0.0,0.0
2003-10-02 00:00:00-04:00,11.427839538976725,11.529246828347228,11.362834764570593,11.505845069885254,8843800,0.0,0.0
2003-10-03 00:00:00-04:00,11.73466333143533,11.815268624977737,11.396638668971802,11.451242446899414,9913200,0.0,0.0
2003-10-06 00:00:00-04:00,11.492841537980896,11.581248049499745,11.464239285446283,11.547445297241211,6665600,0.0,0.0
2003-10-07 00:00:00-04:00,11.508447309773121,11.638456886662034,11.48244579115308,11.612455368041992,9547800,0.0,0.0
2003-10-08 00:00:00-04:00,11.544848369781608,11.570849882873103,11.433040078078719,11.50324535369873,6935800,0.0,0.0
2003-10-09 00:00:00-04:00,11.568248977200971,11.57084873149377,11.37843418132319,11.422637939453125,10227000,0.0,0.0
2003-10-10 00:00:00-04:00,11.386238819855917,11.464244366499665,11.365436811740603,11.396639823913574,6999600,0.0,0.0
2003-10-13 00:00:00-04:00,11.453841663750014,11.505845684431367,11.394037387129426,11.477243423461914,6840400,0.0,0.0
2003-10-14 00:00:00-04:00,11.440843377775343,11.63325799828965,11.401840105866073,11.583853721618652,8420400,0.0,0.0
2003-10-15 00:00:00-04:00,11.739867522220088,11.836074350501153,11.700864244646779,11.726865768432617,17331800,0.0,0.0
2003-10-16 00:00:00-04:00,11.573449279074945,11.703458824295213,11.570849524603949,11.700859069824219,13005400,0.0,0.0
2003-10-17 00:00:00-04:00,11.75026398450766,11.76846524403444,11.625454922655063,11.713861465454102,11085000,0.0,0.0
2003-10-20 00:00:00-04:00,11.752859749273233,11.869868505127718,11.690454748852897,11.859467506408691,8543600,0.0,0.0
2003-10-21 00:00:00-04:00,11.92967942079232,11.953081185029465,11.856873381002105,11.906277656555176,9734600,0.0,0.0
2003-10-22 00:00:00-04:00,11.802267458935981,11.914075757621838,11.739863426861302,11.784066200256348,8019800,0.0,0.0
2003-10-23 00:00:00-04:00,11.75806831530615,11.854275139725686,11.703463530516322,11.836073875427246,7373400,0.0,0.0
2003-10-24 00:00:00-04:00,11.71386519431895,11.804872512817383,11.65926139835663,11.804872512817383,7056400,0.0,0.0
2003-10-27 00:00:00-05:00,11.804868939111948,11.841271458733305,11.729463153099553,11.750264167785645,5982200,0.0,0.0
2003-10-28 00:00:00-05:00,11.869877433087819,11.869877433087819,11.638459501050072,11.79967212677002,9601000,0.0,0.0
2003-10-29 00:00:00-05:00,11.799670476548977,12.020686379240203,11.799670476548977,11.921878814697266,12100000,0.0,0.0
2003-10-30 00:00:00-05:00,11.921873210048625,11.99727897364241,11.841267938249866,11.96087646484375,8750000,0.0,0.0
2003-10-31 00:00:00-05:00,11.96347970683471,12.064888000488281,11.895875169626592,12.064888000488281,11217600,0.0,0.0
2003-11-03 00:00:00-05:00,12.064885520271929,12.166292801184625,12.012881506705556,12.137690544128418,9327800,0.0,0.0
2003-11-04 00:00:00-05:00,12.090885820258304,12.220895345207317,12.090885820258304,12.194893836975098,8834800,0.0,0.0
2003-11-05 00:00:00-05:00,12.161092565756114,12.218297081115615,12.098687549737194,12.215696334838867,7830200,0.0,0.0
2003-11-06 00:00:00-05:00,12.194896046696636,12.23129856157548,12.142892028915082,12.22609806060791,6969200,0.0,0.0
2003-11-07 00:00:00-05:00,12.155896848559467,12.223501399946766,12.064890530943014,12.12469482421875,7444000,0.0,0.0
2003-11-10 00:00:00-05:00,12.07789041872061,12.168896729758751,12.07789041872061,12.122093200683594,4864800,0.0,0.0
2003-11-11 00:00:00-05:00,12.124689712626237,12.179293480175955,12.054484443536289,12.096087455749512,5364600,0.0,0.0
2003-11-12 00:00:00-05:00,12.054486095856179,12.265100940101146,12.036284837511408,12.241700172424316,6520200,0.0,0.0
2003-11-13 00:00:00-05:00,12.129892715487241,12.231300016683507,12.106490954296238,12.20269775390625,6847000,0.0,0.0
2003-11-14 00:00:00-05:00,12.161096083667392,12.218300615574782,12.088291037162978,12.140294075012207,7043000,0.0,0.0
2003-11-17 00:00:00-05:00,12.080486030016,12.171493301730669,12.031082762669678,12.137690544128418,6101200,0.0,0.0
2003-11-18 00:00:00-05:00,12.09608375392676,12.163688256123644,12.041480003087688,12.090883255004883,8956000,0.0,0.0
2003-11-19 00:00:00-05:00,12.116889451947191,12.194895974102227,12.090887939158266,12.184494972229004,8055200,0.0,0.0
2003-11-20 00:00:00-05:00,12.155898826633631,12.200101618984695,11.992086436373098,12.077893257141113,7387000,0.0,0.0
2003-11-21 00:00:00-05:00,12.05708953279528,12.09609280795676,12.012886746713793,12.070090293884277,6645800,0.0,0.0
2003-11-24 00:00:00-05:00,12.062290035609776,12.189699874828722,12.020687004988291,12.070090293884277,7904400,0.0,0.0
2003-11-25 00:00:00-05:00,12.038881728343963,12.163690752401504,12.01027947435066,12.109086990356445,6966800,0.0,0.0
2003-11-26 00:00:00-05:00,12.103868520437558,12.213594452119501,12.064680118206883,12.197918891906738,6502000,0.11,0.0
2003-11-28 00:00:00-05:00,12.082959221255395,12.200523348133908,12.075121944997415,12.148272514343262,3406000,0.0,0.0
2003-12-01 00:00:00-05:00,12.187466655972646,12.291967376402145,12.119540240921348,12.284130096435547,8321200,0.0,0.0
2003-12-02 00:00:00-05:00,12.255394952738992,12.297195450048555,12.15873148957359,12.281519889831543,9536000,0.0,0.0
2003-12-03 00:00:00-05:00,12.278898302588539,12.459162621020143,12.278898302588539,12.383399963378906,10977400,0.0,0.0
2003-12-04 00:00:00-05:00,12.344220161338399,12.380795469026724,12.255393986980017,12.320707321166992,8888200,0.0,0.0
2003-12-05 00:00:00-05:00,12.239718427699769,12.278906826851955,12.148280158481189,12.250168800354004,8945000,0.0,0.0
2003-12-08 00:00:00-05:00,12.213594436645508,12.524485572619596,12.1770191261312,12.474847793579102,14496200,0.0,0.0
2003-12-09 00:00:00-05:00,12.399084099653507,12.537549056727597,12.399084099653507,12.477459907531738,10372600,0.0,0.0
2003-12-10 00:00:00-05:00,12.451326478203812,12.644654269276167,12.451326478203812,12.589790344238281,10398600,0.0,0.0
2003-12-11 00:00:00-05:00,12.576733603917942,12.702135067342285,12.508808184955598,12.642046928405762,10501000,0.0,0.0
2003-12-12 00:00:00-05:00,12.670786886218712,12.939877505301931,12.605473551753667,12.898077011108398,13889800,0.0,0.0
2003-12-15 00:00:00-05:00,13.013027195160086,13.02608966080288,12.945100779253961,13.00780200958252,16332800,0.0,0.0
2003-12-16 00:00:00-05:00,13.054826800242886,13.297792431854932,13.010413224138507,13.240316390991211,17192800,0.0,0.0
2003-12-17 00:00:00-05:00,13.206348366354932,13.253374019610705,13.04175857995973,13.107071876525879,11163200,0.0,0.0
2003-12-18 00:00:00-05:00,13.054827717606113,13.112302765906428,12.908525510855153,13.046989440917969,14947200,0.0,0.0
2003-12-19 00:00:00-05:00,13.070503240938487,13.11491682343663,12.999964725160725,13.088790893554688,14125000,0.0,0.0
2003-12-22 00:00:00-05:00,13.075733171667974,13.107083302299914,12.997357346786782,13.104471206665039,9522400,0.0,0.0
2003-12-23 00:00:00-05:00,13.101847689810183,13.154097529781652,13.039146486601883,13.107071876525879,7370200,0.0,0.0
2003-12-24 00:00:00-05:00,13.065276101428655,13.094014121700694,13.01825142787698,13.036539077758789,3341400,0.0,0.0
2003-12-26 00:00:00-05:00,13.049609202388039,13.083572427791141,13.028708449339128,13.052221298217773,2147400,0.0,0.0
2003-12-29 00:00:00-05:00,13.03393266529116,13.104471206665037,13.002582534659219,13.104471206665039,7101400,0.0,0.0
2003-12-30 00:00:00-05:00,13.062664066148603,13.279504768015714,13.05221369571116,13.198515892028809,7118600,0.0,0.0
2003-12-31 00:00:00-05:00,13.198517813172943,13.274281514969108,13.167167693899549,13.25860595703125,6974600,0.0,0.0
2004-01-02 00:00:00-05:00,13.271670350230796,13.321309125938555,13.065279958799245,13.154106140136719,7210200,0.0,0.0
2004-01-05 00:00:00-05:00,13.154103267062974,13.216804497618986,13.078340567419033,13.169778823852539,9740200,0.0,0.0
2004-01-06 00:00:00-05:00,13.120138171203166,13.159325559658585,13.094012248964189,13.114912986755371,8223200,0.0,0.0
2004-01-07 00:00:00-05:00,13.114914866119866,13.125365236512993,12.989513411208865,13.0313138961792,10242800,0.0,0.0
2004-01-08 00:00:00-05:00,13.013031975136208,13.104470264825332,12.973843567210805,13.094019889831543,9070800,0.0,0.0
2004-01-09 00:00:00-05:00,13.094017968727549,13.274283422813415,12.952941913419982,12.955554008483887,13127800,0.0,0.0
2004-01-12 00:00:00-05:00,12.932038355062208,13.078340561896287,12.918975889377544,13.065277099609375,9204400,0.0,0.0
2004-01-13 00:00:00-05:00,12.999963748923038,13.11491583856657,12.9555511663624,12.98690128326416,8906000,0.0,0.0
2004-01-14 00:00:00-05:00,12.989515329938214,13.0234775438293,12.958164214127844,13.010415077209473,7565200,0.0,0.0
2004-01-15 00:00:00-05:00,12.905920973007364,13.007809660190643,12.84844489445153,12.992134094238281,9990200,0.0,0.0
2004-01-16 00:00:00-05:00,12.99212550550606,13.070501290250164,12.95555020573229,13.0313138961792,8282800,0.0,0.0
2004-01-20 00:00:00-05:00,12.984280644126393,13.078331929541003,12.971218187063608,13.044368743896484,8777000,0.0,0.0
2004-01-21 00:00:00-05:00,13.01564217645149,13.060055765410397,12.97384167916206,13.005191802978516,7990200,0.0,0.0
2004-01-22 00:00:00-05:00,12.939874599155996,12.984288174850695,12.809247959563136,12.887624740600586,11138600,0.0,0.0
2004-01-23 00:00:00-05:00,12.905918103943643,13.10185815007678,12.892854636919344,13.0731201171875,11214600,0.0,0.0
2004-01-26 00:00:00-05:00,13.036545769484155,13.167172476606831,13.018258110215195,13.112308502197266,8437000,0.0,0.0
2004-01-27 00:00:00-05:00,13.073112473465342,13.214189463379478,13.057436920163095,13.060050010681152,8519400,0.0,0.0
2004-01-28 00:00:00-05:00,13.010414098124917,13.138428653211195,12.837986960552984,12.903300285339355,10017800,0.0,0.0
2004-01-29 00:00:00-05:00,12.866727827274138,13.101856247124196,12.827539425098307,12.955554008483887,8916600,0.0,0.0
2004-01-30 00:00:00-05:00,12.827537506038281,12.905914298664408,12.709974310303727,12.864113807678223,12398200,0.0,0.0
2004-02-02 00:00:00-05:00,12.801412599066017,13.054828636776598,12.780511855229042,12.960777282714844,8595600,0.0,0.0
2004-02-03 00:00:00-05:00,12.921589827705446,13.062666869076041,12.885014519928417,13.018254280090332,7749600,0.0,0.0
2004-02-04 00:00:00-05:00,12.913751617875466,13.057440743782212,12.903301245947112,12.997352600097656,9109400,0.0,0.0
2004-02-05 00:00:00-05:00,12.958163276703988,13.214192387621992,12.952939087715844,13.161941528320312,10215800,0.0,0.0
2004-02-06 00:00:00-05:00,13.127978347796988,13.323918323137242,13.122753162195645,13.321306228637695,10103000,0.0,0.0
2004-02-09 00:00:00-05:00,13.350044263891595,13.788949921566056,13.350044263891595,13.689674377441406,11581000,0.0,0.0
2004-02-10 00:00:00-05:00,13.676607115720781,13.68967057538481,13.561656045532493,13.629581451416016,10408000,0.0,0.0
2004-02-11 00:00:00-05:00,13.480670927700608,13.5694970964592,13.352657358861721,13.53292179107666,11974200,0.0,0.0
2004-02-12 00:00:00-05:00,13.407523137448564,13.506799699087438,13.399685855104257,13.464999198913574,6958200,0.0,0.0
2004-02-13 00:00:00-05:00,13.579941626086066,13.579941626086066,13.336976063028157,13.360488891601562,8566200,0.0,0.0
2004-02-17 00:00:00-05:00,13.402289364998522,13.42319009999795,13.297788679807075,13.360488891601562,7491600,0.0,0.0
2004-02-18 00:00:00-05:00,13.360493639836818,13.415356593805418,13.300405500261364,13.386619567871094,7385200,0.0,0.0
2004-02-19 00:00:00-05:00,13.36310291043942,13.423191032835721,13.28472614534671,13.323914527893066,9698800,0.0,0.0
2004-02-20 00:00:00-05:00,13.180233016426588,13.31608489151731,13.104469298214013,13.308246612548828,14664600,0.0,0.0
2004-02-23 00:00:00-05:00,13.206355076643025,13.350044202778147,13.12797928026044,13.15149211883545,11319600,0.0,0.0
2004-02-24 00:00:00-05:00,13.120143917976296,13.180232070542196,12.942491555345606,13.005191802978516,14578400,0.0,0.0
2004-02-25 00:00:00-05:00,12.958162277255855,13.073114358173877,12.950324997775871,12.97122573852539,10332400,0.0,0.0
2004-02-26 00:00:00-05:00,12.968615508162312,13.049604401527445,12.9242029191766,13.018254280090332,9824000,0.0,0.0
2004-02-27 00:00:00-05:00,12.832768374217993,13.151497881994587,12.702141657470571,13.052221298217773,14180400,0.0,0.0
2004-03-01 00:00:00-05:00,12.992123598030973,13.01824952017804,12.879784624303657,12.963385581970215,15142800,0.0,0.0
2004-03-02 00:00:00-05:00,12.905913376941092,12.986901261853976,12.80663684421323,12.87456226348877,12598600,0.0,0.0
2004-03-03 00:00:00-05:00,12.801411643723108,12.88240052514388,12.801411643723108,12.837986946105957,11588800,0.0,0.0
2004-03-04 00:00:00-05:00,12.775287621975778,12.814475021631981,12.683848362906675,12.756999969482422,8508000,0.0,0.0
2004-03-05 00:00:00-05:00,12.73609931126819,13.127979290076441,12.691686725372369,13.088790893554688,22941800,0.0,0.0
2004-03-08 00:00:00-05:00,13.057435005307356,13.11491102905145,12.999958981563264,13.026084899902344,12211400,0.0,0.0
2004-03-09 00:00:00-05:00,12.997352613037204,13.219417535423043,12.963389402537402,13.109691619873047,12788400,0.0,0.0
2004-03-10 00:00:00-05:00,13.109689677286035,13.185453367711924,12.98951340760494,13.036539077758789,11676000,0.0,0.0
2004-03-11 00:00:00-05:00,13.010284131000962,13.02866386728288,12.629559162151708,12.650565147399902,18371000,0.125,0.0
2004-03-12 00:00:00-05:00,12.692577610101917,12.721460342407227,12.519282217890687,12.721460342407227,15979600,0.0,0.0
2004-03-15 00:00:00-05:00,12.77397310789198,12.80285483585852,12.49302455910588,12.5271577835083,16688400,0.0,0.0
2004-03-16 00:00:00-05:00,12.603299443835196,12.7214555764452,12.563913732425112,12.645310401916504,11500800,0.0,0.0
2004-03-17 00:00:00-05:00,12.703077642247223,12.868495249685957,12.655815182516045,12.834362030029297,9687000,0.0,0.0
2004-03-18 00:00:00-05:00,12.831739878770916,12.997158540651183,12.831739878770916,12.87637710571289,9101600,0.0,0.0
2004-03-19 00:00:00-05:00,12.878993409706007,12.923630605649436,12.766088798438528,12.808099746704102,12974200,0.0,0.0
2004-03-22 00:00:00-05:00,12.695196059423589,12.808100678908538,12.590169181925555,12.668939590454102,11216800,0.0,0.0
2004-03-23 00:00:00-05:00,12.682074996923772,12.731963718447059,12.621684282845642,12.637438774108887,8855600,0.0,0.0
2004-03-24 00:00:00-05:00,12.6820687387032,12.760839152907286,12.642684032411234,12.73195743560791,10076200,0.0,0.0
2004-03-25 00:00:00-05:00,12.773972810669342,12.805480786930966,12.637436911374964,12.802854537963867,8376600,0.0,0.0
2004-03-26 00:00:00-05:00,12.760837304702829,12.90787612444234,12.695195135436622,12.808099746704102,8349200,0.0,0.0
2004-03-29 00:00:00-05:00,12.965647132239768,13.081177039270539,12.913133173909255,12.970898628234863,9608200,0.0,0.0
2004-03-30 00:00:00-05:00,13.010285397511398,13.222966511560944,12.986654162617002,13.18883228302002,14505400,0.0,0.0
2004-03-31 00:00:00-05:00,13.144194589196596,13.254473005262899,13.083803884928788,13.207210540771484,10403200,0.0,0.0
2004-04-01 00:00:00-05:00,13.254472766796688,13.301735230437783,13.188830567475218,13.280730247497559,8979400,0.0,0.0
2004-04-02 00:00:00-05:00,13.404135229592235,13.406761478145059,13.293856829261973,13.372627258300781,9452800,0.0,0.0
2004-04-05 00:00:00-04:00,13.325366462258332,13.35162294133873,13.257099015677012,13.280730247497559,9491000,0.0,0.0
2004-04-06 00:00:00-04:00,13.180952911050113,13.422515707042598,13.16519842372088,13.356873512268066,9925800,0.0,0.0
2004-04-07 00:00:00-04:00,13.312239482055777,13.456652133900349,13.280731503854549,13.412015914916992,11291200,0.0,0.0
2004-04-08 00:00:00-04:00,13.475027385466452,13.54066956914531,13.391005470487132,13.454022407531738,8024800,0.0,0.0
2004-04-12 00:00:00-04:00,13.404137497273096,13.448774715639596,13.330618551281823,13.35162353515625,9983600,0.0,0.0
2004-04-13 00:00:00-04:00,13.354245794308554,13.388380009729309,13.272849127265282,13.362122535705566,12863000,0.0,0.0
2004-04-14 00:00:00-04:00,13.338500044586995,13.522298476632388,13.314868803300861,13.440901756286621,8876400,0.0,0.0
2004-04-15 00:00:00-04:00,13.506539361106135,13.574807813297443,13.39626094057937,13.443523406982422,8750000,0.0,0.0
2004-04-16 00:00:00-04:00,13.509160958299164,13.666701790980246,13.459272260041345,13.635193824768066,10517000,0.0,0.0
2004-04-19 00:00:00-04:00,13.732351683977955,14.047434527918979,13.732351683977955,13.916150093078613,17597800,0.0,0.0
2004-04-20 00:00:00-04:00,13.92928046034229,13.937158208736115,13.70872253611233,13.727102279663086,9239600,0.0,0.0
2004-04-21 00:00:00-04:00,13.548544851810188,13.837371029869553,13.52228838181394,13.68770694732666,14946400,0.0,0.0
2004-04-22 00:00:00-04:00,13.312235608513719,13.54854687869285,13.312235608513719,13.511787414550781,18415600,0.0,0.0
2004-04-23 00:00:00-04:00,13.456647744310814,13.482904217310153,13.325363376073636,13.404133796691895,13696000,0.0,0.0
2004-04-26 00:00:00-04:00,13.404134322243126,13.438268539776798,13.264973206973943,13.309609413146973,11161600,0.0,0.0
2004-04-27 00:00:00-04:00,13.325359516041214,13.335862502846586,13.26234259682893,13.31485652923584,11534200,0.0,0.0
2004-04-28 00:00:00-04:00,13.312242451838905,13.335873691166782,13.167829767777796,13.18358325958252,9501200,0.0,0.0
2004-04-29 00:00:00-04:00,13.165200811014357,13.296485224369698,13.070675873139217,13.249222755432129,10371400,0.0,0.0
2004-04-30 00:00:00-04:00,13.249226810438866,13.451404989078428,13.194087580342867,13.278109550476074,10971200,0.0,0.0
2004-05-03 00:00:00-04:00,13.299106037055564,13.377876452544408,13.201954889719822,13.291228294372559,8053800,0.0,0.0
2004-05-04 00:00:00-04:00,13.264976346822234,13.272853090571262,13.10218396574571,13.199334144592285,10786000,0.0,0.0
2004-05-05 00:00:00-04:00,13.338493335485136,13.448772739891506,13.220337188485587,13.41463851928711,11156200,0.0,0.0
2004-05-06 00:00:00-04:00,13.325364710868055,13.503911549685176,13.325364710868055,13.40938663482666,9009600,0.0,0.0
2004-05-07 00:00:00-04:00,13.364749606865573,13.543296434740341,13.301732666948482,13.322738647460938,10231800,0.0,0.0
2004-05-10 00:00:00-04:00,13.259713257849238,13.285969715137718,13.065412068407717,13.1100492477417,13490400,0.0,0.0
2004-05-11 00:00:00-04:00,12.970900006884568,13.154697378146132,12.944642524118237,13.141569137573242,10300800,0.0,0.0
2004-05-12 00:00:00-04:00,13.128436437145982,13.128436437145982,12.936761385358077,13.107430458068848,8902400,0.0,0.0
2004-05-13 00:00:00-04:00,13.04179261145984,13.099558071505138,12.931514189504869,13.026039123535156,7085000,0.0,0.0
2004-05-14 00:00:00-04:00,12.960390383953053,13.138937168947157,12.942010656228957,13.128434181213379,8548800,0.0,0.0
2004-05-17 00:00:00-04:00,13.031290732345646,13.159948892401808,12.999781752983662,13.078553199768066,7597800,0.0,0.0
2004-05-18 00:00:00-04:00,13.049668599568939,13.254471927972158,13.005031386012611,13.154695510864258,9899400,0.0,0.0
2004-05-19 00:00:00-04:00,13.136312557454207,13.170446771030708,12.947263762798567,12.960391998291016,9078400,0.0,0.0
2004-05-20 00:00:00-04:00,12.913132946885712,13.11531103185044,12.910506698124113,13.031289100646973,7053400,0.0,0.0
2004-05-21 00:00:00-04:00,13.199334741367922,13.199334741367922,12.944642664681883,12.965648651123047,9992000,0.0,0.0
2004-05-24 00:00:00-04:00,13.023410524987385,13.10480720385594,12.970897572551275,13.083802223205566,9990000,0.0,0.0
2004-05-25 00:00:00-04:00,13.049667644490494,13.26497394875154,13.005030434201073,13.230839729309082,11520800,0.0,0.0
2004-05-26 00:00:00-04:00,13.238713079445356,13.314858241144462,13.11793172051441,13.186200141906738,7401600,0.0,0.0
2004-05-27 00:00:00-04:00,13.364750590751187,13.498660220705275,13.34637085725985,13.475028991699219,11214800,0.0,0.0
2004-05-28 00:00:00-04:00,13.4907850402214,13.522293015337386,13.440896327865579,13.48290729522705,7948400,0.0,0.0
2004-06-01 00:00:00-04:00,13.4435208544412,13.535419520764567,13.317487968503292,13.40938663482666,6464000,0.0,0.0
2004-06-02 00:00:00-04:00,13.548550620268058,13.656203795679508,13.519668891623493,13.637824058532715,11810600,0.0,0.0
2004-06-03 00:00:00-04:00,13.64044596983808,13.69821041037815,13.574803786154183,13.593183517456055,8386800,0.0,0.0
2004-06-04 00:00:00-04:00,13.658828893199681,13.782236547884176,13.601063437539626,13.724471092224121,7293600,0.0,0.0
2004-06-07 00:00:00-04:00,13.72447024997811,13.850503144176164,13.682459285245425,13.84000015258789,7378000,0.0,0.0
2004-06-08 00:00:00-04:00,13.758601538632949,13.824243719634785,13.72446732405834,13.813740730285645,8212000,0.0,0.0
2004-06-09 00:00:00-04:00,13.627316605896763,13.653573076549758,13.501282742225953,13.590556144714355,13833400,0.0,0.0
2004-06-10 00:00:00-04:00,13.653572371928172,13.653572371928172,13.451394353149439,13.556422233581543,9386000,0.0,0.0
2004-06-14 00:00:00-04:00,13.516850594075507,13.585451219899646,13.456166044458225,13.556427955627441,7353400,0.125,0.0
2004-06-15 00:00:00-04:00,13.680440743168077,13.680440743168077,13.44297949496857,13.51685619354248,9286200,0.0,0.0
2004-06-16 00:00:00-04:00,13.479913825416519,13.516852163690848,13.390206001109904,13.506298065185547,7924400,0.0,0.0
2004-06-17 00:00:00-04:00,13.50629221784834,13.514208291547293,13.44560768745661,13.479907989501953,6106800,0.0,0.0
2004-06-18 00:00:00-04:00,13.41659041395834,13.580175923418164,13.374375025886764,13.559067726135254,10107400,0.0,0.0
2004-06-21 00:00:00-04:00,13.535315966442953,13.635577849503758,13.49573962248036,13.501015663146973,5516800,0.0,0.0
2004-06-22 00:00:00-04:00,13.45088027388269,13.530033939166943,13.403387873413445,13.461434364318848,7195000,0.0,0.0
2004-06-23 00:00:00-04:00,13.471992013578928,13.556422746384875,13.377007187548807,13.535314559936523,6094000,0.0,0.0
2004-06-24 00:00:00-04:00,13.49574480200336,13.559067379243574,13.44297531664037,13.466721534729004,6205600,0.0,0.0
2004-06-25 00:00:00-04:00,13.487827672131772,13.545874202149431,13.218704223632812,13.218704223632812,10580800,0.0,0.0
2004-06-28 00:00:00-04:00,13.284666277153079,13.392843264474202,13.260920060107264,13.295220375061035,7731600,0.0,0.0
2004-06-29 00:00:00-04:00,13.297851914414625,13.416581926289535,13.297851914414625,13.334790229797363,6743400,0.0,0.0
2004-06-30 00:00:00-04:00,13.311053701408328,13.361184164937974,13.255646188060668,13.318968772888184,8854000,0.0,0.0
2004-07-01 00:00:00-04:00,13.326880277862838,13.424504163628777,13.245088543808327,13.287303924560547,9761200,0.0,0.0
2004-07-02 00:00:00-04:00,13.35062725591348,13.493104551535232,13.313688921454684,13.332158088684082,6780200,0.0,0.0
2004-07-06 00:00:00-04:00,13.313686560575304,13.46935594711447,13.30313246503171,13.366456031799316,5764600,0.0,0.0
2004-07-07 00:00:00-04:00,13.32687826818805,13.37700971723623,13.239809498857602,13.303132057189941,6745000,0.0,0.0
2004-07-08 00:00:00-04:00,13.332154650220517,13.490463051136016,13.300493372634964,13.340070724487305,8869200,0.0,0.0
2004-07-09 00:00:00-04:00,13.342703363145736,13.461434364318848,13.284656872240335,13.461434364318848,6813400,0.0,0.0
2004-07-12 00:00:00-04:00,13.461445425317175,13.559068325832742,13.332160227476868,13.411314964294434,6718600,0.0,0.0
2004-07-13 00:00:00-04:00,13.30313246503171,13.40339435970794,13.295217396620991,13.366456031799316,5210600,0.0,0.0
2004-07-14 00:00:00-04:00,13.326880112677665,13.548511110503245,13.324242091754504,13.498380661010742,8310000,0.0,0.0
2004-07-15 00:00:00-04:00,13.548513103524028,13.551152131329452,13.395482705118141,13.413951873779297,8425000,0.0,0.0
2004-07-16 00:00:00-04:00,13.52212878803648,13.52212878803648,13.27411351992065,13.345352172851562,7449600,0.0,0.0
2004-07-19 00:00:00-04:00,13.363823825573947,13.374376919215095,13.205515343024093,13.282031059265137,9049600,0.0,0.0
2004-07-20 00:00:00-04:00,13.216069380111508,13.279392974128237,13.144830714278081,13.213431358337402,8366800,0.0,0.0
2004-07-21 00:00:00-04:00,13.179125997917286,13.282025918173167,12.981241226196287,12.981241226196289,9999800,0.0,0.0
2004-07-22 00:00:00-04:00,12.941668029183317,12.989160470181696,12.809744805631,12.920560836791992,8141800,0.0,0.0
2004-07-23 00:00:00-04:00,12.363837195172131,12.363837195172131,11.63825990443662,11.917936325073242,50347800,0.0,0.0
2004-07-26 00:00:00-04:00,11.965434023185765,11.997096316353156,11.640903066926175,11.688395500183105,21925000,0.0,0.0
2004-07-27 00:00:00-04:00,11.70158418013997,11.756992673651963,11.464123090136313,11.5432767868042,27922000,0.0,0.0
2004-07-28 00:00:00-04:00,11.543278048024314,11.651455013471754,11.48787055495235,11.524808883666992,25208600,0.0,0.0
2004-07-29 00:00:00-04:00,11.524810564221532,11.524810564221532,11.29262545580845,11.361226081848145,26268800,0.0,0.0
2004-07-30 00:00:00-04:00,11.36386205579268,11.60396219069067,11.36122403518674,11.572300910949707,17788200,0.0,0.0
2004-08-02 00:00:00-04:00,11.553835894931467,11.767550868021793,11.52217359733014,11.664650917053223,15973400,0.0,0.0
2004-08-03 00:00:00-04:00,11.68575613016768,11.70686331668215,11.582856205486303,11.638263702392578,12271600,0.0,0.0
2004-08-04 00:00:00-04:00,11.572304276122104,11.74644287507699,11.56175017764139,11.662012100219727,10292400,0.0,0.0
2004-08-05 00:00:00-04:00,11.662008920905397,11.735885577141582,11.543277861601561,11.569662094116211,15254600,0.0,0.0
2004-08-06 00:00:00-04:00,11.540641385661143,11.58021773973041,11.406079164941008,11.477317810058594,17143200,0.0,0.0
2004-08-09 00:00:00-04:00,11.477313297847175,11.519528662820889,11.384967501496456,11.403436660766602,9179800,0.0,0.0
2004-08-10 00:00:00-04:00,11.411356946918477,11.469403477743938,11.361226492610951,11.466764450073242,10483200,0.0,0.0
2004-08-11 00:00:00-04:00,11.466764598707714,11.772826390355654,11.411357094834745,11.727972984313965,13898400,0.0,0.0
2004-08-12 00:00:00-04:00,11.72533164118833,11.778101113430086,11.556470135209887,11.567024230957031,11305000,0.0,0.0
2004-08-13 00:00:00-04:00,11.5670242040505,11.714778524684924,11.53272389619905,11.706862449645996,8895200,0.0,0.0
2004-08-16 00:00:00-04:00,11.741161932611986,11.780739285544191,11.643539070271482,11.746438980102539,9069400,0.0,0.0
2004-08-17 00:00:00-04:00,11.746437617918014,11.825591308109413,11.672560974605213,11.696307182312012,8221200,0.0,0.0
2004-08-18 00:00:00-04:00,11.714776812721736,11.77018429742732,11.648815233835903,11.75963020324707,8944000,0.0,0.0
2004-08-19 00:00:00-04:00,11.701586950589162,11.754356429692656,11.516895283468076,11.614518165588379,10514000,0.0,0.0
2004-08-20 00:00:00-04:00,11.582859164485535,11.66465091705322,11.493151334270367,11.664650917053223,9611600,0.0,0.0
2004-08-23 00:00:00-04:00,11.672565575543775,11.799211731068485,11.609241994534333,11.698949813842773,8768200,0.0,0.0
2004-08-24 00:00:00-04:00,11.741164311540308,11.741164311540308,11.606603095995789,11.614518165588379,9699600,0.0,0.0
2004-08-25 00:00:00-04:00,11.603964945575697,11.727973079868178,11.53272629437539,11.698949813842773,9734400,0.0,0.0
2004-08-26 00:00:00-04:00,11.698955267501976,11.780748054748596,11.65673986264767,11.730616569519043,5642400,0.0,0.0
2004-08-27 00:00:00-04:00,11.754356139995453,11.844063950312233,11.741164022168237,11.799210548400879,5444200,0.0,0.0
2004-08-30 00:00:00-04:00,11.741165040409989,11.786018446211212,11.698949655805361,11.701587677001953,5287800,0.0,0.0
2004-08-31 00:00:00-04:00,11.709508626970182,11.799216482402375,11.614523720454379,11.796577453613281,7030200,0.0,0.0
2004-09-01 00:00:00-04:00,11.820309643730953,11.83614077818245,11.688386542781961,11.778094291687012,7076200,0.0,0.0
2004-09-02 00:00:00-04:00,11.778100766825792,11.997093717911696,11.7543545553405,11.975985527038574,10707400,0.0,0.0
2004-09-03 00:00:00-04:00,11.98917675910635,12.105269787360914,11.981261691359489,12.00236988067627,9841800,0.0,0.0
2004-09-07 00:00:00-04:00,12.05777925245285,12.084163486728663,11.912663950947831,12.044587135314941,8490200,0.0,0.0
2004-09-08 00:00:00-04:00,11.965431170250815,11.965431170250815,11.450931610130528,11.464123725891113,23239400,0.0,0.0
2004-09-09 00:00:00-04:00,11.424544378100395,11.511614138612348,11.350667737540245,11.479951858520508,18173800,0.0,0.0
2004-09-10 00:00:00-04:00,11.358586990108945,11.395525324001294,11.25832507919106,11.334840774536133,20256000,0.0,0.0
2004-09-13 00:00:00-04:00,11.35872268676758,11.403839635898839,11.279105672731234,11.358722686767578,18311200,0.125,0.0
2004-09-14 00:00:00-04:00,11.292377203320484,11.462227136279125,11.292377203320484,11.377302169799805,18448400,0.0,0.0
2004-09-15 00:00:00-04:00,10.833250947962588,10.944715595720021,10.716479375803518,10.923483848571777,61406200,0.0,0.0
2004-09-16 00:00:00-04:00,10.936752179274485,10.973906720984036,10.602360291503182,10.626245498657227,43299200,0.0,0.0
2004-09-17 00:00:00-04:00,10.602362232541651,10.769558713229639,10.602362232541651,10.6952486038208,24090600,0.0,0.0
2004-09-20 00:00:00-04:00,10.721785081510856,10.745670285889682,10.644821532691834,10.732399940490723,14747000,0.0,0.0
2004-09-21 00:00:00-04:00,10.788136442277004,10.878369354917316,10.713826329735502,10.809367179870605,15514000,0.0,0.0
2004-09-22 00:00:00-04:00,10.819979143245666,10.867749551043365,10.721784866054923,10.727091789245605,20142000,0.0,0.0
2004-09-23 00:00:00-04:00,10.729745581492526,10.788131856732305,10.620935440063478,10.620935440063477,15195200,0.0,0.0
2004-09-24 00:00:00-04:00,10.618284906390127,10.6421701176345,10.543975810245637,10.612977981567383,14931800,0.0,0.0
2004-09-27 00:00:00-04:00,10.411280263375584,10.612977824767105,10.411280263375584,10.517436981201172,17705800,0.0,0.0
2004-09-28 00:00:00-04:00,10.56255308428176,10.631555255603505,10.536014410626015,10.612977981567383,13817200,0.0,0.0
2004-09-29 00:00:00-04:00,10.562552406929456,10.642169435176537,10.520089924371982,10.618284225463867,13398800,0.0,0.0
2004-09-30 00:00:00-04:00,10.65809176312492,10.719131510035913,10.591744080084455,10.628898620605469,12534000,0.0,0.0
2004-10-01 00:00:00-04:00,10.74301862598524,10.819982194964838,10.68994026764119,10.69790267944336,15593800,0.0,0.0
2004-10-04 00:00:00-04:00,10.70851765957981,10.854483399735878,10.70851765957981,10.814674377441406,13469800,0.0,0.0
2004-10-05 00:00:00-04:00,10.814672689066876,10.918174916011262,10.77221021102853,10.785479545593262,15395400,0.0,0.0
2004-10-06 00:00:00-04:00,10.772204524350084,10.854475975036623,10.732395529285837,10.854475975036621,12522200,0.0,0.0
2004-10-07 00:00:00-04:00,10.867752943054766,10.870406405478299,10.644824641214162,10.647478103637695,8238000,0.0,0.0
2004-10-08 00:00:00-04:00,10.631552049315088,10.692591790223196,10.591743038451659,10.615628242492676,13898800,0.0,0.0
2004-10-11 00:00:00-04:00,10.647477372044401,10.65809324578013,10.565206881556108,10.618284225463867,7699200,0.0,0.0
2004-10-12 00:00:00-04:00,10.52539293854352,10.575816796626976,10.501507740001891,10.557239532470703,11810200,0.0,0.0
2004-10-13 00:00:00-04:00,10.557249078797666,10.586442238122386,10.416592233744975,10.453746795654297,12224000,0.0,0.0
2004-10-14 00:00:00-04:00,10.48293149583482,10.554587098431798,10.390045166015625,10.390045166015625,10283600,0.0,0.0
2004-10-15 00:00:00-04:00,10.480279089373278,10.480279089373278,10.366161008461289,10.403315544128418,14591400,0.0,0.0
2004-10-18 00:00:00-04:00,10.376779147841592,10.435165443713263,10.352893937020045,10.413934707641602,10428200,0.0,0.0
2004-10-19 00:00:00-04:00,10.549289946141862,10.549289946141862,10.403325130496365,10.451095581054688,15291600,0.0,0.0
2004-10-20 00:00:00-04:00,10.424549521945119,10.482935817550526,10.419241584855039,10.469666481018066,11038000,0.0,0.0
2004-10-21 00:00:00-04:00,10.429855434709285,10.488241718982525,10.39004743283822,10.477625846862793,11923600,0.0,0.0
2004-10-22 00:00:00-04:00,10.61563523728887,10.681982957521925,10.283896636123593,10.323705673217773,22106400,0.0,0.0
2004-10-25 00:00:00-04:00,10.355543271188337,10.358196732235534,10.193654812914625,10.257349014282227,14432800,0.0,0.0
2004-10-26 00:00:00-04:00,10.28389817223582,10.482941362666189,10.164472055500392,10.429862976074219,16715800,0.0,0.0
2004-10-27 00:00:00-04:00,10.384741856364894,10.72974967956543,10.33166349609123,10.72974967956543,17942400,0.0,0.0
2004-10-28 00:00:00-04:00,10.703210695116493,10.814674337310612,10.612977788984617,10.745673179626465,12326400,0.0,0.0
2004-10-29 00:00:00-04:00,10.85448096205377,10.85448096205377,10.748324268032677,10.790786743164062,16822600,0.0,0.0
2004-11-01 00:00:00-05:00,10.801404532069201,10.822635267210277,10.69790229384102,10.756287574768066,11649200,0.0,0.0
2004-11-02 00:00:00-05:00,10.615629241093924,10.947367654878109,10.615629241093924,10.78813362121582,12005400,0.0,0.0
2004-11-03 00:00:00-05:00,10.822631192048892,10.902249202908477,10.774860790487164,10.841208457946777,13773800,0.0,0.0
2004-11-04 00:00:00-05:00,10.878369142898404,11.00841006563681,10.859790855835948,10.976563453674316,17884000,0.0,0.0
2004-11-05 00:00:00-05:00,11.058836302560842,11.077414593571657,10.92083395059918,10.987181663513184,12283600,0.0,0.0
2004-11-08 00:00:00-05:00,11.026984559479544,11.0402538934188,10.928790273466703,10.955328941345215,10122200,0.0,0.0
2004-11-09 00:00:00-05:00,11.000445400014812,11.029638540807769,10.936751182613337,10.944713592529297,10215800,0.0,0.0
2004-11-10 00:00:00-05:00,11.0084084695793,11.011062944082878,10.883674489931286,10.92613697052002,10052000,0.0,0.0
2004-11-11 00:00:00-05:00,10.66074719077762,10.907560698189968,10.445781306014629,10.870406150817871,37510800,0.0,0.0
2004-11-12 00:00:00-05:00,10.804057026957508,10.830596708989383,10.642168509911805,10.825288772583008,23008600,0.0,0.0
2004-11-15 00:00:00-05:00,10.801405518367492,10.830598667689422,10.727095407624706,10.769558906555176,13567400,0.0,0.0
2004-11-16 00:00:00-05:00,10.772208240559172,10.881018383902793,10.655436700410087,10.681975364685059,14366400,0.0,0.0
2004-11-17 00:00:00-05:00,10.695245527296914,10.825287422066246,10.591743311248479,10.689937591552734,14161200,0.0,0.0
2004-11-18 00:00:00-05:00,10.743015936609302,10.745670410674006,10.631552323137212,10.689937591552734,12628600,0.0,0.0
2004-11-19 00:00:00-05:00,10.668712718611367,10.713828678629943,10.538670752442574,10.543978691101074,18230600,0.0,0.0
2004-11-22 00:00:00-05:00,10.58908766756755,10.58908766756755,10.47762306467878,10.581125259399414,14761600,0.0,0.0
2004-11-23 00:00:00-05:00,10.56255193380147,10.575821269184038,10.453741763847786,10.538666725158691,15814800,0.0,0.0
2004-11-24 00:00:00-05:00,10.562552452087404,10.570514863615962,10.509474095567276,10.562552452087402,11893600,0.0,0.0
2004-11-26 00:00:00-05:00,10.53601347065623,10.599706686701833,10.530705533921527,10.578475952148438,6474800,0.0,0.0
2004-11-29 00:00:00-05:00,10.682630052744845,10.682630052744845,10.509036906877743,10.605180740356445,13666800,0.125,0.0
2004-11-30 00:00:00-05:00,10.5571096425593,10.605181563027715,10.471648677009913,10.498355865478516,16382800,0.0,0.0
2004-12-01 00:00:00-05:00,10.535746260742224,10.621207237243652,10.495685982293027,10.621207237243652,20019800,0.0,0.0
2004-12-02 00:00:00-05:00,10.621204820361502,10.816162692315677,10.60251029967925,10.79479694366455,25100400,0.0,0.0
2004-12-03 00:00:00-05:00,10.818836233966058,11.016465394763546,10.816166023949664,10.872249603271484,20564000,0.0,0.0
2004-12-06 00:00:00-05:00,10.888276168541704,10.901629258932164,10.749401787174834,10.78679084777832,11860600,0.0,0.0
2004-12-07 00:00:00-05:00,10.786783954576089,10.816161345927027,10.71734731765329,10.725358963012695,11603200,0.0,0.0
2004-12-08 00:00:00-05:00,10.778779197299142,10.813498047334733,10.728036027529702,10.78679084777832,12023200,0.0,0.0
2004-12-09 00:00:00-05:00,10.720021672655145,10.928332682766008,10.701327147069568,10.898956298828125,15715600,0.0,0.0
2004-12-10 00:00:00-05:00,10.74939584742001,10.880258505997396,10.74939584742001,10.824173927307129,10780000,0.0,0.0
2004-12-13 00:00:00-05:00,10.842875752816829,10.925666553312537,10.746732879087908,10.912313461303711,13432400,0.0,0.0
2004-12-14 00:00:00-05:00,10.91230804981225,11.059194026618767,10.893613526515518,11.029816627502441,14325800,0.0,0.0
2004-12-15 00:00:00-05:00,11.069880575698642,11.099257984563119,10.952370940240733,11.07522201538086,12765800,0.0,0.0
2004-12-16 00:00:00-05:00,11.080558891452771,11.107265060089281,10.936343135755548,10.984415054321289,13292600,0.0,0.0
2004-12-17 00:00:00-05:00,10.947027022680674,11.027146554771608,10.936344146728516,10.936344146728516,22433000,0.0,0.0
2004-12-20 00:00:00-05:00,11.003110593266817,11.005780802867294,10.896283871295486,10.936344146728516,11756400,0.0,0.0
2004-12-21 00:00:00-05:00,10.936345361145735,10.99242893795963,10.896285081264246,10.949698448181152,14368000,0.0,0.0
2004-12-22 00:00:00-05:00,10.95236863964647,11.160680668394317,10.949698429753976,11.104597091674805,14404000,0.0,0.0
2004-12-23 00:00:00-05:00,11.083232003997207,11.163351549668633,11.035160072839291,11.085902214050293,8831800,0.0,0.0
2004-12-27 00:00:00-05:00,11.072545013463715,11.182041922924189,11.069874804402447,11.12328815460205,8800600,0.0,0.0
2004-12-28 00:00:00-05:00,11.149995377470917,11.18471421120867,11.08857037548875,11.176701545715332,10439400,0.0,0.0
2004-12-29 00:00:00-05:00,11.144653388328521,11.147324616285728,11.029815036767811,11.099252700805664,10343200,0.0,0.0
2004-12-30 00:00:00-05:00,11.08322788725862,11.192724796719093,11.035155973956469,11.12328815460205,9978600,0.0,0.0
2004-12-31 00:00:00-05:00,11.13130360498513,11.187387183414081,11.093914552699161,11.120620727539062,9805800,0.0,0.0
2005-01-03 00:00:00-05:00,11.190052115298565,11.208746630921773,11.059189487161412,11.093908309936523,14072000,0.0,0.0
2005-01-04 00:00:00-05:00,11.093913080906738,11.123290480598387,10.922991139546376,10.939014434814453,16860200,0.0,0.0
2005-01-05 00:00:00-05:00,10.949693458154492,11.003106800729713,10.880256825949047,10.88826847076416,13271000,0.0,0.0
2005-01-06 00:00:00-05:00,10.866906319771395,10.989757353952104,10.829517273237093,10.979074478149414,10038600,0.0,0.0
2005-01-07 00:00:00-05:00,10.968392815774468,11.072548319435587,10.909638011134772,10.99242877960205,9732800,0.0,0.0
2005-01-10 00:00:00-05:00,10.9683939551187,11.091243996876207,10.952369637977373,11.053854942321777,10577000,0.0,0.0
2005-01-11 00:00:00-05:00,11.019134953288155,11.035159268764952,10.952368500297673,10.99242877960205,10594000,0.0,0.0
2005-01-12 00:00:00-05:00,10.995098989460573,11.016464743429633,10.909638011134772,10.99242877960205,10857200,0.0,0.0
2005-01-13 00:00:00-05:00,10.992428571087832,11.000440219286647,10.84554258105008,10.880261421203613,9431200,0.0,0.0
2005-01-14 00:00:00-05:00,10.882931825672904,10.979075680879202,10.882931825672904,10.941686630249023,8296400,0.0,0.0
2005-01-18 00:00:00-05:00,10.874922509883023,11.01913730484975,10.842873872090024,11.016467094421387,10045800,0.0,0.0
2005-01-19 00:00:00-05:00,10.973735887156261,11.067208527741556,10.971065676900412,10.97640609741211,8542600,0.0,0.0
2005-01-20 00:00:00-05:00,10.955039585400632,11.09391392805436,10.861565941173497,11.037830352783203,13351600,0.0,0.0
2005-01-21 00:00:00-05:00,11.01379232262944,11.056522803214495,10.898953965036789,10.925660133361816,13431600,0.0,0.0
2005-01-24 00:00:00-05:00,10.936344225194818,10.997769234197753,10.882930863825921,10.939014434814453,13641800,0.0,0.0
2005-01-25 00:00:00-05:00,10.98975703117564,11.064535122047964,10.971062508457559,11.013792991638184,9709400,0.0,0.0
2005-01-26 00:00:00-05:00,10.989756399824602,11.182043053703188,10.989756399824602,11.131300926208496,15601000,0.0,0.0
2005-01-27 00:00:00-05:00,11.13130421565295,11.216765202359376,11.091243932420108,11.152668952941895,11226400,0.0,0.0
2005-01-28 00:00:00-05:00,11.09124063293458,11.117947820069908,11.005779671651567,11.080558776855469,13453000,0.0,0.0
2005-01-31 00:00:00-05:00,11.155336863284349,11.171361175565545,11.05385158972014,11.080558776855469,14094600,0.0,0.0
2005-02-01 00:00:00-05:00,11.083229650219321,11.083229650219321,10.984415598835835,11.061863899230957,10813000,0.0,0.0
2005-02-02 00:00:00-05:00,11.06987620606858,11.19806765151426,11.045840246374075,11.195396423339844,13188200,0.0,0.0
2005-02-03 00:00:00-05:00,11.190055040205557,11.195395458544068,11.10993450227846,11.147324562072754,9620200,0.0,0.0
2005-02-04 00:00:00-05:00,11.112608399085195,11.352967014267392,11.09925531248205,11.34228515625,15542400,0.0,0.0
2005-02-07 00:00:00-05:00,11.374331903598954,11.374331903598954,11.286199704919369,11.347625732421875,8667000,0.0,0.0
2005-02-08 00:00:00-05:00,11.39302341172074,11.451778195289496,11.334268628151985,11.390353202819824,9454600,0.0,0.0
2005-02-09 00:00:00-05:00,11.43308428800563,11.513203803390427,11.323587379265593,11.419730186462402,14255400,0.0,0.0
2005-02-10 00:00:00-05:00,11.451782267678936,11.510536053366376,11.286200731243298,11.350296974182129,8683800,0.0,0.0
2005-02-11 00:00:00-05:00,11.30489285963497,11.505192157484421,11.30489285963497,11.419730186462402,10168000,0.0,0.0
2005-02-14 00:00:00-05:00,11.473149737710957,11.475820966973403,11.390359968533414,11.446443557739258,6977200,0.0,0.0
2005-02-15 00:00:00-05:00,11.467801486244715,11.467801486244715,11.272843635682312,11.390353202819824,11663400,0.0,0.0
2005-02-16 00:00:00-05:00,11.708161507286277,11.790952249378861,11.523886522496214,11.563945770263672,33930000,0.0,0.0
2005-02-17 00:00:00-05:00,11.57463575667921,11.577305967327977,11.433091160457522,11.483833312988281,14434800,0.0,0.0
2005-02-18 00:00:00-05:00,11.502525751617751,11.502525751617751,11.41973497370778,11.473148345947266,11256600,0.0,0.0
2005-02-22 00:00:00-05:00,11.430416982726138,11.523890631731211,11.339614562456351,11.427746772766113,17063600,0.0,0.0
2005-02-23 00:00:00-05:00,11.42774667120636,11.462464494254457,11.323591164511567,11.371663093566895,11546800,0.0,0.0
2005-02-24 00:00:00-05:00,11.385014704383527,11.435756836794882,11.326259905651872,11.393026351928711,9311000,0.0,0.0
2005-02-25 00:00:00-05:00,11.403703426163208,11.497175995886222,11.315571272903279,11.489164352416992,10707200,0.0,0.0
2005-02-28 00:00:00-05:00,11.446442332058785,11.5212204429927,11.401040608437942,11.430418014526367,13223200,0.0,0.0
2005-03-01 00:00:00-05:00,11.430418396451163,11.5906585208034,11.419735517739271,11.555939674377441,9999400,0.0,0.0
2005-03-02 00:00:00-05:00,11.489172072830726,11.590657372992954,11.446441580990095,11.494513511657715,9719200,0.0,0.0
2005-03-03 00:00:00-05:00,11.53457729267575,11.598673564930207,11.497188225017187,11.531907081604004,9450000,0.0,0.0
2005-03-04 00:00:00-05:00,11.601339361233045,11.689471574698166,11.550597219973769,11.654752731323242,13141400,0.0,0.0
2005-03-07 00:00:00-05:00,11.628045018510536,11.710834763369519,11.620032351852286,11.676116943359375,9485000,0.0,0.0
2005-03-08 00:00:00-05:00,11.636053307393675,11.697478300574383,11.577298523144792,11.595993041992188,11534600,0.0,0.0
2005-03-09 00:00:00-05:00,11.542581544366342,11.598665104947244,11.430413404429599,11.539910316467285,12479200,0.0,0.0
2005-03-10 00:00:00-05:00,11.55059726096409,11.587986314527322,11.47581915383762,11.502525329589844,9968600,0.0,0.0
2005-03-11 00:00:00-05:00,11.53209543062278,11.534783113465807,11.370806773113724,11.419193267822266,11803400,0.14,0.0
2005-03-14 00:00:00-05:00,11.451450404599932,11.491772824687812,11.31704370489598,11.381559371948242,11332000,0.0,0.0
2005-03-15 00:00:00-05:00,11.42457014441392,11.478333032534817,11.338549933597207,11.354679107666016,10415800,0.0,0.0
2005-03-16 00:00:00-05:00,11.357365108289109,11.42456845212514,11.247151665415686,11.274032592773438,14509600,0.0,0.0
2005-03-17 00:00:00-05:00,11.257903816699539,11.330483547034895,11.222957792736235,11.2901611328125,8479200,0.0,0.0
2005-03-18 00:00:00-05:00,11.292847584733462,11.319729533099819,11.128872314185335,11.145000457763672,31165400,0.0,0.0
2005-03-21 00:00:00-05:00,11.1880088351384,11.206825683390415,11.088548205028982,11.182632446289062,13221800,0.0,0.0
2005-03-22 00:00:00-05:00,11.193387499825421,11.255214446001451,11.096614531744148,11.128872871398926,13188600,0.0,0.0
2005-03-23 00:00:00-05:00,11.10199475975212,11.120811618335143,11.037480109022294,11.069737434387207,13798200,0.0,0.0
2005-03-24 00:00:00-05:00,11.136938343105617,11.136938343105617,10.99715526336045,11.075111389160156,10321600,0.0,0.0
2005-03-28 00:00:00-05:00,11.131563120982378,11.179949616182654,11.04554291294672,11.053606986999512,11567800,0.0,0.0
2005-03-29 00:00:00-05:00,11.075114093019781,11.14231745399024,11.045544450122074,11.126188278198242,10896000,0.0,0.0
2005-03-30 00:00:00-05:00,11.142312431961198,11.292847236403613,11.142312431961198,11.276719093322754,13239800,0.0,0.0
2005-03-31 00:00:00-05:00,11.26596695388509,11.26596695388509,11.158441208514953,11.201451301574707,9457400,0.0,0.0
2005-04-01 00:00:00-05:00,11.24446418916427,11.276721507673745,11.099304717709138,11.12349796295166,11705200,0.0,0.0
2005-04-04 00:00:00-04:00,11.1826367294278,11.1826367294278,11.088552452131852,11.14769172668457,9298200,0.0,0.0
2005-04-05 00:00:00-04:00,11.193388919188154,11.276721435700903,11.15575521026035,11.252528190612793,8743600,0.0,0.0
2005-04-06 00:00:00-04:00,11.287470490592296,11.31166372769344,11.18263244619312,11.212202072143555,8363000,0.0,0.0
2005-04-07 00:00:00-04:00,11.241777252213925,11.360054789010622,11.241777252213925,11.322421073913574,10670200,0.0,0.0
2005-04-08 00:00:00-04:00,11.349303562334283,11.397690062705841,11.30360474512031,11.317045211791992,7767400,0.0,0.0
2005-04-11 00:00:00-04:00,11.357365013740473,11.365429086792338,11.2390874987327,11.255215644836426,9955200,0.0,0.0
2005-04-12 00:00:00-04:00,11.228332277642195,11.400372634972983,11.206826720255139,11.378868103027344,14217000,0.0,0.0
2005-04-13 00:00:00-04:00,11.37887320427711,11.443387854477937,11.292851961606214,11.317045211791992,13992400,0.0,0.0
2005-04-14 00:00:00-04:00,11.343925061626885,11.416504798690916,11.295538570250864,11.308979034423828,13765800,0.0,0.0
2005-04-15 00:00:00-04:00,11.311668949664561,11.325109415271845,11.061672392690273,11.099306106567383,14048600,0.0,0.0
2005-04-18 00:00:00-04:00,11.053603204111072,11.110054779486415,10.951454882928182,11.01328182220459,15410600,0.0,0.0
2005-04-19 00:00:00-04:00,11.478327880553989,11.537466108045505,11.306287536139871,11.397684097290039,25291800,0.0,0.0
2005-04-20 00:00:00-04:00,11.42994347461786,11.438007546771654,11.190699763267697,11.257903099060059,16812400,0.0,0.0
2005-04-21 00:00:00-04:00,11.37080642892289,11.37080642892289,11.220271583667856,11.284786224365234,16392600,0.0,0.0
2005-04-22 00:00:00-04:00,11.27672203538783,11.440698369100524,11.260592862657468,11.325108528137207,13380200,0.0,0.0
2005-04-25 00:00:00-04:00,11.40574571881891,11.486389484766157,11.31972556508303,11.472949028015137,12265400,0.0,0.0
2005-04-26 00:00:00-04:00,11.472949438908932,11.642302071272155,11.4514438869842,11.548216819763184,17567600,0.0,0.0
2005-04-27 00:00:00-04:00,11.52940836586683,11.545537541549493,11.419194895640057,11.510591506958008,10492600,0.0,0.0
2005-04-28 00:00:00-04:00,11.459515963304947,11.537471072922807,11.456827254955702,11.4756441116333,10612000,0.0,0.0
2005-04-29 00:00:00-04:00,11.481017251315565,11.693380031323724,11.451447620499051,11.677250862121582,16370800,0.0,0.0
2005-05-02 00:00:00-04:00,11.690690865657512,11.72563585633215,11.623487540672095,11.71219539642334,10587800,0.0,0.0
2005-05-03 00:00:00-04:00,11.712197166239326,11.833163374580408,11.698756704299543,11.76327133178711,13355600,0.0,0.0
2005-05-04 00:00:00-04:00,11.822409958897454,11.892301997931101,11.744453848222026,11.808969497680664,11776000,0.0,0.0
2005-05-05 00:00:00-04:00,11.768647080482696,11.89230198973979,11.76327069091139,11.868108749389648,9011800,0.0,0.0
2005-05-06 00:00:00-04:00,11.886923662046883,11.970255123211555,11.854665329878662,11.87885856628418,11362800,0.0,0.0
2005-05-09 00:00:00-04:00,11.881548842949494,11.989073554724106,11.85466689592477,11.981009483337402,9263200,0.0,0.0
2005-05-10 00:00:00-04:00,11.860047327163919,11.938003461940466,11.83316639641976,11.889616966247559,8607000,0.0,0.0
2005-05-11 00:00:00-04:00,11.862737832593993,11.913812018921853,11.771341218599659,11.900371551513672,9109200,0.0,0.0
2005-05-12 00:00:00-04:00,11.87348461151123,12.029396839293888,11.760583502102962,11.87348461151123,7955200,0.0,0.0
2005-05-13 00:00:00-04:00,11.954130956614202,11.954130956614202,11.79284231847799,11.8573579788208,9995000,0.0,0.0
2005-05-16 00:00:00-04:00,11.88423886547977,11.924561281237464,11.849293865627507,11.897679328918457,5694200,0.0,0.0
2005-05-17 00:00:00-04:00,11.8358468177179,11.956812982734283,11.755203049520695,11.935308456420898,8947200,0.0,0.0
2005-05-18 00:00:00-04:00,11.946059230987553,12.080465842150316,11.921865999960614,12.075089454650879,12734800,0.0,0.0
2005-05-19 00:00:00-04:00,12.080476282533157,12.166496505983815,12.064348131537377,12.163808822631836,12546400,0.0,0.0
2005-05-20 00:00:00-04:00,12.150361161826213,12.150361161826213,12.029394973761573,12.110038757324219,12042800,0.0,0.0
2005-05-23 00:00:00-04:00,12.088539123535156,12.142300984059641,12.050905410991314,12.088539123535156,10954600,0.0,0.0
2005-05-24 00:00:00-04:00,12.03477590642803,12.134236576191741,12.03208719821073,12.10197925567627,7739800,0.0,0.0
2005-05-25 00:00:00-04:00,12.061651358004942,12.150360230936437,12.050899606343977,12.069716453552246,7436800,0.0,0.0
2005-05-26 00:00:00-04:00,12.080476142536872,12.110045786275728,12.053595207560786,12.067035675048828,6121200,0.0,0.0
2005-05-27 00:00:00-04:00,12.067028899116831,12.107351304380881,12.029395201105778,12.077781677246094,6379200,0.0,0.0
2005-05-31 00:00:00-04:00,12.034773635130907,12.042837707377428,11.927247886450134,11.997139930725098,12964600,0.0,0.0
2005-06-01 00:00:00-04:00,11.972946790468487,12.077783832331864,11.943377158057475,11.986387252807617,9291200,0.0,0.0
2005-06-02 00:00:00-04:00,11.951437304878844,12.056274312308116,11.908427224255522,12.037457466125488,11104000,0.0,0.0
2005-06-03 00:00:00-04:00,11.994454031768266,12.002519131344936,11.787467583624558,11.889616966247559,9711200,0.0,0.0
2005-06-06 00:00:00-04:00,11.83047679284008,11.873486894041124,11.774026227284029,11.819725036621094,8067200,0.0,0.0
2005-06-07 00:00:00-04:00,11.835852416892653,11.954130956614202,11.819724270888175,11.8573579788208,7902600,0.0,0.0
2005-06-08 00:00:00-04:00,11.862734085913756,11.886927329784154,11.763272402534563,11.800907135009766,8908600,0.0,0.0
2005-06-09 00:00:00-04:00,11.747138347637463,11.803588879790992,11.679935040185809,11.733697891235352,10212600,0.0,0.0
2005-06-10 00:00:00-04:00,11.755207051459392,11.817033995640298,11.709509276585393,11.814346313476562,9273400,0.0,0.0
2005-06-13 00:00:00-04:00,11.795412359051753,11.890100924824866,11.760243293380357,11.792707443237305,8915400,0.14,0.0
2005-06-14 00:00:00-04:00,11.792702851586391,11.903622933091361,11.792702851586391,11.830577850341797,9641600,0.0,0.0
2005-06-15 00:00:00-04:00,11.863046881310662,11.863046881310662,11.741306058523763,11.806234359741211,9612200,0.0,0.0
2005-06-16 00:00:00-04:00,11.822460448334164,11.887388713839053,11.744004514834264,11.84410285949707,7681600,0.0,0.0
2005-06-17 00:00:00-04:00,11.944204807233964,11.957731446124487,11.841400494036478,11.917150497436523,14473400,0.0,0.0
2005-06-20 00:00:00-04:00,11.849518000197255,11.9171522365363,11.838696274699037,11.879277229309082,5860800,0.0,0.0
2005-06-21 00:00:00-04:00,11.849518895466034,11.8900998531421,11.784590601604279,11.817054748535156,7781000,0.0,0.0
2005-06-22 00:00:00-04:00,11.817051528009205,11.854926527775845,11.703425496692939,11.749417304992676,10469000,0.0,0.0
2005-06-23 00:00:00-04:00,11.72777427130516,11.768355219350852,11.633086768553715,11.652024269104004,9401400,0.0,0.0
2005-06-24 00:00:00-04:00,11.614150232206827,11.633087734329301,11.397720899366783,11.416658401489258,15487000,0.0,0.0
2005-06-27 00:00:00-04:00,11.430185506431004,11.489703962390246,11.38419472283814,11.451828956604004,9165200,0.0,0.0
2005-06-28 00:00:00-04:00,11.54922082824311,11.630382730453388,11.48970340717642,11.597917556762695,10173800,0.0,0.0
2005-06-29 00:00:00-04:00,11.595214392978363,11.60333017161862,11.530285067806467,11.551928520202637,7701000,0.0,0.0
2005-06-30 00:00:00-04:00,11.514049480339473,11.532986978549248,11.27327080078501,11.294914245605469,20526600,0.0,0.0
2005-07-01 00:00:00-04:00,11.351727844557102,11.497818015258428,11.321968621042053,11.41936206817627,15284600,0.0,0.0
2005-07-05 00:00:00-04:00,11.486995712515842,11.532987518906051,11.416656577586247,11.47076416015625,11501200,0.0,0.0
2005-07-06 00:00:00-04:00,11.427479772199423,11.449122188804878,11.340907009728303,11.349023818969727,10375800,0.0,0.0
2005-07-07 00:00:00-04:00,11.238108098844705,11.376081525452818,11.19752713289223,11.297625541687012,12983600,0.0,0.0
2005-07-08 00:00:00-04:00,11.349023915510344,11.592506522479177,11.294916325511789,11.560042381286621,12800400,0.0,0.0
2005-07-11 00:00:00-04:00,11.551929079023395,11.635794881074002,11.50864320415373,11.570866584777832,10255400,0.0,0.0
2005-07-12 00:00:00-04:00,11.616855737504196,11.668258416176315,11.508641581595054,11.584391593933105,12893000,0.0,0.0
2005-07-13 00:00:00-04:00,11.538397197655598,11.62496890808731,11.535691251195498,11.614147186279297,7104800,0.0,0.0
2005-07-14 00:00:00-04:00,11.630383934522344,11.722366538802493,11.61956220883843,11.681785583496094,12267200,0.0,0.0
2005-07-15 00:00:00-04:00,11.638498210383528,11.673668298307923,11.560042257327733,11.654730796813965,9868200,0.0,0.0
2005-07-18 00:00:00-04:00,11.654728127051246,11.741299837482957,11.60873632537529,11.614147186279297,7096600,0.0,0.0
2005-07-19 00:00:00-04:00,11.692610908920779,11.746717489964725,11.611448973321096,11.722370147705078,10527000,0.0,0.0
2005-07-20 00:00:00-04:00,11.722370147705078,11.781887593256796,11.622270702336637,11.722370147705078,12966800,0.0,0.0
2005-07-21 00:00:00-04:00,11.992901934745577,12.05783021640245,11.776471577178855,11.890097618103027,26064600,0.0,0.0
2005-07-22 00:00:00-04:00,11.822458923112327,11.946905609288573,11.6736638825089,11.911735534667969,14347600,0.0,0.0
2005-07-25 00:00:00-04:00,11.92526995805762,11.955028157427172,11.752125432903188,11.808938980102539,10391800,0.0,0.0
2005-07-26 00:00:00-04:00,11.808937722066279,11.922562740326969,11.787294271721473,11.819758415222168,11479600,0.0,0.0
2005-07-27 00:00:00-04:00,11.876570009971545,11.955024924572557,11.817051563294052,11.906328201293945,11134200,0.0,0.0
2005-07-28 00:00:00-04:00,11.965852225544038,12.068656581720296,11.903628835021173,12.009138107299805,12293000,0.0,0.0
2005-07-29 00:00:00-04:00,11.982075973742553,12.017245017197821,11.838690757751465,11.838690757751465,9949400,0.0,0.0
2005-08-01 00:00:00-04:00,11.90092106438322,11.922563484061577,11.80893845871291,11.86845588684082,10047400,0.0,0.0
2005-08-02 00:00:00-04:00,11.863045812357317,11.998314298391113,11.857635981090615,11.979376792907715,8803400,0.0,0.0
2005-08-03 00:00:00-04:00,11.900917655896016,12.09299859060093,11.868452487651815,12.084881782531738,12820200,0.0,0.0
2005-08-04 00:00:00-04:00,12.011841203718228,12.055127075197607,11.927974376219678,12.001019477844238,9906400,0.0,0.0
2005-08-05 00:00:00-04:00,11.930677717576238,11.957732028691735,11.795409258048087,11.919857025146484,8597800,0.0,0.0
2005-08-08 00:00:00-04:00,11.917152551744346,11.919858499198746,11.757535708481683,11.814348220825195,7319400,0.0,0.0
2005-08-09 00:00:00-04:00,11.868455945384069,11.94150104718991,11.83599179969811,11.930679321289062,8243200,0.0,0.0
2005-08-10 00:00:00-04:00,11.973963121811611,12.019954932926993,11.857633200556435,11.876570701599121,8072000,0.0,0.0
2005-08-11 00:00:00-04:00,11.822461953923751,11.9387928957856,11.798113593254612,11.933382034301758,8301200,0.0,0.0
2005-08-12 00:00:00-04:00,11.86845104751872,11.927969483394762,11.741299432714666,11.789996147155762,8020000,0.0,0.0
2005-08-15 00:00:00-04:00,11.768353082904392,11.825165574241424,11.749415585792049,11.7791748046875,5786800,0.0,0.0
2005-08-16 00:00:00-04:00,11.795405687273409,11.803522494159113,11.681780711034877,11.714244842529297,8983000,0.0,0.0
2005-08-17 00:00:00-04:00,11.676371380216784,11.746710513006116,11.662844742989943,11.716952323913574,11194000,0.0,0.0
2005-08-18 00:00:00-04:00,11.730478459643521,11.817050172613744,11.692603464221078,11.776469230651855,13145600,0.0,0.0
2005-08-19 00:00:00-04:00,11.998316378856657,12.09570987081134,11.973968005867986,12.009138107299805,23074000,0.0,0.0
2005-08-22 00:00:00-04:00,12.05512718414265,12.10652883448376,11.892804390615595,11.97667121887207,12600200,0.0,0.0
2005-08-23 00:00:00-04:00,11.984788722307218,11.992905533962604,11.892806102341185,11.955029487609863,8960200,0.0,0.0
2005-08-24 00:00:00-04:00,11.968550797818924,12.014541567334389,11.835987286127175,11.857630729675293,10785200,0.0,0.0
2005-08-25 00:00:00-04:00,11.827869320780124,11.884681801550364,11.768350894059303,11.852217674255371,7725800,0.0,0.0
2005-08-26 00:00:00-04:00,11.80622711501489,11.879272183073988,11.78187875899519,11.7872896194458,10020600,0.0,0.0
2005-08-29 00:00:00-04:00,11.73047731092447,11.930673990557558,11.725066450391669,11.903620719909668,6421200,0.0,0.0
2005-08-30 00:00:00-04:00,11.84952278939033,11.881986946989398,11.687200969378024,11.738602638244629,13138600,0.0,0.0
2005-08-31 00:00:00-04:00,11.73047731092447,11.919853301508077,11.66554801654696,11.903620719909668,15536400,0.0,0.0
2005-09-01 00:00:00-04:00,11.852223005094444,11.98749146701602,11.800820329073709,11.871160507202148,9958400,0.0,0.0
2005-09-02 00:00:00-04:00,11.922561480698096,11.94690984375532,11.822463113470134,11.876570701599121,8507600,0.0,0.0
2005-09-06 00:00:00-04:00,11.998313980709188,12.090296590057394,11.998313980709188,12.044305801391602,10253200,0.0,0.0
2005-09-07 00:00:00-04:00,12.063247576037995,12.095711734352244,11.971264934133465,12.079480171203613,12324400,0.0,0.0
2005-09-08 00:00:00-04:00,11.822465885757167,11.982082740557713,11.817055022473816,11.979376792907715,17879000,0.0,0.0
2005-09-09 00:00:00-04:00,11.979373861946046,11.99560644782451,11.8792754957365,11.917150497436523,15940800,0.0,0.0
2005-09-12 00:00:00-04:00,11.8765678201882,12.011836241684573,11.8765678201882,11.9712553024292,9145200,0.0,0.0
2005-09-13 00:00:00-04:00,11.862353621175346,11.944031313647715,11.856908303198761,11.886857032775879,12303000,0.14,0.0
2005-09-14 00:00:00-04:00,11.875967084242694,11.933142407012234,11.813347481769643,11.84874153137207,10005200,0.0,0.0
2005-09-15 00:00:00-04:00,11.870524128595509,11.900472865866991,11.799737053889851,11.878692626953125,10943200,0.0,0.0
2005-09-16 00:00:00-04:00,11.897748253124853,11.935864442244942,11.76978587086033,11.816070556640625,39747600,0.0,0.0
2005-09-19 00:00:00-04:00,11.802457371060225,11.856909517815929,11.750728402865878,11.805180549621582,11264800,0.0,0.0
2005-09-20 00:00:00-04:00,11.788845393349655,11.807903490218122,11.674496812138864,11.67994213104248,14977600,0.0,0.0
2005-09-21 00:00:00-04:00,11.573754871859954,11.59825827683785,11.475742290536294,11.502967834472656,14035400,0.0,0.0
2005-09-22 00:00:00-04:00,11.464858503979968,11.505696844271885,11.394070385732302,11.494807243347168,12395200,0.0,0.0
2005-09-23 00:00:00-04:00,11.502967785038063,11.600981404528431,11.500245646091296,11.530193328857422,10658200,0.0,0.0
2005-09-26 00:00:00-04:00,11.584649450548664,11.633656277195959,11.434906830721161,11.535642623901367,15488400,0.0,0.0
2005-09-27 00:00:00-04:00,11.51658316734036,11.65543617262064,11.51658316734036,11.524751663208008,10018800,0.0,0.0
2005-09-28 00:00:00-04:00,11.592817486570082,11.707166051809589,11.530196847219031,11.671772003173828,11590600,0.0,0.0
2005-09-29 00:00:00-04:00,11.690829707360416,11.737114390738181,11.584648603583707,11.734391212463379,15022800,0.0,0.0
2005-09-30 00:00:00-04:00,11.758898735046387,11.813350895109265,11.696279114480076,11.758898735046387,9953400,0.0,0.0
2005-10-03 00:00:00-04:00,11.764342308044434,11.832407238369044,11.739838891584037,11.764342308044434,13063800,0.0,0.0
2005-10-04 00:00:00-04:00,11.807902792576714,11.870522398385999,11.709889135279287,11.718057632446289,9836800,0.0,0.0
2005-10-05 00:00:00-04:00,11.696275646622103,11.756173108790978,11.603707313537598,11.603707313537598,10305600,0.0,0.0
2005-10-06 00:00:00-04:00,11.611871343172039,11.674490921082633,11.554696042829445,11.628206253051758,13721400,0.0,0.0
2005-10-07 00:00:00-04:00,11.609152789352924,11.61732024754562,11.445797393969373,11.489358901977539,14741800,0.0,0.0
2005-10-10 00:00:00-04:00,11.473024901966538,11.513864277065446,11.396792509609588,11.429463386535645,12022200,0.0,0.0
2005-10-11 00:00:00-04:00,11.394065612799192,11.434904974572195,11.320556423348767,11.342336654663086,11594800,0.0,0.0
2005-10-12 00:00:00-04:00,11.306946894077912,11.434909306763828,11.301501574539309,11.35867691040039,17748200,0.0,0.0
2005-10-13 00:00:00-04:00,11.29877943406426,11.413128028609414,11.29877943406426,11.35867691040039,9680400,0.0,0.0
2005-10-14 00:00:00-04:00,11.35867565581775,11.494805513481573,11.312390964146086,11.45396614074707,10720800,0.0,0.0
2005-10-17 00:00:00-04:00,11.421297327589569,11.52475632889619,11.413128828414981,11.459413528442383,9956200,0.0,0.0
2005-10-18 00:00:00-04:00,11.43762837402799,11.494803694526464,11.366841316223145,11.366841316223145,11762000,0.0,0.0
2005-10-19 00:00:00-04:00,11.372289464586679,11.407683521591942,11.238881735005915,11.380456924438477,14578800,0.0,0.0
2005-10-20 00:00:00-04:00,11.679941035275618,11.690830633472848,11.456688174113985,11.462132453918457,21683000,0.0,0.0
2005-10-21 00:00:00-04:00,11.541086010183731,11.609150920400516,11.38317595854661,11.415846824645996,13578600,0.0,0.0
2005-10-24 00:00:00-04:00,11.483915279940742,11.568316168555777,11.451244403755876,11.54381275177002,11878600,0.0,0.0
2005-10-25 00:00:00-04:00,11.502972994395467,11.598263479505398,11.45124402227699,11.560147285461426,11748200,0.0,0.0
2005-10-26 00:00:00-04:00,11.565594418099883,11.666330237954464,11.519310757670786,11.527478218078613,10462600,0.0,0.0
2005-10-27 00:00:00-04:00,11.53019630279391,11.5710356676444,11.467576704987827,11.47574520111084,8195200,0.0,0.0
2005-10-28 00:00:00-04:00,11.54381214485852,11.699000096813224,11.527476188330729,11.660883903503418,12878000,0.0,0.0
2005-10-31 00:00:00-05:00,11.598268119463874,11.69900500241009,11.543816985382342,11.6472749710083,19920400,0.0,0.0
2005-11-01 00:00:00-05:00,11.603705131574886,11.6554351259346,11.562866810256656,11.611873626708984,11631400,0.0,0.0
2005-11-02 00:00:00-05:00,11.592824263002246,11.609159188391546,11.541094229699205,11.58465576171875,12415400,0.0,0.0
2005-11-03 00:00:00-05:00,11.60643294675314,11.649994463383463,11.568316749525168,11.592820167541504,9076400,0.0,0.0
2005-11-04 00:00:00-05:00,11.614596124947182,11.62548675973715,11.443072262063538,11.516582489013672,11434800,0.0,0.0
2005-11-07 00:00:00-05:00,11.530195724407715,11.562867630084474,11.464853990230479,11.546531677246094,10704000,0.0,0.0
2005-11-08 00:00:00-05:00,11.54653557667641,11.581929633818575,11.434909124386651,11.47302532196045,9146200,0.0,0.0
2005-11-09 00:00:00-05:00,11.481190243212865,11.546533023597354,11.440351914237286,11.48391342163086,9225400,0.0,0.0
2005-11-10 00:00:00-05:00,11.538362778191784,11.617317277240128,11.497523420493529,11.576478958129883,9571800,0.0,0.0
2005-11-11 00:00:00-05:00,11.557425823794446,11.641825675964357,11.500251529371903,11.641825675964355,8627000,0.0,0.0
2005-11-14 00:00:00-05:00,11.630936364769477,11.649994463383463,11.565593570529753,11.592820167541504,6991200,0.0,0.0
2005-11-15 00:00:00-05:00,11.562870464229363,11.617321576527385,11.502972994395467,11.560147285461426,8944200,0.0,0.0
2005-11-16 00:00:00-05:00,11.554703036559799,11.571038994915064,11.467580002508694,11.47302532196045,10351400,0.0,0.0
2005-11-17 00:00:00-05:00,11.483913164018682,11.519307212540816,11.399512290954588,11.39951229095459,14969200,0.0,0.0
2005-11-18 00:00:00-05:00,11.56286914147662,11.56559128134476,11.404958025829348,11.489358901977539,17160400,0.0,0.0
2005-11-21 00:00:00-05:00,11.522028845259086,11.522028845259086,11.445796472032239,11.47574520111084,13533000,0.0,0.0
2005-11-22 00:00:00-05:00,11.478471378454534,11.551981637890652,11.453967958642496,11.527478218078613,13147600,0.0,0.0
2005-11-23 00:00:00-05:00,11.557421493029945,11.6554351259346,11.532918084803782,11.611873626708984,9917600,0.0,0.0
2005-11-25 00:00:00-05:00,11.666328461119342,11.685386558227343,11.6336575858754,11.652715682983398,3958400,0.0,0.0
2005-11-28 00:00:00-05:00,11.693559681284174,11.78340488338975,11.639107508613833,11.6472749710083,15625800,0.0,0.0
2005-11-29 00:00:00-05:00,11.74044651736032,11.852808358245538,11.7267440578242,11.79799747467041,14827800,0.14,0.0
2005-11-30 00:00:00-05:00,11.79252095301938,11.83362939334225,11.693861532589345,11.699342727661133,13232000,0.0,0.0
2005-12-01 00:00:00-05:00,11.702078787219163,11.762369816073168,11.702078787219163,11.740446090698242,10905200,0.0,0.0
2005-12-02 00:00:00-05:00,11.68290125664894,11.765117099384863,11.677420061075724,11.734971046447754,8286800,0.0,0.0
2005-12-05 00:00:00-05:00,11.704818004493013,11.792514990437752,11.674671969556284,11.688375473022461,9906000,0.0,0.0
2005-12-06 00:00:00-05:00,11.682896582725832,11.710301504196991,11.60616092083125,11.658231735229492,16146600,0.0,0.0
2005-12-07 00:00:00-05:00,11.622603945743606,11.696598484697798,11.502020833427899,11.56505298614502,12944600,0.0,0.0
2005-12-08 00:00:00-05:00,11.534909791848001,11.548612255308772,11.43076918777044,11.4773588180542,13954400,0.0,0.0
2005-12-09 00:00:00-05:00,11.463648821763606,11.507497303283548,11.304697422859897,11.375950813293457,18714200,0.0,0.0
2005-12-12 00:00:00-05:00,11.354035472575069,11.43351123066637,11.263597324657857,11.277300834655762,19171400,0.0,0.0
2005-12-13 00:00:00-05:00,11.293740708049684,11.29922190166879,11.173157584721697,11.225227355957031,20553000,0.0,0.0
2005-12-14 00:00:00-05:00,11.269075988877004,11.345811654994835,11.227968604407867,11.260854721069336,13085800,0.0,0.0
2005-12-15 00:00:00-05:00,11.236187477913264,11.299219623679157,11.195079056773057,11.280035972595215,13107800,0.0,0.0
2005-12-16 00:00:00-05:00,11.326626476516967,11.375955122159615,11.280036859200774,11.293739318847656,16554200,0.0,0.0
2005-12-19 00:00:00-05:00,11.266338608708113,11.444472741530618,11.266338608708113,11.35129451751709,14156200,0.0,0.0
2005-12-20 00:00:00-05:00,11.375952940366117,11.386915324153414,11.274553503909784,11.296478271484375,11937600,0.0,0.0
2005-12-21 00:00:00-05:00,11.280036859200774,11.356771469567848,11.258113132851893,11.293739318847656,9821400,0.0,0.0
2005-12-22 00:00:00-05:00,11.29922097119249,11.315664550695702,11.238928891778079,11.312923431396484,11072200,0.0,0.0
2005-12-23 00:00:00-05:00,11.293743373963594,11.31292703344342,11.26633844482985,11.277300834655762,5063200,0.0,0.0
2005-12-27 00:00:00-05:00,11.263597275597816,11.332110643564787,11.137532929442035,11.227971076965332,14248000,0.0,0.0
2005-12-28 00:00:00-05:00,11.230711363784428,11.277300998505943,11.162197994523593,11.17590045928955,9763000,0.0,0.0
2005-12-29 00:00:00-05:00,11.145752450637438,11.208785659258405,11.077239093418086,11.126568794250488,11163400,0.0,0.0
2005-12-30 00:00:00-05:00,11.06628182323667,11.145756552330754,11.047098159790039,11.047098159790039,11743200,0.0,0.0
2006-01-03 00:00:00-05:00,11.178640916460825,11.233451817704696,11.058056724638114,11.208786964416504,13640800,0.0,0.0
2006-01-04 00:00:00-05:00,11.233451623033078,11.255375355892104,11.143013480733304,11.186861991882324,19993200,0.0,0.0
2006-01-05 00:00:00-05:00,11.159458584294981,11.271820474756725,11.121091262493085,11.241674423217773,16613000,0.0,0.0
2006-01-06 00:00:00-05:00,11.252635365373964,11.389662094417057,11.19782446467053,11.348553657531738,17122800,0.0,0.0
2006-01-09 00:00:00-05:00,11.370479011279317,11.419807674434134,11.304705718021175,11.403365135192871,13819600,0.0,0.0
2006-01-10 00:00:00-05:00,11.285520268190707,11.436249444765194,11.285520268190707,11.414325714111328,13849800,0.0,0.0
2006-01-11 00:00:00-05:00,11.41706259218238,11.458171013117449,11.364992831704454,11.41980266571045,10574400,0.0,0.0
2006-01-12 00:00:00-05:00,11.312926770958251,11.408846111562877,11.312926770958251,11.356775283813477,17086000,0.0,0.0
2006-01-13 00:00:00-05:00,11.340328709887213,11.386917280843155,11.249890596247134,11.321145057678223,10548400,0.0,0.0
2006-01-17 00:00:00-05:00,11.258114975826691,11.3129248233867,11.208785276678018,11.24441146850586,11574000,0.0,0.0
2006-01-18 00:00:00-05:00,11.236191697603843,11.236191697603843,11.126569897015807,11.186861991882324,12906200,0.0,0.0
2006-01-19 00:00:00-05:00,11.219745803681862,11.274556692690028,11.126567605997202,11.217005729675293,10907600,0.0,0.0
2006-01-20 00:00:00-05:00,11.189598215148276,11.200559554065459,10.786739476529881,10.986798286437988,18971600,0.0,0.0
2006-01-23 00:00:00-05:00,10.962137292932582,11.143012516448733,10.962137292932582,11.099164009094238,13222200,0.0,0.0
2006-01-24 00:00:00-05:00,11.291002793566815,11.318407721473257,11.153976063172633,11.208786964416504,15888400,0.0,0.0
2006-01-25 00:00:00-05:00,11.274556159973145,11.288258620220065,11.208783932615649,11.274556159973145,13699000,0.0,0.0
2006-01-26 00:00:00-05:00,11.312924019959366,11.39514087632212,11.277297830661647,11.367734909057617,14573200,0.0,0.0
2006-01-27 00:00:00-05:00,11.367737045640862,11.507504891382515,11.296483608222475,11.502023696899414,13646400,0.0,0.0
2006-01-30 00:00:00-05:00,11.46913255573286,11.499278592228267,11.384176684260993,11.441727638244629,12143400,0.0,0.0
2006-01-31 00:00:00-05:00,11.438988554409983,11.438988554409983,11.293739551949251,11.34032917022705,13115000,0.0,0.0
2006-02-01 00:00:00-05:00,11.28826253437281,11.384181880222243,11.244414019119976,11.37321949005127,12966600,0.0,0.0
2006-02-02 00:00:00-05:00,11.323887797017592,11.375957573066248,11.230709587740975,11.299222946166992,12468400,0.0,0.0
2006-02-03 00:00:00-05:00,11.241669689067306,11.299220647533991,11.104643000091007,11.203302383422852,12538000,0.0,0.0
2006-02-06 00:00:00-05:00,11.189602542865618,11.23619112621626,11.134791645358867,11.219747543334961,13500600,0.0,0.0
2006-02-07 00:00:00-05:00,11.345811986439703,11.36773571637754,11.129309534112844,11.24441146850586,20573000,0.0,0.0
2006-02-08 00:00:00-05:00,11.307444214640231,11.315666528544353,11.145752646937595,11.299222946166992,18185800,0.0,0.0
2006-02-09 00:00:00-05:00,11.26908074112548,11.351296590165543,11.20878967605943,11.236194610595703,15045200,0.0,0.0
2006-02-10 00:00:00-05:00,11.211522634315255,11.351289384416917,11.156711754605173,11.280035972595215,12782000,0.0,0.0
2006-02-13 00:00:00-05:00,11.34033007581379,11.34033007581379,11.134790024162754,11.164936065673828,11791600,0.0,0.0
2006-02-14 00:00:00-05:00,11.233447474269102,11.356770647595917,11.219743970183382,11.329365730285645,14048800,0.0,0.0
2006-02-15 00:00:00-05:00,11.34306818894078,11.356770647595917,11.266333584127548,11.329365730285645,13561600,0.0,0.0
2006-02-16 00:00:00-05:00,11.312925519909815,11.406103730101862,11.280039400262885,11.397882461547852,14381400,0.0,0.0
2006-02-17 00:00:00-05:00,11.411581702485895,11.482836161273243,11.299219867103323,11.452690124511719,14525200,0.0,0.0
2006-02-21 00:00:00-05:00,11.452692748191183,11.521206103642774,11.400621928972239,11.469135284423828,20793200,0.0,0.0
2006-02-22 00:00:00-05:00,11.523947980881728,11.556834103923142,11.48832073775211,11.532170295715332,11821200,0.0,0.0
2006-02-23 00:00:00-05:00,11.559570602531313,11.595197831417277,11.493797337313424,11.518462181091309,9523400,0.0,0.0
2006-02-24 00:00:00-05:00,11.512981582975591,11.603419696640866,11.466393012006671,11.573273658752441,10691400,0.0,0.0
2006-02-27 00:00:00-05:00,11.586977524610575,11.655490875244139,11.559572602529455,11.65549087524414,13199800,0.0,0.0
2006-02-28 00:00:00-05:00,11.652752886176314,11.66919646962561,11.488320187976191,11.502023696899414,16189400,0.0,0.0
2006-03-01 00:00:00-05:00,11.482837734187092,11.61438323908593,11.469134228014317,11.595199584960938,11036800,0.0,0.0
2006-03-02 00:00:00-05:00,11.529428956033003,11.551353734597027,11.428029468751848,11.485580444335938,11537800,0.0,0.0
2006-03-03 00:00:00-05:00,11.408844311663074,11.523946247712521,11.392400729899933,11.455432891845703,10586800,0.0,0.0
2006-03-06 00:00:00-05:00,11.447215123013335,11.562317094248652,11.428031461140781,11.49654483795166,10945800,0.0,0.0
2006-03-07 00:00:00-05:00,11.496541323538132,11.521206173467421,11.428027967671316,11.455432891845703,11242600,0.0,0.0
2006-03-08 00:00:00-05:00,11.433506900415043,11.650008267609786,11.428025707577998,11.573273658752441,13843000,0.0,0.0
2006-03-09 00:00:00-05:00,11.543127854292086,11.671933274990769,11.543127854292086,11.619863510131836,13296600,0.0,0.0
2006-03-10 00:00:00-05:00,11.6801592591982,11.765116216057727,11.655494403686149,11.721267700195312,15399000,0.0,0.0
2006-03-13 00:00:00-05:00,11.757152508985447,11.81512365841129,11.70746265145942,11.729547500610352,13502200,0.155,0.0
2006-03-14 00:00:00-05:00,11.724019707957181,11.83444073254489,11.715737367642443,11.812356948852539,11377200,0.0,0.0
2006-03-15 00:00:00-05:00,11.784758737001447,11.82064609405402,11.746111300051144,11.795801162719727,12805400,0.0,0.0
2006-03-16 00:00:00-05:00,11.790278826468816,11.804081330769709,11.735067756201667,11.784757614135742,14209000,0.0,0.0
2006-03-17 00:00:00-05:00,11.784750902908378,11.826159445293131,11.75438583196427,11.812356948852539,16508800,0.0,0.0
2006-03-20 00:00:00-05:00,11.820643060470793,11.867572831197853,11.784755712628147,11.839966773986816,11851600,0.0,0.0
2006-03-21 00:00:00-05:00,11.815120669335828,11.831684302008638,11.7350646910122,11.801318168640137,14625800,0.0,0.0
2006-03-22 00:00:00-05:00,11.820641489497262,11.856528832570449,11.784754146424076,11.806838989257812,16481600,0.0,0.0
2006-03-23 00:00:00-05:00,11.801316965544586,11.826161885489313,11.649487367243786,11.70745849609375,12053200,0.0,0.0
2006-03-24 00:00:00-05:00,11.690896804337989,11.804079002179584,11.685376646157454,11.776473999023438,9723600,0.0,0.0
2006-03-27 00:00:00-05:00,11.748874140788697,11.773719075734363,11.685381763275066,11.701944351196289,9339200,0.0,0.0
2006-03-28 00:00:00-05:00,11.679853451277708,11.729543290970447,11.624642401278756,11.638444900512695,10910400,0.0,0.0
2006-03-29 00:00:00-05:00,11.621881269594054,11.690894818826948,11.599797481432386,11.638444900512695,8702000,0.0,0.0
2006-03-30 00:00:00-05:00,11.588758689119942,11.666053551480648,11.566674894044105,11.627406120300293,13586200,0.0,0.0
2006-03-31 00:00:00-05:00,11.627403217305996,11.646726928071654,11.541827084790443,11.558389663696289,14535800,0.0,0.0
2006-04-03 00:00:00-04:00,11.62188200664963,11.65776934938439,11.53906595293063,11.558389663696289,11291600,0.0,0.0
2006-04-04 00:00:00-04:00,11.544589777345237,11.630166982299194,11.50594234706393,11.616364479064941,9257600,0.0,0.0
2006-04-05 00:00:00-04:00,11.608082722404752,11.616365067215446,11.525266645742665,11.580477714538574,13148800,0.0,0.0
2006-04-06 00:00:00-04:00,11.594279481988067,11.594279481988067,11.478337192638659,11.508702278137207,10988400,0.0,0.0
2006-04-07 00:00:00-04:00,11.536311002598712,11.561155935065546,11.403805047130167,11.414846420288086,11893400,0.0,0.0
2006-04-10 00:00:00-04:00,11.41484487730268,11.456253443504638,11.378958576528808,11.450732231140137,7726200,0.0,0.0
2006-04-11 00:00:00-04:00,11.597038486059192,11.597038486059192,11.337547872245022,11.398280143737793,11085200,0.0,0.0
2006-04-12 00:00:00-04:00,11.390002355263496,11.412087209388725,11.290623670891378,11.359637260437012,10010000,0.0,0.0
2006-04-13 00:00:00-04:00,11.365151606976113,11.436926293102426,11.340307738390004,11.389996528625488,9029000,0.0,0.0
2006-04-17 00:00:00-04:00,11.40103730987139,11.428643359434401,11.279573850983482,11.329263687133789,9270800,0.0,0.0
2006-04-18 00:00:00-04:00,11.332028411948114,11.453492973702371,11.332028411948114,11.401041984558105,11528400,0.0,0.0
2006-04-19 00:00:00-04:00,11.450731133462503,11.627405699935974,11.42864733918506,11.508702278137207,16677600,0.0,0.0
2006-04-20 00:00:00-04:00,11.52250634711456,11.66053348994837,11.470055358877051,11.541830062866211,12246600,0.0,0.0
2006-04-21 00:00:00-04:00,11.597041306039001,11.599802438903744,11.508704009512755,11.552872657775879,13110600,0.0,0.0
2006-04-24 00:00:00-04:00,11.525264486280262,11.566673043384455,11.461772137633627,11.472814559936523,12466400,0.0,0.0
2006-04-25 00:00:00-04:00,11.470057498332578,11.48938121768859,11.387241407797703,11.414846420288086,12600800,0.0,0.0
2006-04-26 00:00:00-04:00,11.414843152189446,11.53354656742771,11.414843152189446,11.516983985900879,12248600,0.0,0.0
2006-04-27 00:00:00-04:00,11.492140474098676,11.632927699710905,11.486619261889473,11.60808277130127,13146400,0.0,0.0
2006-04-28 00:00:00-04:00,11.597037287337141,11.619122130347499,11.547348496690386,11.583234786987305,11529400,0.0,0.0
2006-05-01 00:00:00-04:00,11.619125710489843,11.646730719695308,11.569435851469128,11.585999488830566,13265600,0.0,0.0
2006-05-02 00:00:00-04:00,11.6218844685733,11.677095533769362,11.591519383125771,11.66053295135498,10551400,0.0,0.0
2006-05-03 00:00:00-04:00,11.635686547156219,11.657770338592329,11.547349275285086,11.572193145751953,14313200,0.0,0.0
2006-05-04 00:00:00-04:00,11.58047712820509,11.630166982299194,11.539068565438836,11.616364479064941,13301800,0.0,0.0
2006-05-05 00:00:00-04:00,11.668807375855536,11.839960629488179,11.605315056815408,11.790270805358887,18958000,0.0,0.0
2006-05-08 00:00:00-04:00,11.828926685247007,12.074615904120572,11.820645392981293,11.972475051879883,27358400,0.0,0.0
2006-05-09 00:00:00-04:00,11.920028925960766,12.055294990539549,11.920028925960766,12.05529499053955,13929600,0.0,0.0
2006-05-10 00:00:00-04:00,12.055283237355138,12.080128150942144,12.000073254328832,12.030439376831055,14902400,0.0,0.0
2006-05-11 00:00:00-04:00,12.01940649969324,12.033209006405887,11.94487169976843,11.975237846374512,16969400,0.0,0.0
2006-05-12 00:00:00-04:00,11.947625101449352,11.977991231081493,11.900696394245621,11.92002010345459,14767800,0.0,0.0
2006-05-15 00:00:00-04:00,11.92279142831771,12.146395914019811,11.884143973445187,12.12983226776123,18623200,0.0,0.0
2006-05-16 00:00:00-04:00,12.185028932933806,12.201592559568976,12.047001870162806,12.102212905883789,16978000,0.0,0.0
2006-05-17 00:00:00-04:00,12.08013836886051,12.138110584974289,11.925548600727275,12.022167205810547,19862400,0.0,0.0
2006-05-18 00:00:00-04:00,12.030449552720409,12.124307024479123,11.969717256345886,12.022167205810547,15375800,0.0,0.0
2006-05-19 00:00:00-04:00,12.074611461246372,12.07737153996483,11.944865647151088,12.049766540527344,16014600,0.0,0.0
2006-05-22 00:00:00-04:00,12.02216532157518,12.071855182991197,11.975236593050969,12.035967826843262,15634200,0.0,0.0
2006-05-23 00:00:00-04:00,12.071846864100783,12.082889281931214,12.013875750085408,12.030439376831055,13705800,0.0,0.0
2006-05-24 00:00:00-04:00,12.013878769953727,12.19331336601864,11.99455506042463,12.15466594696045,20534800,0.0,0.0
2006-05-25 00:00:00-04:00,12.198837674570987,12.248527526855469,12.104979181707352,12.248527526855469,14125400,0.0,0.0
2006-05-26 00:00:00-04:00,12.28165340423584,12.3561871211463,12.207118634262041,12.28165340423584,12337000,0.0,0.0
2006-05-30 00:00:00-04:00,12.204364617395473,12.23473076950286,12.044253615007369,12.05529499053955,16652200,0.0,0.0
2006-05-31 00:00:00-04:00,12.063568609618025,12.171229577869612,12.024921190559835,12.15466594696045,14599800,0.0,0.0
2006-06-01 00:00:00-04:00,12.140864589192514,12.160188300538383,12.055287401044172,12.124300956726074,9973400,0.0,0.0
2006-06-02 00:00:00-04:00,12.07737182760419,12.182272723478805,12.035963274398533,12.116019248962402,12120400,0.0,0.0
2006-06-05 00:00:00-04:00,12.088416261850444,12.113261187298406,11.977994136956516,11.989036560058594,11428600,0.0,0.0
2006-06-06 00:00:00-04:00,12.035964912910552,12.066331048986818,11.925543844435415,12.008359909057617,16578600,0.0,0.0
2006-06-07 00:00:00-04:00,12.041490299820724,12.091180166437264,11.966955499895915,11.975237846374512,11577400,0.0,0.0
2006-06-08 00:00:00-04:00,12.000082632767054,12.013885139310718,11.884139261060024,11.977997779846191,23080400,0.0,0.0
2006-06-09 00:00:00-04:00,12.091180796031116,12.102223223201724,11.98904097736254,12.022167205810547,13947800,0.0,0.0
2006-06-12 00:00:00-04:00,12.05528644941926,12.058047581144018,11.94486540088265,11.955907821655273,13990600,0.0,0.0
2006-06-13 00:00:00-04:00,12.005959350535207,12.025422377044466,11.88918013082426,11.930887222290039,18118600,0.155,0.0
2006-06-14 00:00:00-04:00,11.908644817788753,11.989276905678832,11.814109658272896,11.903083801269531,12402600,0.0,0.0
2006-06-15 00:00:00-04:00,11.942010294976678,11.989277346143389,11.822451087059662,11.967034339904785,14639400,0.0,0.0
2006-06-16 00:00:00-04:00,11.936445397842105,12.058784544021988,11.936445397842105,12.014297485351562,16754800,0.0,0.0
2006-06-19 00:00:00-04:00,12.014296362766899,12.047662449143436,11.88083519922589,11.936444282531738,11623000,0.0,0.0
2006-06-20 00:00:00-04:00,11.928101278531328,11.989270305256632,11.87249220460889,11.900296211242676,11303800,0.0,0.0
2006-06-21 00:00:00-04:00,11.866933692531754,11.994833847054487,11.866933692531754,11.958687782287598,9266400,0.0,0.0
2006-06-22 00:00:00-04:00,11.961467779810658,11.969808770702684,11.850249618193642,11.919760704040527,8044600,0.0,0.0
2006-06-23 00:00:00-04:00,11.883619291518869,11.961471391766457,11.872497259867695,11.886399269104004,7681400,0.0,0.0
2006-06-26 00:00:00-04:00,11.880840545390578,11.919766603024186,11.814110463920258,11.908645629882812,9625600,0.0,0.0
2006-06-27 00:00:00-04:00,11.869720685128797,11.89474473542635,11.752942490844028,11.819672584533691,12008800,0.0,0.0
2006-06-28 00:00:00-04:00,11.797428255772475,11.833574337866096,11.777965225565662,11.794647216796875,10224200,0.0,0.0
2006-06-29 00:00:00-04:00,11.83079005695392,11.99761734814031,11.794643984765237,11.972593307495117,14379000,0.0,0.0
2006-06-30 00:00:00-04:00,12.02264071334014,12.092151815598765,11.96147060394287,11.961470603942871,22568000,0.0,0.0
2006-07-03 00:00:00-04:00,12.011522198975376,12.081033321584428,11.986498152409895,12.058789253234863,5875600,0.0,0.0
2006-07-05 00:00:00-04:00,12.0115186824215,12.058785722842847,11.911422525464241,11.961470603942871,11837800,0.0,0.0
2006-07-06 00:00:00-04:00,12.005962308962607,12.119960518316955,11.967036246352194,12.047669410705566,10246000,0.0,0.0
2006-07-07 00:00:00-04:00,12.019858656923127,12.092150791114221,11.989273604815754,12.005956649780273,5874000,0.0,0.0
2006-07-10 00:00:00-04:00,12.039324495976388,12.164444710847615,12.022642507763827,12.13107967376709,9588800,0.0,0.0
2006-07-11 00:00:00-04:00,12.15053773308636,12.256194878078059,12.128293677022857,12.181122779846191,15525400,0.0,0.0
2006-07-12 00:00:00-04:00,12.18668536512517,12.197806333935809,12.07824716881681,12.11439323425293,8300400,0.0,0.0
2006-07-13 00:00:00-04:00,12.094934221252096,12.136641315242736,11.914204894833272,11.983716011047363,12870400,0.0,0.0
2006-07-14 00:00:00-04:00,11.955905209293157,12.00595326944026,11.780736998778291,11.858590126037598,13775200,0.0,0.0
2006-07-17 00:00:00-04:00,11.833570556943,11.908642675464087,11.828009541424187,11.872496604919434,11175800,0.0,0.0
2006-07-18 00:00:00-04:00,12.053228018471469,12.156105241746952,11.975375901965084,12.108837127685547,23951200,0.0,0.0
2006-07-19 00:00:00-04:00,12.203376266356223,12.208937285152842,12.108841068125457,12.183913230895996,16154800,0.0,0.0
2006-07-20 00:00:00-04:00,12.181121671805563,12.225608719230891,12.136634624380237,12.189462661743164,10657600,0.0,0.0
2006-07-21 00:00:00-04:00,12.322930123916642,12.322930123916642,12.170005886254788,12.206151962280273,18399800,0.0,0.0
2006-07-24 00:00:00-04:00,12.197808358191816,12.278441494217077,12.197808358191816,12.233954429626465,11459200,0.0,0.0
2006-07-25 00:00:00-04:00,12.197810555368976,12.342393806495897,12.156104521421415,12.303467750549316,10983800,0.0,0.0
2006-07-26 00:00:00-04:00,12.261759356059354,12.411903607926702,12.245077368511003,12.359075546264648,16632800,0.0,0.0
2006-07-27 00:00:00-04:00,12.3868775751225,12.411901613078513,12.295123476387248,12.320147514343262,12820000,0.0,0.0
2006-07-28 00:00:00-04:00,12.370200950363305,12.420247987305924,12.320152852765034,12.378541946411133,12831000,0.0,0.0
2006-07-31 00:00:00-04:00,12.378541135017105,12.45361327649365,12.353517087858258,12.372980117797852,12836200,0.0,0.0
2006-08-01 00:00:00-04:00,12.372975567514759,12.411901613078513,12.300684491561384,12.320147514343262,9094400,0.0,0.0
2006-08-02 00:00:00-04:00,12.314586499169126,12.370195590255287,12.28678142329845,12.320147514343262,9120600,0.0,0.0
2006-08-03 00:00:00-04:00,12.289562426662435,12.331268449368409,12.20336828268845,12.239514350891113,11378000,0.0,0.0
2006-08-04 00:00:00-04:00,12.286781574889016,12.289562612837992,12.164442421514233,12.192246437072754,9781800,0.0,0.0
2006-08-07 00:00:00-04:00,12.192249832689715,12.22283489471534,12.08937367368529,12.125519752502441,10029400,0.0,0.0
2006-08-08 00:00:00-04:00,12.181122779846191,12.233950822014556,12.15053773308636,12.181122779846191,8162800,0.0,0.0
2006-08-09 00:00:00-04:00,12.220051152508406,12.261757174614884,12.1533200322208,12.16444206237793,7719000,0.0,0.0
2006-08-10 00:00:00-04:00,12.170005886254788,12.284004070037852,12.153322837168698,12.206151962280273,8430600,0.0,0.0
2006-08-11 00:00:00-04:00,12.156098195115508,12.200585244567465,12.125513149744487,12.167219161987305,5677400,0.0,0.0
2006-08-14 00:00:00-04:00,12.231172561645508,12.27565961936009,12.200587510593898,12.231172561645508,8528800,0.0,0.0
2006-08-15 00:00:00-04:00,12.300687330823026,12.331271330357422,12.264541254175453,12.322930335998535,9501200,0.0,0.0
2006-08-16 00:00:00-04:00,12.342392283889737,12.36185530946199,12.292344200802413,12.32571029663086,9839400,0.0,0.0
2006-08-17 00:00:00-04:00,12.278439382029408,12.322926438967173,12.220050318671422,12.284000396728516,9517200,0.0,0.0
2006-08-18 00:00:00-04:00,12.16722224869252,12.350731506818217,12.16722224869252,12.320147514343262,9963000,0.0,0.0
2006-08-21 00:00:00-04:00,12.331268371366573,12.384097484710567,12.256197318839645,12.286781311035156,8328400,0.0,0.0
2006-08-22 00:00:00-04:00,12.311808672329398,12.378539811168153,12.267321599988719,12.347954750061035,8017800,0.0,0.0
2006-08-23 00:00:00-04:00,12.325711374555123,12.35629537408952,12.270102270633192,12.322930335998535,7561200,0.0,0.0
2006-08-24 00:00:00-04:00,12.317366242820356,12.400779347540007,12.28400121306353,12.375755310058594,10326200,0.0,0.0
2006-08-25 00:00:00-04:00,12.359078915195767,12.406345973674327,12.33127382727692,12.378541946411133,5025800,0.0,0.0
2006-08-28 00:00:00-04:00,12.378539807212665,12.506440007569315,12.331271696247097,12.431367874145508,8918600,0.0,0.0
2006-08-29 00:00:00-04:00,12.42302318515174,12.55648436244214,12.414682193025826,12.550923347473145,14100000,0.0,0.0
2006-08-30 00:00:00-04:00,12.573170485686747,12.623218572006005,12.49253733987734,12.50087833404541,12119200,0.0,0.0
2006-08-31 00:00:00-04:00,12.545363429409527,12.55092444486475,12.456389303436465,12.4591703414917,7306800,0.0,0.0
2006-09-01 00:00:00-04:00,12.506440531198862,12.548147627287914,12.475855468820958,12.531464576721191,7852000,0.0,0.0
2006-09-05 00:00:00-04:00,12.51477734012708,12.531460385113547,12.45916931148251,12.506436347961426,8144800,0.0,0.0
2006-09-06 00:00:00-04:00,12.403567676020298,12.473078814253405,12.375762584333579,12.42859172821045,9858000,0.0,0.0
2006-09-07 00:00:00-04:00,12.414681491703293,12.428583498012859,12.336828347190561,12.370194435119629,14780600,0.0,0.0
2006-09-08 00:00:00-04:00,12.353515535702627,12.42024561263821,12.32293047516738,12.400782585144043,8646200,0.0,0.0
2006-09-11 00:00:00-04:00,12.317366912456285,12.475852138236254,12.317366912456285,12.38687801361084,8995000,0.0,0.0
2006-09-12 00:00:00-04:00,12.364633568354174,12.50365575442281,12.364633568354174,12.450826644897461,10300800,0.0,0.0
2006-09-13 00:00:00-04:00,12.537618226384968,12.537618226384968,12.445224540423848,12.490021705627441,10795800,0.155,0.0
2006-09-14 00:00:00-04:00,12.43683016373063,12.529224961023003,12.43683016373063,12.48162841796875,7799800,0.0,0.0
2006-09-15 00:00:00-04:00,12.515223482032253,12.551621522135063,12.45082760680356,12.487224578857422,15846400,0.0,0.0
2006-09-18 00:00:00-04:00,12.46482675815285,12.54042219606932,12.397630457321885,12.442427635192871,8969000,0.0,0.0
2006-09-19 00:00:00-04:00,12.470427751685676,12.476027532970269,12.380833387230338,12.425630569458008,8292600,0.0,0.0
2006-09-20 00:00:00-04:00,12.439625935951884,12.487222461203991,12.40042854620338,12.445225715637207,8288200,0.0,0.0
2006-09-21 00:00:00-04:00,12.445230273510072,12.473228114141703,12.33883655662139,12.375234603881836,12089600,0.0,0.0
2006-09-22 00:00:00-04:00,12.347237784962928,12.375236698382515,12.302440591540929,12.31644058227539,9691600,0.0,0.0
2006-09-25 00:00:00-04:00,12.366831695821054,12.490024731007711,12.322034519766522,12.431228637695312,12606800,0.0,0.0
2006-09-26 00:00:00-04:00,12.45082894526321,12.523623965245317,12.406031763416744,12.498425483703613,10611400,0.0,0.0
2006-09-27 00:00:00-04:00,12.473231062847061,12.571225664322272,12.41443494279158,12.518028259277344,11340200,0.0,0.0
2006-09-28 00:00:00-04:00,12.546014380447453,12.596411308544097,12.506815939001367,12.585211753845215,9706200,0.0,0.0
2006-09-29 00:00:00-04:00,12.540425610655554,12.585222800724202,12.495628420586906,12.509627342224121,9214800,0.0,0.0
2006-10-02 00:00:00-04:00,12.57121912141352,12.579618257607283,12.45922565460205,12.45922565460205,9450600,0.0,0.0
2006-10-03 00:00:00-04:00,12.45923195447498,12.54882634600703,12.45923195447498,12.476031303405762,10755000,0.0,0.0
2006-10-04 00:00:00-04:00,12.260438558243056,12.548820300298624,12.260438558243056,12.543220520019531,10242000,0.0,0.0
2006-10-05 00:00:00-04:00,12.52082508048215,12.585220965060051,12.509625517586226,12.551623344421387,8949800,0.0,0.0
2006-10-06 00:00:00-04:00,12.5488227740195,12.568421474835334,12.50402559100487,12.532023429870605,10106200,0.0,0.0
2006-10-09 00:00:00-04:00,12.473232395079775,12.50403067117434,12.366838641675692,12.436834335327148,15335800,0.0,0.0
2006-10-10 00:00:00-04:00,12.450827607682823,12.456427388318186,12.305236515310256,12.336034774780273,25847200,0.0,0.0
2006-10-11 00:00:00-04:00,12.316432970289643,12.36123013602543,12.29123449781022,12.352829933166504,10412400,0.0,0.0
2006-10-12 00:00:00-04:00,12.375238350745537,12.38923727529982,12.308042017615698,12.333240509033203,11042400,0.0,0.0
2006-10-13 00:00:00-04:00,12.352835525372758,12.375234652405217,12.280040498615593,12.324837684631348,16628600,0.0,0.0
2006-10-16 00:00:00-04:00,12.361235748393899,12.453629477402162,12.319237919177038,12.389233589172363,14568800,0.0,0.0
2006-10-17 00:00:00-04:00,12.34723380625102,12.383631847943088,12.249240310982756,12.2604398727417,16209800,0.0,0.0
2006-10-18 00:00:00-04:00,12.296834383660295,12.36123131685275,12.240838722177992,12.30803394317627,20173800,0.0,0.0
2006-10-19 00:00:00-04:00,12.515228084224782,12.638420099348284,12.48722917075398,12.574024200439453,35323000,0.0,0.0
2006-10-20 00:00:00-04:00,12.65801689320074,13.192783777167717,12.627218627058534,13.089190483093262,53627400,0.0,0.0
2006-10-23 00:00:00-04:00,13.089189826013332,13.299176828569696,13.0751909061194,13.237580299377441,30265400,0.0,0.0
2006-10-24 00:00:00-04:00,13.1731889711269,13.226386380398024,13.128391771137766,13.16758918762207,20931600,0.0,0.0
2006-10-25 00:00:00-04:00,13.201182868213687,13.237579845078983,13.159185041924081,13.212381362915039,14119400,0.0,0.0
2006-10-26 00:00:00-04:00,13.203977388577085,13.215176947225396,13.128381969774034,13.19837760925293,15688600,0.0,0.0
2006-10-27 00:00:00-04:00,13.14798500316328,13.164784346680737,13.091988259487477,13.122786521911621,13495800,0.0,0.0
2006-10-30 00:00:00-05:00,13.150784775232337,13.21238022897521,13.063989773439157,13.091987609863281,10973600,0.0,0.0
2006-10-31 00:00:00-05:00,13.108788359142697,13.142385980066527,13.021993348036263,13.080790519714355,12161800,0.0,0.0
2006-11-01 00:00:00-05:00,13.086388567464317,13.13118574544419,13.019192266470021,13.058389663696289,10464600,0.0,0.0
2006-11-02 00:00:00-05:00,13.021997581508222,13.111593046514585,12.993999732977738,13.077994346618652,15476800,0.0,0.0
2006-11-03 00:00:00-05:00,13.10319015307362,13.111590360351387,12.99119771384604,13.019195556640625,11942600,0.0,0.0
2006-11-06 00:00:00-05:00,13.075191190909813,13.131187939754334,12.9715978997794,13.105989456176758,18737000,0.0,0.0
2006-11-07 00:00:00-05:00,13.06678984426595,13.161983988581142,13.038792006311093,13.136785507202148,16346000,0.0,0.0
2006-11-08 00:00:00-05:00,13.063991885303942,13.159186039803208,13.027593837629443,13.125588417053223,14765000,0.0,0.0
2006-11-09 00:00:00-05:00,13.07519334236313,13.161987302706926,13.027595724196152,13.06119441986084,16073600,0.0,0.0
2006-11-10 00:00:00-05:00,13.061190646802341,13.089188483719033,12.95759630050275,13.010793685913086,9880800,0.0,0.0
2006-11-13 00:00:00-05:00,12.993993759155272,13.047190074126652,12.932397239047067,12.993993759155273,13673200,0.0,0.0
2006-11-14 00:00:00-05:00,12.971595277202423,13.049990068905522,12.923997676490588,13.033190727233887,16383000,0.0,0.0
2006-11-15 00:00:00-05:00,13.010797444413134,13.08919226486542,12.982798531359228,13.06119441986084,19823800,0.0,0.0
2006-11-16 00:00:00-05:00,13.103183496839684,13.21237652353897,13.089184582553644,13.19837760925293,14747000,0.0,0.0
2006-11-17 00:00:00-05:00,13.195586199363973,13.262781455618201,13.173187068579669,13.231983184814453,18904800,0.0,0.0
2006-11-20 00:00:00-05:00,13.189982152444621,13.25997781144248,13.147984329826306,13.17038345336914,12338400,0.0,0.0
2006-11-21 00:00:00-05:00,13.12279339284636,13.203988660286674,13.108794466610004,13.156392097473145,12110600,0.0,0.0
2006-11-22 00:00:00-05:00,13.159187443538833,13.209584417064415,13.125589817204874,13.187185287475586,7258600,0.0,0.0
2006-11-24 00:00:00-05:00,13.131186794050421,13.212380951339128,13.117186807023936,13.136785507202148,4565800,0.0,0.0
2006-11-27 00:00:00-05:00,13.119985723797273,13.1479835585344,12.988393550825124,13.033190727233887,18962400,0.0,0.0
2006-11-28 00:00:00-05:00,12.982795560013951,13.145186014412667,12.977195778684779,13.06959056854248,14540000,0.0,0.0
2006-11-29 00:00:00-05:00,13.134415529459703,13.193605774747388,13.066771070829898,13.145689964294434,15077800,0.155,0.0
2006-11-30 00:00:00-05:00,13.09213856049058,13.24997635403687,13.08086412518318,13.199243545532227,21071200,0.0,0.0
2006-12-01 00:00:00-05:00,13.148508264580895,13.168237986677557,13.030128856811718,13.125959396362305,15461000,0.0,0.0
2006-12-04 00:00:00-05:00,13.171057457263725,13.320439961924128,13.117505502337567,13.199243545532227,14004400,0.0,0.0
2006-12-05 00:00:00-05:00,13.24433737717186,13.529009819030762,13.204876862040845,13.529009819030762,26343400,0.0,0.0
2006-12-06 00:00:00-05:00,13.543101666393232,13.681210774687678,13.509279444537285,13.636114120483398,29681000,0.0,0.0
2006-12-07 00:00:00-05:00,13.692493206154104,13.805234369933366,13.667126256145577,13.731952667236328,24190600,0.0,0.0
2006-12-08 00:00:00-05:00,13.748850588161629,13.805221655730001,13.712210308152569,13.785491943359375,16320400,0.0,0.0
2006-12-11 00:00:00-05:00,13.768592813986833,13.855968101887443,13.692493040073963,13.757319450378418,18181400,0.0,0.0
2006-12-12 00:00:00-05:00,13.743222845372408,13.855965058208275,13.726312266079626,13.782683372497559,16227000,0.0,0.0
2006-12-13 00:00:00-05:00,13.850319352994687,13.850319352994687,13.71502942560684,13.765763282775879,12960800,0.0,0.0
2006-12-14 00:00:00-05:00,13.779871713502834,13.858790660257112,13.734775018901818,13.81087589263916,15830200,0.0,0.0
2006-12-15 00:00:00-05:00,13.810869329974507,13.909517966541381,13.636119855831971,13.791139602661133,23760200,0.0,0.0
2006-12-18 00:00:00-05:00,13.768589789501005,13.839053403726066,13.760134499854615,13.782683372497559,10438400,0.0,0.0
2006-12-19 00:00:00-05:00,13.717860918845146,13.7714139733656,13.641761133813649,13.746047019958496,15461400,0.0,0.0
2006-12-20 00:00:00-05:00,13.734776443962714,13.760143404507128,13.7094094834183,13.740413665771484,12103600,0.0,0.0
2006-12-21 00:00:00-05:00,13.740403333681668,13.774225563911568,13.706581103451766,13.715036392211914,14383200,0.0,0.0
2006-12-22 00:00:00-05:00,13.73476271555868,13.754492434573738,13.599472752945843,13.636114120483398,7878000,0.0,0.0
2006-12-26 00:00:00-05:00,13.6445758445617,13.698127810698132,13.61639082558243,13.684035301208496,5260400,0.0,0.0
2006-12-27 00:00:00-05:00,13.723493576049805,13.74886052102248,13.610752434651936,13.723493576049805,9620800,0.0,0.0
2006-12-28 00:00:00-05:00,13.712221359513354,13.757318034875967,13.669942755965474,13.681217193603516,7907000,0.0,0.0
2006-12-29 00:00:00-05:00,13.650212614263687,13.712220944205288,13.582567065673802,13.599478721618652,12339600,0.0,0.0
2007-01-03 00:00:00-05:00,13.630481301293726,13.777045743534337,13.60793242932314,13.692489624023438,15753400,0.0,0.0
2007-01-04 00:00:00-05:00,13.647391952220804,13.726311929345616,13.599477211814133,13.698125839233398,11810400,0.0,0.0
2007-01-05 00:00:00-05:00,13.66993662748974,13.689666346916352,13.576924171459366,13.602291107177734,11607000,0.0,0.0
2007-01-08 00:00:00-05:00,13.531835454249256,13.717859400244786,13.531835454249256,13.689674377441406,17551000,0.0,0.0
2007-01-09 00:00:00-05:00,13.681213270549714,13.762951307203007,13.658664401739465,13.700942993164062,13724000,0.0,0.0
2007-01-10 00:00:00-05:00,13.667123507060655,13.751679631684407,13.633300197059585,13.720675468444824,8928000,0.0,0.0
2007-01-11 00:00:00-05:00,13.740403138899351,13.774225368649793,13.698124545319326,13.737585067749023,11009600,0.0,0.0
2007-01-12 00:00:00-05:00,13.698127810698132,13.71785753902153,13.599479169081137,13.684035301208496,13667200,0.0,0.0
2007-01-16 00:00:00-05:00,13.664300870569557,13.7234900351709,13.624841427501995,13.669938087463379,12685200,0.0,0.0
2007-01-17 00:00:00-05:00,13.678396113749544,13.771408598335766,13.664303606288135,13.698125839233398,14400200,0.0,0.0
2007-01-18 00:00:00-05:00,13.647390474690596,13.810866554074579,13.585383233535708,13.627660751342773,15223000,0.0,0.0
2007-01-19 00:00:00-05:00,13.644569691771371,13.650206908063128,13.548739165189653,13.602291107177734,13008200,0.0,0.0
2007-01-22 00:00:00-05:00,13.560015871817173,13.62766032828423,13.526193643583644,13.537467002868652,12198800,0.0,0.0
2007-01-23 00:00:00-05:00,13.571293012170063,13.593840810424968,13.512102756973322,13.562836647033691,12149000,0.0,0.0
2007-01-24 00:00:00-05:00,13.582566288100224,13.585385434857736,13.512102671814851,13.565655708312988,8641600,0.0,0.0
2007-01-25 00:00:00-05:00,13.548742550859004,13.591021146017559,13.500827813189357,13.512101173400879,11596600,0.0,0.0
2007-01-26 00:00:00-05:00,13.529012913024907,13.55719792651797,13.472641810849433,13.481098175048828,14459000,0.0,0.0
2007-01-29 00:00:00-05:00,13.461368623470623,13.506465294354348,13.40499859125805,13.44727611541748,10077800,0.0,0.0
2007-01-30 00:00:00-05:00,13.481099177994738,13.514921411740536,13.427546143108676,13.475461959838867,8986000,0.0,0.0
2007-01-31 00:00:00-05:00,13.472641749578983,13.520557562526495,13.385267563034235,13.495190620422363,10604400,0.0,0.0
2007-02-01 00:00:00-05:00,13.526193535354196,13.605112425664046,13.48673301501003,13.557196617126465,10398600,0.0,0.0
2007-02-02 00:00:00-05:00,13.55719723086018,13.64457248850816,13.540286653707808,13.596657752990723,10703600,0.0,0.0
2007-02-05 00:00:00-05:00,13.56001887798311,13.59666026055298,13.483918041194684,13.500829696655273,9192800,0.0,0.0
2007-02-06 00:00:00-05:00,13.52901547703286,13.574112152282055,13.48955602058851,13.543107986450195,11168800,0.0,0.0
2007-02-07 00:00:00-05:00,13.537467002868652,13.565653089054303,13.489552269136924,13.537467002868652,9242400,0.0,0.0
2007-02-08 00:00:00-05:00,13.514922304669414,13.543107322121523,13.430366177123592,13.489555358886719,9076600,0.0,0.0
2007-02-09 00:00:00-05:00,13.450094246639008,13.526195074607585,13.427545375304897,13.4613676071167,9828400,0.0,0.0
2007-02-12 00:00:00-05:00,13.486737136932133,13.633301603151207,13.472644627239632,13.50646686553955,13925400,0.0,0.0
2007-02-13 00:00:00-05:00,13.557199267153884,13.647392609477885,13.554381195601643,13.588203430175781,19411800,0.0,0.0
2007-02-14 00:00:00-05:00,13.669940068701198,13.684032575383641,13.452912025185695,13.495190620422363,32846800,0.0,0.0
2007-02-15 00:00:00-05:00,13.526194914626764,13.557197999560431,13.410634638379642,13.486734390258789,19195000,0.0,0.0
2007-02-16 00:00:00-05:00,13.52901198063597,13.557196992186586,13.46136644764951,13.49237060546875,17492200,0.0,0.0
2007-02-20 00:00:00-05:00,13.39372594026469,13.495193732077162,13.388088721254045,13.467007637023926,17828800,0.0,0.0
2007-02-21 00:00:00-05:00,13.402177762001783,13.467004151059383,13.393722473269277,13.407814979553223,16489600,0.0,0.0
2007-02-22 00:00:00-05:00,13.44163672678348,13.455730307750427,13.309165882246212,13.331713676452637,16721000,0.0,0.0
2007-02-23 00:00:00-05:00,13.436002493048248,13.509285259668243,13.297894400493618,13.320442199707031,29516200,0.0,0.0
2007-02-26 00:00:00-05:00,13.444457005198831,13.500828108245765,13.410634773446416,13.450094223022461,18709000,0.0,0.0
2007-02-27 00:00:00-05:00,13.379626179527708,13.483911986735222,12.841284420434102,13.075222969055176,30318600,0.0,0.0
2007-02-28 00:00:00-05:00,13.176696890596805,13.218975492514096,13.055499378636048,13.156967163085938,27629200,0.0,0.0
2007-03-01 00:00:00-05:00,13.083683720459979,13.227430099400216,13.041406195916549,13.111869812011719,27342000,0.0,0.0
2007-03-02 00:00:00-05:00,13.092143161571995,13.227433207238926,12.911756434016088,12.934304237365723,34050600,0.0,0.0
2007-03-05 00:00:00-05:00,12.937123564941134,13.16542504978792,12.900482174399286,13.047046661376953,29572400,0.0,0.0
2007-03-06 00:00:00-05:00,13.159786695438605,13.264073638359193,13.12032723603714,13.227432250976562,25097800,0.0,0.0
2007-03-07 00:00:00-05:00,13.179515802903854,13.24716135524811,13.15133078328767,13.176697731018066,26321800,0.0,0.0
2007-03-08 00:00:00-05:00,13.218973683911276,13.348626468440761,13.21615453740143,13.289437294006348,17422400,0.0,0.0
2007-03-09 00:00:00-05:00,13.311984431557356,13.435999992121117,13.289436636540904,13.407814979553223,26127200,0.0,0.0
2007-03-12 00:00:00-04:00,13.407813357192618,13.526192761070206,13.379628348035142,13.514918327331543,26009000,0.0,0.0
2007-03-13 00:00:00-04:00,13.441121615113241,13.588732800286481,13.330413496950374,13.358800888061523,32198000,0.17,0.0
2007-03-14 00:00:00-04:00,13.4127307733666,13.438278875297254,13.225378386831117,13.353118896484375,32553400,0.0,0.0
2007-03-15 00:00:00-04:00,13.327566485592298,13.378662672933594,13.250922204580355,13.364469528198242,19059000,0.0,0.0
2007-03-16 00:00:00-04:00,13.41273167761517,13.429764107673176,13.290668636036008,13.401376724243164,28231600,0.0,0.0
2007-03-19 00:00:00-04:00,13.438270629058085,13.483689328745486,13.35311070250261,13.435432434082031,15513600,0.0,0.0
2007-03-20 00:00:00-04:00,13.460988500591963,13.554665240881475,13.409893376550711,13.517762184143066,14456000,0.0,0.0
2007-03-21 00:00:00-04:00,13.54046835606435,13.724981423129277,13.446791641612156,13.699433326721191,24361000,0.0,0.0
2007-03-22 00:00:00-04:00,13.600085962691704,13.750535325695585,13.600085962691704,13.696600914001465,16486800,0.0,0.0
2007-03-23 00:00:00-04:00,13.662532862696573,13.702274109722982,13.617114139970997,13.639822959899902,16012200,0.0,0.0
2007-03-26 00:00:00-04:00,13.611439205899888,13.679566761275646,13.534794893951183,13.668212890625,14385200,0.0,0.0
2007-03-27 00:00:00-04:00,13.625622499881835,13.673879393126,13.58304199642283,13.63129997253418,13230600,0.0,0.0
2007-03-28 00:00:00-04:00,13.566022429561723,13.710794317747864,13.509248736655504,13.600086212158203,22657800,0.0,0.0
2007-03-29 00:00:00-04:00,13.51492382480186,13.739179276555717,13.299184046474526,13.65685749053955,18947800,0.0,0.0
2007-03-30 00:00:00-04:00,13.699435400146058,13.76756402850151,13.512083025753327,13.625630378723145,17937600,0.0,0.0
2007-04-02 00:00:00-04:00,13.6824017021355,13.81298037758666,13.639821181377782,13.773239135742188,22443400,0.0,0.0
2007-04-03 00:00:00-04:00,13.776083127722108,13.952081676891119,13.776083127722108,13.906662940979004,19033200,0.0,0.0
2007-04-04 00:00:00-04:00,13.91233481052206,14.091171498764808,13.892464187702613,14.040075302124023,22203000,0.0,0.0
2007-04-05 00:00:00-04:00,14.006012678266751,14.128075704357657,13.994657726335548,14.057108879089355,17959200,0.0,0.0
2007-04-09 00:00:00-04:00,14.079809703617277,14.179163852286539,14.031552809618335,14.088326454162598,14632800,0.0,0.0
2007-04-10 00:00:00-04:00,14.130906303319188,14.281356628347362,14.094004353685108,14.21606731414795,26317400,0.0,0.0
2007-04-11 00:00:00-04:00,14.216069709348373,14.250133469698785,14.079812502211896,14.091167449951172,24374000,0.0,0.0
2007-04-12 00:00:00-04:00,14.09400641704551,14.17916635747444,13.810139227037482,14.099682807922363,15512400,0.0,0.0
2007-04-13 00:00:00-04:00,14.275688273372507,14.275688273372507,14.048594626140417,14.159302711486816,13829600,0.0,0.0
2007-04-16 00:00:00-04:00,14.19620104028826,14.318264047377632,14.173492222828749,14.270007133483887,20130200,0.0,0.0
2007-04-17 00:00:00-04:00,14.491426000693597,14.81219636512112,14.409104220668045,14.639037132263184,50341600,0.0,0.0
2007-04-18 00:00:00-04:00,14.644707821885621,14.687288331923154,14.57657922239904,14.664578437805176,22955600,0.0,0.0
2007-04-19 00:00:00-04:00,14.579416500251506,14.732705015914092,14.565223359808794,14.69012451171875,18696200,0.0,0.0
2007-04-20 00:00:00-04:00,14.775296656436508,14.803684043665552,14.653233598521865,14.786651611328125,21201000,0.0,0.0
2007-04-23 00:00:00-04:00,14.786645319796422,14.817870891028234,14.644711692646473,14.661744117736816,14465800,0.0,0.0
2007-04-24 00:00:00-04:00,14.755421994975803,14.755421994975803,14.582262770231747,14.678777694702148,16117400,0.0,0.0
2007-04-25 00:00:00-04:00,14.758259870300956,14.778130492607273,14.616326235045722,14.68729305267334,21349800,0.0,0.0
2007-04-26 00:00:00-04:00,14.758260609251067,14.826388151178831,14.718518279780824,14.783808708190918,15173600,0.0,0.0
2007-04-27 00:00:00-04:00,14.718522330504886,14.795166648417926,14.69013602736734,14.778135299682617,13926200,0.0,0.0
2007-04-30 00:00:00-04:00,14.73838486844893,14.860447854094831,14.718514250587269,14.81502914428711,23486000,0.0,0.0
2007-05-01 00:00:00-04:00,14.815040004244565,14.942780557613286,14.798008652374238,14.939942359924316,20552200,0.0,0.0
2007-05-02 00:00:00-04:00,14.931419001907145,15.025095727264816,14.903032706090274,14.962644577026367,17473000,0.0,0.0
2007-05-03 00:00:00-04:00,14.988195995419744,15.044969682493322,14.928584111283094,15.019421577453613,16194400,0.0,0.0
2007-05-04 00:00:00-04:00,15.044968997787747,15.135806459824197,15.030775847382294,15.104580879211426,18067000,0.0,0.0
2007-05-07 00:00:00-04:00,15.104575156341435,15.229477431469153,15.087543815454966,15.218122482299805,14151800,0.0,0.0
2007-05-08 00:00:00-04:00,15.147159232262808,15.19257795674121,15.022256927796343,15.064837455749512,15197400,0.0,0.0
2007-05-09 00:00:00-04:00,15.070517286378232,15.158516552559352,15.002388647581885,15.076194763183594,11234400,0.0,0.0
2007-05-10 00:00:00-04:00,15.03077112651912,15.056319222371977,14.883160026354576,14.897353172302246,14908400,0.0,0.0
2007-05-11 00:00:00-04:00,14.888840758893364,14.968323259884695,14.80935717503417,14.956968307495117,12985200,0.0,0.0
2007-05-14 00:00:00-04:00,14.91437945451413,15.03360313081217,14.903024509285599,14.931410789489746,13295800,0.0,0.0
2007-05-15 00:00:00-04:00,14.846263886935416,14.985359380810765,14.806522626647638,14.891682624816895,31652800,0.0,0.0
2007-05-16 00:00:00-04:00,14.903036062052118,14.985357854473683,14.79800544443689,14.97116470336914,16792200,0.0,0.0
2007-05-17 00:00:00-04:00,15.039293016163047,15.04213229624718,14.789489429294937,14.817876815795898,18808400,0.0,0.0
2007-05-18 00:00:00-04:00,14.863298027903083,14.94561983817051,14.786653695881851,14.939942359924316,25827200,0.0,0.0
2007-05-21 00:00:00-04:00,14.93993664126263,14.99387103965425,14.690133108390388,14.735551834106445,26409400,0.0,0.0
2007-05-22 00:00:00-04:00,14.746901360412103,14.752578834396171,14.59645100700287,14.613483428955078,19057200,0.0,0.0
2007-05-23 00:00:00-04:00,14.65890767293327,14.695810726330011,14.545361398980917,14.57090950012207,15167600,0.0,0.0
2007-05-24 00:00:00-04:00,14.553878145920464,14.69013433444069,14.51981436950739,14.54536247253418,17765600,0.0,0.0
2007-05-25 00:00:00-04:00,14.636193275601904,14.812190637045592,14.6163226581583,14.72986888885498,18502400,0.0,0.0
2007-05-29 00:00:00-04:00,14.769620004475275,14.86045748294899,14.735556220764671,14.812200546264648,16716400,0.0,0.0
2007-05-30 00:00:00-04:00,14.866129438104464,15.05915927886963,14.738388943058727,15.059159278869629,29334600,0.0,0.0
2007-05-31 00:00:00-04:00,15.033609901388,15.1755435320647,15.010901083570912,15.042126655578613,21255400,0.0,0.0
2007-06-01 00:00:00-04:00,15.047800598885583,15.081865444368733,14.88315817718699,14.988188743591309,17018400,0.0,0.0
2007-06-04 00:00:00-04:00,14.976835364948819,14.988190314633412,14.820708596822268,14.951287269592285,20438800,0.0,0.0
2007-06-05 00:00:00-04:00,14.894517822854844,14.945614024325907,14.789486140459974,14.851937294006348,19282600,0.0,0.0
2007-06-06 00:00:00-04:00,14.832068557922655,14.851939185150723,14.715682991500564,14.761101722717285,11280800,0.0,0.0
2007-06-07 00:00:00-04:00,14.758259376425755,14.783807473231455,14.551035322964152,14.585100173950195,18724600,0.0,0.0
2007-06-08 00:00:00-04:00,14.548197607157782,14.68161557075572,14.485746461155733,14.667421340942383,13315200,0.0,0.0
2007-06-11 00:00:00-04:00,14.667423625158275,14.718519828414147,14.56807049819845,14.6560697555542,21803400,0.0,0.0
2007-06-12 00:00:00-04:00,14.573745257040695,14.695808266184759,14.494262770292995,14.516971588134766,22790200,0.0,0.0
2007-06-13 00:00:00-04:00,14.62270929400451,14.717013007404493,14.591275812986702,14.677005767822266,20020800,0.17,0.0
2007-06-14 00:00:00-04:00,14.677002145109878,14.771304745117709,14.59412940350752,14.662714004516602,17990600,0.0,0.0
2007-06-15 00:00:00-04:00,14.74272821711017,14.89989994123537,14.677001899389277,14.73987102508545,26360400,0.0,0.0
2007-06-18 00:00:00-04:00,14.739871314752703,14.862750196304674,14.725582084002593,14.791308403015137,11100800,0.0,0.0
2007-06-19 00:00:00-04:00,14.739873862537072,14.76845014874619,14.605562919100239,14.685577392578125,21341400,0.0,0.0
2007-06-20 00:00:00-04:00,14.728438567662058,14.882753083951282,14.665569448407533,14.714150428771973,19981600,0.0,0.0
2007-06-21 00:00:00-04:00,14.688433525531265,14.902758911078227,14.677002576674425,14.885612487792969,18870400,0.0,0.0
2007-06-22 00:00:00-04:00,14.874175972331457,14.934186796198112,14.699857882906041,14.751296043395996,30157400,0.0,0.0
2007-06-25 00:00:00-04:00,14.765590145620896,14.871324790528778,14.717010246702667,14.794167518615723,21450600,0.0,0.0
2007-06-26 00:00:00-04:00,14.831312944853021,14.957050076571072,14.751297415473372,14.845601081848145,22278800,0.0,0.0
2007-06-27 00:00:00-04:00,14.788452962359106,15.008493842564576,14.788452962359106,14.985631942749023,18175600,0.0,0.0
2007-06-28 00:00:00-04:00,14.95134020951086,15.122800097968376,14.922763924806402,15.039928436279297,16126400,0.0,0.0
2007-06-29 00:00:00-04:00,15.099936852792379,15.131371414966502,14.845604253551139,14.948480606079102,19029200,0.0,0.0
2007-07-02 00:00:00-04:00,15.045644210284024,15.14280510637185,14.951340506677282,15.019925117492676,18294600,0.0,0.0
2007-07-03 00:00:00-04:00,15.091370173211201,15.139950086667127,15.002781925589897,15.11708927154541,8382800,0.0,0.0
2007-07-05 00:00:00-04:00,15.117086597508914,15.145662883885159,14.997063796474695,15.051359176635742,10865400,0.0,0.0
2007-07-06 00:00:00-04:00,15.0170715254473,15.045648909761221,14.945629699836118,15.031359672546387,12349600,0.0,0.0
2007-07-09 00:00:00-04:00,15.068507284935793,15.145664574904837,15.02278456755957,15.059934616088867,19237800,0.0,0.0
2007-07-10 00:00:00-04:00,15.1285102955206,15.1285102955206,14.879893216949874,14.888465881347656,14505200,0.0,0.0
2007-07-11 00:00:00-04:00,14.862750590079289,14.93705066753346,14.802739743753808,14.885612487792969,12185400,0.0,0.0
2007-07-12 00:00:00-04:00,14.902760307490205,15.045643911243264,14.874182932670362,15.039928436279297,23446200,0.0,0.0
2007-07-13 00:00:00-04:00,15.039927294829244,15.219959837011514,14.999920063233183,15.177095413208008,16634800,0.0,0.0
2007-07-16 00:00:00-04:00,15.259965952173548,15.571452183279632,15.248535004766042,15.38856029510498,33549400,0.0,0.0
2007-07-17 00:00:00-04:00,15.525736420677235,15.540024566263002,15.091370036153052,15.194245338439941,33030000,0.0,0.0
2007-07-18 00:00:00-04:00,15.234243868652243,15.311401113301654,15.165659287814455,15.268535614013672,28491200,0.0,0.0
2007-07-19 00:00:00-04:00,15.40285488446266,15.414284745732498,15.268543930973452,15.345701217651367,14462400,0.0,0.0
2007-07-20 00:00:00-04:00,15.357123840481364,15.402846531110725,15.171374796609934,15.205666542053223,22396600,0.0,0.0
2007-07-23 00:00:00-04:00,15.239960372037016,15.359982033977547,15.188522205458217,15.328547477722168,14063800,0.0,0.0
2007-07-24 00:00:00-04:00,15.137096221022219,15.374282544362332,15.134237937181418,15.208538055419922,18704400,0.0,0.0
2007-07-25 00:00:00-04:00,15.279975279994218,15.488585242685959,15.197102515466998,15.445719718933105,25611600,0.0,0.0
2007-07-26 00:00:00-04:00,15.188526017558841,15.4942968122352,15.019923338148162,15.139945030212402,29326200,0.0,0.0
2007-07-27 00:00:00-04:00,15.122798850953334,15.171379839083421,14.922762694286195,14.939908027648926,24074400,0.0,0.0
2007-07-30 00:00:00-04:00,15.16280666042824,15.388561899632116,14.799882218262294,14.971342086791992,19912000,0.0,0.0
2007-07-31 00:00:00-04:00,15.07135859019032,15.108507531404745,14.871321385489685,14.891324996948242,19887000,0.0,0.0
2007-08-01 00:00:00-04:00,14.962769337399964,15.282828265600454,14.911331159103337,15.222817420959473,24743400,0.0,0.0
2007-08-02 00:00:00-04:00,15.191383074205909,15.374273892928903,15.191383074205909,15.334266662597656,19595400,0.0,0.0
2007-08-03 00:00:00-04:00,15.37998723758535,15.502867193796078,15.21424286486177,15.225672721862793,22044200,0.0,0.0
2007-08-06 00:00:00-04:00,15.188522505684249,15.502865894221534,15.188522505684249,15.497150421142578,23334800,0.0,0.0
2007-08-07 00:00:00-04:00,15.417141621939573,15.657186128552343,15.348557010000743,15.562882423400879,22657200,0.0,0.0
2007-08-08 00:00:00-04:00,15.542878283530136,15.968671903507133,15.540021091098179,15.962956428527832,25070400,0.0,0.0
2007-08-09 00:00:00-04:00,15.662902132155304,16.205859210351235,15.662902132155304,15.960099220275879,34244000,0.0,0.0
2007-08-10 00:00:00-04:00,15.831508694366379,16.04011869042205,15.46001033606773,15.711485862731934,29816800,0.0,0.0
2007-08-13 00:00:00-04:00,15.714344281932899,15.745777769186235,15.491445047004808,15.580033302307129,19106400,0.0,0.0
2007-08-14 00:00:00-04:00,15.65432637470309,15.67432999086458,15.374274658326911,15.471435546875,26200600,0.0,0.0
2007-08-15 00:00:00-04:00,15.477149428744045,15.622890201510225,15.319977707886146,15.38284683227539,14280600,0.0,0.0
2007-08-16 00:00:00-04:00,15.288547094493707,15.514303472096191,15.097083570023708,15.311408996582031,29002000,0.0,0.0
2007-08-17 00:00:00-04:00,15.697186614203066,16.245858913300484,15.19137872528297,15.560018539428711,28468600,0.0,0.0
2007-08-20 00:00:00-04:00,15.540026054788575,15.682909704563825,15.47429970670585,15.580033302307129,15993800,0.0,0.0
2007-08-21 00:00:00-04:00,15.545739977576536,15.67433437742684,15.425717156903126,15.4400053024292,16781600,0.0,0.0
2007-08-22 00:00:00-04:00,15.537159780498387,15.57430981556593,15.368557116872056,15.41713809967041,15279400,0.0,0.0
2007-08-23 00:00:00-04:00,15.397137254773357,15.480008915435024,15.322837171278298,15.425713539123535,13930000,0.0,0.0
2007-08-24 00:00:00-04:00,15.331413667118827,15.640041735665228,15.331413667118827,15.431431770324707,13493400,0.0,0.0
2007-08-27 00:00:00-04:00,15.425712497176464,15.474293485428756,15.345698034308334,15.434285163879395,9995800,0.0,0.0
2007-08-28 00:00:00-04:00,15.431432282782671,15.431432282782671,15.197103213105219,15.219964027404785,15706000,0.0,0.0
2007-08-29 00:00:00-04:00,15.282831102511102,15.345700241013931,15.168524866278766,15.291403770446777,15922800,0.0,0.0
2007-08-30 00:00:00-04:00,15.208526773115443,15.328548442610996,15.182807688207099,15.259964942932129,13982600,0.0,0.0
2007-08-31 00:00:00-04:00,15.365696923978323,15.425707752671814,15.257105121974654,15.36855411529541,15035200,0.0,0.0
2007-09-04 00:00:00-04:00,15.337119868929653,15.557160668682938,15.337119868929653,15.53715705871582,12463000,0.0,0.0
2007-09-05 00:00:00-04:00,15.468580380234581,15.531448429211016,15.248539483528397,15.342842102050781,18938600,0.0,0.0
2007-09-06 00:00:00-04:00,15.302837141039477,15.728630854397231,15.202819032255254,15.620038986206055,19000200,0.0,0.0
2007-09-07 00:00:00-04:00,15.600024223327635,15.717188677134407,15.462856162050063,15.600024223327637,23982600,0.0,0.0
2007-09-10 00:00:00-04:00,15.60288628736733,15.722909059791947,15.514299166648044,15.594313621520996,20339400,0.0,0.0
2007-09-11 00:00:00-04:00,15.6343152250085,15.985808569767057,15.631458034125902,15.905794143676758,23866200,0.0,0.0
2007-09-12 00:00:00-04:00,15.986305085049887,16.204823544555328,15.894297658989185,16.05531120300293,18437000,0.17,0.0
2007-09-13 00:00:00-04:00,16.08694436822026,16.158825262540443,15.992061061246222,16.063941955566406,14353000,0.0,0.0
2007-09-14 00:00:00-04:00,16.020805924388576,16.262325650272345,16.00355412367729,16.21632194519043,15459800,0.0,0.0
2007-09-17 00:00:00-04:00,16.101321618734527,16.130073540041785,15.825299225649081,15.894304275512695,21078400,0.0,0.0
2007-09-18 00:00:00-04:00,15.931684136521644,16.224958367832752,15.931684136521644,16.219207763671875,19898800,0.0,0.0
2007-09-19 00:00:00-04:00,16.245084265262815,16.319839922645713,16.06681993087625,16.279586791992188,17220600,0.0,0.0
2007-09-20 00:00:00-04:00,16.262333467979943,16.288210633079245,16.147323601579632,16.190452575683594,12583400,0.0,0.0
2007-09-21 00:00:00-04:00,16.210583862032582,16.348595083844348,16.190457294069347,16.259462356567383,21948800,0.0,0.0
2007-09-24 00:00:00-04:00,16.247949722147066,16.49809591405039,16.247949722147066,16.302579879760742,20872800,0.0,0.0
2007-09-25 00:00:00-04:00,16.299708991047822,16.466473169729813,16.256581118392837,16.39459228515625,15230200,0.0,0.0
2007-09-26 00:00:00-04:00,16.43771712047178,16.584354712122895,16.362961496927234,16.489471435546875,14776200,0.0,0.0
2007-09-27 00:00:00-04:00,16.477972085182806,16.55847831373944,16.42621776773494,16.483722686767578,14274400,0.0,0.0
2007-09-28 00:00:00-04:00,16.47509580851965,16.613106952528085,16.39746433436208,16.523975372314453,13061200,0.0,0.0
2007-10-01 00:00:00-04:00,16.564231434950596,16.77124873623197,16.549855477209448,16.647613525390625,19918600,0.0,0.0
2007-10-02 00:00:00-04:00,16.67636659294571,16.72237031898467,16.57285793515421,16.653364181518555,17565600,0.0,0.0
2007-10-03 00:00:00-04:00,16.6044829733435,16.68498920647583,16.49522373065308,16.5527286529541,12628400,0.0,0.0
2007-10-04 00:00:00-04:00,16.575732155947005,16.713743320500313,16.5527297467805,16.638986587524414,11534600,0.0,0.0
2007-10-05 00:00:00-04:00,16.667739327280874,16.756870919310042,16.6274862087109,16.696491241455078,10896400,0.0,0.0
2007-10-08 00:00:00-04:00,16.664862054240505,16.713741620339565,16.58723057642327,16.618858337402344,6021600,0.0,0.0
2007-10-09 00:00:00-04:00,16.561355531904418,16.641862869262695,16.475098688920436,16.641862869262695,16272000,0.0,0.0
2007-10-10 00:00:00-04:00,16.67349020127417,16.733869880113385,16.613109425619715,16.638986587524414,13236400,0.0,0.0
2007-10-11 00:00:00-04:00,16.67636638570599,16.72812071395858,16.36584041619045,16.443471908569336,12950600,0.0,0.0
2007-10-12 00:00:00-04:00,16.44634467346301,16.656236700088076,16.43196871760392,16.618858337402344,10410200,0.0,0.0
2007-10-15 00:00:00-04:00,16.702240795018536,16.742493911061256,16.434843842088856,16.57285499572754,13801000,0.0,0.0
2007-10-16 00:00:00-04:00,16.581477961667016,16.705113141312673,16.512472943194783,16.60735511779785,14228200,0.0,0.0
2007-10-17 00:00:00-04:00,16.776995392285652,17.087521291464565,16.69361441282324,16.989763259887695,32814800,0.0,0.0
2007-10-18 00:00:00-04:00,16.975386829075,17.1507763305336,16.897755356454876,17.067394256591797,20771800,0.0,0.0
2007-10-19 00:00:00-04:00,17.116277385020865,17.179532919974907,16.874757547796303,16.89488410949707,24173600,0.0,0.0
2007-10-22 00:00:00-04:00,16.83163084254432,17.078901299862693,16.788501866290026,17.0357723236084,18251800,0.0,0.0
2007-10-23 00:00:00-04:00,17.053024924346577,17.188160269034082,17.03577311368168,17.179534912109375,11663000,0.0,0.0
2007-10-24 00:00:00-04:00,17.107645583819192,17.308912221815348,17.06739247558295,17.30316162109375,18633200,0.0,0.0
2007-10-25 00:00:00-04:00,17.317542544608273,17.67119636437278,17.277289424819426,17.625192642211914,19553800,0.0,0.0
2007-10-26 00:00:00-04:00,17.6366952589151,17.708576149097045,17.504434684215997,17.70282554626465,16187400,0.0,0.0
2007-10-29 00:00:00-04:00,17.682690903729785,17.835077970293373,17.62231124680627,17.78044891357422,16951200,0.0,0.0
2007-10-30 00:00:00-04:00,17.77757808060203,17.869585510523358,17.639565838904954,17.748825073242188,13738200,0.0,0.0
2007-10-31 00:00:00-04:00,17.82358338552779,17.84370994406754,17.576312984250634,17.7574520111084,16640000,0.0,0.0
2007-11-01 00:00:00-04:00,17.720073448445575,17.826456835354787,17.48717902074315,17.510181427001953,20035400,0.0,0.0
2007-11-02 00:00:00-04:00,17.579188532753175,17.58206438228345,17.2542866351916,17.398048400878906,17152600,0.0,0.0
2007-11-05 00:00:00-05:00,17.395174407971187,17.46130469145804,17.22841022601848,17.349170684814453,17845400,0.0,0.0
2007-11-06 00:00:00-05:00,17.36354481070857,17.564811489590387,17.323291694295243,17.54180908203125,15285600,0.0,0.0
2007-11-07 00:00:00-05:00,17.510179064027653,17.538930971156027,17.231280958259635,17.239906311035156,14486800,0.0,0.0
2007-11-08 00:00:00-05:00,17.458429611712795,17.72295074070711,17.222660397847342,17.674072265625,26091200,0.0,0.0
2007-11-09 00:00:00-05:00,17.682699160051722,17.75458005094624,17.432553966847095,17.49005889892578,18189800,0.0,0.0
2007-11-12 00:00:00-05:00,17.435424823585542,17.498680344417906,17.19390504027983,17.211156845092773,16680200,0.0,0.0
2007-11-13 00:00:00-05:00,17.320421186705403,17.596443564172592,17.15078222823413,17.550439834594727,15326800,0.0,0.0
2007-11-14 00:00:00-05:00,17.625187086871414,17.754572857422087,17.46704941033833,17.642438888549805,16542800,0.0,0.0
2007-11-15 00:00:00-05:00,17.536056218988776,17.944339003645226,17.536056218988776,17.81207847595215,21229800,0.0,0.0
2007-11-16 00:00:00-05:00,17.89546255106252,18.033473695036978,17.7401996027856,18.00472068786621,21454000,0.0,0.0
2007-11-19 00:00:00-05:00,17.970215097494297,17.987466898841248,17.82932812853139,17.912710189819336,16893400,0.0,0.0
2007-11-20 00:00:00-05:00,17.975968836884427,18.142731891765386,17.855208399998485,18.053600311279297,21572400,0.0,0.0
2007-11-21 00:00:00-05:00,18.053603198842836,18.243368689888218,17.866712460576288,17.898340225219727,18067800,0.0,0.0
2007-11-23 00:00:00-05:00,17.981716298392264,18.04209595788427,17.803450974918402,17.912710189819336,9446000,0.0,0.0
2007-11-26 00:00:00-05:00,17.927089331612876,18.07372692711036,17.711446712081933,17.748825073242188,16760800,0.0,0.0
2007-11-27 00:00:00-05:00,17.81208172547675,18.203113875919794,17.7344502458904,18.108230590820312,21048000,0.0,0.0
2007-11-28 00:00:00-05:00,18.27589701656105,18.27589701656105,18.06486575749048,18.209407806396484,25499000,0.17,0.0
2007-11-29 00:00:00-05:00,18.186280129451614,18.26144150792974,18.102445478356877,18.15159034729004,15031600,0.0,0.0
2007-11-30 00:00:00-05:00,18.241203889563227,18.241203889563227,17.842268677592365,17.952119827270508,21684200,0.0,0.0
2007-12-03 00:00:00-05:00,17.952124250182727,18.212300411453732,17.91165264793356,17.981033325195312,17112000,0.0,0.0
2007-12-04 00:00:00-05:00,17.908762814221994,18.194955497199995,17.781565085993115,18.140029907226562,16878600,0.0,0.0
2007-12-05 00:00:00-05:00,18.16604773635802,18.226755142211914,18.05330509612408,18.226755142211914,14622000,0.0,0.0
2007-12-06 00:00:00-05:00,18.186286703424035,18.261448109071477,18.033072432622312,18.232540130615234,15824600,0.0,0.0
2007-12-07 00:00:00-05:00,18.22964530275398,18.42911295182415,18.22964530275398,18.25566291809082,13413800,0.0,0.0
2007-12-10 00:00:00-05:00,18.235424381864277,18.356839166709022,18.177607345037526,18.29034996032715,8487800,0.0,0.0
2007-12-11 00:00:00-05:00,18.281689051812997,18.46959315878362,18.194962891767705,18.203636169433594,17336600,0.0,0.0
2007-12-12 00:00:00-05:00,18.27879265387609,18.515842697123073,18.197849435986495,18.434898376464844,23241400,0.0,0.0
2007-12-13 00:00:00-05:00,18.37996965105205,18.54185605928095,18.322152604069537,18.527400970458984,12418200,0.0,0.0
2007-12-14 00:00:00-05:00,18.432001821893575,18.5938893156904,18.426221110301128,18.446456909179688,19006000,0.0,0.0
2007-12-17 00:00:00-05:00,18.501390071504048,18.54475314559165,18.004164860446366,18.059091567993164,23869200,0.0,0.0
2007-12-18 00:00:00-05:00,18.1544865671794,18.157378026575024,17.888529646751753,17.986818313598633,23756400,0.0,0.0
2007-12-19 00:00:00-05:00,17.981031766917265,18.212298833133545,17.952122694410008,18.168935775756836,14402000,0.0,0.0
2007-12-20 00:00:00-05:00,18.140031748106495,18.20073915941179,17.894310643622052,18.004161834716797,15065400,0.0,0.0
2007-12-21 00:00:00-05:00,18.067762227323538,18.348174249977582,18.009945167642368,18.232540130615234,25318800,0.0,0.0
2007-12-24 00:00:00-05:00,18.22386647397783,18.342390940428928,18.15448578745515,18.27301025390625,4593800,0.0,0.0
2007-12-26 00:00:00-05:00,18.342390533474532,18.342390533474532,18.142921753377735,18.215192794799805,9484400,0.0,0.0
2007-12-27 00:00:00-05:00,18.183384538081082,18.270109519897794,17.983915866857878,18.009933471679688,7729800,0.0,0.0
2007-12-28 00:00:00-05:00,18.015724281249252,18.142920911251416,17.923217440744313,18.001270294189453,8346400,0.0,0.0
2007-12-31 00:00:00-05:00,17.940559507804757,17.981031105056847,17.697728821523885,17.741090774536133,11729200,0.0,0.0
2008-01-02 00:00:00-05:00,17.76422291557333,17.801804167397407,17.556081955032138,17.660152435302734,15453800,0.0,0.0
2008-01-03 00:00:00-05:00,17.68327394429025,17.952122246676595,17.654365975272327,17.84516143798828,13902600,0.0,0.0
2008-01-04 00:00:00-05:00,17.830712328299363,18.128468681108604,17.827820868946063,17.87985610961914,18027400,0.0,0.0
2008-01-07 00:00:00-05:00,17.95213098102494,18.33950390928477,17.894315014859576,18.301923751831055,23782000,0.0,0.0
2008-01-08 00:00:00-05:00,18.38286464113962,18.6170232442001,18.30192141662086,18.37708282470703,20883200,0.0,0.0
2008-01-09 00:00:00-05:00,18.391526992758084,18.880078641338276,18.385745179413163,18.868515014648438,35949600,0.0,0.0
2008-01-10 00:00:00-05:00,18.790473700931447,18.96103232663575,18.706639015139714,18.952360153198242,28944200,0.0,0.0
2008-01-11 00:00:00-05:00,18.90032298209863,18.90032298209863,18.345281883252344,18.434898376464844,32147800,0.0,0.0
2008-01-14 00:00:00-05:00,18.429110929374115,18.65170471055555,18.429110929374115,18.58810806274414,22931400,0.0,0.0
2008-01-15 00:00:00-05:00,18.394417448405814,18.559194157299828,18.374181654185424,18.388635635375977,22999400,0.0,0.0
2008-01-16 00:00:00-05:00,18.293248201821758,18.4580261110115,18.061981057587793,18.111125946044922,25334000,0.0,0.0
2008-01-17 00:00:00-05:00,18.284567772793586,18.3019132143177,17.894304712030976,17.934776306152344,37273000,0.0,0.0
2008-01-18 00:00:00-05:00,18.02151146744561,18.053310910115236,17.391307739460387,17.558977127075195,33758200,0.0,0.0
2008-01-22 00:00:00-05:00,16.977912884395728,17.171599848457006,16.683046903654464,16.995258331298828,37369800,0.0,0.0
2008-01-23 00:00:00-05:00,16.631008370180645,17.03861691810057,16.330361736148504,17.018381118774414,32257400,0.0,0.0
2008-01-24 00:00:00-05:00,17.102219005001448,17.350831561130633,17.038620136381823,17.310359954833984,30700600,0.0,0.0
2008-01-25 00:00:00-05:00,17.44333509528783,17.44333509528783,16.833367451858088,16.88540267944336,25926400,0.0,0.0
2008-01-28 00:00:00-05:00,16.873840308665148,17.177378423700162,16.781333475564356,17.174488067626953,18341400,0.0,0.0
2008-01-29 00:00:00-05:00,17.24676019763487,17.24676019763487,16.847823765265844,16.92587661743164,26833600,0.0,0.0
2008-01-30 00:00:00-05:00,16.911419207360456,17.00970784173619,16.639680560683214,16.700387954711914,23066800,0.0,0.0
2008-01-31 00:00:00-05:00,16.564522131503278,17.160035897526786,16.547177787691844,17.055965423583984,24041800,0.0,0.0
2008-02-01 00:00:00-05:00,17.139792045015007,17.336369269526525,16.91430575644707,17.131118774414062,16520200,0.0,0.0
2008-02-04 00:00:00-05:00,17.177374983073967,17.186048255093212,16.90274599762138,16.948999404907227,15315800,0.0,0.0
2008-02-05 00:00:00-05:00,16.905645683270595,16.911427500218313,16.567417662595265,16.593435287475586,24709600,0.0,0.0
2008-02-06 00:00:00-05:00,16.73796729534696,16.821800833542458,16.642569027470763,16.683040618896484,16816400,0.0,0.0
2008-02-07 00:00:00-05:00,16.720627333051443,16.963458063931032,16.720627333051443,16.896968841552734,23313200,0.0,0.0
2008-02-08 00:00:00-05:00,17.081983348355802,17.281451025143667,17.053075372972717,17.128236770629883,20221800,0.0,0.0
2008-02-11 00:00:00-05:00,17.157141245981315,17.258321344718667,16.998145208272156,17.200504302978516,13635800,0.0,0.0
2008-02-12 00:00:00-05:00,17.287232511892633,17.489591644030163,17.243870549642946,17.321922302246094,23823800,0.0,0.0
2008-02-13 00:00:00-05:00,17.475138420633215,17.475138420633215,17.05885650711748,17.16870880126953,29032000,0.0,0.0
2008-02-14 00:00:00-05:00,17.206288593423384,17.2554323691749,16.88251465696298,16.92587661743164,25045400,0.0,0.0
2008-02-15 00:00:00-05:00,16.894073078515394,17.00392533665215,16.769766837068918,16.98657989501953,20761400,0.0,0.0
2008-02-19 00:00:00-05:00,17.055967847813402,17.07042183730018,16.75821147386468,16.795791625976562,17218000,0.0,0.0
2008-02-20 00:00:00-05:00,16.790010149598544,16.847826104918976,16.63679478024714,16.833372116088867,14832000,0.0,0.0
2008-02-21 00:00:00-05:00,16.85938951681757,16.928770206171734,16.688829804205913,16.763992309570312,17465200,0.0,0.0
2008-02-22 00:00:00-05:00,16.76688722200131,16.862285557938343,16.590545645464815,16.84204864501953,14768400,0.0,0.0
2008-02-25 00:00:00-05:00,16.824697376627782,17.07620027276299,16.824697376627782,16.98947525024414,16020800,0.0,0.0
2008-02-26 00:00:00-05:00,16.94033129142462,17.226525094308425,16.859388079718254,17.206289291381836,16807800,0.0,0.0
2008-02-27 00:00:00-05:00,17.136909749912668,17.46357518041802,17.136909749912668,17.35950469970703,19804800,0.0,0.0
2008-02-28 00:00:00-05:00,17.345045724401782,17.37973550707546,17.099324684413414,17.188940048217773,15436000,0.0,0.0
2008-02-29 00:00:00-05:00,17.08486443403945,17.1513547263244,16.81890767597155,16.899850845336914,15967400,0.0,0.0
2008-03-03 00:00:00-05:00,16.868061529819023,17.099329756965226,16.868061529819023,17.061748504638672,12492600,0.0,0.0
2008-03-04 00:00:00-05:00,16.93744231781942,17.22363614406803,16.917206513240785,17.162927627563477,20105800,0.0,0.0
2008-03-05 00:00:00-05:00,17.125347757537096,17.34505125488071,17.064639240040833,17.252544403076172,16079400,0.0,0.0
2008-03-06 00:00:00-05:00,17.203393818296313,17.30168245362188,17.061743230860472,17.084869384765625,14563200,0.0,0.0
2008-03-07 00:00:00-05:00,16.983688166089266,17.171593242225597,16.911417152616544,17.012596130371094,18332600,0.0,0.0
2008-03-10 00:00:00-04:00,17.012599610969186,17.154251311574143,16.954783670576997,16.957674026489258,18909600,0.0,0.0
2008-03-11 00:00:00-04:00,17.058853958714884,17.252540898489585,17.01838235711766,17.19183349609375,29836200,0.0,0.0
2008-03-12 00:00:00-04:00,17.20930274359658,17.308223545081162,17.154022786676343,17.22093963623047,22601200,0.19,0.0
2008-03-13 00:00:00-04:00,17.072562139924354,17.194757859090718,16.96491337163096,17.14529800415039,17542000,0.0,0.0
2008-03-14 00:00:00-04:00,17.14527975822237,17.14527975822237,16.621582315083558,16.737958908081055,26531400,0.0,0.0
2008-03-17 00:00:00-04:00,16.554671061127014,16.880527184307134,16.51102913049432,16.784515380859375,21630200,0.0,0.0
2008-03-18 00:00:00-04:00,16.93289400149846,17.284934997558594,16.857248150033847,17.284934997558594,18364800,0.0,0.0
2008-03-19 00:00:00-04:00,17.27329738692043,17.69807530029149,17.27329738692043,17.44495391845703,23258600,0.0,0.0
2008-03-20 00:00:00-04:00,17.50314964309913,17.788273956287917,17.468236756345167,17.759180068969727,31028600,0.0,0.0
2008-03-24 00:00:00-04:00,17.820265984410742,17.89300176393895,17.613696636917016,17.79990005493164,14037600,0.0,0.0
2008-03-25 00:00:00-04:00,17.799906388617572,17.986109872888406,17.767902456659712,17.866823196411133,15298200,0.0,0.0
2008-03-26 00:00:00-04:00,17.866822495955603,17.95119629328936,17.747535824154873,17.79117774963379,16547800,0.0,0.0
2008-03-27 00:00:00-04:00,17.85227734771322,18.009386963360562,17.80863541785772,17.837730407714844,16830400,0.0,0.0
2008-03-28 00:00:00-04:00,17.916280391550227,17.922098278094797,17.71261995682777,17.73007583618164,13671600,0.0,0.0
2008-03-31 00:00:00-04:00,17.689345140996075,17.805722857064925,17.642794276540563,17.7097110748291,18541400,0.0,0.0
2008-04-01 00:00:00-04:00,17.750441761061435,17.893004398264086,17.71843894563969,17.875547409057617,25873200,0.0,0.0
2008-04-02 00:00:00-04:00,17.855185693274883,17.855185693274883,17.51769159126745,17.59042739868164,18167000,0.0,0.0
2008-04-03 00:00:00-04:00,17.540969189686496,17.718444753617213,17.529331193067332,17.619524002075195,16176200,0.0,0.0
2008-04-04 00:00:00-04:00,17.610793047742067,17.72717078164422,17.51478236065407,17.529329299926758,15262800,0.0,0.0
2008-04-07 00:00:00-04:00,17.535147532026613,17.634068268566484,17.535147532026613,17.564241409301758,16193200,0.0,0.0
2008-04-08 00:00:00-04:00,17.53515089127162,17.62243364967826,17.418773140155775,17.604976654052734,19942800,0.0,0.0
2008-04-09 00:00:00-04:00,17.60206515211843,17.69807694931749,17.546786338793726,17.683528900146484,12995600,0.0,0.0
2008-04-10 00:00:00-04:00,17.712619366258465,17.887184813137356,17.59333271859055,17.843544006347656,14842200,0.0,0.0
2008-04-11 00:00:00-04:00,17.753358300539194,17.893010935634056,17.4827809732115,17.540969848632812,15567600,0.0,0.0
2008-04-14 00:00:00-04:00,17.5700601709331,17.849365384523093,17.500234422465734,17.747535705566406,20029600,0.0,0.0
2008-04-15 00:00:00-04:00,17.75626076507253,17.811540675986674,17.578785259240963,17.73007583618164,23441800,0.0,0.0
2008-04-16 00:00:00-04:00,17.96574323182891,17.991928165144206,17.613702213814598,17.79117774963379,23117600,0.0,0.0
2008-04-17 00:00:00-04:00,17.744628916521116,17.858096603953967,17.61370423492152,17.654436111450195,16659800,0.0,0.0
2008-04-18 00:00:00-04:00,17.677708376964546,17.770811222211353,17.35476235663874,17.488595962524414,22254200,0.0,0.0
2008-04-21 00:00:00-04:00,17.433316420894645,17.58460702163272,17.354762731725884,17.558422088623047,12428800,0.0,0.0
2008-04-22 00:00:00-04:00,17.520602869683543,17.572972743470967,17.369312246504368,17.424591064453125,17274000,0.0,0.0
2008-04-23 00:00:00-04:00,17.386769245984667,17.570063815992988,17.386769245984667,17.549697875976562,18987200,0.0,0.0
2008-04-24 00:00:00-04:00,17.538057241518306,17.747536718598045,17.395495682841513,17.529329299926758,12836600,0.0,0.0
2008-04-25 00:00:00-04:00,17.529328755396705,17.602064559361008,17.15401174057444,17.261661529541016,18802400,0.0,0.0
2008-04-28 00:00:00-04:00,17.261668555693518,17.42750616744549,17.124924833425467,17.15983772277832,16098000,0.0,0.0
2008-04-29 00:00:00-04:00,17.107463344811354,17.165652218371143,16.982357655108967,17.08418846130371,14869000,0.0,0.0
2008-04-30 00:00:00-04:00,17.084185874507185,17.38967602711482,17.07545682338563,17.127826690673828,23359200,0.0,0.0
2008-05-01 00:00:00-04:00,17.052175219631884,17.212193702200604,16.99107743517362,17.19182777404785,15127600,0.0,0.0
2008-05-02 00:00:00-04:00,17.191837565294282,17.3111242594947,17.049274877171598,17.098735809326172,16519000,0.0,0.0
2008-05-05 00:00:00-04:00,17.098735331710536,17.159833149259136,16.915440769204295,16.985267639160156,14121400,0.0,0.0
2008-05-06 00:00:00-04:00,16.94744523794919,16.985268173275504,16.839796540331733,16.953264236450195,13390400,0.0,0.0
2008-05-07 00:00:00-04:00,16.953267070292345,16.95617601509886,16.58085998286153,16.592496871948242,29866200,0.0,0.0
2008-05-08 00:00:00-04:00,16.685590597948764,16.749598451433847,16.307364693426273,16.3771915435791,28002800,0.0,0.0
2008-05-09 00:00:00-04:00,16.37719389353271,16.391740832359343,16.243360280551222,16.336462020874023,20830000,0.0,0.0
2008-05-12 00:00:00-04:00,16.34518709484809,16.426650825874713,16.292817236370944,16.409194946289062,17243400,0.0,0.0
2008-05-13 00:00:00-04:00,16.377195641522057,16.51393821291972,16.371376643398268,16.43829345703125,20876800,0.0,0.0
2008-05-14 00:00:00-04:00,16.47902598028818,16.583765730903135,16.348101292019486,16.449932098388672,20732200,0.0,0.0
2008-05-15 00:00:00-04:00,16.43829506179027,16.633226523595265,16.368468187348462,16.5866756439209,16503200,0.0,0.0
2008-05-16 00:00:00-04:00,16.601220847343175,16.700141588412137,16.519755989494406,16.604129791259766,17961000,0.0,0.0
2008-05-19 00:00:00-04:00,16.612847820438525,16.828146167194344,16.566296976526413,16.735044479370117,20009200,0.0,0.0
2008-05-20 00:00:00-04:00,16.729231950231064,16.772873868827876,16.572122375114645,16.60994529724121,17955200,0.0,0.0
2008-05-21 00:00:00-04:00,16.557584089711067,16.671051805514157,16.42375043055156,16.4819393157959,25203800,0.0,0.0
2008-05-22 00:00:00-04:00,16.49066439929459,16.99690506041704,16.447022465467267,16.953264236450195,25230600,0.0,0.0
2008-05-23 00:00:00-04:00,16.90670807307691,17.177285314555693,16.877613089667282,17.057998657226562,30583000,0.0,0.0
2008-05-27 00:00:00-04:00,17.034725835040565,17.0783677633323,16.906711213837333,17.046363830566406,15614200,0.0,0.0
2008-05-28 00:00:00-04:00,17.119099604475597,17.119099604475597,16.682684761849462,16.71177864074707,24045600,0.0,0.0
2008-05-29 00:00:00-04:00,16.737966599691124,16.912533234196147,16.624498897686156,16.83688735961914,24705200,0.0,0.0
2008-05-30 00:00:00-04:00,16.78451040148686,16.871794236858204,16.58957901817368,16.659404754638672,26831600,0.0,0.0
2008-06-02 00:00:00-04:00,16.5983043341552,16.69140604129911,16.42373891072534,16.583757400512695,19121200,0.0,0.0
2008-06-03 00:00:00-04:00,16.54302853579283,16.65649619253994,16.377191020568574,16.409194946289062,18839800,0.0,0.0
2008-06-04 00:00:00-04:00,16.365558161854175,16.575037661481247,16.365558161854175,16.496482849121094,14971800,0.0,0.0
2008-06-05 00:00:00-04:00,16.511025394184838,16.659405927009974,16.42665160598028,16.639039993286133,15701400,0.0,0.0
2008-06-06 00:00:00-04:00,16.586669646991012,16.61576462993099,16.217172797464293,16.234628677368164,24947800,0.0,0.0
2008-06-09 00:00:00-04:00,16.14734501921826,16.36555238434283,16.14734501921826,16.252084732055664,19351600,0.0,0.0
2008-06-10 00:00:00-04:00,16.330640698561883,17.049269585009114,16.292817775108826,16.877613067626953,32680000,0.0,0.0
2008-06-11 00:00:00-04:00,16.903973978271072,16.9361889369622,16.69604136776793,16.734113693237305,23459000,0.19,0.0
2008-06-12 00:00:00-04:00,16.78390075226318,16.865901652801696,16.61989783400766,16.734113693237305,19044000,0.0,0.0
2008-06-13 00:00:00-04:00,16.701899901450744,16.722400128017654,15.79109997160051,16.230392456054688,61756600,0.0,0.0
2008-06-16 00:00:00-04:00,16.230392550773743,16.259679386882073,15.82624426708589,15.867244720458984,35384800,0.0,0.0
2008-06-17 00:00:00-04:00,15.975600974913732,16.019530664310345,15.802812576293944,15.802812576293945,28668600,0.0,0.0
2008-06-18 00:00:00-04:00,15.750101154639925,15.814531083216874,15.55388436077911,15.568527221679688,26037200,0.0,0.0
2008-06-19 00:00:00-04:00,15.638812817814408,15.69738425504888,15.521667708988357,15.627098083496094,25221200,0.0,0.0
2008-06-20 00:00:00-04:00,15.54217069286684,15.782317203105084,15.5011702326572,15.714959144592285,33273000,0.0,0.0
2008-06-23 00:00:00-04:00,15.77060687465429,15.77060687465429,15.527532170965927,15.597818374633789,17910600,0.0,0.0
2008-06-24 00:00:00-04:00,15.52167020772839,15.673958426846797,15.41331169078637,15.63002872467041,21827400,0.0,0.0
2008-06-25 00:00:00-04:00,15.656385457011602,15.984391349523728,15.638814470855408,15.843816757202148,23750600,0.0,0.0
2008-06-26 00:00:00-04:00,15.791100949321486,15.996104344862127,15.559741075573124,15.586098670959473,30532200,0.0,0.0
2008-06-27 00:00:00-04:00,15.571455070987598,15.591956416499436,15.17902149022177,15.181949615478516,35673200,0.0,0.0
2008-06-30 00:00:00-04:00,15.187804989978655,15.492381366926784,15.064802518943312,15.22294807434082,30142000,0.0,0.0
2008-07-01 00:00:00-04:00,15.205379658923073,15.205379658923073,14.912517944840468,14.93594741821289,35340600,0.0,0.0
2008-07-02 00:00:00-04:00,14.938863095659265,15.099937797928687,14.89786266860081,15.044293403625488,32505400,0.0,0.0
2008-07-03 00:00:00-04:00,15.044305000838035,15.155592758055047,14.991589806218329,15.076519966125488,14904400,0.0,0.0
2008-07-07 00:00:00-04:00,15.13216064404498,15.16437560370765,14.93594387835928,15.0208740234375,23402400,0.0,0.0
2008-07-08 00:00:00-04:00,14.959379140086,15.135095748075502,14.93594966319196,15.07359504699707,26657400,0.0,0.0
2008-07-09 00:00:00-04:00,15.120453360212808,15.123381486327386,14.894949665304923,14.903735160827637,23205400,0.0,0.0
2008-07-10 00:00:00-04:00,14.921299674611753,14.921299674611753,14.555222651766412,14.65479564666748,30312600,0.0,0.0
2008-07-11 00:00:00-04:00,14.54350789799512,14.789511701680507,14.502507450243957,14.722153663635254,26927400,0.0,0.0
2008-07-14 00:00:00-04:00,14.801225425991833,15.012085016798608,14.801225425991833,14.924226760864258,25123000,0.0,0.0
2008-07-15 00:00:00-04:00,14.833440095216497,15.228802797906196,14.815867997496257,15.167302131652832,38457400,0.0,0.0
2008-07-16 00:00:00-04:00,15.19366164232598,15.404521255760503,15.009158503039624,15.328377723693848,27188400,0.0,0.0
2008-07-17 00:00:00-04:00,14.994525685782227,15.04138353316489,14.555232947627546,14.742664337158203,79214400,0.0,0.0
2008-07-18 00:00:00-04:00,14.783653906818609,14.783653906818609,14.540579351976199,14.65186595916748,36493800,0.0,0.0
2008-07-21 00:00:00-04:00,14.672365975654689,14.672365975654689,14.479077360883396,14.525935173034668,21760400,0.0,0.0
2008-07-22 00:00:00-04:00,14.678222049354707,15.26394520825992,14.66065106958164,15.03844165802002,43142600,0.0,0.0
2008-07-23 00:00:00-04:00,15.088230358670781,15.389877461021284,14.941799552919527,15.375234603881836,25824200,0.0,0.0
2008-07-24 00:00:00-04:00,15.354736225016852,15.489452314368652,15.091160296129836,15.18780517578125,21340400,0.0,0.0
2008-07-25 00:00:00-04:00,15.30201455633775,15.30201455633775,15.091153902562054,15.246371269226074,16853600,0.0,0.0
2008-07-28 00:00:00-04:00,15.22880560974522,15.246377710709963,14.968158923250067,14.979873657226562,14040000,0.0,0.0
2008-07-29 00:00:00-04:00,14.997441545168453,15.173159167007837,14.971083957751459,15.102871894836426,16244800,0.0,0.0
2008-07-30 00:00:00-04:00,15.184876894927735,15.228806591582583,14.935944926359841,15.026732444763184,19487000,0.0,0.0
2008-07-31 00:00:00-04:00,15.082380294799805,15.184881461582211,15.000379361373879,15.082380294799805,21216800,0.0,0.0
2008-08-01 00:00:00-04:00,15.211230848083204,15.586094449511526,15.152659422802888,15.562664985656738,33156000,0.0,0.0
2008-08-04 00:00:00-04:00,15.556806433216614,15.837954392140027,15.492377646886412,15.785239219665527,22279000,0.0,0.0
2008-08-05 00:00:00-04:00,15.843813480657158,16.107389390278545,15.829170622828956,16.081031799316406,25483200,0.0,0.0
2008-08-06 00:00:00-04:00,16.069323033908688,16.247968870421083,15.9902502316567,16.212825775146484,20380000,0.0,0.0
2008-08-07 00:00:00-04:00,16.154247568937482,16.154247568937482,15.767670304251126,15.817456245422363,19928800,0.0,0.0
2008-08-08 00:00:00-04:00,15.814531635241138,16.26260967407578,15.729601475003061,16.227466583251953,19658200,0.0,0.0
2008-08-11 00:00:00-04:00,16.14839539330782,16.350470699247477,16.06346522464271,16.209896087646484,14183600,0.0,0.0
2008-08-12 00:00:00-04:00,16.16303096062839,16.347534077543628,15.84966914461745,16.045886993408203,16690800,0.0,0.0
2008-08-13 00:00:00-04:00,15.9785400384858,16.23625761534752,15.931682195676478,16.168899536132812,19036800,0.0,0.0
2008-08-14 00:00:00-04:00,16.122036225850728,16.35339723502605,16.034177940026055,16.113250732421875,15411800,0.0,0.0
2008-08-15 00:00:00-04:00,16.17181966943964,16.288963651881147,16.034174344962942,16.124961853027344,23892000,0.0,0.0
2008-08-18 00:00:00-04:00,16.12789274702049,16.21282290296894,15.796958733372874,15.911175727844238,21137600,0.0,0.0
2008-08-19 00:00:00-04:00,15.881888889321328,15.98731927364649,15.808673468782038,15.911175727844238,16564200,0.0,0.0
2008-08-20 00:00:00-04:00,15.975602888290494,16.031247317147788,15.785243484855695,15.917030334472656,11033200,0.0,0.0
2008-08-21 00:00:00-04:00,15.870173204864807,15.884817181839871,15.586098149841735,15.671027183532715,11670800,0.0,0.0
2008-08-22 00:00:00-04:00,15.703235918690117,15.96388251812205,15.64173526162423,15.922882080078125,14812600,0.0,0.0
2008-08-25 00:00:00-04:00,15.855525830052695,15.987313765050235,15.630022278429852,15.688594818115234,12329200,0.0,0.0
2008-08-26 00:00:00-04:00,15.68860164037564,15.782317297753627,15.56560025900907,15.673958778381348,9461400,0.0,0.0
2008-08-27 00:00:00-04:00,15.694458214784204,15.817459589929372,15.586099700892694,15.753030776977539,13595400,0.0,0.0
2008-08-28 00:00:00-04:00,15.594888442005649,15.688604114160759,15.492387274704416,15.556816101074219,20861000,0.0,0.0
2008-08-29 00:00:00-04:00,15.548024736262233,15.548024736262233,15.240520233268217,15.249305725097656,17841200,0.0,0.0
2008-09-02 00:00:00-04:00,15.293236217458107,15.50995321988045,15.202448700823652,15.21709156036377,25723800,0.0,0.0
2008-09-03 00:00:00-04:00,15.129229545593262,15.240517261506293,15.015013705367547,15.129229545593262,22448800,0.0,0.0
2008-09-04 00:00:00-04:00,15.152662685171094,15.310807131526106,14.994517121637516,15.143876075744629,25899000,0.0,0.0
2008-09-05 00:00:00-04:00,15.138016173788202,15.261018630555906,15.076515503993539,15.208303451538086,18284200,0.0,0.0
2008-09-08 00:00:00-04:00,15.439665018601126,15.676882216647417,15.31666255683254,15.632953643798828,22306800,0.0,0.0
2008-09-09 00:00:00-04:00,15.571452952060552,15.966816838640241,15.571452952060552,15.779385566711426,29463600,0.0,0.0
2008-09-10 00:00:00-04:00,15.835026044243355,15.84381153442539,15.612451727931466,15.758882522583008,24609000,0.0,0.0
2008-09-11 00:00:00-04:00,15.688095368933173,16.098069112041113,15.646803324693595,15.971242904663086,27409200,0.19,0.0
2008-09-12 00:00:00-04:00,15.88275054758153,16.089211788359968,15.794267480140268,16.074464797973633,20364200,0.0,0.0
2008-09-15 00:00:00-04:00,15.856216863678295,16.449055977584315,15.791329834511883,16.148212432861328,32162400,0.0,0.0
2008-09-16 00:00:00-04:00,15.93584948011863,16.230793952451748,15.838518389313116,16.177703857421875,32829400,0.0,0.0
2008-09-17 00:00:00-04:00,16.092180288666864,16.189511436769177,15.528836059886691,15.531785011291504,37536000,0.0,0.0
2008-09-18 00:00:00-04:00,15.696946500500554,15.938800898186576,15.366607853558305,15.747086524963379,40347200,0.0,0.0
2008-09-19 00:00:00-04:00,16.14820378015362,16.14820378015362,14.782611072386425,15.549467086791992,47807400,0.0,0.0
2008-09-22 00:00:00-04:00,15.487535676449111,15.531777802859896,15.133603165658881,15.15424919128418,23355200,0.0,0.0
2008-09-23 00:00:00-04:00,15.168995658886807,15.437395107711868,14.915343209972665,14.947787284851074,25686000,0.0,0.0
2008-09-24 00:00:00-04:00,15.042168139000003,15.071662136281825,14.708880569120806,14.803262710571289,21740600,0.0,0.0
2008-09-25 00:00:00-04:00,14.865207326586509,15.404955324538989,14.853409273321333,15.177847862243652,26174800,0.0,0.0
2008-09-26 00:00:00-04:00,15.024478964370026,15.531784085214598,14.994984951582328,15.478693962097168,27516800,0.0,0.0
2008-09-29 00:00:00-04:00,15.360713312111908,15.620263716296783,14.868155309049481,15.051020622253418,39031200,0.0,0.0
2008-09-30 00:00:00-04:00,15.281074859269886,15.602564407365088,15.045118360572365,15.596665382385254,35193200,0.0,0.0
2008-10-01 00:00:00-04:00,15.519979713799486,16.009587552638404,15.490485713015122,15.974194526672363,29096400,0.0,0.0
2008-10-02 00:00:00-04:00,15.646805560191515,16.006638211615993,15.60256456009564,15.809024810791016,30669000,0.0,0.0
2008-10-03 00:00:00-04:00,15.862117349530974,16.2219500562735,15.452144609946837,15.505234718322754,27695800,0.0,0.0
2008-10-06 00:00:00-04:00,15.142451039028801,15.422648545789531,14.369696745486536,15.018573760986328,46243600,0.0,0.0
2008-10-07 00:00:00-04:00,15.13064988722252,15.204385998880644,14.475873980782534,14.54076099395752,34820200,0.0,0.0
2008-10-08 00:00:00-04:00,14.34905195143998,14.629248357123245,13.700173755129267,13.983320236206055,49084200,0.0,0.0
2008-10-09 00:00:00-04:00,14.030508292853554,14.048205366028725,12.771095275878904,12.771095275878906,46288400,0.0,0.0
2008-10-10 00:00:00-04:00,12.40241740371156,13.287251003859222,11.883315520012872,12.240198135375977,73567200,0.0,0.0
2008-10-13 00:00:00-04:00,12.809445720684131,14.018718286654687,12.744557540272467,13.939083099365234,50478400,0.0,0.0
2008-10-14 00:00:00-04:00,13.891886167254247,13.891886167254247,12.579383979306717,12.897923469543457,57665600,0.0,0.0
2008-10-15 00:00:00-04:00,13.812246791500085,13.959718991494114,12.951008558470685,13.039491653442383,56256000,0.0,0.0
2008-10-16 00:00:00-04:00,13.213514169499891,13.540902764205507,12.426012847207181,13.502559661865234,53069400,0.0,0.0
2008-10-17 00:00:00-04:00,13.260707905202866,13.617590573163065,12.656071747682635,13.036550521850586,42030000,0.0,0.0
2008-10-20 00:00:00-04:00,13.299048461322606,13.824049347258633,13.13387912495974,13.70312213897705,27773000,0.0,0.0
2008-10-21 00:00:00-04:00,13.67363096554754,13.900738428104653,13.567450736287146,13.576298713684082,21927000,0.0,0.0
2008-10-22 00:00:00-04:00,13.44946859000095,13.632334987915455,13.042445994930782,13.384581565856934,31891200,0.0,0.0
2008-10-23 00:00:00-04:00,13.449467879858133,13.449467879858133,12.24019595813968,12.700309753417969,56321200,0.0,0.0
2008-10-24 00:00:00-04:00,12.09272391199995,12.68261288331702,12.09272391199995,12.272640228271484,40797600,0.0,0.0
2008-10-27 00:00:00-04:00,12.13696386578965,12.74749875197859,12.092721750798216,12.095670700073242,29412000,0.0,0.0
2008-10-28 00:00:00-04:00,12.257891624378608,13.366882250226361,12.128115347598069,13.346236228942871,36079600,0.0,0.0
2008-10-29 00:00:00-04:00,13.154526551831319,13.508460238790171,12.830087995108139,12.933318138122559,29859200,0.0,0.0
2008-10-30 00:00:00-04:00,13.254807202158684,13.419976549349206,12.93921663485425,13.172223091125488,25942200,0.0,0.0
2008-10-31 00:00:00-04:00,13.313794954899313,13.567447412633609,12.830086140207868,12.995255470275879,31870200,0.0,0.0
2008-11-03 00:00:00-05:00,13.127979112891941,13.464216785766443,13.024748988626067,13.405227661132812,18576200,0.0,0.0
2008-11-04 00:00:00-05:00,13.773912168168547,13.859446366753229,13.452422529629814,13.576298713684082,23774200,0.0,0.0
2008-11-05 00:00:00-05:00,13.484859903191854,13.697219130913266,13.154521326516363,13.192864418029785,23496800,0.0,0.0
2008-11-06 00:00:00-05:00,13.198769711947923,13.408180089861855,12.936269220601691,13.122084617614746,34002800,0.0,0.0
2008-11-07 00:00:00-05:00,13.225306583354817,13.83879033370019,13.122076496195891,13.641178131103516,29180800,0.0,0.0
2008-11-10 00:00:00-05:00,13.824053653787706,13.947930975931667,13.304951631557877,13.537958145141602,22561600,0.0,0.0
2008-11-11 00:00:00-05:00,13.446513938434965,13.502552963961943,12.956906326868422,13.107327461242676,27487000,0.0,0.0
2008-11-12 00:00:00-05:00,12.886125531353388,13.145677021119871,12.626575166710944,12.92741870880127,35027800,0.0,0.0
2008-11-13 00:00:00-05:00,12.933316768907414,13.676577095296798,12.776996533142157,13.650032043457031,37546800,0.0,0.0
2008-11-14 00:00:00-05:00,13.446523510900589,13.915485440327013,13.266607136228446,13.27840518951416,33382200,0.0,0.0
2008-11-17 00:00:00-05:00,13.160420291114404,13.251853470428468,12.74159973613274,12.968707084655762,30672000,0.0,0.0
2008-11-18 00:00:00-05:00,12.776992042802267,12.90381823200674,12.396513475188845,12.827133178710938,38923200,0.0,0.0
2008-11-19 00:00:00-05:00,12.874324018136928,13.154520309096048,12.449603345296149,12.467300415039062,32379800,0.0,0.0
2008-11-20 00:00:00-05:00,12.38767035405258,12.906772235739226,12.092725821813232,12.113371849060059,42268800,0.0,0.0
2008-11-21 00:00:00-05:00,12.281488026149995,13.063091351952442,11.945251497355374,12.977557182312012,50104800,0.0,0.0
2008-11-24 00:00:00-05:00,13.12208229779299,13.599892109088577,12.889075855046572,13.340340614318848,36720800,0.0,0.0
2008-11-25 00:00:00-05:00,13.517307452431522,13.717868684400406,13.054243535964076,13.2931489944458,32370600,0.0,0.0
2008-11-26 00:00:00-05:00,13.165242693565268,13.51921177492934,13.013542469188419,13.498390197753906,21349000,0.19,0.0
2008-11-28 00:00:00-05:00,13.444849144331627,13.95349249255322,13.444849144331627,13.941594123840332,12565600,0.0,0.0
2008-12-01 00:00:00-05:00,13.739320232507934,13.834504870139693,13.17713561190461,13.186059951782227,25153200,0.0,0.0
2008-12-02 00:00:00-05:00,13.391313345036266,13.391313345036266,12.772611523741658,13.067090034484863,28670000,0.0,0.0
2008-12-03 00:00:00-05:00,12.989751530819627,13.801797941897535,12.939185145019678,13.724459648132324,39894200,0.0,0.0
2008-12-04 00:00:00-05:00,13.554908896301965,13.852361364747813,13.150373357665035,13.31099796295166,32059200,0.0,0.0
2008-12-05 00:00:00-05:00,13.186066883631579,13.709582665815882,12.915384080624838,13.676862716674805,28276200,0.0,0.0
2008-12-08 00:00:00-05:00,13.828564092748714,13.998111888578862,13.516238130722774,13.676862716674805,26908400,0.0,0.0
2008-12-09 00:00:00-05:00,13.54301372860091,13.846415454342972,13.200943989792252,13.334797859191895,26635000,0.0,0.0
2008-12-10 00:00:00-05:00,13.227709501493951,13.647117368971928,13.227709501493951,13.477569580078125,29363800,0.0,0.0
2008-12-11 00:00:00-05:00,13.438901080146575,13.575728927677108,13.058162327125618,13.15334701538086,33283400,0.0,0.0
2008-12-12 00:00:00-05:00,13.013543031274697,13.278275496531798,12.79045372216713,13.257453918457031,30458000,0.0,0.0
2008-12-15 00:00:00-05:00,13.349662613949027,13.465668856095744,13.040311878430625,13.376433372497559,20399200,0.0,0.0
2008-12-16 00:00:00-05:00,13.465671233467255,13.917799049504312,13.305046653817719,13.819639205932617,35063000,0.0,0.0
2008-12-17 00:00:00-05:00,13.70660259296271,13.816659626765764,13.38832758655413,13.528130531311035,26407400,0.0,0.0
2008-12-18 00:00:00-05:00,13.703633430087267,13.816665671784412,13.316945496028689,13.4389009475708,31094400,0.0,0.0
2008-12-19 00:00:00-05:00,13.519214323751331,13.685786972559287,13.141449569261612,13.215812683105469,50547600,0.0,0.0
2008-12-22 00:00:00-05:00,13.305048953507306,13.328845695949653,13.087908784831,13.28422737121582,22376800,0.0,0.0
2008-12-23 00:00:00-05:00,13.305046647449629,13.42402806965699,13.046263359043195,13.078983306884766,20176200,0.0,0.0
2008-12-24 00:00:00-05:00,13.102778591976143,13.192014089116833,13.087906198234512,13.117650985717773,5316600,0.0,0.0
2008-12-26 00:00:00-05:00,13.209858080909827,13.364533430440739,13.168214935784313,13.260425567626953,9626600,0.0,0.0
2008-12-29 00:00:00-05:00,13.343714606234313,13.343714606234313,13.004619057866444,13.209860801696777,13950600,0.0,0.0
2008-12-30 00:00:00-05:00,13.27232563385952,13.427001016432506,13.248530032143362,13.36453628540039,16001800,0.0,0.0
2008-12-31 00:00:00-05:00,13.435926567287122,13.534086420040213,13.403207751060467,13.465672492980957,15550400,0.0,0.0
2009-01-02 00:00:00-05:00,13.504346083721295,13.682817157992456,13.397262985282032,13.653072357177734,16355800,0.0,0.0
2009-01-05 00:00:00-05:00,13.554904477568309,13.650089145666648,13.438898234241629,13.5162353515625,20237200,0.0,0.0
2009-01-06 00:00:00-05:00,13.593575448145407,13.67388773550582,13.224733958196575,13.299097061157227,21307800,0.0,0.0
2009-01-07 00:00:00-05:00,13.15334535589704,13.438899384636008,13.15334535589704,13.36453628540039,21581000,0.0,0.0
2009-01-08 00:00:00-05:00,13.337769422324666,13.468648106740666,13.254483089940955,13.456750869750977,20087000,0.0,0.0
2009-01-09 00:00:00-05:00,13.453773758083743,13.46269696820454,13.162270502330642,13.266378402709961,19802400,0.0,0.0
2009-01-12 00:00:00-05:00,13.224733268057868,13.287197998959249,12.942153264615774,13.007593154907227,20469800,0.0,0.0
2009-01-13 00:00:00-05:00,13.028414063565855,13.183089437880852,12.97487254419948,13.093853950500488,22602400,0.0,0.0
2009-01-14 00:00:00-05:00,12.939181958647499,12.948105169310937,12.573315570462466,12.677423477172852,27053600,0.0,0.0
2009-01-15 00:00:00-05:00,12.66254954515692,12.906460441026335,12.611983177943213,12.897537231445312,28061600,0.0,0.0
2009-01-16 00:00:00-05:00,13.058164138759146,13.230685984647586,12.930259483416666,13.040316581726074,28353200,0.0,0.0
2009-01-20 00:00:00-05:00,13.02246920049943,13.236635349022995,12.754762649536133,12.754762649536133,28331800,0.0,0.0
2009-01-21 00:00:00-05:00,12.909428915482524,12.924301301979483,12.540587603030014,12.876708984375,23800600,0.0,0.0
2009-01-22 00:00:00-05:00,12.683371950758216,12.858868937000974,12.582238075047288,12.826148986816406,23489400,0.0,0.0
2009-01-23 00:00:00-05:00,12.68634499158701,12.68931901624748,12.362121838436078,12.552491188049316,31255800,0.0,0.0
2009-01-26 00:00:00-05:00,12.582241058034086,12.903490316344772,12.528699514982305,12.799381256103516,25210800,0.0,0.0
2009-01-27 00:00:00-05:00,12.87374303006882,13.067087596827923,12.79045669838978,12.888616561889648,19822800,0.0,0.0
2009-01-28 00:00:00-05:00,13.087908766636899,13.087908766636899,12.864819412660133,13.046265602111816,18563600,0.0,0.0
2009-01-29 00:00:00-05:00,12.998670285926272,13.233657957487793,12.89158723890123,12.954051971435547,21258400,0.0,0.0
2009-01-30 00:00:00-05:00,12.921332594213702,12.992721673603135,12.650650939959093,12.707167625427246,22607400,0.0,0.0
2009-02-02 00:00:00-05:00,12.55546869767791,12.641730187755527,12.35320092389853,12.564393043518066,15966800,0.0,0.0
2009-02-03 00:00:00-05:00,12.641725481720009,12.939177845995776,12.487050116133725,12.885636329650879,17950000,0.0,0.0
2009-02-04 00:00:00-05:00,12.89456414590514,12.954054866960005,12.576290093156409,12.611985206604004,18307000,0.0,0.0
2009-02-05 00:00:00-05:00,12.558440335053342,12.757732892751534,12.466229685178922,12.6982421875,22119800,0.0,0.0
2009-02-06 00:00:00-05:00,12.710141090852229,12.995695126458424,12.689319513340791,12.954051971435547,18722400,0.0,0.0
2009-02-09 00:00:00-05:00,12.885638185775036,12.897536554385752,12.493001099148497,12.585211753845215,19688400,0.0,0.0
2009-02-10 00:00:00-05:00,12.495977474445926,12.585214121120798,11.98138484949202,12.097391128540039,45488000,0.0,0.0
2009-02-11 00:00:00-05:00,12.183647293648782,12.371042581248966,12.183647293648782,12.275857925415039,21237400,0.0,0.0
2009-02-12 00:00:00-05:00,12.686346159897012,13.221760288664267,12.537619949978833,13.203912734985352,61226200,0.0,0.0
2009-02-13 00:00:00-05:00,13.14739629796514,13.200937820703865,12.995694938641796,13.04328727722168,22736400,0.0,0.0
2009-02-17 00:00:00-05:00,12.790448194707885,12.846963720102929,12.623874507404537,12.671466827392578,26421200,0.0,0.0
2009-02-18 00:00:00-05:00,12.725012461449868,12.802350715726243,12.567363063049937,12.695267677307129,18108200,0.0,0.0
2009-02-19 00:00:00-05:00,12.823170818336257,13.004616930957031,12.695266218773765,12.87968635559082,19813000,0.0,0.0
2009-02-20 00:00:00-05:00,12.781531836713155,12.930258058188743,12.60603484998432,12.742862701416016,30173200,0.0,0.0
2009-02-23 00:00:00-05:00,12.796401424278033,12.846967783833332,12.469203128007347,12.519770622253418,23461400,0.0,0.0
2009-02-24 00:00:00-05:00,12.707165216575815,12.84994221359804,12.549514693760909,12.80829906463623,26216000,0.0,0.0
2009-02-25 00:00:00-05:00,12.77260370542432,12.873737551434454,12.54059123180312,12.603055953979492,26349400,0.0,0.0
2009-02-26 00:00:00-05:00,12.722041900875151,12.722041900875151,12.198524933769544,12.2163724899292,21334000,0.0,0.0
2009-02-27 00:00:00-05:00,12.183651307313747,12.281811154242785,12.03195106669457,12.150931358337402,35448000,0.0,0.0
2009-03-02 00:00:00-05:00,12.031950745680328,12.112263036109258,11.785064689766475,11.805886268615723,31199000,0.0,0.0
2009-03-03 00:00:00-05:00,11.84158359251224,11.987334671734061,11.52925758194031,11.550080299377441,37264600,0.0,0.0
2009-03-04 00:00:00-05:00,11.675011054988962,11.993285150935652,11.55305557088501,11.817788124084473,33883400,0.0,0.0
2009-03-05 00:00:00-05:00,11.648236606950817,11.731522920628445,11.136618086494714,11.258573532104492,36464600,0.0,0.0
2009-03-06 00:00:00-05:00,11.347811251714035,11.663110117797697,11.332937721683573,11.630390167236328,33002400,0.0,0.0
2009-03-09 00:00:00-04:00,11.743422460430132,11.85942873310123,11.52033312538847,11.52628231048584,35127400,0.0,0.0
2009-03-10 00:00:00-04:00,11.788043130335838,11.79994036821032,11.49653981062269,11.648240089416504,35181400,0.0,0.0
2009-03-11 00:00:00-04:00,11.771484731301552,12.008958780103391,11.738418579354851,11.894730567932129,27254000,0.205,0.0
2009-03-12 00:00:00-04:00,11.897733294350166,12.28250043403279,11.828594373910448,12.276488304138184,25473600,0.0,0.0
2009-03-13 00:00:00-04:00,12.348631839482087,12.459853367894791,12.153241645216992,12.390715599060059,24396800,0.0,0.0
2009-03-16 00:00:00-04:00,12.462863807232354,12.62819341979702,12.360659859096522,12.405750274658203,23204000,0.0,0.0
2009-03-17 00:00:00-04:00,12.426786082953338,12.525983343280776,12.270474171298387,12.45985221862793,20241600,0.0,0.0
2009-03-18 00:00:00-04:00,12.414766044213547,12.700335957811374,12.324586373260741,12.519976615905762,28792800,0.0,0.0
2009-03-19 00:00:00-04:00,12.580092356577033,12.700332651004764,12.565062606447675,12.679290771484375,22777600,0.0,0.0
2009-03-20 00:00:00-04:00,12.72137319751032,12.967864743231651,12.718367706477952,12.817564964294434,38328800,0.0,0.0
2009-03-23 00:00:00-04:00,12.973886921556636,13.268474578857422,12.925791000909513,13.268474578857422,26501400,0.0,0.0
2009-03-24 00:00:00-04:00,13.10614084855632,13.328585035840193,13.049027342826308,13.232393264770508,21878800,0.0,0.0
2009-03-25 00:00:00-04:00,13.346635665530249,13.493928970482237,13.235412879850893,13.451845169067383,24485400,0.0,0.0
2009-03-26 00:00:00-04:00,13.511952280166543,13.52698203086154,13.172274410316563,13.481891632080078,27807800,0.0,0.0
2009-03-27 00:00:00-04:00,13.355643749602551,13.587105638647925,13.355643749602551,13.557044982910156,23103600,0.0,0.0
2009-03-30 00:00:00-04:00,13.376685628110081,13.424781530568001,13.055044065417109,13.202337265014648,22905800,0.0,0.0
2009-03-31 00:00:00-04:00,13.307547008254295,13.442817083805354,13.184301194240374,13.211355209350586,23836600,0.0,0.0
2009-04-01 00:00:00-04:00,13.154244823172007,13.523983532290428,13.076089391128066,13.484905242919922,21254800,0.0,0.0
2009-04-02 00:00:00-04:00,13.617166181738092,13.776484802504559,13.421777064740745,13.629190444946289,24926400,0.0,0.0
2009-04-03 00:00:00-04:00,13.638209287881493,13.755442997896713,13.370675714421742,13.517970085144043,17886600,0.0,0.0
2009-04-06 00:00:00-04:00,13.436802167958366,13.596119586864898,13.388706278475462,13.52397632598877,16084000,0.0,0.0
2009-04-07 00:00:00-04:00,13.478895922669068,13.578093266603783,13.36466767043449,13.412763595581055,15666200,0.0,0.0
2009-04-08 00:00:00-04:00,13.433795529848927,13.569065577362235,13.38269414895304,13.52397632598877,13595600,0.0,0.0
2009-04-09 00:00:00-04:00,13.740407255313608,13.746419384836027,13.472873798396428,13.52397632598877,16203000,0.0,0.0
2009-04-13 00:00:00-04:00,13.511959800029484,13.517971932992731,13.346630156980039,13.44582748413086,13174400,0.0,0.0
2009-04-14 00:00:00-04:00,13.406743449065903,13.406743449065903,13.169270605597529,13.289509773254395,16458200,0.0,0.0
2009-04-15 00:00:00-04:00,13.2865041045229,13.563055218478866,13.25644345298642,13.536001205444336,16665600,0.0,0.0
2009-04-16 00:00:00-04:00,13.638207033356982,13.680290804693094,13.328589732786943,13.557044982910156,17325600,0.0,0.0
2009-04-17 00:00:00-04:00,13.60213204144005,13.659245553223208,13.424778229728,13.532994270324707,22426000,0.0,0.0
2009-04-20 00:00:00-04:00,13.481892342093861,13.526982743249976,13.169269612405895,13.325581550598145,27665400,0.0,0.0
2009-04-21 00:00:00-04:00,13.274479452458284,13.511953432458885,12.811555752717087,12.952837944030762,37523000,0.0,0.0
2009-04-22 00:00:00-04:00,12.98589852078493,12.991910648338203,12.805538134274979,12.904736518859863,28969200,0.0,0.0
2009-04-23 00:00:00-04:00,12.946831450088142,12.970879981077287,12.832603221283845,12.901741027832031,28034600,0.0,0.0
2009-04-24 00:00:00-04:00,12.91075822478065,12.95284200217903,12.796530009915807,12.862662315368652,29316200,0.0,0.0
2009-04-27 00:00:00-04:00,12.751436402368709,12.916767124630097,12.649233623802244,12.6973295211792,23763600,0.0,0.0
2009-04-28 00:00:00-04:00,12.658251104574713,12.79051453420718,12.625184960492438,12.709352493286133,18167600,0.0,0.0
2009-04-29 00:00:00-04:00,12.736405777171058,12.952837873892982,12.733400285470616,12.83860969543457,20426400,0.0,0.0
2009-04-30 00:00:00-04:00,12.964861583944533,13.247424806355149,12.86566316159079,12.940813064575195,35959200,0.0,0.0
2009-05-01 00:00:00-04:00,12.967866365631542,12.988908245579582,12.67929102917576,12.766465187072754,21220200,0.0,0.0
2009-05-04 00:00:00-04:00,12.805546917265383,12.997931690833575,12.694325347986062,12.976888656616211,26789000,0.0,0.0
2009-05-05 00:00:00-04:00,13.021977791685554,13.151235743298283,12.931798118785146,12.967869758605957,22393600,0.0,0.0
2009-05-06 00:00:00-04:00,13.076083468670399,13.10313748033551,12.850633753693323,12.907747268676758,19488600,0.0,0.0
2009-05-07 00:00:00-04:00,13.021976433971629,13.021976433971629,12.796526701878358,12.8656644821167,27057600,0.0,0.0
2009-05-08 00:00:00-04:00,12.910759800301495,12.976890967127503,12.778495173255338,12.901741027832031,24158600,0.0,0.0
2009-05-11 00:00:00-04:00,12.844623397731109,12.982898966807868,12.787509874859415,12.850635528564453,18437800,0.0,0.0
2009-05-12 00:00:00-04:00,12.91376016215643,13.43379739784518,12.883700657060952,13.346624374389648,37052200,0.0,0.0
2009-05-13 00:00:00-04:00,13.235402981981705,13.343619045662422,13.05804913243758,13.115163803100586,23717800,0.0,0.0
2009-05-14 00:00:00-04:00,13.20234133888508,13.578091051126078,13.199335845733886,13.496930122375488,34590000,0.0,0.0
2009-05-15 00:00:00-04:00,13.475883159255039,13.551033073424348,13.415762998580254,13.514960289001465,34102200,0.0,0.0
2009-05-18 00:00:00-04:00,13.569064625726645,13.863652071486264,13.430789096497996,13.84862232208252,28462000,0.0,0.0
2009-05-19 00:00:00-04:00,13.869664428242446,14.107138371487162,13.773472654443948,14.019964218139648,31889400,0.0,0.0
2009-05-20 00:00:00-04:00,14.071062246374842,14.21534986096339,13.989900248163279,14.128175735473633,33379200,0.0,0.0
2009-05-21 00:00:00-04:00,14.019970555806685,14.074078596364696,13.947827266193947,14.031994819641113,28366400,0.0,0.0
2009-05-22 00:00:00-04:00,14.028989417939576,14.341613425032188,14.019971792616696,14.218367576599121,24576400,0.0,0.0
2009-05-26 00:00:00-04:00,14.12818237550035,14.272470057901872,14.092110741574112,14.19130802154541,28784800,0.0,0.0
2009-05-27 00:00:00-04:00,14.167258021335332,14.185293261606585,13.989904229591103,14.016958236694336,19064800,0.0,0.0
2009-05-28 00:00:00-04:00,14.022973640544375,14.188303212920509,13.935799469887217,14.098123550415039,18940200,0.0,0.0
2009-05-29 00:00:00-04:00,14.131191270978475,14.777481079101562,14.113156023019496,14.777481079101562,45436800,0.0,0.0
2009-06-01 00:00:00-04:00,14.804530341083892,14.864650490590025,14.645212919584642,14.735392570495605,42668400,0.0,0.0
2009-06-02 00:00:00-04:00,14.732386134764392,15.008938367613919,14.693309011740478,14.927776336669922,33442000,0.0,0.0
2009-06-03 00:00:00-04:00,14.831581465176125,14.879677346083493,14.660239817775107,14.756431579589844,26862800,0.0,0.0
2009-06-04 00:00:00-04:00,14.771464713224695,14.966854919214098,14.642206788652603,14.957836151123047,21710200,0.0,0.0
2009-06-05 00:00:00-04:00,15.0029278954324,15.011945517634723,14.798520049737862,14.861645698547363,19833400,0.0,0.0
2009-06-08 00:00:00-04:00,14.79852416131443,14.918764508670176,14.672272828618143,14.84361457824707,15849400,0.0,0.0
2009-06-09 00:00:00-04:00,14.882682836960594,14.909736841639505,14.687293822454016,14.756431579589844,20304400,0.0,0.0
2009-06-10 00:00:00-04:00,14.81956118330747,14.837597573496707,14.443811654589245,14.552027702331543,28236200,0.0,0.0
2009-06-11 00:00:00-04:00,14.588411186987742,14.918863613687508,14.576285373061134,14.727869033813477,20569000,0.205,0.0
2009-06-12 00:00:00-04:00,14.758186863657782,14.86732729597685,14.697553161648115,14.82185173034668,17240800,0.0,0.0
2009-06-15 00:00:00-04:00,14.73695940254754,14.752117532921288,14.582343465858159,14.585375785827637,17630000,0.0,0.0
2009-06-16 00:00:00-04:00,14.609631349347048,14.65207574157586,14.49745977539949,14.500492095947266,15866200,0.0,0.0
2009-06-17 00:00:00-04:00,14.515647457398481,14.746054045900774,14.503520490505936,14.530805587768555,16653800,0.0,0.0
2009-06-18 00:00:00-04:00,14.548999036290688,15.04922438053432,14.539903231001253,15.021939277648926,24154600,0.0,0.0
2009-06-19 00:00:00-04:00,15.076505445442207,15.125012153525521,14.767274747726901,14.797592163085938,30718400,0.0,0.0
2009-06-22 00:00:00-04:00,14.709679055586243,14.797597859233962,14.54900074005127,14.54900074005127,21359600,0.0,0.0
2009-06-23 00:00:00-04:00,14.609631006091103,14.712707928956394,14.476237817408954,14.491395950317383,18727000,0.0,0.0
2009-06-24 00:00:00-04:00,14.58840932969546,14.700582057045079,14.358002703541914,14.400445938110352,17777000,0.0,0.0
2009-06-25 00:00:00-04:00,14.376192574203541,14.561124809197569,14.30343307103663,14.50655460357666,20630200,0.0,0.0
2009-06-26 00:00:00-04:00,14.46713978231896,14.639945001303813,14.43985468687445,14.591438293457031,26200600,0.0,0.0
2009-06-29 00:00:00-04:00,14.594474239111133,14.703614656652764,14.588410754081984,14.639949798583984,17526600,0.0,0.0
2009-06-30 00:00:00-04:00,14.615696766532652,14.627823737344391,14.494430527890037,14.54900074005127,31447400,0.0,0.0
2009-07-01 00:00:00-04:00,14.697548880235729,15.037095893491102,14.676327264187977,14.90976619720459,24212400,0.0,0.0
2009-07-02 00:00:00-04:00,14.785465697869716,14.985556020053783,14.785465697869716,14.818814277648926,22199200,0.0,0.0
2009-07-06 00:00:00-04:00,14.758184461664927,14.870356040406552,14.667234501698974,14.85519790649414,16671800,0.0,0.0
2009-07-07 00:00:00-04:00,14.773331148781859,14.906724242942408,14.718760983786499,14.74604606628418,17109000,0.0,0.0
2009-07-08 00:00:00-04:00,14.718769117910918,14.818814861188171,14.603565244089266,14.706642150878906,21321000,0.0,0.0
2009-07-09 00:00:00-04:00,14.770308130241352,14.809719038307021,14.706642131652139,14.7672758102417,17427000,0.0,0.0
2009-07-10 00:00:00-04:00,14.703615590259044,14.815787179191828,14.558095409794234,14.646014213562012,15619200,0.0,0.0
2009-07-13 00:00:00-04:00,14.667231251361393,14.909764809687685,14.58234363857877,14.870352745056152,20608400,0.0,0.0
2009-07-14 00:00:00-04:00,14.86125708614819,14.96130166618103,14.77637063563655,14.94311237335205,15369200,0.0,0.0
2009-07-15 00:00:00-04:00,14.997687498233004,15.334203404158101,14.973433557827954,15.31904411315918,20127200,0.0,0.0
2009-07-16 00:00:00-04:00,15.264468125636629,15.425147528768816,15.206866773715939,15.397862434387207,15817800,0.0,0.0
2009-07-17 00:00:00-04:00,15.252349465914863,15.32510898071045,15.167461823331164,15.255380630493164,19808400,0.0,0.0
2009-07-20 00:00:00-04:00,15.343299958616234,15.470629692077637,15.179589310030137,15.470629692077637,19104800,0.0,0.0
2009-07-21 00:00:00-04:00,15.409994281889622,15.409994281889622,15.097731179154813,15.264472961425781,28738600,0.0,0.0
2009-07-22 00:00:00-04:00,15.25538592835859,15.261449416112548,14.809729408625126,14.894617080688477,28358800,0.0,0.0
2009-07-23 00:00:00-04:00,14.894608065240671,15.164426746268953,14.818816248929746,14.90976619720459,26749000,0.0,0.0
2009-07-24 00:00:00-04:00,14.979495481865698,15.049223818526292,14.806690222208701,14.964337348937988,16574000,0.0,0.0
2009-07-27 00:00:00-04:00,14.964339267559286,15.034067613159953,14.9006744072054,15.012845993041992,16257600,0.0,0.0
2009-07-28 00:00:00-04:00,14.985559510272465,15.08257295232084,14.855197480677813,14.973432540893555,16079600,0.0,0.0
2009-07-29 00:00:00-04:00,14.982530564314969,15.140177732274552,14.882485935633756,14.94008731842041,18125000,0.0,0.0
2009-07-30 00:00:00-04:00,15.103792735849572,15.309946564283987,15.021937437221967,15.058317184448242,19436600,0.0,0.0
2009-07-31 00:00:00-04:00,15.049221021249199,15.218995085360428,15.00677779434419,15.109854698181152,16822200,0.0,0.0
2009-08-03 00:00:00-04:00,15.167463812913661,15.18868543722041,14.94615176193486,15.037101745605469,18436000,0.0,0.0
2009-08-04 00:00:00-04:00,15.024969168186406,15.203837890063312,14.961303167423171,15.006778717041016,17580200,0.0,0.0
2009-08-05 00:00:00-04:00,15.009809466534907,15.034063400726266,14.855194683784315,14.906732559204102,15010000,0.0,0.0
2009-08-06 00:00:00-04:00,14.979496025583009,15.021939261917742,14.91583117108091,14.973432540893555,13811600,0.0,0.0
2009-08-07 00:00:00-04:00,15.055288286171026,15.082573389819304,14.906735798198964,14.958274841308594,13305400,0.0,0.0
2009-08-10 00:00:00-04:00,14.934019086142388,15.000716255060457,14.849132621331279,14.9885892868042,13499200,0.0,0.0
2009-08-11 00:00:00-04:00,14.982519883151385,15.00071032834881,14.840032110156338,14.867317199707031,12509000,0.0,0.0
2009-08-12 00:00:00-04:00,14.843069037681078,14.882481106003985,14.682390757082722,14.691485404968262,24894800,0.0,0.0
2009-08-13 00:00:00-04:00,14.682398417199726,14.749095620467932,14.376198671733821,14.58841609954834,26560600,0.0,0.0
2009-08-14 00:00:00-04:00,14.567187233285724,14.694518089294434,14.552029100937187,14.694518089294434,14806400,0.0,0.0
2009-08-17 00:00:00-04:00,14.685416159172785,14.791525354335448,14.588402764818333,14.764240264892578,16211600,0.0,0.0
2009-08-18 00:00:00-04:00,14.779404598040308,14.840038284099773,14.697549295333737,14.736961364746094,15516200,0.0,0.0
2009-08-19 00:00:00-04:00,14.649043095479414,15.000717099262774,14.649043095479414,14.964337348937988,17039600,0.0,0.0
2009-08-20 00:00:00-04:00,14.973434036826374,15.031036568885298,14.891578720078089,14.982528686523438,11873200,0.0,0.0
2009-08-21 00:00:00-04:00,15.03709834356594,15.15230224694691,14.93099024603842,15.131080627441406,17650000,0.0,0.0
2009-08-24 00:00:00-04:00,15.097728542645173,15.097728542645173,14.79759361826815,14.873385429382324,21742400,0.0,0.0
2009-08-25 00:00:00-04:00,14.891578520156948,14.900674326223468,14.761216479288498,14.776375770568848,21427800,0.0,0.0
2009-08-26 00:00:00-04:00,14.800625796678242,14.952209429300094,14.764246048666573,14.90976619720459,13591400,0.0,0.0
2009-08-27 00:00:00-04:00,14.90976630612122,15.04922297159414,14.78243545241321,14.9885892868042,13884800,0.0,0.0
2009-08-28 00:00:00-04:00,15.043158346123668,15.049221829791753,14.83094104370573,14.873385429382324,13716200,0.0,0.0
2009-08-31 00:00:00-04:00,14.806691628262392,14.96736993423878,14.703614695477734,14.785470008850098,21321600,0.0,0.0
2009-09-01 00:00:00-04:00,14.770315786516882,14.93099413505019,14.667238826431483,14.712713241577148,24552800,0.0,0.0
2009-09-02 00:00:00-04:00,14.718765020309833,15.24930753710312,14.718765020309833,15.097723960876465,40824000,0.0,0.0
2009-09-03 00:00:00-04:00,15.0461916478437,15.112887659561485,14.92492427955282,15.031033515930176,22579800,0.0,0.0
2009-09-04 00:00:00-04:00,14.946144568498118,15.182615800020496,14.870352759168522,15.143203735351562,15117600,0.0,0.0
2009-09-08 00:00:00-04:00,15.140170567006777,15.397863398183057,15.073474564947892,15.282659530639648,31283600,0.0,0.0
2009-09-09 00:00:00-04:00,15.276596958903722,15.403927800415218,15.231122567035586,15.349357604980469,15813000,0.0,0.0
2009-09-10 00:00:00-04:00,15.319041570586961,15.4008968711308,15.206870006060072,15.334200859069824,21545000,0.0,0.0
2009-09-11 00:00:00-04:00,15.321977702368342,15.814066130993893,15.282243542693397,15.743766784667969,34130200,0.205,0.0
2009-09-14 00:00:00-04:00,15.61233663243465,16.03718270941495,15.56037641118039,15.942432403564453,33162200,0.0,0.0
2009-09-15 00:00:00-04:00,15.91798245464121,16.07080486146714,15.786555091495515,16.031070709228516,27725400,0.0,0.0
2009-09-16 00:00:00-04:00,16.028014208071685,16.144159568070442,15.862966888638427,16.098312377929688,26104600,0.0,0.0
2009-09-17 00:00:00-04:00,16.046350626390165,16.336713394722825,16.021898484830988,16.327543258666992,27358600,0.0,0.0
2009-09-18 00:00:00-04:00,16.407014169409408,16.54149747160564,16.290868810364834,16.43146514892578,124169000,0.0,0.0
2009-09-21 00:00:00-04:00,16.34588040017898,16.43146055346541,16.13192885102076,16.19917106628418,24711600,0.0,0.0
2009-09-22 00:00:00-04:00,16.293927366299638,16.293927366299638,16.116652793722704,16.153329849243164,19425600,0.0,0.0
2009-09-23 00:00:00-04:00,16.180837668059947,16.2450239716005,15.94549099759139,16.0708065032959,20835200,0.0,0.0
2009-09-24 00:00:00-04:00,16.070808018602758,16.241968401669368,15.96383161324346,15.997452735900879,24283000,0.0,0.0
2009-09-25 00:00:00-04:00,15.994395644965687,16.284757321251327,15.976056534129114,16.19000816345215,21737000,0.0,0.0
2009-09-28 00:00:00-04:00,16.208341683967294,16.391729244446122,16.16860870358114,16.238906860351562,15193400,0.0,0.0
2009-09-29 00:00:00-04:00,16.321438141373925,16.3642282408624,16.257251826198445,16.293930053710938,17321200,0.0,0.0
2009-09-30 00:00:00-04:00,16.296988216773208,16.48954485672805,16.076923485396247,16.41313362121582,28275800,0.0,0.0
2009-10-01 00:00:00-04:00,16.32143837603787,16.413131614251903,16.21140602380392,16.235857009887695,28071000,0.0,0.0
2009-10-02 00:00:00-04:00,16.217523820786866,16.529281854953116,16.17167660525475,16.46509552001953,25169000,0.0,0.0
2009-10-05 00:00:00-04:00,16.446755985634585,16.504828109242435,16.290876400563654,16.44369888305664,15554600,0.0,0.0
2009-10-06 00:00:00-04:00,16.44675034224452,16.70349207137441,16.400903146851014,16.602628707885742,19109800,0.0,0.0
2009-10-07 00:00:00-04:00,16.76767191282407,16.89604215384687,16.602623460701402,16.752389907836914,20761400,0.0,0.0
2009-10-08 00:00:00-04:00,16.813524250477833,16.813524250477833,16.602629704087224,16.68515396118164,18030400,0.0,0.0
2009-10-09 00:00:00-04:00,16.70960117374882,16.77990050595489,16.581230913426268,16.703489303588867,11828400,0.0,0.0
2009-10-12 00:00:00-04:00,16.758502925822825,16.886873166713894,16.6668085641095,16.74627685546875,16013800,0.0,0.0
2009-10-13 00:00:00-04:00,16.740163458382305,16.79823554239533,16.672921238830856,16.749332427978516,11937400,0.0,0.0
2009-10-14 00:00:00-04:00,16.78600950700268,16.819630616847903,16.68514734340924,16.761558532714844,16081000,0.0,0.0
2009-10-15 00:00:00-04:00,16.727940554531315,16.874649925550678,16.611795198579237,16.786012649536133,24241800,0.0,0.0
2009-10-16 00:00:00-04:00,16.78601806475273,16.871599433246313,16.71571987466563,16.813526153564453,22090800,0.0,0.0
2009-10-19 00:00:00-04:00,16.853252056211307,16.963284357513505,16.709598644406523,16.74627685546875,20656000,0.0,0.0
2009-10-20 00:00:00-04:00,16.379505232354262,16.550666743789765,16.254190908285786,16.526214599609375,26859600,0.0,0.0
2009-10-21 00:00:00-04:00,16.449803397959272,16.71571405323776,16.413126347631096,16.526214599609375,16511200,0.0,0.0
2009-10-22 00:00:00-04:00,16.3764493619079,16.5873438595549,16.32448913829079,16.55066680908203,16361000,0.0,0.0
2009-10-23 00:00:00-04:00,16.47731298895771,16.5506682622867,16.235853289763664,16.272531509399414,21709400,0.0,0.0
2009-10-26 00:00:00-04:00,16.22362420102915,16.596510010345185,16.11053480188027,16.26947021484375,21567600,0.0,0.0
2009-10-27 00:00:00-04:00,16.272532104859522,16.480369527354924,16.226684911608405,16.339773178100586,14735200,0.0,0.0
2009-10-28 00:00:00-04:00,16.27558581197769,16.504819414963293,16.26947277598499,16.355052947998047,16017200,0.0,0.0
2009-10-29 00:00:00-04:00,16.358117754314755,16.538448320244267,16.245029450036466,16.53233528137207,14807000,0.0,0.0
2009-10-30 00:00:00-04:00,16.523163728921567,16.58734887815428,16.23280084046622,16.293930053710938,21812200,0.0,0.0
2009-11-02 00:00:00-05:00,16.355058449691466,16.480372814840518,16.248083198689642,16.41924476623535,18603600,0.0,0.0
2009-11-03 00:00:00-05:00,16.397849602206694,16.407018576245264,16.128881759628456,16.235857009887695,16314800,0.0,0.0
2009-11-04 00:00:00-05:00,16.327543688231547,16.504818221372673,16.20834240985018,16.348939895629883,14114400,0.0,0.0
2009-11-05 00:00:00-05:00,16.35505413532703,16.651529989813252,16.336716191960036,16.627079010009766,16305800,0.0,0.0
2009-11-06 00:00:00-05:00,16.495655123617748,16.65764654258155,16.446751987745127,16.654590606689453,10680400,0.0,0.0
2009-11-09 00:00:00-05:00,16.68515435416873,16.963291153470813,16.55678289590631,16.957178115844727,19230400,0.0,0.0
2009-11-10 00:00:00-05:00,16.917437417660267,17.17417906904215,16.886873407281907,17.058034896850586,16139400,0.0,0.0
2009-11-11 00:00:00-05:00,17.13445631091845,17.198641470570333,17.03665002022711,17.155851364135742,14304600,0.0,0.0
2009-11-12 00:00:00-05:00,17.149734742533088,17.23225900167835,17.07026641923348,17.097774505615234,15196000,0.0,0.0
2009-11-13 00:00:00-05:00,17.134449009497168,17.330061507524416,17.085545884990356,17.25670623779297,23351000,0.0,0.0
2009-11-16 00:00:00-05:00,17.3147808883347,17.44926420002806,17.24753864951674,17.342288970947266,16239400,0.0,0.0
2009-11-17 00:00:00-05:00,17.311726579430324,17.39730677649946,17.253654469410947,17.38202476501465,11344000,0.0,0.0
2009-11-18 00:00:00-05:00,17.400361692247042,17.421756738826335,17.204749171554894,17.293386459350586,15253200,0.0,0.0
2009-11-19 00:00:00-05:00,17.189471581239403,17.415648179209075,17.128342361321717,17.38508415222168,18154400,0.0,0.0
2009-11-20 00:00:00-05:00,17.327002708139986,17.632647497836217,17.327002708139986,17.568462371826172,20697600,0.0,0.0
2009-11-23 00:00:00-05:00,17.638762002250886,17.83437449739355,17.638762002250886,17.80075454711914,18542400,0.0,0.0
2009-11-24 00:00:00-05:00,17.858830059909433,17.858830059909433,17.68461257521152,17.78547477722168,15581400,0.0,0.0
2009-11-25 00:00:00-05:00,17.840491632277704,17.840491632277704,17.72434741531784,17.761024475097656,13380600,0.0,0.0
2009-11-27 00:00:00-05:00,17.53939810094288,17.708697076926008,17.36086499830378,17.600961685180664,15675400,0.205,0.0
2009-11-30 00:00:00-05:00,17.63481069936576,17.644044820253495,17.48398007091326,17.607107162475586,18884800,0.0,0.0
2009-12-01 00:00:00-05:00,17.727161946118173,17.933398549921385,17.662520727692755,17.877992630004883,15359800,0.0,0.0
2009-12-02 00:00:00-05:00,17.801035786330125,17.91492760751018,17.75486282341072,17.84105110168457,13599400,0.0,0.0
2009-12-03 00:00:00-05:00,17.88107557244582,17.88107557244582,17.594805892714977,17.628665924072266,20241800,0.0,0.0
2009-12-04 00:00:00-05:00,17.730233729092404,17.86259494638954,17.487059534403567,17.696374893188477,24927200,0.0,0.0
2009-12-07 00:00:00-05:00,17.53323567247579,17.88414645699919,17.453203862097258,17.8133487701416,16705400,0.0,0.0
2009-12-08 00:00:00-05:00,17.70869457849,17.773336978644817,17.567099176679513,17.754867553710938,18290800,0.0,0.0
2009-12-09 00:00:00-05:00,17.684069972496193,17.807195950206147,17.554786345539064,17.801040649414062,19494600,0.0,0.0
2009-12-10 00:00:00-05:00,17.847213482002644,18.13656077927959,17.82874405587652,18.031904220581055,30755400,0.0,0.0
2009-12-11 00:00:00-05:00,18.038050731793604,18.284304929898575,18.038050731793604,18.195037841796875,30435600,0.0,0.0
2009-12-14 00:00:00-05:00,18.195043319024304,18.299701032455765,18.136557400966275,18.17349624633789,16670200,0.0,0.0
2009-12-15 00:00:00-05:00,18.20735671532104,18.219668489853678,18.11501077384799,18.17965316772461,15299800,0.0,0.0
2009-12-16 00:00:00-05:00,18.14578862968972,18.222742778946905,17.970333263321507,17.98264503479004,19605000,0.0,0.0
2009-12-17 00:00:00-05:00,17.933397405206968,17.93647622925588,17.527079523572475,17.539392471313477,25472000,0.0,0.0
2009-12-18 00:00:00-05:00,17.625577487735953,17.625577487735953,17.33315266560566,17.520919799804688,37737800,0.0,0.0
2009-12-21 00:00:00-05:00,17.551711052635977,17.733322980312202,17.514773371784386,17.600961685180664,14616200,0.0,0.0
2009-12-22 00:00:00-05:00,17.59172824178602,17.72408954205846,17.573258813529023,17.628665924072266,12111800,0.0,0.0
2009-12-23 00:00:00-05:00,17.607115480783275,17.699460255968912,17.54247425557608,17.63481903076172,10937600,0.0,0.0
2009-12-24 00:00:00-05:00,17.69638771999764,17.702543022458418,17.56094758130328,17.68099594116211,5814200,0.0,0.0
2009-12-28 00:00:00-05:00,17.67176181324308,17.72409127798259,17.631745301880848,17.68099594116211,7679600,0.0,0.0
2009-12-29 00:00:00-05:00,17.68407308307458,17.844137939057266,17.68407308307458,17.773340225219727,9551000,0.0,0.0
2009-12-30 00:00:00-05:00,17.773336978644817,17.82258760424097,17.693303978158866,17.754867553710938,9625200,0.0,0.0
2009-12-31 00:00:00-05:00,17.724079763302846,17.77640801981876,17.523998510704956,17.54554557800293,10848800,0.0,0.0
2010-01-04 00:00:00-05:00,17.594800907293727,17.613270330317484,17.51476908931229,17.557863235473633,13870400,0.0,0.0
2010-01-05 00:00:00-05:00,17.499373004345582,17.54246831411528,17.28082350310704,17.3454647064209,23172400,0.0,0.0
2010-01-06 00:00:00-05:00,17.34546880713239,17.373172354277425,17.2315769685261,17.339313507080078,19264600,0.0,0.0
2010-01-07 00:00:00-05:00,17.339314193734968,17.35162596855456,17.16077995523518,17.296218872070312,13234600,0.0,0.0
2010-01-08 00:00:00-05:00,17.071519564086753,17.126926682407642,16.852969916392073,16.976097106933594,28712400,0.0,0.0
2010-01-11 00:00:00-05:00,16.976086560160415,17.376247919469293,16.86835004181333,17.32084083557129,28642400,0.0,0.0
2010-01-12 00:00:00-05:00,17.26543435876197,17.545547437550262,17.25620023586334,17.508609771728516,23269800,0.0,0.0
2010-01-13 00:00:00-05:00,17.502462208126254,17.6779176778803,17.450132745198513,17.554790496826172,15157400,0.0,0.0
2010-01-14 00:00:00-05:00,17.557860117166243,17.622501324927867,17.474749489661065,17.58556365966797,12392600,0.0,0.0
2010-01-15 00:00:00-05:00,17.530158608143104,17.653284564700975,17.25004550112272,17.32699966430664,27460800,0.0,0.0
2010-01-19 00:00:00-05:00,17.305455345014813,17.38856599537962,17.213109395124455,17.36701774597168,14615400,0.0,0.0
2010-01-20 00:00:00-05:00,17.286981170698773,17.357778851729964,17.01918104258476,17.08382225036621,18810200,0.0,0.0
2010-01-21 00:00:00-05:00,17.099220102620112,17.108455403527426,16.680589137804827,16.73599624633789,27396800,0.0,0.0
2010-01-22 00:00:00-05:00,16.72984083743062,16.88682804636215,16.61594896228367,16.695981979370117,23551400,0.0,0.0
2010-01-25 00:00:00-05:00,16.772932742577797,16.78832334295519,16.585164364981996,16.72983741760254,16853200,0.0,0.0
2010-01-26 00:00:00-05:00,16.643644580888118,16.77600582167622,16.58208102192643,16.665191650390625,15515000,0.0,0.0
2010-01-27 00:00:00-05:00,16.6221048521817,16.825263864517034,16.529760060070682,16.779090881347656,20414800,0.0,0.0
2010-01-28 00:00:00-05:00,16.84064793508556,16.880664426694953,16.662114896153458,16.677505493164062,20905200,0.0,0.0
2010-01-29 00:00:00-05:00,16.757539463893366,16.911447802308274,16.591319350818118,16.699054718017578,22146800,0.0,0.0
2010-02-01 00:00:00-05:00,16.77908812601548,16.79447990069625,16.622102122628554,16.739072799682617,14517600,0.0,0.0
2010-02-02 00:00:00-05:00,16.785240085650347,16.994555483343415,16.66827061428975,16.94530487060547,16888600,0.0,0.0
2010-02-03 00:00:00-05:00,16.9052888969538,16.917601844071026,16.785240598129008,16.8898983001709,15899400,0.0,0.0
2010-02-04 00:00:00-05:00,16.79139620387087,16.831412692820084,16.43740779925002,16.44664192199707,21342800,0.0,0.0
2010-02-05 00:00:00-05:00,16.38816823256633,16.44665300642618,16.16961739503109,16.341995239257812,29285000,0.0,0.0
2010-02-08 00:00:00-05:00,16.39739663364649,16.39739663364649,16.181924697188105,16.20655059814453,16721200,0.0,0.0
2010-02-09 00:00:00-05:00,16.52668183375096,16.92376574586643,16.42818056203317,16.62518310546875,31495000,0.0,0.0
2010-02-10 00:00:00-05:00,16.806785755358835,16.806785755358835,16.36660792695508,16.55745506286621,18717600,0.0,0.0
2010-02-11 00:00:00-05:00,16.498972165239024,16.72367935571392,16.397393280137116,16.6898193359375,26327200,0.0,0.0
2010-02-12 00:00:00-05:00,16.59747067508685,16.745223677890863,16.505125929004706,16.61594009399414,24640000,0.0,0.0
2010-02-16 00:00:00-05:00,16.779086220663167,16.874509811401367,16.600553162069577,16.874509811401367,19339400,0.0,0.0
2010-02-17 00:00:00-05:00,16.87143313623531,17.099216828385124,16.856041362412974,17.031497955322266,17064600,0.0,0.0
2010-02-18 00:00:00-05:00,16.97608381028486,17.213101528955267,16.97608381028486,17.210023880004883,17264600,0.0,0.0
2010-02-19 00:00:00-05:00,17.17616547280692,17.20694783631747,16.98531951594993,17.151540756225586,18944800,0.0,0.0
2010-02-22 00:00:00-05:00,17.176172717380876,17.19464214327725,17.013030231759515,17.046890258789062,13487600,0.0,0.0
2010-02-23 00:00:00-05:00,17.0561193993175,17.1146041362202,16.865273417747446,16.877586364746094,14835600,0.0,0.0
2010-02-24 00:00:00-05:00,16.929917316644012,16.985324412709403,16.834493723591955,16.979167938232422,14470600,0.0,0.0
2010-02-25 00:00:00-05:00,16.35737374273193,16.492813796636007,16.194231322413433,16.35121726989746,63648600,0.0,0.0
2010-02-26 00:00:00-05:00,16.341987852962514,16.341987852962514,16.07726531599676,16.22809600830078,63095400,0.0,0.0
2010-03-01 00:00:00-05:00,16.38200739273338,16.42817919951859,16.249646099672624,16.397397994995117,39449800,0.0,0.0
2010-03-02 00:00:00-05:00,16.43125546153767,16.52667788521292,16.360457762794663,16.40662956237793,24506200,0.0,0.0
2010-03-03 00:00:00-05:00,16.406623021750242,16.659032516375092,16.369685361963615,16.600547790527344,26574200,0.0,0.0
2010-03-04 00:00:00-05:00,16.837565165935718,16.942222837704993,16.720594550610784,16.766767501831055,28983200,0.0,0.0
2010-03-05 00:00:00-05:00,16.83449518050829,16.91452818140795,16.7329162784157,16.837574005126953,24238600,0.0,0.0
2010-03-08 00:00:00-05:00,16.84372583466164,16.889897623159598,16.720598716879312,16.76369285583496,18915600,0.0,0.0
2010-03-09 00:00:00-05:00,16.72675610813436,16.803710267414658,16.606707807533464,16.677505493164062,23070000,0.0,0.0
2010-03-10 00:00:00-05:00,16.70213066176822,16.73599068063661,16.63441179825875,16.68366241455078,21574800,0.0,0.0
2010-03-11 00:00:00-05:00,16.689870893639597,16.689870893639597,16.447809175172754,16.634010314941406,29130600,0.22,0.0
2010-03-12 00:00:00-05:00,16.661933623242398,16.686761062856224,16.528489094911777,16.556419372558594,22334400,0.0,0.0
2010-03-15 00:00:00-04:00,16.6743528600599,16.708490008905066,16.56263171250768,16.649526596069336,23874000,0.0,0.0
2010-03-16 00:00:00-04:00,16.696076002620096,16.717799427183646,16.624698867077306,16.665042877197266,22287800,0.0,0.0
2010-03-17 00:00:00-04:00,16.702283509612222,16.755041245474263,16.634009210439423,16.7084903717041,26074400,0.0,0.0
2010-03-18 00:00:00-04:00,16.72711153368938,16.770558385989997,16.677457819083255,16.74262809753418,23496200,0.0,0.0
2010-03-19 00:00:00-04:00,16.99089241027832,17.087096976134507,16.634005612143813,16.99089241027832,43610800,0.0,0.0
2010-03-22 00:00:00-04:00,16.910203656661928,17.02192358587356,16.882273378399645,16.92572021484375,18127400,0.0,0.0
2010-03-23 00:00:00-04:00,16.978478972996665,17.173990946437655,16.885378427875413,17.161577224731445,19081200,0.0,0.0
2010-03-24 00:00:00-04:00,17.136752368676042,17.18019921436846,16.947447240583855,16.950550079345703,17052600,0.0,0.0
2010-03-25 00:00:00-04:00,17.040547744225627,17.124338596607164,16.959860914434753,17.006410598754883,16638800,0.0,0.0
2010-03-26 00:00:00-04:00,17.003310515327353,17.059171092633715,16.91331278701844,16.959863662719727,16276800,0.0,0.0
2010-03-29 00:00:00-04:00,17.00641243853037,17.05606615081276,16.966068427351587,16.997102737426758,13853600,0.0,0.0
2010-03-30 00:00:00-04:00,17.037448092707287,17.083997785735573,16.947450362146103,17.02813720703125,13631600,0.0,0.0
2010-03-31 00:00:00-04:00,17.00331306398121,17.158481094459948,16.913315322182395,17.068483352661133,22922000,0.0,0.0
2010-04-01 00:00:00-04:00,17.18019780729076,17.201921228357794,17.108820683236544,17.161577224731445,14346000,0.0,0.0
2010-04-05 00:00:00-04:00,17.242263602740948,17.242263602740948,16.959857971716676,17.025028228759766,19191800,0.0,0.0
2010-04-06 00:00:00-04:00,17.018829122920785,17.018829122920785,16.826421102337616,16.84814453125,17604200,0.0,0.0
2010-04-07 00:00:00-04:00,16.85124115234364,16.85124115234364,16.621593221776294,16.702280044555664,24060800,0.0,0.0
2010-04-08 00:00:00-04:00,16.689873092569833,16.689873092569833,16.584358783775713,16.683666229248047,19466800,0.0,0.0
2010-04-09 00:00:00-04:00,16.73020987699474,16.947445263957842,16.711589295082145,16.941238403320312,20640600,0.0,0.0
2010-04-12 00:00:00-04:00,16.95986351433523,17.025033792676485,16.91641547826979,16.993999481201172,16930400,0.0,0.0
2010-04-13 00:00:00-04:00,16.96916608139105,17.093300907425544,16.959856383781567,17.07468032836914,15055000,0.0,0.0
2010-04-14 00:00:00-04:00,17.077791431103698,17.08710231705663,16.959864591521324,17.05296516418457,13865200,0.0,0.0
2010-04-15 00:00:00-04:00,16.993998948878232,16.9971029718475,16.79848811997868,16.838830947875977,20351000,0.0,0.0
2010-04-16 00:00:00-04:00,16.829518733855014,17.111924406160057,16.810898150333312,17.059167861938477,35075600,0.0,0.0
2010-04-19 00:00:00-04:00,17.062275159374305,17.167789459228516,17.04365457098661,17.167789459228516,26468600,0.0,0.0
2010-04-20 00:00:00-04:00,17.136751287716255,17.158474709192184,16.857448463257615,16.90399932861328,32508800,0.0,0.0
2010-04-21 00:00:00-04:00,16.93503425024031,16.938138272974154,16.75814283722111,16.817106246948242,19263200,0.0,0.0
2010-04-22 00:00:00-04:00,16.801587596278242,16.916411562563322,16.758140754107544,16.854345321655273,20295600,0.0,0.0
2010-04-23 00:00:00-04:00,16.900897654391915,16.900897654391915,16.677456547618153,16.720903396606445,21675400,0.0,0.0
2010-04-26 00:00:00-04:00,16.758145422395188,16.86676255807922,16.674354553222656,16.674354553222656,17890800,0.0,0.0
2010-04-27 00:00:00-04:00,16.652632655880126,16.71470010361768,16.398157185610437,16.407466888427734,27600400,0.0,0.0
2010-04-28 00:00:00-04:00,16.450908150927635,16.624696708711113,16.311257920817688,16.559526443481445,24754600,0.0,0.0
2010-04-29 00:00:00-04:00,16.640218538726188,16.8171099911287,16.621599133528917,16.677459716796875,17437600,0.0,0.0
2010-04-30 00:00:00-04:00,16.64021994320207,16.745734255631874,16.571946811986198,16.58746337890625,19349600,0.0,0.0
2010-05-03 00:00:00-04:00,16.668149662862643,16.74263083888596,16.531602221297717,16.683666229248047,16123400,0.0,0.0
2010-05-04 00:00:00-04:00,16.568836189484248,16.696073881695234,16.46332191907726,16.503665924072266,23282800,0.0,0.0
2010-05-05 00:00:00-04:00,16.58125081458362,16.72710909792868,16.50987368422095,16.65262794494629,23670400,0.0,0.0
2010-05-06 00:00:00-04:00,16.655731713965796,16.820210590702185,15.892305476487627,16.230571746826172,47912000,0.0,0.0
2010-05-07 00:00:00-04:00,16.196431128644807,16.398149948810172,15.994713492317018,16.34539222717285,43535600,0.0,0.0
2010-05-10 00:00:00-04:00,16.711590906392793,16.786072057386924,16.525389804664066,16.77055549621582,35311400,0.0,0.0
2010-05-11 00:00:00-04:00,16.640212594948267,16.77986400323557,16.60297261401754,16.637109756469727,23165200,0.0,0.0
2010-05-12 00:00:00-04:00,16.696070893424476,16.789171425040948,16.57814292199695,16.764345169067383,24005400,0.0,0.0
2010-05-13 00:00:00-04:00,16.74262301257051,16.75813957170272,16.587455053573265,16.599868774414062,19319800,0.0,0.0
2010-05-14 00:00:00-04:00,16.55952679220729,16.649524503517437,16.40435881429506,16.553319931030273,25868200,0.0,0.0
2010-05-17 00:00:00-04:00,16.59676996568304,16.618493392059438,16.40125794445751,16.57504653930664,17393400,0.0,0.0
2010-05-18 00:00:00-04:00,16.665040241520458,16.671247102390943,16.472632289886125,16.478837966918945,20435600,0.0,0.0
2010-05-19 00:00:00-04:00,16.44780830485177,16.556425433329775,16.28022657762463,16.485048294067383,21119200,0.0,0.0
2010-05-20 00:00:00-04:00,16.292635014301784,16.292635014301784,15.991608807590485,15.994712829589844,29290400,0.0,0.0
2010-05-21 00:00:00-04:00,15.777484704454832,16.050580757767595,15.609902954660312,16.010236740112305,34233400,0.0,0.0
2010-05-24 00:00:00-04:00,15.892311338140756,16.097133116030204,15.833347905540462,15.969895362854004,16832600,0.0,0.0
2010-05-25 00:00:00-04:00,15.631619741173537,15.74334086023125,15.498175202725442,15.709203720092773,28693800,0.0,0.0
2010-05-26 00:00:00-04:00,15.774376018609411,15.789892578468253,15.49817604423642,15.541624069213867,32607800,0.0,0.0
2010-05-27 00:00:00-04:00,15.70610297108267,15.90471779412206,15.597484675844566,15.898510932922363,22663600,0.0,0.0
2010-05-28 00:00:00-04:00,15.882993908737708,16.121952730688886,15.827133343406905,15.951268196105957,23577000,0.0,0.0
2010-06-01 00:00:00-04:00,15.864373695978465,16.171606812469143,15.743342862882589,15.917131423950195,24274800,0.0,0.0
2010-06-02 00:00:00-04:00,15.994719363801567,16.264711380004883,15.879894179667113,16.264711380004883,18742200,0.0,0.0
2010-06-03 00:00:00-04:00,16.34539655078273,16.44780799901881,16.27712343579657,16.370223999023438,23564400,0.0,0.0
2010-06-04 00:00:00-04:00,16.180915897068214,16.180915897068214,15.833339971986183,15.910923957824707,23942800,0.0,0.0
2010-06-07 00:00:00-04:00,15.898510701103977,15.982301550321527,15.75575644710565,15.765066146850586,20177800,0.0,0.0
2010-06-08 00:00:00-04:00,15.761966194889299,16.081611905608145,15.678175330326141,16.000925064086914,22429800,0.0,0.0
2010-06-09 00:00:00-04:00,16.000922412165785,16.090918940221325,15.879890394186353,15.935750961303711,17645800,0.0,0.0
2010-06-10 00:00:00-04:00,16.09402610666329,16.29264096906255,16.09402610666329,16.277124404907227,18790000,0.0,0.0
2010-06-11 00:00:00-04:00,16.18323042259246,16.189489792584286,16.001713468240446,16.164453506469727,14946000,0.22,0.0
2010-06-14 00:00:00-04:00,16.255211363678434,16.264601015579245,16.104990065645744,16.120637893676758,13656400,0.0,0.0
2010-06-15 00:00:00-04:00,16.220799539747865,16.336594992034104,16.136299768451302,16.33033561706543,16368600,0.0,0.0
2010-06-16 00:00:00-04:00,16.220791538492563,16.41169700852726,16.202013422849245,16.399179458618164,16784800,0.0,0.0
2010-06-17 00:00:00-04:00,16.43047976593088,16.493072308571783,16.286517753554218,16.38666534423828,20740200,0.0,0.0
2010-06-18 00:00:00-04:00,16.396048025924344,16.502454952734773,16.355362708476907,16.37101173400879,28405800,0.0,0.0
2010-06-21 00:00:00-04:00,16.530620328517756,16.58069410257061,16.358491804826887,16.424213409423828,18346400,0.0,0.0
2010-06-22 00:00:00-04:00,16.417953491210938,16.611990403819647,16.408565031968,16.417953491210938,20805000,0.0,0.0
2010-06-23 00:00:00-04:00,16.44924956025295,16.47741613049074,16.27711985665933,16.349102020263672,20718000,0.0,0.0
2010-06-24 00:00:00-04:00,16.308429047537512,16.42422450441012,16.170725180479955,16.211410522460938,17401400,0.0,0.0
2010-06-25 00:00:00-04:00,16.208280342617478,16.252094772335646,15.729448318481445,15.729448318481445,57969600,0.0,0.0
2010-06-28 00:00:00-04:00,15.87652773180799,16.079953068777332,15.838972707423066,15.986064910888672,23525400,0.0,0.0
2010-06-29 00:00:00-04:00,15.829585973529646,15.945381341073269,15.679363471926294,15.75134563446045,23502600,0.0,0.0
2010-06-30 00:00:00-04:00,15.766991874586115,15.829584378304283,15.651195324859051,15.68562126159668,21933800,0.0,0.0
2010-07-01 00:00:00-04:00,15.741963778713332,15.741963778713332,15.482206345153061,15.657464027404785,26030800,0.0,0.0
2010-07-02 00:00:00-04:00,15.71692324062159,15.79203331451828,15.601126653096784,15.663719177246094,16270200,0.0,0.0
2010-07-06 00:00:00-04:00,15.83271326705298,15.860879833679135,15.654325409704894,15.782639503479004,18338200,0.0,0.0
2010-07-07 00:00:00-04:00,15.817071452157467,16.14568072513821,15.741960181318913,16.108125686645508,23480000,0.0,0.0
2010-07-08 00:00:00-04:00,16.173848561930043,16.411698749376114,16.136293520512925,16.405439376831055,21562600,0.0,0.0
2010-07-09 00:00:00-04:00,16.386660714855953,16.42734603515658,16.295901613359597,16.399179458618164,12948000,0.0,0.0
2010-07-12 00:00:00-04:00,16.3240720386045,16.421090534855892,16.258350409137456,16.414831161499023,10770600,0.0,0.0
2010-07-13 00:00:00-04:00,16.505584169621965,16.571305774741333,16.4617685723561,16.499324798583984,13706400,0.0,0.0
2010-07-14 00:00:00-04:00,16.449260628397123,16.56192579130396,16.40544500554854,16.530630111694336,12392600,0.0,0.0
2010-07-15 00:00:00-04:00,16.499326327532973,16.57130731036061,16.374141282878696,16.540010452270508,14970600,0.0,0.0
2010-07-16 00:00:00-04:00,16.51497462951471,16.611993101574676,16.339715800783093,16.389789581298828,19563800,0.0,0.0
2010-07-19 00:00:00-04:00,16.442991615623754,16.452380075232853,16.289640010175077,16.358491897583008,11367400,0.0,0.0
2010-07-20 00:00:00-04:00,16.264608107353645,16.69962436309863,16.24895907864651,16.66206932067871,19539000,0.0,0.0
2010-07-21 00:00:00-04:00,16.743439045400258,17.147159637879557,16.6745871383207,16.924957275390625,36364000,0.0,0.0
2010-07-22 00:00:00-04:00,16.90304284639385,17.112727582343272,16.890525299086452,16.98128318786621,20692000,0.0,0.0
2010-07-23 00:00:00-04:00,16.96250362496756,17.159669589012072,16.88739238357114,17.134632110595703,16177400,0.0,0.0
2010-07-26 00:00:00-04:00,17.159672770494904,17.20661626045011,17.118987457451404,17.1940975189209,13305800,0.0,0.0
2010-07-27 00:00:00-04:00,17.184706950923115,17.291113853158198,17.156540382865217,17.2285213470459,17905400,0.0,0.0
2010-07-28 00:00:00-04:00,17.228518702959636,17.275463373802385,17.14088992416259,17.175315856933594,12954800,0.0,0.0
2010-07-29 00:00:00-04:00,17.237910066289775,17.30989102657584,17.10646569118062,17.20974349975586,18292600,0.0,0.0
2010-07-30 00:00:00-04:00,17.122117971027357,17.303636156750535,17.034489160735063,17.247303009033203,16672600,0.0,0.0
2010-08-02 00:00:00-04:00,17.469508423925973,17.679193220795945,17.416305549316903,17.654155731201172,32091200,0.0,0.0
2010-08-03 00:00:00-04:00,17.610336098123067,17.691705527479733,17.544614498198122,17.64476203918457,15427400,0.0,0.0
2010-08-04 00:00:00-04:00,17.688584788023025,17.744917955648372,17.591566289589725,17.697973251342773,11974400,0.0,0.0
2010-08-05 00:00:00-04:00,17.654150821393916,17.657279909796426,17.46324419481319,17.641632080078125,15099800,0.0,0.0
2010-08-06 00:00:00-04:00,17.557131813202385,17.773075915603552,17.416300156326823,17.760557174682617,18090600,0.0,0.0
2010-08-09 00:00:00-04:00,17.641636081658444,17.963987177466795,17.638506992546176,17.873228073120117,18731000,0.0,0.0
2010-08-10 00:00:00-04:00,17.726141171703375,17.963992607133996,17.688586121739306,17.832548141479492,15376000,0.0,0.0
2010-08-11 00:00:00-04:00,17.60095121264199,17.76056101541467,17.51958057291231,17.538358688354492,24302000,0.0,0.0
2010-08-12 00:00:00-04:00,17.37873637158651,17.48514323540814,17.32240325580727,17.428810119628906,18782800,0.0,0.0
2010-08-13 00:00:00-04:00,17.413174821997476,17.51958176235449,17.328675087550444,17.441341400146484,14906800,0.0,0.0
2010-08-16 00:00:00-04:00,17.372486581157883,17.50393098839109,17.250431827632532,17.488283157348633,13958400,0.0,0.0
2010-08-17 00:00:00-04:00,17.532098882067146,17.657282733686788,17.369358800493842,17.56339454650879,18060600,0.0,0.0
2010-08-18 00:00:00-04:00,17.560255369601123,17.56338445670646,17.403774749581654,17.47575569152832,16616800,0.0,0.0
2010-08-19 00:00:00-04:00,17.441335621181484,17.441335621181484,17.203485524173153,17.30050277709961,18781400,0.0,0.0
2010-08-20 00:00:00-04:00,17.187840834600042,17.35058091835727,17.187840834600042,17.306766510009766,19263200,0.0,0.0
2010-08-23 00:00:00-04:00,17.37248916884684,17.485155479299326,17.34119350210033,17.40065574645996,15240000,0.0,0.0
2010-08-24 00:00:00-04:00,17.259821895771086,17.507060497425602,17.259821895771086,17.419431686401367,24366400,0.0,0.0
2010-08-25 00:00:00-04:00,17.34432460431077,17.435083719804066,17.231659474634917,17.334936141967773,15853800,0.0,0.0
2010-08-26 00:00:00-04:00,17.347446785701617,17.37561335342898,17.20348485902965,17.26294708251953,14817400,0.0,0.0
2010-08-27 00:00:00-04:00,17.350581764610684,17.588433127031042,17.222267622254723,17.57591438293457,19665600,0.0,0.0
2010-08-30 00:00:00-04:00,17.58842748404611,17.600946224126133,17.372483396150447,17.38500213623047,10220000,0.0,0.0
2010-08-31 00:00:00-04:00,17.275469312382853,17.53835693299629,17.21287679436004,17.488283157348633,18567800,0.0,0.0
2010-09-01 00:00:00-04:00,17.64476352984619,17.93894680711541,17.610337585876323,17.93581771850586,24166000,0.0,0.0
2010-09-02 00:00:00-04:00,17.970243073614927,17.970243073614927,17.794985453108712,17.957725524902344,14701200,0.0,0.0
2010-09-03 00:00:00-04:00,17.95146464570663,18.026574707084947,17.86696493126635,18.014057159423828,14865400,0.0,0.0
2010-09-07 00:00:00-04:00,18.00154092613514,18.09230002397825,17.963985890213287,18.035966873168945,14392200,0.0,0.0
2010-09-08 00:00:00-04:00,18.067263473484772,18.217484818807854,18.05787501248118,18.098560333251953,18378800,0.0,0.0
2010-09-09 00:00:00-04:00,18.223741265815722,18.305111894297124,18.092298057449835,18.24251937866211,18106600,0.0,0.0
2010-09-10 00:00:00-04:00,18.239389549317494,18.3520558414885,18.151760741563585,18.31450080871582,18445600,0.0,0.0
2010-09-13 00:00:00-04:00,18.44063060925195,18.446937398864176,18.210438201442837,18.298730850219727,18019600,0.22,0.0
2010-09-14 00:00:00-04:00,18.241974277454982,18.327114148420222,18.14737482179272,18.159988403320312,20985200,0.0,0.0
2010-09-15 00:00:00-04:00,18.09061408790024,18.163140374050798,18.043314963661505,18.106380462646484,17402400,0.0,0.0
2010-09-16 00:00:00-04:00,18.100078168058115,18.188370845018227,18.052777832316625,18.134763717651367,16574000,0.0,0.0
2010-09-17 00:00:00-04:00,18.178915551061984,18.282974630205054,18.103235236587015,18.150535583496094,19971200,0.0,0.0
2010-09-20 00:00:00-04:00,18.169444844206943,18.289271442191115,18.147371681801587,18.27981185913086,14062200,0.0,0.0
2010-09-21 00:00:00-04:00,18.22936559777424,18.35234503537887,18.178912464323687,18.323965072631836,14754000,0.0,0.0
2010-09-22 00:00:00-04:00,18.336575186957866,18.453247810441457,18.32080760838392,18.361801147460938,15176000,0.0,0.0
2010-09-23 00:00:00-04:00,18.295576072348407,18.38071591853266,18.200976644220457,18.248275756835938,12696000,0.0,0.0
2010-09-24 00:00:00-04:00,18.39017800952697,18.541537355761687,18.36179805692689,18.484777450561523,13812000,0.0,0.0
2010-09-27 00:00:00-04:00,18.525773992981737,18.560460741006644,18.46270728774531,18.478473663330078,10544400,0.0,0.0
2010-09-28 00:00:00-04:00,18.47531996825898,18.677132452854494,18.402793681788545,18.636138916015625,19884000,0.0,0.0
2010-09-29 00:00:00-04:00,18.604607136483395,18.604607136483395,18.4217138109713,18.528926849365234,15742000,0.0,0.0
2010-09-30 00:00:00-04:00,18.560463941530063,18.655063414248545,18.368110998693865,18.453250885009766,15849600,0.0,0.0
2010-10-01 00:00:00-04:00,18.617216748185147,18.6802834401856,18.4532438301428,18.64244270324707,16454400,0.0,0.0
2010-10-04 00:00:00-04:00,18.582525477929842,18.617212210220018,18.462698912626536,18.56675910949707,11523800,0.0,0.0
2010-10-05 00:00:00-04:00,18.651906122582094,18.831645438279498,18.607758589920167,18.812725067138672,20063000,0.0,0.0
2010-10-06 00:00:00-04:00,18.80326854333135,18.860028463094483,18.71812866368665,18.856874465942383,14123400,0.0,0.0
2010-10-07 00:00:00-04:00,18.81588300958499,18.81903700708681,18.667677605234616,18.743356704711914,14960800,0.0,0.0
2010-10-08 00:00:00-04:00,18.755977063783106,18.825350599110426,18.62353799041063,18.733903884887695,16189400,0.0,0.0
2010-10-11 00:00:00-04:00,18.78119468688965,18.800113857519364,18.708668392715097,18.78119468688965,12997000,0.0,0.0
2010-10-12 00:00:00-04:00,18.71182589796456,18.85687852283382,18.71182589796456,18.793811798095703,16164400,0.0,0.0
2010-10-13 00:00:00-04:00,18.83164775313285,18.91048083823083,18.81272737966626,18.901020050048828,24011000,0.0,0.0
2010-10-14 00:00:00-04:00,18.90101536907466,18.913628948261874,18.81902951015202,18.891555786132812,14491600,0.0,0.0
2010-10-15 00:00:00-04:00,18.907326841204355,18.913633632359883,18.837954544288376,18.901020050048828,19697600,0.0,0.0
2010-10-18 00:00:00-04:00,18.8600263338838,18.919939041137695,18.856872337087772,18.919939041137695,19661800,0.0,0.0
2010-10-19 00:00:00-04:00,18.90732639182449,19.068146555224633,18.866334054633967,19.02715301513672,35052800,0.0,0.0
2010-10-20 00:00:00-04:00,19.036615531792417,19.449701384545182,19.036615531792417,19.282575607299805,32398000,0.0,0.0
2010-10-21 00:00:00-04:00,19.23842059660147,19.471766997588183,19.23842059660147,19.383474349975586,23266400,0.0,0.0
2010-10-22 00:00:00-04:00,19.38978611214648,19.46861919713132,19.37086573870705,19.42762565612793,9534600,0.0,0.0
2010-10-25 00:00:00-04:00,19.32671625255669,19.47176881658409,19.232116806577828,19.238422393798828,21228200,0.0,0.0
2010-10-26 00:00:00-04:00,19.16905523920868,19.3519473900023,19.162748447402347,19.310955047607422,15502200,0.0,0.0
2010-10-27 00:00:00-04:00,19.2415772676594,19.29833717841423,19.014537624640102,19.295183181762695,19029400,0.0,0.0
2010-10-28 00:00:00-04:00,19.323563949591087,19.411857816087135,19.19743174486396,19.301490783691406,16533600,0.0,0.0
2010-10-29 00:00:00-04:00,19.28257000669192,19.39293582698743,19.24472926582155,19.3361759185791,14239600,0.0,0.0
2010-11-01 00:00:00-04:00,19.351946799433417,19.534840147543168,19.30149366941995,19.45915985107422,17996800,0.0,0.0
2010-11-02 00:00:00-04:00,19.487539814974728,19.53168615338131,19.481233023359856,19.506460189819336,13196000,0.0,0.0
2010-11-03 00:00:00-04:00,19.496994373381348,19.534833908081055,19.3235606666387,19.534833908081055,15687400,0.0,0.0
2010-11-04 00:00:00-04:00,19.53167904039812,19.755565851050378,19.512759875340933,19.6924991607666,27487000,0.0,0.0
2010-11-05 00:00:00-04:00,19.683041390007983,19.755568876825773,19.550602402734974,19.733495712280273,16013800,0.0,0.0
2010-11-08 00:00:00-05:00,19.708263678157298,19.730336837245076,19.645196993807804,19.695650100708008,11142200,0.0,0.0
2010-11-09 00:00:00-05:00,19.705123192133456,19.774495505637315,19.66097564348847,19.752422332763672,16637600,0.0,0.0
2010-11-10 00:00:00-05:00,19.727187352052532,19.752413308283874,19.645200287782068,19.72403335571289,18013800,0.0,0.0
2010-11-11 00:00:00-05:00,19.70511944365577,19.802871704101562,19.664125900589564,19.802871704101562,16253600,0.0,0.0
2010-11-12 00:00:00-05:00,19.777644182406263,19.853323268212858,19.673583935800465,19.840709686279297,20022800,0.0,0.0
2010-11-15 00:00:00-05:00,19.83124219525831,19.969989135419173,19.809169037123063,19.853315353393555,22949400,0.0,0.0
2010-11-16 00:00:00-05:00,19.837555652423006,19.8596288179785,19.493843385048056,19.575830459594727,23609000,0.0,0.0
2010-11-17 00:00:00-05:00,19.594755790469808,19.77764916589902,19.58214220535793,19.714582443237305,16749200,0.0,0.0
2010-11-18 00:00:00-05:00,19.828094886568493,20.165500343266746,19.818634099824635,20.130813598632812,41436000,0.0,0.0
2010-11-19 00:00:00-05:00,20.05513351897941,20.285327153316736,20.039367144778875,20.28217315673828,40774800,0.0,0.0
2010-11-22 00:00:00-05:00,20.200189415992096,20.279022502886594,20.048831236399796,20.266408920288086,33680600,0.0,0.0
2010-11-23 00:00:00-05:00,20.159198704892603,20.181271874773834,19.954232181255417,20.061445236206055,17662200,0.0,0.0
2010-11-24 00:00:00-05:00,20.130813076349018,20.379924666725845,20.124506286315818,20.373619079589844,16093000,0.0,0.0
2010-11-26 00:00:00-05:00,20.21910400821585,20.29793706787793,20.181263273492192,20.21595001220703,9016800,0.0,0.0
2010-11-29 00:00:00-05:00,20.177854094934602,20.209605969319515,19.96194619395785,20.127052307128906,22397800,0.22,0.0
2010-11-30 00:00:00-05:00,19.987343975220178,20.187376507397502,19.977817809071777,20.05719566345215,23550600,0.0,0.0
2010-12-01 00:00:00-05:00,20.301685333008486,20.574746634186603,20.266760084635397,20.542993545532227,20951600,0.0,0.0
2010-12-02 00:00:00-05:00,20.52711513600114,20.625542907492928,20.48266372807452,20.60649299621582,22773600,0.0,0.0
2010-12-03 00:00:00-05:00,20.574742776062884,20.619194184938923,20.473139209714773,20.479488372802734,20677800,0.0,0.0
2010-12-06 00:00:00-05:00,20.43821297912957,20.476312802912226,20.31755828857422,20.31755828857422,22221600,0.0,0.0
2010-12-07 00:00:00-05:00,20.444558819109783,20.50171096791405,20.358831807113248,20.36518096923828,19714600,0.0,0.0
2010-12-08 00:00:00-05:00,20.342961238577814,20.460441362937697,20.342961238577814,20.444564819335938,18226600,0.0,0.0
2010-12-09 00:00:00-05:00,20.514415661034295,20.609670068172505,20.498539119037858,20.58426856994629,19622400,0.0,0.0
2010-12-10 00:00:00-05:00,20.596973513346533,20.606498471515938,20.409640453805665,20.52712059020996,17909400,0.0,0.0
2010-12-13 00:00:00-05:00,20.4445612557161,20.628718470746783,20.41598638911825,20.59061622619629,18748400,0.0,0.0
2010-12-14 00:00:00-05:00,20.58426427020364,20.600138386464014,20.225476055569438,20.288978576660156,27936800,0.0,0.0
2010-12-15 00:00:00-05:00,20.288982307928237,20.622367879744015,20.241355105548802,20.55569076538086,26126600,0.0,0.0
2010-12-16 00:00:00-05:00,20.590618709399248,20.774775946639068,20.539818132958796,20.746198654174805,28817200,0.0,0.0
2010-12-17 00:00:00-05:00,20.644596237950978,20.876380694031074,20.59061986544618,20.860504150390625,29294200,0.0,0.0
2010-12-20 00:00:00-05:00,20.7843024718724,20.873205304167758,20.69857543285059,20.736675262451172,18271400,0.0,0.0
2010-12-21 00:00:00-05:00,20.74937944807565,20.828757336111458,20.68905390041465,20.79383087158203,18720200,0.0,0.0
2010-12-22 00:00:00-05:00,20.768425139313045,20.82557487487793,20.647769237777965,20.82557487487793,15419800,0.0,0.0
2010-12-23 00:00:00-05:00,20.803344901689847,20.91764919420624,20.78747078587456,20.822397232055664,13063600,0.0,0.0
2010-12-27 00:00:00-05:00,20.812875610405808,20.812875610405808,20.657293262536403,20.66046905517578,9923800,0.0,0.0
2010-12-28 00:00:00-05:00,20.676349950018917,20.774777740786664,20.657297612590575,20.752552032470703,9861600,0.0,0.0
2010-12-29 00:00:00-05:00,20.76207420253998,20.847803653406505,20.749373453433083,20.781124114990234,8747200,0.0,0.0
2010-12-30 00:00:00-05:00,20.7747770847443,20.82875345717562,20.7525513771302,20.7970027923584,9285800,0.0,0.0
2010-12-31 00:00:00-05:00,20.752548236535386,20.892254047493264,20.752548236535386,20.882726669311523,10773400,0.0,0.0
2011-01-03 00:00:00-05:00,20.917649904976056,20.917649904976056,20.673167195820596,20.708093643188477,18945600,0.0,0.0
2011-01-04 00:00:00-05:00,20.644594553223673,20.698573343743917,20.26040717940757,20.279457092285156,27940400,0.0,0.0
2011-01-05 00:00:00-05:00,20.25405522305058,20.304857005440518,19.958769484405934,20.158802032470703,34379000,0.0,0.0
2011-01-06 00:00:00-05:00,20.200076694386,20.21277744218644,19.949243586982213,20.012744903564453,21712400,0.0,0.0
2011-01-07 00:00:00-05:00,19.93337184066403,20.003224759156303,19.86352013338202,19.97782325744629,16592800,0.0,0.0
2011-01-10 00:00:00-05:00,19.90796400334464,20.066719695219465,19.863512603413263,20.022268295288086,14904600,0.0,0.0
2011-01-11 00:00:00-05:00,20.11117764412055,20.136577933262725,19.898444317905067,19.904794692993164,15504000,0.0,0.0
2011-01-12 00:00:00-05:00,20.069902737697433,20.117529949823673,19.907972396646773,20.015926361083984,14223200,0.0,0.0
2011-01-13 00:00:00-05:00,20.08260273960239,20.27628495191236,20.044501698049533,20.130229949951172,17947600,0.0,0.0
2011-01-14 00:00:00-05:00,20.120698599737292,20.120698599737292,19.99686933817091,20.044496536254883,12631400,0.0,0.0
2011-01-18 00:00:00-05:00,20.069899961104824,20.23818186578217,20.057199211466884,20.155628204345703,16344000,0.0,0.0
2011-01-19 00:00:00-05:00,20.219129354627192,20.295331424808335,20.06354821025808,20.13657569885254,18326800,0.0,0.0
2011-01-20 00:00:00-05:00,20.20007378104101,20.282627418627627,19.923839217876132,19.98099136352539,20580000,0.0,0.0
2011-01-21 00:00:00-05:00,20.060376427080286,20.0667268023496,19.914321429516797,19.93019676208496,16708200,0.0,0.0
2011-01-24 00:00:00-05:00,19.96194494718602,20.08895001437293,19.90161820643778,20.082599639892578,15062800,0.0,0.0
2011-01-25 00:00:00-05:00,20.073072216835126,20.10164829287973,19.857164355878087,19.99051856994629,18195800,0.0,0.0
2011-01-26 00:00:00-05:00,20.057195676980392,20.095297919179824,19.9587679126567,19.99051856994629,13657000,0.0,0.0
2011-01-27 00:00:00-05:00,20.06355037843869,20.06990075350839,19.888919303257705,19.907970428466797,13520400,0.0,0.0
2011-01-28 00:00:00-05:00,19.955600925758084,20.092130992526112,19.73016801038222,19.75239372253418,23842400,0.0,0.0
2011-01-31 00:00:00-05:00,19.78731432824317,19.955595016479492,19.650784301904604,19.955595016479492,15717800,0.0,0.0
2011-02-01 00:00:00-05:00,19.96512381462883,20.104828441080656,19.95559764583624,20.019100189208984,16028000,0.0,0.0
2011-02-02 00:00:00-05:00,20.05085128303385,20.155629445976054,19.863519453569698,19.958772659301758,15595200,0.0,0.0
2011-02-03 00:00:00-05:00,19.90796650622246,19.9968693172623,19.726985091628524,19.866689682006836,12997400,0.0,0.0
2011-02-04 00:00:00-05:00,19.892093841636477,19.958770958847115,19.80001522574933,19.86351776123047,9374600,0.0,0.0
2011-02-07 00:00:00-05:00,19.898446543053034,19.898446543053034,19.7873179946099,19.850820541381836,12012800,0.0,0.0
2011-02-08 00:00:00-05:00,19.82223997770981,19.977819910382014,19.793663898678783,19.961944580078125,13056800,0.0,0.0
2011-02-09 00:00:00-05:00,20.352486779622332,20.55886974026352,19.961947777778,20.050851821899414,29979600,0.0,0.0
2011-02-10 00:00:00-05:00,20.054024106497703,20.174678802490234,19.94607015981178,20.174678802490234,18352400,0.0,0.0
2011-02-11 00:00:00-05:00,20.07625015304368,20.212780182382485,20.041323697462573,20.1842041015625,19098000,0.0,0.0
2011-02-14 00:00:00-05:00,20.215952948549393,20.241354445312563,20.003220863603005,20.047672271728516,12122600,0.0,0.0
2011-02-15 00:00:00-05:00,19.974653814703853,20.07308284234,19.860349450019445,20.063556671142578,16289200,0.0,0.0
2011-02-16 00:00:00-05:00,20.028626365003362,20.15880603391838,19.965123821608415,20.130229949951172,12992800,0.0,0.0
2011-02-17 00:00:00-05:00,20.123877987886033,20.549343420514326,20.088951531211965,20.4953670501709,18450600,0.0,0.0
2011-02-18 00:00:00-05:00,20.511241170755248,20.527117713759953,20.35883701655964,20.4953670501709,24652400,0.0,0.0
2011-02-22 00:00:00-05:00,20.117522078794927,20.406456187118874,20.107997124580468,20.244525909423828,17950200,0.0,0.0
2011-02-23 00:00:00-05:00,20.25088319980155,20.428688865657676,20.225482909483638,20.292160034179688,18192200,0.0,0.0
2011-02-24 00:00:00-05:00,20.384227521362263,20.438206291425196,20.228647639510992,20.282625198364258,17057000,0.0,0.0
2011-02-25 00:00:00-05:00,20.24770936082611,20.447741953465904,20.22865823398079,20.419164657592773,11435400,0.0,0.0
2011-02-28 00:00:00-05:00,20.374711734815975,20.473141943975858,20.276283948076514,20.295333862304688,19370000,0.0,0.0
2011-03-01 00:00:00-05:00,20.40962930764617,20.717615706502347,20.38422781811962,20.609663009643555,31084000,0.0,0.0
2011-03-02 00:00:00-05:00,20.508066433756284,20.581095143950126,20.362011435789082,20.457265853881836,20776000,0.0,0.0
2011-03-03 00:00:00-05:00,20.571559233610166,20.917645418399236,20.568383442052518,20.819217681884766,29005800,0.0,0.0
2011-03-04 00:00:00-05:00,20.76207579391229,20.81287879423384,20.565217801296868,20.704923629760742,23050800,0.0,0.0
2011-03-07 00:00:00-05:00,20.73984429831754,20.873198503311425,20.473135888329764,20.708093643188477,23630000,0.0,0.0
2011-03-08 00:00:00-05:00,20.765255275346465,20.90495870620397,20.708103101043587,20.84145736694336,20717600,0.0,0.0
2011-03-09 00:00:00-05:00,20.8065266960646,20.85415390208915,20.720799663156676,20.83510398864746,14819200,0.0,0.0
2011-03-10 00:00:00-05:00,20.717619229883386,20.80969782826213,20.6287164238404,20.73031997680664,17761800,0.0,0.0
2011-03-11 00:00:00-05:00,20.762310601890928,20.82307600261272,20.618395372796286,20.727130889892578,12006400,0.235,0.0
2011-03-14 00:00:00-04:00,20.576813534447556,20.663164605074847,20.317765202535764,20.448888778686523,17802600,0.0,0.0
2011-03-15 00:00:00-04:00,20.132267717527345,20.2346079788085,19.940378812631067,20.157852172851562,25421200,0.0,0.0
2011-03-16 00:00:00-04:00,20.049114533985403,20.106681080702216,19.60137621728939,19.700517654418945,31957200,0.0,0.0
2011-03-17 00:00:00-04:00,19.965958432811032,20.08109149683362,19.79965525366638,19.917985916137695,20128800,0.0,0.0
2011-03-18 00:00:00-04:00,20.13867033111283,20.244208224276445,19.972367050377187,20.05232048034668,23653000,0.0,0.0
2011-03-21 00:00:00-04:00,20.189841174448887,20.42330505161989,20.16425549037902,20.33055877685547,12545600,0.0,0.0
2011-03-22 00:00:00-04:00,20.365735996928862,20.39451927799834,20.228216011818294,20.31136703491211,8418800,0.0,0.0
2011-03-23 00:00:00-04:00,20.241008243655703,20.63757652647456,20.22821540356674,20.554424285888672,12962600,0.0,0.0
2011-03-24 00:00:00-04:00,20.653569610680332,20.8102776426021,20.64717197020234,20.688749313354492,13312800,0.0,0.0
2011-03-25 00:00:00-04:00,20.746309667253104,20.912611670123855,20.730318010830214,20.858243942260742,12419400,0.0,0.0
2011-03-28 00:00:00-04:00,20.851849272468925,20.94459552496115,20.797481536865234,20.797481536865234,11600200,0.0,0.0
2011-03-29 00:00:00-04:00,20.851855351318523,21.02135868700239,20.813479263226917,21.018159866333008,11569600,0.0,0.0
2011-03-30 00:00:00-04:00,21.01815266867401,21.264408096211007,20.982972973313807,21.120492935180664,18826200,0.0,0.0
2011-03-31 00:00:00-04:00,21.09491376667932,21.379547796964662,21.09491376667932,21.216442108154297,17723000,0.0,0.0
2011-04-01 00:00:00-04:00,21.392338015275794,21.58102936545797,21.29959175026894,21.49787712097168,18720200,0.0,0.0
2011-04-04 00:00:00-04:00,21.49787488077521,21.68016857162443,21.478686841733595,21.638593673706055,13485600,0.0,0.0
2011-04-05 00:00:00-04:00,21.587417656365833,21.6737662533983,21.52665229253819,21.577823638916016,12470200,0.0,0.0
2011-04-06 00:00:00-04:00,21.60341646840354,21.689765094039654,21.494678541322433,21.628999710083008,14099800,0.0,0.0
2011-04-07 00:00:00-04:00,21.56503467027185,21.667374941399373,21.408326663854446,21.568233489990234,12734600,0.0,0.0
2011-04-08 00:00:00-04:00,21.552244946775208,21.632198371400428,21.382744076967327,21.513866424560547,11201800,0.0,0.0
2011-04-11 00:00:00-04:00,21.510667186068076,21.696157252162507,21.36355319710409,21.55544090270996,14664000,0.0,0.0
2011-04-12 00:00:00-04:00,21.42111828435498,21.469088377479654,21.238824610528045,21.395532608032227,16587400,0.0,0.0
2011-04-13 00:00:00-04:00,21.50107963929228,21.57783425664329,21.417927380503926,21.51706886291504,8497400,0.0,0.0
2011-04-14 00:00:00-04:00,21.536248364744644,21.8976393230618,21.45629495838907,21.846467971801758,23879600,0.0,0.0
2011-04-15 00:00:00-04:00,21.85286861216335,21.859263811957064,21.705754617061306,21.75052833557129,17532200,0.0,0.0
2011-04-18 00:00:00-04:00,21.609807426235257,21.63539310287646,21.312380645238424,21.526655197143555,16104600,0.0,0.0
2011-04-19 00:00:00-04:00,21.494675437731487,21.58742169038462,21.411523204321,21.456296920776367,10701800,0.0,0.0
2011-04-20 00:00:00-04:00,21.71214700967102,21.763318361343387,21.622599584228723,21.69935417175293,12817800,0.0,0.0
2011-04-21 00:00:00-04:00,21.712150770102873,21.801698211054322,21.577829608675696,21.708951950073242,10948800,0.0,0.0
2011-04-25 00:00:00-04:00,21.73133943089811,21.740935891261042,21.529857683003584,21.6641788482666,10709200,0.0,0.0
2011-04-26 00:00:00-04:00,21.312384123380472,21.437111267381056,21.04693817487264,21.40513038635254,32800000,0.0,0.0
2011-04-27 00:00:00-04:00,21.545848879333736,21.5618380996244,21.286798134783226,21.42751693725586,16872600,0.0,0.0
2011-04-28 00:00:00-04:00,21.4083286130648,21.571431833784853,21.318781172673063,21.55864143371582,14084400,0.0,0.0
2011-04-29 00:00:00-04:00,21.606607797218626,21.67376836589746,21.513861552857097,21.574626922607422,14824200,0.0,0.0
2011-05-02 00:00:00-04:00,21.670572531766794,21.7025534071828,21.609807160487307,21.657779693603516,12514200,0.0,0.0
2011-05-03 00:00:00-04:00,21.65778302952303,21.7153495901325,21.609810489017676,21.708951950073242,10542400,0.0,0.0
2011-05-04 00:00:00-04:00,21.702552861036576,21.724939717262853,21.49147469663082,21.574626922607422,13529000,0.0,0.0
2011-05-05 00:00:00-04:00,21.65138526046335,21.664178100520875,21.235628938525185,21.331571578979492,14206200,0.0,0.0
2011-05-06 00:00:00-04:00,21.568232263234226,21.61300597680685,21.341164875834668,21.395532608032227,17042600,0.0,0.0
2011-05-09 00:00:00-04:00,21.38273795084614,21.51705908013734,21.373143933037365,21.41152000427246,8884200,0.0,0.0
2011-05-10 00:00:00-04:00,21.427526979326085,21.574641050863445,21.421131776209645,21.53626251220703,11111800,0.0,0.0
2011-05-11 00:00:00-04:00,21.52025789564505,21.641786187841944,21.395530784184395,21.52985191345215,11215400,0.0,0.0
2011-05-12 00:00:00-04:00,21.54264600364431,21.88484648524679,21.48188063401909,21.846467971801758,17097400,0.0,0.0
2011-05-13 00:00:00-04:00,21.83367745916165,21.993584288902053,21.75372404429145,21.804895401000977,16011000,0.0,0.0
2011-05-16 00:00:00-04:00,21.779315096955816,21.820892444538167,21.65778675475897,21.69296646118164,12364600,0.0,0.0
2011-05-17 00:00:00-04:00,21.660988889734096,21.80490411804023,21.5874306450536,21.744138717651367,13276400,0.0,0.0
2011-05-18 00:00:00-04:00,21.74733378923525,21.85926810750634,21.635399470964153,21.843278884887695,13418000,0.0,0.0
2011-05-19 00:00:00-04:00,21.878456198441132,21.97120002345006,21.750530231553654,21.894445419311523,12960200,0.0,0.0
2011-05-20 00:00:00-04:00,21.849674085938126,21.913635856382996,21.712154083495026,21.843278884887695,12970600,0.0,0.0
2011-05-23 00:00:00-04:00,21.61621131163409,21.715355238462514,21.48508893613061,21.584230422973633,13230200,0.0,0.0
2011-05-24 00:00:00-04:00,21.638589002743657,21.676965072542934,21.4946714210441,21.577823638916016,10881000,0.0,0.0
2011-05-25 00:00:00-04:00,21.517064549417903,21.587423951212013,21.36995054565967,21.39873504638672,13132000,0.0,0.0
2011-05-26 00:00:00-04:00,21.344364419037017,21.398734599277685,21.20364805837375,21.331571578979492,14872400,0.0,0.0
2011-05-27 00:00:00-04:00,21.38593846166702,21.47548588827739,21.26121134031909,21.27080535888672,9097400,0.0,0.0
2011-05-31 00:00:00-04:00,21.40832805625268,21.50427069418355,21.312382978337126,21.366750717163086,20294000,0.0,0.0
2011-06-01 00:00:00-04:00,21.29958815211386,21.485080650792177,21.29958815211386,21.350759506225586,14883000,0.0,0.0
2011-06-02 00:00:00-04:00,21.315579449456546,21.350759144816745,20.98617179288776,21.120492935180664,14264200,0.0,0.0
2011-06-03 00:00:00-04:00,20.87424139201546,21.053338742652297,20.85505334872711,20.957393646240234,12937800,0.0,0.0
2011-06-06 00:00:00-04:00,20.95100092372828,21.034150747804862,20.9030283698469,20.922216415405273,10445400,0.0,0.0
2011-06-07 00:00:00-04:00,20.954192704143644,21.014958088384635,20.84545721653862,20.851852416992188,11522000,0.0,0.0
2011-06-08 00:00:00-04:00,20.861441905714944,20.95738452036371,20.810270559248327,20.915809631347656,11753000,0.0,0.0
2011-06-09 00:00:00-04:00,20.92860983181151,21.210045016450152,20.874239647064254,21.072525024414062,13112000,0.0,0.0
2011-06-10 00:00:00-04:00,21.00535532823249,21.050129032733665,20.86463657695228,20.912609100341797,14003200,0.0,0.0
2011-06-13 00:00:00-04:00,20.97060110178563,21.018920951825507,20.870741880646303,20.9770450592041,19081600,0.235,0.0
2011-06-14 00:00:00-04:00,21.067237085552335,21.208972174310645,21.03502467709132,21.134883880615234,14045000,0.0,0.0
2011-06-15 00:00:00-04:00,21.070461854118708,21.09945228827814,20.822421115056724,20.92872428894043,16378400,0.0,0.0
2011-06-16 00:00:00-04:00,20.928727322867314,21.183209598305822,20.87396596752799,21.096233367919922,15538800,0.0,0.0
2011-06-17 00:00:00-04:00,21.22186099088887,21.334608124836056,21.13810920715332,21.13810920715332,21317400,0.0,0.0
2011-06-20 00:00:00-04:00,21.057578064717447,21.305616365768138,21.057578064717447,21.20575714111328,11091800,0.0,0.0
2011-06-21 00:00:00-04:00,21.295950859037056,21.35393418407479,21.186425708343762,21.344270706176758,14265000,0.0,0.0
2011-06-22 00:00:00-04:00,21.353939379949107,21.52466741808829,21.29595604080277,21.389373779296875,15701200,0.0,0.0
2011-06-23 00:00:00-04:00,21.23795966040361,21.250845112040448,20.754766283440976,20.93193817138672,26467800,0.0,0.0
2011-06-24 00:00:00-04:00,20.96093037526759,21.060789561876796,20.84818573592674,20.91583251953125,32073800,0.0,0.0
2011-06-27 00:00:00-04:00,20.890062507134694,21.086561368807292,20.890062507134694,21.00602912902832,14777600,0.0,0.0
2011-06-28 00:00:00-04:00,21.105897038080098,21.292732501378822,21.05113568224597,21.270183563232422,12932400,0.0,0.0
2011-06-29 00:00:00-04:00,21.321725065661163,21.52788748483247,21.318503086647578,21.48923110961914,17035400,0.0,0.0
2011-06-30 00:00:00-04:00,21.57620242243388,21.740486449939567,21.524660600561976,21.676061630249023,15594600,0.0,0.0
2011-07-01 00:00:00-04:00,21.589089310212877,21.933767318725586,21.589089310212877,21.933767318725586,16487000,0.0,0.0
2011-07-05 00:00:00-04:00,21.930546467963545,22.15925780015297,21.930546467963545,22.001415252685547,14801200,0.0,0.0
2011-07-06 00:00:00-04:00,22.00463741709176,22.146375003562536,21.99819591663851,22.07550621032715,11486000,0.0,0.0
2011-07-07 00:00:00-04:00,22.168924594853625,22.191473533579316,22.091614298886956,22.14637565612793,12423400,0.0,0.0
2011-07-08 00:00:00-04:00,22.01752188815683,22.123825073242188,21.943433576842658,22.123825073242188,12671600,0.0,0.0
2011-07-11 00:00:00-04:00,21.82424984200655,21.99497789773103,21.811364381130126,21.936994552612305,14152400,0.0,0.0
2011-07-12 00:00:00-04:00,21.895109308033856,22.046510336684566,21.817799033404526,21.85645294189453,13343400,0.0,0.0
2011-07-13 00:00:00-04:00,21.959533355141968,22.043287583340877,21.830681263524237,21.92409896850586,14688000,0.0,0.0
2011-07-14 00:00:00-04:00,21.895113061243705,22.011079721891097,21.701836112714627,21.798473358154297,15011200,0.0,0.0
2011-07-15 00:00:00-04:00,21.856455296224006,21.862899253432683,21.672841838170083,21.753374099731445,17491600,0.0,0.0
2011-07-18 00:00:00-04:00,21.6664014304847,21.721162781270216,21.450573090809943,21.62130355834961,14792000,0.0,0.0
2011-07-19 00:00:00-04:00,21.8081328793565,22.478161806471885,21.75337153778006,22.32998275756836,37415400,0.0,0.0
2011-07-20 00:00:00-04:00,22.30742855626759,22.336418980496045,22.16247151982786,22.185020446777344,15833800,0.0,0.0
2011-07-21 00:00:00-04:00,22.16892544599532,22.426629719311695,22.065844228198788,22.3364315032959,22086600,0.0,0.0
2011-07-22 00:00:00-04:00,22.404071890690584,22.491045635278393,22.38152296004566,22.462055206298828,13323200,0.0,0.0
2011-07-25 00:00:00-04:00,22.26555963323793,22.407294736476864,22.230125243015827,22.310657501220703,13154800,0.0,0.0
2011-07-26 00:00:00-04:00,22.339650105313854,22.375084498979227,22.255895860500278,22.288110733032227,11830600,0.0,0.0
2011-07-27 00:00:00-04:00,22.15280931413667,22.307432308979692,22.078721023545594,22.12704086303711,18677600,0.0,0.0
2011-07-28 00:00:00-04:00,22.1141539266867,22.317094289772093,22.10449045096582,22.165693283081055,15270200,0.0,0.0
2011-07-29 00:00:00-04:00,22.020741806045088,22.178584350621495,21.872562739635665,21.907997131347656,20545600,0.0,0.0
2011-08-01 00:00:00-04:00,22.065840725329757,22.06906270408851,21.621303504960217,21.81780242919922,17654200,0.0,0.0
2011-08-02 00:00:00-04:00,21.71149917899424,21.779145986811702,21.605195999145508,21.605195999145508,18127600,0.0,0.0
2011-08-03 00:00:00-04:00,21.582641677797515,22.085162100564197,21.5665342457246,22.03362274169922,28086000,0.0,0.0
2011-08-04 00:00:00-04:00,21.830684378934613,21.946651032175,21.176762808392724,21.202533721923828,32324800,0.0,0.0
2011-08-05 00:00:00-04:00,21.347489942068933,21.666399454344035,20.951272607641542,21.508554458618164,43916600,0.0,0.0
2011-08-08 00:00:00-04:00,21.31850107289314,21.650293608104143,20.92228125174575,20.9770450592041,50096800,0.0,0.0
2011-08-09 00:00:00-04:00,21.202533493398526,21.54076997131234,20.484185875596165,21.479564666748047,43128400,0.0,0.0
2011-08-10 00:00:00-04:00,21.337830323629543,21.421584575525458,20.519623365478854,20.603376388549805,38237200,0.0,0.0
2011-08-11 00:00:00-04:00,20.616261318981916,21.682507797625057,20.5872696523491,21.41192054748535,38406600,0.0,0.0
2011-08-12 00:00:00-04:00,21.505336517865274,21.82424359592208,21.389369860817407,21.627744674682617,20310400,0.0,0.0
2011-08-15 00:00:00-04:00,21.734045418120118,22.040067004700965,21.666398618696437,21.96919822692871,23081600,0.0,0.0
2011-08-16 00:00:00-04:00,21.80491314521667,22.059395354205012,21.76625677984464,21.95953369140625,21413800,0.0,0.0
2011-08-17 00:00:00-04:00,22.052951028707184,22.339645641882367,21.956313803368477,22.317096710205078,23176000,0.0,0.0
2011-08-18 00:00:00-04:00,21.98530760330618,22.207577433655608,21.6019732483904,21.827465057373047,39569000,0.0,0.0
2011-08-19 00:00:00-04:00,21.75337421625282,21.994971002231015,21.5375483439482,21.614858627319336,30478200,0.0,0.0
2011-08-22 00:00:00-04:00,21.9079939281826,21.924098903556335,21.637404290822055,21.66961669921875,19652800,0.0,0.0
2011-08-23 00:00:00-04:00,21.734047076812402,22.246231079101562,21.685727228493718,22.246231079101562,23951200,0.0,0.0
2011-08-24 00:00:00-04:00,22.17213850291171,22.455611123366616,22.081942780841924,22.445947647094727,19475400,0.0,0.0
2011-08-25 00:00:00-04:00,22.42017857755157,22.42017857755157,21.82746237953488,21.895109176635742,25320000,0.0,0.0
2011-08-26 00:00:00-04:00,21.882224417095713,22.1528116141027,21.48600464130762,22.065837860107422,19849600,0.0,0.0
2011-08-29 00:00:00-04:00,22.21401451155557,22.500709111604912,22.185024082576007,22.462055206298828,17660600,0.0,0.0
2011-08-30 00:00:00-04:00,22.478154421452725,22.639218872690016,22.394400218667755,22.503925323486328,31678000,0.0,0.0
2011-08-31 00:00:00-04:00,22.507159616886046,22.797073821639504,22.43951280526692,22.693992614746094,22322800,0.0,0.0
2011-09-01 00:00:00-04:00,22.578025949784777,22.903377007462346,22.478166721820802,22.693992614746094,23530000,0.0,0.0
2011-09-02 00:00:00-04:00,22.45883140563051,22.545805143159846,22.38796264145531,22.465272903442383,17530000,0.0,0.0
2011-09-06 00:00:00-04:00,21.721157601787432,22.400849958155344,21.708272147442884,22.365415573120117,25784600,0.0,0.0
2011-09-07 00:00:00-04:00,22.552261311588577,22.822848603901818,22.520048889787038,22.806743621826172,21287400,0.0,0.0
2011-09-08 00:00:00-04:00,22.761636464909376,23.119197396153613,22.72620207807134,22.925920486450195,24867600,0.0,0.0
2011-09-09 00:00:00-04:00,22.745529601179353,22.758415056502066,22.139927946907658,22.34609031677246,32891200,0.0,0.0
2011-09-12 00:00:00-04:00,22.049731724204225,22.400853654496338,21.9691994644991,22.34931182861328,29144200,0.0,0.0
2011-09-13 00:00:00-04:00,22.365521375354493,22.485522889964194,22.24227838221749,22.410926818847656,21421800,0.235,0.0
2011-09-14 00:00:00-04:00,22.48877830811639,22.86499790101426,22.22931882367444,22.628238677978516,22250000,0.0,0.0
2011-09-15 00:00:00-04:00,22.673634559197737,23.03363418579102,22.65417331427093,23.033634185791016,21186000,0.0,0.0
2011-09-16 00:00:00-04:00,23.150398267482675,23.24769709624273,23.033640662735408,23.10175132751465,34620600,0.0,0.0
2011-09-19 00:00:00-04:00,22.725537051705935,22.92662018929656,22.68661701637507,22.861753463745117,28571200,0.0,0.0
2011-09-20 00:00:00-04:00,22.959046435003433,23.182832250621882,22.871476996538853,22.91364097595215,18313400,0.0,0.0
2011-09-21 00:00:00-04:00,22.97850261469066,23.049854749257165,22.46606680681457,22.469310760498047,23531000,0.0,0.0
2011-09-22 00:00:00-04:00,21.849852341740103,22.10282632807765,21.606607743429077,21.995798110961914,36341000,0.0,0.0
2011-09-23 00:00:00-04:00,21.846605298353822,21.960118933298396,21.68768620943142,21.866064071655273,24284400,0.0,0.0
2011-09-26 00:00:00-04:00,22.057420309577008,22.342826406918874,21.94390666145308,22.3006649017334,24008200,0.0,0.0
2011-09-27 00:00:00-04:00,22.741752042462927,22.83580692915261,22.469316771635512,22.563371658325195,22249200,0.0,0.0
2011-09-28 00:00:00-04:00,22.64444781297274,22.754719971767422,22.018498351778252,22.073633193969727,19032600,0.0,0.0
2011-09-29 00:00:00-04:00,22.34930890720589,22.58606553394631,22.115793759333283,22.39471435546875,21372600,0.0,0.0
2011-09-30 00:00:00-04:00,22.200124307743128,22.410936803259315,21.911474227905273,21.911474227905273,25026200,0.0,0.0
2011-10-03 00:00:00-04:00,21.596875834649122,21.7039040515352,21.1201185014886,21.21741485595703,38471200,0.0,0.0
2011-10-04 00:00:00-04:00,21.02930467893898,21.220658378670326,20.54281673045734,21.155794143676758,30800000,0.0,0.0
2011-10-05 00:00:00-04:00,21.233636846517875,21.275798362000618,20.935257334457184,21.253095626831055,23037800,0.0,0.0
2011-10-06 00:00:00-04:00,21.395791371553624,21.405520757810415,20.902814356309335,21.20768165588379,25205400,0.0,0.0
2011-10-07 00:00:00-04:00,21.570939490389808,21.570939490389808,21.207693201115813,21.37310028076172,18857800,0.0,0.0
2011-10-10 00:00:00-04:00,21.587144146267555,21.70714569251085,21.408766278211118,21.697416305541992,12354400,0.0,0.0
2011-10-11 00:00:00-04:00,21.642281022121,21.794712205546674,21.59687309317201,21.66498374938965,11161000,0.0,0.0
2011-10-12 00:00:00-04:00,21.8109267625082,22.044441913343476,21.661737077121522,21.885522842407227,17549600,0.0,0.0
2011-10-13 00:00:00-04:00,21.830396070548606,21.917965531584933,21.694179658283847,21.859586715698242,12909400,0.0,0.0
2011-10-14 00:00:00-04:00,22.119041147320296,22.119041147320296,21.843364430816738,22.00552749633789,13503000,0.0,0.0
2011-10-17 00:00:00-04:00,21.995794236004517,22.00552362231703,21.671468162059057,21.729846954345703,20232800,0.0,0.0
2011-10-18 00:00:00-04:00,21.807686120166228,21.888767644604812,21.53525338577023,21.645523071289062,23650600,0.0,0.0
2011-10-19 00:00:00-04:00,21.72660109362463,21.995792305228715,21.687683551790737,21.739574432373047,15389400,0.0,0.0
2011-10-20 00:00:00-04:00,21.88877888882757,21.917969539314754,21.590399319475406,21.768779754638672,13323600,0.0,0.0
2011-10-21 00:00:00-04:00,22.034713619353134,22.15795663310526,21.87903601961384,22.115795135498047,23146600,0.0,0.0
2011-10-24 00:00:00-04:00,22.18390491241063,22.26498643440452,21.927687005980534,22.012012481689453,13609200,0.0,0.0
2011-10-25 00:00:00-04:00,22.024989768695956,22.031475202876422,21.66498754858298,21.713634490966797,14228200,0.0,0.0
2011-10-26 00:00:00-04:00,21.823905362646034,21.904986894321308,21.538499261937385,21.88228416442871,16041200,0.0,0.0
2011-10-27 00:00:00-04:00,22.35579796764162,22.40768885647321,22.08660671324324,22.23904037475586,26704600,0.0,0.0
2011-10-28 00:00:00-04:00,22.222821933324802,22.372014107744427,22.18066043367416,22.355796813964844,17307400,0.0,0.0
2011-10-31 00:00:00-04:00,22.26498719090224,22.394718125382667,22.148229597311026,22.157958984375,18998600,0.0,0.0
2011-11-01 00:00:00-04:00,21.77200698937259,21.89200851945251,21.658493366005857,21.74281883239746,23682800,0.0,0.0
2011-11-02 00:00:00-04:00,21.866068176630947,22.073636712186037,21.843365445379987,21.979581832885742,14538600,0.0,0.0
2011-11-03 00:00:00-04:00,22.086605703230983,22.320120878323948,22.057417543550184,22.264986038208008,17363400,0.0,0.0
2011-11-04 00:00:00-04:00,22.041206951783376,22.10282971795166,21.82390900449112,21.98282814025879,15177200,0.0,0.0
2011-11-07 00:00:00-05:00,21.943907949491106,22.141744619598366,21.820662431940764,22.122285842895508,12513800,0.0,0.0
2011-11-08 00:00:00-05:00,22.148228450661527,22.287688764985845,21.989309363216677,22.264986038208008,12063600,0.0,0.0
2011-11-09 00:00:00-05:00,22.00552169068719,22.050927139100967,21.684439598500795,21.739574432373047,18243400,0.0,0.0
2011-11-10 00:00:00-05:00,21.92769256166374,21.973098027531485,21.70066523232502,21.856340408325195,16201600,0.0,0.0
2011-11-11 00:00:00-05:00,22.044448270578687,22.252016803533333,22.03796036206705,22.093097686767578,12882400,0.0,0.0
2011-11-14 00:00:00-05:00,21.986072540283203,22.044451352990393,21.86607096015941,21.986072540283203,9428600,0.0,0.0
2011-11-15 00:00:00-05:00,21.982820385353133,22.20011825598896,21.88552405007709,22.05417251586914,12217600,0.0,0.0
2011-11-16 00:00:00-05:00,21.94714335474276,21.989307325144814,21.700657336689343,21.733089447021484,17781400,0.0,0.0
2011-11-17 00:00:00-05:00,21.7103916986321,21.856337465784986,21.43795646569155,21.60660743713379,17467200,0.0,0.0
2011-11-18 00:00:00-05:00,21.79796159872205,21.960124683796085,21.69742127778809,21.856340408325195,18688400,0.0,0.0
2011-11-21 00:00:00-05:00,21.629308208185147,21.690928484036363,21.207683292175354,21.389305114746094,18588200,0.0,0.0
2011-11-22 00:00:00-05:00,21.27903821395191,21.52228281861582,21.256335483159763,21.395795822143555,11787600,0.0,0.0
2011-11-23 00:00:00-05:00,21.23038701567145,21.243360357093756,21.016333068233074,21.03903579711914,14089600,0.0,0.0
2011-11-25 00:00:00-05:00,21.12985068168715,21.197958881138774,20.996875762939453,20.996875762939453,7572600,0.0,0.0
2011-11-28 00:00:00-05:00,21.165518374253104,21.32443744335318,21.00011139858735,21.136327743530273,21318200,0.0,0.0
2011-11-29 00:00:00-05:00,21.289875457309254,21.724363321920556,21.237607608515823,21.623092651367188,21656200,0.235,0.0
2011-11-30 00:00:00-05:00,21.998779507199192,22.201323380939225,21.796238125846703,21.962846755981445,25300400,0.0,0.0
2011-12-01 00:00:00-05:00,21.887700121764357,22.07717633293151,21.783161952221544,21.832164764404297,15429000,0.0,0.0
2011-12-02 00:00:00-05:00,22.03797699467136,22.06737968348515,21.616556732511288,21.68515968322754,21170400,0.0,0.0
2011-12-05 00:00:00-05:00,21.868107680196253,21.949778231744776,21.521822846807062,21.662296295166016,17955200,0.0,0.0
2011-12-06 00:00:00-05:00,21.721090770654072,21.8942318740277,21.606752541292852,21.783161163330078,16730800,0.0,0.0
2011-12-07 00:00:00-05:00,21.740696644258264,21.910570254393896,21.626355905396778,21.815832138061523,16832800,0.0,0.0
2011-12-08 00:00:00-05:00,21.78970076724959,21.96610944643607,21.74396546068872,21.799503326416016,16118200,0.0,0.0
2011-12-09 00:00:00-05:00,21.923634395778105,22.13271072575223,21.861564003559195,22.07390785217285,18298200,0.0,0.0
2011-12-12 00:00:00-05:00,21.972639866739904,22.05104287687829,21.66555787948332,21.85176658630371,13380200,0.0,0.0
2011-12-13 00:00:00-05:00,21.917110253116,21.975913155925284,21.655765956931837,21.717836380004883,14276200,0.0,0.0
2011-12-14 00:00:00-05:00,21.642694241833837,21.858305675154952,21.58389135023601,21.64596176147461,15762200,0.0,0.0
2011-12-15 00:00:00-05:00,21.85830162437418,22.015107644650957,21.819098873111614,21.85176658630371,13474600,0.0,0.0
2011-12-16 00:00:00-05:00,22.041238890489932,22.122909405132397,21.972635957276623,22.03143882751465,23957200,0.0,0.0
2011-12-19 00:00:00-05:00,22.037977543961397,22.171918421831762,21.959574525815356,22.008577346801758,11762000,0.0,0.0
2011-12-20 00:00:00-05:00,22.17518233591966,22.423461455373374,22.158849724668542,22.34505844116211,15931000,0.0,0.0
2011-12-21 00:00:00-05:00,22.38426049102044,22.802415749135495,22.318925056020603,22.727277755737305,18730400,0.0,0.0
2011-12-22 00:00:00-05:00,22.652145942790913,22.73708402537503,22.50513992773835,22.603145599365234,15586800,0.0,0.0
2011-12-23 00:00:00-05:00,22.61620245108029,22.857946502631062,22.609667413467616,22.848146438598633,9255200,0.0,0.0
2011-12-27 00:00:00-05:00,22.8056769690281,22.933082790679578,22.8056769690281,22.82854461669922,10099800,0.0,0.0
2011-12-28 00:00:00-05:00,22.80895042997721,22.88408843040627,22.671744508206558,22.707679748535156,8210000,0.0,0.0
2011-12-29 00:00:00-05:00,22.73706978807741,22.929813490282992,22.70766960043155,22.920013427734375,8734000,0.0,0.0
2011-12-30 00:00:00-05:00,22.867746459860687,22.962484565709353,22.857946395874023,22.857946395874023,7862000,0.0,0.0
2012-01-03 00:00:00-05:00,22.91675018493684,23.09969136633843,22.900415082717416,22.913482666015625,15639600,0.0,0.0
2012-01-04 00:00:00-05:00,22.83834649170166,22.890614330938234,22.704405636207248,22.76974105834961,14239200,0.0,0.0
2012-01-05 00:00:00-05:00,22.78933777642707,22.82527299701407,22.655396955623544,22.66193199157715,14287600,0.0,0.0
2012-01-06 00:00:00-05:00,22.69460857464161,22.746876420793264,22.416929255219458,22.518199920654297,13646600,0.0,0.0
2012-01-09 00:00:00-05:00,22.541067570668194,22.59660293607524,22.475732139881895,22.518199920654297,10522600,0.0,0.0
2012-01-10 00:00:00-05:00,22.694608028484915,22.710940639594977,22.57700226199028,22.652137756347656,12964400,0.0,0.0
2012-01-11 00:00:00-05:00,22.335259060240936,22.46592992380091,22.067379802123853,22.233985900878906,23428800,0.0,0.0
2012-01-12 00:00:00-05:00,22.351587119258507,22.377722283601884,22.002037396421787,22.07390785217285,15237000,0.0,0.0
2012-01-13 00:00:00-05:00,21.9987739031274,22.028176591490432,21.74722975435747,21.884435653686523,19991800,0.0,0.0
2012-01-17 00:00:00-05:00,22.129446693801924,22.17518199241561,21.992240797960868,22.00204086303711,15577000,0.0,0.0
2012-01-18 00:00:00-05:00,22.037972748233255,22.15557849605339,21.946502164903475,22.080440521240234,13282200,0.0,0.0
2012-01-19 00:00:00-05:00,22.100044029576175,22.12944422152033,21.972638213045023,22.034706115722656,13544800,0.0,0.0
2012-01-20 00:00:00-05:00,22.06411406738233,22.253590324211032,22.018378762959838,22.24378776550293,19158600,0.0,0.0
2012-01-23 00:00:00-05:00,22.214378753744562,22.416922516111256,22.184978566445263,22.38751983642578,13803200,0.0,0.0
2012-01-24 00:00:00-05:00,22.266653055170543,22.377723772439996,22.11964461524809,22.18171501159668,14751200,0.0,0.0
2012-01-25 00:00:00-05:00,22.184984786402264,22.377726047988144,22.064111500270645,22.3548583984375,14476000,0.0,0.0
2012-01-26 00:00:00-05:00,22.416919959156406,22.416919959156406,22.13597323698454,22.21764373779297,14721000,0.0,0.0
2012-01-27 00:00:00-05:00,22.18497979382429,22.260115271559023,21.962835894301335,22.03143882751465,16825000,0.0,0.0
2012-01-30 00:00:00-05:00,21.982434241941874,22.07390481215994,21.897496215716764,22.0379695892334,10591600,0.0,0.0
2012-01-31 00:00:00-05:00,22.207856719309817,22.207856719309817,21.946509966277684,22.060848236083984,13543400,0.0,0.0
2012-02-01 00:00:00-05:00,22.1751767259568,22.3254501703395,22.149044056088776,22.165376663208008,14915000,0.0,0.0
2012-02-02 00:00:00-05:00,22.237252730367782,22.292788094896718,22.132714547330476,22.158849716186523,13150000,0.0,0.0
2012-02-03 00:00:00-05:00,22.29932527402125,22.374460776211727,22.16211687054855,22.240522384643555,16555800,0.0,0.0
2012-02-06 00:00:00-05:00,22.16211934248243,22.289527694000995,22.116384033685982,22.22418975830078,14586400,0.0,0.0
2012-02-07 00:00:00-05:00,22.24378795674799,22.688075911289612,22.093514456298205,22.39406394958496,24269600,0.0,0.0
2012-02-08 00:00:00-05:00,22.488801178558464,22.492068698387254,22.2797247724884,22.322195053100586,16428400,0.0,0.0
2012-02-09 00:00:00-05:00,22.331997622435935,22.341797690633015,22.139253809138708,22.204591751098633,16311400,0.0,0.0
2012-02-10 00:00:00-05:00,22.060852777264923,22.194793701171875,22.024917529016125,22.194793701171875,10994600,0.0,0.0
2012-02-13 00:00:00-05:00,22.35159064833462,22.41039353119834,22.243784947686663,22.358125686645508,11091000,0.0,0.0
2012-02-14 00:00:00-05:00,22.36793222970046,22.51820575334248,22.247058909811464,22.508405685424805,12596000,0.0,0.0
2012-02-15 00:00:00-05:00,22.616205210276895,22.622737756299966,22.289523076611914,22.34505844116211,14776800,0.0,0.0
2012-02-16 00:00:00-05:00,22.41365838074759,22.53779667761342,22.3515879861214,22.495328903198242,11752000,0.0,0.0
2012-02-17 00:00:00-05:00,22.563930387131713,22.59659809552692,22.4103894160492,22.557397842407227,14841800,0.0,0.0
2012-02-21 00:00:00-05:00,22.50186560385621,22.557403463592834,22.377727284065244,22.48226547241211,13424800,0.0,0.0
2012-02-22 00:00:00-05:00,22.410393997958344,22.652138080372264,22.410393997958344,22.622737884521484,13766400,0.0,0.0
2012-02-23 00:00:00-05:00,22.570462278341974,22.63906770408779,22.514926926439472,22.599864959716797,11120000,0.0,0.0
2012-02-24 00:00:00-05:00,22.65540537121389,22.704408189524774,22.48553175910796,22.541067123413086,12485400,0.0,0.0
2012-02-27 00:00:00-05:00,22.439793652524514,22.5410643032799,22.384255802780906,22.48552894592285,12086200,0.0,0.0
2012-02-28 00:00:00-05:00,22.52473505618471,22.573737881101177,22.47573472365545,22.492067337036133,9049000,0.0,0.0
2012-02-29 00:00:00-05:00,22.50838802169785,22.86120514418213,22.50838802169785,22.822002410888672,23464400,0.0,0.0
2012-03-01 00:00:00-05:00,22.82528329146644,22.854683489359644,22.66847475887482,22.737077713012695,15294200,0.0,0.0
2012-03-02 00:00:00-05:00,22.675002929997955,22.737070826435797,22.531262026357297,22.599864959716797,11995800,0.0,0.0
2012-03-05 00:00:00-05:00,22.547597872505534,22.652136046790503,22.54106532703189,22.61620330810547,10338600,0.0,0.0
2012-03-06 00:00:00-05:00,22.482265689494678,22.57046877423179,22.423462802207595,22.462665557861328,13161200,0.0,0.0
2012-03-07 00:00:00-05:00,22.459394117502878,22.52146451335496,22.37772359343923,22.472461700439453,10933800,0.0,0.0
2012-03-08 00:00:00-05:00,22.599870357578276,22.704408541816342,22.57373518842203,22.629270553588867,33754800,0.0,0.0
2012-03-09 00:00:00-05:00,22.681544575134847,22.7828152565769,22.64234181503438,22.707679748535156,36742600,0.0,0.0
2012-03-12 00:00:00-04:00,22.697871654920498,22.978815946267414,22.652133871450626,22.916748046875,18143600,0.0,0.0
2012-03-13 00:00:00-04:00,22.873974378907214,23.130652145342154,22.873974378907214,23.117488861083984,18068000,0.255,0.0
2012-03-14 00:00:00-04:00,23.12077589160605,23.239242916651694,23.068122764634975,23.10761260986328,12918000,0.0,0.0
2012-03-15 00:00:00-04:00,23.124071717795083,23.147106840047346,22.96282586202926,23.143817901611328,17991400,0.0,0.0
2012-03-16 00:00:00-04:00,23.16026010333265,23.186586663268393,22.995722869692678,23.087865829467773,22898800,0.0,0.0
2012-03-19 00:00:00-04:00,23.104316558796242,23.20962028111992,23.035211226393717,23.166841506958008,10652400,0.0,0.0
2012-03-20 00:00:00-04:00,23.045092966246944,23.288607458074043,23.012186009617313,23.229373931884766,10180400,0.0,0.0
2012-03-21 00:00:00-04:00,23.19317627898447,23.495924274052385,23.150394979032924,23.403783798217773,19870800,0.0,0.0
2012-03-22 00:00:00-04:00,23.367583188999475,23.555155571562654,23.344548072215908,23.50250244140625,14252800,0.0,0.0
2012-03-23 00:00:00-04:00,23.495921988196102,23.561735890063773,23.459723588977056,23.525537490844727,16206600,0.0,0.0
2012-03-26 00:00:00-04:00,23.607802581629205,23.66045570373535,23.558440907314452,23.66045570373535,11536400,0.0,0.0
2012-03-27 00:00:00-04:00,23.63413235135728,23.686785480611853,23.57819028450384,23.65058708190918,11430400,0.0,0.0
2012-03-28 00:00:00-04:00,23.68019933558683,23.963203589907977,23.660455670144582,23.910552978515625,26260600,0.0,0.0
2012-03-29 00:00:00-04:00,23.808541512879938,24.479853848857648,23.78221494818135,24.288990020751953,41063600,0.0,0.0
2012-03-30 00:00:00-04:00,24.226464238358844,24.397581864103564,24.124449441831924,24.35480308532715,26555800,0.0,0.0
2012-04-02 00:00:00-04:00,24.295576415263124,24.41733240090529,24.233051442761624,24.3975887298584,14579000,0.0,0.0
2012-04-03 00:00:00-04:00,24.242923029236753,24.377844808377134,24.1738176706428,24.272541046142578,12989200,0.0,0.0
2012-04-04 00:00:00-04:00,24.117866996975046,24.21987927415005,24.091540438143163,24.173809051513672,12487400,0.0,0.0
2012-04-05 00:00:00-04:00,24.114581891290516,24.19355907791733,24.04547653916212,24.177106857299805,11531400,0.0,0.0
2012-04-09 00:00:00-04:00,24.0092774441666,24.05863912586982,23.9368806457538,23.97966194152832,9806800,0.0,0.0
2012-04-10 00:00:00-04:00,23.884228885341052,23.897392167209002,23.676910334220022,23.6999454498291,17290600,0.0,0.0
2012-04-11 00:00:00-04:00,23.8348690545776,23.84803233746646,23.64071377026624,23.73285675048828,12026600,0.0,0.0
2012-04-12 00:00:00-04:00,23.74273483503669,23.778933244850062,23.634139605596566,23.765769958496094,10640600,0.0,0.0
2012-04-13 00:00:00-04:00,23.76576451141544,23.890811937157206,23.67362403869629,23.67362403869629,10525600,0.0,0.0
2012-04-16 00:00:00-04:00,23.765762763448496,23.95333514358503,23.739436198710887,23.838159561157227,14147600,0.0,0.0
2012-04-17 00:00:00-04:00,24.081671952570268,24.509469805798176,24.081671952570268,24.335058212280273,22614400,0.0,0.0
2012-04-18 00:00:00-04:00,24.29229505644653,24.466704251508325,24.262679537575266,24.407470703125,11779800,0.0,0.0
2012-04-19 00:00:00-04:00,24.446945618350817,24.46339783744651,24.16064989118168,24.292280197143555,10731200,0.0,0.0
2012-04-20 00:00:00-04:00,24.338358378464292,24.466697278276943,24.26596156100278,24.39430046081543,13461000,0.0,0.0
2012-04-23 00:00:00-04:00,24.344932179227932,24.374547678591394,24.131033255926063,24.249500274658203,10472200,0.0,0.0
2012-04-24 00:00:00-04:00,24.325186249155237,24.466688383485497,24.256080905966858,24.391002655029297,10288000,0.0,0.0
2012-04-25 00:00:00-04:00,24.529223350336384,24.697052115497293,24.453535080357092,24.657562255859375,18596000,0.0,0.0
2012-04-26 00:00:00-04:00,24.664134909363487,24.999792334426182,24.62135612448426,24.91423225402832,16782000,0.0,0.0
2012-04-27 00:00:00-04:00,24.99649876030674,25.608577532176113,24.98333547900814,25.216978073120117,25103000,0.0,0.0
2012-04-30 00:00:00-04:00,25.147881935559607,25.305838858329377,24.986636074240543,25.114974975585938,26517600,0.0,0.0
2012-05-01 00:00:00-04:00,25.18736547654703,25.33873946297116,25.101805393563136,25.315704345703125,13841000,0.0,0.0
2012-05-02 00:00:00-04:00,25.253186132340936,25.42101489481996,25.220279171821954,25.391399383544922,16558600,0.0,0.0
2012-05-03 00:00:00-04:00,25.457216819689698,25.549357326121587,25.404563667076903,25.483543395996094,15612000,0.0,0.0
2012-05-04 00:00:00-04:00,25.440751698392734,25.536183615573254,25.325576112360896,25.3387393951416,13160800,0.0,0.0
2012-05-07 00:00:00-04:00,25.32887488952206,25.48682930731505,25.289385029753706,25.43088722229004,8965400,0.0,0.0
2012-05-08 00:00:00-04:00,25.342030708189274,25.43087972818531,25.21369184006196,25.384809494018555,10561600,0.0,0.0
2012-05-09 00:00:00-04:00,25.203819101235336,25.40126584383511,25.170912147681914,25.26634407043457,14070800,0.0,0.0
2012-05-10 00:00:00-04:00,25.407848812990075,25.569094659240164,25.40455736410827,25.473665237426758,12659200,0.0,0.0
2012-05-11 00:00:00-04:00,25.404547156752148,25.58224766537265,25.404547156752148,25.493398666381836,10604000,0.0,0.0
2012-05-14 00:00:00-04:00,25.378233844015508,25.421012637828078,25.21369654538879,25.29596519470215,15411800,0.0,0.0
2012-05-15 00:00:00-04:00,25.193941752246385,25.388097003805793,25.095220913192325,25.197233200073242,16397800,0.0,0.0
2012-05-16 00:00:00-04:00,25.226854627179645,25.286085632253744,24.983337667779978,25.11825942993164,17804400,0.0,0.0
2012-05-17 00:00:00-04:00,25.065604235652547,25.108385527757253,24.67729622254373,24.720077514648438,22310800,0.0,0.0
2012-05-18 00:00:00-04:00,24.762854061073483,24.776017341253056,24.17710190159684,24.367965698242188,31913000,0.0,0.0
2012-05-21 00:00:00-04:00,24.4206285636575,24.548967471515677,24.39430199008653,24.519351959228516,13488800,0.0,0.0
2012-05-22 00:00:00-04:00,24.542386144157334,24.542386144157334,24.321906747879183,24.414047241210938,15260600,0.0,0.0
2012-05-23 00:00:00-04:00,24.3515130557305,24.539085420734207,24.292279545169368,24.53250503540039,18000000,0.0,0.0
2012-05-24 00:00:00-04:00,24.611485682140657,24.960303898708133,24.548960714778733,24.864871978759766,20204600,0.0,0.0
2012-05-25 00:00:00-04:00,24.88461786270685,24.90765298030721,24.68388219048681,24.75627899169922,8999600,0.0,0.0
2012-05-29 00:00:00-04:00,24.920821767096292,24.920821767096292,24.700339866354113,24.83197021484375,10533800,0.0,0.0
2012-05-30 00:00:00-04:00,24.70363553539387,24.762869076800545,24.621366867364635,24.70034408569336,13884600,0.0,0.0
2012-05-31 00:00:00-04:00,24.667425387168148,24.752985464199924,24.56870453887546,24.591739654541016,15147600,0.0,0.0
2012-06-01 00:00:00-04:00,24.348228720253594,24.499602733542112,24.025737021268476,24.052061080932617,20843400,0.0,0.0
2012-06-04 00:00:00-04:00,24.032311827023722,24.26595443526905,23.877646400708237,24.233047485351562,13397200,0.0,0.0
2012-06-05 00:00:00-04:00,24.131041283405203,24.233053607111604,24.03890079610394,24.101423263549805,12275200,0.0,0.0
2012-06-06 00:00:00-04:00,24.15077671993917,24.552248001098633,24.121161220823698,24.552248001098633,12496400,0.0,0.0
2012-06-07 00:00:00-04:00,24.67729377147207,24.700328883917713,24.417324639220382,24.44365119934082,14342800,0.0,0.0
2012-06-08 00:00:00-04:00,24.404170551711836,24.802350467659885,24.400879103135836,24.75956916809082,11594200,0.0,0.0
2012-06-11 00:00:00-04:00,24.91752859244664,24.937272264628835,24.555547042147012,24.568710327148438,10657200,0.0,0.0
2012-06-12 00:00:00-04:00,24.674012259019058,24.76286128786214,24.463402225320465,24.74640655517578,11911200,0.0,0.0
2012-06-13 00:00:00-04:00,24.71990594130658,24.892192069188116,24.673521117346805,24.74641227722168,9376200,0.255,0.0
2012-06-14 00:00:00-04:00,24.779548548779765,25.1804474749816,24.749728283374978,25.094303131103516,13945400,0.0,0.0
2012-06-15 00:00:00-04:00,25.220192622487463,25.24669642046114,24.988266063795717,25.210250854492188,19748800,0.0,0.0
2012-06-18 00:00:00-04:00,25.167181205858277,25.31958879476014,25.104229311044417,25.173809051513672,10457200,0.0,0.0
2012-06-19 00:00:00-04:00,25.263277894307198,25.263277894307198,25.067799318035007,25.094303131103516,11115400,0.0,0.0
2012-06-20 00:00:00-04:00,25.07772994568651,25.09429450718877,24.79610459453592,25.034656524658203,14706800,0.0,0.0
2012-06-21 00:00:00-04:00,25.110857613524228,25.177120904588786,24.723212052453245,24.739776611328125,12804000,0.0,0.0
2012-06-22 00:00:00-04:00,24.83255982526311,24.948524439788194,24.8027420862942,24.829248428344727,15252800,0.0,0.0
2012-06-25 00:00:00-04:00,24.670204100062563,24.796105388197812,24.57412054025553,24.772912979125977,9734200,0.0,0.0
2012-06-26 00:00:00-04:00,24.84580916289689,24.96839908012859,24.584064763045546,24.875629425048828,11859400,0.0,0.0
2012-06-27 00:00:00-04:00,24.928633790437654,25.33947435017806,24.928633790437654,25.293087005615234,13644400,0.0,0.0
2012-06-28 00:00:00-04:00,25.213564083690272,25.402417225888712,25.077723591545848,25.369285583496094,10891200,0.0,0.0
2012-06-29 00:00:00-04:00,25.55482624065032,25.906028747558594,25.538261682413353,25.906028747558594,18519800,0.0,0.0
2012-07-02 00:00:00-04:00,25.876210358751813,26.174400234063487,25.846392635111947,26.14789390563965,13350200,0.0,0.0
2012-07-03 00:00:00-04:00,26.137960652556703,26.293682207993854,26.07832266383148,26.227418899536133,7335000,0.0,0.0
2012-07-05 00:00:00-04:00,26.181027327767104,26.22078682309919,25.909343762454814,25.99217414855957,10546400,0.0,0.0
2012-07-06 00:00:00-04:00,25.84970688356633,25.939165119925356,25.790068901921273,25.892780303955078,10036000,0.0,0.0
2012-07-09 00:00:00-04:00,25.862952465228332,25.912651189989447,25.74699045930716,25.836448669433594,8615600,0.0,0.0
2012-07-10 00:00:00-04:00,26.018673956514824,26.02198787890747,25.783436022279833,25.836448669433594,11583400,0.0,0.0
2012-07-11 00:00:00-04:00,25.809951615773393,25.826516178121672,25.56146043050173,25.664169311523438,13645600,0.0,0.0
2012-07-12 00:00:00-04:00,25.521690288410227,25.601206726759855,25.352715645108013,25.392475128173828,19104000,0.0,0.0
2012-07-13 00:00:00-04:00,25.389170810019888,25.707239211517212,25.293087252101483,25.604530334472656,13307400,0.0,0.0
2012-07-16 00:00:00-04:00,25.544891471379273,25.644288949328747,25.24670156531372,25.339473724365234,17575600,0.0,0.0
2012-07-17 00:00:00-04:00,25.862955225411557,26.061750145672093,25.432238796339366,25.740367889404297,21209600,0.0,0.0
2012-07-18 00:00:00-04:00,25.723816046613766,25.737069217670058,25.452132359419533,25.65755271911621,13852000,0.0,0.0
2012-07-19 00:00:00-04:00,25.6840451229868,25.710551453323617,25.34609825843213,25.693986892700195,18050400,0.0,0.0
2012-07-20 00:00:00-04:00,25.60122020029071,25.627726536284467,25.442187239894835,25.521703720092773,16436000,0.0,0.0
2012-07-23 00:00:00-04:00,25.36266782969627,25.5117615288164,25.30302984449161,25.472002029418945,10655800,0.0,0.0
2012-07-24 00:00:00-04:00,25.478623430263735,25.495187988317774,25.21356522357515,25.399106979370117,10445800,0.0,0.0
2012-07-25 00:00:00-04:00,25.495202053918106,25.58466032233679,25.42231340825965,25.518394470214844,9020400,0.0,0.0
2012-07-26 00:00:00-04:00,25.743684063439627,26.14458537334814,25.743684063439627,26.124704360961914,14144600,0.0,0.0
2012-07-27 00:00:00-04:00,26.190970528483653,26.585241468992546,26.141271788548757,26.5090389251709,17825000,0.0,0.0
2012-07-30 00:00:00-04:00,26.429523875452354,26.893374637781584,26.36326056416959,26.87681007385254,15947800,0.0,0.0
2012-07-31 00:00:00-04:00,26.737652103180896,26.946386328917605,26.63494321609344,26.77078628540039,16333600,0.0,0.0
2012-08-01 00:00:00-04:00,26.827097943534586,26.919867544164738,26.701194176009068,26.840351104736328,12954600,0.0,0.0
2012-08-02 00:00:00-04:00,26.74758203116101,26.837037711307918,26.346680848309287,26.42288589477539,13393200,0.0,0.0
2012-08-03 00:00:00-04:00,26.568668504309148,26.833724153824377,26.50903054080635,26.78071403503418,11834200,0.0,0.0
2012-08-06 00:00:00-04:00,26.840353758155562,26.919870205444912,26.71113858339201,26.717763900756836,9179400,0.0,0.0
2012-08-07 00:00:00-04:00,26.784041352126067,26.830428709344158,26.422901961845756,26.429527282714844,12782800,0.0,0.0
2012-08-08 00:00:00-04:00,26.40963830922862,26.50572185428431,26.293676281672646,26.359939575195312,8790200,0.0,0.0
2012-08-09 00:00:00-04:00,26.330126585044543,26.432835466804338,26.118080974311564,26.253921508789062,9583400,0.0,0.0
2012-08-10 00:00:00-04:00,26.227415860514302,26.24398042181777,26.045187991695887,26.104825973510742,40577600,0.0,0.0
2012-08-13 00:00:00-04:00,26.048496055095544,26.101506178237326,25.87620746737452,26.041868209838867,8898200,0.0,2.0
2012-08-14 00:00:00-04:00,26.240666547328573,26.287051363517328,26.0087424663848,26.094886779785156,10841200,0.0,0.0
2012-08-15 00:00:00-04:00,26.12139130245082,26.207535618222245,25.995490016156406,26.07500648498535,7692500,0.0,0.0
2012-08-16 00:00:00-04:00,26.108139839089596,26.260547452771757,26.04850185740676,26.207534790039062,8824100,0.0,0.0
2012-08-17 00:00:00-04:00,26.280432588635357,26.326817416374407,26.02200211186536,26.19428825378418,10541000,0.0,0.0
2012-08-20 00:00:00-04:00,26.200914396252134,26.234046052796607,26.015372569593048,26.154529571533203,9211800,0.0,0.0
2012-08-21 00:00:00-04:00,26.114766900648238,26.30030617702771,25.99549092932342,26.015369415283203,8329000,0.0,0.0
2012-08-22 00:00:00-04:00,25.935847221375607,26.00873835752342,25.637657358853872,25.690670013427734,13479200,0.0,0.0
2012-08-23 00:00:00-04:00,25.717180929877124,25.737059414998335,25.193692247566304,25.25333023071289,14973300,0.0,0.0
2012-08-24 00:00:00-04:00,25.22683160800827,25.544900106064052,25.22683160800827,25.49188995361328,9317800,0.0,0.0
2012-08-27 00:00:00-04:00,25.55151994910985,25.55151994910985,25.259955354741443,25.293087005615234,9589400,0.0,0.0
2012-08-28 00:00:00-04:00,25.27320288619299,25.39247882497339,25.028025691047667,25.18043327331543,16148800,0.0,0.0
2012-08-29 00:00:00-04:00,25.21357427473164,25.21357427473164,24.769604526101972,24.822614669799805,23435400,0.0,0.0
2012-08-30 00:00:00-04:00,24.769591048932437,24.93525176549981,24.603930332365067,24.61055564880371,17041800,0.0,0.0
2012-08-31 00:00:00-04:00,24.789473675701995,24.902124296271733,24.61718761385589,24.782848358154297,20710300,0.0,0.0
2012-09-04 00:00:00-04:00,24.862372189669088,24.908757009622438,24.66357974304286,24.703336715698242,17293400,0.0,0.0
2012-09-05 00:00:00-04:00,24.756348452517184,24.928634559042624,24.5906876652576,24.855743408203125,20839200,0.0,0.0
2012-09-06 00:00:00-04:00,25.03466631853923,25.379241182653175,24.981656162097654,25.27984619140625,19851400,0.0,0.0
2012-09-07 00:00:00-04:00,25.432240334570896,25.511756790815095,25.008149197558403,25.114171981811523,16391700,0.0,0.0
2012-09-10 00:00:00-04:00,25.15393350806046,25.16718667446857,24.908756248968015,24.955141067504883,18216900,0.0,0.0
2012-09-11 00:00:00-04:00,24.935255064356166,25.067784160699635,24.88887025980329,25.028024673461914,16505000,0.0,0.0
2012-09-12 00:00:00-04:00,25.21148702869099,25.23817352084556,25.02468412857297,25.05137062072754,14632200,0.255,0.0
2012-09-13 00:00:00-04:00,25.17146577135056,25.678499113263626,25.091408812877642,25.58509635925293,23803400,0.0,0.0
2012-09-14 00:00:00-04:00,25.718527514672548,25.718527514672548,25.35826736736269,25.43165397644043,25087400,0.0,0.0
2012-09-17 00:00:00-04:00,25.458339296257073,25.605112507594775,25.371609440015266,25.58509635925293,23594400,0.0,0.0
2012-09-18 00:00:00-04:00,25.605104865582415,26.018735330034044,25.551731879220107,25.76521873474121,24373700,0.0,0.0
2012-09-19 00:00:00-04:00,25.791911326913468,25.891984427524964,25.625124522537423,25.698511123657227,26276800,0.0,0.0
2012-09-20 00:00:00-04:00,25.61177956720456,25.93200990488544,25.605109215258178,25.778566360473633,26953000,0.0,0.0
2012-09-21 00:00:00-04:00,25.838604541506864,25.84527743708352,25.27153057576235,25.371601104736328,98967500,0.0,0.0
2012-09-24 00:00:00-04:00,25.224839945364913,25.511713483597028,25.224839945364913,25.43165397644043,21902000,0.0,0.0
2012-09-25 00:00:00-04:00,25.49168870732744,25.531718447358717,25.124758331081697,25.13810157775879,20299200,0.0,0.0
2012-09-26 00:00:00-04:00,25.20482197947911,25.478352246804018,25.17813802398174,25.191478729248047,16677400,0.0,0.0
2012-09-27 00:00:00-04:00,25.391629525997732,25.58510032689629,25.284886049825516,25.55841636657715,15176100,0.0,0.0
2012-09-28 00:00:00-04:00,25.46501315468606,25.498372558193264,25.284885609566057,25.304899215698242,22721200,0.0,0.0
2012-10-01 00:00:00-04:00,25.458335074112338,25.751878903140057,25.451664722414517,25.6051082611084,16671400,0.0,0.0
2012-10-02 00:00:00-04:00,25.72519190128339,25.81191918789426,25.424975211188563,25.578418731689453,10276000,0.0,0.0
2012-10-03 00:00:00-04:00,25.565079664129414,25.698509608757632,25.44499296846047,25.511709213256836,13637100,0.0,0.0
2012-10-04 00:00:00-04:00,25.658481762780074,25.71852511506284,25.47835170593178,25.571754455566406,9654500,0.0,0.0
2012-10-05 00:00:00-04:00,25.67850681305711,25.75189089576562,25.518390303134932,25.738550186157227,12287900,0.0,0.0
2012-10-08 00:00:00-04:00,25.711863677009266,25.80526391406154,25.645147404139365,25.738550186157227,9434600,0.0,0.0
2012-10-09 00:00:00-04:00,25.685168994743215,25.90532880770982,25.658482494087,25.72519874572754,13078700,0.0,0.0
2012-10-10 00:00:00-04:00,25.78523388577363,25.83860432512,25.384944138337996,25.411630630493164,13754500,0.0,0.0
2012-10-11 00:00:00-04:00,25.485031160700707,25.538401629259468,25.364944425236793,25.42498779296875,10843800,0.0,0.0
2012-10-12 00:00:00-04:00,25.52505472716452,25.611784589260818,25.424984158559553,25.505041122436523,12059700,0.0,0.0
2012-10-15 00:00:00-04:00,25.411635569918342,25.51837901432347,25.35826257523355,25.438322067260742,13785100,0.0,0.0
2012-10-16 00:00:00-04:00,25.47167816304219,25.49836465959524,24.9779881566683,25.28487777709961,25811800,0.0,0.0
2012-10-17 00:00:00-04:00,25.39162949973101,25.451672864076098,25.151456042350667,25.178142547607422,15449600,0.0,0.0
2012-10-18 00:00:00-04:00,25.191477161089598,25.39829370934971,24.991333510012016,25.244850158691406,23063300,0.0,0.0
2012-10-19 00:00:00-04:00,25.304896446895718,25.3115667998882,24.951309204101562,24.951309204101562,19864500,0.0,0.0
2012-10-22 00:00:00-04:00,24.931288913820648,25.00467550937207,24.657758677197272,24.837888717651367,13340500,0.0,0.0
2012-10-23 00:00:00-04:00,24.657763536931487,24.67110678829467,24.37756289319964,24.42426300048828,13287300,0.0,0.0
2012-10-24 00:00:00-04:00,24.417593817526246,24.711140302250126,24.417593817526246,24.60439682006836,13531400,0.0,0.0
2012-10-25 00:00:00-04:00,24.68445012563611,24.811207196580362,24.584377012546188,24.74449348449707,10457900,0.0,0.0
2012-10-26 00:00:00-04:00,24.764504411812883,24.857904616617894,24.537674252301553,24.71113395690918,11896500,0.0,0.0
2012-10-31 00:00:00-04:00,24.791199287029013,24.95798615051682,24.63108277829587,24.804542541503906,11643500,0.0,0.0
2012-11-01 00:00:00-04:00,24.78453055639262,25.058060928638312,24.78453055639262,24.904617309570312,10622300,0.0,0.0
2012-11-02 00:00:00-04:00,25.071389409190214,25.118089502909,24.684442866989702,24.737815856933594,11237500,0.0,0.0
2012-11-05 00:00:00-05:00,24.65109257370693,24.677779075772897,24.437605647109038,24.531005859375,12139600,0.0,0.0
2012-11-06 00:00:00-05:00,24.63106804361804,25.004671310523204,24.591040849103805,24.964641571044922,11448400,0.0,0.0
2012-11-07 00:00:00-05:00,24.871254885840692,24.944641508888843,24.284166991386346,24.49765396118164,16745000,0.0,0.0
2012-11-08 00:00:00-05:00,24.450948216428667,24.75783534673625,24.257474899291992,24.257474899291992,12921700,0.0,0.0
2012-11-09 00:00:00-05:00,24.050653224354235,24.36421318589047,24.050653224354235,24.210769653320312,11520300,0.0,0.0
2012-11-12 00:00:00-05:00,24.210777131606037,24.210777131606037,24.01063344230078,24.070676803588867,10169700,0.0,0.0
2012-11-13 00:00:00-05:00,24.037314563388144,24.390904335879874,24.003957709936227,24.12404441833496,12105200,0.0,0.0
2012-11-14 00:00:00-05:00,24.144062101004085,24.257478475862165,23.930575148881452,24.023975372314453,13508300,0.0,0.0
2012-11-15 00:00:00-05:00,23.95059095572996,24.337535096523318,23.923904450857265,24.30417823791504,17643600,0.0,0.0
2012-11-16 00:00:00-05:00,24.344205274423775,24.450948737019324,24.197432058993062,24.390905380249023,15624800,0.0,0.0
2012-11-19 00:00:00-05:00,24.584378650190608,24.87792511082713,24.557694690558776,24.844568252563477,14076200,0.0,0.0
2012-11-20 00:00:00-05:00,24.837887373326687,24.864573869349094,24.58437075104249,24.85123062133789,12278600,0.0,0.0
2012-11-21 00:00:00-05:00,24.90461008910679,24.998010304506906,24.83122347844527,24.944637298583984,8631300,0.0,0.0
2012-11-23 00:00:00-05:00,25.051382509841492,25.31824246810809,25.011355297577122,25.304899215698242,5365500,0.0,0.0
2012-11-26 00:00:00-05:00,25.071398628079297,25.204826062072545,24.837895528660766,24.924625396728516,13217000,0.0,0.0
2012-11-27 00:00:00-05:00,24.97798481753768,25.211487813714925,24.911271130037925,24.964641571044922,11873700,0.0,0.0
2012-11-28 00:00:00-05:00,24.8941200031803,25.236698496089318,24.7194701343039,25.229982376098633,14846300,0.255,0.0
2012-11-29 00:00:00-05:00,25.3105969413736,25.50539779663086,25.189686242415814,25.50539779663086,12433700,0.0,0.0
2012-11-30 00:00:00-05:00,25.485236560550412,25.512106166026236,25.297154447072877,25.4718017578125,13039500,0.0,0.0
2012-12-03 00:00:00-05:00,25.45836890709832,25.48523594950335,25.07548600674118,25.109071731567383,12864900,0.0,0.0
2012-12-04 00:00:00-05:00,25.062048523013576,25.182959169393293,24.947853995909945,24.954572677612305,11794200,0.0,0.0
2012-12-05 00:00:00-05:00,24.988165442771322,25.18968238940113,24.9075591766048,25.062055587768555,14561400,0.0,0.0
2012-12-06 00:00:00-05:00,25.0822021267358,25.149373576388207,25.055332521904216,25.109071731567383,8974700,0.0,0.0
2012-12-07 00:00:00-05:00,25.14937019568507,25.350889642406152,25.115784475373626,25.33073616027832,10654700,0.0,0.0
2012-12-10 00:00:00-05:00,25.32402633567557,25.377762989045312,25.196396979372093,25.283721923828125,8603200,0.0,0.0
2012-12-11 00:00:00-05:00,25.277006887495343,25.51882824410087,25.243421157395012,25.431503295898438,10671300,0.0,0.0
2012-12-12 00:00:00-05:00,25.4516531295522,25.478522737450493,25.18968085861094,25.283721923828125,14681700,0.0,0.0
2012-12-13 00:00:00-05:00,25.324023300635478,25.384478629947754,25.209828761967167,25.25684928894043,11442100,0.0,0.0
2012-12-14 00:00:00-05:00,25.203116220299364,25.37104742973972,25.18968141605291,25.297157287597656,11800900,0.0,0.0
2012-12-17 00:00:00-05:00,25.384486673535623,25.4046376022161,25.109079544383953,25.189685821533203,17588900,0.0,0.0
2012-12-18 00:00:00-05:00,25.209829920733743,25.324024464650993,24.94114154888294,25.041898727416992,17952100,0.0,0.0
2012-12-19 00:00:00-05:00,25.0217470681385,25.04861667326116,24.699319493946295,24.706035614013672,17991900,0.0,0.0
2012-12-20 00:00:00-05:00,24.645587815056956,24.92099494565846,24.61872076415067,24.887409210205078,16182700,0.0,0.0
2012-12-21 00:00:00-05:00,24.853822173680513,24.981448986693177,24.538110639605698,24.779932022094727,27942400,0.0,0.0
2012-12-24 00:00:00-05:00,24.66573489891201,24.719471549192907,24.56497515629862,24.67245101928711,4851800,0.0,0.0
2012-12-26 00:00:00-05:00,24.652302842655946,24.719474303598425,24.343310022437375,24.464218139648438,9982100,0.0,0.0
2012-12-27 00:00:00-05:00,24.417197604503308,24.551543088815247,24.31644041308959,24.464218139648438,11380600,0.0,0.0
2012-12-28 00:00:00-05:00,24.329868884693706,24.464211771609182,24.148502912446233,24.161937713623047,14053400,0.0,0.0
2012-12-31 00:00:00-05:00,24.101483930706788,24.370172284145294,23.899967025021287,24.350021362304688,15651400,0.0,0.0
2013-01-02 00:00:00-05:00,24.84709934852006,25.25684928894043,24.62542895356621,25.25684928894043,21872400,0.0,0.0
2013-01-03 00:00:00-05:00,25.156092115037666,25.25684928894043,24.92770560012758,25.25684928894043,16357900,0.0,0.0
2013-01-04 00:00:00-05:00,25.29044116668788,25.438218888545098,25.203116220299364,25.297157287597656,15311300,0.0,0.0
2013-01-07 00:00:00-05:00,25.20312012038497,25.20312012038497,24.92099431240531,25.055339813232422,14610200,0.0,0.0
2013-01-08 00:00:00-05:00,24.98144681329135,25.041902153653954,24.79336467101969,24.88068962097168,14324300,0.0,0.0
2013-01-09 00:00:00-05:00,24.988153090491227,24.988153090491227,24.739615731253704,24.873958587646484,10563700,0.0,0.0
2013-01-10 00:00:00-05:00,24.934420200933776,24.968005923521794,24.69259889841784,24.82694435119629,15603700,0.0,0.0
2013-01-11 00:00:00-05:00,24.746343037684944,24.813514496251614,24.53139129535933,24.793363571166992,15644800,0.0,0.0
2013-01-14 00:00:00-05:00,24.82022588899707,24.927701728590467,24.71946616831682,24.847095489501953,11001500,0.0,0.0
2013-01-15 00:00:00-05:00,24.847101602321953,25.142659593309677,24.719472249737777,25.068769454956055,12721600,0.0,0.0
2013-01-16 00:00:00-05:00,24.99487931660243,25.135940910317473,24.934423981806443,25.068769454956055,9168000,0.0,0.0
2013-01-17 00:00:00-05:00,25.142664932853506,25.29716136293657,25.07549346322689,25.196401596069336,12121800,0.0,0.0
2013-01-18 00:00:00-05:00,25.18296830468008,25.33074604419775,25.062057614439222,25.32402992248535,14056100,0.0,0.0
2013-01-22 00:00:00-05:00,25.35089752068354,25.35089752068354,24.887405724097537,24.941144943237305,21249400,0.0,0.0
2013-01-23 00:00:00-05:00,24.90755921248845,25.028467330698927,24.88068960291857,24.941144943237305,13570200,0.0,0.0
2013-01-24 00:00:00-05:00,24.988159182507694,25.021744904793955,24.853813730936277,24.927703857421875,13258900,0.0,0.0
2013-01-25 00:00:00-05:00,24.97473417232576,25.02175471444597,24.79336812596467,24.887409210205078,14040700,0.0,0.0
2013-01-28 00:00:00-05:00,24.900835259096656,24.9277048629801,24.75977368234825,24.860530853271484,13386500,0.0,0.0
2013-01-29 00:00:00-05:00,24.773199831637495,25.236688805822894,24.759765034388206,25.135929107666016,17705800,0.0,0.0
2013-01-30 00:00:00-05:00,25.122514350980055,25.263575976598077,25.068775124595653,25.189685821533203,13219400,0.0,0.0
2013-01-31 00:00:00-05:00,25.209833896798983,25.209833896798983,24.9277106774955,25.01503562927246,12969100,0.0,0.0
2013-02-01 00:00:00-05:00,25.216556549072266,25.330748566544358,25.102361969172712,25.216556549072266,11932600,0.0,0.0
2013-02-04 00:00:00-05:00,25.176239793956317,25.243413796997547,25.05532915090831,25.08891487121582,9456300,0.0,0.0
2013-02-05 00:00:00-05:00,25.229978448365145,25.63301220815334,25.229978448365145,25.619577407836914,17897300,0.0,0.0
2013-02-06 00:00:00-05:00,25.612871127707407,25.81438808501134,25.525546173319086,25.733781814575195,16823700,0.0,0.0
2013-02-07 00:00:00-05:00,25.80766215961787,26.237568126978832,25.760641634854807,26.136808395385742,18805300,0.0,0.0
2013-02-08 00:00:00-05:00,26.096508947702546,26.15696428565755,25.928577738097182,26.04277229309082,12308000,0.0,0.0
2013-02-11 00:00:00-05:00,26.00246847273086,26.083077300125332,25.80095152909861,25.9352970123291,12159900,0.0,0.0
2013-02-12 00:00:00-05:00,25.599430473823485,25.63301619863001,25.04189770481431,25.229982376098633,30700500,0.0,0.0
2013-02-13 00:00:00-05:00,25.303871556695693,25.485237557109603,24.860533298715033,24.9948787689209,19943800,0.0,0.0
2013-02-14 00:00:00-05:00,25.01503264997619,25.196396090826827,24.652300643421416,24.746341705322266,22748600,0.0,0.0
2013-02-15 00:00:00-05:00,24.813501660959794,25.135929107666012,24.544813403250725,25.135929107666016,25204300,0.0,0.0
2013-02-19 00:00:00-05:00,25.196395292812884,25.371045170034495,25.16280956640155,25.303871154785156,14850600,0.0,0.0
2013-02-20 00:00:00-05:00,25.32402632139482,25.444936994442113,25.129225507882303,25.34417724609375,12949300,0.0,0.0
2013-02-21 00:00:00-05:00,25.270280838747237,25.3844753627176,25.142654076593264,25.33073616027832,14135100,0.0,0.0
2013-02-22 00:00:00-05:00,25.364329365936285,25.874841690063477,25.33074363571325,25.874841690063477,20102800,0.0,0.0
2013-02-25 00:00:00-05:00,25.901708482855447,26.009184345339218,25.337459564208984,25.337459564208984,15874600,0.0,0.0
2013-02-26 00:00:00-05:00,25.491958027709135,25.65317055332066,25.37776347317632,25.59943389892578,15770000,0.0,0.0
2013-02-27 00:00:00-05:00,25.54569972708752,25.888280895914935,25.47180957057857,25.82782554626465,14271100,0.0,0.0
2013-02-28 00:00:00-05:00,25.841258376466143,26.177120834959638,25.80767008067503,26.00918960571289,19005500,0.0,0.0
2013-03-01 00:00:00-05:00,25.854683142392556,26.056200026750066,25.854683142392556,25.995744705200195,13724500,0.0,0.0
2013-03-04 00:00:00-05:00,25.928570920200848,26.07635116577148,25.827813758387787,26.076351165771484,9934300,0.0,0.0
2013-03-05 00:00:00-05:00,26.183830065704157,26.197264867999444,25.901706904782746,25.98231315612793,13240700,0.0,0.0
2013-03-06 00:00:00-05:00,26.062926408298193,26.22414151671947,25.995754941205206,26.21070671081543,11653900,0.0,0.0
2013-03-07 00:00:00-05:00,26.224141147185463,26.324898346405142,26.089795652465384,26.277877807617188,15094900,0.0,0.0
2013-03-08 00:00:00-05:00,26.3114568028226,26.479387987611897,26.217415749328836,26.34504508972168,11183600,0.0,0.0
2013-03-11 00:00:00-04:00,26.331610280710674,26.452520938722156,26.318175478439784,26.405500411987305,9200400,0.0,0.0
2013-03-12 00:00:00-04:00,26.385342760297267,26.405496241734,26.06291524399687,26.170391082763672,11375900,0.0,0.0
2013-03-13 00:00:00-04:00,26.265121391815814,26.298950243985242,26.08244249292973,26.109506607055664,14358300,0.28,0.0
2013-03-14 00:00:00-04:00,26.26512032456063,26.468096010305477,26.156866453431654,26.40043830871582,14572500,0.0,0.0
2013-03-15 00:00:00-04:00,26.265119507027674,26.34630926260331,26.15686563926823,26.271886825561523,20781900,0.0,0.0
2013-03-18 00:00:00-04:00,26.123035094323065,26.34630755291118,26.095970983895526,26.22452163696289,11479900,0.0,0.0
2013-03-19 00:00:00-04:00,26.332772853858547,26.657536984431076,26.265115165558235,26.61017608642578,15192000,0.0,0.0
2013-03-20 00:00:00-04:00,26.657545823510695,27.009369016499907,26.630481706826533,26.975540161132812,19271900,0.0,0.0
2013-03-21 00:00:00-04:00,26.962003161682304,27.354425038757995,26.901110200790413,27.11085319519043,23063600,0.0,0.0
2013-03-22 00:00:00-04:00,27.049960929758424,27.252936610958024,26.98906796730096,27.090557098388672,16128500,0.0,0.0
2013-03-25 00:00:00-04:00,27.137905751887335,27.23262752161527,27.03641666662189,27.144670486450195,15718400,0.0,0.0
2013-03-26 00:00:00-04:00,27.15145102393497,27.537105606186508,27.15145102393497,27.530338287353516,13666500,0.0,0.0
2013-03-27 00:00:00-04:00,27.367957991996214,27.428850954884744,27.104089346471202,27.212343215942383,14559900,0.0,0.0
2013-03-28 00:00:00-04:00,27.320597207774835,27.469444665854457,27.07702535512983,27.361190795898438,14227200,0.0,0.0
2013-04-01 00:00:00-04:00,27.327356186257905,27.39501645383099,27.178506178572423,27.367952346801758,8200500,0.0,0.0
2013-04-02 00:00:00-04:00,27.354429138257967,27.672426046236534,27.347661818824815,27.550640106201172,13359200,0.0,0.0
2013-04-03 00:00:00-04:00,27.591244823318988,27.618308950011215,27.117635511090867,27.178525924682617,13639200,0.0,0.0
2013-04-04 00:00:00-04:00,27.24617129048571,27.46267902326382,27.198810385251484,27.428850173950195,11435900,0.0,0.0
2013-04-05 00:00:00-04:00,27.20556539195759,27.307054484574056,27.070247462127252,27.117610931396484,10729500,0.0,0.0
2013-04-08 00:00:00-04:00,27.104091555191175,27.652125684871557,26.907880594230427,27.645360946655273,22757900,0.0,0.0
2013-04-09 00:00:00-04:00,27.61152356264722,27.82803125233972,27.408545345207166,27.54386329650879,21056100,0.0,0.0
2013-04-10 00:00:00-04:00,27.591220840416906,27.855089393862787,27.54385995036123,27.787431716918945,9703700,0.0,0.0
2013-04-11 00:00:00-04:00,27.828037147566395,28.017480770936174,27.78067624172395,27.861865997314453,10962500,0.0,0.0
2013-04-12 00:00:00-04:00,27.679187339350147,27.81450532043208,27.523572564447456,27.794208526611328,10394700,0.0,0.0
2013-04-15 00:00:00-04:00,27.63858911916332,27.733313505572504,27.097319815988975,27.1243839263916,16050600,0.0,0.0
2013-04-16 00:00:00-04:00,28.01071942264398,28.741432473325627,27.909230280143923,28.667007446289062,32135700,0.0,0.0
2013-04-17 00:00:00-04:00,28.511385275178124,28.890275050683226,28.43696026740253,28.788785934448242,24208000,0.0,0.0
2013-04-18 00:00:00-04:00,28.741431240204403,28.856452435501343,28.477562578196594,28.48432731628418,16034200,0.0,0.0
2013-04-19 00:00:00-04:00,28.60610681204001,28.93763568519513,28.551981176591973,28.863210678100586,13875800,0.0,0.0
2013-04-22 00:00:00-04:00,28.76849252387733,28.9917649924631,28.68730276993485,28.903810501098633,10544100,0.0,0.0
2013-04-23 00:00:00-04:00,28.944401592838133,29.066187503742896,28.592575914777214,28.890275955200195,11216200,0.0,0.0
2013-04-24 00:00:00-04:00,28.849676598493485,29.02559070854358,28.484318906212742,28.518150329589844,11368200,0.0,0.0
2013-04-25 00:00:00-04:00,28.592585646259227,28.782031894908812,28.470802274881034,28.653478622436523,10197100,0.0,0.0
2013-04-26 00:00:00-04:00,28.53845554488886,28.70760238781448,28.477562578196594,28.48432731628418,15159800,0.0,0.0
2013-04-29 00:00:00-04:00,28.579044342041016,28.612873185702025,28.362534064464835,28.579044342041016,11311100,0.0,0.0
2013-04-30 00:00:00-04:00,28.518150548780593,28.680530025947704,28.33547170123615,28.639936447143555,13432200,0.0,0.0
2013-05-01 00:00:00-04:00,28.51816037449479,28.795561109458898,28.511393055045637,28.558753967285156,8710600,0.0,0.0
2013-05-02 00:00:00-04:00,28.186613730111837,28.524907223070922,28.07159518137352,28.389589309692383,18709600,0.0,0.0
2013-05-03 00:00:00-04:00,28.53168086374521,28.70082766302558,28.389598171783774,28.579044342041016,11757800,0.0,0.0
2013-05-06 00:00:00-04:00,28.612871639974305,28.612871639974305,28.32870369042746,28.470788955688477,9356100,0.0,0.0
2013-05-07 00:00:00-04:00,28.558747068631565,28.897040692039116,28.51815348564699,28.890275955200195,13785300,0.0,0.0
2013-05-08 00:00:00-04:00,28.78202969163269,28.876751518218292,28.524925747345925,28.727901458740234,12636300,0.0,0.0
2013-05-09 00:00:00-04:00,28.761724772206623,28.79555620173411,28.416666387417294,28.49785614013672,10113700,0.0,0.0
2013-05-10 00:00:00-04:00,28.491086223278256,28.579043278303303,28.315172113228165,28.518150329589844,9927000,0.0,0.0
2013-05-13 00:00:00-04:00,28.511390570017863,28.714366259206926,28.416668753794692,28.54521942138672,9291000,0.0,0.0
2013-05-14 00:00:00-04:00,28.538446287948712,28.869972547200078,28.42342512996088,28.76848602294922,13023900,0.0,0.0
2013-05-15 00:00:00-04:00,28.754961906353266,29.16091327734673,28.680536886110094,29.039127349853516,12306200,0.0,0.0
2013-05-16 00:00:00-04:00,29.03235647799903,29.38418212964671,28.951166737149666,29.154142379760742,12330000,0.0,0.0
2013-05-17 00:00:00-04:00,29.127077903396415,29.181206117260313,28.795551626893573,29.072952270507812,12611200,0.0,0.0
2013-05-20 00:00:00-04:00,29.059417732540822,29.059417732540822,28.6196350659104,28.673763275146484,9966000,0.0,0.0
2013-05-21 00:00:00-04:00,28.741425520324213,28.79555373815674,28.464024856371218,28.646703720092773,9148800,0.0,0.0
2013-05-22 00:00:00-04:00,28.606116041604473,28.998537994360486,28.443736501894314,28.585819244384766,13615600,0.0,0.0
2013-05-23 00:00:00-04:00,28.36929512023926,28.464016893973653,28.11895863523054,28.369295120239258,10934200,0.0,0.0
2013-05-24 00:00:00-04:00,28.105432787860906,28.666998819364572,28.078368680541967,28.579044342041016,11542100,0.0,0.0
2013-05-28 00:00:00-04:00,28.822614779534756,29.127079547264263,28.6872993991887,28.788785934448242,14412100,0.0,0.0
2013-05-29 00:00:00-04:00,28.646702721429666,28.707595673880707,27.949818717470833,28.010711669921875,16986600,0.0,0.0
2013-05-30 00:00:00-04:00,28.07160483546444,28.146027261491415,27.570929158069095,27.584461212158203,20874500,0.0,0.0
2013-05-31 00:00:00-04:00,27.50327201830385,27.584461763485816,27.056724548339844,27.056724548339844,26184400,0.0,0.0
2013-06-03 00:00:00-04:00,27.029661043670224,27.631823280763026,26.813153331029568,27.611526489257812,16577200,0.0,0.0
2013-06-04 00:00:00-04:00,28.139275065745984,28.227232166037258,27.706259465814412,28.024253845214844,19241000,0.0,0.0
2013-06-05 00:00:00-04:00,28.01071151011035,28.01071151011035,27.469439677644633,27.503271102905273,16429300,0.0,0.0
2013-06-06 00:00:00-04:00,27.435613675301358,27.59799575805664,27.273234173521725,27.59799575805664,11171600,0.0,0.0
2013-06-07 00:00:00-04:00,27.87539623461427,28.233986664303096,27.726546208263912,28.017478942871094,14459600,0.0,0.0
2013-06-10 00:00:00-04:00,28.078373732873004,28.091905788967388,27.767144185629565,27.861865997314453,11247400,0.0,0.0
2013-06-11 00:00:00-04:00,27.658888716467914,27.726546412046822,27.334127131933,27.59799575805664,16491600,0.0,0.0
2013-06-12 00:00:00-04:00,27.78874567329808,27.890933664326457,27.441299746883494,27.516239166259766,11611100,0.28,0.0
2013-06-13 00:00:00-04:00,27.461741838898583,27.577555425344027,27.03254496215835,27.52986717224121,17861200,0.0,0.0
2013-06-14 00:00:00-04:00,27.5094327245431,27.788750776081297,27.427679198130605,27.482181549072266,13635100,0.0,0.0
2013-06-17 00:00:00-04:00,27.618427754089787,27.870494565598808,27.523051263184453,27.713804244995117,12409200,0.0,0.0
2013-06-18 00:00:00-04:00,27.727441995895305,27.925009155927473,27.638876958843714,27.884132385253906,9893100,0.0,0.0
2013-06-19 00:00:00-04:00,27.938624369926746,28.231567981166837,27.52986717224121,27.52986717224121,16936100,0.0,0.0
2013-06-20 00:00:00-04:00,27.434498347235216,27.48899810940536,26.548855771741557,26.65785789489746,24899700,0.0,0.0
2013-06-21 00:00:00-04:00,26.998477549495476,27.230107280483665,26.77365931111822,27.087039947509766,21938300,0.0,0.0
2013-06-24 00:00:00-04:00,26.87586293763086,27.257369080574016,26.657858684858862,26.930362701416016,16433700,0.0,0.0
2013-06-25 00:00:00-04:00,27.127922623230106,27.202862052386184,26.869041667640477,27.059797286987305,12942100,0.0,0.0
2013-06-26 00:00:00-04:00,27.305050665398944,27.577554589323316,27.291425079380506,27.475366592407227,13855600,0.0,0.0
2013-06-27 00:00:00-04:00,27.69337027153711,27.85006060970056,27.41405226023448,27.427675247192383,11459100,0.0,0.0
2013-06-28 00:00:00-04:00,27.420877036074423,27.550316265391444,27.318686392686867,27.32550048828125,16316000,0.0,0.0
2013-07-01 00:00:00-04:00,27.591183594236885,27.877313139634747,27.495807079104264,27.563932418823242,10754300,0.0,0.0
2013-07-02 00:00:00-04:00,27.57075820118278,27.754699814987394,27.37319099389454,27.50263023376465,12248300,0.0,0.0
2013-07-03 00:00:00-04:00,27.414059413094876,27.63206364470945,27.270992024560268,27.584375381469727,5264800,0.0,0.0
2013-07-05 00:00:00-04:00,27.741065917303356,27.795565676107305,27.352745715119227,27.604812622070312,10402200,0.0,0.0
2013-07-08 00:00:00-04:00,27.693372426831793,27.7683092561914,27.53667947765863,27.618432998657227,9936300,0.0,0.0
2013-07-09 00:00:00-04:00,27.836438974241716,27.979503746935055,27.741062459112822,27.816001892089844,8760500,0.0,0.0
2013-07-10 00:00:00-04:00,27.877306058314417,27.90455722680579,27.61161366255971,27.713804244995117,9539300,0.0,0.0
2013-07-11 00:00:00-04:00,27.93182007086802,28.03401069601937,27.75469259926331,27.95225715637207,13489600,0.0,0.0
2013-07-12 00:00:00-04:00,27.95225715637207,28.02038510607815,27.747878504884927,27.95225715637207,10686400,0.0,0.0
2013-07-15 00:00:00-04:00,27.965872691080268,28.10212594268652,27.884121779642363,27.938621520996094,11418400,0.0,0.0
2013-07-16 00:00:00-04:00,27.100678255616653,27.591189115965943,26.90992518717666,27.40724754333496,33575600,0.0,0.0
2013-07-17 00:00:00-04:00,27.62524023162783,27.918183806317167,27.4617384124798,27.82280731201172,18513100,0.0,0.0
2013-07-18 00:00:00-04:00,27.836436553003754,27.979501313253195,27.754685632691917,27.8023738861084,9708800,0.0,0.0
2013-07-19 00:00:00-04:00,27.85006495550956,27.99994122476645,27.78875110937237,27.99312973022461,11401100,0.0,0.0
2013-07-22 00:00:00-04:00,27.98631172997431,28.02718588535404,27.768304973086003,27.82280731201172,9425100,0.0,0.0
2013-07-23 00:00:00-04:00,27.897756223229226,28.020383928732116,27.78875410709504,27.90456771850586,9400900,0.0,0.0
2013-07-24 00:00:00-04:00,28.013570415220922,28.020384509454217,27.76150350371443,27.836442947387695,10511000,0.0,0.0
2013-07-25 00:00:00-04:00,27.802370234321856,27.850058481474576,27.57755198447511,27.82280731201172,9147300,0.0,0.0
2013-07-26 00:00:00-04:00,27.693377585914735,27.693377585914735,27.257366522474616,27.68656349182129,12279600,0.0,0.0
2013-07-29 00:00:00-04:00,27.666129231928462,27.713817500189872,27.427685291805716,27.44131088256836,10132000,0.0,0.0
2013-07-30 00:00:00-04:00,27.536678876955225,27.74787157003873,27.420865289622753,27.46855354309082,10769400,0.0,0.0
2013-07-31 00:00:00-04:00,27.529861716069103,27.645677878375704,27.291420497811934,27.30504608154297,13557100,0.0,0.0
2013-08-01 00:00:00-04:00,27.523056648729483,27.76149792264956,27.523056648729483,27.638870239257812,12001100,0.0,0.0
2013-08-02 00:00:00-04:00,27.270986996630967,27.529867948499394,27.189236074551708,27.400428771972656,25516600,0.0,0.0
2013-08-05 00:00:00-04:00,27.37317497424669,27.570742065912423,27.37317497424669,27.4481143951416,9933200,0.0,0.0
2013-08-06 00:00:00-04:00,27.40725367819549,27.54350701421553,27.291440031809007,27.50263023376465,8645600,0.0,0.0
2013-08-07 00:00:00-04:00,27.461752914798222,27.47537850672521,27.29143691393476,27.352750778198242,9301800,0.0,0.0
2013-08-08 00:00:00-04:00,27.45492991942345,27.495806681953486,27.264176891913454,27.386804580688477,9481100,0.0,0.0
2013-08-09 00:00:00-04:00,27.420860490650238,27.468548735772302,27.28460724795244,27.359546661376953,9021600,0.0,0.0
2013-08-12 00:00:00-04:00,27.277797946934044,27.318672103857327,27.05297968859736,27.134733200073242,13970000,0.0,0.0
2013-08-13 00:00:00-04:00,27.202872386207975,27.28462334051787,26.909928651213537,27.01211929321289,13548700,0.0,0.0
2013-08-14 00:00:00-04:00,26.971239473366648,27.032553331884756,26.807734984379806,26.930362701416016,13787100,0.0,0.0
2013-08-15 00:00:00-04:00,26.77366857393845,26.841796517689993,26.58291552906479,26.630603790283203,14227800,0.0,0.0
2013-08-16 00:00:00-04:00,26.589731723904777,26.691922358187146,26.371727462997118,26.603357315063477,20565200,0.0,0.0
2013-08-19 00:00:00-04:00,26.603350332356566,26.630601507521227,26.358094953504843,26.419408798217773,11913000,0.0,0.0
2013-08-20 00:00:00-04:00,26.46709938402862,26.664666523132485,26.330848693847656,26.330848693847656,10238200,0.0,0.0
2013-08-21 00:00:00-04:00,26.3172192766442,26.36490753103329,26.058338325092738,26.07877540588379,15799000,0.0,0.0
2013-08-22 00:00:00-04:00,26.106029863379128,26.242283149693773,25.956150988551492,26.099218368530273,10307900,0.0,0.0
2013-08-23 00:00:00-04:00,26.30359480386791,26.30359480386791,26.14009035416981,26.242280960083008,11302800,0.0,0.0
2013-08-26 00:00:00-04:00,26.29678054473221,26.29678054473221,25.962962751978313,25.96977424621582,12740600,0.0,0.0
2013-08-27 00:00:00-04:00,25.874399102828654,26.05152914815511,25.75177140954578,25.990215301513672,16742500,0.0,0.0
2013-08-28 00:00:00-04:00,25.92889843032678,26.24909061538001,25.922084337708586,26.126462936401367,19245200,0.0,0.0
2013-08-29 00:00:00-04:00,26.20821760926078,26.20821760926078,25.956148147583004,25.956148147583008,14215700,0.0,0.0
2013-08-30 00:00:00-04:00,25.997026954020598,26.07877788376735,25.888024848086523,26.010652542114258,14296600,0.0,0.0
2013-09-03 00:00:00-04:00,26.071963553275374,26.160528566843322,25.75176876494004,25.819896697998047,19068500,0.0,0.0
2013-09-04 00:00:00-04:00,25.80626743775406,26.385340492831542,25.758579190809538,26.255901336669922,19138600,0.0,0.0
2013-09-05 00:00:00-04:00,26.317217544018106,26.35809170290921,25.928897441663917,26.051525115966797,14290500,0.0,0.0
2013-09-06 00:00:00-04:00,26.14690261544106,26.31040445486933,25.956147004354904,26.126462936401367,13976900,0.0,0.0
2013-09-09 00:00:00-04:00,26.242280960083008,26.26271804173962,26.07196501610439,26.242280960083008,10605500,0.0,0.0
2013-09-10 00:00:00-04:00,26.41261060158634,26.419422099399288,26.23548047265283,26.31723403930664,11757300,0.0,0.0
2013-09-11 00:00:00-04:00,26.35128345912123,26.419408798217773,26.24909285166131,26.419408798217773,11996500,0.0,0.0
2013-09-12 00:00:00-04:00,26.4811667575647,26.494891438963332,26.26843812245888,26.378232955932617,12114100,0.28,0.0
2013-09-13 00:00:00-04:00,26.460588622689773,26.58410817293839,26.364515825383908,26.549795150756836,11623600,0.0,0.0
2013-09-16 00:00:00-04:00,26.78311021674613,26.899768736022843,26.584108818924186,26.666454315185547,13351500,0.0,0.0
2013-09-17 00:00:00-04:00,26.63213097477326,26.824271245300096,26.618406295776364,26.618406295776367,12881700,0.0,0.0
2013-09-18 00:00:00-04:00,26.632139355280515,27.174249948815653,26.474309423723128,27.167388916015625,18030500,0.0,0.0
2013-09-19 00:00:00-04:00,27.20169906512848,27.2222847810548,26.865453488992188,26.975248336791992,14251700,0.0,0.0
2013-09-20 00:00:00-04:00,26.988971298931773,27.037006378173828,26.611549079579223,27.037006378173828,30675300,0.0,0.0
2013-09-23 00:00:00-04:00,26.872314247272286,26.89289996298836,26.378236128361554,26.50861930847168,19016200,0.0,0.0
2013-09-24 00:00:00-04:00,26.57037798679007,26.673309178876877,26.433133779625475,26.43999481201172,15083300,0.0,0.0
2013-09-25 00:00:00-04:00,26.522348904566257,26.54293462409566,26.282170833286706,26.302759170532227,11446100,0.0,0.0
2013-09-26 00:00:00-04:00,26.412540446177942,26.584095001220703,26.343917053531975,26.584095001220703,10941100,0.0,0.0
2013-09-27 00:00:00-04:00,26.46744590599919,26.47430955654933,26.179235408069875,26.35079002380371,12609600,0.0,0.0
2013-09-30 00:00:00-04:00,26.206675887415884,26.282160319114325,25.904740778337192,25.99394989013672,18101500,0.0,0.0
2013-10-01 00:00:00-04:00,26.07630449827685,26.13806427153404,25.81554072033361,26.041994094848633,13196000,0.0,0.0
2013-10-02 00:00:00-04:00,25.94592345653125,25.94592345653125,25.534190769570237,25.68515968322754,25664200,0.0,0.0
2013-10-03 00:00:00-04:00,25.70574294463518,25.70574294463518,25.47929221350744,25.4998779296875,14437900,0.0,0.0
2013-10-04 00:00:00-04:00,25.561636982443265,25.57536166541877,25.32832260729086,25.527326583862305,17217500,0.0,0.0
2013-10-07 00:00:00-04:00,25.444973397886816,25.650838344743395,25.27341883922053,25.42438507080078,16708600,0.0,0.0
2013-10-08 00:00:00-04:00,25.458696764824875,25.671425370859737,25.32145520502428,25.582216262817383,20471300,0.0,0.0
2013-10-09 00:00:00-04:00,25.650843703856264,25.678290449513923,25.396941019228763,25.444978713989258,18998900,0.0,0.0
2013-10-10 00:00:00-04:00,25.918471990149232,25.98023175731066,25.698882288623217,25.92533302307129,17174400,0.0,0.0
2013-10-11 00:00:00-04:00,26.02139391673839,26.02139391673839,25.74690819651029,25.9184627532959,14266900,0.0,0.0
2013-10-14 00:00:00-04:00,25.77437377183177,26.041998629980288,25.74006074471206,26.014549255371094,14202900,0.0,0.0
2013-10-15 00:00:00-04:00,26.199820973343307,26.330201538172208,25.801813010630323,25.842987060546875,21676600,0.0,0.0
2013-10-16 00:00:00-04:00,26.083158791836084,26.240991318709824,25.92532888267765,26.076297760009766,17995100,0.0,0.0
2013-10-17 00:00:00-04:00,26.117472643112112,26.46058183518692,26.083159629732318,26.453718185424805,15900200,0.0,0.0
2013-10-18 00:00:00-04:00,26.47430778819396,26.611549377441406,26.36451032845118,26.611549377441406,18896600,0.0,0.0
2013-10-21 00:00:00-04:00,26.72819950147528,26.72819950147528,26.48802156005631,26.63899040222168,12977500,0.0,0.0
2013-10-22 00:00:00-04:00,26.666449853017028,26.934074634371175,26.549791353261096,26.82427978515625,17110200,0.0,0.0
2013-10-23 00:00:00-04:00,26.81741875233093,26.934074634371175,26.625275802918047,26.82427978515625,12591800,0.0,0.0
2013-10-24 00:00:00-04:00,26.865458453876833,27.01642476142868,26.597831008797364,26.625280380249023,17143800,0.0,0.0
2013-10-25 00:00:00-04:00,26.65272908037981,26.851733091817678,26.50862381046249,26.783109664916992,14383400,0.0,0.0
2013-10-28 00:00:00-04:00,26.776237676316132,27.270315676998184,26.75565196552605,27.181106567382812,16552100,0.0,0.0
2013-10-29 00:00:00-04:00,27.153664891881643,27.421289678746053,27.002695989459365,27.311494827270508,14199600,0.0,0.0
2013-10-30 00:00:00-04:00,27.366385517690237,27.37324654864006,27.11248287139207,27.18796730041504,12360000,0.0,0.0
2013-10-31 00:00:00-04:00,27.112489586212643,27.35266761237992,27.112489586212643,27.153663635253906,14853500,0.0,0.0
2013-11-01 00:00:00-04:00,27.153657207852696,27.256590997233126,26.988966286102016,27.181106567382812,12430400,0.0,0.0
2013-11-04 00:00:00-05:00,27.249724328298473,27.31834771951796,26.96837496858537,27.11248016357422,10252100,0.0,0.0
2013-11-05 00:00:00-05:00,27.009562603615024,27.201702960349817,26.913492425247625,27.105632781982422,10575000,0.0,0.0
2013-11-06 00:00:00-05:00,27.18796769163266,27.59970023285116,27.050723511226494,27.483041763305664,17198000,0.0,0.0
2013-11-07 00:00:00-05:00,27.503631606896086,27.62028746515246,27.284039335521154,27.332077026367188,16233200,0.0,0.0
2013-11-08 00:00:00-05:00,27.270315770505366,27.483041763305664,27.098761199426413,27.483041763305664,11903600,0.0,0.0
2013-11-11 00:00:00-05:00,27.455597747559256,27.483047112526158,27.290906793188896,27.359527587890625,9567800,0.0,0.0
2013-11-12 00:00:00-05:00,27.386991212646482,27.44188997116483,27.187987139592803,27.366405487060547,10509200,0.0,0.0
2013-11-13 00:00:00-05:00,27.325215258705185,27.53108024597168,27.208559392416465,27.53108024597168,11770500,0.0,0.0
2013-11-14 00:00:00-05:00,27.510496624425794,27.75067202488014,27.469322576755534,27.59284210205078,10887200,0.0,0.0
2013-11-15 00:00:00-05:00,27.558530696267763,27.66832553498933,27.421286493436945,27.59970474243164,12021500,0.0,0.0
2013-11-18 00:00:00-05:00,27.613423504231186,27.613423504231186,27.448729972601033,27.565385818481445,9553900,0.0,0.0
2013-11-19 00:00:00-05:00,27.544811248779297,27.60657102090411,27.393842335203992,27.544811248779297,11014800,0.0,0.0
2013-11-20 00:00:00-05:00,27.48304075517473,27.7575291059183,27.407556327834502,27.489904403686523,14422500,0.0,0.0
2013-11-21 00:00:00-05:00,27.58598073278439,27.784984700854018,27.517357320838563,27.743810653686523,26364300,0.0,0.0
2013-11-22 00:00:00-05:00,27.682050891793036,27.76439636841252,27.510496288501734,27.743810653686523,26396500,0.0,0.0
2013-11-25 00:00:00-05:00,27.778123075884256,28.052611508247317,27.675191877034884,27.702638626098633,14059100,0.0,0.0
2013-11-26 00:00:00-05:00,27.78499008111709,27.860471922300484,27.613435444606086,27.620296478271484,14240400,0.0,0.0
2013-11-27 00:00:00-05:00,27.703212575639505,27.903610604559578,27.426801319470222,27.772314071655273,9909100,0.28,0.0
2013-11-29 00:00:00-05:00,27.827597377310372,27.972712100575347,27.71703340205328,27.772314071655273,8641100,0.0,0.0
2013-12-02 00:00:00-05:00,27.710124420369485,27.779228559295245,27.46826652426273,27.696306228637695,16738800,0.0,0.0
2013-12-03 00:00:00-05:00,27.67557401727096,27.910522820468998,27.647932361352748,27.88288116455078,16592300,0.0,0.0
2013-12-04 00:00:00-05:00,27.779232528562382,27.96580977624119,27.599564377736677,27.896705627441406,13196100,0.0,0.0
2013-12-05 00:00:00-05:00,27.8345113636851,27.917436336739662,27.502819379627546,27.52355194091797,18171200,0.0,0.0
2013-12-06 00:00:00-05:00,27.675568679187176,27.986530658155033,27.675568679187176,27.95888900756836,12557100,0.0,0.0
2013-12-09 00:00:00-05:00,27.91742706298828,27.98652854819237,27.77922145652741,27.91742706298828,12237100,0.0,0.0
2013-12-10 00:00:00-05:00,27.82068723459217,27.841419793423178,27.468265367104078,27.53736686706543,15967800,0.0,0.0
2013-12-11 00:00:00-05:00,27.606471132416686,27.875970674003117,27.56500865061367,27.73085594177246,14963500,0.0,0.0
2013-12-12 00:00:00-05:00,27.634111636359073,27.78613545786716,27.074380017563445,27.095109939575195,19817700,0.0,0.0
2013-12-13 00:00:00-05:00,27.274787466017138,27.392260579374007,27.095119293048427,27.10894012451172,14037400,0.0,0.0
2013-12-16 00:00:00-05:00,27.267863864483846,27.343877086421728,27.08819840576488,27.13656997680664,14562100,0.0,0.0
2013-12-17 00:00:00-05:00,27.032926742653327,27.122760828716185,26.86017030425386,27.019105911254883,17655700,0.0,0.0
2013-12-18 00:00:00-05:00,27.12965774882259,27.696301037595976,26.94999229339654,27.65483856201172,23884500,0.0,0.0
2013-12-19 00:00:00-05:00,27.620286593642632,27.710117999350242,27.336966279831717,27.544273376464844,14791800,0.0,0.0
2013-12-20 00:00:00-05:00,27.585738062831393,27.77231527341121,27.53736648631661,27.668663024902344,22237200,0.0,0.0
2013-12-23 00:00:00-05:00,27.710124430691597,27.8068702252237,27.55118886518319,27.7515869140625,10943200,0.0,0.0
2013-12-24 00:00:00-05:00,27.7584932452415,27.85523903013792,27.71012167081984,27.772314071655273,4783800,0.0,0.0
2013-12-26 00:00:00-05:00,27.793057960076663,28.014186000741123,27.737774631883457,27.97963523864746,8588300,0.0,0.0
2013-12-27 00:00:00-05:00,28.11783113632135,28.18693527898884,28.007267144106862,28.09710121154785,6762200,0.0,0.0
2013-12-30 00:00:00-05:00,28.17311335716001,28.42879208497402,28.166201625134725,28.394241333007812,10927500,0.0,0.0
2013-12-31 00:00:00-05:00,28.421877947232474,28.601543407217854,28.318223073667838,28.546262741088867,11729200,0.0,0.0
2014-01-02 00:00:00-05:00,28.41497235965781,28.490985598565302,27.993446315573365,28.09710121154785,12698600,0.0,0.0
2014-01-03 00:00:00-05:00,28.110915449742173,28.145466194949073,27.88287578648145,27.95888900756836,10403400,0.0,0.0
2014-01-06 00:00:00-05:00,27.972707549386108,28.048720764267884,27.75157963484967,27.827592849731445,11036300,0.0,0.0
2014-01-07 00:00:00-05:00,27.972720602721857,28.13856793404238,27.841426665964622,27.9105281829834,11872300,0.0,0.0
2014-01-08 00:00:00-05:00,27.94507642471709,27.94507642471709,27.52355299117935,27.599563598632812,15339600,0.0,0.0
2014-01-09 00:00:00-05:00,27.60646943243474,27.64102018044968,27.309328254610655,27.454442977905273,14070200,0.0,0.0
2014-01-10 00:00:00-05:00,27.61338022802389,27.84141992386057,27.57192038227414,27.73085594177246,13290000,0.0,0.0
2014-01-13 00:00:00-05:00,27.641030896636273,27.730864985145494,27.295518010428317,27.316247940063477,14091900,0.0,0.0
2014-01-14 00:00:00-05:00,27.392250933054584,27.58573723329534,27.35079108931907,27.426801681518555,12801100,0.0,0.0
2014-01-15 00:00:00-05:00,27.523546251823046,27.599556840664718,27.35078988108166,27.47517204284668,12844900,0.0,0.0
2014-01-16 00:00:00-05:00,27.48899199374676,27.516633644838166,27.35078901039563,27.44062042236328,11063100,0.0,0.0
2014-01-17 00:00:00-05:00,27.44752548756953,27.46825540282738,27.14347267150879,27.14347267150879,13992700,0.0,0.0
2014-01-21 00:00:00-05:00,27.39224145833471,27.58572769165039,27.31622825637434,27.58572769165039,17579000,0.0,0.0
2014-01-22 00:00:00-05:00,27.634116622905683,27.703218132782908,27.46826930872525,27.571924209594727,9841700,0.0,0.0
2014-01-23 00:00:00-05:00,27.371529227252225,27.392259155342447,27.032925464139645,27.1158504486084,14828100,0.0,0.0
2014-01-24 00:00:00-05:00,27.00527329280016,27.122746342865266,26.825605216632468,26.839426040649414,16507500,0.0,0.0
2014-01-27 00:00:00-05:00,26.825618247286542,26.936182257076414,26.749604996295893,26.763425827026367,14601900,0.0,0.0
2014-01-28 00:00:00-05:00,26.791057428636755,27.00527627044058,26.687402555106825,26.860158920288086,8915500,0.0,0.0
2014-01-29 00:00:00-05:00,26.652854771844925,26.652854771844925,26.134585618693592,26.189868927001953,23776100,0.0,0.0
2014-01-30 00:00:00-05:00,26.25896508867248,26.542285396029207,26.25896508867248,26.37643814086914,13662000,0.0,0.0
2014-01-31 00:00:00-05:00,26.224418480757656,26.369533204369596,26.065482930698895,26.134584426879883,16185000,0.0,0.0
2014-02-03 00:00:00-05:00,26.272786875712505,26.272786875712505,25.63704211636339,25.706146240234375,23164900,0.0,0.0
2014-02-04 00:00:00-05:00,25.871991757091717,25.948004977943185,25.713056220789955,25.899633407592773,17759700,0.0,0.0
2014-02-05 00:00:00-05:00,25.906547206129016,26.065482755117156,25.830533979210102,25.989469528198242,13665200,0.0,0.0
2014-02-06 00:00:00-05:00,26.78413791218758,26.908522669845983,26.20367658846576,26.27968978881836,22661500,0.0,0.0
2014-02-07 00:00:00-05:00,26.37644437827504,26.500829190045984,26.16913723734124,26.22442054748535,20389000,0.0,0.0
2014-02-10 00:00:00-05:00,26.307338383507126,26.687401849648676,26.148402848068038,26.652851104736328,20877200,0.0,0.0
2014-02-11 00:00:00-05:00,26.721951384862848,26.797964601860627,26.61138742451683,26.701221466064453,15361300,0.0,0.0
2014-02-12 00:00:00-05:00,26.84634369328704,26.894715274740975,26.535384279955597,26.61139488220215,10633400,0.0,0.0
2014-02-13 00:00:00-05:00,26.348807687377583,26.784151930988607,26.348807687377583,26.708141326904297,10435600,0.0,0.0
2014-02-14 00:00:00-05:00,26.673586875574763,26.96381899581992,26.44554980028891,26.901626586914062,16030100,0.0,0.0
2014-02-18 00:00:00-05:00,26.24515068439276,26.33498474608152,25.74761143325912,25.892728805541992,46098500,0.0,0.0
2014-02-19 00:00:00-05:00,25.913463871730748,25.98256538763382,25.602501778059207,25.637052536010742,26645100,0.0,0.0
2014-02-20 00:00:00-05:00,25.60940673981243,25.927277846603364,25.491931030574722,25.775251388549805,22639900,0.0,0.0
2014-02-21 00:00:00-05:00,25.97565169687267,25.996381620766893,25.66468965819235,25.692331314086914,19419800,0.0,0.0
2014-02-24 00:00:00-05:00,25.775252234630173,25.982559370383388,25.71997156192083,25.9134578704834,24223500,0.0,0.0
2014-02-25 00:00:00-05:00,26.0032839597191,26.217500125388124,25.913449928538814,26.100027084350586,22845500,0.0,0.0
2014-02-26 00:00:00-05:00,26.189870514610956,26.21750953438736,26.06548569943027,26.169137954711914,18195100,0.0,0.0
2014-02-27 00:00:00-05:00,26.14840886463644,26.334986093356687,26.120767207925265,26.307344436645508,18423400,0.0,0.0
2014-02-28 00:00:00-05:00,26.31425061128955,26.528466815425112,26.286608960416277,26.397172927856445,15763200,0.0,0.0
2014-03-03 00:00:00-05:00,26.17604759282587,26.369533896050328,26.155315034585264,26.34189224243164,18683400,0.0,0.0
2014-03-04 00:00:00-05:00,26.49392023100153,26.52847098199321,26.417906997187835,26.473190307617188,20425200,0.0,0.0
2014-03-05 00:00:00-05:00,26.54920318675951,26.56993574797874,26.431730096082628,26.500831604003906,14367400,0.0,0.0
2014-03-06 00:00:00-05:00,26.535389624014297,26.63904190398186,26.445555539199198,26.58376121520996,14700000,0.0,0.0
2014-03-07 00:00:00-05:00,26.64594218720308,26.68049293234497,26.507736570582626,26.63903045654297,17047600,0.0,0.0
2014-03-10 00:00:00-04:00,26.639037183118266,26.708141326904293,26.563023942980404,26.708141326904297,14540800,0.0,0.0
2014-03-11 00:00:00-04:00,26.839434029919193,26.839434029919193,26.632126880061314,26.811792373657227,13812100,0.0,0.0
2014-03-12 00:00:00-04:00,26.655081427504477,26.81527626558304,26.613290430072972,26.794382095336914,15673700,0.305,0.0
2014-03-13 00:00:00-04:00,26.78044495415381,26.808305612024807,26.411297879709547,26.446125030517578,18302800,0.0,0.0
2014-03-14 00:00:00-04:00,26.432198006991506,26.689902482178343,26.38344317808964,26.585426330566406,14687200,0.0,0.0
2014-03-17 00:00:00-04:00,26.585432939283457,26.72473362374768,26.501853591380748,26.65508460998535,19203000,0.0,0.0
2014-03-18 00:00:00-04:00,26.655076817914246,26.787410968153296,26.564531000940796,26.745622634887695,16880400,0.0,0.0
2014-03-19 00:00:00-04:00,26.717766138682713,26.87796097402419,26.5366744765129,26.56453514099121,20882200,0.0,0.0
2014-03-20 00:00:00-04:00,26.543640491018706,26.794381152910052,26.432200492060236,26.78045082092285,13228000,0.0,0.0
2014-03-21 00:00:00-04:00,27.01029359698331,27.045120754054924,26.662043281779546,26.773483276367188,19189100,0.0,0.0
2014-03-24 00:00:00-04:00,26.801341298221423,26.836165794922355,26.613285827709856,26.745622634887695,15693000,0.0,0.0
2014-03-25 00:00:00-04:00,26.808312034984617,27.02422554286877,26.78741520810545,26.898855209350586,16898900,0.0,0.0
2014-03-26 00:00:00-04:00,26.947612063169093,27.121737244221478,26.89189338684082,26.89189338684082,15835500,0.0,0.0
2014-03-27 00:00:00-04:00,26.822228986807374,27.163515348702834,26.801334825220888,27.038145065307617,13031500,0.0,0.0
2014-03-28 00:00:00-04:00,27.08691116617278,27.184420836788384,27.03815633086498,27.12870216369629,11502100,0.0,0.0
2014-03-31 00:00:00-04:00,27.156560424099823,27.18441842970952,26.787413287676884,26.926713943481445,24489800,0.0,0.0
2014-04-01 00:00:00-04:00,26.836169514497698,27.086910176599883,26.68294117638793,26.75259017944336,20515700,0.0,0.0
2014-04-02 00:00:00-04:00,26.808318461185884,26.843142971746644,26.675981601339206,26.69687843322754,15709100,0.0,0.0
2014-04-03 00:00:00-04:00,26.738653720224292,26.808305364258047,26.494879608452507,26.51577377319336,18114000,0.0,0.0
2014-04-04 00:00:00-04:00,26.63419057285877,26.801349269515317,26.564538901802226,26.62026023864746,15453600,0.0,0.0
2014-04-07 00:00:00-04:00,26.655081036920347,27.086910709627862,26.64811454231422,26.898855209350586,17295700,0.0,0.0
2014-04-08 00:00:00-04:00,26.933668919784093,27.0938663482666,26.801334801622613,27.0938663482666,14769900,0.0,0.0
2014-04-09 00:00:00-04:00,27.05208473991646,27.15656089782715,26.954575076233983,27.15656089782715,12031400,0.0,0.0
2014-04-10 00:00:00-04:00,27.14959541349306,27.442127072360964,27.038155414147944,27.086910247802734,21025700,0.0,0.0
2014-04-11 00:00:00-04:00,27.045123425133426,27.316758272709794,26.864031755456303,26.90582275390625,18084200,0.0,0.0
2014-04-14 00:00:00-04:00,26.961544976629284,27.024230154084513,26.745631431903234,26.975475311279297,19389800,0.0,0.0
2014-04-15 00:00:00-04:00,27.74161749314845,28.187377408972317,27.511771042023764,27.98539161682129,47529200,0.0,0.0
2014-04-16 00:00:00-04:00,27.94361125839702,28.270967483520508,27.94361125839702,28.270967483520508,21919900,0.0,0.0
2014-04-17 00:00:00-04:00,28.159527270205817,28.361513137817383,28.03415691492551,28.361513137817383,18547100,0.0,0.0
2014-04-21 00:00:00-04:00,28.187386870342795,28.38937007335277,28.103804865366698,28.38240623474121,12630900,0.0,0.0
2014-04-22 00:00:00-04:00,28.26399860401193,28.38936628084921,28.15255594559797,28.354541778564453,17404900,0.0,0.0
2014-04-23 00:00:00-04:00,28.347571258526347,28.424186739655813,28.250061612339238,28.368465423583984,12072500,0.0,0.0
2014-04-24 00:00:00-04:00,28.34757423400879,28.479908388161853,28.18041292518593,28.34757423400879,11392600,0.0,0.0
2014-04-25 00:00:00-04:00,28.180416977288267,28.563491821289062,28.16648664480506,28.563491821289062,16811400,0.0,0.0
2014-04-28 00:00:00-04:00,28.43115668763089,28.751546353103304,28.37543801651963,28.577421188354492,20736700,0.0,0.0
2014-04-29 00:00:00-04:00,28.5356337293758,28.577422069763326,28.222207891773163,28.25703239440918,18928400,0.0,0.0
2014-04-30 00:00:00-04:00,28.34060569211058,28.47294249363847,28.270956701682294,28.41025733947754,12362000,0.0,0.0
2014-05-01 00:00:00-04:00,28.410260103502942,28.417223940447812,28.041112978890524,28.40329360961914,15385800,0.0,0.0
2014-05-02 00:00:00-04:00,28.410263716231327,28.528667557923182,28.298823712369877,28.521703720092773,14197000,0.0,0.0
2014-05-05 00:00:00-04:00,28.3127495036022,28.507768814843796,28.243097851773882,28.389362335205078,10163500,0.0,0.0
2014-05-06 00:00:00-04:00,28.222214823519007,28.319724517625207,28.173459976465903,28.20132064819336,9359900,0.0,0.0
2014-05-07 00:00:00-04:00,28.347572878925973,28.535628346010103,28.2988180530455,28.493837356567383,11115600,0.0,0.0
2014-05-08 00:00:00-04:00,28.452044740753138,28.528660221882607,28.312746764450747,28.368465423583984,8538700,0.0,0.0
2014-05-09 00:00:00-04:00,28.403291559353214,28.521698034380375,28.35453673344166,28.46597671508789,8516400,0.0,0.0
2014-05-12 00:00:00-04:00,28.472949063859478,28.5356342324852,28.340612231794456,28.4311580657959,8906000,0.0,0.0
2014-05-13 00:00:00-04:00,28.438128820395697,28.7097637061493,28.4311623245386,28.633148193359375,11579600,0.0,0.0
2014-05-14 00:00:00-04:00,28.570463374949213,28.681903397608206,28.43812917833532,28.479917526245117,10036100,0.0,0.0
2014-05-15 00:00:00-04:00,28.29185511661161,28.528665439348764,28.16648478946023,28.222206115722656,12379200,0.0,0.0
2014-05-16 00:00:00-04:00,28.22221297202239,28.493847861194958,28.173458128167812,28.479917526245117,13823900,0.0,0.0
2014-05-19 00:00:00-04:00,28.277926279374462,28.3684721108662,28.15255594559797,28.354541778564453,7559500,0.0,0.0
2014-05-20 00:00:00-04:00,28.417222534575856,28.507768352013212,28.257027723379796,28.263994216918945,9639500,0.0,0.0
2014-05-21 00:00:00-04:00,28.243096751795427,28.47294320846882,28.208272255706994,28.46597671508789,8607300,0.0,0.0
2014-05-22 00:00:00-04:00,28.396328367836006,28.445083194854856,28.229167063100792,28.263994216918945,8430400,0.0,0.0
2014-05-23 00:00:00-04:00,28.298818713798298,28.34757354081715,28.229167063100792,28.263994216918945,6255200,0.0,0.0
2014-05-27 00:00:00-04:00,28.250067288440743,28.431156288182034,28.194345961173195,28.396331787109375,11282900,0.0,0.0
2014-05-28 00:00:00-04:00,28.34757354081715,28.47990769173421,28.229167063100792,28.263994216918945,7536700,0.0,0.0
2014-05-29 00:00:00-04:00,28.333643923019025,28.46597807726312,28.27792260106012,28.319713592529297,9867100,0.0,0.0
2014-05-30 00:00:00-04:00,28.236132897350792,28.500801193005135,28.201308401284564,28.493837356567383,10446100,0.0,0.0
2014-06-02 00:00:00-04:00,28.382414619308904,28.479924330313864,28.333659763806423,28.459030151367188,7472100,0.0,0.0
2014-06-03 00:00:00-04:00,28.361508073650096,28.55652741062406,28.35454157907863,28.47294807434082,10493100,0.0,0.0
2014-06-04 00:00:00-04:00,28.49383665937922,28.50080049564658,28.35453602158397,28.41025733947754,7864700,0.0,0.0
2014-06-05 00:00:00-04:00,28.368477503586124,28.556533039999373,28.298828485776646,28.479917526245117,10131700,0.0,0.0
2014-06-06 00:00:00-04:00,28.51473529660945,28.598317286556572,28.445086295259276,28.549562454223633,8760600,0.0,0.0
2014-06-09 00:00:00-04:00,28.452046367124662,28.619207667956804,28.452046367124662,28.493837356567383,7316400,0.0,0.0
2014-06-10 00:00:00-04:00,28.44508510055691,28.661001246776454,28.424190932417236,28.60527992248535,9168600,0.0,0.0
2014-06-11 00:00:00-04:00,28.542609524094246,28.598330877205857,28.410275295864707,28.459030151367188,9648600,0.0,0.0
2014-06-12 00:00:00-04:00,28.357264490605647,28.54673428576278,28.329194296451764,28.364280700683594,11583600,0.305,0.0
2014-06-13 00:00:00-04:00,28.343239661487633,28.441482699695865,28.244996623279402,28.329204559326172,9194600,0.0,0.0
2014-06-16 00:00:00-04:00,28.202883376675786,28.609893194004393,28.17481585717689,28.53270149230957,12878200,0.0,0.0
2014-06-17 00:00:00-04:00,28.897608261822892,28.91164336112422,28.497617300960307,28.71515464782715,26926600,0.0,0.0
2014-06-18 00:00:00-04:00,28.62391988075144,29.171275165491792,28.595849692580018,29.16425895690918,18518200,0.0,0.0
2014-06-19 00:00:00-04:00,29.150235511513635,29.381807964165063,29.143216623205728,29.32567024230957,13275200,0.0,0.0
2014-06-20 00:00:00-04:00,29.38180446198469,29.388823349455976,29.14321314946438,29.255491256713867,23402600,0.0,0.0
2014-06-23 00:00:00-04:00,29.094095687010192,29.290584409686684,29.002871552579197,29.283565521240234,13099300,0.0,0.0
2014-06-24 00:00:00-04:00,29.13620060186835,29.39584325560189,29.101114190864614,29.367773056030273,14962800,0.0,0.0
2014-06-25 00:00:00-04:00,29.192329460211024,29.458990921329896,29.094086468462162,29.444955825805664,17621800,0.0,0.0
2014-06-26 00:00:00-04:00,29.409869785240332,29.508112778191045,29.318643001677188,29.494077682495117,16903300,0.0,0.0
2014-06-27 00:00:00-04:00,29.466015759410862,29.676536880956103,29.409875365974106,29.606361389160156,18674400,0.0,0.0
2014-06-30 00:00:00-04:00,29.458998791735254,29.81688713091639,29.34672067446541,29.72566032409668,14058700,0.0,0.0
2014-07-01 00:00:00-04:00,29.746711286033175,29.788816583361612,29.578295450562315,29.676538467407227,11497700,0.0,0.0
2014-07-02 00:00:00-04:00,29.690573566516704,29.760746385142657,29.578295450562315,29.676538467407227,6707000,0.0,0.0
2014-07-03 00:00:00-04:00,29.65548696565429,29.697592266511496,29.48005222746511,29.634435653686523,7537700,0.0,0.0
2014-07-07 00:00:00-04:00,29.444956802028543,29.613375276982328,29.423905496504634,29.571269989013672,8991900,0.0,0.0
2014-07-08 00:00:00-04:00,29.451973628188732,29.64845960445572,29.409868343165524,29.430919647216797,10090500,0.0,0.0
2014-07-09 00:00:00-04:00,29.423907407981492,29.585307006965145,29.32566440659327,29.437942504882812,9891600,0.0,0.0
2014-07-10 00:00:00-04:00,29.16425880329625,29.676527688584358,29.157239917830122,29.655473709106445,12564500,0.0,0.0
2014-07-11 00:00:00-04:00,29.557245555377353,29.64847237375779,29.3888296965908,29.45198631286621,9773000,0.0,0.0
2014-07-14 00:00:00-04:00,29.46601307982645,29.746706990720554,29.45899419282449,29.73969078063965,11857700,0.0,0.0
2014-07-15 00:00:00-04:00,29.760743352529314,29.77477845020862,29.4379441366688,29.543203353881836,10541900,0.0,0.0
2014-07-16 00:00:00-04:00,29.65547297445582,29.74669974481225,29.487057204327453,29.55722999572754,10331400,0.0,0.0
2014-07-17 00:00:00-04:00,29.423905859950953,29.578289240822144,29.353733056057255,29.487062454223633,9983500,0.0,0.0
2014-07-18 00:00:00-04:00,29.571267782758827,29.802842833927812,29.48705989002494,29.77477264404297,19272400,0.0,0.0
2014-07-21 00:00:00-04:00,29.557232585588945,29.873015528399637,29.536181281708444,29.753721237182617,17607200,0.0,0.0
2014-07-22 00:00:00-04:00,28.84145881364614,29.002861066499687,28.49760835789534,28.90461540222168,24706000,0.0,0.0
2014-07-23 00:00:00-04:00,28.757252825754428,28.806374322686388,28.511645341094624,28.637958526611328,17531700,0.0,0.0
2014-07-24 00:00:00-04:00,28.750242233276367,28.841466358589273,28.532702220847437,28.750242233276367,14856000,0.0,0.0
2014-07-25 00:00:00-04:00,28.715155149299633,28.799365746578207,28.637966117176557,28.77129554748535,10809900,0.0,0.0
2014-07-28 00:00:00-04:00,28.764277686005837,28.77129389691578,28.49761616376473,28.546737670898438,11709100,0.0,0.0
2014-07-29 00:00:00-04:00,28.595851575654386,28.616902879708967,28.31515502929688,28.315155029296875,10863600,0.0,0.0
2014-07-30 00:00:00-04:00,28.38533721949564,28.420423626860593,27.795876474232053,27.802892684936523,20346200,0.0,0.0
2014-07-31 00:00:00-04:00,27.73973732107644,27.88008563373212,27.54325128951134,27.571321487426758,15434700,0.0,0.0
2014-08-01 00:00:00-04:00,27.459043372686498,27.711669800082433,27.409921864795223,27.571321487426758,13566700,0.0,0.0
2014-08-04 00:00:00-04:00,27.65552046595265,27.69060686354625,27.452015612221015,27.64850425720215,11012900,0.0,0.0
2014-08-05 00:00:00-04:00,27.606399632644543,27.739729017449765,27.437981172487927,27.494121551513672,11639200,0.0,0.0
2014-08-06 00:00:00-04:00,27.459029623318916,28.04147121535417,27.459029623318916,28.01340103149414,17567500,0.0,0.0
2014-08-07 00:00:00-04:00,28.04148157930403,28.07656798363674,27.599388066253958,27.613420486450195,14367400,0.0,0.0
2014-08-08 00:00:00-04:00,27.606403962541492,27.774822449113525,27.55026357471047,27.683595657348633,13667000,0.0,0.0
2014-08-11 00:00:00-04:00,27.732716788672363,27.97832428985752,27.732716788672363,27.767803192138672,14102600,0.0,0.0
2014-08-12 00:00:00-04:00,27.76078188835938,27.9572678532541,27.746746794163972,27.844989776611328,13297500,0.0,0.0
2014-08-13 00:00:00-04:00,27.859038517220327,28.139732507861556,27.859038517220327,28.027454376220703,9638900,0.0,0.0
2014-08-14 00:00:00-04:00,28.02043471937192,28.202885657012484,28.02043471937192,28.19586944580078,6902000,0.0,0.0
2014-08-15 00:00:00-04:00,28.66602830678555,28.87655208389804,28.53269890127919,28.687082290649414,23221600,0.0,0.0
2014-08-18 00:00:00-04:00,28.62392896480425,29.06602252266424,28.62392896480425,29.01690101623535,14891500,0.0,0.0
2014-08-19 00:00:00-04:00,29.01689575978763,29.108122545310284,28.88356636319363,28.953739166259766,10260400,0.0,0.0
2014-08-20 00:00:00-04:00,28.876549229818522,29.009878622146964,28.83444394317339,28.94672203063965,6782500,0.0,0.0
2014-08-21 00:00:00-04:00,28.974792119187317,29.255485998399134,28.925670623402233,29.05900001525879,11951000,0.0,0.0
2014-08-22 00:00:00-04:00,28.9747962578969,29.136195863804904,28.80637776477661,28.855499267578125,11244600,0.0,0.0
2014-08-25 00:00:00-04:00,28.995843423974996,29.087070206256193,28.855495145908716,29.05900001525879,10229300,0.0,0.0
2014-08-26 00:00:00-04:00,29.059007609432438,29.262512531965736,29.059007609432438,29.192337036132812,8416500,0.0,0.0
2014-08-27 00:00:00-04:00,29.143215527510492,29.2695287430883,29.08005891972159,29.192337036132812,7693100,0.0,0.0
2014-08-28 00:00:00-04:00,29.12917785543178,29.262509947276698,29.08005635114825,29.213388442993164,9746400,0.0,0.0
2014-08-29 00:00:00-04:00,29.192335886588047,29.297597787731668,29.101111760979677,29.276546478271484,7666700,0.0,0.0
2014-09-02 00:00:00-04:00,29.136193861603093,29.36075005238485,28.98882936332524,29.220401763916016,9798100,0.0,0.0
2014-09-03 00:00:00-04:00,29.255494589510583,29.367772709550835,29.23444327854102,29.31865119934082,8635400,0.0,0.0
2014-09-04 00:00:00-04:00,29.332678201226702,29.59232078021869,29.283556704577432,29.381799697875977,16785300,0.0,0.0
2014-09-05 00:00:00-04:00,29.374781478452242,29.374781478452242,29.19934680901755,29.360746383666992,12768100,0.0,0.0
2014-09-08 00:00:00-04:00,29.24145948989036,29.43092931938107,29.21339196757145,29.31865119934082,9097700,0.0,0.0
2014-09-09 00:00:00-04:00,29.311625355032028,29.49407623629128,29.297590260024293,29.430919647216797,11892500,0.0,0.0
2014-09-10 00:00:00-04:00,29.40286755762517,29.606369849684413,29.35374603779135,29.592334747314453,17558000,0.0,0.0
2014-09-11 00:00:00-04:00,29.461547080428254,29.73015118975931,29.44740973820848,29.65239715576172,19614000,0.305,0.0
2014-09-12 00:00:00-04:00,29.617071375363274,29.631206028904984,29.23537101556599,29.306055068969727,12966800,0.0,0.0
2014-09-15 00:00:00-04:00,29.29898567354736,29.39087709362327,29.214164276166922,29.334327697753906,12259600,0.0,0.0
2014-09-16 00:00:00-04:00,29.185887907811512,29.54638084836368,29.10813384115311,29.433284759521484,15232800,0.0,0.0
2014-09-17 00:00:00-04:00,29.525176856224665,29.532244182255262,29.207093256377494,29.412080764770508,16693800,0.0,0.0
2014-09-18 00:00:00-04:00,29.51103766746466,29.602929078673267,29.369666887856805,29.5393123626709,12586400,0.0,0.0
2014-09-19 00:00:00-04:00,29.673606046837747,29.935140174094062,29.511030632790703,29.723085403442383,47559700,0.0,0.0
2014-09-22 00:00:00-04:00,29.58171535218628,29.864456850643133,29.49689398121833,29.843252182006836,11518100,0.0,0.0
2014-09-23 00:00:00-04:00,29.687748947930338,29.80084502654172,29.602927563077607,29.609994888305664,10251300,0.0,0.0
2014-09-24 00:00:00-04:00,29.58171838605197,29.928076622362564,29.58171838605197,29.878597259521484,13540900,0.0,0.0
2014-09-25 00:00:00-04:00,29.730169668354137,29.80792105425528,29.525182123392213,29.532249450683594,11076300,0.0,0.0
2014-09-26 00:00:00-04:00,29.687749859276543,29.864462656057952,29.48276236786852,29.829120635986328,9939600,0.0,0.0
2014-09-29 00:00:00-04:00,29.61706506815214,29.87152922406952,29.602927721197307,29.86446189880371,12441100,0.0,0.0
2014-09-30 00:00:00-04:00,29.758434436816742,30.26030083802067,29.744299785671473,30.154272079467773,22613700,0.0,0.0
2014-10-01 00:00:00-04:00,30.076513901718133,30.28856869339243,29.94928048742896,30.210817337036133,30409700,0.0,0.0
2014-10-02 00:00:00-04:00,30.111860036761946,30.239093468456087,29.984626605067806,30.154272079467773,16643200,0.0,0.0
2014-10-03 00:00:00-04:00,30.29563548004994,30.444073548732355,30.154264735218867,30.394594192504883,14046300,0.0,0.0
2014-10-06 00:00:00-04:00,30.415811018054445,30.875265448299327,30.373401665149462,30.818716049194336,20328100,0.0,0.0
2014-10-07 00:00:00-04:00,30.733889250319166,31.200410925322572,30.733889250319166,31.044902801513672,24936600,0.0,0.0
2014-10-08 00:00:00-04:00,30.804582777460052,31.497296769022572,30.75510070281198,31.49022674560547,26115600,0.0,0.0
2014-10-09 00:00:00-04:00,31.412470373188743,31.631595243914983,31.009565353393555,31.009565353393555,25029300,0.0,0.0
2014-10-10 00:00:00-04:00,31.0166258949078,31.71640694845955,30.995418529111515,31.43366813659668,25920800,0.0,0.0
2014-10-13 00:00:00-04:00,31.299374250429764,31.546773819721416,31.12266142797445,31.150936126708984,20175200,0.0,0.0
2014-10-14 00:00:00-04:00,31.129724487181598,31.186271175577545,30.726819557826804,30.846982955932617,21027400,0.0,0.0
2014-10-15 00:00:00-04:00,30.182542554561913,30.769227566302067,30.182542554561913,30.557172775268555,22988600,0.0,0.0
2014-10-16 00:00:00-04:00,30.14721965255971,30.352204552549104,29.956369410700887,30.083602905273438,22519200,0.0,0.0
2014-10-17 00:00:00-04:00,30.175472869743885,30.41580235463887,29.906871389772952,30.309776306152344,23236000,0.0,0.0
2014-10-20 00:00:00-04:00,30.21789187488005,30.726825653523058,30.1896171768613,30.599592208862305,17647800,0.0,0.0
2014-10-21 00:00:00-04:00,28.839526813351114,29.115198334558894,28.457826539483488,28.75470542907715,55953500,0.0,0.0
2014-10-22 00:00:00-04:00,28.408349294762154,29.05865381320579,28.344732577701617,28.712295532226562,27728200,0.0,0.0
2014-10-23 00:00:00-04:00,28.938477980860483,29.249494135947813,28.797109942827134,28.88193130493164,23346800,0.0,0.0
2014-10-24 00:00:00-04:00,28.96675987988471,29.17174736106731,28.92434784006043,29.00210189819336,13396000,0.0,0.0
2014-10-27 00:00:00-04:00,28.76884705845287,28.91728517713493,28.669888312664835,28.811256408691406,17222500,0.0,0.0
2014-10-28 00:00:00-04:00,28.811247967940446,28.88193469166843,28.634535203254686,28.669879913330078,18658700,0.0,0.0
2014-10-29 00:00:00-04:00,28.733503122543066,29.002104644259905,28.641611709101298,28.952625274658203,25761800,0.0,0.0
2014-10-30 00:00:00-04:00,28.980897904146428,29.39794020135571,28.860734499802625,29.263639450073242,18295600,0.0,0.0
2014-10-31 00:00:00-04:00,29.567586141919808,29.609995486992045,29.26363991892687,29.602928161621094,18477700,0.0,0.0
2014-11-03 00:00:00-05:00,29.539308470299787,29.885664003455524,29.397937709320246,29.55344581604004,13230600,0.0,0.0
2014-11-04 00:00:00-05:00,29.5251705273004,29.723087970814326,29.447416475513375,29.56051254272461,10105300,0.0,0.0
2014-11-05 00:00:00-05:00,29.899807495165312,30.069452982496355,29.680685332207837,29.906877517700195,20676800,0.0,0.0
2014-11-06 00:00:00-05:00,29.991700907663343,30.126001684098348,29.765508707128742,29.892742156982422,11528800,0.0,0.0
2014-11-07 00:00:00-05:00,30.005826094493344,30.012893418209956,29.786701309361533,29.9139347076416,11803800,0.0,0.0
2014-11-10 00:00:00-05:00,29.864464035926368,30.09065621054377,29.751367948617666,29.963422775268555,9088900,0.0,0.0
2014-11-11 00:00:00-05:00,29.956353856708255,30.189613344694727,29.942216509493427,30.048242568969727,8563700,0.0,0.0
2014-11-12 00:00:00-05:00,30.048240668154467,30.316844855398067,29.90687259779551,30.189611434936523,12768800,0.0,0.0
2014-11-13 00:00:00-05:00,30.147211285946813,30.451157583470156,30.13307393531504,30.246170043945312,12007700,0.0,0.0
2014-11-14 00:00:00-05:00,30.182540219769503,30.373390325863205,30.041169471208676,30.203744888305664,10939500,0.0,0.0
2014-11-17 00:00:00-05:00,30.217902636336326,30.387548188440817,30.20376528229224,30.33806610107422,10664000,0.0,0.0
2014-11-18 00:00:00-05:00,30.359248211819555,31.002482455115327,30.21787748546857,30.76922035217285,26143000,0.0,0.0
2014-11-19 00:00:00-05:00,30.868189610605793,31.405398015215034,30.790438246117976,31.256959915161133,25402300,0.0,0.0
2014-11-20 00:00:00-05:00,31.073187794937557,31.398338801193308,30.995433707262446,31.278175354003906,13465400,0.0,0.0
2014-11-21 00:00:00-05:00,31.511423421138765,31.624519489600754,31.29936593340244,31.45487403869629,14382700,0.0,0.0
2014-11-24 00:00:00-05:00,31.461953534832123,31.652803729774377,31.242831334154133,31.29231071472168,12890800,0.0,0.0
2014-11-25 00:00:00-05:00,31.2923070382794,31.518499236134666,31.186278265849378,31.40540313720703,10741700,0.0,0.0
2014-11-26 00:00:00-05:00,31.309327465617613,31.579785705884568,31.29509239269895,31.52284812927246,9199200,0.305,0.0
2014-11-28 00:00:00-05:00,31.42320113910558,32.02817672454432,31.42320113910558,31.907182693481445,10502000,0.0,0.0
2014-12-01 00:00:00-05:00,31.444538113504194,31.864463015198904,31.408951809644158,31.7078800201416,10065700,0.0,0.0
2014-12-02 00:00:00-05:00,31.579757511398167,31.793277984421405,31.480114804991334,31.700754165649414,9878100,0.0,0.0
2014-12-03 00:00:00-05:00,31.615363809900046,31.62959887911725,31.145617385979655,31.174087524414062,15246500,0.0,0.0
2014-12-04 00:00:00-05:00,31.04597900136663,31.202562069809385,30.868044683613398,30.9605712890625,13779700,0.0,0.0
2014-12-05 00:00:00-05:00,30.96056137044471,31.038852879584386,30.74704080055736,30.98191261291504,12536900,0.0,0.0
2014-12-08 00:00:00-05:00,30.96768004063451,31.053090447518173,30.668751761726394,30.70433807373047,12802300,0.0,0.0
2014-12-09 00:00:00-05:00,29.99972019673198,30.270178343004325,29.658083995540892,29.921428680419922,25714600,0.0,0.0
2014-12-10 00:00:00-05:00,29.92143294027743,30.06378092519593,29.579799405510222,29.608266830444336,18324100,0.0,0.0
2014-12-11 00:00:00-05:00,29.62249761029247,29.900074647398682,29.537089917735543,29.558441162109375,16201500,0.0,0.0
2014-12-12 00:00:00-05:00,29.458794234077534,29.61537724416475,29.08869066527397,29.11716079711914,18432400,0.0,0.0
2014-12-15 00:00:00-05:00,29.27374538348738,29.309331692679425,28.868055485563087,28.875171661376953,23378500,0.0,0.0
2014-12-16 00:00:00-05:00,28.61183170539658,29.401860313693156,28.3271357819353,28.747060775756836,23475400,0.0,0.0
2014-12-17 00:00:00-05:00,28.782650809201083,29.72214367701945,28.739948315703273,29.57267951965332,20223900,0.0,0.0
2014-12-18 00:00:00-05:00,29.79331812049495,30.1705379486084,29.71502659804231,30.1705379486084,18030700,0.0,0.0
2014-12-19 00:00:00-05:00,30.206125806380577,30.45523545554807,29.814670889188168,29.857376098632812,24009500,0.0,0.0
2014-12-22 00:00:00-05:00,29.992597113302743,30.20611767290829,29.95701080587869,30.142061233520508,11190900,0.0,0.0
2014-12-23 00:00:00-05:00,30.277292564634262,30.704333677665073,30.227471191949373,30.58333969116211,13411300,0.0,0.0
2014-12-24 00:00:00-05:00,30.675868567702278,30.76839515286117,30.54775566980893,30.56199073791504,6405900,0.0,0.0
2014-12-26 00:00:00-05:00,30.58332890988161,30.818200624732878,30.55485878836624,30.576210021972656,6466900,0.0,0.0
2014-12-29 00:00:00-05:00,30.462347363069593,30.647400529662512,30.241710599520086,30.50505256652832,8694500,0.0,0.0
2014-12-30 00:00:00-05:00,30.41964559185274,30.597579871200104,30.355589142685222,30.43387794494629,9222000,0.0,0.0
2014-12-31 00:00:00-05:00,30.547759153305133,30.561994223034528,30.049545288085938,30.049545288085938,9369500,0.0,0.0
2015-01-02 00:00:00-05:00,30.07799952377474,30.177644968187625,29.75060120874321,29.992591857910156,9921100,0.0,0.0
2015-01-05 00:00:00-05:00,30.384046601105315,30.58333477487034,29.949889382508236,29.992591857910156,26292600,0.0,0.0
2015-01-06 00:00:00-05:00,30.18476396099144,30.561983675923035,30.06376998264017,30.22035026550293,16897500,0.0,0.0
2015-01-07 00:00:00-05:00,30.462334873305,30.682974261452426,30.30575462161177,30.597566604614258,13412300,0.0,0.0
2015-01-08 00:00:00-05:00,30.73280625373781,31.010383270792733,30.67586598610531,30.96767807006836,21743600,0.0,0.0
2015-01-09 00:00:00-05:00,30.939199714108764,31.00325613502027,30.56909625051567,30.626033782958984,12733500,0.0,0.0
2015-01-12 00:00:00-05:00,30.654514016787054,30.747040591966357,30.220353989093397,30.348466873168945,11415800,0.0,0.0
2015-01-13 00:00:00-05:00,30.48370233799417,30.775514450364234,30.213241470534072,30.341354370117188,12529500,0.0,0.0
2015-01-14 00:00:00-05:00,29.94989337042501,30.319994210138482,29.942774480202957,30.291526794433594,13447600,0.0,0.0
2015-01-15 00:00:00-05:00,30.483698113384683,30.505049355335668,30.01394906997272,30.163415908813477,11193100,0.0,0.0
2015-01-16 00:00:00-05:00,30.149178138853507,30.312877314274274,30.063770463647245,30.270172119140625,15114900,0.0,0.0
2015-01-20 00:00:00-05:00,30.391172320616125,30.83956741853566,30.327115878056194,30.718570709228516,17047300,0.0,0.0
2015-01-21 00:00:00-05:00,30.526410205604048,30.910748972061757,30.433883602924492,30.86092758178711,10720600,0.0,0.0
2015-01-22 00:00:00-05:00,30.86803517688091,31.195436284161204,30.654514604349504,31.159847259521484,14709100,0.0,0.0
2015-01-23 00:00:00-05:00,31.031736242966897,31.13849789319676,30.73280796642175,30.825334548950195,12357700,0.0,0.0
2015-01-26 00:00:00-05:00,30.73280917308503,30.76839548620503,30.483702266183386,30.60469627380371,11151900,0.0,0.0
2015-01-27 00:00:00-05:00,30.27729960923687,30.34847223961464,29.999722549677024,30.1705379486084,15274000,0.0,0.0
2015-01-28 00:00:00-05:00,30.31287512102386,30.46233922058579,29.821777630294303,29.836009979248047,14278500,0.0,0.0
2015-01-29 00:00:00-05:00,29.729254788958,29.99971560893087,29.515734232163073,29.964126586914062,13657900,0.0,0.0
2015-01-30 00:00:00-05:00,29.771972427906864,29.84314507156082,29.25952070539896,29.302223205566406,19193700,0.0,0.0
2015-02-02 00:00:00-05:00,29.330683944373593,29.629614925007175,29.110047190754575,29.601144790649414,15197500,0.0,0.0
2015-02-03 00:00:00-05:00,29.71501964848523,29.78619226221761,29.444558829192065,29.62961196899414,13193100,0.0,0.0
2015-02-04 00:00:00-05:00,29.729251897402165,29.95700749783939,29.622490271858062,29.66519546508789,16400000,0.0,0.0
2015-02-05 00:00:00-05:00,29.75061402578991,29.764849095410167,29.544209588889103,29.743497848510742,11078500,0.0,0.0
2015-02-06 00:00:00-05:00,29.62961205315652,29.72213590825919,29.408972605861535,29.50149917602539,12366400,0.0,0.0
2015-02-09 00:00:00-05:00,29.451682766013416,29.501504147174984,29.209692036773667,29.344921112060547,13371100,0.0,0.0
2015-02-10 00:00:00-05:00,30.540631273255403,30.626038943842897,30.03529870927647,30.17764663696289,32184200,0.0,0.0
2015-02-11 00:00:00-05:00,29.96412646153748,30.24170617077673,29.679433292022527,30.156295776367188,20496300,0.0,0.0
2015-02-12 00:00:00-05:00,30.177656095535664,30.362706558985682,29.942781533977282,30.013954162597656,13818200,0.0,0.0
2015-02-13 00:00:00-05:00,29.907190704630676,30.05665483120617,29.722137554056058,29.885839462280273,10792100,0.0,0.0
2015-02-17 00:00:00-05:00,29.75773048400879,29.80755186607343,29.636733759664875,29.75773048400879,12804200,0.0,0.0
2015-02-18 00:00:00-05:00,29.715019749034422,29.750606056021027,29.515734257860476,29.70078468322754,9789800,0.0,0.0
2015-02-19 00:00:00-05:00,29.66519957974916,30.06377329332825,29.558437939396867,29.97124671936035,16578300,0.0,0.0
2015-02-20 00:00:00-05:00,29.92142629583228,29.971247672230966,29.636730389215742,29.871604919433594,15982400,0.0,0.0
2015-02-23 00:00:00-05:00,29.686551097102733,30.013949481796093,29.672316030586327,29.78619384765625,11830300,0.0,0.0
2015-02-24 00:00:00-05:00,29.78619305136635,30.127829208504302,29.72925550188419,29.98548126220703,12782700,0.0,0.0
2015-02-25 00:00:00-05:00,30.013952691339128,30.063776787005153,29.707908231224163,29.928544998168945,10323300,0.0,0.0
2015-02-26 00:00:00-05:00,29.921422049533213,30.28440669964801,29.871600680204924,30.22035026550293,14346500,0.0,0.0
2015-02-27 00:00:00-05:00,30.263058500822673,31.074438271481483,30.227472192735426,30.818212509155273,28312800,0.0,0.0
2015-03-02 00:00:00-05:00,30.818208587341935,30.818208587341935,30.661628308671634,30.74703598022461,13514600,0.0,0.0
2015-03-03 00:00:00-05:00,30.683000191495097,30.71858651899645,30.490830764912506,30.569122314453125,10036300,0.0,0.0
2015-03-04 00:00:00-05:00,30.547753335442394,30.59045853649732,30.227473830245437,30.248825073242188,16263000,0.0,0.0
2015-03-05 00:00:00-05:00,30.291524436099845,30.327110739256224,30.070885012432854,30.17764663696289,9223000,0.0,0.0
2015-03-06 00:00:00-05:00,29.97836021543031,30.03530047587832,29.416090076342012,29.551319122314453,18180500,0.0,0.0
2015-03-09 00:00:00-04:00,29.55844978112557,29.572684853212827,29.408985596802943,29.45880699157715,10123300,0.0,0.0
2015-03-10 00:00:00-04:00,29.252398699887134,29.287987732990178,28.953470370268175,28.960586547851562,14599100,0.0,0.0
2015-03-11 00:00:00-04:00,28.989044434006598,28.989044434006598,28.526417064912042,28.5406494140625,18549700,0.0,0.0
2015-03-12 00:00:00-04:00,28.77747032482328,29.114763259887695,28.720060334065895,29.114763259887695,17728700,0.33,0.0
2015-03-13 00:00:00-04:00,29.021480340467996,29.114774691869243,28.425838106730744,28.641130447387695,17438400,0.0,0.0
2015-03-16 00:00:00-04:00,28.70571462277862,28.95688853069182,28.698539398662646,28.91383171081543,15238800,0.0,0.0
2015-03-17 00:00:00-04:00,29.186529503033796,29.229589053823695,28.935355634067353,29.071706771850586,21661800,0.0,0.0
2015-03-18 00:00:00-04:00,29.050184658005225,29.27265494555903,28.562187260370745,29.136301040649414,26247500,0.0,0.0
2015-03-19 00:00:00-04:00,29.05018689953586,29.078893275162407,28.67701222916272,28.72007179260254,16057600,0.0,0.0
2015-03-20 00:00:00-04:00,28.755944168151636,29.179353491242043,28.71288461852574,29.172178268432617,31608500,0.0,0.0
2015-03-23 00:00:00-04:00,29.165001300762622,29.380293581040736,29.064531752472156,29.15064811706543,17060500,0.0,0.0
2015-03-24 00:00:00-04:00,29.358764907979726,29.416177642247703,29.04300308227539,29.04300308227539,13485700,0.0,0.0
2015-03-25 00:00:00-04:00,29.1291179185754,29.208059055259326,28.87794406329901,29.028648376464844,22811300,0.0,0.0
2015-03-26 00:00:00-04:00,28.949716788570814,29.107599114014654,28.870775625848896,28.956892013549805,17359600,0.0,0.0
2015-03-27 00:00:00-04:00,29.050178014288864,29.050178014288864,28.6841814185609,28.76312255859375,14384400,0.0,0.0
2015-03-30 00:00:00-04:00,28.784651312687487,29.14347268983375,28.662650620911034,29.071706771850586,12561400,0.0,0.0
2015-03-31 00:00:00-04:00,29.071713624209433,29.351596663928927,28.95689086596188,29.100419998168945,16604800,0.0,0.0
2015-04-01 00:00:00-04:00,29.272647650865704,29.287000833994686,28.87076673602344,29.193706512451172,14300700,0.0,0.0
2015-04-02 00:00:00-04:00,29.22958810147875,29.330057645791875,29.050177418751097,29.193706512451172,14343100,0.0,0.0
2015-04-06 00:00:00-04:00,29.258299345473397,29.861119449439812,29.129123413367008,29.54535484313965,19843400,0.0,0.0
2015-04-07 00:00:00-04:00,29.459236917629035,29.688882398715545,29.401826916152444,29.430530548095703,9773400,0.0,0.0
2015-04-08 00:00:00-04:00,29.40900745369557,29.487948615381185,29.236774680554745,29.344419479370117,8954700,0.0,0.0
2015-04-09 00:00:00-04:00,29.27982544652661,29.480767290399882,29.157827485594627,29.45923614501953,12710900,0.0,0.0
2015-04-10 00:00:00-04:00,29.487946476429144,29.53818125975058,29.315710978191106,29.337242126464844,8720000,0.0,0.0
2015-04-13 00:00:00-04:00,29.40183661423066,29.40183661423066,29.208072662353512,29.208072662353516,9616300,0.0,0.0
2015-04-14 00:00:00-04:00,29.129119506237117,29.172179057027016,28.935355634067353,29.071706771850586,11209700,0.0,0.0
2015-04-15 00:00:00-04:00,29.129122299540107,29.28700459665315,28.935358408789583,28.99277114868164,11189100,0.0,0.0
2015-04-16 00:00:00-04:00,28.999949873330245,29.32288973023401,28.92100871524372,29.136301040649414,13121000,0.0,0.0
2015-04-17 00:00:00-04:00,29.042996375632264,29.179347481647582,28.777466647344077,28.920995712280273,15330300,0.0,0.0
2015-04-20 00:00:00-04:00,29.00712583612156,29.351596850646022,28.999950611381287,29.17936134338379,13023700,0.0,0.0
2015-04-21 00:00:00-04:00,29.18653697296471,29.416185231696595,29.09324536209455,29.265478134155273,19673100,0.0,0.0
2015-04-22 00:00:00-04:00,29.82524280418004,29.83241802933664,29.473596544511718,29.645832061767578,26887200,0.0,0.0
2015-04-23 00:00:00-04:00,29.588417014639646,29.717592958162214,29.36594672577512,29.38747787475586,17408800,0.0,0.0
2015-04-24 00:00:00-04:00,29.452067015776063,29.509477027626147,29.287009467520033,29.344419479370117,11623300,0.0,0.0
2015-04-27 00:00:00-04:00,29.423360978909386,29.531008516551392,29.26547865372527,29.301362991333008,10044600,0.0,0.0
2015-04-28 00:00:00-04:00,29.387478635464984,29.40183182262686,29.136301966517955,29.258302688598633,12174800,0.0,0.0
2015-04-29 00:00:00-04:00,29.17935957912515,29.24394754824452,28.992773633663838,29.057361602783203,11371400,0.0,0.0
2015-04-30 00:00:00-04:00,28.992770795581368,29.121946721175163,28.906651686792117,29.107593536376953,12700800,0.0,0.0
2015-05-01 00:00:00-04:00,29.121951533502774,29.373125465002065,29.06453878482263,29.35877227783203,10848300,0.0,0.0
2015-05-04 00:00:00-04:00,29.3372395030632,29.495119063273886,29.25829835416279,29.394649505615234,10204800,0.0,0.0
2015-05-05 00:00:00-04:00,29.523826348331063,29.523826348331063,29.193711295053276,29.243946075439453,11721300,0.0,0.0
2015-05-06 00:00:00-04:00,29.452066422552942,29.48794802143534,28.985597424310225,29.17936134338379,11906900,0.0,0.0
2015-05-07 00:00:00-04:00,29.08607192039043,29.358777045727635,29.071718730889422,29.208072662353516,13834700,0.0,0.0
2015-05-08 00:00:00-04:00,29.42335548892402,29.54535345373729,29.31570797136753,29.40900230407715,11144400,0.0,0.0
2015-05-11 00:00:00-04:00,29.409012623663262,29.703246172295085,29.337249411837373,29.380306243896484,10113500,0.0,0.0
2015-05-12 00:00:00-04:00,29.258302335356692,29.394653505362516,29.07889160438511,29.200889587402344,12384500,0.0,0.0
2015-05-13 00:00:00-04:00,29.243943854346025,29.681706396683154,29.222415446555676,29.45923614501953,13183700,0.0,0.0
2015-05-14 00:00:00-04:00,29.638644063886655,29.853936334369223,29.60993769779838,29.78217315673828,9961000,0.0,0.0
2015-05-15 00:00:00-04:00,29.746291183988966,29.91852390311612,29.731938001130082,29.796525955200195,8479000,0.0,0.0
2015-05-18 00:00:00-04:00,29.774998660638648,29.774998660638648,29.60276319749552,29.652997970581055,11511700,0.0,0.0
2015-05-19 00:00:00-04:00,29.588419310152066,29.703242075792414,29.51665610822335,29.645832061767578,9072000,0.0,0.0
2015-05-20 00:00:00-04:00,29.6888870310003,29.846769350477548,29.645830207572324,29.67453384399414,10965200,0.0,0.0
2015-05-21 00:00:00-04:00,29.60993973843177,29.652999290531724,29.473588596500147,29.588411331176758,9270900,0.0,0.0
2015-05-22 00:00:00-04:00,29.50947628206711,29.595595404052286,29.452066271667494,29.574064254760742,11909500,0.0,0.0
2015-05-26 00:00:00-04:00,29.50946742337738,29.55252697144357,29.236765165060554,29.416175842285156,15194300,0.0,0.0
2015-05-27 00:00:00-04:00,29.380301664132787,29.566890365940573,29.30136323846555,29.509477615356445,9863100,0.0,0.0
2015-05-28 00:00:00-04:00,29.56688424579752,29.638647431582566,29.337238766177315,29.52382469177246,9395200,0.0,0.0
2015-05-29 00:00:00-04:00,29.55253180341605,29.55253180341605,29.25829835416279,29.394649505615234,19628600,0.0,0.0
2015-06-01 00:00:00-04:00,29.68171775626553,29.717599362178476,29.337249411837373,29.380306243896484,12684100,0.0,0.0
2015-06-02 00:00:00-04:00,29.308528340914524,29.53817378875484,29.193705616994365,29.416175842285156,11878600,0.0,0.0
2015-06-03 00:00:00-04:00,29.495126149435198,29.574067317301107,29.2654806088748,29.330068588256836,8153800,0.0,0.0
2015-06-04 00:00:00-04:00,29.21524389007106,29.409007815430744,29.086067939831274,29.129127502441406,10145800,0.0,0.0
2015-06-05 00:00:00-04:00,29.050180389211672,29.078886758404945,28.763124910049072,28.777475357055664,15975600,0.0,0.0
2015-06-08 00:00:00-04:00,28.777483722876934,28.892306495439787,28.720073705390927,28.82054328918457,14339300,0.0,0.0
2015-06-09 00:00:00-04:00,28.82772154659199,29.00713231868955,28.7846647133469,28.849252700805664,10772700,0.0,0.0
2015-06-10 00:00:00-04:00,28.935361253100744,29.093243565733427,28.906654880332912,28.94253921508789,11979900,0.0,0.0
2015-06-11 00:00:00-04:00,29.022122126860438,29.123420539282158,28.96423574251961,29.01488494873047,11944900,0.33,0.0
2015-06-12 00:00:00-04:00,28.971475867768373,29.029359497822675,28.8267626523701,28.913589477539062,15568600,0.0,0.0
2015-06-15 00:00:00-04:00,28.819526609466223,28.8412326244914,28.6313986119985,28.645870208740234,11364800,0.0,0.0
2015-06-16 00:00:00-04:00,28.6748136799451,29.058301336703295,28.653104904534818,29.000417709350586,12517400,0.0,0.0
2015-06-17 00:00:00-04:00,29.000427138685655,29.17408083738124,28.949775153042353,29.137903213500977,13898400,0.0,0.0
2015-06-18 00:00:00-04:00,29.058298423942276,29.47796641092575,29.058298423942276,29.412845611572266,16314600,0.0,0.0
2015-06-19 00:00:00-04:00,29.369434422455644,29.41284921406696,29.231958389282227,29.231958389282227,23550600,0.0,0.0
2015-06-22 00:00:00-04:00,29.311554348030885,29.528625592674704,29.275376727315425,29.28984832763672,8775900,0.0,0.0
2015-06-23 00:00:00-04:00,29.253664948799546,29.318785757339583,29.166838124137826,29.217487335205078,11094900,0.0,0.0
2015-06-24 00:00:00-04:00,29.210252997546007,29.268139393067525,29.080011367797848,29.08001136779785,10385100,0.0,0.0
2015-06-25 00:00:00-04:00,29.145137475773872,29.188552280299653,28.957012176513675,28.957012176513672,10607600,0.0,0.0
2015-06-26 00:00:00-04:00,29.014892546938427,29.195783405111797,28.942537307739258,28.942537307739258,16215600,0.0,0.0
2015-06-29 00:00:00-04:00,28.79782752982863,28.928069184178764,28.508403778076172,28.508403778076172,15500800,0.0,0.0
2015-06-30 00:00:00-04:00,28.660336465118572,28.660336465118572,28.305789311446954,28.3853816986084,14621300,0.0,0.0
2015-07-01 00:00:00-04:00,28.49392269111439,28.653104735526576,28.421564707131704,28.58074951171875,11177400,0.0,0.0
2015-07-02 00:00:00-04:00,28.6748133552057,28.805054965492918,28.47221376132844,28.573514938354492,8975900,0.0,0.0
2015-07-06 00:00:00-04:00,28.45050816358519,28.653105000258826,28.378152939108862,28.522863388061523,10252600,0.0,0.0
2015-07-07 00:00:00-04:00,28.573517604312,29.21748853738525,28.50839679309251,29.123424530029297,20335000,0.0,0.0
2015-07-08 00:00:00-04:00,28.93530203818762,29.108955711236362,28.82676642240063,28.841238021850586,11383700,0.0,0.0
2015-07-09 00:00:00-04:00,29.27536837131202,29.362197948456185,28.870174718671553,28.8846435546875,13392000,0.0,0.0
2015-07-10 00:00:00-04:00,29.137898886811737,29.31878973952834,29.05830646998837,29.2247257232666,13360400,0.0,0.0
2015-07-13 00:00:00-04:00,29.347736383518086,29.499684055194994,29.297087159625786,29.42009162902832,9854200,0.0,0.0
2015-07-14 00:00:00-04:00,29.593748558313383,29.8542291024437,29.550333754203795,29.789108276367188,19531000,0.0,0.0
2015-07-15 00:00:00-04:00,29.77463586049669,29.926583516374148,29.738455481327904,29.760164260864258,11252100,0.0,0.0
2015-07-16 00:00:00-04:00,29.969993864440468,30.100235493609834,29.919344648671853,30.013408660888672,10483700,0.0,0.0
2015-07-17 00:00:00-04:00,29.890407293601044,29.89764171366749,29.702279249767095,29.84699249267578,9608300,0.0,0.0
2015-07-20 00:00:00-04:00,29.91934651818336,30.056825335438752,29.82528526026437,29.941055297851562,10024200,0.0,0.0
2015-07-21 00:00:00-04:00,29.941056244698682,30.04235468576898,29.73845660238258,29.803577423095703,13653800,0.0,0.0
2015-07-22 00:00:00-04:00,29.528623461296487,30.09300203221225,29.3694386294278,29.5937442779541,15528600,0.0,0.0
2015-07-23 00:00:00-04:00,29.658855250092977,29.68056126171563,29.289836491461312,29.55031967163086,13522200,0.0,0.0
2015-07-24 00:00:00-04:00,29.492444390475416,29.543096370277137,29.239198292344092,29.26090431213379,10912500,0.0,0.0
2015-07-27 00:00:00-04:00,29.145131561260982,29.362202779663185,29.058304730005222,29.33325958251953,10945700,0.0,0.0
2015-07-28 00:00:00-04:00,29.41284641296581,29.47073003609347,29.260896036884517,29.34048843383789,11021800,0.0,0.0
2015-07-29 00:00:00-04:00,29.32602337423362,29.456265005517622,29.297082936306847,29.36943817138672,8479900,0.0,0.0
2015-07-30 00:00:00-04:00,29.34049345735744,29.485206680215615,29.224723431105932,29.34773063659668,9095500,0.0,0.0
2015-07-31 00:00:00-04:00,29.579274338632604,29.825286019792227,29.499681918231627,29.723987579345703,15309500,0.0,0.0
2015-08-03 00:00:00-04:00,29.557561351724377,30.064056242047183,29.550326932797308,30.056821823120117,14672600,0.0,0.0
2015-08-04 00:00:00-04:00,30.035123824649375,30.295607162304666,29.91211933752109,30.28113555908203,17559900,0.0,0.0
2015-08-05 00:00:00-04:00,30.331776786885918,30.548848017772652,30.25942155004058,30.476490020751953,15329200,0.0,0.0
2015-08-06 00:00:00-04:00,30.389663971747947,30.570554828722635,30.288365533470188,30.331777572631836,11378900,0.0,0.0
2015-08-07 00:00:00-04:00,30.25218691197819,30.367956946199982,30.049587281958548,30.223243713378906,10886700,0.0,0.0
2015-08-10 00:00:00-04:00,30.310066835426834,30.382424823059775,30.085763974202212,30.158119201660156,9501900,0.0,0.0
2015-08-11 00:00:00-04:00,29.955525025799645,30.078529475473353,29.789103019502488,30.013408660888672,11254900,0.0,0.0
2015-08-12 00:00:00-04:00,29.76016390247642,29.854225158691403,29.55756427023756,29.854225158691406,9602200,0.0,0.0
2015-08-13 00:00:00-04:00,29.868688789532186,29.941046767518717,29.673326389230493,29.738447189331055,10270900,0.0,0.0
2015-08-14 00:00:00-04:00,29.67333604915025,29.84699249267578,29.63715842846696,29.84699249267578,9904800,0.0,0.0
2015-08-17 00:00:00-04:00,29.687809570841296,29.991707676635247,29.64439752728195,29.919349670410156,8272800,0.0,0.0
2015-08-18 00:00:00-04:00,29.868688042215943,30.049578842394432,29.803567243744705,29.883159637451172,11199400,0.0,0.0
2015-08-19 00:00:00-04:00,29.767399324812917,29.839757324541043,29.506916046142578,29.506916046142578,15796500,0.0,0.0
2015-08-20 00:00:00-04:00,29.318782420186853,29.53585083722126,29.246424441058934,29.34048843383789,14218000,0.0,0.0
2015-08-21 00:00:00-04:00,29.058304646953918,29.28261028391335,28.587987355326955,28.602458953857422,28036200,0.0,0.0
2015-08-24 00:00:00-04:00,27.488166030067752,28.175548833110387,26.453470476632184,27.770355224609375,44065300,0.0,0.0
2015-08-25 00:00:00-04:00,28.31304019175404,28.42157305936026,27.44476345002594,27.488178253173828,31363700,0.0,0.0
2015-08-26 00:00:00-04:00,28.03808076008706,28.095967154927475,27.4158158164287,28.023609161376953,23523300,0.0,0.0
2015-08-27 00:00:00-04:00,28.26238570106937,28.49392575435597,27.929544459316617,28.41433334350586,18871600,0.0,0.0
2015-08-28 00:00:00-04:00,28.298563087900387,28.559046335784046,28.25514829319473,28.544574737548828,14503900,0.0,0.0
2015-08-31 00:00:00-04:00,28.327507482434132,28.544575944792676,28.262386667709045,28.450511932373047,12673300,0.0,0.0
2015-09-01 00:00:00-04:00,27.980199531970484,28.240682836501826,27.886138263248625,28.0380859375,23703200,0.0,0.0
2015-09-02 00:00:00-04:00,28.240677232110972,28.269620429131923,27.90060432772796,28.146615982055664,14054800,0.0,0.0
2015-09-03 00:00:00-04:00,28.146623908537244,28.464990884898715,28.1032091007796,28.334749221801758,13311600,0.0,0.0
2015-09-04 00:00:00-04:00,27.987430256721876,28.067022665877037,27.770361806410143,27.871660232543945,15450500,0.0,0.0
2015-09-08 00:00:00-04:00,28.12490720420236,28.240677232110972,27.929544764573723,28.146615982055664,15273900,0.0,0.0
2015-09-09 00:00:00-04:00,28.305802373827934,28.37092319699572,27.640125301602232,27.712480545043945,13764600,0.0,0.0
2015-09-10 00:00:00-04:00,27.71971150161548,27.965723138326418,27.676296709192965,27.799301147460938,14952500,0.0,0.0
2015-09-11 00:00:00-04:00,27.740916983512015,27.872286984653513,27.616846862483115,27.82849884033203,11802300,0.33,0.0
2015-09-14 00:00:00-04:00,27.894188163115462,27.894188163115462,27.6241482388771,27.80660629272461,8950000,0.0,0.0
2015-09-15 00:00:00-04:00,27.78470562943469,28.193412575420965,27.675229709447276,28.098533630371094,13019800,0.0,0.0
2015-09-16 00:00:00-04:00,28.222613157167192,28.60212627989601,28.07664892727007,28.572935104370117,22233400,0.0,0.0
2015-09-17 00:00:00-04:00,28.572934050038988,28.908656220957102,28.49265205610441,28.740795135498047,21232500,0.0,0.0
2015-09-18 00:00:00-04:00,28.361282981333517,28.682408183790862,28.251807025176422,28.448862075805664,27527300,0.0,0.0
2015-09-21 00:00:00-04:00,28.49994719672064,28.689705130097764,28.419665208298696,28.602123260498047,12935800,0.0,0.0
2015-09-22 00:00:00-04:00,28.22989680598172,28.456145686764355,28.15691473300029,28.310178756713867,15021300,0.0,0.0
2015-09-23 00:00:00-04:00,28.31019260572582,28.375877617176492,28.135031647161043,28.28829574584961,8910800,0.0,0.0
2015-09-24 00:00:00-04:00,28.11313998474435,28.6094261618444,28.10584010279596,28.572935104370117,19385700,0.0,0.0
2015-09-25 00:00:00-04:00,28.777272271210844,29.251664123661943,28.704290194258878,28.915939331054688,22511300,0.0,0.0
2015-09-28 00:00:00-04:00,28.84296649918202,29.06191558430577,28.704299394891,28.850263595581055,19323100,0.0,0.0
2015-09-29 00:00:00-04:00,28.8429590887102,28.981626157374208,28.704292020046193,28.94513511657715,14166900,0.0,0.0
2015-09-30 00:00:00-04:00,29.10570466489772,29.361144783957247,29.047316761062117,29.28086280822754,19752600,0.0,0.0
2015-10-01 00:00:00-04:00,29.353850367168665,29.536308407175255,28.901352423408422,29.047319412231445,19606600,0.0,0.0
2015-10-02 00:00:00-04:00,28.872155681967516,29.477914810180668,28.72618872130915,29.477914810180664,15537300,0.0,0.0
2015-10-05 00:00:00-04:00,29.521711873241838,29.95961006219852,29.507114895731444,29.930416107177734,15664000,0.0,0.0
2015-10-06 00:00:00-04:00,29.95232026680379,30.171269414654187,29.8720382629711,29.893932342529297,14579400,0.0,0.0
2015-10-07 00:00:00-04:00,30.02528304066473,30.368304914520664,29.996089097339187,30.30261993408203,14329700,0.0,0.0
2015-10-08 00:00:00-04:00,30.112869559172218,30.645649412767767,30.112869559172218,30.638349533081055,11960200,0.0,0.0
2015-10-09 00:00:00-04:00,30.5215783411075,30.740527415307255,30.49238438879059,30.667545318603516,13931200,0.0,0.0
2015-10-12 00:00:00-04:00,30.52888395703797,30.86460611949276,30.514286978137015,30.6529541015625,12299100,0.0,0.0
2015-10-13 00:00:00-04:00,30.506983681934482,30.587265664859082,30.317228545639857,30.397510528564453,12903600,0.0,0.0
2015-10-14 00:00:00-04:00,30.331827804766803,30.62375901980424,30.331827804766803,30.41940689086914,14180000,0.0,0.0
2015-10-15 00:00:00-04:00,30.558071479669675,30.674844512836202,30.361016464184523,30.594562530517578,11801600,0.0,0.0
2015-10-16 00:00:00-04:00,30.769721367624165,30.806212415976038,30.56536926958286,30.667545318603516,20384200,0.0,0.0
2015-10-19 00:00:00-04:00,30.57996776705956,30.69674079804799,30.506982882636375,30.645652770996094,15553800,0.0,0.0
2015-10-20 00:00:00-04:00,30.652947257233627,30.944881201890272,30.652947257233627,30.864599227905273,16199300,0.0,0.0
2015-10-21 00:00:00-04:00,30.60915271990638,31.03245661132025,30.441291695959254,30.791610717773438,19254900,0.0,0.0
2015-10-22 00:00:00-04:00,30.97407165359284,32.00313474780822,30.95217758268029,31.557939529418945,35920200,0.0,0.0
2015-10-23 00:00:00-04:00,31.609030018308236,31.609030018308236,31.200323030144396,31.229516983032227,18796100,0.0,0.0
2015-10-26 00:00:00-04:00,31.20763494083829,31.302513940719265,30.988685758419805,31.08356475830078,14788600,0.0,0.0
2015-10-27 00:00:00-04:00,31.01786636402149,31.21492137854239,31.00326938693601,31.098148345947266,30166600,0.0,0.0
2015-10-28 00:00:00-04:00,31.20032505050925,31.266010056715977,30.806215013268883,31.185728073120117,13667300,0.0,0.0
2015-10-29 00:00:00-04:00,31.134638028191077,31.30979896142946,30.90109197326562,31.229516983032227,9427400,0.0,0.0
2015-10-30 00:00:00-04:00,31.23681892053172,31.280609856650518,30.908393859863278,30.90839385986328,15356200,0.0,0.0
2015-11-02 00:00:00-05:00,30.886494862644373,30.915688815405375,30.57996671091955,30.828109741210938,16252200,0.0,0.0
2015-11-03 00:00:00-05:00,30.784332319088826,30.886508414494834,30.51429509778869,30.76973533630371,9693100,0.0,0.0
2015-11-04 00:00:00-05:00,30.850006838253837,30.937585921034476,30.57266982801149,30.631057739257812,10488500,0.0,0.0
2015-11-05 00:00:00-05:00,30.65295286213128,30.908393022346797,30.638355883820545,30.893798828125,9625100,0.0,0.0
2015-11-06 00:00:00-05:00,30.631054381492778,30.813512408003287,30.368314377863477,30.623754501342773,11926700,0.0,0.0
2015-11-09 00:00:00-05:00,30.43399752103868,30.499682517936503,30.17125753344738,30.317224502563477,10842700,0.0,0.0
2015-11-10 00:00:00-05:00,30.244238625007554,30.51427848336611,30.236941529633018,30.485084533691406,8283100,0.0,0.0
2015-11-11 00:00:00-05:00,30.609163085420974,30.798921026551852,30.594566106557902,30.682147979736328,9101200,0.0,0.0
2015-11-12 00:00:00-05:00,30.660247459214872,30.689441413455874,30.33912231482996,30.34642219543457,10725000,0.0,0.0
2015-11-13 00:00:00-05:00,30.258839835347686,30.492385897259503,30.185857735033494,30.200454711914062,11619500,0.0,0.0
2015-11-16 00:00:00-05:00,30.236944376048825,30.652948453765706,30.207750423625896,30.623754501342773,11244900,0.0,0.0
2015-11-17 00:00:00-05:00,30.54345833495045,30.762410092317634,30.295315422809924,30.41208839416504,12739400,0.0,0.0
2015-11-18 00:00:00-05:00,30.48508854896745,30.908389738651664,30.41940354559196,30.857301712036133,12966300,0.0,0.0
2015-11-19 00:00:00-05:00,30.886486769429794,31.601721720129273,30.886486769429794,31.463054656982422,24090700,0.0,0.0
2015-11-20 00:00:00-05:00,31.60902696792603,31.806081954769496,30.94487991630768,30.966773986816406,19780800,0.0,0.0
2015-11-23 00:00:00-05:00,31.054351370412576,31.51414631480227,31.03975439616819,31.35358238220215,13338100,0.0,0.0
2015-11-24 00:00:00-05:00,31.163826441227364,31.82067355990727,31.13463249352921,31.64551544189453,15767200,0.0,0.0
2015-11-25 00:00:00-05:00,31.616321494196377,31.747691474749978,31.557936382888162,31.64551544189453,10344900,0.0,0.0
2015-11-27 00:00:00-05:00,31.652868906505702,31.799955286521087,31.476364689399375,31.733766555786133,7236700,0.33,0.0
2015-11-30 00:00:00-05:00,31.711701050141233,31.733765830174598,31.336633454845543,31.34398651123047,16063000,0.0,0.0
2015-12-01 00:00:00-05:00,31.424888207301557,31.696996215629685,31.424888207301557,31.542556762695312,11153000,0.0,0.0
2015-12-02 00:00:00-05:00,31.498430498532475,31.571972288222028,31.321926275662324,31.454303741455078,12598500,0.0,0.0
2015-12-03 00:00:00-05:00,31.42489030794123,31.5425588712007,31.12336443924884,31.2263240814209,15004400,0.0,0.0
2015-12-04 00:00:00-05:00,31.314586275129763,31.97647107461942,31.314586275129763,31.836740493774414,16488000,0.0,0.0
2015-12-07 00:00:00-05:00,31.851439806011626,31.94704358252738,31.623455743022216,31.77054214477539,12030700,0.0,0.0
2015-12-08 00:00:00-05:00,31.660219989798463,31.807306360646518,31.476362727598197,31.630802154541016,10736200,0.0,0.0
2015-12-09 00:00:00-05:00,31.461658076191615,31.822019593362647,31.25573881234506,31.3734073638916,12945500,0.0,0.0
2015-12-10 00:00:00-05:00,31.424892746549613,31.67493881355984,31.277806329701235,31.44695472717285,15483300,0.0,0.0
2015-12-11 00:00:00-05:00,31.351358215343392,31.498444666320438,30.990996550721665,31.08660316467285,17313400,0.0,0.0
2015-12-14 00:00:00-05:00,31.116009708456396,31.44695059609056,30.865963674293894,31.218969345092773,20092900,0.0,0.0
2015-12-15 00:00:00-05:00,31.50577463039391,31.799947316698002,31.44693897095763,31.674922943115234,17916400,0.0,0.0
2015-12-16 00:00:00-05:00,31.80731519536445,32.29269839017437,31.80731519536445,32.24121856689453,21868600,0.0,0.0
2015-12-17 00:00:00-05:00,32.21915710185603,32.277989984213065,31.93233733200543,31.98381996154785,14697000,0.0,0.0
2015-12-18 00:00:00-05:00,31.888206790782075,31.93233074208393,31.2557373046875,31.2557373046875,24583700,0.0,0.0
2015-12-21 00:00:00-05:00,31.491091590461835,31.579342346689597,31.226336516337593,31.461673736572266,10444400,0.0,0.0
2015-12-22 00:00:00-05:00,31.520505616467794,31.91028231412639,31.41019008049921,31.836740493774414,12280800,0.0,0.0
2015-12-23 00:00:00-05:00,31.91026879521687,32.160314806097496,31.88085095736281,32.116188049316406,9092300,0.0,0.0
2015-12-24 00:00:00-05:00,31.98380940173522,32.1529577401455,31.93232678919036,32.02058029174805,3036600,0.0,0.0
2015-12-28 00:00:00-05:00,31.947046253954696,32.00588194175174,31.851442469444503,31.98381996154785,6326100,0.0,0.0
2015-12-29 00:00:00-05:00,32.02058538760115,32.197086809927335,31.991167548733607,32.145606994628906,7739800,0.0,0.0
2015-12-30 00:00:00-05:00,32.17502961928148,32.189738540903086,31.954401405837253,32.04265213012695,5112500,0.0,0.0
2015-12-31 00:00:00-05:00,31.844087896735328,31.873505741826474,31.527853075605798,31.59404182434082,9727900,0.0,0.0
2016-01-04 00:00:00-05:00,31.13807652509955,31.255745100318435,30.865968470925893,31.18220329284668,16084100,0.0,0.0
2016-01-05 00:00:00-05:00,31.116003864750276,31.35134093441898,31.013041442010948,31.292505264282227,15781900,0.0,0.0
2016-01-06 00:00:00-05:00,31.035120384227472,31.263101696451113,30.91745179569385,31.123371124267578,16245100,0.0,0.0
2016-01-07 00:00:00-05:00,30.63062152697539,30.96891822188625,30.4835351536196,30.608556747436523,20563600,0.0,0.0
2016-01-08 00:00:00-05:00,30.630626626869724,30.97627643555023,30.454122388367576,30.527664184570312,14645900,0.0,0.0
2016-01-11 00:00:00-05:00,30.579153060913086,30.78507237673652,30.365877880701515,30.579153060913086,15815200,0.0,0.0
2016-01-12 00:00:00-05:00,31.108655790559745,31.218971296961392,30.79242099801088,30.97627830505371,21814800,0.0,0.0
2016-01-13 00:00:00-05:00,31.013052839137217,31.307225687049584,30.73359171960468,30.7777156829834,16854300,0.0,0.0
2016-01-14 00:00:00-05:00,30.880675651538734,31.01305033643266,30.623273729027296,30.79977798461914,16028000,0.0,0.0
2016-01-15 00:00:00-05:00,30.115816452215757,30.586490537419337,30.101107536373288,30.520301818847656,21153600,0.0,0.0
2016-01-19 00:00:00-05:00,30.718874708346952,30.976273778416633,30.63062399938584,30.829187393188477,15462200,0.0,0.0
2016-01-20 00:00:00-05:00,30.483538149268202,30.608559755371125,29.968737194652526,30.432058334350586,19923500,0.0,0.0
2016-01-21 00:00:00-05:00,30.483541741201773,30.527665698936367,30.218786773034875,30.439414978027344,15568900,0.0,0.0
2016-01-22 00:00:00-05:00,30.623271973562986,31.06453118452764,30.483541433082742,30.932153701782227,15209200,0.0,0.0
2016-01-25 00:00:00-05:00,31.064538670227773,31.25574907724771,30.836554549352805,31.00570297241211,12505200,0.0,0.0
2016-01-26 00:00:00-05:00,31.005684587837383,31.255730544410216,30.83653626507323,30.94685173034668,13018500,0.0,0.0
2016-01-27 00:00:00-05:00,31.02041047976255,31.226329801829404,30.748302403397012,30.954221725463867,14167000,0.0,0.0
2016-01-28 00:00:00-05:00,31.020411082656995,31.417543616167524,30.93216034369035,31.307228088378906,16622800,0.0,0.0
2016-01-29 00:00:00-05:00,31.520498918369714,31.814668942707186,31.366059445184536,31.56462287902832,20457000,0.0,0.0
2016-02-01 00:00:00-05:00,31.329287919387436,31.73377628986308,31.30722593752157,31.62346076965332,17097800,0.0,0.0
2016-02-02 00:00:00-05:00,31.402833531183227,31.469022284321415,31.18955834824459,31.211620330810547,12332900,0.0,0.0
2016-02-03 00:00:00-05:00,31.476372479861407,31.579332129723074,31.093948919346598,31.417539596557617,15958300,0.0,0.0
2016-02-04 00:00:00-05:00,31.270450363309912,31.542558385638678,31.18219964358379,31.277803421020508,14413700,0.0,0.0
2016-02-05 00:00:00-05:00,31.571981943549638,31.616108714121864,31.079242824534173,31.211620330810547,17315700,0.0,0.0
2016-02-08 00:00:00-05:00,31.013051729912924,31.402831160271845,30.81448829093019,31.366060256958008,17254400,0.0,0.0
2016-02-09 00:00:00-05:00,31.07924791423698,31.98382862374459,31.07924791423698,31.84409523010254,24853800,0.0,0.0
2016-02-10 00:00:00-05:00,31.87349488240648,31.910265773522372,31.263087429213844,31.292505264282227,16729600,0.0,0.0
2016-02-11 00:00:00-05:00,30.910090315439994,31.336640624783612,30.87331941422346,31.18955421447754,16825300,0.0,0.0
2016-02-12 00:00:00-05:00,31.417532612554528,31.726411493476885,31.299864066664185,31.704349517822266,15222400,0.0,0.0
2016-02-16 00:00:00-05:00,31.858796266747177,31.961755917340422,31.638168043270216,31.888214111328125,12675900,0.0,0.0
2016-02-17 00:00:00-05:00,31.93233733200543,32.07942374605804,31.829377683800608,31.98381996154785,12332500,0.0,0.0
2016-02-18 00:00:00-05:00,32.086776181119724,32.16031797756772,31.84408320304988,32.07206726074219,11170300,0.0,0.0
2016-02-19 00:00:00-05:00,32.05000487893177,32.189735412597656,31.82937388148926,32.189735412597656,12850000,0.0,0.0
2016-02-22 00:00:00-05:00,32.18973668237583,32.476553623837475,32.08677704240906,32.31475830078125,20716100,0.0,0.0
2016-02-23 00:00:00-05:00,32.16765976545417,32.395640917953166,32.10882410968766,32.13088607788086,11166400,0.0,0.0
2016-02-24 00:00:00-05:00,32.035291225368205,32.31475225140823,31.89555790690894,32.29269027709961,10844200,0.0,0.0
2016-02-25 00:00:00-05:00,32.329472260095486,32.49126760836748,32.263283509024234,32.476558685302734,10903300,0.0,0.0
2016-02-26 00:00:00-05:00,32.38830304457234,32.40301196540825,31.7043536556213,31.726415634155273,18421000,0.0,0.0
2016-02-29 00:00:00-05:00,31.74847402338505,32.072064634312184,31.564616741881714,31.719058990478516,15049800,0.0,0.0
2016-03-01 00:00:00-05:00,31.902904925381858,32.13088607788086,31.748462731714028,32.13088607788086,12358300,0.0,0.0
2016-03-02 00:00:00-05:00,31.969107220594807,32.189735412597656,31.93233351739461,32.189735412597656,12856300,0.0,0.0
2016-03-03 00:00:00-05:00,32.072076237777836,32.34418432732663,32.02059640476699,32.32947540283203,13134800,0.0,0.0
2016-03-04 00:00:00-05:00,32.19709200202754,32.46920284727357,32.12355019843887,32.43978500366211,13691500,0.0,0.0
2016-03-07 00:00:00-05:00,32.292699649079935,32.461848047227825,32.25592874608085,32.366241455078125,10695300,0.0,0.0
2016-03-08 00:00:00-05:00,32.30004264979414,32.7045308731533,32.21914781056151,32.594215393066406,18900200,0.0,0.0
2016-03-09 00:00:00-05:00,32.64570428216281,32.9692949508513,32.57216247860996,32.954586029052734,18466600,0.0,0.0
2016-03-10 00:00:00-05:00,32.97665269382645,33.285531679156996,32.85898410816143,33.26346969604492,28908600,0.0,0.0
2016-03-11 00:00:00-05:00,33.35239598852519,33.53768707735033,33.30051470983956,33.50062942504883,16129300,0.35,0.0
2016-03-14 00:00:00-04:00,33.38205351965093,33.66369402571375,33.38205351965093,33.567344665527344,13206700,0.0,0.0
2016-03-15 00:00:00-04:00,33.41169866882221,33.767457307130975,33.40428544015755,33.5302848815918,13686300,0.0,0.0
2016-03-16 00:00:00-04:00,33.38946533203125,33.47840429416004,33.01888302462287,33.38946533203125,15386100,0.0,0.0
2016-03-17 00:00:00-04:00,33.38947519162265,34.0268774009548,33.330183475134724,33.92311477661133,24080000,0.0,0.0
2016-03-18 00:00:00-04:00,33.97498462592326,33.99721865868973,33.64145999783361,33.79710388183594,23853400,0.0,0.0
2016-03-21 00:00:00-04:00,33.6636926264737,33.997217240651906,33.61922456279553,33.84898376464844,9740400,0.0,0.0
2016-03-22 00:00:00-04:00,33.760041973022055,33.893451807482535,33.64145576764809,33.722984313964844,13788300,0.0,0.0
2016-03-23 00:00:00-04:00,33.64886842762595,33.87862760629162,33.61180794187642,33.693336486816406,9292100,0.0,0.0
2016-03-24 00:00:00-04:00,33.68592398579567,33.797096954158484,33.493219650258105,33.78227615356445,10890200,0.0,0.0
2016-03-28 00:00:00-04:00,33.76745748176843,34.041687570094176,33.73039699289012,33.945335388183594,13306600,0.0,0.0
2016-03-29 00:00:00-04:00,33.98979307252367,34.47154814026545,33.95273542536157,34.44931411743164,25010400,0.0,0.0
2016-03-30 00:00:00-04:00,34.560514246769124,34.634629593334715,34.33816537975311,34.52345657348633,14312200,0.0,0.0
2016-03-31 00:00:00-04:00,34.501200320000166,34.745785915398415,34.330732856836676,34.38261413574219,15544500,0.0,0.0
2016-04-01 00:00:00-04:00,34.197331082686645,34.73838085222059,34.175097051449924,34.708736419677734,14922900,0.0,0.0
2016-04-04 00:00:00-04:00,34.7161428740517,34.78284778749639,34.4641468485182,34.75320053100586,10629800,0.0,0.0
2016-04-05 00:00:00-04:00,34.5530788013189,34.693901827504405,34.41966900141548,34.48637390136719,10696700,0.0,0.0
2016-04-06 00:00:00-04:00,34.51602655787363,34.63461275110364,34.37520633694982,34.619789123535156,9122700,0.0,0.0
2016-04-07 00:00:00-04:00,34.46414847005627,34.52344298582714,34.212152432666365,34.36038589477539,9292000,0.0,0.0
2016-04-08 00:00:00-04:00,34.419694579571235,34.819924276702416,34.419694579571235,34.73839569091797,11959300,0.0,0.0
2016-04-11 00:00:00-04:00,34.76061939940141,34.93108691090676,34.39744751675545,34.419681549072266,11880100,0.0,0.0
2016-04-12 00:00:00-04:00,34.39744049334028,34.65684690846466,34.352969610468435,34.575321197509766,11219100,0.0,0.0
2016-04-13 00:00:00-04:00,34.66426447474468,34.671674875825246,33.960157624724836,34.12321472167969,13234100,0.0,0.0
2016-04-14 00:00:00-04:00,34.13804259245643,34.256628815706264,33.90828054795798,33.96757507324219,12982200,0.0,0.0
2016-04-15 00:00:00-04:00,33.96016128197871,34.212157355629635,33.8563986917669,34.167686462402344,13647800,0.0,0.0
2016-04-18 00:00:00-04:00,34.16768434819928,34.30109419230759,33.96015918061674,34.25662612915039,11538100,0.0,0.0
2016-04-19 00:00:00-04:00,34.32332587697307,34.55308504149808,34.20473968090012,34.53826141357422,14418300,0.0,0.0
2016-04-20 00:00:00-04:00,33.60440188523761,33.63404914674256,32.65571213562695,32.88547134399414,40360300,0.0,0.0
2016-04-21 00:00:00-04:00,32.803946782433066,32.81877041499033,31.773728351912748,32.359249114990234,37206900,0.0,0.0
2016-04-22 00:00:00-04:00,32.45560861573047,33.10042122680633,32.45560861573047,33.01148223876953,25134200,0.0,0.0
2016-04-25 00:00:00-04:00,32.98183014691064,33.14488729058128,32.892891171871675,33.137474060058594,11173800,0.0,0.0
2016-04-26 00:00:00-04:00,33.29311258043604,33.32275984308649,32.92994350858309,33.004058837890625,13935500,0.0,0.0
2016-04-27 00:00:00-04:00,33.085583301321904,33.248640398398244,32.79652959455438,33.115230560302734,11335500,0.0,0.0
2016-04-28 00:00:00-04:00,32.981822408110716,33.278289358436815,32.952175147614426,33.07817459106445,10932500,0.0,0.0
2016-04-29 00:00:00-04:00,33.00405925729242,33.248644936288834,32.981825223681334,33.20417404174805,11716000,0.0,0.0
2016-05-02 00:00:00-04:00,33.033711837273124,33.493233178882576,33.033711837273124,33.337589263916016,12577500,0.0,0.0
2016-05-03 00:00:00-04:00,33.25605208563561,33.40428555895435,33.09299780957151,33.23381805419922,10420500,0.0,0.0
2016-05-04 00:00:00-04:00,33.14488767786014,33.433941470603486,32.9892409355745,33.337589263916016,9350500,0.0,0.0
2016-05-05 00:00:00-04:00,33.30052129722306,33.71557443612996,33.25605040927361,33.396873474121094,8801100,0.0,0.0
2016-05-06 00:00:00-04:00,33.39687897765515,33.656285465146176,33.29311355534008,33.58958053588867,8564000,0.0,0.0
2016-05-09 00:00:00-04:00,33.58957657431743,33.72298641709801,33.47840076289417,33.5302848815918,8110600,0.0,0.0
2016-05-10 00:00:00-04:00,33.6785249597949,33.97499198841295,33.66370132563208,33.908287048339844,8933500,0.0,0.0
2016-05-11 00:00:00-04:00,33.89345123512781,34.004627037740185,33.685926086057364,33.693336486816406,8833100,0.0,0.0
2016-05-12 00:00:00-04:00,33.76004706206603,34.01945636920659,33.71557899542145,33.96757507324219,10463400,0.0,0.0
2016-05-13 00:00:00-04:00,33.908279554651955,33.9675740781992,33.52287363355037,33.611812591552734,10341200,0.0,0.0
2016-05-16 00:00:00-04:00,33.470996538887356,33.89346017655545,33.456172906140544,33.81193161010742,9413600,0.0,0.0
2016-05-17 00:00:00-04:00,33.685922269633316,33.76745080533659,33.13745937410445,33.16710662841797,17457000,0.0,0.0
2016-05-18 00:00:00-04:00,33.026297397002615,33.226412189206705,32.78171170853583,32.967002868652344,12524300,0.0,0.0
2016-05-19 00:00:00-04:00,32.79654169545047,32.90030431285031,32.64089776935072,32.84842300415039,10659500,0.0,0.0
2016-05-20 00:00:00-04:00,32.98922705358623,33.011463908737724,32.566763560840286,32.57417678833008,12914100,0.0,0.0
2016-05-23 00:00:00-04:00,32.663108366799534,32.72981326258722,32.56675622236904,32.588993072509766,13554700,0.0,0.0
2016-05-24 00:00:00-04:00,32.68535656981343,32.92252900721609,32.61124124336953,32.88547134399414,12634200,0.0,0.0
2016-05-25 00:00:00-04:00,32.98922500422554,33.078166764670506,32.79652351123019,32.89287567138672,9218100,0.0,0.0
2016-05-26 00:00:00-04:00,33.00406390499465,33.18194468088874,32.93735896744925,33.122650146484375,8695800,0.0,0.0
2016-05-27 00:00:00-04:00,33.13744978830564,33.32274083318856,33.092981747016594,33.1893310546875,7893900,0.0,0.0
2016-05-31 00:00:00-04:00,33.33757050760696,33.33757050760696,32.8039312967347,33.05592727661133,18935200,0.0,0.0
2016-06-01 00:00:00-04:00,33.05595155044161,33.18936145112598,32.97442579097411,33.130069732666016,8916000,0.0,0.0
2016-06-02 00:00:00-04:00,33.13005857069784,33.14488220214844,32.98182508351048,33.14488220214844,6693900,0.0,0.0
2016-06-03 00:00:00-04:00,33.16711117826544,33.38945996148291,33.11522988975864,33.382049560546875,13434900,0.0,0.0
2016-06-06 00:00:00-04:00,33.41910374329392,33.70815741413837,33.41169334312878,33.62662887573242,10310600,0.0,0.0
2016-06-07 00:00:00-04:00,33.61181456986829,33.70816676264438,33.50064157265156,33.58958053588867,9812600,0.0,0.0
2016-06-08 00:00:00-04:00,33.530284900893605,33.8415726493486,33.49322441218563,33.76004409790039,7915400,0.0,0.0
2016-06-09 00:00:00-04:00,33.59698563624111,33.945331002682984,33.582162008068565,33.91568374633789,8042900,0.0,0.0
2016-06-10 00:00:00-04:00,33.81191826643355,34.10097192262589,33.76745021306103,34.086151123046875,12357000,0.0,0.0
2016-06-13 00:00:00-04:00,33.96665403242048,34.108554157420826,33.675383705367345,33.69778823852539,10613500,0.35,0.0
2016-06-14 00:00:00-04:00,33.49614707070216,33.7052665442294,33.189939363787616,33.6380500793457,11298200,0.0,0.0
2016-06-15 00:00:00-04:00,33.697781024810645,33.86208849679523,33.5185390999175,33.61562728881836,8360400,0.0,0.0
2016-06-16 00:00:00-04:00,33.511076148282896,33.86209569523404,33.39905063365994,33.839691162109375,11305400,0.0,0.0
2016-06-17 00:00:00-04:00,33.735132361506274,33.772477051298374,33.14512443938881,33.451332092285156,20805400,0.0,0.0
2016-06-20 00:00:00-04:00,33.675381133780036,33.83968862839089,33.57829008251004,33.59322738647461,10712400,0.0,0.0
2016-06-21 00:00:00-04:00,33.72766576556438,33.81728675494678,33.60817016338788,33.70526123046875,7919400,0.0,0.0
2016-06-22 00:00:00-04:00,33.79487902834917,33.854628248294794,33.46626686564707,33.50360870361328,10738900,0.0,0.0
2016-06-23 00:00:00-04:00,33.630578279164126,33.735136586075996,33.48867812678375,33.66792297363281,9655300,0.0,0.0
2016-06-24 00:00:00-04:00,33.01070860643733,33.279574557598565,32.726905341433664,32.809059143066406,26003700,0.0,0.0
2016-06-27 00:00:00-04:00,32.614860095706675,32.77916761425426,32.353464360744454,32.69701385498047,15779500,0.0,0.0
2016-06-28 00:00:00-04:00,32.90613705853798,33.00322528606578,32.6148638289541,32.995758056640625,16509800,0.0,0.0
2016-06-29 00:00:00-04:00,33.152603366977644,33.39159465118422,33.040577805068786,33.189945220947266,12250900,0.0,0.0
2016-06-30 00:00:00-04:00,33.24968520901948,33.85463333129883,33.22728067267582,33.85463333129883,16056500,0.0,0.0
2016-07-01 00:00:00-04:00,33.85462851763062,33.91437488905195,33.6604464002621,33.69778823852539,11799700,0.0,0.0
2016-07-05 00:00:00-04:00,33.7276643055368,34.108555630673614,33.720197077161465,33.92931365966797,12339100,0.0,0.0
2016-07-06 00:00:00-04:00,33.98160067965147,34.01894252818067,33.548427259511534,33.8098258972168,10902600,0.0,0.0
2016-07-07 00:00:00-04:00,33.92185062442608,33.99653716868306,33.58577114677088,33.675392150878906,9741100,0.0,0.0
2016-07-08 00:00:00-04:00,33.8322375974303,33.99654518453647,33.66046277863795,33.89198684692383,11127100,0.0,0.0
2016-07-11 00:00:00-04:00,33.869566985100846,34.183244731462295,33.69032500060857,34.03387451171875,10937800,0.0,0.0
2016-07-12 00:00:00-04:00,34.086168038276746,34.1384472098875,33.74261838226284,34.041358947753906,9739000,0.0,0.0
2016-07-13 00:00:00-04:00,34.063751817651045,34.17577735456251,33.92931889415712,34.16084289550781,8028400,0.0,0.0
2016-07-14 00:00:00-04:00,34.153375442380906,34.31021291551332,34.04134989685793,34.12350082397461,7621200,0.0,0.0
2016-07-15 00:00:00-04:00,34.26539398364913,34.28033128855695,33.93677897367629,34.07868194580078,10621000,0.0,0.0
2016-07-18 00:00:00-04:00,34.12349101152464,34.13096108847835,33.96665358349193,34.07868194580078,7958300,0.0,0.0
2016-07-19 00:00:00-04:00,33.95171627858411,34.13842831643246,33.92931174572218,34.07868194580078,7761100,0.0,0.0
2016-07-20 00:00:00-04:00,34.168308099974745,34.183245407144355,33.899442268921824,33.98906326293945,8478200,0.0,0.0
2016-07-21 00:00:00-04:00,33.86210205995917,33.989064903529076,33.80235282839674,33.94425582885742,8045100,0.0,0.0
2016-07-22 00:00:00-04:00,33.981596562694044,34.23552509052912,33.9517219478899,34.228057861328125,8836100,0.0,0.0
2016-07-25 00:00:00-04:00,34.213119345211005,34.22805665208536,33.95919082634696,34.03387451171875,9134300,0.0,0.0
2016-07-26 00:00:00-04:00,34.004000534811,34.09362437773563,33.48120902941749,33.518550872802734,15819900,0.0,0.0
2016-07-27 00:00:00-04:00,32.78663205007302,32.90612762963641,32.189151303256715,32.4132080078125,37461100,0.0,0.0
2016-07-28 00:00:00-04:00,32.316134217561704,32.629809213059225,32.27879236319308,32.599937438964844,13077800,0.0,0.0
2016-07-29 00:00:00-04:00,32.65221555978515,32.67462010188905,32.472970675951586,32.584999084472656,16530500,0.0,0.0
2016-08-01 00:00:00-04:00,32.62979586126869,32.73435699931668,32.43561658860754,32.45055389404297,12349700,0.0,0.0
2016-08-02 00:00:00-04:00,32.37586678511363,32.547644370034575,32.34599502377924,32.51029968261719,12825200,0.0,0.0
2016-08-03 00:00:00-04:00,32.60739794078911,32.6372725577189,32.390811241548576,32.59246063232422,12119100,0.0,0.0
2016-08-04 00:00:00-04:00,32.53270219525523,32.71194413243063,32.41320662080523,32.495357513427734,11244100,0.0,0.0
2016-08-05 00:00:00-04:00,32.59993093881702,32.67461463266299,32.42068608498628,32.472965240478516,10398200,0.0,0.0
2016-08-08 00:00:00-04:00,32.43562892982965,32.502845405363985,32.278791436583134,32.44309616088867,8680300,0.0,0.0
2016-08-09 00:00:00-04:00,32.48789678291241,32.59245507533928,32.398275796403624,32.465492248535156,7281300,0.0,0.0
2016-08-10 00:00:00-04:00,32.59246145404527,32.62980330164883,32.48790314115517,32.5700569152832,8412100,0.0,0.0
2016-08-11 00:00:00-04:00,32.65220560266769,32.764231128026395,32.57751907009531,32.67461013793945,11303300,0.0,0.0
2016-08-12 00:00:00-04:00,32.79410703372415,33.003223635169896,32.70448604010455,32.88372802734375,10928900,0.0,0.0
2016-08-15 00:00:00-04:00,32.936015757852374,33.10779340978969,32.868799282877134,33.04057693481445,10390600,0.0,0.0
2016-08-16 00:00:00-04:00,33.04804233713254,33.04804233713254,32.73436737060547,32.73436737060547,9706100,0.0,0.0
2016-08-17 00:00:00-04:00,32.86879467702551,32.91360660372984,32.69701989815948,32.9061393737793,11208500,0.0,0.0
2016-08-18 00:00:00-04:00,32.86879199330104,33.05550406582354,32.8613247639602,32.93600845336914,9144300,0.0,0.0
2016-08-19 00:00:00-04:00,32.8986581280403,32.906128204455634,32.66713704115405,32.80156707763672,9385900,0.0,0.0
2016-08-22 00:00:00-04:00,32.81650831892902,32.82397839624065,32.65967088338173,32.66714096069336,8687500,0.0,0.0
2016-08-23 00:00:00-04:00,32.749290466308594,32.84638152420564,32.6671395623953,32.749290466308594,8421100,0.0,0.0
2016-08-24 00:00:00-04:00,32.726885933332206,32.81650691423738,32.60739034245877,32.749290466308594,11508900,0.0,0.0
2016-08-25 00:00:00-04:00,32.74930110358513,32.816517573346445,32.58499639339123,32.6148681640625,9815700,0.0,0.0
2016-08-26 00:00:00-04:00,32.65221417404069,32.80158158039533,32.34600643261261,32.35347366333008,11824900,0.0,0.0
2016-08-29 00:00:00-04:00,32.3683986613261,32.57004800200136,32.360931433449046,32.51776885986328,9544600,0.0,0.0
2016-08-30 00:00:00-04:00,32.45802109230271,32.5103002367786,32.204092598134224,32.29371643066406,9720100,0.0,0.0
2016-08-31 00:00:00-04:00,32.43561935424805,32.45802388981167,32.17422360933928,32.43561935424805,10217900,0.0,0.0
2016-09-01 00:00:00-04:00,32.27131145422876,32.420681670582724,32.26384422546102,32.37586975097656,8457800,0.0,0.0
2016-09-02 00:00:00-04:00,32.502840673208254,32.73436468834085,32.465498825348256,32.607398986816406,9026000,0.0,0.0
2016-09-06 00:00:00-04:00,32.66713738206112,32.71194644502316,32.413208912278314,32.7044792175293,8600400,0.0,0.0
2016-09-07 00:00:00-04:00,32.652209866183796,32.71195625104309,32.51030686026745,32.59246063232422,8656600,0.0,0.0
2016-09-08 00:00:00-04:00,32.61487085761094,32.659682790819524,32.45056613384768,32.584999084472656,10020400,0.0,0.0
2016-09-09 00:00:00-04:00,32.435618731845736,32.435618731845736,31.56927490234375,31.56927490234375,23624200,0.0,0.0
2016-09-12 00:00:00-04:00,31.636499286126163,32.28625660885805,31.621561975959835,32.25638198852539,15932300,0.0,0.0
2016-09-13 00:00:00-04:00,32.20367504139212,32.20367504139212,31.78202196551698,31.834728240966797,12962700,0.35,0.0
2016-09-14 00:00:00-04:00,31.82719604896717,31.93260858676756,31.61637097336639,31.706724166870117,9823900,0.0,0.0
2016-09-15 00:00:00-04:00,31.631435655010637,31.917557526354805,31.53355420009254,31.894969940185547,10158500,0.0,0.0
2016-09-16 00:00:00-04:00,31.75189666044085,31.819662267945642,31.601308974675522,31.72930908203125,16354000,0.0,0.0
2016-09-19 00:00:00-04:00,31.74437580876859,31.90249463896604,31.68414129490718,31.69919776916504,7659900,0.0,0.0
2016-09-20 00:00:00-04:00,31.857312399988214,32.02295943054445,31.80460613495541,31.879899978637695,8407200,0.0,0.0
2016-09-21 00:00:00-04:00,31.834711797295274,32.08318657230756,31.69918062406586,32.02294921875,13654700,0.0,0.0
2016-09-22 00:00:00-04:00,32.158491790389924,32.38437620174413,32.14343244666283,32.34672927856445,9288300,0.0,0.0
2016-09-23 00:00:00-04:00,32.233797590349624,32.331679043738,32.11332567886806,32.18109130859375,8852700,0.0,0.0
2016-09-26 00:00:00-04:00,32.15849552612009,32.16602663499656,31.631429923548986,31.661548614501953,15036000,0.0,0.0
2016-09-27 00:00:00-04:00,31.766968333665737,32.09826826440428,31.623908827750434,32.06814956665039,11920400,0.0,0.0
2016-09-28 00:00:00-04:00,32.09825297110283,32.196134383751435,31.64648133687369,31.73683738708496,15523800,0.0,0.0
2016-09-29 00:00:00-04:00,31.638963767143814,31.91755450184765,31.51096075566797,31.64649200439453,12671700,0.0,0.0
2016-09-30 00:00:00-04:00,31.782020312401094,32.00037651206506,31.66907953043026,31.864845275878906,14375700,0.0,0.0
2016-10-03 00:00:00-04:00,31.857319987011795,31.857319987011795,31.541079449224252,31.64649200439453,11152800,0.0,0.0
2016-10-04 00:00:00-04:00,31.879914079062658,31.879914079062658,31.45826090002781,31.50343894958496,13682700,0.0,0.0
2016-10-05 00:00:00-04:00,31.571193879173574,31.67660642010817,31.37542526977249,31.4808406829834,9607300,0.0,0.0
2016-10-06 00:00:00-04:00,31.382954793819167,31.578720521060106,31.307660946174845,31.405542373657227,9722900,0.0,0.0
2016-10-07 00:00:00-04:00,31.4958995209725,31.57872160731974,31.300130914721247,31.420602798461914,8122800,0.0,0.0
2016-10-10 00:00:00-04:00,31.56366226281762,31.61637140471317,31.322718495336286,31.420602798461914,8983600,0.0,0.0
2016-10-11 00:00:00-04:00,31.367893392611904,31.398012078604808,31.172127678210007,31.27754020690918,12249100,0.0,0.0
2016-10-12 00:00:00-04:00,31.34530736876724,31.503426169657608,31.24742307057391,31.458248138427734,12216300,0.0,0.0
2016-10-13 00:00:00-04:00,31.36036943894594,31.541075835023594,31.2549540235782,31.443191528320312,17655600,0.0,0.0
2016-10-14 00:00:00-04:00,31.51096997858062,31.556148032138157,31.337791748359706,31.375438690185547,9893800,0.0,0.0
2016-10-17 00:00:00-04:00,31.420594313925278,31.51847859061911,31.300122462715755,31.322710037231445,10792500,0.0,0.0
2016-10-18 00:00:00-04:00,31.48083695123361,31.62389640093276,31.420599579396505,31.601308822631836,11297300,0.0,0.0
2016-10-19 00:00:00-04:00,31.571195413919508,31.714254887531418,31.480842213337063,31.661548614501953,16367400,0.0,0.0
2016-10-20 00:00:00-04:00,31.601310475213324,31.706723009164797,31.541073100226125,31.571191787719727,10620500,0.0,0.0
2016-10-21 00:00:00-04:00,31.51094716325609,31.751890863220606,31.38294707927046,31.72177505493164,14401500,0.0,0.0
2016-10-24 00:00:00-04:00,31.864838252839686,32.203666268627074,31.81213199174785,32.04554748535156,13439200,0.0,0.0
2016-10-25 00:00:00-04:00,32.105777072389635,32.286486277271216,31.94765831329036,32.03048324584961,16484700,0.0,0.0
2016-10-26 00:00:00-04:00,32.376851339427084,32.39943892123311,31.93261070615784,31.955198287963867,16886200,0.0,0.0
2016-10-27 00:00:00-04:00,32.0982605020775,32.11331984731264,31.54860732623875,31.71425437927246,14537000,0.0,0.0
2016-10-28 00:00:00-04:00,31.81966666783663,31.977788355396218,31.699194779200422,31.79707908630371,13398400,0.0,0.0
2016-10-31 00:00:00-04:00,31.714255193968956,31.932611397073146,31.714255193968956,31.92508316040039,13327500,0.0,0.0
2016-11-01 00:00:00-04:00,31.92508234028801,31.947669922002515,31.55613556271811,31.71425437927246,12223400,0.0,0.0
2016-11-02 00:00:00-04:00,31.699195542054934,31.879904815496285,31.631429923548986,31.661548614501953,12034300,0.0,0.0
2016-11-03 00:00:00-04:00,31.789554362648516,31.789554362648516,31.59378572680939,31.64649200439453,11258000,0.0,0.0
2016-11-04 00:00:00-04:00,31.510953824301133,31.654016151086143,31.39048194885254,31.39048194885254,14464200,0.0,0.0
2016-11-07 00:00:00-05:00,31.65402295618224,32.00037931352338,31.65402295618224,31.970260620117188,14038500,0.0,0.0
2016-11-08 00:00:00-05:00,31.902489119241878,32.361789056108925,31.902489119241878,32.286495208740234,12036600,0.0,0.0
2016-11-09 00:00:00-05:00,31.443190021469853,31.864843045904816,31.398014860753555,31.82719612121582,21351000,0.0,0.0
2016-11-10 00:00:00-05:00,31.518488761329714,31.81966705040309,30.75800762144586,30.825773239135742,33245500,0.0,0.0
2016-11-11 00:00:00-05:00,30.833306822321592,30.968838068577863,30.59236302281637,30.89354133605957,13421000,0.0,0.0
2016-11-14 00:00:00-05:00,30.968837045864465,31.187190382264983,30.75800907405228,30.998952865600586,19514200,0.0,0.0
2016-11-15 00:00:00-05:00,31.006479983947678,31.262483088552575,30.998948875775543,31.202245712280273,16554000,0.0,0.0
2016-11-16 00:00:00-05:00,31.17211916858471,31.36035659623975,30.991409974234784,31.06670379638672,12681400,0.0,0.0
2016-11-17 00:00:00-05:00,31.081771768510585,31.09683111157888,30.87094671010647,30.961299896240234,12398800,0.0,0.0
2016-11-18 00:00:00-05:00,30.89353579246085,31.0215387786345,30.795654366166094,30.80318260192871,16345300,0.0,0.0
2016-11-21 00:00:00-05:00,30.803181690294508,31.142009735107422,30.667650472369345,31.142009735107422,12307000,0.0,0.0
2016-11-22 00:00:00-05:00,31.209790702015027,31.398028278176426,31.05167182738605,31.149553298950195,12743500,0.0,0.0
2016-11-23 00:00:00-05:00,31.036596611581704,31.104362219251026,30.893534288570912,30.961299896240234,9281300,0.0,0.0
2016-11-25 00:00:00-05:00,31.16459936370867,31.307661698858965,31.05165858952692,31.27001190185547,7402300,0.0,0.0
2016-11-28 00:00:00-05:00,31.25495774807561,31.46578573165803,31.074251330464076,31.435667037963867,19424400,0.0,0.0
2016-11-29 00:00:00-05:00,31.526782202347515,31.526782202347515,31.23824148030886,31.24583625793457,11421900,0.35,0.0
2016-11-30 00:00:00-05:00,31.13192854461967,31.283792190002607,30.63837242126465,30.63837242126465,22410400,0.0,0.0
2016-12-01 00:00:00-05:00,30.608007954989088,30.668751687006765,30.281502067787887,30.50170135498047,20409900,0.0,0.0
2016-12-02 00:00:00-05:00,30.60042847015541,30.744700336842197,30.51690326240203,30.64598846435547,11176300,0.0,0.0
2016-12-05 00:00:00-05:00,30.63078781706017,30.89654708717783,30.608009278638313,30.843395233154297,15977800,0.0,0.0
2016-12-06 00:00:00-05:00,30.94210839551218,30.957295053968213,30.691532875826006,30.805431365966797,11303500,0.0,0.0
2016-12-07 00:00:00-05:00,30.782653751930095,31.352140426635742,30.75987231528174,31.352140426635742,13726500,0.0,0.0
2016-12-08 00:00:00-05:00,31.18508732060521,31.291391027044444,31.018036983881412,31.116748809814453,13077100,0.0,0.0
2016-12-09 00:00:00-05:00,31.511592864990234,32.05830094520934,31.35213730711257,31.891250610351562,28125800,0.0,0.0
2016-12-12 00:00:00-05:00,31.891247537062196,31.898839416751972,31.67864014704715,31.815317153930664,17561900,0.0,0.0
2016-12-13 00:00:00-05:00,31.67864447311317,31.860878576138287,31.54196744756491,31.709014892578125,18986000,0.0,0.0
2016-12-14 00:00:00-05:00,31.807730027210777,31.883663325162164,31.177499585289567,31.29139518737793,17937900,0.0,0.0
2016-12-15 00:00:00-05:00,31.207871743189457,31.746988050664246,31.207871743189457,31.549564361572266,14265300,0.0,0.0
2016-12-16 00:00:00-05:00,31.59510915627028,31.709004709946278,31.496397359171418,31.69382095336914,19675200,0.0,0.0
2016-12-19 00:00:00-05:00,31.655874606066565,31.739399807375854,31.572352301317178,31.640687942504883,8687300,0.0,0.0
2016-12-20 00:00:00-05:00,31.663450930880042,31.67863758559008,31.466027316207736,31.63307762145996,10603500,0.0,0.0
2016-12-21 00:00:00-05:00,31.587534939681298,31.76218011612051,31.526791184164882,31.564756393432617,9693600,0.0,0.0
2016-12-22 00:00:00-05:00,31.56475102200698,31.602716224814113,31.192687979314048,31.549564361572266,11894100,0.0,0.0
2016-12-23 00:00:00-05:00,31.60270343895845,31.655855280696066,31.39768795087415,31.58751678466797,6436600,0.0,0.0
2016-12-27 00:00:00-05:00,31.557152374302227,31.709013152972226,31.541965717123492,31.595117568969727,6999200,0.0,0.0
2016-12-28 00:00:00-05:00,31.50399953718101,31.64067365439784,31.42806625366211,31.42806625366211,8988000,0.0,0.0
2016-12-29 00:00:00-05:00,31.420469380588937,31.655855280696066,31.420469380588937,31.58751678466797,6875300,0.0,0.0
2016-12-30 00:00:00-05:00,31.655856710707997,31.769755174752756,31.39768936922371,31.48121452331543,11470200,0.0,0.0
2017-01-03 00:00:00-05:00,31.51159533380381,31.746984197130796,31.344544985858274,31.739389419555664,14711000,0.0,0.0
2017-01-04 00:00:00-05:00,31.80013239747965,31.868470905003406,31.579930218063257,31.625490188598633,9959400,0.0,0.0
2017-01-05 00:00:00-05:00,31.633087034117462,31.784950729847807,31.534375197408874,31.701425552368164,8968300,0.0,0.0
2017-01-06 00:00:00-05:00,31.663447647099044,31.746972791062856,31.541957318576564,31.69382095336914,10246600,0.0,0.0
2017-01-09 00:00:00-05:00,31.306562340574544,31.572324372975512,31.291375690446714,31.374900817871094,14822500,0.0,0.0
2017-01-10 00:00:00-05:00,31.466028338958765,31.466028338958765,31.02562692428594,31.162303924560547,19706800,0.0,0.0
2017-01-11 00:00:00-05:00,31.01803911194207,31.223054658379887,31.002855349887973,31.169902801513672,9266200,0.0,0.0
2017-01-12 00:00:00-05:00,31.139526419889773,31.162307853846947,30.980070864982928,31.093969345092773,8541200,0.0,0.0
2017-01-13 00:00:00-05:00,31.131938132106658,31.16231144984873,30.896549264444122,31.040821075439453,8123500,0.0,0.0
2017-01-17 00:00:00-05:00,31.010449507916988,31.35973399198728,30.980076188460657,31.29899024963379,12469400,0.0,0.0
2017-01-18 00:00:00-05:00,31.32176710881061,31.42047894346278,31.238241933071006,31.352140426635742,10390500,0.0,0.0
2017-01-19 00:00:00-05:00,31.238235473632812,31.352133943645637,31.15471031516453,31.238235473632812,10987100,0.0,0.0
2017-01-20 00:00:00-05:00,31.3369356408302,31.46601782208072,31.230631986492746,31.374900817871094,14695400,0.0,0.0
2017-01-23 00:00:00-05:00,31.367319929812272,31.51158881173148,31.29138665257188,31.458436965942383,11628900,0.0,0.0
2017-01-24 00:00:00-05:00,31.48881129265988,31.868469001434427,31.48881129265988,31.815317153930664,17040100,0.0,0.0
2017-01-25 00:00:00-05:00,31.845693344915087,32.08108220980745,31.81532292408944,31.982370376586914,12538200,0.0,0.0
2017-01-26 00:00:00-05:00,31.91403001731126,31.974776648571613,31.7317959166478,31.74698257446289,8976800,0.0,0.0
2017-01-27 00:00:00-05:00,31.822915371614986,31.853288689540264,31.450849468427897,31.473630905151367,12967400,0.0,0.0
2017-01-30 00:00:00-05:00,31.359732185387667,31.49640921850817,31.291393668827414,31.42047882080078,11626200,0.0,0.0
2017-01-31 00:00:00-05:00,31.428079322820935,31.65587347498714,31.405300776572254,31.564756393432617,12678000,0.0,0.0
2017-02-01 00:00:00-05:00,31.526767369333555,31.63307103360699,31.321751918281528,31.329343795776367,11136100,0.0,0.0
2017-02-02 00:00:00-05:00,31.443251288250273,31.503997911931556,31.321760937446154,31.435659408569336,9459700,0.0,0.0
2017-02-03 00:00:00-05:00,31.57233688956741,31.73179243428842,31.4812169526767,31.541963577270508,11882400,0.0,0.0
2017-02-06 00:00:00-05:00,31.534376078719855,31.64067979973431,31.435667135811663,31.557157516479492,15742800,0.0,0.0
2017-02-07 00:00:00-05:00,31.663453491109156,31.8760608811242,31.640672058922938,31.815317153930664,13315200,0.0,0.0
2017-02-08 00:00:00-05:00,31.822907948935953,32.0051449174219,31.76975610324387,31.90643310546875,14219700,0.0,0.0
2017-02-09 00:00:00-05:00,31.90642561003809,31.90642561003809,30.91931641207246,31.321752548217773,27240300,0.0,0.0
2017-02-10 00:00:00-05:00,31.14712808372514,31.28380513145439,30.790248803925504,30.813030242919922,28847300,0.0,0.0
2017-02-13 00:00:00-05:00,30.957293718381184,31.002853691783695,30.75227818290807,30.843395233154297,23617100,0.0,0.0
2017-02-14 00:00:00-05:00,30.661151748437156,30.82819914000185,30.539661419772873,30.775047302246094,32177800,0.0,0.0
2017-02-15 00:00:00-05:00,30.691535599717625,30.850994079378555,30.67635183647295,30.706722259521484,26600800,0.0,0.0
2017-02-16 00:00:00-05:00,30.790253262861253,31.344553416008647,30.752288054451654,31.283809661865234,22214800,0.0,0.0
2017-02-17 00:00:00-05:00,31.230651096648483,31.405293335146748,31.169904458966073,31.306581497192383,15065100,0.0,0.0
2017-02-21 00:00:00-05:00,31.283793801737215,31.511587833268468,31.283793801737215,31.48121452331543,17072600,0.0,0.0
2017-02-22 00:00:00-05:00,31.519178288639868,31.648263401829894,31.43565603487942,31.58751678466797,11186800,0.0,0.0
2017-02-23 00:00:00-05:00,31.640669500535875,31.891244958414216,31.602704312039883,31.63307762145996,12856800,0.0,0.0
2017-02-24 00:00:00-05:00,31.66345366017743,31.822909203540135,31.587520380082005,31.724197387695312,13215300,0.0,0.0
2017-02-27 00:00:00-05:00,31.701434596751604,31.701434596751604,31.579944184818064,31.640687942504883,12186400,0.0,0.0
2017-02-28 00:00:00-05:00,31.648261102475672,31.944393598229688,31.61788779610143,31.860868453979492,15946800,0.0,0.0
2017-03-01 00:00:00-05:00,31.898854009597805,32.15702148553134,31.800145045681877,32.012752532958984,14662000,0.0,0.0
2017-03-02 00:00:00-05:00,31.951998211403993,32.31646931044495,31.944403434192974,32.248130798339844,15507600,0.0,0.0
2017-03-03 00:00:00-05:00,32.248133979194655,32.26332063855585,32.081083622780675,32.2557258605957,11740000,0.0,0.0
2017-03-06 00:00:00-05:00,32.149429247958174,32.21776778190957,31.98237885461926,32.02793884277344,16307800,0.0,0.0
2017-03-07 00:00:00-05:00,31.89124933556225,32.073486320536965,31.853284141855447,31.883657455444336,11273700,0.0,0.0
2017-03-08 00:00:00-05:00,31.89124933556225,31.914027872474612,31.6938285903517,31.883657455444336,14636000,0.0,0.0
2017-03-09 00:00:00-05:00,31.959593868744037,31.97478052840188,31.830508709931948,31.914033889770508,14496400,0.0,0.0
2017-03-10 00:00:00-05:00,32.06589022680048,32.19497535597196,32.005146498676275,32.1114501953125,16369700,0.0,0.0
2017-03-13 00:00:00-04:00,32.11144304529401,32.26464708605428,32.05016318226431,32.19570541381836,12831500,0.37,0.0
2017-03-14 00:00:00-04:00,32.15742390620155,32.249345215467585,32.042523000150446,32.14976501464844,9844500,0.0,0.0
2017-03-15 00:00:00-04:00,32.15741028313094,32.387214920005135,32.149751394822424,32.264652252197266,22757800,0.0,0.0
2017-03-16 00:00:00-04:00,32.195713957245374,32.47148071936629,32.09613378813212,32.36423873901367,16004200,0.0,0.0
2017-03-17 00:00:00-04:00,32.38720973423769,32.44083071018518,32.180384717529925,32.19570541381836,37526500,0.0,0.0
2017-03-20 00:00:00-04:00,32.249340357249444,32.43318587021175,32.226360763926145,32.31062316894531,11484200,0.0,0.0
2017-03-21 00:00:00-04:00,32.410205693868235,32.6553310919916,32.33360218062641,32.555747985839844,17187300,0.0,0.0
2017-03-22 00:00:00-04:00,32.601708621312554,32.70895061288223,32.364242124176045,32.46382522583008,11605500,0.0,0.0
2017-03-23 00:00:00-04:00,32.33360084617079,32.471484242190186,32.21869996423804,32.30295944213867,11503300,0.0,0.0
2017-03-24 00:00:00-04:00,32.34891463421352,32.36423533295507,32.10378929859778,32.264652252197266,13804400,0.0,0.0
2017-03-27 00:00:00-04:00,32.256991365448606,32.43317500687441,32.21102927207149,32.41785430908203,12387400,0.0,0.0
2017-03-28 00:00:00-04:00,32.35659009949305,32.60171553855449,32.35659009949305,32.502132415771484,14123800,0.0,0.0
2017-03-29 00:00:00-04:00,32.56340657448403,32.578727276990485,32.39488469116342,32.49446487426758,9580100,0.0,0.0
2017-03-30 00:00:00-04:00,32.440854092575414,32.647679258356526,32.37191237064838,32.63235855102539,11999900,0.0,0.0
2017-03-31 00:00:00-04:00,32.59404327434819,32.67064677582229,32.50212199470405,32.50978088378906,11551800,0.0,0.0
2017-04-03 00:00:00-04:00,32.61703329829271,32.655333596788786,32.37956677221626,32.48680877685547,11240000,0.0,0.0
2017-04-04 00:00:00-04:00,32.56340191221123,32.701285292902654,32.45615993214564,32.693626403808594,10946200,0.0,0.0
2017-04-05 00:00:00-04:00,32.670642534434336,32.831505483459125,32.57871834459924,32.60935974121094,10142800,0.0,0.0
2017-04-06 00:00:00-04:00,32.61702771947285,32.75490818605056,32.53276532391844,32.68596649169922,14597800,0.0,0.0
2017-04-07 00:00:00-04:00,32.66298279219717,32.739586288576376,32.5633997079665,32.6400032043457,11028800,0.0,0.0
2017-04-10 00:00:00-04:00,32.731923899230694,32.78554488468591,32.601702340875036,32.7012825012207,9426900,0.0,0.0
2017-04-11 00:00:00-04:00,32.6936272803135,32.74724827178385,32.57106459664912,32.678306579589844,8909400,0.0,0.0
2017-04-12 00:00:00-04:00,32.58638270958374,32.93109114317941,32.56340019926093,32.89278793334961,13417200,0.0,0.0
2017-04-13 00:00:00-04:00,32.839169131690674,33.000035026157896,32.77022744038325,32.777889251708984,9891900,0.0,0.0
2017-04-17 00:00:00-04:00,32.77788665930909,32.99237060546875,32.77022484858932,32.99237060546875,11318100,0.0,0.0
2017-04-18 00:00:00-04:00,33.02301658937378,33.39070465761185,33.00769588793157,33.30644226074219,13181600,0.0,0.0
2017-04-19 00:00:00-04:00,33.505618976824344,33.54391928139218,33.08430686020044,33.11494827270508,13893100,0.0,0.0
2017-04-20 00:00:00-04:00,33.091956637058765,33.168557218330655,32.977052843026065,33.007694244384766,10838300,0.0,0.0
2017-04-21 00:00:00-04:00,32.92342891961392,33.01535019337883,32.85448723375908,32.99237060546875,13833800,0.0,0.0
2017-04-24 00:00:00-04:00,33.122597910045066,33.26814018274753,33.05365621831761,33.153236389160156,16703800,0.0,0.0
2017-04-25 00:00:00-04:00,32.82384030380222,33.26813174269106,32.800860719764565,33.023006439208984,18745100,0.0,0.0
2017-04-26 00:00:00-04:00,32.98472095977017,33.26814667120552,32.923438145337975,33.12260437011719,13626600,0.0,0.0
2017-04-27 00:00:00-04:00,33.06896615719714,33.153228529568594,32.87746182803443,32.94640350341797,10386200,0.0,0.0
2017-04-28 00:00:00-04:00,32.90810473532756,33.091950185512744,32.823842359081205,33.05364990234375,10337800,0.0,0.0
2017-05-01 00:00:00-04:00,33.05364830883298,33.321753200214935,33.01534510538629,33.107269287109375,13208200,0.0,0.0
2017-05-02 00:00:00-04:00,33.10728146294486,33.27580334716602,33.06131935517987,33.23750305175781,11823900,0.0,0.0
2017-05-03 00:00:00-04:00,33.19154166414341,33.31410435459382,33.053658272121055,33.18387985229492,10389000,0.0,0.0
2017-05-04 00:00:00-04:00,33.260486592048586,33.559235944789776,33.24516880976752,33.444332122802734,10193100,0.0,0.0
2017-05-05 00:00:00-04:00,33.54390773462882,33.5822080260126,33.36772405656348,33.46730422973633,8133000,0.0,0.0
2017-05-08 00:00:00-04:00,33.390697841451484,33.635823170238574,33.352397556726835,33.62050247192383,14284300,0.0,0.0
2017-05-09 00:00:00-04:00,33.6205017854637,33.6205017854637,33.22983421384978,33.32941436767578,8694400,0.0,0.0
2017-05-10 00:00:00-04:00,33.30644739307013,33.41368939756597,33.214526092377334,33.375389099121094,7597700,0.0,0.0
2017-05-11 00:00:00-04:00,33.31410393734717,33.459646217270105,33.26814183320703,33.45198440551758,6860100,0.0,0.0
2017-05-12 00:00:00-04:00,33.42900540170295,33.45964680500127,33.29112200898557,33.39070510864258,7275800,0.0,0.0
2017-05-15 00:00:00-04:00,33.2911074355452,33.52091201543375,33.2911074355452,33.49793243408203,8493000,0.0,0.0
2017-05-16 00:00:00-04:00,33.60517970616125,33.789025152503285,33.528579141424544,33.58985900878906,10454100,0.0,0.0
2017-05-17 00:00:00-04:00,33.58985933028602,33.83498464633873,33.48261736977849,33.65114212036133,14538800,0.0,0.0
2017-05-18 00:00:00-04:00,33.60518424993011,33.674125936364476,33.42900058951443,33.55156326293945,13832200,0.0,0.0
2017-05-19 00:00:00-04:00,33.589874420755095,33.70477824270546,33.520932712009994,33.628177642822266,11796800,0.0,0.0
2017-05-22 00:00:00-04:00,33.62050939377183,33.87329658482276,33.55922951002086,33.842655181884766,12857900,0.0,0.0
2017-05-23 00:00:00-04:00,33.89627136325027,34.164376295578684,33.86562996466286,34.00351333618164,11996100,0.0,0.0
2017-05-24 00:00:00-04:00,34.095437337537994,34.53972888622618,34.095437337537994,34.49376678466797,12738300,0.0,0.0
2017-05-25 00:00:00-04:00,34.47078782781426,34.83847588065596,34.44780823767568,34.784854888916016,16704200,0.0,0.0
2017-05-26 00:00:00-04:00,34.73888985098791,34.899755734739045,34.72357207360651,34.76953125,11341400,0.0,0.0
2017-05-30 00:00:00-04:00,34.593349640722614,34.82315430269451,34.5550493507481,34.800174713134766,13093500,0.0,0.0
2017-05-31 00:00:00-04:00,34.80017296228434,35.00699802429081,34.75421086335246,34.830814361572266,14148000,0.0,0.0
2017-06-01 00:00:00-04:00,34.81549691909998,35.07594299316406,34.6469721293747,35.07594299316406,11049300,0.0,0.0
2017-06-02 00:00:00-04:00,35.10658293506255,35.15254211425781,34.938058152347054,35.15254211425781,9923700,0.0,0.0
2017-06-05 00:00:00-04:00,35.06827915907731,35.22914505004883,34.99933746926803,35.22914505004883,10015200,0.0,0.0
2017-06-06 00:00:00-04:00,35.16019383180449,35.282756478014804,35.06826965555378,35.221473693847656,9836700,0.0,0.0
2017-06-07 00:00:00-04:00,34.85378749327441,35.00699153920813,34.73888372829308,34.861446380615234,12776300,0.0,0.0
2017-06-08 00:00:00-04:00,34.86145425918059,34.86145425918059,34.49376621911794,34.570369720458984,12879000,0.0,0.0
2017-06-09 00:00:00-04:00,34.51674481389941,34.738887637269485,34.447803131577814,34.71590805053711,9358800,0.0,0.0
2017-06-12 00:00:00-04:00,34.71591378044933,34.83847646679193,34.62399249622361,34.723575592041016,11228500,0.0,0.0
2017-06-13 00:00:00-04:00,34.754461154300486,34.83941697517632,34.59999629326916,34.77762985229492,10023400,0.37,0.0
2017-06-14 00:00:00-04:00,34.89349014059841,35.11746411178846,34.87804335505015,34.986167907714844,11497500,0.0,0.0
2017-06-15 00:00:00-04:00,34.89348564323331,35.017056965519345,34.785361104504624,34.947547912597656,9908700,0.0,0.0
2017-06-16 00:00:00-04:00,34.9938850402832,35.0247756583801,34.76218625443555,34.9938850402832,27025300,0.0,0.0
2017-06-19 00:00:00-04:00,35.02477909606637,35.047950744628906,34.83169871969076,35.047950744628906,7624700,0.0,0.0
2017-06-20 00:00:00-04:00,35.024776894139535,35.42638440529339,35.001608193206295,35.225582122802734,14920900,0.0,0.0
2017-06-21 00:00:00-04:00,35.23331195526868,35.27965231371682,34.88576663234073,34.92438507080078,9515800,0.0,0.0
2017-06-22 00:00:00-04:00,34.88576369291004,34.97071953648673,34.77763914514805,34.80853271484375,7446300,0.0,0.0
2017-06-23 00:00:00-04:00,34.793083023196935,35.04795053263403,34.77763623963959,34.947547912597656,9544800,0.0,0.0
2017-06-26 00:00:00-04:00,35.00159966999263,35.148339650458155,34.98615289107439,35.08655548095703,7747100,0.0,0.0
2017-06-27 00:00:00-04:00,35.017057134320055,35.06339748521547,34.75446770492482,34.79308319091797,11432200,0.0,0.0
2017-06-28 00:00:00-04:00,34.94753991585781,35.14062024688465,34.93209313583502,35.00160217285156,9218800,0.0,0.0
2017-06-29 00:00:00-04:00,34.854868610743,34.93982444345212,34.484154660335314,34.623172760009766,9283500,0.0,0.0
2017-06-30 00:00:00-04:00,34.669500582353564,34.84713411703662,34.638607025146484,34.638607025146484,9352800,0.0,0.0
2017-07-03 00:00:00-04:00,34.839429021875134,34.96300036419398,34.569114685058594,34.569114685058594,6434500,0.0,0.0
2017-07-05 00:00:00-04:00,34.592279296756686,34.74674417976068,34.54593894800371,34.615447998046875,6853600,0.0,0.0
2017-07-06 00:00:00-04:00,34.538211626435825,34.638611280435086,34.20611321109147,34.29106903076172,13113000,0.0,0.0
2017-07-07 00:00:00-04:00,34.345142855703024,34.38375834687421,34.16750923937707,34.283355712890625,9566000,0.0,0.0
2017-07-10 00:00:00-04:00,34.329681761176744,34.430084353311905,34.15977013543599,34.27561950683594,9672000,0.0,0.0
2017-07-11 00:00:00-04:00,34.229293719203056,34.35286505967706,34.09800045890018,34.23701858520508,10300700,0.0,0.0
2017-07-12 00:00:00-04:00,34.43781328320671,34.576831378729274,34.32196388821374,34.37602615356445,7737400,0.0,0.0
2017-07-13 00:00:00-04:00,34.360587485549466,34.39147810884439,34.26790677714585,34.314247131347656,6371900,0.0,0.0
2017-07-14 00:00:00-04:00,34.383752898877816,34.53821778526121,34.36830611562221,34.50732421875,8558700,0.0,0.0
2017-07-17 00:00:00-04:00,34.491881938500924,34.59228456968386,34.453266448406886,34.54594421386719,7189200,0.0,0.0
2017-07-18 00:00:00-04:00,34.58455146776862,34.63861373026014,34.46098016119195,34.499595642089844,9037200,0.0,0.0
2017-07-19 00:00:00-04:00,34.49959849703462,34.63089467835942,34.406920745975846,34.623172760009766,6986900,0.0,0.0
2017-07-20 00:00:00-04:00,34.677235129717516,34.73901931521556,34.561385730921366,34.615447998046875,7430300,0.0,0.0
2017-07-21 00:00:00-04:00,34.584549512548804,34.80852341373562,34.49959369167297,34.77762985229492,8545600,0.0,0.0
2017-07-24 00:00:00-04:00,34.78535858549039,34.79308050362352,34.62317178914227,34.63089370727539,9103600,0.0,0.0
2017-07-25 00:00:00-04:00,34.769907695357,34.97843481438611,34.708120572901485,34.9398193359375,14096300,0.0,0.0
2017-07-26 00:00:00-04:00,34.40691309894807,35.364592800950504,34.22155763802626,35.32597732543945,13608900,0.0,0.0
2017-07-27 00:00:00-04:00,35.37232603124051,35.85888942758593,35.295095055516484,35.619468688964844,15195200,0.0,0.0
2017-07-28 00:00:00-04:00,35.526782019600795,35.61945975646286,35.31825490203205,35.53450393676758,11945300,0.0,0.0
2017-07-31 00:00:00-04:00,35.52679246457487,35.588579604763254,35.364605640839855,35.403221130371094,13622900,0.0,0.0
2017-08-01 00:00:00-04:00,35.503613022794234,35.57312206139817,35.25647042912959,35.29508590698242,10306800,0.0,0.0
2017-08-02 00:00:00-04:00,35.2178583320632,35.52678810272991,35.04794960975189,35.21013641357422,10187900,0.0,0.0
2017-08-03 00:00:00-04:00,35.25647541410121,35.48817126015015,35.24102863154161,35.27191925048828,14261400,0.0,0.0
2017-08-04 00:00:00-04:00,35.271914399744546,35.341423438617305,35.117452487735854,35.140621185302734,9523600,0.0,0.0
2017-08-07 00:00:00-04:00,35.156071034766725,35.341426523827025,35.14062425298297,35.248748779296875,6226300,0.0,0.0
2017-08-08 00:00:00-04:00,35.2487356541148,35.387753692231605,35.1792266350564,35.21784210205078,5747900,0.0,0.0
2017-08-09 00:00:00-04:00,35.18696771193464,35.264198681515,35.00933412496171,35.21013641357422,9635300,0.0,0.0
2017-08-10 00:00:00-04:00,35.186959256662135,35.40320827646155,35.10972535946811,35.32597732543945,8901600,0.0,0.0
2017-08-11 00:00:00-04:00,35.41866356684835,35.44955713314955,35.19468963042362,35.21013641357422,8357600,0.0,0.0
2017-08-14 00:00:00-04:00,35.27191946834825,35.48044661493205,35.233303984797004,35.37232208251953,8421200,0.0,0.0
2017-08-15 00:00:00-04:00,35.37232186938957,35.71986711160182,35.37232186938957,35.673526763916016,9638100,0.0,0.0
2017-08-16 00:00:00-04:00,35.64263985324002,35.78937988358653,35.61946820390007,35.68125534057617,8087300,0.0,0.0
2017-08-17 00:00:00-04:00,35.619461474118076,35.78165120416303,35.41093434649365,35.41865921020508,8477000,0.0,0.0
2017-08-18 00:00:00-04:00,35.37232186403942,35.44955577683742,35.24102863154161,35.27191925048828,10879800,0.0,0.0
2017-08-21 00:00:00-04:00,35.271915334245534,35.37231793664896,35.186962458858844,35.279640197753906,9429700,0.0,0.0
2017-08-22 00:00:00-04:00,35.29507598221083,35.33369144920521,35.17150472012604,35.21784210205078,10536700,0.0,0.0
2017-08-23 00:00:00-04:00,35.24103692734332,35.26420563355041,35.09429393156983,35.17152786254883,6528400,0.0,0.0
2017-08-24 00:00:00-04:00,35.17152001590968,35.22558228244728,34.99388643354722,35.07111740112305,7534400,0.0,0.0
2017-08-25 00:00:00-04:00,35.21785558948376,35.34142689889284,35.1869649717608,35.19468688964844,8807100,0.0,0.0
2017-08-28 00:00:00-04:00,35.24103192201924,35.28736932785206,35.04795154125499,35.07884216308594,8024000,0.0,0.0
2017-08-29 00:00:00-04:00,35.06338571715262,35.19467891469891,34.94753635188211,35.10200119018555,7762200,0.0,0.0
2017-08-30 00:00:00-04:00,35.03250299014679,35.17152109297854,34.978440721953625,35.05567169189453,7134900,0.0,0.0
2017-08-31 00:00:00-04:00,35.06339853367373,35.256478915585646,35.01705818139265,35.17924499511719,14264600,0.0,0.0
2017-09-01 00:00:00-04:00,35.24874042850114,35.37231170732347,35.17150948405156,35.35686492919922,7391200,0.0,0.0
2017-09-05 00:00:00-04:00,35.3336993169432,35.4727173860151,35.256468365757456,35.46499252319336,9916700,0.0,0.0
2017-09-06 00:00:00-04:00,35.511342169262385,35.55768251982297,35.36460214507959,35.49589538574219,9238900,0.0,0.0
2017-09-07 00:00:00-04:00,35.534511018364555,35.77393174465835,35.49589553249077,35.743038177490234,9418400,0.0,0.0
2017-09-08 00:00:00-04:00,35.67352044137684,35.812538513623096,35.54222723212871,35.75847625732422,10534900,0.0,0.0
2017-09-11 00:00:00-04:00,35.79708673644426,35.98244512228682,35.69668710086065,35.928382873535156,10430300,0.0,0.0
2017-09-12 00:00:00-04:00,35.91295497122321,36.1060353742943,35.87433947984361,36.08286666870117,8567600,0.0,0.0
2017-09-13 00:00:00-04:00,36.051963758169215,36.28365959260103,36.02879505857774,36.19870376586914,10218000,0.0,0.0
2017-09-14 00:00:00-04:00,36.120863370637245,36.175355813085154,35.76276635933119,35.89510726928711,13768800,0.37,0.0
2017-09-15 00:00:00-04:00,36.04302306166034,36.089732152738,35.809483545504186,35.949607849121094,16141400,0.0,0.0
2017-09-18 00:00:00-04:00,35.92624665629031,35.99630879223982,35.73941330388648,35.89510726928711,8535300,0.0,0.0
2017-09-19 00:00:00-04:00,35.9184579208917,35.9573806672331,35.72384121956947,35.79390335083008,7297900,0.0,0.0
2017-09-20 00:00:00-04:00,35.62262916468565,35.92623362340584,35.45915189664622,35.63819885253906,11026600,0.0,0.0
2017-09-21 00:00:00-04:00,35.583722443461745,35.64600122290249,35.311260207447596,35.34239959716797,7555300,0.0,0.0
2017-09-22 00:00:00-04:00,35.38131712732689,35.52144139077097,35.31903835707831,35.41245651245117,8024800,0.0,0.0
2017-09-25 00:00:00-04:00,35.42024573196812,35.62264582951989,35.30347450324722,35.568153381347656,9215300,0.0,0.0
2017-09-26 00:00:00-04:00,35.56814662878506,35.708270888801465,35.466948084029426,35.4747314453125,6480100,0.0,0.0
2017-09-27 00:00:00-04:00,35.396891910435635,35.42024496782973,34.548362846267835,34.750762939453125,14816200,0.0,0.0
2017-09-28 00:00:00-04:00,34.77410798971808,35.03100344036259,34.758541268116865,34.960941314697266,8789500,0.0,0.0
2017-09-29 00:00:00-04:00,34.92201580664539,35.11663247701714,34.867523376510476,35.03878402709961,10082200,0.0,0.0
2017-10-02 00:00:00-04:00,35.069925673427186,35.241189304698786,34.83638624781177,34.875308990478516,10707800,0.0,0.0
2017-10-03 00:00:00-04:00,34.92202062035354,35.23340555410132,34.84417215970525,35.17891311645508,12038100,0.0,0.0
2017-10-04 00:00:00-04:00,35.11663314376978,35.466943751013154,34.98429226120461,35.42023468017578,14060300,0.0,0.0
2017-10-05 00:00:00-04:00,35.42801994404875,35.614853267822,35.420236583298376,35.43580627441406,10215300,0.0,0.0
2017-10-06 00:00:00-04:00,35.33460804964045,35.43580956648678,35.248976225356266,35.41245651245117,5437900,0.0,0.0
2017-10-09 00:00:00-04:00,35.459162643282326,35.53701110614302,35.295685325697704,35.35017776489258,5268300,0.0,0.0
2017-10-10 00:00:00-04:00,35.49808463577554,35.73162704978096,35.44359219773831,35.70827102661133,6310400,0.0,0.0
2017-10-11 00:00:00-04:00,35.71606457682354,35.887325286865234,35.70827824432143,35.887325286865234,6638200,0.0,0.0
2017-10-12 00:00:00-04:00,35.793905746334396,35.91846032473182,35.76276635933119,35.89510726928711,7710200,0.0,0.0
2017-10-13 00:00:00-04:00,36.00410030390366,36.10530184976389,35.926254788390295,35.949607849121094,7126000,0.0,0.0
2017-10-16 00:00:00-04:00,35.90288848181557,36.39332340410107,35.887318789246095,36.29212188720703,12708600,0.0,0.0
2017-10-17 00:00:00-04:00,36.22205872136235,36.29990718198731,36.05079804721771,36.21427536010742,7699400,0.0,0.0
2017-10-18 00:00:00-04:00,36.12864059939134,36.22984210516411,35.99630268151646,36.12085723876953,6272200,0.0,0.0
2017-10-19 00:00:00-04:00,36.097512257733584,36.4244699265289,36.05858950349066,36.268775939941406,7515500,0.0,0.0
2017-10-20 00:00:00-04:00,36.2609834064406,36.26876676747443,36.02744100081495,36.105289459228516,9646800,0.0,0.0
2017-10-23 00:00:00-04:00,36.10529520308438,36.315481619816204,35.98852398169486,36.05858612060547,7153600,0.0,0.0
2017-10-24 00:00:00-04:00,36.01188366760857,36.03523969795543,35.7705607877475,35.949607849121094,9539500,0.0,0.0
2017-10-25 00:00:00-04:00,36.097509286153574,36.401110901717736,35.754984919550644,35.8484001159668,11994200,0.0,0.0
2017-10-26 00:00:00-04:00,36.05857988803113,36.39332083056596,35.98073440030373,35.98851776123047,10569100,0.0,0.0
2017-10-27 00:00:00-04:00,35.91068079569535,36.06637477771389,35.73941711851339,35.86397171020508,9988000,0.0,0.0
2017-10-30 00:00:00-04:00,35.80947009813072,35.863962532449975,35.66934584713405,35.70048522949219,7201900,0.0,0.0
2017-10-31 00:00:00-04:00,35.74719427345128,35.9418109747735,35.684918473228066,35.79390335083008,6560500,0.0,0.0
2017-11-01 00:00:00-04:00,35.614851520402595,35.87953031715302,35.52143634790679,35.65377426147461,7067600,0.0,0.0
2017-11-02 00:00:00-04:00,35.661564386507685,35.77054926095325,35.61485531048168,35.71605682373047,8317800,0.0,0.0
2017-11-03 00:00:00-04:00,35.78611755371094,35.93402516758738,35.74719184040372,35.78611755371094,4730400,0.0,0.0
2017-11-06 00:00:00-05:00,35.739401524110775,35.747184883488465,35.357951583086646,35.39687728881836,7451300,0.0,0.0
2017-11-07 00:00:00-05:00,35.350173749707984,35.770546492562794,35.27232826530445,35.762760162353516,9868000,0.0,0.0
2017-11-08 00:00:00-05:00,35.7939138484783,35.957391212826,35.70828199964396,35.949607849121094,7586900,0.0,0.0
2017-11-09 00:00:00-05:00,35.902885942961326,36.11307232336331,35.825040455233925,35.98851776123047,6532400,0.0,0.0
2017-11-10 00:00:00-05:00,35.965168113555144,36.30769244944252,35.91845903472788,36.2298469543457,8022900,0.0,0.0
2017-11-13 00:00:00-05:00,36.27654265406377,36.44780625767129,36.22983655825403,36.36996078491211,7653600,0.0,0.0
2017-11-14 00:00:00-05:00,36.362182864871954,36.96160264650379,36.29212073534057,36.92267990112305,17200700,0.0,0.0
2017-11-15 00:00:00-05:00,36.837061299827816,36.94604621385312,36.416688371773475,36.44004440307617,12419100,0.0,0.0
2017-11-16 00:00:00-05:00,36.549016844533654,36.5723698982508,36.206489552067936,36.23762893676758,12506400,0.0,0.0
2017-11-17 00:00:00-05:00,36.07414840310548,36.105287785026974,35.225619548241696,35.58371353149414,19720700,0.0,0.0
2017-11-20 00:00:00-05:00,35.53701354055111,35.716060562973205,35.35796354851359,35.389102935791016,19160900,0.0,0.0
2017-11-21 00:00:00-05:00,35.46693822538009,35.77053971448597,35.45136853752667,35.63819885253906,10280800,0.0,0.0
2017-11-22 00:00:00-05:00,35.72383637631837,35.754975757015856,35.45137421925232,35.684913635253906,8434400,0.0,0.0
2017-11-24 00:00:00-05:00,35.72384018492725,35.848394751381484,35.7004871317218,35.71605682373047,2996300,0.0,0.0
2017-11-27 00:00:00-05:00,35.716062538166256,35.801694373107146,35.66157009222488,35.731632232666016,5649200,0.0,0.0
2017-11-28 00:00:00-05:00,35.80169769486277,35.926252292801706,35.63821737225503,35.67714309692383,8432800,0.0,0.0
2017-11-29 00:00:00-05:00,35.6304210445218,35.66934378541223,35.19447862555063,35.42023468017578,16502100,0.0,0.0
2017-11-30 00:00:00-05:00,35.428090577963935,35.977485588362406,35.34175669139192,35.92254638671875,17147600,0.37,0.0
2017-12-01 00:00:00-05:00,35.946083847333945,36.11875158658385,35.48302281440487,36.07950973510742,12468800,0.0,0.0
2017-12-04 00:00:00-05:00,36.095211045242095,36.40130171197645,35.92254328699741,36.283573150634766,17523600,0.0,0.0
2017-12-05 00:00:00-05:00,36.2992741025009,36.44839436693351,36.15015383806829,36.30712127685547,13670800,0.0,0.0
2017-12-06 00:00:00-05:00,36.385612682911436,36.47979375712279,36.30712595943333,36.45624923706055,8154000,0.0,0.0
2017-12-07 00:00:00-05:00,36.33066024872798,36.35420476021979,35.883296566615996,35.93038558959961,9106500,0.0,0.0
2017-12-08 00:00:00-05:00,35.86760649536618,35.891151011628736,35.35745335395708,35.56151580810547,13238600,0.0,0.0
2017-12-11 00:00:00-05:00,35.561512132116555,35.639995840853466,35.255418482534814,35.57720947265625,9698700,0.0,0.0
2017-12-12 00:00:00-05:00,35.51441983332578,35.72632943801548,35.36529959030482,35.545814514160156,13999300,0.0,0.0
2017-12-13 00:00:00-05:00,35.67139159195165,36.142299846421885,35.63214973640607,36.024574279785156,12418700,0.0,0.0
2017-12-14 00:00:00-05:00,35.95392981831781,36.23647291235317,35.94607965256179,36.12659454345703,9029000,0.0,0.0
2017-12-15 00:00:00-05:00,36.33066489708887,36.43269312258165,36.134452625655854,36.25217819213867,21181600,0.0,0.0
2017-12-18 00:00:00-05:00,36.26003587705938,36.40130898129688,36.0324288764587,36.048126220703125,10156800,0.0,0.0
2017-12-19 00:00:00-05:00,36.134449223570655,36.40129800735402,36.032418013722534,36.20508575439453,8253200,0.0,0.0
2017-12-20 00:00:00-05:00,36.26787217968196,36.33850871062503,36.07165992639137,36.16584396362305,7311000,0.0,0.0
2017-12-21 00:00:00-05:00,36.21292739658303,36.275716745042075,35.75771659609858,35.78910827636719,9657100,0.0,0.0
2017-12-22 00:00:00-05:00,35.85976425177161,35.89115894303402,35.74988582631571,35.781280517578125,5406300,0.0,0.0
2017-12-26 00:00:00-05:00,35.867599846911375,35.99317556697128,35.7969633172551,35.95393371582031,6100400,0.0,0.0
2017-12-27 00:00:00-05:00,36.02458170131763,36.05597339584419,35.88330859708013,36.048126220703125,5660600,0.0,0.0
2017-12-28 00:00:00-05:00,36.03242102814833,36.0952103914497,35.82051141794862,35.88330078125,6538900,0.0,0.0
2017-12-29 00:00:00-05:00,35.86760372594605,36.24433092686833,35.85975355849007,36.00887680053711,8371500,0.0,0.0
2018-01-02 00:00:00-05:00,36.03242444531662,36.05596896180669,35.718483586960126,35.74203109741211,10872200,0.0,0.0
2018-01-03 00:00:00-05:00,35.702780915394385,35.85974831401768,35.5850523724657,35.663536071777344,12635600,0.0,0.0
2018-01-04 00:00:00-05:00,35.757722117503256,36.275722346431955,35.671388247021575,36.16584396362305,12709400,0.0,0.0
2018-01-05 00:00:00-05:00,36.11876289697739,36.260036001700506,35.93824792848947,36.15800476074219,13113100,0.0,0.0
2018-01-08 00:00:00-05:00,36.06381600592336,36.181541572137654,36.008876809564356,36.103057861328125,7068600,0.0,0.0
2018-01-09 00:00:00-05:00,36.10305821881609,36.38560437086678,36.05596619548708,36.283573150634766,9962400,0.0,0.0
2018-01-10 00:00:00-05:00,36.283580521166925,36.307125040633345,36.048126344615824,36.15800476074219,10700700,0.0,0.0
2018-01-11 00:00:00-05:00,36.28356540820877,36.28356540820877,35.993172144550115,36.13444519042969,7583200,0.0,0.0
2018-01-12 00:00:00-05:00,36.3228152753656,36.40914915512717,36.126603000984474,36.220787048339844,14570100,0.0,0.0
2018-01-16 00:00:00-05:00,36.220790990789354,36.589668070882304,36.2129408223411,36.5190315246582,16459300,0.0,0.0
2018-01-17 00:00:00-05:00,36.55826953031178,36.88790468829719,36.53472202334035,36.74663162231445,12143100,0.0,0.0
2018-01-18 00:00:00-05:00,36.691692845921146,36.942844300750636,36.58181445867843,36.793724060058594,11952900,0.0,0.0
2018-01-19 00:00:00-05:00,36.88006203946152,37.08412149649053,36.78587798794489,37.013484954833984,16187400,0.0,0.0
2018-01-22 00:00:00-05:00,36.997792094673315,37.28033829552599,36.95855023210205,37.1861572265625,9577400,0.0,0.0
2018-01-23 00:00:00-05:00,37.0527237735659,37.43730113414427,36.98993740499976,37.2410888671875,11463700,0.0,0.0
2018-01-24 00:00:00-05:00,37.30386864022404,37.63350674728961,37.26462679256318,37.53932571411133,15964500,0.0,0.0
2018-01-25 00:00:00-05:00,37.43730558694761,37.6727597365084,37.43730558694761,37.547183990478516,11755000,0.0,0.0
2018-01-26 00:00:00-05:00,37.50009672742554,38.159370226334616,37.468705032401175,38.0887336730957,16671200,0.0,0.0
2018-01-29 00:00:00-05:00,37.83756949287067,38.03378174246319,37.34311677954968,37.43729782104492,11662600,0.0,0.0
2018-01-30 00:00:00-05:00,37.460845369007934,37.798330705176056,37.201846735414705,37.209693908691406,12404800,0.0,0.0
2018-01-31 00:00:00-05:00,37.24109662327512,37.594279376145906,37.17830724767044,37.350975036621094,10960100,0.0,0.0
2018-02-01 00:00:00-05:00,37.20969418592364,37.46084564811137,36.97424006436783,37.2410888671875,10279400,0.0,0.0
2018-02-02 00:00:00-05:00,37.16260043413933,37.20969245384303,36.597511167502155,36.675994873046875,12912300,0.0,0.0
2018-02-05 00:00:00-05:00,36.61320853118509,36.82511513508576,34.85514538260378,35.23187255859375,23261500,0.0,0.0
2018-02-06 00:00:00-05:00,34.43132548766324,35.11414628711749,34.09384017132462,35.0592041015625,25184300,0.0,0.0
2018-02-07 00:00:00-05:00,34.98857102754461,35.710630694597626,34.753113924499,34.97287368774414,18041600,0.0,0.0
2018-02-08 00:00:00-05:00,35.01996687040997,35.01996687040997,33.80345133409442,33.826995849609375,23295300,0.0,0.0
2018-02-09 00:00:00-05:00,34.03105508227129,34.10953878921445,33.11278014243649,33.85054016113281,22853100,0.0,0.0
2018-02-12 00:00:00-05:00,34.18802721106107,34.71387466076543,34.038903968816456,34.50981521606445,14689000,0.0,0.0
2018-02-13 00:00:00-05:00,34.47057024696688,34.85514761451933,34.29005531736851,34.68247985839844,13163200,0.0,0.0
2018-02-14 00:00:00-05:00,34.549060547588276,34.68248346832418,34.24296985275935,34.611846923828125,13457900,0.0,0.0
2018-02-15 00:00:00-05:00,34.72956553595561,35.18477935748302,34.62753433561997,35.14553451538086,13467300,0.0,0.0
2018-02-16 00:00:00-05:00,35.76557035922518,35.820509552271616,35.09844987568336,35.30250930786133,17202300,0.0,0.0
2018-02-20 00:00:00-05:00,35.121981162385644,35.18477049877132,34.486252604302216,34.52549743652344,14137300,0.0,0.0
2018-02-21 00:00:00-05:00,34.61969209940088,34.73741766060852,34.00751079802884,34.015357971191406,12792900,0.0,0.0
2018-02-22 00:00:00-05:00,34.08599493452829,34.39208558906696,33.921177350386166,34.15663146972656,12377800,0.0,0.0
2018-02-23 00:00:00-05:00,34.20372085001227,34.58044801065883,34.078142135835414,34.56475067138672,8277200,0.0,0.0
2018-02-26 00:00:00-05:00,34.71386658896679,34.83944229357459,34.384231487106675,34.5568962097168,12713300,0.0,0.0
2018-02-27 00:00:00-05:00,34.6510909487033,34.776666692142534,34.2351188659668,34.2351188659668,12774400,0.0,0.0
2018-02-28 00:00:00-05:00,34.39993917863151,34.46272555285331,33.921180725097656,33.921180725097656,11929400,0.0,0.0
2018-03-01 00:00:00-05:00,33.8270044521722,34.25082380299395,33.60724760091464,34.08600616455078,17746800,0.0,0.0
2018-03-02 00:00:00-05:00,33.94472242493981,34.37638881652244,33.936875251548834,34.313602447509766,14050100,0.0,0.0
2018-03-05 00:00:00-05:00,34.19587004860617,34.48626333484614,34.14093085915432,34.447021484375,11992700,0.0,0.0
2018-03-06 00:00:00-05:00,34.494117598413546,34.57260130867786,34.211571451123405,34.47842025756836,10010500,0.0,0.0
2018-03-07 00:00:00-05:00,34.211574896791944,34.47057356191891,34.117393836196854,34.39208984375,10881700,0.0,0.0
2018-03-08 00:00:00-05:00,34.4548730979929,34.89438663206782,34.3763863997928,34.886539459228516,12361100,0.0,0.0
2018-03-09 00:00:00-05:00,34.98073241131292,35.176944732666016,34.839459300421694,35.176944732666016,9778600,0.0,0.0
2018-03-12 00:00:00-04:00,35.278963703567015,35.38884208626108,34.79235815422413,34.94932556152344,11857700,0.0,0.0
2018-03-13 00:00:00-04:00,35.05920804755219,35.18478677842759,34.84730142410427,34.9807243347168,11342100,0.0,0.0
2018-03-14 00:00:00-04:00,35.13906955069177,35.17865780274827,34.62441321278725,34.66400146484375,15321200,0.39,0.0
2018-03-15 00:00:00-04:00,34.74318744844309,34.83819987512042,34.4818994995922,34.57691192626953,12456700,0.0,0.0
2018-03-16 00:00:00-04:00,34.60066476166984,34.85403322782875,34.402720458708785,34.41063690185547,26603300,0.0,0.0
2018-03-19 00:00:00-04:00,34.41063340462039,34.60857768746389,34.18893677436049,34.25227737426758,12380300,0.0,0.0
2018-03-20 00:00:00-04:00,34.29979139069416,34.42647563417152,34.05433934753588,34.1731071472168,13559800,0.0,0.0
2018-03-21 00:00:00-04:00,34.14936058958187,34.402729119525794,33.88015614896755,34.04642868041992,13054000,0.0,0.0
2018-03-22 00:00:00-04:00,33.95141882208754,34.339388091685755,33.808898635592705,33.85640335083008,12274100,0.0,0.0
2018-03-23 00:00:00-04:00,33.90390316948117,34.17310756773206,33.48426217412179,33.515933990478516,13475200,0.0,0.0
2018-03-26 00:00:00-04:00,33.737631371213084,33.895987435924646,33.452591058810405,33.80097198486328,11276100,0.0,0.0
2018-03-27 00:00:00-04:00,33.808902492446904,34.29188728840055,33.674298736339175,33.9593391418457,11627000,0.0,0.0
2018-03-28 00:00:00-04:00,34.04642852928625,34.60067331872495,34.04642852928625,34.29979705810547,16277400,0.0,0.0
2018-03-29 00:00:00-04:00,34.47399405150144,34.774867335342975,34.27604967089392,34.386898040771484,10450500,0.0,0.0
2018-04-02 00:00:00-04:00,34.39480219871686,34.44230992043043,33.62678033021876,33.785133361816406,14207900,0.0,0.0
2018-04-03 00:00:00-04:00,34.03058556290344,34.47398190660037,33.919737232076834,34.34729766845703,15484600,0.0,0.0
2018-04-04 00:00:00-04:00,34.15727192551781,35.15491300578831,34.13351957326064,35.028228759765625,13563300,0.0,0.0
2018-04-05 00:00:00-04:00,35.05989940114644,35.32118737128931,34.79069498663143,35.15491485595703,11707800,0.0,0.0
2018-04-06 00:00:00-04:00,35.05989302449285,35.24992087916115,34.60858026759471,34.77485275268555,11495100,0.0,0.0
2018-04-09 00:00:00-04:00,34.86196255111459,35.083662306205845,34.664018175020786,34.703609466552734,11913400,0.0,0.0
2018-04-10 00:00:00-04:00,34.8936209092557,34.98071688438558,34.616500097833644,34.83028030395508,10379500,0.0,0.0
2018-04-11 00:00:00-04:00,34.68776016654079,34.94904507154011,34.6481688902888,34.83028030395508,8424300,0.0,0.0
2018-04-12 00:00:00-04:00,34.90153737881289,35.16282226139923,34.79860550608976,34.86194610595703,8476400,0.0,0.0
2018-04-13 00:00:00-04:00,34.9886472756345,35.38453603285305,34.949059003990946,35.24201583862305,10774200,0.0,0.0
2018-04-16 00:00:00-04:00,35.3528612620437,35.54288614202301,35.154916916837166,35.37661361694336,8962100,0.0,0.0
2018-04-17 00:00:00-04:00,35.59039732493465,35.653737950942265,35.35286469172132,35.53497314453125,8406400,0.0,0.0
2018-04-18 00:00:00-04:00,35.55081160638239,35.606235790761666,35.09949866478457,35.24201583862305,7429000,0.0,0.0
2018-04-19 00:00:00-04:00,35.10739339646271,35.21032525538413,34.854024990186645,35.083641052246094,10370400,0.0,0.0
2018-04-20 00:00:00-04:00,35.08365228448311,35.16282880414708,34.505655233842326,34.63233947753906,14690700,0.0,0.0
2018-04-23 00:00:00-04:00,34.63234753695229,34.830291902567176,34.489827352078265,34.82237243652344,11878500,0.0,0.0
2018-04-24 00:00:00-04:00,34.822361940443486,34.917374361590625,33.832640410688754,34.101844787597656,18523900,0.0,0.0
2018-04-25 00:00:00-04:00,33.84056390286315,33.95932868833772,33.18338727908565,33.59511184692383,20774700,0.0,0.0
2018-04-26 00:00:00-04:00,33.57135180551531,34.125593384914374,33.460500469245424,33.848472595214844,13561000,0.0,0.0
2018-04-27 00:00:00-04:00,33.83264167512812,34.31562628296165,33.81680576761336,34.291873931884766,9777900,0.0,0.0
2018-04-30 00:00:00-04:00,34.44230837480121,34.59274495622419,34.02266742319635,34.21269226074219,16037700,0.0,0.0
2018-05-01 00:00:00-04:00,34.014754721126145,34.03851009583418,33.397169345754236,33.721797943115234,11514200,0.0,0.0
2018-05-02 00:00:00-04:00,33.57136279110881,33.721799408974654,33.2071428935324,33.30215835571289,13736400,0.0,0.0
2018-05-03 00:00:00-04:00,33.42883708042571,33.571357229695565,32.87459239108633,33.16754913330078,18352200,0.0,0.0
2018-05-04 00:00:00-04:00,33.0883715114814,33.650532625747225,33.07253560426948,33.5396842956543,10946200,0.0,0.0
2018-05-07 00:00:00-04:00,33.523861331372835,33.64262917112097,33.22298501896474,33.36550521850586,9336000,0.0,0.0
2018-05-08 00:00:00-04:00,33.23088265881594,33.32589505597258,33.00918303826426,33.10419845581055,15062200,0.0,0.0
2018-05-09 00:00:00-04:00,33.2308954053208,33.436756181521275,32.99335979073228,33.0804557800293,9295200,0.0,0.0
2018-05-10 00:00:00-04:00,33.246741996665584,33.5396988562916,33.20715070125274,33.397178649902344,7924200,0.0,0.0
2018-05-11 00:00:00-04:00,33.444684785135166,33.626793257795114,33.28632867226818,33.36550521850586,6331900,0.0,0.0
2018-05-14 00:00:00-04:00,33.45259991484986,33.508024099112966,33.17547899353434,33.28632736206055,10715500,0.0,0.0
2018-05-15 00:00:00-04:00,33.0804637023568,33.19131207150305,32.8191786922823,33.032958984375,16449700,0.0,0.0
2018-05-16 00:00:00-04:00,33.048797062534064,33.207150160037465,32.89044094463894,32.89835739135742,11590500,0.0,0.0
2018-05-17 00:00:00-04:00,33.26256751256205,33.53177195154293,33.15171915893306,33.492183685302734,14857400,0.0,0.0
2018-05-18 00:00:00-04:00,33.49219111403126,33.55553477037838,33.318002099860216,33.397178649902344,11950200,0.0,0.0
2018-05-21 00:00:00-04:00,33.50009290092455,33.66636538049445,33.46842108946642,33.57926940917969,9110200,0.0,0.0
2018-05-22 00:00:00-04:00,33.65054677929399,33.729723328265045,33.420930558729495,33.45260238647461,8222900,0.0,0.0
2018-05-23 00:00:00-04:00,33.4526013310414,33.610957444379096,33.19923275785774,33.57136917114258,8971400,0.0,0.0
2018-05-24 00:00:00-04:00,33.57134684623158,33.626770995984025,33.405071376584615,33.50800323486328,9269600,0.0,0.0
2018-05-25 00:00:00-04:00,33.52386143102378,33.71388937110734,33.41301305780488,33.57136917114258,8806500,0.0,0.0
2018-05-29 00:00:00-04:00,33.34966009849428,33.92765718356089,33.33382418954017,33.79305648803711,14826900,0.0,0.0
2018-05-30 00:00:00-04:00,33.864320304893035,34.268125456413046,33.808896127633254,34.14936065673828,10114200,0.0,0.0
2018-05-31 00:00:00-04:00,34.20478476673266,34.212701211872286,33.793060150475995,34.04642868041992,15571300,0.0,0.0
2018-06-01 00:00:00-04:00,34.12560924736976,34.29980126494412,34.07810453013419,34.14144515991211,10664700,0.0,0.0
2018-06-04 00:00:00-04:00,34.33146294551133,34.51357135535038,34.276038778186,34.43439483642578,11727600,0.0,0.0
2018-06-05 00:00:00-04:00,34.44231471685585,34.47398653574218,34.12560256877438,34.133522033691406,9975900,0.0,0.0
2018-06-06 00:00:00-04:00,34.093927829352005,34.41063690185547,34.07809192266828,34.41063690185547,9202900,0.0,0.0
2018-06-07 00:00:00-04:00,34.30772054966334,34.6244297376581,34.30772054966334,34.394813537597656,11948100,0.0,0.0
2018-06-08 00:00:00-04:00,34.497734487016196,34.83819894561596,34.48981804350038,34.79861068725586,12078800,0.0,0.0
2018-06-11 00:00:00-04:00,34.798607643158164,35.03614019293049,34.7510999250476,34.94112777709961,7526100,0.0,0.0
2018-06-12 00:00:00-04:00,34.94112609035536,35.17073916582982,34.901537837369425,35.16282272338867,8243300,0.0,0.0
2018-06-13 00:00:00-04:00,35.11532886676801,35.24993260451324,34.95697579232603,34.98072814941406,16745000,0.0,0.0
2018-06-14 00:00:00-04:00,34.94877250434952,35.02865419401444,34.76504218028731,34.81297302246094,12696200,0.39,0.0
2018-06-15 00:00:00-04:00,34.7969891115948,35.26829829979946,34.70911744217334,35.24433135986328,21562500,0.0,0.0
2018-06-18 00:00:00-04:00,35.052608803701126,35.11651352348671,34.66917134311749,34.78899383544922,12161900,0.0,0.0
2018-06-19 00:00:00-04:00,34.589297055754514,34.948770735636394,34.5094153701323,34.82894515991211,12936400,0.0,0.0
2018-06-20 00:00:00-04:00,34.84491377504751,34.97272626985755,34.533371009403666,34.557334899902344,10893700,0.0,0.0
2018-06-21 00:00:00-04:00,34.5653325909253,34.589296486759565,34.317694493904554,34.42154312133789,10465200,0.0,0.0
2018-06-22 00:00:00-04:00,34.46946525968331,34.677159414833916,34.41354748532391,34.549346923828125,14924400,0.0,0.0
2018-06-25 00:00:00-04:00,34.47746322182779,34.94877250434952,34.47746322182779,34.81297302246094,12092400,0.0,0.0
2018-06-26 00:00:00-04:00,34.79698481171011,35.020655908205185,34.5733106679249,34.61325454711914,13974700,0.0,0.0
2018-06-27 00:00:00-04:00,34.6132605923321,34.836931727891375,34.34165862174268,34.40556335449219,15332600,0.0,0.0
2018-06-28 00:00:00-04:00,34.54136355714071,34.89284718202148,34.485442729694,34.725093841552734,12668900,0.0,0.0
2018-06-29 00:00:00-04:00,34.80497902760783,35.22835741932898,34.597284829959,35.03664016723633,11485600,0.0,0.0
2018-07-02 00:00:00-04:00,34.97273632781048,35.27629223301907,34.812972948818604,34.94877243041992,9232500,0.0,0.0
2018-07-03 00:00:00-04:00,35.19640163415192,35.41208579794352,35.14048385620117,35.14048385620117,8214300,0.0,0.0
2018-07-05 00:00:00-04:00,35.27628666236897,35.68368809012931,35.25232276876266,35.67570114135742,11653000,0.0,0.0
2018-07-06 00:00:00-04:00,35.68369671800399,35.8993809544824,35.61180501980257,35.659732818603516,8733900,0.0,0.0
2018-07-09 00:00:00-04:00,35.57984169800086,35.731618099486894,35.42007530063682,35.4680061340332,7373100,0.0,0.0
2018-07-10 00:00:00-04:00,35.555864873682836,35.947292286049525,35.54787792731564,35.9233283996582,10606100,0.0,0.0
2018-07-11 00:00:00-04:00,35.939315041098176,35.947301989621366,35.65972308613791,35.77954864501953,7715600,0.0,0.0
2018-07-12 00:00:00-04:00,35.81150850814781,35.91535409272658,35.53990650368975,35.683692932128906,6331600,0.0,0.0
2018-07-13 00:00:00-04:00,35.707654875119125,35.77155960688712,35.52392458126151,35.73960876464844,5585900,0.0,0.0
2018-07-16 00:00:00-04:00,35.731624603271484,35.787542395433334,35.571858176827135,35.731624603271484,5831400,0.0,0.0
2018-07-17 00:00:00-04:00,35.747592546663235,36.25884254468034,35.691674768585756,36.14700698852539,11592200,0.0,0.0
2018-07-18 00:00:00-04:00,36.099077264654234,36.17896198384877,35.81948836569948,36.04315948486328,7351600,0.0,0.0
2018-07-19 00:00:00-04:00,35.93931289578016,36.29079650833971,35.88339207029374,36.03517150878906,10097500,0.0,0.0
2018-07-20 00:00:00-04:00,35.96328433316238,36.17097854614258,35.86742570004005,36.17097854614258,8588400,0.0,0.0
2018-07-23 00:00:00-04:00,36.170972032341226,36.2348798077747,35.76357062946944,35.9073600769043,9055700,0.0,0.0
2018-07-24 00:00:00-04:00,35.77156500366587,36.162992591227216,35.63576552361445,36.15500259399414,13786100,0.0,0.0
2018-07-25 00:00:00-04:00,36.7461441886038,37.209466599768795,36.54643688323095,36.81803894042969,21330600,0.0,0.0
2018-07-26 00:00:00-04:00,37.03372104400753,37.21745138859962,36.90590849788731,36.937862396240234,12673100,0.0,0.0
2018-07-27 00:00:00-04:00,37.0017701720294,37.145559679086624,36.79407591033104,36.91389846801758,10516900,0.0,0.0
2018-07-30 00:00:00-04:00,36.82601816053805,37.09762016071634,36.78607731730703,36.929866790771484,8967900,0.0,0.0
2018-07-31 00:00:00-04:00,37.06567456450744,37.2813557579623,36.99377981759201,37.24940490722656,12438800,0.0,0.0
2018-08-01 00:00:00-04:00,37.105609061492004,37.13756295404917,36.88193486088274,37.05767822265625,9904100,0.0,0.0
2018-08-02 00:00:00-04:00,37.12956734437511,37.249392899704965,36.88991928100586,36.88991928100586,12009700,0.0,0.0
2018-08-03 00:00:00-04:00,36.92987402670026,37.35325253302831,36.85797927588119,37.241416931152344,11462800,0.0,0.0
2018-08-06 00:00:00-04:00,37.22542934304707,37.44111353386638,37.18548850340439,37.26537322998047,10056100,0.0,0.0
2018-08-07 00:00:00-04:00,37.16152290405483,37.233417631029305,36.849980102928974,37.145545959472656,8632900,0.0,0.0
2018-08-08 00:00:00-04:00,37.13756114641461,37.19347893202245,36.8419922255837,36.86595916748047,6810000,0.0,0.0
2018-08-09 00:00:00-04:00,36.945837017033384,37.08163646877496,36.810037565291815,37.025718688964844,8924100,0.0,0.0
2018-08-10 00:00:00-04:00,36.91388508983169,37.08163843817136,36.72216784809795,36.81003952026367,7535400,0.0,0.0
2018-08-13 00:00:00-04:00,36.786076620054565,36.84998440584567,36.506487675445875,36.61033630371094,8143400,0.0,0.0
2018-08-14 00:00:00-04:00,36.674237290272245,36.82601369506228,36.642283400645724,36.658260345458984,6846100,0.0,0.0
2018-08-15 00:00:00-04:00,36.56240144845943,36.865957303043565,36.46654282759256,36.81003952026367,9686400,0.0,0.0
2018-08-16 00:00:00-04:00,36.83400713365707,37.04969133785821,36.72217155680261,36.921878814697266,10600700,0.0,0.0
2018-08-17 00:00:00-04:00,36.97779828879748,37.32928198169011,36.937857444855986,37.225433349609375,8885700,0.0,0.0
2018-08-20 00:00:00-04:00,37.289336199921664,37.44111260571764,37.217441471430796,37.32927703857422,6392000,0.0,0.0
2018-08-21 00:00:00-04:00,37.32928027999436,37.34525722630084,36.91388881789856,36.921878814697266,13986300,0.0,0.0
2018-08-22 00:00:00-04:00,37.01774352872775,37.049697426592004,36.68223369573588,36.690223693847656,7159100,0.0,0.0
2018-08-23 00:00:00-04:00,36.65826522504182,36.810044697325864,36.49849880293333,36.50648880004883,13144900,0.0,0.0
2018-08-24 00:00:00-04:00,36.46653846621958,36.586360966149826,36.41062069012742,36.4505615234375,10952900,0.0,0.0
2018-08-27 00:00:00-04:00,36.78607979023588,36.78607979023588,36.39465523405121,36.49850082397461,9581200,0.0,0.0
2018-08-28 00:00:00-04:00,36.46654835783876,36.53045309901112,36.17097940713198,36.24287414550781,8476800,0.0,0.0
2018-08-29 00:00:00-04:00,36.1470106466488,36.28281010792564,36.123046752844814,36.21091842651367,12410900,0.0,0.0
2018-08-30 00:00:00-04:00,36.170972032341226,36.202925920057965,35.85942924532919,35.9073600769043,9716500,0.0,0.0
2018-08-31 00:00:00-04:00,35.94730222929986,36.003220011206636,35.46001608929175,35.60380554199219,19834100,0.0,0.0
2018-09-04 00:00:00-04:00,35.627779800747945,35.86743098983446,35.55588505348028,35.755592346191406,11138500,0.0,0.0
2018-09-05 00:00:00-04:00,35.675704246642745,36.28281296674129,35.675704246642745,36.25086212158203,10554900,0.0,0.0
2018-09-06 00:00:00-04:00,36.266838748236054,36.74613494160146,36.18695401781457,36.56240463256836,11439400,0.0,0.0
2018-09-07 00:00:00-04:00,36.42660687785331,36.602350260470935,36.17098180165928,36.52246856689453,10208100,0.0,0.0
2018-09-10 00:00:00-04:00,36.67423800333131,36.99377081122797,36.586366328795194,36.794063568115234,8568900,0.0,0.0
2018-09-11 00:00:00-04:00,36.82600875781857,36.865952638141785,36.65026848301537,36.76210403442383,9278300,0.0,0.0
2018-09-12 00:00:00-04:00,36.873954599534386,36.98579019647814,36.76211900259063,36.937862396240234,13216400,0.0,0.0
2018-09-13 00:00:00-04:00,37.066750947176374,37.15537005990584,36.825064413593914,36.9217414855957,8294800,0.39,0.0
2018-09-14 00:00:00-04:00,36.994239803664165,37.08285890471298,36.74449841693817,37.050636291503906,7612900,0.0,0.0
2018-09-17 00:00:00-04:00,37.05869461915205,37.32455194699589,36.98618835457745,37.31649398803711,8527300,0.0,0.0
2018-09-18 00:00:00-04:00,37.37289416749409,37.48568102762956,37.0023078918457,37.0023078918457,9847400,0.0,0.0
2018-09-19 00:00:00-04:00,37.058699692848805,37.1473188142629,36.95396772452202,37.02647399902344,7119000,0.0,0.0
2018-09-20 00:00:00-04:00,37.23592694885492,37.606513098867644,37.179533537905606,37.57428741455078,9736700,0.0,0.0
2018-09-21 00:00:00-04:00,37.5742906576321,37.61457122989964,37.36482983791448,37.52595520019531,19240300,0.0,0.0
2018-09-24 00:00:00-04:00,37.45346456990339,37.485687197237304,36.929807692274906,37.1151008605957,10778900,0.0,0.0
2018-09-25 00:00:00-04:00,37.10704129045038,37.203715306679136,36.7445098880781,36.8009033203125,7919100,0.0,0.0
2018-09-26 00:00:00-04:00,36.873421684765425,37.11510834114746,36.712296222773205,36.937870025634766,10162600,0.0,0.0
2018-09-27 00:00:00-04:00,36.84116451842172,37.203695730029445,36.80088395562307,37.06673812866211,10826900,0.0,0.0
2018-09-28 00:00:00-04:00,37.05869406201349,37.211761474609375,37.03452633192225,37.211761474609375,9071900,0.0,0.0
2018-10-01 00:00:00-04:00,37.19565331232848,37.340665857551734,37.09897930658339,37.24399185180664,9364700,0.0,0.0
2018-10-02 00:00:00-04:00,37.284261828965114,37.50983854250507,37.10702671436773,37.46955490112305,7462700,0.0,0.0
2018-10-03 00:00:00-04:00,37.42928241617862,37.50178868383021,36.897570811137314,36.95396423339844,10542300,0.0,0.0
2018-10-04 00:00:00-04:00,36.78480252700907,36.97815369604225,36.599509321342424,36.937870025634766,9582300,0.0,0.0
2018-10-05 00:00:00-04:00,37.01036015494514,37.187598392998034,36.80895418378003,36.9620246887207,8734100,0.0,0.0
2018-10-08 00:00:00-04:00,37.05063490629994,37.525953006982476,37.03452206369251,37.44538879394531,9808100,0.0,0.0
2018-10-09 00:00:00-04:00,37.364839399878825,37.50179399527839,37.23593969170981,37.372894287109375,10824500,0.0,0.0
2018-10-10 00:00:00-04:00,37.30038932290789,37.62264014128582,36.79284535958669,36.8009033203125,13917000,0.0,0.0
2018-10-11 00:00:00-04:00,36.89758228238778,37.03453997418061,35.85027159209264,35.96305847167969,17677900,0.0,0.0
2018-10-12 00:00:00-04:00,35.834152004292704,36.15640280527761,35.64885886935038,35.995277404785156,12420100,0.0,0.0
2018-10-15 00:00:00-04:00,35.96304987647541,36.47059378652562,35.92276929670885,36.18056869506836,11608500,0.0,0.0
2018-10-16 00:00:00-04:00,36.26917921267123,36.73643935892549,36.140279544062075,36.647823333740234,10442500,0.0,0.0
2018-10-17 00:00:00-04:00,36.58337627173185,37.05063954623231,36.543095696774095,36.94590759277344,11055800,0.0,0.0
2018-10-18 00:00:00-04:00,36.978134667242415,37.123147201091285,36.62365821862918,36.744503021240234,12716900,0.0,0.0
2018-10-19 00:00:00-04:00,36.921742518384,37.45345413642305,36.921742518384,37.324554443359375,13989200,0.0,0.0
2018-10-22 00:00:00-04:00,37.35677834678737,37.429284618705594,36.90563094215062,37.03453063964844,14283600,0.0,0.0
2018-10-23 00:00:00-04:00,36.752553821490544,37.429277879817285,36.61559926208676,37.348716735839844,17483900,0.0,0.0
2018-10-24 00:00:00-04:00,37.324549526572035,38.17850872817212,37.25204326669932,37.64679718017578,21626000,0.0,0.0
2018-10-25 00:00:00-04:00,37.582344794498205,37.65485104649134,37.155362166889574,37.46955490112305,14220200,0.0,0.0
2018-10-26 00:00:00-04:00,37.35677494843777,37.44539405863293,36.59948967867982,36.99424362182617,21458000,0.0,0.0
2018-10-29 00:00:00-04:00,37.17954171672163,37.50984737060465,37.09897748820681,37.429283142089844,20932200,0.0,0.0
2018-10-30 00:00:00-04:00,37.558182520315725,38.46048343286708,37.09092229168293,38.371864318847656,20895400,0.0,0.0
2018-10-31 00:00:00-04:00,38.267127197603784,38.734390436420895,38.04155353649794,38.573265075683594,25309400,0.0,0.0
2018-11-01 00:00:00-04:00,38.51687315379108,38.79078535570148,38.1060033143201,38.460479736328125,16494500,0.0,0.0
2018-11-02 00:00:00-04:00,38.52492842407264,38.66994094848633,38.21879053106477,38.66994094848633,17584900,0.0,0.0
2018-11-05 00:00:00-05:00,38.66993936205944,39.298324893265494,38.605487987981554,39.2258186340332,16543500,0.0,0.0
2018-11-06 00:00:00-05:00,39.19359987839532,39.580298941297016,39.15331622902581,39.564186096191406,14373400,0.0,0.0
2018-11-07 00:00:00-05:00,39.78977160233396,39.91867132826249,39.49974645069179,39.773658752441406,12239700,0.0,0.0
2018-11-08 00:00:00-05:00,39.572241222515785,39.77364717774285,39.5561283773123,39.741424560546875,9762800,0.0,0.0
2018-11-09 00:00:00-05:00,39.789756285247975,40.1925681578635,39.76558855631846,40.02338790893555,12398100,0.0,0.0
2018-11-12 00:00:00-05:00,39.96699562393961,40.474539458300804,39.91060220603401,40.176456451416016,13918300,0.0,0.0
2018-11-13 00:00:00-05:00,40.12813067140722,40.28119811789909,39.94283752885027,40.16841125488281,13872900,0.0,0.0
2018-11-14 00:00:00-05:00,40.160351124255726,40.23285739987863,39.950890257573626,40.08784484863281,12106800,0.0,0.0
2018-11-15 00:00:00-05:00,40.00727637581461,40.07978263818901,39.6930835965958,40.07172775268555,12080100,0.0,0.0
2018-11-16 00:00:00-05:00,40.00729254746919,40.48261088778661,39.98312480797897,40.41815948486328,13405800,0.0,0.0
2018-11-19 00:00:00-05:00,40.53092865557772,40.893456854873584,40.482590128173385,40.69205093383789,13575800,0.0,0.0
2018-11-20 00:00:00-05:00,40.94180896196304,40.957921809775506,39.64475390856896,39.78171157836914,16255300,0.0,0.0
2018-11-21 00:00:00-05:00,39.66087634306288,39.83005667617015,39.145277381281346,39.25806427001953,13559200,0.0,0.0
2018-11-23 00:00:00-05:00,39.27416134441697,39.660860410407444,39.11303596528485,39.49168014526367,4792500,0.0,0.0
2018-11-26 00:00:00-05:00,39.483625016798584,39.66086325387201,39.20971277459929,39.3708381652832,9341900,0.0,0.0
2018-11-27 00:00:00-05:00,39.37890468631547,39.80588445222651,39.25805984872727,39.773658752441406,9180700,0.0,0.0
2018-11-28 00:00:00-05:00,39.644749712465384,40.05561960516691,39.644749712465384,40.04756164550781,11368700,0.0,0.0
2018-11-29 00:00:00-05:00,40.01508206958505,40.136882465633946,39.76336579410269,39.771484375,11564300,0.39,0.0
2018-11-30 00:00:00-05:00,39.78772148896107,40.99759438285742,39.779602908705556,40.92451477050781,25538200,0.0,0.0
2018-12-03 00:00:00-05:00,40.49416263727395,40.56724226218534,39.69840844241273,40.34800338745117,14877200,0.0,0.0
2018-12-04 00:00:00-05:00,40.57535955888454,41.01383416348107,40.19372121473252,40.25868225097656,19059900,0.0,0.0
2018-12-06 00:00:00-05:00,40.201836172401535,40.299277717985895,39.51164226083064,40.09627914428711,17674900,0.0,0.0
2018-12-07 00:00:00-05:00,40.25056630662125,40.33988619542461,39.69029122800899,39.860809326171875,15565700,0.0,0.0
2018-12-10 00:00:00-05:00,40.153123058342864,40.153123058342864,39.3573689307509,39.98260498046875,12331100,0.0,0.0
2018-12-11 00:00:00-05:00,40.26680301955907,40.60783918583168,39.93388543450173,40.22620391845703,18083600,0.0,0.0
2018-12-12 00:00:00-05:00,40.5591252325302,40.615964598801455,39.94200768799489,39.96636962890625,12316900,0.0,0.0
2018-12-13 00:00:00-05:00,39.56035784390209,40.28303217586383,39.43855747665622,40.16935348510742,13766200,0.0,0.0
2018-12-14 00:00:00-05:00,39.97448855125723,40.20996769782224,39.803970450991464,40.06380844116211,13835900,0.0,0.0
2018-12-17 00:00:00-05:00,40.063815147792724,40.21809301230959,38.99198248453712,39.24370193481445,18482700,0.0,0.0
2018-12-18 00:00:00-05:00,39.47104811868722,39.649687877163046,38.8539306425959,39.23556900024414,14765700,0.0,0.0
2018-12-19 00:00:00-05:00,39.17060945748585,39.59284380068759,38.667170721915205,38.89453125,17903800,0.0,0.0
2018-12-20 00:00:00-05:00,38.82144983824015,39.08128777473957,38.24493151271405,38.602210998535156,21130000,0.0,0.0
2018-12-21 00:00:00-05:00,38.37485228727938,39.58472525278283,38.35049344755865,38.62657165527344,32477700,0.0,0.0
2018-12-24 00:00:00-05:00,38.66717014285587,38.87016873068745,37.21370260809136,37.31925964355469,10733700,0.0,0.0
2018-12-26 00:00:00-05:00,37.25430483497084,38.13125719734785,37.07566507147189,38.11501693725586,14342600,0.0,0.0
2018-12-27 00:00:00-05:00,37.9526088389737,38.61032213375082,37.37609062461627,38.59408187866211,16966500,0.0,0.0
2018-12-28 00:00:00-05:00,38.88640871133133,38.98384716549015,38.188093078582455,38.326133728027344,13218200,0.0,0.0
2018-12-31 00:00:00-05:00,38.56161883971425,38.602217943813244,38.13125966322829,38.44793701171875,10576300,0.0,0.0
2019-01-02 00:00:00-05:00,38.11501021193712,38.34237071559472,37.806454617172086,38.10689163208008,11603700,0.0,0.0
2019-01-03 00:00:00-05:00,38.01757340840972,38.46416966013567,37.78209431472263,37.87141418457031,14714400,0.0,0.0
2019-01-04 00:00:00-05:00,37.960736524463535,38.62657165527344,37.87141664880395,38.62657165527344,13013700,0.0,0.0
2019-01-07 00:00:00-05:00,38.62657409804746,38.772733340640436,38.08253932646141,38.123138427734375,13135500,0.0,0.0
2019-01-08 00:00:00-05:00,38.36672377196755,38.626561653415905,38.19620574305055,38.55348205566406,15420700,0.0,0.0
2019-01-09 00:00:00-05:00,38.22869788916243,38.391094291366095,37.700900289462076,37.814579010009766,18032500,0.0,0.0
2019-01-10 00:00:00-05:00,37.887659650485304,38.236817500150586,37.6278216829455,38.220577239990234,15976600,0.0,0.0
2019-01-11 00:00:00-05:00,38.39922023088158,38.4560595974625,38.1393822415079,38.4398193359375,11088600,0.0,0.0
2019-01-14 00:00:00-05:00,38.36673209903811,38.48853248756389,38.15561493610766,38.2855339050293,11514300,0.0,0.0
2019-01-15 00:00:00-05:00,38.07441523984386,38.650930494994164,38.00945730141768,38.62657165527344,11342900,0.0,0.0
2019-01-16 00:00:00-05:00,38.488545536813305,38.545384911392944,38.05006770647299,38.098785400390625,16907800,0.0,0.0
2019-01-17 00:00:00-05:00,38.09877013369542,38.277409866512976,38.066292716602334,38.21245193481445,12044600,0.0,0.0
2019-01-18 00:00:00-05:00,38.366731537618634,38.72400792254698,38.26117140894179,38.65904998779297,12760700,0.0,0.0
2019-01-22 00:00:00-05:00,38.73213849186729,38.80521812118737,38.33425982167722,38.74837875366211,11700400,0.0,0.0
2019-01-23 00:00:00-05:00,38.829578644239206,39.211217069137724,38.691541059283864,39.194976806640625,12058300,0.0,0.0
2019-01-24 00:00:00-05:00,39.06504971431698,39.06504971431698,38.47229419473474,38.7240104675293,10272000,0.0,0.0
2019-01-25 00:00:00-05:00,38.878295081534375,39.00009239036439,38.35861912982844,38.464176177978516,12066500,0.0,0.0
2019-01-28 00:00:00-05:00,38.342371449190864,38.40732938182704,38.11501094118323,38.3017692565918,9966900,0.0,0.0
2019-01-29 00:00:00-05:00,38.32612593503982,38.675283680418765,38.269286590211806,38.488525390625,11998600,0.0,0.0
2019-01-30 00:00:00-05:00,38.366739598374394,38.88641557563916,38.31801881393839,38.862056732177734,12952500,0.0,0.0
2019-01-31 00:00:00-05:00,38.85393066123956,39.609085698324336,38.545375020558645,39.08129119873047,32181500,0.0,0.0
2019-02-01 00:00:00-05:00,39.36549245388694,39.609090181077306,39.300534505475646,39.544132232666016,19130100,0.0,0.0
2019-02-04 00:00:00-05:00,39.544133917185675,40.15312980986047,39.41421491731559,39.99073028564453,15105700,0.0,0.0
2019-02-05 00:00:00-05:00,40.0556942466177,40.16937299257997,39.86893276680709,39.99885177612305,12651900,0.0,0.0
2019-02-06 00:00:00-05:00,39.958252666495596,40.08005309289147,39.80397481090587,39.99885177612305,8689100,0.0,0.0
2019-02-07 00:00:00-05:00,39.925758898479984,40.1612379927419,39.78772135202386,40.12875747680664,10047800,0.0,0.0
2019-02-08 00:00:00-05:00,40.08815782995968,40.19371795654297,39.87704067430553,40.19371795654297,9813300,0.0,0.0
2019-02-11 00:00:00-05:00,40.25056619974929,40.50228560411648,40.177486572514496,40.28304672241211,9369300,0.0,0.0
2019-02-12 00:00:00-05:00,40.34799393807972,40.43731380288777,40.16123562871393,40.32363510131836,10983300,0.0,0.0
2019-02-13 00:00:00-05:00,40.283039988712346,40.5509965121063,40.242440890926915,40.42919921875,12748800,0.0,0.0
2019-02-14 00:00:00-05:00,37.92013592034607,38.131253083740745,36.94574210253494,37.018821716308594,58905400,0.0,0.0
2019-02-15 00:00:00-05:00,37.270554542947195,37.562870006164665,36.70215768569371,36.73463821411133,35701600,0.0,0.0
2019-02-19 00:00:00-05:00,36.79959374521248,37.01883265129437,36.35299735023686,36.40171813964844,25511300,0.0,0.0
2019-02-20 00:00:00-05:00,36.46666716106855,36.73462679091718,36.37734728445234,36.62094497680664,27464000,0.0,0.0
2019-02-21 00:00:00-05:00,36.53974813016619,37.27866291289792,36.5072676106474,37.23806381225586,23121200,0.0,0.0
2019-02-22 00:00:00-05:00,37.15685818411605,37.311139085097764,36.70214335388565,36.7671012878418,24728400,0.0,0.0
2019-02-25 00:00:00-05:00,36.89702118169133,37.00258131172775,36.40982582346753,36.491024017333984,23774400,0.0,0.0
2019-02-26 00:00:00-05:00,36.62095014771705,36.65343067062063,36.263673688317176,36.28803253173828,20463200,0.0,0.0
2019-02-27 00:00:00-05:00,36.21494582167048,36.55598505043718,36.06878659470083,36.491024017333984,17827500,0.0,0.0
2019-02-28 00:00:00-05:00,36.63718665585992,37.035065276885035,36.62906807472232,36.815826416015625,22533900,0.0,0.0
2019-03-01 00:00:00-05:00,36.921384364487466,37.059421918223684,36.70214551663054,36.848304748535156,16291600,0.0,0.0
2019-03-04 00:00:00-05:00,36.97010908766849,37.08378782358498,36.78335072187522,37.06755065917969,15973800,0.0,0.0
2019-03-05 00:00:00-05:00,37.0675415857041,37.10814068180587,36.86454300768275,37.026939392089844,13062300,0.0,0.0
2019-03-06 00:00:00-05:00,37.0837842212146,37.18122578326018,36.897025873563294,36.905147552490234,14232100,0.0,0.0
2019-03-07 00:00:00-05:00,36.93762244669066,36.9700998649125,36.645304000106854,36.7671012878418,12084000,0.0,0.0
2019-03-08 00:00:00-05:00,36.66155140044502,36.74274960808749,36.22307364514426,36.40983200073242,15579100,0.0,0.0
2019-03-11 00:00:00-04:00,36.65342699086932,37.54662269596804,36.62094647122657,37.497901916503906,22126900,0.0,0.0
2019-03-12 00:00:00-04:00,37.31113579970154,37.55473345123413,37.270536707364805,37.392333984375,19348500,0.0,0.0
2019-03-13 00:00:00-04:00,37.457300632842454,37.627818704760536,37.27866088273056,37.53038024902344,16222500,0.0,0.0
2019-03-14 00:00:00-04:00,37.54676569664708,37.76791848660988,37.37475901263837,37.43209457397461,18504100,0.4,0.0
2019-03-15 00:00:00-04:00,37.448478176893644,37.595913376373844,36.97340850644546,37.104461669921875,47254500,0.0,0.0
2019-03-18 00:00:00-04:00,37.21093540775504,37.41570612731145,37.1535998562435,37.19455337524414,24006400,0.0,0.0
2019-03-19 00:00:00-04:00,37.309220752364226,37.423891843935614,37.13721411500714,37.317413330078125,14987000,0.0,0.0
2019-03-20 00:00:00-04:00,37.186371946913304,37.59591347441431,37.006172674955614,37.292850494384766,13376100,0.0,0.0
2019-03-21 00:00:00-04:00,37.29284458838376,37.48123328625297,37.219127000125944,37.27646255493164,20043000,0.0,0.0
2019-03-22 00:00:00-04:00,37.23550960311077,37.76791476251095,37.23550960311077,37.620479583740234,19055900,0.0,0.0
2019-03-25 00:00:00-04:00,37.56313855467978,37.84162683793961,37.50580300735155,37.7023811340332,11668200,0.0,0.0
2019-03-26 00:00:00-04:00,37.81704884767604,38.32488239939917,37.81704884767604,38.20201873779297,11434900,0.0,0.0
2019-03-27 00:00:00-04:00,38.210216151251295,38.423176317163296,37.94810988956586,38.177452087402344,11543600,0.0,0.0
2019-03-28 00:00:00-04:00,38.2347848366879,38.431362956278775,38.07096765399359,38.15287780761719,11121100,0.0,0.0
2019-03-29 00:00:00-04:00,38.226593487314936,38.42317473777507,38.07096887725902,38.38222122192383,16045600,0.0,0.0
2019-04-01 00:00:00-04:00,38.48869649117421,38.63612849892148,38.16106216949648,38.26754379272461,11522700,0.0,0.0
2019-04-02 00:00:00-04:00,38.29212664336291,38.43956181944066,38.144691467285156,38.144691467285156,8495000,0.0,0.0
2019-04-03 00:00:00-04:00,38.021830699794464,38.161076432143744,37.71058141487935,37.825252532958984,12854500,0.0,0.0
2019-04-04 00:00:00-04:00,37.95630133768327,38.120118540982794,37.76791264748246,38.07097244262695,7814900,0.0,0.0
2019-04-05 00:00:00-04:00,38.07917576909854,38.15289337516237,37.84164091349796,38.06279373168945,7677600,0.0,0.0
2019-04-08 00:00:00-04:00,38.12011788855345,38.1446893750342,37.898965136567135,38.1283073425293,9421300,0.0,0.0
2019-04-09 00:00:00-04:00,38.0464121119971,38.26756493261666,37.89897689825073,38.22660827636719,8641800,0.0,0.0
2019-04-10 00:00:00-04:00,38.36583591175034,38.4968890260057,38.13649374294164,38.20201873779297,8059900,0.0,0.0
2019-04-11 00:00:00-04:00,38.267553845787866,38.29212533277538,38.120118674756235,38.259361267089844,7352400,0.0,0.0
2019-04-12 00:00:00-04:00,38.22659687014555,38.43956017070279,38.14468983119477,38.283935546875,10690000,0.0,0.0
2019-04-15 00:00:00-04:00,38.39860576703746,38.52965890107295,38.251170600678385,38.49689483642578,10261300,0.0,0.0
2019-04-16 00:00:00-04:00,38.53784345854283,38.57879697187187,38.25116574068682,38.455936431884766,10804600,0.0,0.0
2019-04-17 00:00:00-04:00,38.66071705218522,38.94739484366773,38.61976352833823,38.72624206542969,11849300,0.0,0.0
2019-04-18 00:00:00-04:00,38.767192244372126,38.97196295398858,38.718046149225074,38.890052795410156,12167000,0.0,0.0
2019-04-22 00:00:00-04:00,38.82452392578125,38.99653055483272,38.5132716032933,38.82452392578125,9834700,0.0,0.0
2019-04-23 00:00:00-04:00,39.38969844105557,39.90572156461271,38.94739290657802,39.48798751831055,25327800,0.0,0.0
2019-04-24 00:00:00-04:00,39.34054839685554,39.50436559222926,39.25044878317234,39.29959487915039,15997300,0.0,0.0
2019-04-25 00:00:00-04:00,39.10302184794243,39.22588241709324,38.881869074006744,39.18492889404297,11444400,0.0,0.0
2019-04-26 00:00:00-04:00,39.3077924594937,39.684569869612474,39.29959988017826,39.5289421081543,10154300,0.0,0.0
2019-04-29 00:00:00-04:00,39.45522528956893,39.68457064658879,39.4060823109282,39.659996032714844,9731500,0.0,0.0
2019-04-30 00:00:00-04:00,39.75009185761627,40.28249698869366,39.63542075235117,40.184207916259766,17912900,0.0,0.0
2019-05-01 00:00:00-04:00,40.0941027842145,40.20058442069725,39.76646842175349,39.799232482910156,10551200,0.0,0.0
2019-05-02 00:00:00-04:00,39.7501005125571,39.94668182478056,39.53714028848946,39.63542938232422,8724600,0.0,0.0
2019-05-03 00:00:00-04:00,39.80742755972382,40.10229790268602,39.74190255270627,39.90571975708008,7076900,0.0,0.0
2019-05-06 00:00:00-04:00,39.586279512270956,39.815621732846225,39.52894083257373,39.700950622558594,8657800,0.0,0.0
2019-05-07 00:00:00-04:00,39.50437152799623,39.55351763135877,39.127594109210804,39.315982818603516,12487500,0.0,0.0
2019-05-08 00:00:00-04:00,39.3569209461868,39.50435607404479,39.16853231049099,39.1931037902832,9281400,0.0,0.0
2019-05-09 00:00:00-04:00,39.15215515380032,39.299590300002365,38.55422511622659,38.82452392578125,11450500,0.0,0.0
2019-05-10 00:00:00-04:00,38.8327234913668,39.56170683490059,38.82453403646855,39.47160720825195,9653800,0.0,0.0
2019-05-13 00:00:00-04:00,39.24225487796763,39.422454084892955,39.09481973131105,39.35692596435547,11911500,0.0,0.0
2019-05-14 00:00:00-04:00,39.750096139777924,40.39717244582805,39.602660952967675,39.88114929199219,16844200,0.0,0.0
2019-05-15 00:00:00-04:00,39.86476715100441,40.446318441672155,39.80743159234829,40.282501220703125,11422500,0.0,0.0
2019-05-16 00:00:00-04:00,40.35620970395051,40.67565149422524,40.307063611387896,40.61012649536133,17771300,0.0,0.0
2019-05-17 00:00:00-04:00,40.3562170869643,40.58555931177463,40.27430691770813,40.29888153076172,11257000,0.0,0.0
2019-05-20 00:00:00-04:00,40.16782332687271,40.24973036126228,39.938478006386354,40.0121955871582,13850500,0.0,0.0
2019-05-21 00:00:00-04:00,40.13507239055468,40.15964388399771,39.68457730495928,39.807437896728516,10587400,0.0,0.0
2019-05-22 00:00:00-04:00,39.95486087276361,40.71660818179996,39.905717900924586,40.66746520996094,16050400,0.0,0.0
2019-05-23 00:00:00-04:00,40.54460200041659,40.87223639771598,40.511837935776015,40.83127975463867,12199400,0.0,0.0
2019-05-24 00:00:00-04:00,40.806707424120816,40.86404297377893,40.56917264722115,40.634700775146484,6887600,0.0,0.0
2019-05-28 00:00:00-04:00,40.62651383377173,40.6838493913851,40.159636793460855,40.21697235107422,18614000,0.0,0.0
2019-05-29 00:00:00-04:00,39.92210207464854,40.1596337419034,39.65180321682133,39.81562042236328,12534600,0.0,0.0
2019-05-30 00:00:00-04:00,39.90572314799721,40.3889822234597,39.86476650000857,40.33983612060547,9087200,0.0,0.0
2019-05-31 00:00:00-04:00,40.13506497136648,40.38898181337154,39.954865720617505,40.241546630859375,11368600,0.0,0.0
2019-06-03 00:00:00-04:00,40.26611923413344,40.937767028808594,40.151448116684556,40.937767028808594,14167200,0.0,0.0
2019-06-04 00:00:00-04:00,40.95413589477539,41.1834780559293,40.642883587100364,40.95413589477539,12010600,0.0,0.0
2019-06-05 00:00:00-04:00,40.96234232251695,41.88790705218053,40.70023599413408,41.59303665161133,15837600,0.0,0.0
2019-06-06 00:00:00-04:00,41.699504837909195,42.21552787201837,41.437398594294066,42.10085678100586,15190400,0.0,0.0
2019-06-07 00:00:00-04:00,42.15819377430641,42.74793128041674,42.14181174294877,42.17457580566406,15293600,0.0,0.0
2019-06-10 00:00:00-04:00,42.21552577153687,42.21552577153687,41.84693790836982,42.08447265625,9737400,0.0,0.0
2019-06-11 00:00:00-04:00,42.1418147664455,42.2564858696232,41.92066201407998,42.04352569580078,9915600,0.0,0.0
2019-06-12 00:00:00-04:00,42.18276847151195,42.7069810166663,42.158196984880725,42.29743957519531,11088100,0.0,0.0
2019-06-13 00:00:00-04:00,42.47904793800851,42.6771638141487,41.91772329604717,42.206642150878906,10353600,0.4,0.0
2019-06-14 00:00:00-04:00,42.14059883303091,42.53682740211451,42.14059883303091,42.355224609375,8694300,0.0,0.0
2019-06-17 00:00:00-04:00,42.30569415006001,42.49555347276252,41.7773894001148,41.99201202392578,12322400,0.0,0.0
2019-06-18 00:00:00-04:00,42.30569601201419,42.34696923199304,41.71135156769525,41.802154541015625,9221100,0.0,0.0
2019-06-19 00:00:00-04:00,41.71960453764003,42.29743901482359,41.66182140481613,42.19837951660156,9414100,0.0,0.0
2019-06-20 00:00:00-04:00,42.5120697583043,42.75145886802994,42.3882469363234,42.64414596557617,10656600,0.0,0.0
2019-06-21 00:00:00-04:00,42.53682336670707,42.83399555256366,42.43776702106969,42.5533332824707,21264400,0.0,0.0
2019-06-24 00:00:00-04:00,42.71017408141272,43.089892680905805,42.67715425129741,42.85875701904297,10780000,0.0,0.0
2019-06-25 00:00:00-04:00,42.924804251707236,43.007350692613336,42.62763202613347,42.726688385009766,11519900,0.0,0.0
2019-06-26 00:00:00-04:00,42.52857154611919,42.62762789539665,42.17361621651834,42.19837951660156,12405100,0.0,0.0
2019-06-27 00:00:00-04:00,42.33872037296872,42.42952335599461,42.074567958136214,42.16537094116211,12374900,0.0,0.0
2019-06-28 00:00:00-04:00,42.32220972669887,42.42952262742725,41.703101924638815,42.03329086303711,16339900,0.0,0.0
2019-07-01 00:00:00-04:00,42.15710654186825,42.61937475605456,41.91771747654259,42.594608306884766,14976400,0.0,0.0
2019-07-02 00:00:00-04:00,42.74318724559476,42.966066357117704,42.55332796147019,42.90828323364258,8569200,0.0,0.0
2019-07-03 00:00:00-04:00,42.92480067290969,43.19720957328888,42.92480067290969,43.007347106933594,7253700,0.0,0.0
2019-07-05 00:00:00-04:00,42.83399238608867,43.02385167991861,42.49554701031456,43.01559829711914,8916300,0.0,0.0
2019-07-08 00:00:00-04:00,43.08989306119474,43.197205935544424,42.83399409895915,42.92479705810547,9495100,0.0,0.0
2019-07-09 00:00:00-04:00,42.69366235615725,42.90003156221146,42.45427332138776,42.58634948730469,10584900,0.0,0.0
2019-07-10 00:00:00-04:00,42.759712309455104,42.90004505114735,42.64414602155864,42.776222229003906,7620900,0.0,0.0
2019-07-11 00:00:00-04:00,42.91654767495094,42.97433080907613,42.64413877212251,42.957820892333984,10376500,0.0,0.0
2019-07-12 00:00:00-04:00,43.13117000031838,43.16418983357729,42.85050771550685,43.02385711669922,7347400,0.0,0.0
2019-07-15 00:00:00-04:00,43.15592411714249,43.164180648172525,42.81747877062187,43.0321044921875,5876100,0.0,0.0
2019-07-16 00:00:00-04:00,42.89177722389484,43.312772189182375,42.76795758329713,43.04036331176758,7132500,0.0,0.0
2019-07-17 00:00:00-04:00,43.10639934422601,43.13941602290639,42.93304682366968,43.07337951660156,8264200,0.0,0.0
2019-07-18 00:00:00-04:00,42.95782242058829,43.0651321598129,42.65239367340973,42.94956588745117,11911800,0.0,0.0
2019-07-19 00:00:00-04:00,43.04037242941048,43.04862896323266,42.40475472973815,42.4212646484375,10355500,0.0,0.0
2019-07-22 00:00:00-04:00,42.52857968991118,42.52857968991118,42.206644131403614,42.28093719482422,12090700,0.0,0.0
2019-07-23 00:00:00-04:00,43.95665073804174,45.10406327695005,43.55216561801508,44.848167419433594,33417900,0.0,0.0
2019-07-24 00:00:00-04:00,44.67480823305312,45.25264268361677,44.262069789642574,44.39414596557617,15633400,0.0,0.0
2019-07-25 00:00:00-04:00,44.27032404414092,44.410653596187004,43.519140241741106,43.80805587768555,19135000,0.0,0.0
2019-07-26 00:00:00-04:00,44.03093555989809,44.83164911669641,43.90711277210344,44.71607971191406,11451900,0.0,0.0
2019-07-29 00:00:00-04:00,44.71608401925927,44.82339690242209,44.49320801807091,44.567501068115234,12283900,0.0,0.0
2019-07-30 00:00:00-04:00,44.5427362738568,44.82339856790326,44.22080076135093,44.34462356567383,8127100,0.0,0.0
2019-07-31 00:00:00-04:00,44.171276096610356,44.171276096610356,42.95782695965054,43.44485855102539,16865500,0.0,0.0
2019-08-01 00:00:00-04:00,43.56867361705592,43.91537558308585,42.93305597012167,42.94956588745117,19527200,0.0,0.0
2019-08-02 00:00:00-04:00,42.85050646334287,43.52739728064762,42.85050646334287,43.197208404541016,13102300,0.0,0.0
2019-08-05 00:00:00-04:00,43.24673834591615,43.46961750770691,42.429517901628145,42.635887145996094,19986500,0.0,0.0
2019-08-06 00:00:00-04:00,42.817486352342286,43.55216029690719,42.602863741717236,43.14767837524414,19903100,0.0,0.0
2019-08-07 00:00:00-04:00,43.14769584022011,44.072229470048256,42.73495721900004,43.89888000488281,17937000,0.0,0.0
2019-08-08 00:00:00-04:00,43.92363753406652,44.394159248420266,43.626465262065125,44.31986618041992,10799000,0.0,0.0
2019-08-09 00:00:00-04:00,44.4024098142749,44.493212790618415,43.81632188380575,44.096981048583984,9260900,0.0,0.0
2019-08-12 00:00:00-04:00,43.98140745455518,44.11348363028574,43.74202155094282,43.91537094116211,6588600,0.0,0.0
2019-08-13 00:00:00-04:00,43.66773235750337,44.253820242201385,43.64296590746979,44.16301727294922,8581200,0.0,0.0
2019-08-14 00:00:00-04:00,44.030942970938625,44.55099435868626,43.72551736496708,43.742027282714844,17088900,0.0,0.0
2019-08-15 00:00:00-04:00,44.10523229661954,44.575753891334735,43.94013628204791,44.468441009521484,12393200,0.0,0.0
2019-08-16 00:00:00-04:00,44.55924071120488,44.98023567497365,44.53447741296354,44.9141960144043,14288700,0.0,0.0
2019-08-19 00:00:00-04:00,44.93896690041568,45.219629207335494,44.831657157288156,45.14533615112305,10936200,0.0,0.0
2019-08-20 00:00:00-04:00,45.08755102079782,45.13708077239943,44.44367999470049,44.47669982910156,8176700,0.0,0.0
2019-08-21 00:00:00-04:00,44.78213658661443,44.91421280819317,44.45194445819483,44.6583137512207,10886500,0.0,0.0
2019-08-22 00:00:00-04:00,44.67481113297435,45.10405951985793,44.65830121629291,44.98023986816406,7467900,0.0,0.0
2019-08-23 00:00:00-04:00,44.92245115279294,45.161840208294166,44.07221095787863,44.36112976074219,14160400,0.0,0.0
2019-08-26 00:00:00-04:00,44.5757603480481,45.02151870727539,44.35288116843446,45.02151870727539,9226900,0.0,0.0
2019-08-27 00:00:00-04:00,45.15359506166961,45.35996432324128,44.91420596249967,45.17010498046875,13537000,0.0,0.0
2019-08-28 00:00:00-04:00,45.12056587377255,45.525050928167715,44.92245003818332,45.49203109741211,10046400,0.0,0.0
2019-08-29 00:00:00-04:00,45.61586194283293,45.681901620563835,45.07104719733356,45.44251251220703,9262800,0.0,0.0
2019-08-30 00:00:00-04:00,45.53330622541603,45.582835973631454,45.24439056652065,45.43424987792969,8746700,0.0,0.0
2019-09-03 00:00:00-04:00,45.384723809508145,45.67364264077358,45.293920838223144,45.64887619018555,12991400,0.0,0.0
2019-09-04 00:00:00-04:00,45.690144232441234,46.160665804020724,45.64887101806388,46.03684616088867,10718100,0.0,0.0
2019-09-05 00:00:00-04:00,46.02035286711669,46.036862788619615,45.4260082887936,45.500301361083984,13677000,0.0,0.0
2019-09-06 00:00:00-04:00,45.76443672898089,45.76443672898089,45.20311220313734,45.591087341308594,9093500,0.0,0.0
2019-09-09 00:00:00-04:00,45.42600060329851,45.467276974545165,44.87293249677751,45.005008697509766,10814900,0.0,0.0
2019-09-10 00:00:00-04:00,44.76561971868051,44.93896914217539,44.451937560252865,44.90595245361328,12038200,0.0,0.0
2019-09-11 00:00:00-04:00,44.81514382221584,45.23613567602261,44.550991453367544,45.21137237548828,9740400,0.0,0.0
2019-09-12 00:00:00-04:00,45.48377456525102,45.65712710224574,45.384718221928594,45.49203109741211,12357900,0.0,0.0
2019-09-13 00:00:00-04:00,45.300784959114885,45.55855488691379,44.959865078847876,45.11785125732422,11486100,0.4,0.0
2019-09-16 00:00:00-04:00,44.98481943124791,45.18438380229294,44.59401076140216,44.868408203125,11172000,0.0,0.0
2019-09-17 00:00:00-04:00,44.98481242468166,45.483721688603076,44.868401214690266,45.101226806640625,11347400,0.0,0.0
2019-09-18 00:00:00-04:00,45.067962600531935,45.14279882661639,44.75198707129006,45.0929069519043,9700400,0.0,0.0
2019-09-19 00:00:00-04:00,45.09290990589929,45.400568556859895,45.009759947899425,45.334049224853516,7560300,0.0,0.0
2019-09-20 00:00:00-04:00,45.47540658243259,45.47540658243259,44.81851427558865,44.82682800292969,19211500,0.0,0.0
2019-09-23 00:00:00-04:00,44.82683039162983,45.20101158126971,44.80188603630979,45.0180778503418,6485300,0.0,0.0
2019-09-24 00:00:00-04:00,45.109536627381836,45.408881525419325,44.93491982751574,45.1511116027832,10093000,0.0,0.0
2019-09-25 00:00:00-04:00,45.267527035586006,45.300788287804224,44.90166277708844,45.04301834106445,10248400,0.0,0.0
2019-09-26 00:00:00-04:00,45.292478473317736,45.383945338835375,45.00976414897587,45.225955963134766,10031200,0.0,0.0
2019-09-27 00:00:00-04:00,45.36730952010291,45.433828850706476,44.901661518007856,45.15943145751953,7939900,0.0,0.0
2019-09-30 00:00:00-04:00,45.02638099416078,45.4670813873391,45.02638099416078,45.26751708984375,9808700,0.0,0.0
2019-10-01 00:00:00-04:00,45.34235873988054,45.55023678753738,44.90997202011824,45.442142486572266,14261500,0.0,0.0
2019-10-02 00:00:00-04:00,45.07628345421814,45.267530912902465,43.987004312495756,44.13667678833008,14343600,0.0,0.0
2019-10-03 00:00:00-04:00,44.48590903690018,44.88503456911848,43.92048040659898,44.76862335205078,13817500,0.0,0.0
2019-10-04 00:00:00-04:00,44.901660127685346,45.350677490234375,44.81019327546601,45.350677490234375,9295400,0.0,0.0
2019-10-07 00:00:00-04:00,45.17605803968948,45.201002389937244,44.710410079272144,44.79356002807617,5964900,0.0,0.0
2019-10-08 00:00:00-04:00,44.80188991933762,44.95987613667047,44.44433932624442,44.55243682861328,13301900,0.0,0.0
2019-10-09 00:00:00-04:00,44.951558585733956,44.95987231353162,44.51917178499442,44.760311126708984,7135000,0.0,0.0
2019-10-10 00:00:00-04:00,44.5274792227466,44.80187978082516,44.36949304116549,44.61894607543945,8942900,0.0,0.0
2019-10-11 00:00:00-04:00,44.610641840920266,44.65221682681754,44.23646062390857,44.319610595703125,8981700,0.0,0.0
2019-10-14 00:00:00-04:00,44.47759998286812,44.63558619806501,44.2530912526611,44.319610595703125,7306300,0.0,0.0
2019-10-15 00:00:00-04:00,44.427697591631855,44.63557564393334,44.2946557650376,44.49421691894531,9564300,0.0,0.0
2019-10-16 00:00:00-04:00,44.45264494336382,44.54411180006513,44.17824754522748,44.47759246826172,10454800,0.0,0.0
2019-10-17 00:00:00-04:00,44.64389383413756,45.00144437360366,44.55243014643236,44.727046966552734,13190300,0.0,0.0
2019-10-18 00:00:00-04:00,45.7331771011197,46.05746639486735,45.275845964502054,45.55024337768555,18122400,0.0,0.0
2019-10-21 00:00:00-04:00,45.27584065388128,45.36730750486977,44.63557586892921,45.0929069519043,12778900,0.0,0.0
2019-10-22 00:00:00-04:00,45.092914977569244,45.250901184324974,44.68547569678995,44.776939392089844,9533400,0.0,0.0
2019-10-23 00:00:00-04:00,44.9515472420783,45.45045325520235,44.90996909767873,45.43382263183594,8556600,0.0,0.0
2019-10-24 00:00:00-04:00,45.37562470345735,45.583502772713416,45.30910537071856,45.40888595581055,11051400,0.0,0.0
2019-10-25 00:00:00-04:00,45.35899196260982,45.36730886129419,44.62726030479142,44.693782806396484,9782400,0.0,0.0
2019-10-28 00:00:00-04:00,44.685475724825345,44.860092559554595,44.37781386710094,44.54411697387695,8866100,0.0,0.0
2019-10-29 00:00:00-04:00,44.394441150722145,44.61894985216224,44.286343663665576,44.41107177734375,7999700,0.0,0.0
2019-10-30 00:00:00-04:00,44.502542449980055,44.94324299131713,44.20319748908394,44.851776123046875,8620900,0.0,0.0
2019-10-31 00:00:00-04:00,44.86840071728566,45.29247374551603,44.776933861315676,45.259212493896484,13982000,0.0,0.0
2019-11-01 00:00:00-04:00,45.42551939679265,45.516986260447915,44.776937623586186,44.81851577758789,9889500,0.0,0.0
2019-11-04 00:00:00-05:00,44.86840139310573,44.90166264522626,44.045206020911756,44.186561584472656,17515100,0.0,0.0
2019-11-05 00:00:00-05:00,43.97868333237327,43.97868333237327,43.338418505590184,43.58787155151367,19284000,0.0,0.0
2019-11-06 00:00:00-05:00,43.679334254455355,43.90384292602539,43.57955367996888,43.90384292602539,13288900,0.0,0.0
2019-11-07 00:00:00-05:00,43.970378381948294,44.070158985840614,43.20538529352533,43.47978591918945,11725500,0.0,0.0
2019-11-08 00:00:00-05:00,43.62113184655017,43.73754305396284,43.31347320239276,43.41325378417969,7141800,0.0,0.0
2019-11-11 00:00:00-05:00,43.51303317739362,43.54629125334473,43.055698948435065,43.1055908203125,8198300,0.0,0.0
2019-11-12 00:00:00-05:00,43.163796813042076,43.163796813042076,42.88939944512398,42.997493743896484,12656900,0.0,0.0
2019-11-13 00:00:00-05:00,43.388300484771804,43.61280912647287,43.205366812578305,43.57954788208008,12257900,0.0,0.0
2019-11-14 00:00:00-05:00,43.679336193112206,43.795747397174424,43.529663738755815,43.762489318847656,8660300,0.0,0.0
2019-11-15 00:00:00-05:00,43.770805311278444,43.80406656329443,43.55461351710971,43.79574966430664,8982400,0.0,0.0
2019-11-18 00:00:00-05:00,43.804068549716355,44.436016506839636,43.79575165035141,44.095096588134766,13782000,0.0,0.0
2019-11-19 00:00:00-05:00,44.19488239871366,44.3279242470144,43.96205678521146,44.13667678833008,12679500,0.0,0.0
2019-11-20 00:00:00-05:00,44.15329471702205,44.40275090423314,44.078458495252164,44.25307846069336,11970300,0.0,0.0
2019-11-21 00:00:00-05:00,44.16160857819264,44.35285598246069,43.88720805991655,44.03688049316406,7856100,0.0,0.0
2019-11-22 00:00:00-05:00,44.03689098045108,44.22813843026428,43.86227415740004,44.095096588134766,9113300,0.0,0.0
2019-11-25 00:00:00-05:00,44.30296716056183,44.39443400627693,43.87889735184391,44.25307846069336,10963500,0.0,0.0
2019-11-26 00:00:00-05:00,44.32792337686516,44.85177386003432,44.25308714041702,44.81851577758789,13219800,0.0,0.0
2019-11-27 00:00:00-05:00,44.84345390879238,44.984809462483085,44.569053355909425,44.860084533691406,9595200,0.0,0.0
2019-11-29 00:00:00-05:00,44.98574860909187,45.01087928925678,44.583641748147,44.734432220458984,7222300,0.4,0.0
2019-12-02 00:00:00-05:00,44.667408557823684,45.02762985229492,44.273677562550255,45.02762985229492,13173800,0.0,0.0
2019-12-03 00:00:00-05:00,44.99411999955162,45.10302492896052,44.73442780836393,45.069515228271484,14498300,0.0,0.0
2019-12-04 00:00:00-05:00,45.069525052561715,45.496765840324876,45.00250883223634,45.480010986328125,13624000,0.0,0.0
2019-12-05 00:00:00-05:00,45.41297982524941,45.479999223903306,45.09464726862586,45.39622497558594,14068100,0.0,0.0
2019-12-06 00:00:00-05:00,45.49676225294593,45.65592855987252,45.379478284216376,45.58890914916992,7843500,0.0,0.0
2019-12-09 00:00:00-05:00,45.488379886058524,45.664301032733185,45.253818357158984,45.29570388793945,13887200,0.0,0.0
2019-12-10 00:00:00-05:00,45.27058118765103,45.29571187141642,45.01088573798234,45.044395446777344,8993900,0.0,0.0
2019-12-11 00:00:00-05:00,45.18679614786551,45.36272047928648,44.95223463351882,45.19517517089844,8879100,0.0,0.0
2019-12-12 00:00:00-05:00,45.245446090878396,45.614046486382655,45.18680569989575,45.35435104370117,11233300,0.0,0.0
2019-12-13 00:00:00-05:00,45.18680227193848,45.697814093730955,45.10303120422162,45.58890914916992,13072200,0.0,0.0
2019-12-16 00:00:00-05:00,45.815094866799114,45.93237883552867,45.54702361531149,45.58890914916992,9538100,0.0,0.0
2019-12-17 00:00:00-05:00,45.57215749215566,45.72294797057513,45.48000740027028,45.58890914916992,9230000,0.0,0.0
2019-12-18 00:00:00-05:00,45.68106218326385,45.86536237890495,45.14491964575693,45.16167449951172,15132100,0.0,0.0
2019-12-19 00:00:00-05:00,45.27056546435094,45.52188180170323,45.17003637288153,45.505126953125,13385900,0.0,0.0
2019-12-20 00:00:00-05:00,46.024518226863606,46.24232808046897,45.63079043800307,46.049652099609375,23832800,0.0,0.0
2019-12-23 00:00:00-05:00,46.07478869974261,46.27584372925064,45.94075307862436,45.999393463134766,9300800,0.0,0.0
2019-12-24 00:00:00-05:00,45.90723956017754,46.074784871569996,45.77320395019578,45.831844329833984,3359300,0.0,0.0
2019-12-26 00:00:00-05:00,46.00777084167033,46.09154510498047,45.89886909285923,46.09154510498047,6228500,0.0,0.0
2019-12-27 00:00:00-05:00,46.08315871333302,46.45175902164536,46.074782886171775,46.367984771728516,6895500,0.0,0.0
2019-12-30 00:00:00-05:00,46.225580560689274,46.401501719501795,46.125054640748026,46.30097579956055,6431700,0.0,0.0
2019-12-31 00:00:00-05:00,46.24232819034458,46.393118644534006,46.05802803618841,46.367984771728516,7982600,0.0,0.0
2020-01-02 00:00:00-05:00,46.34286863107635,46.4350187370594,45.873742271372556,46.06642150878906,11867700,0.0,0.0
2020-01-03 00:00:00-05:00,45.50513342580907,46.066409748204144,45.312457433243914,45.81509017944336,11354500,0.0,0.0
2020-01-06 00:00:00-05:00,45.78158056019413,45.99938721656085,45.67267563418035,45.79833221435547,14698300,0.0,0.0
2020-01-07 00:00:00-05:00,45.61403654875853,45.739693132490416,45.362720185633826,45.44649124145508,9973900,0.0,0.0
2020-01-08 00:00:00-05:00,45.46325721557784,45.773214032749,45.36273128486373,45.5302734375,10676000,0.0,0.0
2020-01-09 00:00:00-05:00,46.074777854545054,46.40986842629687,45.940742264976436,46.35960388183594,15398000,0.0,0.0
2020-01-10 00:00:00-05:00,46.47689041217052,46.85386655343036,46.45175973464017,46.518775939941406,13040100,0.0,0.0
2020-01-13 00:00:00-05:00,46.51878352297825,47.105190594343796,46.42663342946433,47.021419525146484,14302900,0.0,0.0
2020-01-14 00:00:00-05:00,47.11356493823899,47.15545046867659,46.7700984755928,46.91250991821289,16345300,0.0,0.0
2020-01-15 00:00:00-05:00,46.91251338423857,47.733481984983385,46.91251338423857,47.49892044067383,17735400,0.0,0.0
2020-01-16 00:00:00-05:00,47.624568390045006,47.70834263755284,47.42351658734778,47.59943771362305,10234100,0.0,0.0
2020-01-17 00:00:00-05:00,47.64132986178511,47.87589459175122,47.58268947820889,47.69997024536133,14264300,0.0,0.0
2020-01-21 00:00:00-05:00,47.62457175520805,47.95966237759539,47.39001023693351,47.892642974853516,11968900,0.0,0.0
2020-01-22 00:00:00-05:00,47.95966479134447,48.286376407001555,47.90102440882455,48.26124572753906,12869600,0.0,0.0
2020-01-23 00:00:00-05:00,48.06857281676721,48.46230066817428,47.95129204419228,48.44554901123047,12858900,0.0,0.0
2020-01-24 00:00:00-05:00,48.46229286994511,48.479047719854215,48.135581285869655,48.319881439208984,8594300,0.0,0.0
2020-01-27 00:00:00-05:00,47.92615423717359,48.462296693926625,47.85913802791002,48.152339935302734,14359900,0.0,0.0
2020-01-28 00:00:00-05:00,48.12720626992261,48.3785226314734,47.72509945230915,47.75860595703125,15240200,0.0,0.0
2020-01-29 00:00:00-05:00,47.75023012976596,47.96803679093374,47.46540406783215,47.75860595703125,13163600,0.0,0.0
2020-01-30 00:00:00-05:00,48.52930868396908,49.4089174674113,48.38689406809447,49.30839157104492,20225600,0.0,0.0
2020-01-31 00:00:00-05:00,49.40054817755944,49.492698259613796,48.713615269450116,48.92304611206055,17685200,0.0,0.0
2020-02-03 00:00:00-05:00,49.21624489561223,49.400545048045565,49.02356891609594,49.07383346557617,12333600,0.0,0.0
2020-02-04 00:00:00-05:00,49.21624981612109,49.80265683604115,49.107344879189654,49.29164505004883,15417900,0.0,0.0
2020-02-05 00:00:00-05:00,49.34191467082762,49.49270515416579,49.04033370415128,49.300025939941406,11414900,0.0,0.0
2020-02-06 00:00:00-05:00,49.40892978311859,49.71051074305065,49.29164900884755,49.41730880737305,9347000,0.0,0.0
2020-02-07 00:00:00-05:00,49.32515049517633,49.69374760941525,49.300016622262596,49.584842681884766,8757800,0.0,0.0
2020-02-10 00:00:00-05:00,49.69374525226179,50.129361746059956,49.66861457620099,50.0539665222168,7984900,0.0,0.0
2020-02-11 00:00:00-05:00,50.028845892720845,50.09586210756113,49.69375523153527,49.91994094848633,7431200,0.0,0.0
2020-02-12 00:00:00-05:00,49.82779780420227,50.070738407651156,49.69376216017217,49.76915740966797,9179100,0.0,0.0
2020-02-13 00:00:00-05:00,49.74402288986485,50.129374937283586,49.60160823150306,49.93669891357422,8173200,0.0,0.0
2020-02-14 00:00:00-05:00,49.95344443818892,50.32204156310058,49.945065415088095,50.22151565551758,9965500,0.0,0.0
2020-02-18 00:00:00-05:00,50.104231750398206,50.20475765166728,49.802650850930206,49.869667053222656,10075700,0.0,0.0
2020-02-19 00:00:00-05:00,49.85291462902125,50.263400472302536,49.81940812407536,50.07072448730469,6265700,0.0,0.0
2020-02-20 00:00:00-05:00,49.99533703490383,50.14612751542713,49.517834911800485,50.028846740722656,7597200,0.0,0.0
2020-02-21 00:00:00-05:00,49.85290848591467,50.37229919433594,49.785892288620005,50.37229919433594,10842400,0.0,0.0
2020-02-24 00:00:00-05:00,49.51782878892414,50.09585676234941,49.065457403289905,49.132476806640625,14415500,0.0,0.0
2020-02-25 00:00:00-05:00,49.17436175650731,49.59322343553095,48.26961899589897,48.437164306640625,15915100,0.0,0.0
2020-02-26 00:00:00-05:00,48.57120061305738,48.98168647048151,48.15233892802343,48.252864837646484,15837800,0.0,0.0
2020-02-27 00:00:00-05:00,47.875898593253865,48.49581218448994,45.97426589297614,46.016151428222656,23754000,0.0,0.0
2020-02-28 00:00:00-05:00,45.09464814098694,45.14490949528886,43.20977065880402,44.80982208251953,40890600,0.0,0.0
2020-03-02 00:00:00-05:00,45.17841809967758,46.87899538641844,44.98574212298396,46.84548568725586,25698600,0.0,0.0
2020-03-03 00:00:00-05:00,47.54917229824766,48.160713109093074,46.61092311289068,46.9627685546875,27099200,0.0,0.0
2020-03-04 00:00:00-05:00,47.25597365202072,49.425677238273046,47.25597365202072,49.35865783691406,20526100,0.0,0.0
2020-03-05 00:00:00-05:00,48.4204174164465,48.73037421509664,47.071682076948925,47.532432556152344,17948500,0.0,0.0
2020-03-06 00:00:00-05:00,46.024512292366666,46.837104833717,45.220298772738126,46.29258346557617,22353900,0.0,0.0
2020-03-09 00:00:00-04:00,43.60349840403054,44.88521726365129,43.12599636468624,43.444332122802734,27898300,0.0,0.0
2020-03-10 00:00:00-04:00,44.583631474132616,45.0695092874339,42.866296290290805,44.95222854614258,27457400,0.0,0.0
2020-03-11 00:00:00-04:00,43.854825797070234,44.10614541420321,42.841181086261024,43.737545013427734,22653900,0.0,0.0
2020-03-12 00:00:00-04:00,40.66309345593278,41.82752843778057,39.11330329225262,39.50703430175781,31913100,0.0,0.0
2020-03-13 00:00:00-04:00,41.83943053641502,41.88168663178071,39.38872851851624,40.9605598449707,33697200,0.41,0.0
2020-03-16 00:00:00-04:00,35.69576964799401,40.46196545831163,34.79154149267424,38.24787902832031,28682300,0.0,0.0
2020-03-17 00:00:00-04:00,38.771831470566454,40.14084463768219,38.340843754454596,39.87042236328125,32106700,0.0,0.0
2020-03-18 00:00:00-04:00,37.80845030037177,38.15492902796425,35.1464773082114,37.901405334472656,35408300,0.0,0.0
2020-03-19 00:00:00-04:00,37.48731152549998,37.740831920052834,34.68167894858343,35.34928512573242,41956900,0.0,0.0
2020-03-20 00:00:00-04:00,35.45069557203654,35.55210309351087,31.698581816929114,32.366188049316406,51513500,0.0,0.0
2020-03-23 00:00:00-04:00,32.754920701732715,32.86478073428306,30.650697633953474,31.7408390045166,44978500,0.0,0.0
2020-03-24 00:00:00-04:00,34.833802950261564,34.98591588029056,32.814085208272644,33.33802795410156,49096200,0.0,0.0
2020-03-25 00:00:00-04:00,34.335199893960684,36.71829737555741,33.72674837570223,35.163368225097656,42511700,0.0,0.0
2020-03-26 00:00:00-04:00,36.20280913104716,38.25633006763266,35.87323225396084,37.42816162109375,37821700,0.0,0.0
2020-03-27 00:00:00-04:00,36.895768162730256,37.208443262569666,35.83098103219448,36.177459716796875,23297900,0.0,0.0
2020-03-30 00:00:00-04:00,36.37182322919705,38.50140058137153,36.37182322919705,38.028160095214844,23446000,0.0,0.0
2020-03-31 00:00:00-04:00,38.08731695474322,38.45914671441907,37.23379739724451,37.39435958862305,25373900,0.0,0.0
2020-04-01 00:00:00-04:00,35.898582329915826,36.88731615733024,35.32393432608406,35.594356536865234,21936400,0.0,0.0
2020-04-02 00:00:00-04:00,35.678871122609365,37.343657515990415,35.37464528155241,37.14084243774414,17621900,0.0,0.0
2020-04-03 00:00:00-04:00,36.828164952178994,37.4704169570621,36.59999558600429,37.039432525634766,14207100,0.0,0.0
2020-04-06 00:00:00-04:00,38.35774497024671,39.72675811668618,37.76619504504594,39.43943405151367,22850000,0.0,0.0
2020-04-07 00:00:00-04:00,40.9859016542959,41.070407378541404,39.278859590305494,39.3042106628418,21279600,0.0,0.0
2020-04-08 00:00:00-04:00,39.414075554475154,40.639428049596034,39.152105842725355,40.411258697509766,18937100,0.0,0.0
2020-04-09 00:00:00-04:00,40.93520293667543,42.02534436447664,40.85914648302216,41.408443450927734,19165300,0.0,0.0
2020-04-13 00:00:00-04:00,40.859151370595505,41.10422255320341,39.295772465217816,39.65915298461914,19586000,0.0,0.0
2020-04-14 00:00:00-04:00,40.51267084162095,41.61971414488551,39.659151218696564,41.34083938598633,21801900,0.0,0.0
2020-04-15 00:00:00-04:00,40.318300901641,40.90140143799247,40.064780471077704,40.233795166015625,12893200,0.0,0.0
2020-04-16 00:00:00-04:00,40.05634586015667,40.436625033459286,39.515497993498194,39.80282211303711,17606800,0.0,0.0
2020-04-17 00:00:00-04:00,40.8168935821875,40.8168935821875,40.03097796961259,40.614078521728516,19844600,0.0,0.0
2020-04-20 00:00:00-04:00,40.385911631266346,40.563375625944865,39.13520793630887,39.32112121582031,18957900,0.0,0.0
2020-04-21 00:00:00-04:00,38.77182792318,39.63380005285071,37.40281165763313,38.34929275512695,26863700,0.0,0.0
2020-04-22 00:00:00-04:00,38.91548115536547,38.999990107601725,38.45069320097024,38.602806091308594,15811600,0.0,0.0
2020-04-23 00:00:00-04:00,38.83098119206655,38.957739803710474,38.002812679314204,38.087318420410156,17668200,0.0,0.0
2020-04-24 00:00:00-04:00,38.4506951851182,38.66196274108039,38.129567597423296,38.39154052734375,15175000,0.0,0.0
2020-04-27 00:00:00-04:00,38.87323299108154,39.701401481005576,38.628161835496286,39.532386779785156,19175500,0.0,0.0
2020-04-28 00:00:00-04:00,40.47886610449266,40.5633718396838,39.35492112906492,39.49858474731445,17246700,0.0,0.0
2020-04-29 00:00:00-04:00,39.94647926008197,40.445070938325266,39.616902311083294,39.81971740722656,15780000,0.0,0.0
2020-04-30 00:00:00-04:00,39.71831365606776,39.71831365606776,38.61972264648861,38.7802848815918,20801100,0.0,0.0
2020-05-01 00:00:00-04:00,38.552107634543155,39.20281217687941,38.20562892744852,38.53520584106445,14290400,0.0,0.0
2020-05-04 00:00:00-04:00,38.29858201331193,38.43379311921425,37.690130424907956,38.14646911621094,22544200,0.0,0.0
2020-05-05 00:00:00-04:00,38.33238827924984,38.95773847894441,38.154924294770616,38.36619186401367,13370500,0.0,0.0
2020-05-06 00:00:00-04:00,38.36618762537408,38.560553380761974,37.791539642624244,37.816890716552734,11892900,0.0,0.0
2020-05-07 00:00:00-04:00,38.154934946242484,38.23099142134968,37.60563782339183,37.69014358520508,16466000,0.0,0.0
2020-05-08 00:00:00-04:00,38.0957689989271,39.05914858284378,37.92675430160954,38.966190338134766,13985100,0.0,0.0
2020-05-11 00:00:00-04:00,38.611259491348555,38.966190681209106,38.46759909276048,38.484500885009766,10874600,0.0,0.0
2020-05-12 00:00:00-04:00,38.535202817256966,38.746470383631596,37.85914724959561,37.87604904174805,13424400,0.0,0.0
2020-05-13 00:00:00-04:00,37.78308972675494,37.842244385769625,36.77745729981813,37.13238525390625,15854800,0.0,0.0
2020-05-14 00:00:00-04:00,36.65915081874841,37.2337988853792,36.53238898322879,36.92957305908203,18000800,0.0,0.0
2020-05-15 00:00:00-04:00,37.14928522800696,37.766186087325465,36.507033294261674,36.557735443115234,31579400,0.0,0.0
2020-05-18 00:00:00-04:00,37.876049600714374,38.357739401262215,37.29295226944259,38.002811431884766,26118500,0.0,0.0
2020-05-19 00:00:00-04:00,38.03660798382137,38.30703341148224,37.39435605530505,37.639427185058594,17839900,0.0,0.0
2020-05-20 00:00:00-04:00,38.19718739482832,39.01690359094136,38.04507444633556,38.7802848815918,22295900,0.0,0.0
2020-05-21 00:00:00-04:00,38.94082694080597,38.949276222339215,38.05350086656385,38.171810150146484,13193500,0.0,0.0
2020-05-22 00:00:00-04:00,38.2140741541523,38.29013059846978,37.7323844147039,38.05350875854492,13008400,0.0,0.0
2020-05-26 00:00:00-04:00,39.65069791945801,39.65915042793416,38.81408010681677,38.94929122924805,22223100,0.0,0.0
2020-05-27 00:00:00-04:00,39.71830072663739,39.79435717612524,39.01689088983973,39.49013137817383,18447600,0.0,0.0
2020-05-28 00:00:00-04:00,39.97182127459887,40.10703238258783,39.56618795063199,39.79435729980469,16230600,0.0,0.0
2020-05-29 00:00:00-04:00,39.4478874206543,39.8788719159636,38.99154862066481,39.4478874206543,51125000,0.0,0.0
2020-06-01 00:00:00-04:00,39.43097938444848,39.912669189190346,39.37182472237051,39.70985412597656,17010700,0.0,0.0
2020-06-02 00:00:00-04:00,39.85351354222757,39.954921071328414,39.34647267303611,39.63379669189453,15255100,0.0,0.0
2020-06-03 00:00:00-04:00,39.94647141290361,40.66477984147722,39.81970958494959,40.47886657714844,15508300,0.0,0.0
2020-06-04 00:00:00-04:00,40.51265984565498,40.79153452886186,40.039422647999615,40.495758056640625,13604700,0.0,0.0
2020-06-05 00:00:00-04:00,41.01970532386721,41.822522600715665,40.95209816537242,41.484493255615234,20504800,0.0,0.0
2020-06-08 00:00:00-04:00,41.86478502098207,42.228165521637216,41.80563035563704,42.12675476074219,19896700,0.0,0.0
2020-06-09 00:00:00-04:00,41.90703504183538,41.90703504183538,41.13802122097992,41.408443450927734,16713700,0.0,0.0
2020-06-10 00:00:00-04:00,41.54365331387964,41.636611557064036,41.0450617379983,41.08731460571289,15716600,0.0,0.0
2020-06-11 00:00:00-04:00,40.40281078552609,40.495765807366304,38.416893716012616,38.484500885009766,26070400,0.0,0.0
2020-06-12 00:00:00-04:00,39.405468647079914,39.439579334244954,38.38217080294792,38.885292053222656,21822700,0.41,0.0
2020-06-15 00:00:00-04:00,38.00697016893689,39.61013698524097,37.92169668792089,39.48222351074219,15622300,0.0,0.0
2020-06-16 00:00:00-04:00,40.556678458043635,40.66753330781373,39.38841186268211,39.88300704956055,18803500,0.0,0.0
2020-06-17 00:00:00-04:00,39.89152467082776,40.130296168854315,39.60159040770316,39.720977783203125,12602800,0.0,0.0
2020-06-18 00:00:00-04:00,39.482219654131136,40.113254412124505,39.28608806457258,40.07061767578125,9380800,0.0,0.0
2020-06-19 00:00:00-04:00,40.73574678411264,40.75280212376556,39.243438720703125,39.243438720703125,30464600,0.0,0.0
2020-06-22 00:00:00-04:00,39.251978829390126,39.35431090397678,38.6976947304314,39.00468444824219,20876200,0.0,0.0
2020-06-23 00:00:00-04:00,39.226385067783596,39.47368262392458,38.86823267859201,38.919395446777344,14675300,0.0,0.0
2020-06-24 00:00:00-04:00,38.68915996430063,38.74885203955442,37.94727041973629,38.0751838684082,17631800,0.0,0.0
2020-06-25 00:00:00-04:00,37.92168269754729,38.356582495041785,37.546471712363285,38.31394577026367,13829700,0.0,0.0
2020-06-26 00:00:00-04:00,38.30541305335493,38.38216045229244,37.10303930531619,37.154205322265625,21955100,0.0,0.0
2020-06-29 00:00:00-04:00,37.520902580063066,38.006968557794096,37.137165425808405,37.8278923034668,17603900,0.0,0.0
2020-06-30 00:00:00-04:00,37.73408347886045,38.2286786768471,37.55500725323388,38.100765228271484,23679800,0.0,0.0
2020-07-01 00:00:00-04:00,38.31395275729861,38.825600053888515,38.12634723049436,38.220149993896484,14316500,0.0,0.0
2020-07-02 00:00:00-04:00,38.620950643710415,38.74033482141989,38.20310276875236,38.271324157714844,15111900,0.0,0.0
2020-07-06 00:00:00-04:00,38.49302340433073,38.603881495274685,38.04106824944387,38.56977081298828,15146000,0.0,0.0
2020-07-07 00:00:00-04:00,38.37364669371803,38.800020545870446,38.20309650226219,38.5527229309082,13043600,0.0,0.0
2020-07-08 00:00:00-04:00,38.49303406402507,38.52714475575758,37.92169461589117,38.43334197998047,13851200,0.0,0.0
2020-07-09 00:00:00-04:00,38.4162808135991,38.4162808135991,37.3759308971794,37.444149017333984,16087100,0.0,0.0
2020-07-10 00:00:00-04:00,37.41855911246518,38.58682221111844,37.40150377306479,38.501548767089844,15627800,0.0,0.0
2020-07-13 00:00:00-04:00,38.825602272178116,38.95351573012098,38.339536336754215,38.58683395385742,16705300,0.0,0.0
2020-07-14 00:00:00-04:00,38.29689873216646,39.17522781430874,38.09223785469993,39.115535736083984,17080100,0.0,0.0
2020-07-15 00:00:00-04:00,39.482212912922634,40.241157750363236,39.39693945479575,39.56748962402344,23738000,0.0,0.0
2020-07-16 00:00:00-04:00,39.44810859993126,39.81479038445441,39.175229586282555,39.35430908203125,13306100,0.0,0.0
2020-07-17 00:00:00-04:00,39.62718733668845,40.00239516002534,39.33725298361809,39.9256477355957,13899800,0.0,0.0
2020-07-20 00:00:00-04:00,39.84037835521473,39.93418113392204,39.098485425243126,39.32872772216797,16633200,0.0,0.0
2020-07-21 00:00:00-04:00,40.522570005954236,40.92336245514107,40.01944874634869,40.249691009521484,25681500,0.0,0.0
2020-07-22 00:00:00-04:00,40.87219126955976,41.375312465722935,40.10471715576038,41.34120178222656,29831200,0.0,0.0
2020-07-23 00:00:00-04:00,41.33267459782977,41.41794805124494,40.957463595666084,41.170650482177734,15935000,0.0,0.0
2020-07-24 00:00:00-04:00,41.272991648487704,41.614088790482356,40.991583334692024,41.34973907470703,16196800,0.0,0.0
2020-07-27 00:00:00-04:00,41.085378161951375,41.366783168361934,41.085378161951375,41.34120178222656,17346500,0.0,0.0
2020-07-28 00:00:00-04:00,41.22182769788608,42.02340943773166,41.01716679996028,41.08538818359375,13872700,0.0,0.0
2020-07-29 00:00:00-04:00,41.05127290283357,41.35826258891791,40.778393904752875,40.948944091796875,13758100,0.0,0.0
2020-07-30 00:00:00-04:00,40.65048997060773,41.12802995556462,40.249700678119375,40.667545318603516,17276500,0.0,0.0
2020-07-31 00:00:00-04:00,40.45434896692941,40.735757264139934,39.84889889186793,40.2838020324707,14849200,0.0,0.0
2020-08-03 00:00:00-04:00,40.198531811390836,40.38613737319577,39.422531423436034,39.48222351074219,14137500,0.0,0.0
2020-08-04 00:00:00-04:00,39.473691691202596,39.95975761845609,39.41399961262581,39.814788818359375,11717200,0.0,0.0
2020-08-05 00:00:00-04:00,39.993871312273605,40.309387073169965,39.91712388362589,40.26675033569336,10498700,0.0,0.0
2020-08-06 00:00:00-04:00,39.78920768467571,40.53109727531892,39.73804165143419,40.488460540771484,10745000,0.0,0.0
2020-08-07 00:00:00-04:00,40.47993224551902,41.00010883582396,40.25821603343455,40.76133728027344,11669700,0.0,0.0
2020-08-10 00:00:00-04:00,40.983049539384226,41.17065179346749,40.64194920891202,40.693115234375,11888000,0.0,0.0
2020-08-11 00:00:00-04:00,41.324147566041205,41.486171690575205,40.67606082682695,40.8721923828125,16531600,0.0,0.0
2020-08-12 00:00:00-04:00,41.187703011939995,41.52027401172072,41.034208203891424,41.298561096191406,9562200,0.0,0.0
2020-08-13 00:00:00-04:00,41.15359979500852,41.55439222792809,40.98305286889084,41.25593185424805,9882900,0.0,0.0
2020-08-14 00:00:00-04:00,41.221821475211904,41.52028185111747,40.95746853299975,41.31562423706055,10075800,0.0,0.0
2020-08-17 00:00:00-04:00,41.204768495990315,41.571450266269196,41.102439683090765,41.110965728759766,9102400,0.0,0.0
2020-08-18 00:00:00-04:00,41.10243679419887,41.35826043495429,40.89777592981009,41.2900390625,9829000,0.0,0.0
2020-08-19 00:00:00-04:00,41.034214026948746,41.255930226914735,40.26674313076963,40.3946533203125,17371000,0.0,0.0
2020-08-20 00:00:00-04:00,40.3093758837096,40.590780875319766,40.15588106902272,40.377593994140625,11308700,0.0,0.0
2020-08-21 00:00:00-04:00,40.36907145301857,40.5055109386931,40.05355575232882,40.31790542602539,14734100,0.0,0.0
2020-08-24 00:00:00-04:00,40.445826464638934,40.9148370814364,40.23263952491513,40.90631103515625,9257700,0.0,0.0
2020-08-25 00:00:00-04:00,40.93188810635353,40.974524839202815,40.63342772343439,40.855140686035156,7827800,0.0,0.0
2020-08-26 00:00:00-04:00,40.727224695248935,41.085380385395794,40.47993035895177,41.06832504272461,10124200,0.0,0.0
2020-08-27 00:00:00-04:00,41.14507658461601,41.631142514082335,41.10243985014909,41.128021240234375,10931600,0.0,0.0
2020-08-28 00:00:00-04:00,41.57145110297799,42.50947228821441,41.38384556474095,42.4924201965332,16420300,0.0,0.0
2020-08-31 00:00:00-04:00,42.46683360192164,42.69707586473195,42.08309649723779,42.23659133911133,18510800,0.0,0.0
2020-09-01 00:00:00-04:00,42.04898702306336,42.08309445617885,41.63966854891089,41.886962890625,12588400,0.0,0.0
2020-09-02 00:00:00-04:00,42.091630114628344,43.79712564113371,42.091630114628344,43.652156829833984,26332600,0.0,0.0
2020-09-03 00:00:00-04:00,43.831225142684886,44.462256504729844,42.7226507310852,43.046695709228516,22289400,0.0,0.0
2020-09-04 00:00:00-04:00,43.43896187405028,43.89092031720555,42.87614858426778,43.52423858642578,21019500,0.0,0.0
2020-09-08 00:00:00-04:00,43.43043731072725,43.52424007105297,42.091623784017045,42.47536087036133,17776700,0.0,0.0
2020-09-09 00:00:00-04:00,42.29629043142071,43.2854777692418,42.253653691156174,42.79941177368164,15252300,0.0,0.0
2020-09-10 00:00:00-04:00,42.93584288368584,43.21725116966176,42.59474577541172,42.63738250732422,15439500,0.0,0.0
2020-09-11 00:00:00-04:00,42.978480805933415,43.66067824271551,42.722653920787906,43.54129409790039,18272300,0.0,0.0
2020-09-14 00:00:00-04:00,43.81638356836006,44.039891237785056,43.47252208383805,43.592872619628906,10911700,0.41,0.0
2020-09-15 00:00:00-04:00,43.842172857572955,44.16884094609002,43.70462891703517,43.885154724121094,12838400,0.0,0.0
2020-09-16 00:00:00-04:00,43.79919556623358,44.229020835226436,43.61866974029015,43.661651611328125,15353900,0.0,0.0
2020-09-17 00:00:00-04:00,43.1716507395726,43.52410732630117,42.930946360833836,43.4553337097168,13287100,0.0,0.0
2020-09-18 00:00:00-04:00,43.627256332907756,43.97971285388315,43.16304434548478,43.369361877441406,23816600,0.0,0.0
2020-09-21 00:00:00-04:00,42.76760639364707,42.999712389702175,41.78760548539617,42.20023727416992,17514800,0.0,0.0
2020-09-22 00:00:00-04:00,42.21743565851184,43.01691086841194,42.18304885222861,42.690242767333984,13034600,0.0,0.0
2020-09-23 00:00:00-04:00,42.750409715328395,42.91374209441398,41.40935404513832,41.44374084472656,17121200,0.0,0.0
2020-09-24 00:00:00-04:00,41.443741061988746,42.2088293206566,40.88497032262622,41.86497116088867,16788100,0.0,0.0
2020-09-25 00:00:00-04:00,41.43515299632517,41.91655515712641,41.24602884497824,41.882171630859375,12603400,0.0,0.0
2020-09-28 00:00:00-04:00,42.38936290922736,42.733221105737634,42.24322063424829,42.36357116699219,11215700,0.0,0.0
2020-09-29 00:00:00-04:00,42.45813296149219,42.604275235523616,42.045501160771884,42.05409622192383,12426600,0.0,0.0
2020-09-30 00:00:00-04:00,42.3549771255628,42.65585346466673,42.02830904360271,42.440940856933594,15755900,0.0,0.0
2020-10-01 00:00:00-04:00,42.501118460238345,42.69024261481405,41.77041686551528,42.277610778808594,17577300,0.0,0.0
2020-10-02 00:00:00-04:00,41.916550342856674,42.6214666589222,41.73602455329026,42.432342529296875,13610100,0.0,0.0
2020-10-05 00:00:00-04:00,42.49251723168266,42.595674355886906,42.226024441573685,42.44953536987305,10628700,0.0,0.0
2020-10-06 00:00:00-04:00,42.59568018928362,42.75041753643389,41.97673407998881,42.071292877197266,10077400,0.0,0.0
2020-10-07 00:00:00-04:00,42.14006652263132,42.776206035374116,42.079891251947714,42.604278564453125,10135600,0.0,0.0
2020-10-08 00:00:00-04:00,42.73322237820369,43.44673381401169,42.587083378179116,43.377960205078125,12143900,0.0,0.0
2020-10-09 00:00:00-04:00,43.55849442770817,44.03989994536133,43.49831914791488,43.67884826660156,11407800,0.0,0.0
2020-10-12 00:00:00-04:00,43.704631594756385,44.2977892597976,43.69603653264263,43.9195442199707,11386500,0.0,0.0
2020-10-13 00:00:00-04:00,43.83358509642385,43.83358509642385,42.89656582066742,43.171653747558594,14365300,0.0,0.0
2020-10-14 00:00:00-04:00,43.02550283357457,43.40375111685299,42.68164463341049,43.08567810058594,10582100,0.0,0.0
2020-10-15 00:00:00-04:00,42.466736427745765,43.094280905376706,42.38076940931975,42.97393035888672,9961700,0.0,0.0
2020-10-16 00:00:00-04:00,42.97392869860623,43.28340011506426,42.87076828048057,43.0083122253418,13569800,0.0,0.0
2020-10-19 00:00:00-04:00,43.00831366161557,43.39515704423974,42.518313136727095,42.65585708618164,9930400,0.0,0.0
2020-10-20 00:00:00-04:00,42.88795879674584,43.515503207892316,42.801995066733596,43.19743347167969,10970700,0.0,0.0
2020-10-21 00:00:00-04:00,42.948138613705694,43.35217540204187,42.784806197655925,42.97393035888672,12517400,0.0,0.0
2020-10-22 00:00:00-04:00,43.98830830053438,44.014100041821386,43.3091869936876,43.567081451416016,20189200,0.0,0.0
2020-10-23 00:00:00-04:00,43.84215897365616,43.996896267672305,43.386545429778174,43.429527282714844,13491300,0.0,0.0
2020-10-26 00:00:00-04:00,43.27479697900663,43.4209359584586,42.294796144805375,42.810585021972656,14696400,0.0,0.0
2020-10-27 00:00:00-04:00,42.819191993842196,43.23182383462336,42.595681030519245,42.89656066894531,13892100,0.0,0.0
2020-10-28 00:00:00-04:00,42.122869444608384,42.251818315855104,41.074094911099394,41.22883224487305,19886200,0.0,0.0
2020-10-29 00:00:00-04:00,41.03111895796881,41.675856848469834,40.66146897173703,41.280418395996094,15369900,0.0,0.0
2020-10-30 00:00:00-04:00,41.09988765798851,41.36637718876631,40.72163937537834,41.31480026245117,15804000,0.0,0.0
2020-11-02 00:00:00-05:00,41.907959089057805,42.07988983348954,41.46953880609777,41.79620361328125,15156100,0.0,0.0
2020-11-03 00:00:00-05:00,42.31199581995737,42.94813531085652,42.12287167327082,42.42374801635742,15285100,0.0,0.0
2020-11-04 00:00:00-05:00,42.49252341197964,43.163049735790274,42.19164705624572,42.269012451171875,12930800,0.0,0.0
2020-11-05 00:00:00-05:00,42.77620175270143,43.16304508215624,42.415150164747594,42.50111389160156,12452400,0.0,0.0
2020-11-06 00:00:00-05:00,42.681639122075275,42.97392035809181,42.337777687006756,42.509708404541016,9294900,0.0,0.0
2020-11-09 00:00:00-05:00,45.131646785299374,45.784979657772844,44.76199684452291,45.19182205200195,33442000,0.0,0.0
2020-11-10 00:00:00-05:00,45.19182738188627,46.661828977801825,45.088670238130746,46.403934478759766,29706700,0.0,0.0
2020-11-11 00:00:00-05:00,46.360942526711085,46.67901223038227,45.845153640795345,46.06006622314453,17399900,0.0,0.0
2020-11-12 00:00:00-05:00,45.60445516399179,45.74199910315274,45.2262101511257,45.570068359375,15024400,0.0,0.0
2020-11-13 00:00:00-05:00,45.7763877308204,45.99130034927496,45.466913035556836,45.94831848144531,12447900,0.0,0.0
2020-11-16 00:00:00-05:00,46.85094167416265,46.95409879267081,45.802167251528346,46.29216766357422,14908200,0.0,0.0
2020-11-17 00:00:00-05:00,46.128844652293225,46.2062133267102,45.58726393137438,46.14603805541992,14248400,0.0,0.0
2020-11-18 00:00:00-05:00,46.206212554552124,46.438318573924306,45.18322968040626,45.22621154785156,15278200,0.0,0.0
2020-11-19 00:00:00-05:00,45.123049686787674,45.75918912872424,44.658837696635516,45.67322540283203,17189500,0.0,0.0
2020-11-20 00:00:00-05:00,45.72480101648963,45.77638121813058,45.20901211730345,45.27778244018555,15645600,0.0,0.0
2020-11-23 00:00:00-05:00,45.51849825893093,45.707619154076525,44.87376033254185,45.28639221191406,13191900,0.0,0.0
2020-11-24 00:00:00-05:00,45.68182910500005,46.06867250330321,45.57867195855472,45.75060272216797,13827600,0.0,0.0
2020-11-25 00:00:00-05:00,45.62165135597935,45.80217717229702,45.3809502675558,45.50130081176758,10194800,0.0,0.0
2020-11-27 00:00:00-05:00,45.65604549439556,45.72481583957165,45.22622017929759,45.3035888671875,8499300,0.0,0.0
2020-11-30 00:00:00-05:00,45.130293873509544,45.216931625684005,44.25524067848128,44.70576095581055,43203600,0.41,0.0
2020-12-01 00:00:00-05:00,45.17362049407826,45.33823687845701,44.870385004463124,45.08698272705078,18968800,0.0,0.0
2020-12-02 00:00:00-05:00,44.965679895956235,45.16494936586672,44.74041645691424,45.147621154785156,14913100,0.0,0.0
2020-12-03 00:00:00-05:00,44.96568589322627,45.866729854515434,44.96568589322627,45.72810745239258,17318900,0.0,0.0
2020-12-04 00:00:00-05:00,45.728105836660816,46.6724719505734,45.71077762388038,46.65514373779297,18122400,0.0,0.0
2020-12-07 00:00:00-05:00,46.577167438682345,46.59449565109294,45.658795316050785,45.91004943847656,16210900,0.0,0.0
2020-12-08 00:00:00-05:00,45.86673361155129,46.33458549642064,45.73677695798916,46.074668884277344,12485800,0.0,0.0
2020-12-09 00:00:00-05:00,46.23927729713044,46.438546789814,45.918713618032434,46.20462417602539,11508400,0.0,0.0
2020-12-10 00:00:00-05:00,46.26527492784717,46.360575149695705,45.90138903480936,45.9620361328125,12097300,0.0,0.0
2020-12-11 00:00:00-05:00,45.74543622445278,46.38656690773753,45.72810801084846,46.22195053100586,10638100,0.0,0.0
2020-12-14 00:00:00-05:00,46.481870747076734,46.646483819912326,46.07466598714485,46.15264129638672,22292000,0.0,0.0
2020-12-15 00:00:00-05:00,46.60316168153295,46.97570998798652,46.43854531518176,46.646480560302734,16193700,0.0,0.0
2020-12-16 00:00:00-05:00,46.43855170713585,46.611830551084225,45.86673383561955,45.970703125,15679600,0.0,0.0
2020-12-17 00:00:00-05:00,46.17863196446107,46.53385208322543,46.0486753190705,46.15264129638672,12677300,0.0,0.0
2020-12-18 00:00:00-05:00,45.98802715126847,46.646482732276745,45.58948485498106,46.559844970703125,35480100,0.0,0.0
2020-12-21 00:00:00-05:00,45.641465261250254,45.918710038591215,45.03499107143498,45.75409698486328,14926600,0.0,0.0
2020-12-22 00:00:00-05:00,45.754107103477175,46.07467082848002,45.390221187106526,45.710784912109375,9689500,0.0,0.0
2020-12-23 00:00:00-05:00,45.8753939348619,46.256604700494236,45.86672817597329,45.9880256652832,7040300,0.0,0.0
2020-12-24 00:00:00-05:00,45.93604417996257,46.39523028201668,45.93604417996257,46.2999267578125,3265500,0.0,0.0
2020-12-28 00:00:00-05:00,46.65515796449442,47.16632882982495,46.55119196112778,46.92374038696289,9020500,0.0,0.0
2020-12-29 00:00:00-05:00,47.174984228489144,47.209640657004975,46.80243588449133,46.89773941040039,8320600,0.0,0.0
2020-12-30 00:00:00-05:00,46.828425081224296,47.33093336384966,46.81109686751113,47.166316986083984,8142700,0.0,0.0
2020-12-31 00:00:00-05:00,47.17498648631503,47.59085373335185,47.019035855548836,47.51287841796875,8495000,0.0,0.0
2021-01-04 00:00:00-05:00,47.01903709296446,47.330938362705254,45.07831991736573,45.710784912109375,25611100,0.0,0.0
2021-01-05 00:00:00-05:00,45.33823479088484,45.58948562570342,45.07831489173235,45.208274841308594,20323800,0.0,0.0
2021-01-06 00:00:00-05:00,45.02633267727042,45.06965155794423,43.48415474613624,43.77006530761719,38724500,0.0,0.0
2021-01-07 00:00:00-05:00,43.397520965289125,43.5448058340931,42.9036784092702,43.284889221191406,53225700,0.0,0.0
2021-01-08 00:00:00-05:00,43.345528456410044,44.29856027083062,43.18091540260959,44.25524139404297,29674000,0.0,0.0
2021-01-11 00:00:00-05:00,43.85669945877739,44.06463469592119,43.27621923449083,43.49281692504883,19304400,0.0,0.0
2021-01-12 00:00:00-05:00,43.35420503868629,43.6401123408798,43.11161331907624,43.414852142333984,18538700,0.0,0.0
2021-01-13 00:00:00-05:00,43.30221740116598,43.631446873253026,43.27622673140247,43.458168029785156,18864100,0.0,0.0
2021-01-14 00:00:00-05:00,43.45816377797324,43.475491991126596,42.643757589878,42.65242004394531,34303600,0.0,0.0
2021-01-15 00:00:00-05:00,42.59177247299384,42.60910068595295,42.045945332347095,42.193233489990234,24366800,0.0,0.0
2021-01-19 00:00:00-05:00,42.227894491697555,42.487811104211325,41.794699035834924,42.028621673583984,29114500,0.0,0.0
2021-01-20 00:00:00-05:00,42.05460914024473,42.29719750038027,41.85533965798788,42.1759033203125,23115800,0.0,0.0
2021-01-21 00:00:00-05:00,42.26254384028909,42.53112618873355,41.98529903770973,42.40983200073242,19702500,0.0,0.0
2021-01-22 00:00:00-05:00,42.288540136417026,42.401168571453255,42.011295318603516,42.011295318603516,15400300,0.0,0.0
2021-01-25 00:00:00-05:00,41.950645290231186,42.3145311824922,41.79469797071242,42.26254653930664,16604200,0.0,0.0
2021-01-26 00:00:00-05:00,42.37517728256294,42.7997102627012,42.11526068279327,42.70440673828125,12922600,0.0,0.0
2021-01-27 00:00:00-05:00,42.357853114787076,42.73040148855134,41.786035218663656,42.04595184326172,21242400,0.0,0.0
2021-01-28 00:00:00-05:00,42.184568513907315,42.88634627919175,42.11525896580322,42.58311080932617,17498900,0.0,0.0
2021-01-29 00:00:00-05:00,42.47914603077776,42.55712134629394,41.6820679655183,41.71672439575195,18670300,0.0,0.0
2021-02-01 00:00:00-05:00,41.820690837929256,42.184573444297314,41.74271552156194,42.00263214111328,12183600,0.0,0.0
2021-02-02 00:00:00-05:00,42.27986517010718,42.756379390396795,42.13258033866164,42.418487548828125,13319800,0.0,0.0
2021-02-03 00:00:00-05:00,42.40983398368642,42.53112817735889,42.167242291322566,42.253883361816406,12274100,0.0,0.0
2021-02-04 00:00:00-05:00,42.41850361969425,42.513807160862946,42.14992451824007,42.461822509765625,20597400,0.0,0.0
2021-02-05 00:00:00-05:00,42.88635168203942,43.12894008849331,42.687082161735276,43.01631164550781,12742000,0.0,0.0
2021-02-08 00:00:00-05:00,43.28488530842846,43.46682659051105,42.877683863532006,43.25022888183594,17833200,0.0,0.0
2021-02-09 00:00:00-05:00,43.189588008568215,43.336876190291505,42.998984244893485,43.05963134765625,14592900,0.0,0.0
2021-02-10 00:00:00-05:00,43.67476596070773,43.822054135096145,42.91234102891955,42.97298812866211,22965400,0.0,0.0
2021-02-11 00:00:00-05:00,43.1549266905881,43.83071045311083,43.14626093182732,43.5794563293457,21928600,0.0,0.0
2021-02-12 00:00:00-05:00,43.813388598653844,44.05597699886177,43.65743796851473,43.917354583740234,13137100,0.0,0.0
2021-02-16 00:00:00-05:00,43.856706102280796,43.94334717463965,43.458167084487016,43.553470611572266,15093400,0.0,0.0
2021-02-17 00:00:00-05:00,43.31954675035817,43.7440797627201,43.224243218704316,43.43217849731445,12794300,0.0,0.0
2021-02-18 00:00:00-05:00,43.458172409177266,44.05598100911413,43.34554065382011,43.986671447753906,12747100,0.0,0.0
2021-02-19 00:00:00-05:00,44.003998267785235,44.03865469987514,43.29355793503859,43.414852142333984,15968800,0.0,0.0
2021-02-22 00:00:00-05:00,43.18959207406798,44.08197709375726,43.033641422278386,43.865379333496094,14370900,0.0,0.0
2021-02-23 00:00:00-05:00,44.18592678649576,44.62778460015266,43.68341858173074,43.78738784790039,16222300,0.0,0.0
2021-02-24 00:00:00-05:00,43.657439910840225,44.099301150899215,43.432179715628024,43.93468475341797,14442000,0.0,0.0
2021-02-25 00:00:00-05:00,43.72675496681565,43.96934338998176,43.302221921255565,43.466835021972656,14211100,0.0,0.0
2021-02-26 00:00:00-05:00,43.49282064413,43.50148309828492,42.42716031206203,42.444488525390625,23638400,0.0,0.0
2021-03-01 00:00:00-05:00,42.83436402394695,43.70075490610216,42.79971090047513,43.232906341552734,13901200,0.0,0.0
2021-03-02 00:00:00-05:00,43.180917368191324,43.80471979838783,43.05962318565725,43.40617752075195,11755100,0.0,0.0
2021-03-03 00:00:00-05:00,43.076951607817655,43.80472001158271,43.06828584901241,43.30221176147461,15410700,0.0,0.0
2021-03-04 00:00:00-05:00,43.5881298974212,44.26391378101838,42.99031802652906,43.26756286621094,22036400,0.0,0.0
2021-03-05 00:00:00-05:00,43.362859517688435,44.14261257118087,43.23290287878547,44.003990173339844,21310800,0.0,0.0
2021-03-08 00:00:00-05:00,44.593140244712096,45.4768593506761,44.32455787853063,44.74042510986328,25084900,0.0,0.0
2021-03-09 00:00:00-05:00,44.809736719939785,44.94835912652428,44.029983617265174,44.064640045166016,23082700,0.0,0.0
2021-03-10 00:00:00-05:00,44.34188232810828,44.73175885719853,43.943343345046536,44.567142486572266,21331600,0.0,0.0
2021-03-11 00:00:00-05:00,44.541164046203185,44.55849226392143,44.02133073473422,44.08197784423828,17417700,0.0,0.0
2021-03-12 00:00:00-05:00,44.19553795031261,44.27416228609508,43.85483360609797,43.99460983276367,17598600,0.42,0.0
2021-03-15 00:00:00-04:00,44.11690982154124,44.65854223673752,44.09070282270962,44.579917907714844,13411900,0.0,0.0
2021-03-16 00:00:00-04:00,44.72843057230144,45.007982992610444,44.58865436214693,44.74590301513672,14214200,0.0,0.0
2021-03-17 00:00:00-04:00,44.77210888354669,45.095340736525046,44.68475000410204,44.76337432861328,17502700,0.0,0.0
2021-03-18 00:00:00-04:00,44.606136681283154,44.71970258606565,44.10818361407234,44.178070068359375,18007300,0.0,0.0
2021-03-19 00:00:00-04:00,44.08196687069114,44.62360264220222,43.82862142909996,44.38772964477539,67845700,0.0,0.0
2021-03-22 00:00:00-04:00,43.95966495556572,44.62360453181421,43.95966495556572,44.553714752197266,17911400,0.0,0.0
2021-03-23 00:00:00-04:00,44.54498171139132,45.1215590827333,44.40520547993049,44.8944206237793,16936700,0.0,0.0
2021-03-24 00:00:00-04:00,44.70222898017519,45.33122371509019,44.68475986645277,45.007991790771484,14997400,0.0,0.0
2021-03-25 00:00:00-04:00,45.1652412215918,45.479738594251494,44.70222971960795,45.444793701171875,17091900,0.0,0.0
2021-03-26 00:00:00-04:00,45.54961789782438,46.39701309308061,45.21764813073516,46.33586120605469,17126700,0.0,0.0
2021-03-29 00:00:00-04:00,46.065046330670754,47.12210425538505,46.04757388573397,47.043479919433594,17514100,0.0,0.0
2021-03-30 00:00:00-04:00,46.956113362607816,46.9910582467773,46.239759899771165,46.43195343017578,14871800,0.0,0.0
2021-03-31 00:00:00-04:00,46.32712937655466,46.449433166601395,45.864121219226774,46.047576904296875,15826500,0.0,0.0
2021-04-01 00:00:00-04:00,46.26597400139638,46.43196056042713,45.82917287978381,45.87285232543945,15834700,0.0,0.0
2021-04-05 00:00:00-04:00,45.73306636323629,46.493102552450374,45.68065237261972,46.134925842285156,16368700,0.0,0.0
2021-04-06 00:00:00-04:00,46.335853933312585,46.86875172163459,46.21355017845718,46.46689224243164,15614300,0.0,0.0
2021-04-07 00:00:00-04:00,46.54552459716797,46.73771814942502,46.405748377125015,46.54552459716797,10062700,0.0,0.0
2021-04-08 00:00:00-04:00,46.449425902070836,46.632884890976925,46.274708133631236,46.40574645996094,9695600,0.0,0.0
2021-04-09 00:00:00-04:00,46.44943014104906,46.545526921977334,46.134936129640344,46.458168029785156,10828200,0.0,0.0
2021-04-12 00:00:00-04:00,46.58920508365117,46.781395293933706,46.388273652970675,46.60667419433594,8565300,0.0,0.0
2021-04-13 00:00:00-04:00,46.33586766981861,46.55426824895705,46.134939536914644,46.379547119140625,11071700,0.0,0.0
2021-04-14 00:00:00-04:00,46.28344161828131,46.46689727041536,45.99515464100319,46.37080383300781,9787600,0.0,0.0
2021-04-15 00:00:00-04:00,46.41448558991383,46.87749368721857,46.40574770174134,46.58920669555664,13078100,0.0,0.0
2021-04-16 00:00:00-04:00,46.947383456933295,46.999797455850405,46.63288613331901,46.89496612548828,17974100,0.0,0.0
2021-04-19 00:00:00-04:00,47.17451477050781,47.48901206884896,46.56299261623644,47.17451477050781,19352900,0.0,0.0
2021-04-20 00:00:00-04:00,47.034737786061534,47.68993936926306,47.0085307891423,47.32302474975586,14419200,0.0,0.0
2021-04-21 00:00:00-04:00,47.38418465448548,47.82098575319652,47.38418465448548,47.70741653442383,13866500,0.0,0.0
2021-04-22 00:00:00-04:00,47.58511688949199,47.93455579926887,47.454075215495536,47.55890655517578,12558900,0.0,0.0
2021-04-23 00:00:00-04:00,47.523969256779644,47.68995250386196,47.3230377833004,47.585121154785156,9020500,0.0,0.0
2021-04-26 00:00:00-04:00,47.585109934926,47.620051488027244,46.807604558584266,46.87749099731445,11684600,0.0,0.0
2021-04-27 00:00:00-04:00,46.79012948687814,46.912433247180154,46.58046351741218,46.80760192871094,9852400,0.0,0.0
2021-04-28 00:00:00-04:00,47.15704572034881,47.21819760692216,46.68529973890195,46.816341400146484,10868100,0.0,0.0
2021-04-29 00:00:00-04:00,46.77266574416497,47.4890193299044,46.676568962475606,47.40165710449219,15391000,0.0,0.0
2021-04-30 00:00:00-04:00,47.39292793776743,47.410400384836855,46.903709417409246,47.15705490112305,14912600,0.0,0.0
2021-05-03 00:00:00-04:00,47.410389713289334,47.8733977925612,47.31429294230209,47.59384536743164,10417900,0.0,0.0
2021-05-04 00:00:00-04:00,47.67247464404759,47.716154090159385,47.12210429196025,47.29682540893555,14151000,0.0,0.0
2021-05-05 00:00:00-04:00,47.29681853485656,47.38418074691112,46.921169354341046,47.17451477050781,9665900,0.0,0.0
2021-05-06 00:00:00-04:00,47.27934847846783,47.70741500781909,47.21819659320734,47.646263122558594,11572700,0.0,0.0
2021-05-07 00:00:00-04:00,47.5589042627672,47.8471945986521,47.31429670446101,47.62005615234375,10637500,0.0,0.0
2021-05-10 00:00:00-04:00,47.943290680520136,48.4849231228386,47.899611236104256,47.96949768066406,15545800,0.0,0.0
2021-05-11 00:00:00-04:00,48.07433166915732,48.17042845169696,47.21820184771134,47.45407485961914,12986700,0.0,0.0
2021-05-12 00:00:00-04:00,47.48901747218246,47.663738583643834,47.069688804191976,47.20946502685547,15836500,0.0,0.0
2021-05-13 00:00:00-04:00,47.14831348025724,47.85592915465102,47.026009701104144,47.62005615234375,15475800,0.0,0.0
2021-05-14 00:00:00-04:00,47.96075851104396,48.135476271899904,47.77729953010095,47.8122444152832,11725300,0.0,0.0
2021-05-17 00:00:00-04:00,47.908340781861085,48.06558943133603,47.611315925355925,47.733619689941406,12119800,0.0,0.0
2021-05-18 00:00:00-04:00,47.515221800675626,47.66373590345147,47.26187636992897,47.47154235839844,13232500,0.0,0.0
2021-05-19 00:00:00-04:00,47.27934531071461,47.33176263708066,46.833809700449706,47.32302474975586,15126100,0.0,0.0
2021-05-20 00:00:00-04:00,47.279343974847464,47.87339366010099,47.279343974847464,47.74235534667969,10948400,0.0,0.0
2021-05-21 00:00:00-04:00,47.87340851146613,48.15296099918777,47.36672087716885,47.71615982055664,16033200,0.0,0.0
2021-05-24 00:00:00-04:00,47.72489086203545,47.98697086510111,47.60258708277335,47.8734016418457,10326100,0.0,0.0
2021-05-25 00:00:00-04:00,47.890872985052894,47.890872985052894,47.480278879091266,47.86466598510742,11916500,0.0,0.0
2021-05-26 00:00:00-04:00,48.03064612024421,48.09179800454068,47.689941812727334,48.07432556152344,16064300,0.0,0.0
2021-05-27 00:00:00-04:00,48.2315853628175,48.54608274475498,47.85593608245089,48.4761962890625,59109600,0.0,0.0
2021-05-28 00:00:00-04:00,48.353878077435,48.66837538729275,48.222839753346115,48.30146408081055,17011600,0.0,0.0
2021-06-01 00:00:00-04:00,48.34514575564608,48.61596363665224,48.13547976187874,48.292728424072266,13304000,0.0,0.0
2021-06-02 00:00:00-04:00,48.484928131103516,48.53734546933383,48.2752621107106,48.484928131103516,11328500,0.0,0.0
2021-06-03 00:00:00-04:00,48.20537110125308,48.69458954756346,48.13548132355387,48.60722732543945,17364300,0.0,0.0
2021-06-04 00:00:00-04:00,48.83436473405788,49.341052281511985,48.72953006973389,49.13138961791992,18935100,0.0,0.0
2021-06-07 00:00:00-04:00,49.192541851353475,49.21874885135456,48.755740744519485,48.956668853759766,14010800,0.0,0.0
2021-06-08 00:00:00-04:00,49.14011910492193,49.14011910492193,48.52859695622182,48.61595916748047,10968300,0.0,0.0
2021-06-09 00:00:00-04:00,48.70332217985885,48.851832952811854,48.46744918823242,48.46744918823242,9838800,0.0,0.0
2021-06-10 00:00:00-04:00,48.84310531616211,49.02656100257221,48.71206363585297,48.84310531616211,12444400,0.0,0.0
2021-06-11 00:00:00-04:00,48.91299357465744,49.1051838119109,48.62470321998487,49.06150436401367,11825800,0.0,0.0
2021-06-14 00:00:00-04:00,49.017493378397134,49.035097478418166,48.58620467961752,48.89426803588867,9710800,0.42,0.0
2021-06-15 00:00:00-04:00,49.096705480742244,49.10550920873493,48.57739633124201,48.77103805541992,11154200,0.0,0.0
2021-06-16 00:00:00-04:00,48.79744408414939,48.81504818305912,48.09329691595272,48.11970138549805,15211700,0.0,0.0
2021-06-17 00:00:00-04:00,48.11970349384226,48.5421951709101,48.102102751799904,48.36615753173828,10658400,0.0,0.0
2021-06-18 00:00:00-04:00,47.97886854717112,48.07568940548476,47.28352515659171,47.32753372192383,31445600,0.0,0.0
2021-06-21 00:00:00-04:00,47.72362219613377,47.90846020320265,47.529980460553816,47.84684753417969,14404300,0.0,0.0
2021-06-22 00:00:00-04:00,47.82924263654832,48.27813541160074,47.75882624018951,48.022884368896484,13072800,0.0,0.0
2021-06-23 00:00:00-04:00,48.022884509531664,48.058089350175585,47.62680067294984,47.63560104370117,12339200,0.0,0.0
2021-06-24 00:00:00-04:00,47.758827899413234,47.899657339384945,47.529981318573725,47.873252868652344,11488400,0.0,0.0
2021-06-25 00:00:00-04:00,47.741224840668316,47.94366694095155,47.53877938274653,47.81163787841797,18880300,0.0,0.0
2021-06-28 00:00:00-04:00,47.75003065256283,47.8556519000425,47.52998442835747,47.75883102416992,10556900,0.0,0.0
2021-06-29 00:00:00-04:00,47.64440000350518,47.82923798953062,47.28352440132484,47.4067497253418,12300900,0.0,0.0
2021-06-30 00:00:00-04:00,47.35394203765601,47.68841320510875,47.30993346874768,47.626800537109375,14614200,0.0,0.0
2021-07-01 00:00:00-04:00,47.829241207482546,47.95246653979011,47.40675291486871,47.49477005004883,13214700,0.0,0.0
2021-07-02 00:00:00-04:00,47.529974381400166,47.926058172772805,47.529974381400166,47.68840789794922,10604600,0.0,0.0
2021-07-06 00:00:00-04:00,47.52119070142233,47.609207860355944,47.133907143779886,47.42436981201172,15278200,0.0,0.0
2021-07-07 00:00:00-04:00,47.28352834356069,47.86445017495911,47.28352834356069,47.81163787841797,14377700,0.0,0.0
2021-07-08 00:00:00-04:00,47.53878076882827,47.679610206072255,47.30113382156043,47.644405364990234,11943900,0.0,0.0
2021-07-09 00:00:00-04:00,47.750018439571654,47.98766870384645,47.688405781163894,47.93485641479492,10847000,0.0,0.0
2021-07-12 00:00:00-04:00,47.81164323784352,48.058093934050895,47.767634664612046,47.95247268676758,15107600,0.0,0.0
2021-07-13 00:00:00-04:00,48.3661522292685,48.674215545816615,48.19011460939601,48.427764892578125,15170800,0.0,0.0
2021-07-14 00:00:00-04:00,48.4277608195797,49.598404681644304,48.374948530768215,49.519187927246094,22002700,0.0,0.0
2021-07-15 00:00:00-04:00,49.50159329433493,49.70403538995858,49.21113070650202,49.67762756347656,15068200,0.0,0.0
2021-07-16 00:00:00-04:00,49.69523065903349,49.88887238034761,49.51919303580596,49.64242172241211,14860500,0.0,0.0
2021-07-19 00:00:00-04:00,49.36077442429932,49.59842141000856,48.55100251092998,49.05270767211914,19527000,0.0,0.0
2021-07-20 00:00:00-04:00,49.052692254662595,49.580805081995294,48.86785427603331,49.14071273803711,16257900,0.0,0.0
2021-07-21 00:00:00-04:00,50.460994803022,50.66343689851829,49.66882716182917,49.77444839477539,20918200,0.0,0.0
2021-07-22 00:00:00-04:00,49.83606241801608,49.94168701147802,49.33435735080681,49.704036712646484,13402700,0.0,0.0
2021-07-23 00:00:00-04:00,49.80965673793747,50.46099495123563,49.68643140619853,50.1793327331543,12144000,0.0,0.0
2021-07-26 00:00:00-04:00,50.07370974247753,50.27615183146339,49.78325052180681,50.22334289550781,8681100,0.0,0.0
2021-07-27 00:00:00-04:00,50.26735783066577,50.6458375886164,50.100120558580414,50.399383544921875,12794400,0.0,0.0
2021-07-28 00:00:00-04:00,50.1617385757481,50.31136839602959,49.8448714767533,49.94169235229492,9858000,0.0,0.0
2021-07-29 00:00:00-04:00,50.23214648790992,50.390580021216536,50.047308484931726,50.214542388916016,9599100,0.0,0.0
2021-07-30 00:00:00-04:00,50.30256215346488,50.3905792895178,50.08251595569406,50.196937561035156,11727000,0.0,0.0
2021-08-02 00:00:00-04:00,50.34657742007654,50.38178562223755,49.915285337701604,50.064918518066406,9778000,0.0,0.0
2021-08-03 00:00:00-04:00,50.17053312473578,50.17053312473578,49.950486926820275,50.10011672973633,8825500,0.0,0.0
2021-08-04 00:00:00-04:00,49.950493727916744,50.12653138174557,49.29915541604179,49.37837219238281,11888400,0.0,0.0
2021-08-05 00:00:00-04:00,49.67762212817731,49.809651173226506,49.54559644076621,49.73043441772461,9806800,0.0,0.0
2021-08-06 00:00:00-04:00,49.818456201869026,49.94168488900418,49.67762677421011,49.85366439819336,10409300,0.0,0.0
2021-08-09 00:00:00-04:00,49.994494420812224,50.06491081429887,49.668826995032575,49.86246871948242,8859900,0.0,0.0
2021-08-10 00:00:00-04:00,50.02970358927287,50.320162823950724,49.871270058489124,49.9944953918457,10906900,0.0,0.0
2021-08-11 00:00:00-04:00,50.073713652584324,50.32896805509616,49.9152801170693,49.932884216308594,8370700,0.0,0.0
2021-08-12 00:00:00-04:00,49.9328841806797,50.152930384555944,49.9328841806797,50.02970504760742,6169200,0.0,0.0
2021-08-13 00:00:00-04:00,50.003302187700044,50.434590880907415,49.96809398811288,50.37297821044922,7714200,0.0,0.0
2021-08-16 00:00:00-04:00,50.34657452185743,50.60182893637247,50.196941350106314,50.59302520751953,7972000,0.0,0.0
2021-08-17 00:00:00-04:00,50.5754142649385,50.66343475336551,50.17933046111276,50.4169807434082,10346400,0.0,0.0
2021-08-18 00:00:00-04:00,50.33776063814711,50.37296883117864,49.660018031661544,49.73043441772461,13873700,0.0,0.0
2021-08-19 00:00:00-04:00,49.34315516230838,50.152923469252016,49.24633430873074,50.04730224609375,9223700,0.0,0.0
2021-08-20 00:00:00-04:00,50.0297020221766,50.19693591825956,49.800855461345265,49.85366439819336,10543600,0.0,0.0
2021-08-23 00:00:00-04:00,49.8800696591002,49.950486052867625,49.62481862578946,49.67762756347656,8912800,0.0,0.0
2021-08-24 00:00:00-04:00,49.853665916835794,49.853665916835794,49.202331053186754,49.29914855957031,12067200,0.0,0.0
2021-08-25 00:00:00-04:00,49.343158858275814,49.43997636146727,49.052696275786275,49.351959228515625,11270700,0.0,0.0
2021-08-26 00:00:00-04:00,49.246343184631584,49.272747655770615,48.85905970051909,48.885467529296875,10331500,0.0,0.0
2021-08-27 00:00:00-04:00,48.991081100990066,49.10550605407502,48.80624311667929,48.98228073120117,8844100,0.0,0.0
2021-08-30 00:00:00-04:00,49.01749183170231,49.46638797397727,48.97348326185775,49.44878387451172,10034700,0.0,0.0
2021-08-31 00:00:00-04:00,49.43118426921258,49.74805137312403,49.290354818322925,49.56321334838867,14185700,0.0,0.0
2021-09-01 00:00:00-04:00,49.62481563056583,49.994491602616726,49.53679514366924,49.89767074584961,9518900,0.0,0.0
2021-09-02 00:00:00-04:00,49.96809768676758,50.19694428574607,49.65123058230584,49.96809768676758,11653200,0.0,0.0
2021-09-03 00:00:00-04:00,49.69523391303605,49.96809241478718,49.51039590748138,49.932884216308594,13220400,0.0,0.0
2021-09-07 00:00:00-04:00,49.81845768091381,49.89767444617619,48.85905612724208,48.99988555908203,20035300,0.0,0.0
2021-09-08 00:00:00-04:00,48.94707522618435,49.71283503014553,48.94707522618435,49.6600227355957,12040100,0.0,0.0
2021-09-09 00:00:00-04:00,49.44877690900598,49.66001935755905,49.1143057815524,49.167118072509766,12545400,0.0,0.0
2021-09-10 00:00:00-04:00,49.29914677846981,49.40477136684429,48.867858127675056,48.94707489013672,10573700,0.0,0.0
2021-09-13 00:00:00-04:00,49.06150000366448,49.642421811005164,49.06150000366448,49.351959228515625,20274300,0.0,0.0
2021-09-14 00:00:00-04:00,49.591398227623685,49.64460910198905,49.26327295981775,49.387428283691406,13918900,0.42,0.0
2021-09-15 00:00:00-04:00,49.37856868195555,49.662353287244315,49.14799157579634,49.55593490600586,15746000,0.0,0.0
2021-09-16 00:00:00-04:00,49.414039474880646,49.6534833547421,48.615893208675814,49.08591079711914,17430400,0.0,0.0
2021-09-17 00:00:00-04:00,48.79326185097805,48.944020940445945,48.216822476352974,48.278900146484375,33370200,0.0,0.0
2021-09-20 00:00:00-04:00,47.986250501319766,48.24343136291904,47.64925500622346,47.94190979003906,27542500,0.0,0.0
2021-09-21 00:00:00-04:00,48.23455835937908,48.61589454337064,47.83548521532055,47.93303680419922,16418200,0.0,0.0
2021-09-22 00:00:00-04:00,48.34097462153402,48.385318711250655,47.94190487791691,48.00398254394531,12719700,0.0,0.0
2021-09-23 00:00:00-04:00,48.11926741813516,48.43852591750972,47.88869371468635,47.92416763305664,13836200,0.0,0.0
2021-09-24 00:00:00-04:00,47.88869309277168,48.10153321725032,47.76453776306706,47.791141510009766,9682200,0.0,0.0
2021-09-27 00:00:00-04:00,47.7556719967258,48.110404442581725,47.50736131441425,47.5428352355957,12429500,0.0,0.0
2021-09-28 00:00:00-04:00,47.40981187514206,47.40981187514206,46.49638035261377,46.682613372802734,19926100,0.0,0.0
2021-09-29 00:00:00-04:00,46.68260793377648,47.14375872740547,46.61166347943768,46.966392517089844,13941500,0.0,0.0
2021-09-30 00:00:00-04:00,47.1526294354096,47.29452512184125,46.49637880056006,46.53185272216797,17672000,0.0,0.0
2021-10-01 00:00:00-04:00,46.806756003901704,47.17922532607274,46.620523034305464,47.019596099853516,16277400,0.0,0.0
2021-10-04 00:00:00-04:00,47.05507387745058,47.471880550828246,46.46976779423748,46.99299621582031,18973400,0.0,0.0
2021-10-05 00:00:00-04:00,47.01961168343265,47.418684881244424,46.9397970438703,47.07282257080078,17173100,0.0,0.0
2021-10-06 00:00:00-04:00,46.79789867321416,47.684726383414215,46.567321574093775,47.63151550292969,21284500,0.0,0.0
2021-10-07 00:00:00-04:00,47.87983920670487,48.13701672340224,47.72020991607621,47.78228759765625,13774400,0.0,0.0
2021-10-08 00:00:00-04:00,47.888691191580484,48.23455342002084,47.80000978330615,47.99510955810547,13786800,0.0,0.0
2021-10-11 00:00:00-04:00,48.07492585241116,48.23455509924536,47.89755964670883,48.0926628112793,12378500,0.0,0.0
2021-10-12 00:00:00-04:00,48.261158846058066,48.62476142838629,48.08379602333473,48.0926628112793,19474400,0.0,0.0
2021-10-13 00:00:00-04:00,48.03945093618425,48.270028013698486,47.70245887363103,48.101531982421875,12143300,0.0,0.0
2021-10-14 00:00:00-04:00,48.23455762234303,48.60702701209931,48.16361316613847,48.42966079711914,13704000,0.0,0.0
2021-10-15 00:00:00-04:00,48.456269139897074,48.6691092946504,48.14588077148545,48.31437683105469,17867000,0.0,0.0
2021-10-18 00:00:00-04:00,48.19908660599254,48.23456052772116,47.764542905244795,47.835487365722656,15861800,0.0,0.0
2021-10-19 00:00:00-04:00,47.92417310575904,48.06606541246457,47.68472920388482,48.021724700927734,11068500,0.0,0.0
2021-10-20 00:00:00-04:00,48.04832220678114,48.562680483124176,47.986244542101446,48.44739532470703,12474800,0.0,0.0
2021-10-21 00:00:00-04:00,48.42079216562692,48.482869835397324,48.074929896054904,48.1990852355957,14388300,0.0,0.0
2021-10-22 00:00:00-04:00,48.234554626846425,48.35870995472841,47.95077005369362,48.28776550292969,12828600,0.0,0.0
2021-10-25 00:00:00-04:00,48.22568831130079,48.30550293471789,47.90642981763239,48.0926628112793,11855000,0.0,0.0
2021-10-26 00:00:00-04:00,48.17248975526262,48.40306689654162,48.09267511143217,48.30551528930664,12086700,0.0,0.0
2021-10-27 00:00:00-04:00,49.63574841176717,49.73330000193099,49.0149683331622,49.23667526245117,24019800,0.0,0.0
2021-10-28 00:00:00-04:00,49.440645534033784,49.75990405544056,49.325356982863724,49.69782638549805,15928000,0.0,0.0
2021-10-29 00:00:00-04:00,49.547060866901106,50.07915949752051,49.467246241457154,49.990474700927734,24463700,0.0,0.0
2021-11-01 00:00:00-04:00,50.00821352837588,50.01708369985606,49.573669849265066,49.8131103515625,11651100,0.0,0.0
2021-11-02 00:00:00-04:00,50.07916631525203,50.10577006636213,49.63575242085945,49.75103759765625,11498900,0.0,0.0
2021-11-03 00:00:00-04:00,49.662348132153745,49.95500287890528,49.46724496765272,49.91952896118164,10788300,0.0,0.0
2021-11-04 00:00:00-04:00,49.75990288435007,50.22105369519794,49.68895504438307,50.1944465637207,10820200,0.0,0.0
2021-11-05 00:00:00-04:00,50.407283782958984,50.69106836044249,50.18557687036381,50.407283782958984,12886700,0.0,0.0
2021-11-08 00:00:00-05:00,50.32747165354289,50.45162698947319,49.77763943028901,49.95500564575195,12828000,0.0,0.0
2021-11-09 00:00:00-05:00,50.02594547772848,50.12349705636434,49.74216091241261,50.096893310546875,10155800,0.0,0.0
2021-11-10 00:00:00-05:00,50.14123972898221,50.47823182433876,49.91953280062588,50.30086898803711,8813600,0.0,0.0
2021-11-11 00:00:00-05:00,50.39842960353808,50.442770320554374,50.167852462285545,50.3186149597168,7257700,0.0,0.0
2021-11-12 00:00:00-05:00,50.32747106935243,50.540311202033195,50.15010485594831,50.20331573486328,10162500,0.0,0.0
2021-11-15 00:00:00-05:00,50.13237027533537,50.265395787445954,49.90179655505357,50.21218490600586,10289200,0.0,0.0
2021-11-16 00:00:00-05:00,50.21218527051321,50.49596987429519,49.83084907487254,49.85745620727539,13756500,0.0,0.0
2021-11-17 00:00:00-05:00,49.69783098126487,49.70669777079977,49.35196867875063,49.582542419433594,13288700,0.0,0.0
2021-11-18 00:00:00-05:00,49.511591397026585,49.60027281254923,48.89967812779122,49.139122009277344,15380100,0.0,0.0
2021-11-19 00:00:00-05:00,49.16573401363403,49.21007811182111,48.6868495532229,48.89081954956055,15813700,0.0,0.0
2021-11-22 00:00:00-05:00,48.864200749974025,49.68008392354978,48.84646717450793,49.19232940673828,16905600,0.0,0.0
2021-11-23 00:00:00-05:00,49.36083172125258,49.759904879620954,49.2189394186082,49.55593490600586,13835900,0.0,0.0
2021-11-24 00:00:00-05:00,49.405163360459596,49.52045189237159,48.80212033919817,49.15685272216797,12598900,0.0,0.0
2021-11-26 00:00:00-05:00,48.41192623938579,48.55381854181439,47.516231714613916,47.649253845214844,14754300,0.0,0.0
2021-11-29 00:00:00-05:00,47.93304367607274,48.536086872887154,47.82662528339364,48.4030647277832,22712500,0.0,0.0
2021-11-30 00:00:00-05:00,47.90258705201354,47.929400520511756,46.86588937938562,46.87482833862305,30485200,0.42,0.0
2021-12-01 00:00:00-05:00,47.34848807433771,47.83108956791822,46.72289392442378,46.74076843261719,18719600,0.0,0.0
2021-12-02 00:00:00-05:00,47.0088745534916,47.67021765390127,46.92844097924196,47.428916931152344,17074200,0.0,0.0
2021-12-03 00:00:00-05:00,47.6612798670698,47.91151612666684,47.34848113336016,47.84895706176758,21064400,0.0,0.0
2021-12-06 00:00:00-05:00,48.537115960781044,49.37719736740731,48.38518434993633,49.07333755493164,26624100,0.0,0.0
2021-12-07 00:00:00-05:00,49.1716470234495,49.52912695985027,49.01971540833845,49.34144973754883,23832700,0.0,0.0
2021-12-08 00:00:00-05:00,49.2610140822632,49.466565804116804,48.581799845234485,49.153770446777344,18026300,0.0,0.0
2021-12-09 00:00:00-05:00,48.930347912068655,49.269956760832784,48.78735525088596,49.028656005859375,13846400,0.0,0.0
2021-12-10 00:00:00-05:00,49.377191722567666,50.333455615317426,49.21632458087019,50.297706604003906,23153600,0.0,0.0
2021-12-13 00:00:00-05:00,50.92330313731471,51.772323446554736,50.90542863079019,51.620391845703125,31362800,0.0,0.0
2021-12-14 00:00:00-05:00,51.29866326950429,51.98681305105967,51.29866326950429,51.65614318847656,24806600,0.0,0.0
2021-12-15 00:00:00-05:00,51.77232525116526,52.05831054709893,51.52208896952672,51.88850784301758,24923800,0.0,0.0
2021-12-16 00:00:00-05:00,51.81700653852136,52.62134226324268,51.74551192366471,52.41579055786133,24696900,0.0,0.0
2021-12-17 00:00:00-05:00,52.272799769173886,52.657089729905856,51.56677209795178,51.59358215332031,51874400,0.0,0.0
2021-12-20 00:00:00-05:00,51.11991874474556,51.638265791473486,50.941177090654946,51.42377853393555,20879500,0.0,0.0
2021-12-21 00:00:00-05:00,51.486340845653956,51.80807516144692,51.41484281582721,51.62933349609375,15864900,0.0,0.0
2021-12-22 00:00:00-05:00,51.57571182467099,52.00468979138553,51.3790990540188,51.99575424194336,12447400,0.0,0.0
2021-12-23 00:00:00-05:00,52.29960106233478,52.38003462417819,51.78125068396325,52.031490325927734,11027300,0.0,0.0
2021-12-27 00:00:00-05:00,51.83488104453888,52.45153616068294,51.83488104453888,52.41579055786133,9860000,0.0,0.0
2021-12-28 00:00:00-05:00,52.19237136028874,52.67496945076163,52.10299881819088,52.6213493347168,8979900,0.0,0.0
2021-12-29 00:00:00-05:00,52.68389892578125,52.81795260097577,52.42472371417325,52.68389892578125,9996000,0.0,0.0
2021-12-30 00:00:00-05:00,52.782214491612784,52.9341426935737,52.51410028474146,52.53197479248047,7703900,0.0,0.0
2021-12-31 00:00:00-05:00,52.50516395080748,53.04138553810897,52.46047938673464,52.91626739501953,10021300,0.0,0.0
2022-01-03 00:00:00-05:00,52.56771477310461,53.005631614410746,52.17448589807231,52.9966926574707,20187300,0.0,0.0
2022-01-04 00:00:00-05:00,53.380993750718844,54.10489595358336,53.25587560906135,53.8814697265625,26141600,0.0,0.0
2022-01-05 00:00:00-05:00,53.70272923312682,54.694742248186664,53.66698021781333,54.32832336425781,22507300,0.0,0.0
2022-01-06 00:00:00-05:00,54.04233932495117,54.623245495928614,54.01552585823166,54.04233932495117,17902300,0.0,0.0
2022-01-07 00:00:00-05:00,53.87252547156003,54.26575777435079,53.67591272937799,53.917213439941406,12307900,0.0,0.0
2022-01-10 00:00:00-05:00,54.11383543906651,54.35513619090787,53.78316555360122,54.006591796875,20954300,0.0,0.0
2022-01-11 00:00:00-05:00,54.006585332439144,54.06020885172328,53.47929932505912,54.02445983886719,19369600,0.0,0.0
2022-01-12 00:00:00-05:00,54.09594614487083,54.23893876511442,53.79208640070158,54.10488510131836,15753800,0.0,0.0
2022-01-13 00:00:00-05:00,54.10489381313689,54.55174624950066,53.970836718542344,54.42662811279297,14318000,0.0,0.0
2022-01-14 00:00:00-05:00,54.46237223645814,54.91816361832074,53.94402519715544,54.864540100097656,19729600,0.0,0.0
2022-01-18 00:00:00-05:00,54.569620756060836,54.68579993488167,54.024460238222865,54.42662811279297,21976700,0.0,0.0
2022-01-19 00:00:00-05:00,54.21213903829606,54.676865994893056,54.122769912079335,54.51599884033203,18654700,0.0,0.0
2022-01-20 00:00:00-05:00,54.51599824379501,54.90922716774483,54.265761965755445,54.292572021484375,23002400,0.0,0.0
2022-01-21 00:00:00-05:00,54.58749485910331,54.784107611384776,53.97977527740383,54.02445983886719,26643200,0.0,0.0
2022-01-24 00:00:00-05:00,53.532920114831306,53.93508455670965,52.34429106707294,53.58654022216797,30185100,0.0,0.0
2022-01-25 00:00:00-05:00,53.05032235364324,53.66697749505339,52.45153830976941,53.46142578125,19027100,0.0,0.0
2022-01-26 00:00:00-05:00,53.43462241495407,53.93509502974846,52.91627188195817,53.26481628417969,19190200,0.0,0.0
2022-01-27 00:00:00-05:00,53.515045718596106,54.45343510025072,53.17543693151259,53.30949401855469,18893800,0.0,0.0
2022-01-28 00:00:00-05:00,53.0771358821822,54.41769329321915,52.67496797702836,54.373008728027344,19101500,0.0,0.0
2022-01-31 00:00:00-05:00,53.89039944871115,54.64111162669934,53.756345772521335,54.52492904663086,22045300,0.0,0.0
2022-02-01 00:00:00-05:00,54.435567581088875,54.641119307511296,53.765288878279925,54.122772216796875,20841700,0.0,0.0
2022-02-02 00:00:00-05:00,54.17638110624225,54.75729055866939,54.12276100302398,54.676856994628906,20225600,0.0,0.0
2022-02-03 00:00:00-05:00,54.46236942156935,55.213081591824725,54.14957410446847,55.061153411865234,19440500,0.0,0.0
2022-02-04 00:00:00-05:00,54.95391339205995,55.12371608829947,54.13170314731178,54.480247497558594,17403700,0.0,0.0
2022-02-07 00:00:00-05:00,54.85560663501096,55.15946643138841,54.39087968706818,55.05221939086914,17846400,0.0,0.0
2022-02-08 00:00:00-05:00,55.2577779127957,55.70463038147089,55.17734433206562,55.409706115722656,18771700,0.0,0.0
2022-02-09 00:00:00-05:00,55.561626536841366,55.69568362235376,54.426624425479794,54.55174255371094,23595600,0.0,0.0
2022-02-10 00:00:00-05:00,53.94402294790181,55.67780905426146,53.801030314482595,54.8556022644043,23561500,0.0,0.0
2022-02-11 00:00:00-05:00,55.20415258142037,55.39182979390661,53.756351584905,53.8814697265625,22781400,0.0,0.0
2022-02-14 00:00:00-05:00,53.7652878336681,54.3283228876682,52.97882654973932,54.23001480102539,23641300,0.0,0.0
2022-02-15 00:00:00-05:00,54.48025051215735,55.21308826584581,54.185329664557685,54.43556594848633,13408700,0.0,0.0
2022-02-16 00:00:00-05:00,54.39087909967262,54.87348054915674,54.12276831969706,54.42662811279297,15484700,0.0,0.0
2022-02-17 00:00:00-05:00,54.113832247678396,55.659941350844775,53.988714104298204,55.51694869995117,21468700,0.0,0.0
2022-02-18 00:00:00-05:00,55.51694943715552,56.142543571577384,55.40077025059616,55.89230728149414,21975000,0.0,0.0
2022-02-22 00:00:00-05:00,55.79399590788542,55.98167311439595,55.15946626156111,55.65993881225586,21731400,0.0,0.0
2022-02-23 00:00:00-05:00,55.6241833583594,55.70461691965156,54.8198477454378,55.04327392578125,19248500,0.0,0.0
2022-02-24 00:00:00-05:00,53.595477412747805,54.17638348142981,52.92519881942865,54.07807540893555,27207400,0.0,0.0
2022-02-25 00:00:00-05:00,54.46237350645853,56.21403764124485,54.44449899996736,56.169349670410156,21487800,0.0,0.0
2022-02-28 00:00:00-05:00,55.09690528706832,55.71356040536598,54.8824146233224,55.62419128417969,25879100,0.0,0.0
2022-03-01 00:00:00-05:00,55.53482080210562,56.07998132540444,54.97178577206758,55.38289260864258,15871100,0.0,0.0
2022-03-02 00:00:00-05:00,55.61524564406067,56.19615508961248,55.21307782861812,55.79398727416992,17319100,0.0,0.0
2022-03-03 00:00:00-05:00,55.954864386981114,56.32128325995641,55.668879091449845,55.82974624633789,21262800,0.0,0.0
2022-03-04 00:00:00-05:00,54.92710396006742,55.936991481511164,54.69474217925013,55.91911697387695,17163000,0.0,0.0
2022-03-07 00:00:00-05:00,55.41863627084391,55.472259789182424,54.26575960488019,54.587493896484375,29151400,0.0,0.0
2022-03-08 00:00:00-05:00,54.918161843633236,54.99859541376192,52.36216551422548,52.42472457885742,30242100,0.0,0.0
2022-03-09 00:00:00-05:00,53.461419602120685,53.47929410680462,52.424722194944664,52.692832946777344,23022700,0.0,0.0
2022-03-10 00:00:00-05:00,52.26385594263217,52.42472307828497,51.388025653640916,51.72763442993164,20887300,0.0,0.0
2022-03-11 00:00:00-05:00,51.79912715197731,52.59452384414068,51.70975803952351,51.76337814331055,19855600,0.0,0.0
2022-03-14 00:00:00-04:00,52.20465322224284,53.16823717670125,52.20465322224284,52.71796417236328,17799400,0.44,0.0
2022-03-15 00:00:00-04:00,53.204259526839635,53.93369959095412,53.114202865318454,53.6905517578125,18607200,0.0,0.0
2022-03-16 00:00:00-04:00,53.834648956432524,53.978736206255235,52.78101158622479,53.54647445678711,17347300,0.0,0.0
2022-03-17 00:00:00-04:00,53.546466527804995,54.15883810770131,53.3393413515622,54.11381149291992,15586200,0.0,0.0
2022-03-18 00:00:00-04:00,54.30293172348253,54.30293172348253,53.771609361820985,54.12282180786133,30197800,0.0,0.0
2022-03-21 00:00:00-04:00,54.48304270143528,55.02336902352347,54.2579061613467,54.55508804321289,17440100,0.0,0.0
2022-03-22 00:00:00-04:00,54.87026865948561,54.88827999192134,54.08679459273876,54.753196716308594,17559500,0.0,0.0
2022-03-23 00:00:00-04:00,54.708168387680345,54.91529355123186,54.03275890141269,54.39297866821289,15529200,0.0,0.0
2022-03-24 00:00:00-04:00,54.60912025020305,54.951328763276564,54.44702166165828,54.915306091308594,13151300,0.0,0.0
2022-03-25 00:00:00-04:00,55.04137121320355,55.48264026999199,54.97833326727811,55.41059494018555,12259800,0.0,0.0
2022-03-28 00:00:00-04:00,55.41060168018072,55.7798254520741,55.122427196523,55.76181411743164,11485200,0.0,0.0
2022-03-29 00:00:00-04:00,56.02297003672466,56.31114450351022,55.59971572099559,55.977943420410156,14720600,0.0,0.0
2022-03-30 00:00:00-04:00,55.8428583972761,56.02296829223633,55.43761542775374,56.02296829223633,13641000,0.0,0.0
2022-03-31 00:00:00-04:00,56.03197207585195,56.41019973918446,55.8338508605957,55.8338508605957,16822900,0.0,0.0
2022-04-01 00:00:00-04:00,56.13103261049355,56.689370156486625,55.91490006364865,56.61732482910156,12644900,0.0,0.0
2022-04-04 00:00:00-04:00,56.3741828485467,56.545288801175985,55.58170477698714,56.320152282714844,11505800,0.0,0.0
2022-04-05 00:00:00-04:00,56.194076459968684,56.95053530045979,56.16705774170464,56.25711441040039,15721200,0.0,0.0
2022-04-06 00:00:00-04:00,56.52728823072982,56.96855396716039,56.104030396131634,56.824466705322266,19267400,0.0,0.0
2022-04-07 00:00:00-04:00,56.85147105568795,57.33776329437923,56.473239941916475,57.130638122558594,13960800,0.0,0.0
2022-04-08 00:00:00-04:00,57.16666790788314,57.670974977286726,56.87849342116991,57.48186111450195,12703500,0.0,0.0
2022-04-11 00:00:00-04:00,57.553897529584304,57.90511337237437,57.31074968548835,57.463844299316406,12720100,0.0,0.0
2022-04-12 00:00:00-04:00,57.97714553447268,58.364380566106995,57.535879944672764,58.139244079589844,18089900,0.0,0.0
2022-04-13 00:00:00-04:00,58.031191581424096,58.418426670566376,57.842077729138985,58.29235076904297,11883000,0.0,0.0
2022-04-14 00:00:00-04:00,58.49946294241201,59.04879651080856,58.37338706152954,58.55349349975586,16388400,0.0,0.0
2022-04-18 00:00:00-04:00,58.32836010187663,58.69758725157672,57.797041271571324,58.031185150146484,11679400,0.0,0.0
2022-04-19 00:00:00-04:00,58.085222635394786,58.760632200922636,58.03119206875141,58.598533630371094,11993800,0.0,0.0
2022-04-20 00:00:00-04:00,58.93173207592568,59.65216474911961,58.895709411672875,59.4000129699707,14827100,0.0,0.0
2022-04-21 00:00:00-04:00,59.418030845877254,60.33658478520563,59.1838869512951,59.625152587890625,15120400,0.0,0.0
2022-04-22 00:00:00-04:00,59.50808259138795,59.74221960950814,58.69758980006954,58.76062774658203,14902200,0.0,0.0
2022-04-25 00:00:00-04:00,60.33658419500519,60.51669065330905,58.337370902975806,59.38200759887695,25082000,0.0,0.0
2022-04-26 00:00:00-04:00,59.00377916728154,59.769248871071355,58.57152087424101,58.580528259277344,21982600,0.0,0.0
2022-04-27 00:00:00-04:00,58.535502695191944,59.68820072589001,58.535502695191944,59.0398063659668,16971000,0.0,0.0
2022-04-28 00:00:00-04:00,58.22929790801103,59.68817778653958,58.08520727423955,59.60713195800781,22010600,0.0,0.0
2022-04-29 00:00:00-04:00,59.318966444520285,59.46305022924975,58.07620858929799,58.18427658081055,20137100,0.0,0.0
2022-05-02 00:00:00-04:00,58.78764293243409,58.81465821366404,56.3561714330464,57.130638122558594,24970300,0.0,0.0
2022-05-03 00:00:00-04:00,57.38279499365524,57.580912787222836,56.43721889969003,56.80644607543945,21686300,0.0,0.0
2022-05-04 00:00:00-04:00,56.734407666608945,58.64356798532189,56.680373660690705,58.56251525878906,19780200,0.0,0.0
2022-05-05 00:00:00-04:00,58.25631774814604,58.56250006296822,57.643946247881566,58.09421920776367,20155200,0.0,0.0
2022-05-06 00:00:00-04:00,57.815053946026936,58.81466061609167,57.697985432374914,58.30134963989258,18984000,0.0,0.0
2022-05-09 00:00:00-04:00,58.05820069268954,58.859686068867674,57.67096564471196,58.18427658081055,20055300,0.0,0.0
2022-05-10 00:00:00-04:00,58.08521318858978,58.82366058530983,57.499856952875284,57.64394760131836,21322200,0.0,0.0
2022-05-11 00:00:00-04:00,57.93213449070008,58.715605230643824,57.59892994745738,57.914119720458984,19648400,0.0,0.0
2022-05-12 00:00:00-04:00,57.77902950997022,58.112227103086106,56.92350676382214,58.09421920776367,22574700,0.0,0.0
2022-05-13 00:00:00-04:00,58.36438727861824,59.25593281460978,57.743015176388475,59.18388748168945,16167000,0.0,0.0
2022-05-16 00:00:00-04:00,58.93173207592568,59.778240638694065,58.93173207592568,59.4000129699707,13223200,0.0,0.0
2022-05-17 00:00:00-04:00,59.52608948549452,59.52608948549452,58.544497639111334,59.2379150390625,21300600,0.0,0.0
2022-05-18 00:00:00-04:00,58.91371647098128,59.00376969502275,54.897282217270345,55.1134147644043,31437300,0.0,0.0
2022-05-19 00:00:00-04:00,54.89728396556457,54.89728396556457,53.726574839190775,54.03276062011719,31493900,0.0,0.0
2022-05-20 00:00:00-04:00,54.4740403832898,55.14945002378929,53.72658539885436,54.915306091308594,29133800,0.0,0.0
2022-05-23 00:00:00-04:00,55.51866230737654,56.82445125991033,55.46462831063244,56.60832214355469,19406900,0.0,0.0
2022-05-24 00:00:00-04:00,56.62633560726487,57.806052149088686,56.50926366090116,57.6529541015625,16154200,0.0,0.0
2022-05-25 00:00:00-04:00,57.63494103146033,58.058198728959376,57.274721275889625,57.69797897338867,15360500,0.0,0.0
2022-05-26 00:00:00-04:00,57.697984607584004,58.625545931085966,57.59892399336331,57.905113220214844,16159800,0.0,0.0
2022-05-27 00:00:00-04:00,57.869090579154445,58.382401548238214,57.76102258069748,58.247318267822266,17709000,0.0,0.0
2022-05-31 00:00:00-04:00,57.70698578412999,57.923114887079834,56.779421125097294,57.076602935791016,43159000,0.0,0.0
2022-06-01 00:00:00-04:00,57.112625485349064,57.34676936836154,55.950923759962215,56.79743576049805,15408300,0.0,0.0
2022-06-02 00:00:00-04:00,56.89649649960334,57.40080349582561,55.93291255536339,57.39179611206055,14586000,0.0,0.0
2022-06-03 00:00:00-04:00,57.24771612518658,57.30175012867525,56.56330259088396,56.70738983154297,13539900,0.0,0.0
2022-06-06 00:00:00-04:00,57.031578590945095,57.42781758563207,56.42821099768121,56.61732482910156,15112800,0.0,0.0
2022-06-07 00:00:00-04:00,56.176063406641696,57.06760206991984,56.031976176449746,56.959537506103516,17886300,0.0,0.0
2022-06-08 00:00:00-04:00,56.7253944914745,56.92351227699997,56.338159433646446,56.635337829589844,10211500,0.0,0.0
2022-06-09 00:00:00-04:00,56.617323836565326,57.049585487367025,55.6357285976687,55.65373992919922,13382200,0.0,0.0
2022-06-10 00:00:00-04:00,54.94231240580961,55.73479388314099,54.44701277071894,55.30253219604492,14967600,0.0,0.0
2022-06-13 00:00:00-04:00,54.70817579983176,56.09501762400578,54.636130462586515,55.239498138427734,23064200,0.0,0.0
2022-06-14 00:00:00-04:00,55.08530268383458,55.23043095800711,53.20770412292014,53.72472381591797,24620000,0.44,0.0
2022-06-15 00:00:00-04:00,54.423146409965085,55.0036594180505,53.488883503835766,54.123817443847656,19684700,0.0,0.0
2022-06-16 00:00:00-04:00,53.18955321268718,53.98776030898534,52.83580332345572,53.579586029052734,15053800,0.0,0.0
2022-06-17 00:00:00-04:00,54.15103250889907,54.54106534318448,53.63401288394038,53.9061279296875,34781900,0.0,0.0
2022-06-21 00:00:00-04:00,53.96055372156129,55.22135611897005,53.52516548492387,55.05808639526367,17705000,0.0,0.0
2022-06-22 00:00:00-04:00,54.96738116475929,55.738377880548796,54.71340756715514,55.46626281738281,15207100,0.0,0.0
2022-06-23 00:00:00-04:00,55.60230688538174,56.15560935779894,55.538813499379444,56.12839889526367,17190900,0.0,0.0
2022-06-24 00:00:00-04:00,56.3370249475929,57.19872541701831,56.3370249475929,57.18058395385742,18147100,0.0,0.0
2022-06-27 00:00:00-04:00,57.12616505848138,57.40735257432285,56.80869807295926,57.06267166137695,12142100,0.0,0.0
2022-06-28 00:00:00-04:00,57.21687093361034,57.833663424124545,56.337028938693145,56.49122619628906,13150100,0.0,0.0
2022-06-29 00:00:00-04:00,56.72706388993778,57.244083535479724,56.62728756182781,56.8994026184082,11795500,0.0,0.0
2022-06-30 00:00:00-04:00,56.527510557117786,57.244082850302725,56.3823822980033,57.06267166137695,15514200,0.0,0.0
2022-07-01 00:00:00-04:00,57.253149676160184,58.45952763541332,56.981034633181544,58.396034240722656,15143200,0.0,0.0
2022-07-05 00:00:00-04:00,58.21462586257867,58.21462586257867,56.61821163087395,57.398277282714844,15921200,0.0,0.0
2022-07-06 00:00:00-04:00,57.688532102775476,58.13298584762678,57.316640751721586,57.51619338989258,13450500,0.0,0.0
2022-07-07 00:00:00-04:00,57.38013864689907,57.670398625258684,56.87219147006368,57.06267166137695,14828400,0.0,0.0
2022-07-08 00:00:00-04:00,57.17151350460768,57.52526339837093,57.03545771630742,57.27128982543945,11311500,0.0,0.0
2022-07-11 00:00:00-04:00,57.13523347139012,57.561545755999454,56.77241111925458,57.08987808227539,12702100,0.0,0.0
2022-07-12 00:00:00-04:00,57.14430731742591,57.55248163314795,56.66357060120367,56.84497833251953,14731100,0.0,0.0
2022-07-13 00:00:00-04:00,56.536576326344196,57.1442997581477,56.219105918276355,56.58192825317383,13145300,0.0,0.0
2022-07-14 00:00:00-04:00,55.629523381385425,56.46400989894917,55.60230945746126,56.400516510009766,14433000,0.0,0.0
2022-07-15 00:00:00-04:00,56.91754759216308,57.11710026068427,56.30075158048933,56.6907844543457,21968400,0.0,0.0
2022-07-18 00:00:00-04:00,56.70891920319015,56.74520213137449,55.79279429725326,55.91978454589844,10780800,0.0,0.0
2022-07-19 00:00:00-04:00,56.3188814511101,56.82683202088508,56.17375321119299,56.71798324584961,10998200,0.0,0.0
2022-07-20 00:00:00-04:00,56.60007432850723,56.763344046503605,55.466258764716066,55.78372573852539,11010500,0.0,0.0
2022-07-21 00:00:00-04:00,55.56602715267647,56.12840211831863,55.13971488791382,55.656734466552734,11959600,0.0,0.0
2022-07-22 00:00:00-04:00,55.67488007687497,56.11933383752283,55.62045568449482,55.865360260009766,11644700,0.0,0.0
2022-07-25 00:00:00-04:00,55.82907864956903,56.50936799979155,55.61138799517094,56.40959167480469,14941700,0.0,0.0
2022-07-26 00:00:00-04:00,56.91754215810843,57.86994655398692,56.71798950863902,57.33478546142578,20118000,0.0,0.0
2022-07-27 00:00:00-04:00,57.035459390300126,57.31664343711834,56.046772075059735,57.15337371826172,12142900,0.0,0.0
2022-07-28 00:00:00-04:00,57.07174224776935,58.27812374649734,57.04453177972099,58.10578155517578,10837000,0.0,0.0
2022-07-29 00:00:00-04:00,57.78831165909118,58.31440374914743,57.71574926122892,58.2055549621582,13734200,0.0,0.0
2022-08-01 00:00:00-04:00,58.13298128468194,58.994685161851095,58.07856035863806,58.523014068603516,12831500,0.0,0.0
2022-08-02 00:00:00-04:00,58.58651239825639,58.59558486011581,57.534335191169156,57.724815368652344,15241900,0.0,0.0
2022-08-03 00:00:00-04:00,57.64318564197568,58.14206382459472,57.425494979803695,57.97879409790039,11317000,0.0,0.0
2022-08-04 00:00:00-04:00,57.724815139038796,57.80644999479692,57.071736292973775,57.75202560424805,11795600,0.0,0.0
2022-08-05 00:00:00-04:00,57.7157424287869,57.7157424287869,56.84496953660878,57.48897933959961,10445400,0.0,0.0
2022-08-08 00:00:00-04:00,57.5978326558919,57.87902017119761,56.91754329381444,57.117095947265625,9165200,0.0,0.0
2022-08-09 00:00:00-04:00,57.307569266715475,57.42548704417314,57.00824032242992,57.18965148925781,7910900,0.0,0.0
2022-08-10 00:00:00-04:00,57.7157414420123,57.86086967820569,57.235001348266024,57.733882904052734,8857300,0.0,0.0
2022-08-11 00:00:00-04:00,57.77016526570452,58.04228374983016,57.21686621630368,57.34385299682617,8507800,0.0,0.0
2022-08-12 00:00:00-04:00,57.53434648232158,57.833672039947935,57.22594846105533,57.77925109863281,9489300,0.0,0.0
2022-08-15 00:00:00-04:00,57.724813390877856,58.677221165923044,57.66132000055888,58.504878997802734,9863300,0.0,0.0
2022-08-16 00:00:00-04:00,58.56838287812432,59.167040882864626,58.35069220379228,58.985626220703125,9569600,0.0,0.0
2022-08-17 00:00:00-04:00,58.80421131411674,59.15796121190369,58.74071792016167,58.84955978393555,8144000,0.0,0.0
2022-08-18 00:00:00-04:00,58.92213481977966,59.27588477267936,58.695371674574105,59.1579704284668,6532000,0.0,0.0
2022-08-19 00:00:00-04:00,59.148885159696064,59.38472071732658,58.92212206358302,59.11260223388672,8921100,0.0,0.0
2022-08-22 00:00:00-04:00,58.81327436614518,58.88584021909641,58.04228466938546,58.23276138305664,9087900,0.0,0.0
2022-08-23 00:00:00-04:00,57.888082402943624,58.38696397822212,57.761095623829185,58.2962532043457,8443800,0.0,0.0
2022-08-24 00:00:00-04:00,58.26904276398764,58.57744417071991,58.096707518125335,58.377891540527344,6844700,0.0,0.0
2022-08-25 00:00:00-04:00,58.377896459277345,58.695363433941424,57.96065316111013,58.659080505371094,7913900,0.0,0.0
2022-08-26 00:00:00-04:00,58.713503109711844,58.77699649896872,57.12615799789934,57.244075775146484,10089500,0.0,0.0
2022-08-29 00:00:00-04:00,56.86311968816264,57.17151767498859,56.60914609670503,56.8994026184082,9115900,0.0,0.0
2022-08-30 00:00:00-04:00,57.062668415661896,57.062668415661896,56.22818183825171,56.37331008911133,8456800,0.0,0.0
2022-08-31 00:00:00-04:00,56.58193194871612,56.71798773809123,55.96513601518368,55.974205017089844,14633600,0.0,0.0
2022-09-01 00:00:00-04:00,55.856290917789124,56.27353420977071,55.59324487974968,56.23725128173828,14939700,0.0,0.0
2022-09-02 00:00:00-04:00,56.59100600117042,56.93568692658374,55.239499688056036,55.46626281738281,11809800,0.0,0.0
2022-09-06 00:00:00-04:00,55.59323791841678,56.210033777211684,55.32112291250844,55.49346160888672,12181800,0.0,0.0
2022-09-07 00:00:00-04:00,55.62045678525561,56.6817099668232,55.62045678525561,56.51844024658203,13290700,0.0,0.0
2022-09-08 00:00:00-04:00,56.30982038352249,56.50936957894204,55.63860001675495,56.346099853515625,17193500,0.0,0.0
2022-09-09 00:00:00-04:00,56.39144092090416,57.03545069605984,56.11025691694844,56.52750015258789,11855900,0.0,0.0
2022-09-12 00:00:00-04:00,56.6272910525673,56.971971990886374,56.482162782769414,56.6907844543457,13026900,0.0,0.0
2022-09-13 00:00:00-04:00,56.418664787215526,56.43680625197949,54.67712223131154,54.849464416503906,18532800,0.0,0.0
2022-09-14 00:00:00-04:00,55.003657855838036,55.40276313265923,54.822246680931165,55.13971710205078,12881600,0.0,0.0
2022-09-15 00:00:00-04:00,55.18539437781672,55.18539437781672,54.235181476711475,54.3905029296875,11451900,0.44,0.0
2022-09-16 00:00:00-04:00,54.509285647269934,54.63719826443903,54.006770300381035,54.3996467590332,20493500,0.0,0.0
2022-09-19 00:00:00-04:00,54.26259721613412,54.911298929225545,54.11641086550284,54.81079864501953,12596200,0.0,0.0
2022-09-20 00:00:00-04:00,54.527557689384125,54.84733922241436,54.1986375494917,54.72856521606445,11984600,0.0,0.0
2022-09-21 00:00:00-04:00,54.94784671368477,55.45950068660357,54.26259753753734,54.27173614501953,14165300,0.0,0.0
2022-09-22 00:00:00-04:00,54.40878174242041,54.57324181703588,54.089000200311105,54.14381790161133,11657600,0.0,0.0
2022-09-23 00:00:00-04:00,53.86972217091742,53.997634795435175,52.992604043917716,53.540802001953125,14824000,0.0,0.0
2022-09-26 00:00:00-04:00,53.44030794201834,53.51339938510621,52.70937259899148,52.87383270263672,18670100,0.0,0.0
2022-09-27 00:00:00-04:00,53.06569468565468,53.33065503564119,51.44850630886412,51.5124626159668,23829300,0.0,0.0
2022-09-28 00:00:00-04:00,51.76828483280062,52.30734759370461,51.083035737686586,52.0606575012207,21480100,0.0,0.0
2022-09-29 00:00:00-04:00,52.161168381523304,52.34390219557541,51.16527275456479,51.68606185913086,14570700,0.0,0.0
2022-09-30 00:00:00-04:00,51.96015847667384,52.197713469755335,51.16527042982486,51.18354415893555,16124600,0.0,0.0
2022-10-03 00:00:00-04:00,51.49419142503651,51.94188559681714,51.22009245460954,51.7591552734375,16277600,0.0,0.0
2022-10-04 00:00:00-04:00,52.03325847212078,52.81901147379106,51.585560778602435,51.877933502197266,18861400,0.0,0.0
2022-10-05 00:00:00-04:00,51.62210351110179,51.75915473757514,50.71757308416414,51.384552001953125,14324900,0.0,0.0
2022-10-06 00:00:00-04:00,51.16527517672523,51.2566403453977,50.13283204100899,50.27901840209961,17192800,0.0,0.0
2022-10-07 00:00:00-04:00,50.2424756961733,50.33384086715584,49.56636158068575,49.80391311645508,11479800,0.0,0.0
2022-10-10 00:00:00-04:00,49.886140025852946,50.21506019726838,49.35621579385068,49.694271087646484,10239100,0.0,0.0
2022-10-11 00:00:00-04:00,49.75822697194327,50.45261476903193,49.55722291308717,49.7765007019043,14303900,0.0,0.0
2022-10-12 00:00:00-04:00,50.46174663840751,51.20181697001263,50.28815144300466,50.3795166015625,18377400,0.0,0.0
2022-10-13 00:00:00-04:00,49.776495247975554,51.23836211646503,49.575487725785905,51.04648971557617,16220700,0.0,0.0
2022-10-14 00:00:00-04:00,51.43024066771225,51.594700764796706,50.19678993957878,50.23333740234375,15997900,0.0,0.0
2022-10-17 00:00:00-04:00,50.8272127876388,51.366275572548794,50.77239160285976,50.88203048706055,13721400,0.0,0.0
2022-10-18 00:00:00-04:00,51.44850961546527,51.87793006427395,51.25663719646824,51.567283630371094,11823100,0.0,0.0
2022-10-19 00:00:00-04:00,51.4485081770137,51.65865083446119,50.91858048708376,51.12872314453125,10182300,0.0,0.0
2022-10-20 00:00:00-04:00,50.955131229526785,51.09217897911713,50.215060834451236,50.324703216552734,16905100,0.0,0.0
2022-10-21 00:00:00-04:00,50.25160505639631,51.26577437064623,50.24246993448879,51.12872314453125,15034100,0.0,0.0
2022-10-24 00:00:00-04:00,51.75002210788649,52.74591781060311,51.68606579090671,52.5997314453125,17416700,0.0,0.0
2022-10-25 00:00:00-04:00,53.94281047649414,54.00676678091083,52.76418117734563,53.86058044433594,28829900,0.0,0.0
2022-10-26 00:00:00-04:00,53.9154098281385,54.61893281456491,53.778362068408434,54.262603759765625,15831400,0.0,0.0
2022-10-27 00:00:00-04:00,54.609784170464515,54.67374047290841,54.25345520388932,54.3905029296875,16026100,0.0,0.0
2022-10-28 00:00:00-04:00,54.42705582327772,55.651367783689544,54.33569066361491,55.51431655883789,12888900,0.0,0.0
2022-10-31 00:00:00-04:00,55.2859072235982,55.34072841760037,54.518427934357234,54.68288803100586,14016400,0.0,0.0
2022-11-01 00:00:00-04:00,54.84734541795463,55.08490042820322,54.244326255154085,54.49101638793945,10659500,0.0,0.0
2022-11-02 00:00:00-04:00,54.49101812735352,55.030080993531016,53.696129997687656,53.7326774597168,14549200,0.0,0.0
2022-11-03 00:00:00-04:00,53.093110741146916,53.906272600686464,53.08397213297355,53.705265045166016,9194000,0.0,0.0
2022-11-04 00:00:00-04:00,54.180365359383075,54.445329200192155,53.50425481739273,54.14381790161133,9725900,0.0,0.0
2022-11-07 00:00:00-05:00,54.14381961312566,54.609791001051555,54.12554936901966,54.353965759277344,8849700,0.0,0.0
2022-11-08 00:00:00-05:00,54.591522830387675,54.62807029303617,53.85145239586614,54.454471588134766,10081600,0.0,0.0
2022-11-09 00:00:00-05:00,54.44533050602053,54.491013086652174,53.67785130119342,53.69612503051758,10115200,0.0,0.0
2022-11-10 00:00:00-05:00,55.048348326342335,55.77014493341418,54.527559251710095,55.623958587646484,16804800,0.0,0.0
2022-11-11 00:00:00-05:00,56.071660674385605,56.14475560028266,55.011808646383734,56.025978088378906,18972100,0.0,0.0
2022-11-14 00:00:00-05:00,56.02596691653349,56.39143450242694,55.46863041645672,55.48690414428711,16361000,0.0,0.0
2022-11-15 00:00:00-05:00,55.852378756632255,56.144751467985785,54.819935659151426,55.395545959472656,13295800,0.0,0.0
2022-11-16 00:00:00-05:00,55.54173025015259,55.761008032836344,55.08489746997767,55.295040130615234,14199500,0.0,0.0
2022-11-17 00:00:00-05:00,54.993532829538374,55.496051712630155,54.938715122552196,55.4686393737793,11212600,0.0,0.0
2022-11-18 00:00:00-05:00,55.72447109971024,56.07166154705097,55.55087239068192,55.86151885986328,10415600,0.0,0.0
2022-11-21 00:00:00-05:00,56.10820583641201,56.839137638618446,55.9163368918374,56.72036361694336,15399400,0.0,0.0
2022-11-22 00:00:00-05:00,57.07669102624448,57.10409987887189,56.69294966267248,56.96704864501953,12319600,0.0,0.0
2022-11-23 00:00:00-05:00,57.09496106993178,57.36906003458076,56.92136238688005,57.22287368774414,8990400,0.0,0.0
2022-11-25 00:00:00-05:00,57.31424597944202,57.38734090463466,56.99446439511889,57.2776985168457,5165500,0.0,0.0
2022-11-28 00:00:00-05:00,57.27769610885306,57.65229887132212,57.15892208844515,57.286834716796875,12267500,0.0,0.0
2022-11-29 00:00:00-05:00,57.122374334651845,57.16805691806368,56.62899406894557,57.0858268737793,10969600,0.0,0.0
2022-11-30 00:00:00-05:00,57.058217899907575,58.594862629066796,56.81898162696447,58.530452728271484,30433900,0.44,0.0
2022-12-01 00:00:00-05:00,58.530448987970345,58.99052168429449,58.36482253648756,58.696075439453125,12001400,0.0,0.0
2022-12-02 00:00:00-05:00,58.530455233819175,59.36778398000224,58.33722552316155,59.211360931396484,13643500,0.0,0.0
2022-12-05 00:00:00-05:00,58.346420413283994,58.70527656222121,58.20839719750374,58.40163040161133,9185100,0.0,0.0
2022-12-06 00:00:00-05:00,58.44763675499877,58.778889663590874,58.18079374418,58.3740234375,10099500,0.0,0.0
2022-12-07 00:00:00-05:00,58.38323595428426,58.63167567443929,58.199206141938674,58.46604919433594,12307600,0.0,0.0
2022-12-08 00:00:00-05:00,58.52124434299472,58.751280686339946,58.2912079996495,58.7144775390625,9946200,0.0,0.0
2022-12-09 00:00:00-05:00,58.53045765043635,58.74209070085786,58.05198155423597,58.09798812866211,13914900,0.0,0.0
2022-12-12 00:00:00-05:00,58.245202726238894,58.89850862350275,57.978359719615355,58.86170196533203,11647900,0.0,0.0
2022-12-13 00:00:00-05:00,59.4321902260589,59.53340678543439,58.705278000689646,58.88010787963867,17521600,0.0,0.0
2022-12-14 00:00:00-05:00,59.064137668496265,59.48740372581533,58.49364497203011,58.88010787963867,12826700,0.0,0.0
2022-12-15 00:00:00-05:00,58.512050568874976,58.78809350781805,57.49989195605825,58.07038116455078,12212300,0.0,0.0
2022-12-16 00:00:00-05:00,57.739131927490234,58.0979881220807,57.35267249026254,57.739131927490234,33631500,0.0,0.0
2022-12-19 00:00:00-05:00,57.81273765139155,58.346420162624995,57.48148474300298,57.821937561035156,10919700,0.0,0.0
2022-12-20 00:00:00-05:00,57.80353555164905,58.107185227964635,57.73912565244445,57.77593231201172,10286500,0.0,0.0
2022-12-21 00:00:00-05:00,58.033578302885246,58.935324011255105,58.033578302885246,58.705284118652344,10411300,0.0,0.0
2022-12-22 00:00:00-05:00,58.35562656972365,58.51205313169123,57.64711761576523,58.28201675415039,9666700,0.0,0.0
2022-12-23 00:00:00-05:00,58.429228548902785,58.76968133872869,58.153185651474324,58.72367477416992,6463300,0.0,0.0
2022-12-27 00:00:00-05:00,58.824895203450495,59.15614810625072,58.622462093944556,59.08253479003906,7320700,0.0,0.0
2022-12-28 00:00:00-05:00,59.312569717479946,59.48739958425719,58.4200310952857,58.4936408996582,7159400,0.0,0.0
2022-12-29 00:00:00-05:00,58.70528045548614,59.02733347697283,58.6132673122479,58.84330368041992,7169300,0.0,0.0
2022-12-30 00:00:00-05:00,58.81569557177176,58.81569557177176,58.125586483185145,58.530452728271484,7650200,0.0,0.0
2023-01-03 00:00:00-05:00,58.4844460239939,58.4844460239939,57.21464432107646,57.92315673828125,12180500,0.0,0.0
2023-01-04 00:00:00-05:00,58.10718248696312,58.27280893712673,57.51828649189466,57.895545959472656,13387900,0.0,0.0
2023-01-05 00:00:00-05:00,57.60110739720568,57.78513720082238,57.12263482190942,57.23305130004883,9814700,0.0,0.0
2023-01-06 00:00:00-05:00,57.8863540223401,58.585663067060516,57.58270782860511,58.33722686767578,9990000,0.0,0.0
2023-01-09 00:00:00-05:00,58.245204867576746,58.63166777242506,57.582702546528026,57.61030578613281,9442600,0.0,0.0
2023-01-10 00:00:00-05:00,57.60110612910917,57.72072602533806,56.97540691663316,57.16864013671875,10134600,0.0,0.0
2023-01-11 00:00:00-05:00,57.39867626595088,57.56430273385163,56.506134023383105,57.05821990966797,10823000,0.0,0.0
2023-01-12 00:00:00-05:00,57.150230023041225,57.21463991873329,56.101264853112106,56.32209777832031,13907300,0.0,0.0
2023-01-13 00:00:00-05:00,55.85282282658855,56.55213174038704,55.751606277600736,56.52452850341797,13986400,0.0,0.0
2023-01-17 00:00:00-05:00,56.8005803942776,57.398676363836564,56.644157346591506,56.754573822021484,18327800,0.0,0.0
2023-01-18 00:00:00-05:00,56.598141765084506,56.67175508160307,54.91427751559774,55.033897399902344,19679400,0.0,0.0
2023-01-19 00:00:00-05:00,54.96029167715532,55.797623962828126,54.941888345482916,54.95109176635742,14894500,0.0,0.0
2023-01-20 00:00:00-05:00,54.95108428387619,55.29153709826588,54.65663803736466,55.2823371887207,14237700,0.0,0.0
2023-01-23 00:00:00-05:00,55.46636331824867,55.733206325365465,55.25473029849,55.42035675048828,12613400,0.0,0.0
2023-01-24 00:00:00-05:00,55.2823396337542,56.910993971145125,55.02469652410444,55.714805603027344,10103300,0.0,0.0
2023-01-25 00:00:00-05:00,55.392758787602,56.07366447948964,55.10751242419819,56.0644645690918,11265800,0.0,0.0
2023-01-26 00:00:00-05:00,55.954044342041016,56.220883846603776,55.73320789645933,55.954044342041016,11884800,0.0,0.0
2023-01-27 00:00:00-05:00,55.98165264148286,56.09206911921583,55.54918313108698,55.659603118896484,14087000,0.0,0.0
2023-01-30 00:00:00-05:00,55.70561334289967,56.28530252154633,55.63200001286892,55.79762649536133,15632000,0.0,0.0
2023-01-31 00:00:00-05:00,56.110474959000776,56.44172791708527,55.67800542927085,56.42332458496094,14344400,0.0,0.0
2023-02-01 00:00:00-05:00,56.257691939090016,56.66255818129138,55.779215886536974,56.43252182006836,12535400,0.0,0.0
2023-02-02 00:00:00-05:00,55.94484571022008,56.14727884348884,55.12591677665322,55.46636962890625,16947200,0.0,0.0
2023-02-03 00:00:00-05:00,55.53078354944694,55.59519345831343,54.5002214975063,55.052310943603516,15404400,0.0,0.0
2023-02-06 00:00:00-05:00,55.015490124113924,55.52156935360791,54.95108023181883,55.365142822265625,11330900,0.0,0.0
2023-02-07 00:00:00-05:00,54.90508034925359,55.42956651399293,54.78546396140174,55.27313995361328,14922700,0.0,0.0
2023-02-08 00:00:00-05:00,55.13511806292819,55.13511806292819,54.83147186552513,54.95109176635742,11012000,0.0,0.0
2023-02-09 00:00:00-05:00,55.34674929137473,55.50317233040924,54.840666494318874,54.85906982421875,12515300,0.0,0.0
2023-02-10 00:00:00-05:00,54.951086473718114,55.11671293274071,54.178164168304775,54.85906982421875,14420700,0.0,0.0
2023-02-13 00:00:00-05:00,55.116715639008135,55.908037803099525,54.96028908221669,55.76081466674805,16191800,0.0,0.0
2023-02-14 00:00:00-05:00,55.40195971672318,56.03686235821961,54.80386724772438,54.83147048950195,20505700,0.0,0.0
2023-02-15 00:00:00-05:00,55.116716858150824,55.1443200999284,54.50021754786495,54.83147048950195,13171400,0.0,0.0
2023-02-16 00:00:00-05:00,54.50021629829554,55.04310227129201,54.24257668740787,54.49101638793945,16538300,0.0,0.0
2023-02-17 00:00:00-05:00,54.74865976395957,55.42036558859391,54.63824328171088,55.319149017333984,16814700,0.0,0.0
2023-02-21 00:00:00-05:00,55.199526229320746,55.420359168235,54.951086540484994,55.024696350097656,14278300,0.0,0.0
2023-02-22 00:00:00-05:00,55.070702986375714,55.539979124768756,54.97868984672969,55.19032287597656,12409600,0.0,0.0
2023-02-23 00:00:00-05:00,55.21792492034134,55.5951844008441,55.03389864503361,55.29153823852539,12222800,0.0,0.0
2023-02-24 00:00:00-05:00,54.91427742659401,55.12591044612769,54.64743441976089,55.061500549316406,9736200,0.0,0.0
2023-02-27 00:00:00-05:00,55.374351360750595,55.48476782773972,54.96948864173968,55.04309844970703,8849800,0.0,0.0
2023-02-28 00:00:00-05:00,54.93268817137867,54.93268817137867,54.4174054172512,54.75785827636719,16082200,0.0,0.0
2023-03-01 00:00:00-05:00,54.40820303617324,54.45420960800655,53.70889050803175,54.15976333618164,13275800,0.0,0.0
2023-03-02 00:00:00-05:00,54.14136272315491,55.00629825129801,54.104556059810115,54.95109176635742,11758300,0.0,0.0
2023-03-03 00:00:00-05:00,54.79465985762729,54.91427974679211,54.4818102698644,54.693443298339844,13101800,0.0,0.0
2023-03-06 00:00:00-05:00,54.52781221567748,55.5583775409633,54.49100906911982,55.539974212646484,16282700,0.0,0.0
2023-03-07 00:00:00-05:00,55.659602768391494,55.73321258305775,54.97869355482692,55.21792984008789,13961200,0.0,0.0
2023-03-08 00:00:00-05:00,55.24553298950195,55.51237600917966,54.96028663983858,55.24553298950195,10851600,0.0,0.0
2023-03-09 00:00:00-05:00,55.70560412852405,55.70560412852405,54.546218942853415,54.71184539794922,13900900,0.0,0.0
2023-03-10 00:00:00-05:00,54.93268434061673,55.33754707700574,54.27938191028117,54.4818115234375,13745800,0.0,0.0
2023-03-13 00:00:00-04:00,54.55542137276004,56.00924927324047,54.51861471450076,55.033897399902344,21956000,0.0,0.0
2023-03-14 00:00:00-04:00,55.208728698572436,55.631994776176484,54.610632733640664,55.236331939697266,19496900,0.0,0.0
2023-03-15 00:00:00-04:00,54.68424375115922,55.6503957606343,54.50941738127891,55.60438919067383,21089900,0.0,0.0
2023-03-16 00:00:00-04:00,55.71565418714998,55.947455044387745,55.35404541577912,55.91036605834961,15658300,0.46,0.0
2023-03-17 00:00:00-04:00,55.91963904487339,55.95672449322906,55.298410919661734,55.65074920654297,27351200,0.0,0.0
2023-03-20 00:00:00-04:00,55.780557919787555,56.18852615356445,55.604390542315784,56.18852615356445,12904100,0.0,0.0
2023-03-21 00:00:00-04:00,56.16071781483152,56.327614734040594,55.520948649197265,55.928916931152344,13716500,0.0,0.0
2023-03-22 00:00:00-04:00,56.00308546893969,56.43886865161806,55.66001767229902,55.67856216430664,10494200,0.0,0.0
2023-03-23 00:00:00-04:00,55.71565942648656,55.99381977392918,55.37259511587401,55.55803298950195,15479000,0.0,0.0
2023-03-24 00:00:00-04:00,55.8640064217201,56.577953484246855,55.54875711537063,56.46669006347656,12975600,0.0,0.0
2023-03-27 00:00:00-04:00,56.68921452916386,57.00446382230119,56.51304715891073,56.88392639160156,12777400,0.0,0.0
2023-03-28 00:00:00-04:00,56.92102230710972,57.245545654355894,56.80975887745421,56.94883728027344,10925700,0.0,0.0
2023-03-29 00:00:00-04:00,57.226995981690514,57.440252342983875,57.106458547220235,57.35680389404297,9441000,0.0,0.0
2023-03-30 00:00:00-04:00,57.37535268942082,57.57006457255106,57.171366790712604,57.3475341796875,9870700,0.0,0.0
2023-03-31 00:00:00-04:00,57.54224569290314,57.71841306991689,57.36607477888902,57.514427185058594,14440900,0.0,0.0
2023-04-03 00:00:00-04:00,57.76476808221491,57.96875395135373,57.35679988093734,57.85749053955078,12300700,0.0,0.0
2023-04-04 00:00:00-04:00,57.84822472969902,58.17274807090028,57.560793913692876,57.68132781982422,11433400,0.0,0.0
2023-04-05 00:00:00-04:00,57.97802153499427,58.43235271076485,57.950206567681754,58.22836685180664,12789600,0.0,0.0
2023-04-06 00:00:00-04:00,58.284009276105,58.450906179616,57.8389520457425,58.265464782714844,9644200,0.0,0.0
2023-04-10 00:00:00-04:00,57.940946869195265,58.12638473510742,57.50516010290045,58.12638473510742,7952600,0.0,0.0
2023-04-11 00:00:00-04:00,58.089298949108716,58.1449288937613,57.857498081054814,58.02439498901367,9913000,0.0,0.0
2023-04-12 00:00:00-04:00,57.93167285369932,58.44163405895888,57.77404996027387,58.12638473510742,9593700,0.0,0.0
2023-04-13 00:00:00-04:00,58.19128988694621,58.56217270036486,57.93167403975354,58.55290222167969,9871400,0.0,0.0
2023-04-14 00:00:00-04:00,58.46017074584961,58.55289320342357,58.20982541590004,58.46017074584961,8946000,0.0,0.0
2023-04-17 00:00:00-04:00,58.710520303601676,58.90523217302826,58.543623404950225,58.840328216552734,9452400,0.0,0.0
2023-04-18 00:00:00-04:00,58.886689061275234,58.97013751255812,58.58998424271397,58.93305206298828,9035700,0.0,0.0
2023-04-19 00:00:00-04:00,59.090667167346666,59.18338962155949,58.81250687870812,59.044307708740234,9769500,0.0,0.0
2023-04-20 00:00:00-04:00,58.99795309372191,59.34101735997419,58.82178218475432,59.30392837524414,10706400,0.0,0.0
2023-04-21 00:00:00-04:00,59.34101188279631,59.591353664116916,59.15557051326258,59.38737487792969,12931100,0.0,0.0
2023-04-24 00:00:00-04:00,60.03642454245555,60.258951394016165,58.98868363343942,59.29466247558594,15532300,0.0,0.0
2023-04-25 00:00:00-04:00,59.498639615179265,59.498639615179265,58.997952474579044,59.201934814453125,12818900,0.0,0.0
2023-04-26 00:00:00-04:00,58.93305254915484,59.12776442475435,58.77542612343109,58.92377853393555,13179600,0.0,0.0
2023-04-27 00:00:00-04:00,58.90522579592098,59.118482135110526,58.51580209922701,59.044307708740234,13795800,0.0,0.0
2023-04-28 00:00:00-04:00,58.97941182880902,59.48937655425263,58.85887439034049,59.4801025390625,13687600,0.0,0.0
2023-05-01 00:00:00-04:00,59.48009685341902,59.980787515811976,59.39664487268675,59.619178771972656,9091500,0.0,0.0
2023-05-02 00:00:00-04:00,59.470826102370786,59.470826102370786,58.66416012669699,59.35029220581055,10948400,0.0,0.0
2023-05-03 00:00:00-04:00,59.35955546374819,59.507911395541456,58.95159079931705,59.01649475097656,11084600,0.0,0.0
2023-05-04 00:00:00-04:00,59.09995013329999,59.27611751748897,58.88669022480741,59.08140563964844,11938300,0.0,0.0
2023-05-05 00:00:00-04:00,59.0072233627798,59.53572901381347,58.997952885130196,59.35955810546875,9039000,0.0,0.0
2023-05-08 00:00:00-04:00,59.164856289754695,59.39665362650596,58.97941488335305,59.266845703125,7240700,0.0,0.0
2023-05-09 00:00:00-04:00,59.00722198541019,59.10921492217632,58.67342820581199,58.775421142578125,9067700,0.0,0.0
2023-05-10 00:00:00-04:00,58.710517811801154,59.00722261081087,58.40454253525997,58.87741470336914,10134000,0.0,0.0
2023-05-11 00:00:00-04:00,58.9516001251923,59.27611993482741,58.42309087707123,59.21121597290039,9581500,0.0,0.0
2023-05-12 00:00:00-04:00,59.211215180750514,59.517194028884965,59.06286276447337,59.443016052246094,8740800,0.0,0.0
2023-05-15 00:00:00-04:00,59.54500449341536,59.57281946404874,59.07212877064592,59.28538513183594,8150000,0.0,0.0
2023-05-16 00:00:00-04:00,59.248300278283466,59.248300278283466,58.56216818743401,58.617801666259766,9129600,0.0,0.0
2023-05-17 00:00:00-04:00,58.784703095816184,58.80324405318654,58.163474913890035,58.55290222167969,11583000,0.0,0.0
2023-05-18 00:00:00-04:00,58.423078696994075,58.4508972013065,58.01511051607756,58.22836685180664,13595100,0.0,0.0
2023-05-19 00:00:00-04:00,58.45089929111385,58.50652922772783,58.052201572713486,58.256187438964844,14251400,0.0,0.0
2023-05-22 00:00:00-04:00,58.2191066276288,58.29328106585786,56.967379823133356,57.032283782958984,15055400,0.0,0.0
2023-05-23 00:00:00-04:00,57.03227580364138,57.18062819634424,56.71702652702282,56.9302864074707,13932700,0.0,0.0
2023-05-24 00:00:00-04:00,56.9117446973472,56.95810415914477,56.29979060541875,56.448143005371094,11090100,0.0,0.0
2023-05-25 00:00:00-04:00,56.06799309881134,56.30906443671691,55.77128828123506,56.012359619140625,14463600,0.0,0.0
2023-05-26 00:00:00-04:00,56.049442841143964,56.22561020314919,55.734193562766144,55.87327194213867,12570300,0.0,0.0
2023-05-30 00:00:00-04:00,55.715649338134604,55.81764227236269,55.18714371258915,55.42821502685547,15634200,0.0,0.0
2023-05-31 00:00:00-04:00,55.55803072921266,55.89182454736423,55.04806952348135,55.316959381103516,59432200,0.0,0.0
2023-06-01 00:00:00-04:00,55.576568672969,55.78982502343133,55.41894579797517,55.6322021484375,13402700,0.0,0.0
2023-06-02 00:00:00-04:00,55.882553155488246,56.85611608451755,55.70638577078787,56.707763671875,15259800,0.0,0.0
2023-06-05 00:00:00-04:00,56.55940704973637,56.967375269889786,56.14216481492023,56.327606201171875,12915600,0.0,0.0
2023-06-06 00:00:00-04:00,56.5130453556759,56.550134338861604,55.74346487107304,55.91963577270508,10943500,0.0,0.0
2023-06-07 00:00:00-04:00,55.64148147281476,55.966004825813116,55.46531407798758,55.83619689941406,16817900,0.0,0.0
2023-06-08 00:00:00-04:00,55.752742478172934,56.01235830320274,55.61366055076392,55.97526931762695,15585900,0.0,0.0
2023-06-09 00:00:00-04:00,55.882559372772185,56.25343867714096,55.78983689392931,56.06800079345703,12581500,0.0,0.0
2023-06-12 00:00:00-04:00,56.17925786131613,56.234891342313986,55.65075217133828,55.82691955566406,14208900,0.0,0.0
2023-06-13 00:00:00-04:00,55.82691573419877,56.25342844831848,55.669292854328546,56.04944610595703,13397800,0.0,0.0
2023-06-14 00:00:00-04:00,56.309066135570525,56.63358947127329,56.188528694480894,56.429603576660156,14099700,0.0,0.0
2023-06-15 00:00:00-04:00,56.625792955999515,57.27043441751558,56.373541019596466,57.20503616333008,15271400,0.46,0.0
2023-06-16 00:00:00-04:00,57.55071731116436,58.08324802734709,57.438606519320054,57.61611557006836,26738000,0.0,0.0
2023-06-20 00:00:00-04:00,57.54138335892279,57.88706042223222,57.214392023892024,57.23307418823242,13971800,0.0,0.0
2023-06-21 00:00:00-04:00,57.2797806925449,57.66282914822432,56.97147157351778,57.39189147949219,13948700,0.0,0.0
2023-06-22 00:00:00-04:00,57.746918609120215,58.017852739624075,57.541379176931486,57.78428649902344,15193400,0.0,0.0
2023-06-23 00:00:00-04:00,57.86837129796094,57.89640167070309,57.15833148473198,57.17701721191406,25112100,0.0,0.0
2023-06-26 00:00:00-04:00,57.186356953779956,57.26109986075723,56.420259976952785,57.195701599121094,12856100,0.0,0.0
2023-06-27 00:00:00-04:00,57.19570089325102,57.32649741490907,56.97147573902441,57.07424545288086,9068500,0.0,0.0
2023-06-28 00:00:00-04:00,56.87804965798389,57.02753190349492,56.4296029214508,56.54171371459961,11173200,0.0,0.0
2023-06-29 00:00:00-04:00,56.26143484376145,56.38288671780307,55.84101491532317,56.074581146240234,17142300,0.0,0.0
2023-06-30 00:00:00-04:00,56.05590083358292,56.382892162870206,55.93444538387413,56.26144027709961,19739200,0.0,0.0
2023-07-03 00:00:00-04:00,56.24274902262108,56.64448322423491,56.08392213261805,56.59777069091797,9694500,0.0,0.0
2023-07-05 00:00:00-04:00,56.317489767521586,57.08358673762462,56.20537897197766,57.0181884765625,14716600,0.0,0.0
2023-07-06 00:00:00-04:00,56.73790580812905,57.008843479024605,56.52302531312358,56.57908248901367,12603900,0.0,0.0
2023-07-07 00:00:00-04:00,56.345517399890575,56.523026447866286,55.803642047220904,55.831668853759766,14574000,0.0,0.0
2023-07-10 00:00:00-04:00,56.0278696007484,56.196037575088916,55.252427989740724,55.4112548828125,15480600,0.0,0.0
2023-07-11 00:00:00-04:00,55.551391399550525,55.64482003010108,54.972148145888454,55.60744857788086,15967700,0.0,0.0
2023-07-12 00:00:00-04:00,55.82232242708583,56.10260115744689,55.54204369672476,55.90640640258789,14241300,0.0,0.0
2023-07-13 00:00:00-04:00,56.16800068094359,56.48565086626237,56.037204174742484,56.38288116455078,11269800,0.0,0.0
2023-07-14 00:00:00-04:00,56.18669279639365,57.02753266609853,56.139980262285135,56.89673614501953,11634200,0.0,0.0
2023-07-17 00:00:00-04:00,56.76593267793025,57.08358288045585,56.51368429598546,56.81264877319336,10014300,0.0,0.0
2023-07-18 00:00:00-04:00,56.95278358396504,57.22372124192487,56.43893863662097,56.58842086791992,11152900,0.0,0.0
2023-07-19 00:00:00-04:00,56.775279508303264,57.72823015256694,56.69119552310536,57.58808898925781,12936000,0.0,0.0
2023-07-20 00:00:00-04:00,57.625460603336236,58.30747356788648,57.61611595832251,58.288787841796875,11563000,0.0,0.0
2023-07-21 00:00:00-04:00,58.35417690356435,58.55971629421576,58.14864107685022,58.33549118041992,12815100,0.0,0.0
2023-07-24 00:00:00-04:00,58.3168079344479,58.68117420533579,58.29812577444718,58.35417938232422,10251100,0.0,0.0
2023-07-25 00:00:00-04:00,58.20469821598423,58.28878219327029,57.97113200840489,58.15798568725586,13422700,0.0,0.0
2023-07-26 00:00:00-04:00,57.793625410570876,59.01751010897258,57.35451978134652,58.905399322509766,17145500,0.0,0.0
2023-07-27 00:00:00-04:00,58.90539326254446,59.11093265319587,58.279437574923925,58.33549118041992,11517100,0.0,0.0
2023-07-28 00:00:00-04:00,58.475641109695616,58.64380907933029,58.12996408941893,58.37287139892578,9721800,0.0,0.0
2023-07-31 00:00:00-04:00,58.34484605770508,58.34484605770508,57.67217416226752,57.85902786254883,15577900,0.0,0.0
2023-08-01 00:00:00-04:00,58.008509627888344,58.26076158658101,57.56940397046728,57.70954513549805,9281600,0.0,0.0
2023-08-02 00:00:00-04:00,57.513346818128596,58.47563849607602,57.513346818128596,57.88705062866211,11059400,0.0,0.0
2023-08-03 00:00:00-04:00,57.80296949277739,58.036535722334044,57.485319278022835,57.58808898925781,8037400,0.0,0.0
2023-08-04 00:00:00-04:00,57.625461144661664,57.82165592453876,56.63513903623677,56.71922302246094,9359300,0.0,0.0
2023-08-07 00:00:00-04:00,56.79396357093327,57.29846746734459,56.74725103917765,57.167667388916016,6982600,0.0,0.0
2023-08-08 00:00:00-04:00,57.167668671393876,57.31715091472795,56.635137956770144,56.9154167175293,7956100,0.0,0.0
2023-08-09 00:00:00-04:00,56.906073899302825,57.57874575573957,56.75659166053218,57.04621505737305,7904100,0.0,0.0
2023-08-10 00:00:00-04:00,57.31715091472795,57.672172579123036,56.79396484502761,56.9154167175293,7870300,0.0,0.0
2023-08-11 00:00:00-04:00,56.84067743375194,57.17701337256894,56.70053627126559,57.148983001708984,8483900,0.0,0.0
2023-08-14 00:00:00-04:00,57.28912705715948,57.438609308189115,56.756596315120305,56.8780517578125,7176300,0.0,0.0
2023-08-15 00:00:00-04:00,56.700542440969514,56.89674080258672,56.401577921476296,56.4950065612793,7187400,0.0,0.0
2023-08-16 00:00:00-04:00,56.56039830290386,56.821991336301,56.429601786205296,56.50434112548828,8372300,0.0,0.0
2023-08-17 00:00:00-04:00,56.59777046463797,57.00884574569657,56.47631502734922,56.625797271728516,12873500,0.0,0.0
2023-08-18 00:00:00-04:00,56.56039864158146,57.07424363051887,56.401571753255176,56.94344711303711,11083800,0.0,0.0
2023-08-21 00:00:00-04:00,56.859364363570556,56.92476262373213,56.35486044466313,56.4576301574707,8648500,0.0,0.0
2023-08-22 00:00:00-04:00,56.37354294633707,56.59776808544921,56.03720701963769,56.1119499206543,9411500,0.0,0.0
2023-08-23 00:00:00-04:00,56.24274536054957,56.46696693144654,56.2053739107542,56.308143615722656,7749500,0.0,0.0
2023-08-24 00:00:00-04:00,56.308150772308984,56.87805298033944,56.13998279079383,56.158668518066406,8955100,0.0,0.0
2023-08-25 00:00:00-04:00,56.438935662384694,56.588417885806194,56.06522832186229,56.420249938964844,7629200,0.0,0.0
2023-08-28 00:00:00-04:00,56.56973784439648,56.73790580812905,56.40156988066391,56.57908248901367,6254300,0.0,0.0
2023-08-29 00:00:00-04:00,56.57908650726385,56.64448476847803,56.196038021321684,56.52302932739258,8189600,0.0,0.0
2023-08-30 00:00:00-04:00,56.653829903037106,56.74725854284011,56.32683857357209,56.4950065612793,9447900,0.0,0.0
2023-08-31 00:00:00-04:00,56.336173927019075,56.49500081656471,55.878386112318374,55.897071838378906,14663500,0.0,0.0
2023-09-01 00:00:00-04:00,56.055896408492515,56.17735184861353,55.23374226326534,55.4112548828125,11262300,0.0,0.0
2023-09-05 00:00:00-04:00,55.355198724845664,55.42059698674732,54.81332333887424,54.95346450805664,12474600,0.0,0.0
2023-09-06 00:00:00-04:00,54.766613475726196,54.9628118349412,54.57975976234618,54.91609573364258,13923500,0.0,0.0
2023-09-07 00:00:00-04:00,55.074921237205466,55.271116027494394,54.46764757514387,54.49567794799805,17628600,0.0,0.0
2023-09-08 00:00:00-04:00,54.46764757514387,54.57041729308704,54.19670987582789,54.49567794799805,14312300,0.0,0.0
2023-09-11 00:00:00-04:00,54.561078517767925,55.11229502135959,54.40225161134073,55.009525299072266,14767400,0.0,0.0
2023-09-12 00:00:00-04:00,55.1122888089516,55.12162988995285,54.364874027090124,54.46764373779297,12292700,0.0,0.0
2023-09-13 00:00:00-04:00,54.56107418844675,54.82266723246614,54.50501700875492,54.59844207763672,12641400,0.0,0.0
2023-09-14 00:00:00-04:00,54.843282825822705,55.172868415651536,54.79619609109272,55.05044937133789,12311600,0.46,0.0
2023-09-15 00:00:00-04:00,55.00336134536812,55.21994665548526,54.38185457957578,54.56077194213867,55727500,0.0,0.0
2023-09-18 00:00:00-04:00,54.598443855541824,54.946863415193675,54.26885827103513,54.8997802734375,13617400,0.0,0.0
2023-09-19 00:00:00-04:00,54.86211744112722,54.98453649488428,54.5419470182183,54.78678512573242,11998900,0.0,0.0
2023-09-20 00:00:00-04:00,54.89977816749468,55.39886950916281,54.692611633271675,55.031612396240234,14766600,0.0,0.0
2023-09-21 00:00:00-04:00,54.96569896791355,55.01278211102107,54.071104880016556,54.18410873413086,15941800,0.0,0.0
2023-09-22 00:00:00-04:00,54.476027528058665,54.589031384561274,54.14644192712683,54.24060821533203,14644100,0.0,0.0
2023-09-25 00:00:00-04:00,54.05227044558872,54.13702153371598,53.4307636633932,53.67559814453125,12358800,0.0,0.0
2023-09-26 00:00:00-04:00,53.42134931925491,53.58143631778158,53.110597698441545,53.23301315307617,11194700,0.0,0.0
2023-09-27 00:00:00-04:00,53.12942205191701,53.233007111169165,52.43258298602409,52.68683624267578,13766300,0.0,0.0
2023-09-28 00:00:00-04:00,52.950502963372415,53.035254046159274,52.451415249301505,52.55500030517578,12484800,0.0,0.0
2023-09-29 00:00:00-04:00,52.86575609512279,52.98817513384392,52.37608353245163,52.715087890625,12271600,0.0,0.0
2023-10-02 00:00:00-04:00,52.64916505092533,52.74333132141739,51.867574947645,52.24424362182617,11792500,0.0,0.0
2023-10-03 00:00:00-04:00,51.942909623639274,52.19716287626356,51.58507131340363,51.67924118041992,13604200,0.0,0.0
2023-10-04 00:00:00-04:00,51.68866107574279,52.055914610001096,51.51915889189843,51.82991409301758,12100500,0.0,0.0
2023-10-05 00:00:00-04:00,51.54740502660424,51.74515635160623,49.19321232263865,49.32504653930664,29878100,0.0,0.0
2023-10-06 00:00:00-04:00,49.004882227485616,50.18197872453967,48.54345882006652,50.04072570800781,30298900,0.0,0.0
2023-10-09 00:00:00-04:00,49.871223115347064,50.05014408044599,49.07079894081142,49.79589080810547,15704700,0.0,0.0
2023-10-10 00:00:00-04:00,50.972980744785026,51.16131687700543,50.43622510289529,50.87881088256836,20909700,0.0,0.0
2023-10-11 00:00:00-04:00,51.057737688087,51.11423601969227,49.927724357208064,50.57748031616211,21138900,0.0,0.0
2023-10-12 00:00:00-04:00,50.624559397335176,50.69048009927785,49.37213072025958,49.7299690246582,19330400,0.0,0.0
2023-10-13 00:00:00-04:00,49.66405605926942,50.304393236903984,49.56988618593098,49.80530548095703,14494600,0.0,0.0
2023-10-16 00:00:00-04:00,49.927720968473096,50.436227471686855,49.75821880073518,50.31380844116211,12816800,0.0,0.0
2023-10-17 00:00:00-04:00,50.200819278729234,50.944741632281456,50.10664939129523,50.9164924621582,16457200,0.0,0.0
2023-10-18 00:00:00-04:00,50.944727177219434,51.349648597758474,50.77522502014667,50.89764404296875,12809500,0.0,0.0
2023-10-19 00:00:00-04:00,51.00123552347221,51.5662403901374,50.718733090139615,51.180152893066406,16202200,0.0,0.0
2023-10-20 00:00:00-04:00,51.34965733616941,51.811080751659574,51.26490624321054,51.387325286865234,15686400,0.0,0.0
2023-10-23 00:00:00-04:00,51.20840959007341,51.688663404460236,50.89765437495387,50.925907135009766,21212700,0.0,0.0
2023-10-24 00:00:00-04:00,52.40433531765011,52.8940042790181,52.07474615678274,52.39491653442383,25290800,0.0,0.0
2023-10-25 00:00:00-04:00,52.50791945899771,52.94109370411228,52.31958689145008,52.846923828125,16701000,0.0,0.0
2023-10-26 00:00:00-04:00,53.08233444723076,53.32717249253669,52.470246518391676,52.5267448425293,16228400,0.0,0.0
2023-10-27 00:00:00-04:00,52.310163305248,52.8657529498182,51.88640788274307,52.018245697021484,13626500,0.0,0.0
2023-10-30 00:00:00-04:00,52.1971705178473,52.9975947474944,52.187751733660214,52.875179290771484,15014300,0.0,0.0
2023-10-31 00:00:00-04:00,53.27067532054177,53.411928327891744,52.87517264750296,53.195343017578125,16639400,0.0,0.0
2023-11-01 00:00:00-04:00,53.487262565358854,53.562598463260414,52.97875603116335,53.148258209228516,14110800,0.0,0.0
2023-11-02 00:00:00-04:00,53.20475582964119,53.816847377840865,53.07292161118909,53.760345458984375,13087200,0.0,0.0
2023-11-03 00:00:00-04:00,54.052270021953355,54.23118738783607,53.393095296375726,53.430763244628906,13958700,0.0,0.0
2023-11-06 00:00:00-05:00,53.46842934733845,53.93926793924446,53.430764990068134,53.6473503112793,12673200,0.0,0.0
2023-11-07 00:00:00-05:00,53.60026232910762,54.05227052795064,53.42134496155001,53.84510040283203,10449300,0.0,0.0
2023-11-08 00:00:00-05:00,53.976930759614696,54.1181837606494,53.60025848499751,53.760345458984375,13744000,0.0,0.0
2023-11-09 00:00:00-05:00,53.70385016509117,53.807435232999914,53.0823433498522,53.355430603027344,12021100,0.0,0.0
2023-11-10 00:00:00-05:00,53.553187153580666,53.60968908489201,52.79043083805357,53.41193771362305,11678900,0.0,0.0
2023-11-13 00:00:00-05:00,53.31776655535636,53.76977121841583,53.298932578702164,53.60968780517578,12798200,0.0,0.0
2023-11-14 00:00:00-05:00,53.694431642318186,53.901601765282685,53.49668030251385,53.7697639465332,12697100,0.0,0.0
2023-11-15 00:00:00-05:00,53.9580993222448,53.995767269919206,53.44017761446793,53.873348236083984,10201900,0.0,0.0
2023-11-16 00:00:00-05:00,53.911022672584174,54.17469115361421,53.49668597493502,53.816856384277344,16010400,0.0,0.0
2023-11-17 00:00:00-05:00,53.8545159300686,53.99576894211549,53.393096129513616,53.920433044433594,14475800,0.0,0.0
2023-11-20 00:00:00-05:00,53.72267603794301,54.221767326938505,53.63792495809192,54.05226516723633,13051000,0.0,0.0
2023-11-21 00:00:00-05:00,54.10876739096227,54.65494185429168,53.98635194963384,54.64552307128906,13891600,0.0,0.0
2023-11-22 00:00:00-05:00,54.862111030442165,55.12578308404812,54.73969558320325,55.012779235839844,11320600,0.0,0.0
2023-11-24 00:00:00-05:00,55.050444785955094,55.323532018902974,54.93744453488512,55.154029846191406,4816000,0.0,0.0
2023-11-27 00:00:00-05:00,55.125785273135065,55.26703470068448,54.871531992889885,55.05044937133789,16246500,0.0,0.0
2023-11-28 00:00:00-05:00,54.993949964912396,55.3988714486431,54.956282014748275,55.1634521484375,13739600,0.0,0.0
2023-11-29 00:00:00-05:00,55.16344763866123,55.24819513128198,54.71143945807168,54.833858489990234,11263600,0.0,0.0
2023-11-30 00:00:00-05:00,55.0142029333643,55.488790612818754,54.67249922482643,55.46980667114258,22727500,0.46,0.0
2023-12-01 00:00:00-05:00,55.3084474044808,55.70709930862704,55.27997330298937,55.65964126586914,15371200,0.0,0.0
2023-12-04 00:00:00-05:00,55.6121846253389,55.96337849558238,55.46980687265866,55.59320068359375,14942200,0.0,0.0
2023-12-05 00:00:00-05:00,55.57421714421426,55.83998870975382,55.450823332385774,55.678627014160156,11891500,0.0,0.0
2023-12-06 00:00:00-05:00,55.58371313422461,55.745071215413276,55.251499569303576,55.62167739868164,14868500,0.0,0.0
2023-12-07 00:00:00-05:00,55.68811677141346,55.896936509793036,55.42234882861521,55.75456237792969,11587900,0.0,0.0
2023-12-08 00:00:00-05:00,55.75456599912497,55.76405616020557,55.40336848525551,55.63117218017578,11178700,0.0,0.0
2023-12-11 00:00:00-05:00,55.839992114022785,56.08677613190819,55.526762485089144,56.0393180847168,14524800,0.0,0.0
2023-12-12 00:00:00-05:00,56.19118539634721,56.400001525878906,55.906433495482624,56.400001525878906,12899000,0.0,0.0
2023-12-13 00:00:00-05:00,56.42847903041997,56.96950872619728,56.248133384616295,56.88408279418945,16196800,0.0,0.0
2023-12-14 00:00:00-05:00,56.922051521581,56.98849351181234,55.78304028490297,56.0393180847168,22478300,0.0,0.0
2023-12-15 00:00:00-05:00,55.83999092859792,56.16270709097525,54.86233779728858,55.62167739868164,65177400,0.0,0.0
2023-12-18 00:00:00-05:00,55.81151259053255,56.46644593144612,55.64066072949569,56.02033233642578,16717700,0.0,0.0
2023-12-19 00:00:00-05:00,56.00134678326943,56.19118258127436,55.6596430710239,55.839988708496094,14612200,0.0,0.0
2023-12-20 00:00:00-05:00,55.52675704517168,55.68811511397767,54.644023694788245,54.68199157714844,17701000,0.0,0.0
2023-12-21 00:00:00-05:00,54.90979124567646,55.11861097638063,54.54910722822665,55.04267883300781,11725100,0.0,0.0
2023-12-22 00:00:00-05:00,55.16607164150283,55.48879141301844,55.07115555256982,55.35590744018555,9029400,0.0,0.0
2023-12-26 00:00:00-05:00,55.10911826037654,55.72608002212671,55.10911826037654,55.58370590209961,6422500,0.0,0.0
2023-12-27 00:00:00-05:00,55.65964367594047,55.78303748910724,55.43184361251215,55.7260856628418,8560100,0.0,0.0
2023-12-28 00:00:00-05:00,55.669129639036676,55.8779457310497,55.55522600250279,55.76404571533203,8400100,0.0,0.0
2023-12-29 00:00:00-05:00,55.754560182908484,55.98236023324817,55.65015031782925,55.93490219116211,9244300,0.0,0.0
2024-01-02 00:00:00-05:00,55.81151139709787,56.83662254139877,55.688117584361635,56.77967071533203,16322600,0.0,0.0
2024-01-03 00:00:00-05:00,56.88407396587436,57.14035172212396,56.722712287872916,56.91254806518555,14830600,0.0,0.0
2024-01-04 00:00:00-05:00,56.99797900546937,57.197304959840956,56.62780119854595,56.72271728515625,12912900,0.0,0.0
2024-01-05 00:00:00-05:00,56.760684762955705,56.90306251267143,56.08677113870997,56.637290954589844,10412800,0.0,0.0
2024-01-08 00:00:00-05:00,56.64678973234006,57.12137744549919,56.40000209383984,57.054935455322266,11554600,0.0,0.0
2024-01-09 00:00:00-05:00,56.94103321572814,57.08340735167925,56.589835714585206,56.950523376464844,10493700,0.0,0.0
2024-01-10 00:00:00-05:00,57.159338097115814,57.33968010179702,56.9315344304722,57.14035415649414,12258000,0.0,0.0
2024-01-11 00:00:00-05:00,57.187823290164516,57.19731345190791,56.65628371210616,56.77018737792969,13754200,0.0,0.0
2024-01-12 00:00:00-05:00,57.02645195338105,57.387135948954025,56.82712239488236,57.32069396972656,13218000,0.0,0.0
2024-01-16 00:00:00-05:00,57.32069654751374,57.35866442901298,56.80814100972335,56.9410285949707,11826900,0.0,0.0
2024-01-17 00:00:00-05:00,56.817634790506396,57.14984470158361,56.779666909007155,56.9410285949707,8982100,0.0,0.0
2024-01-18 00:00:00-05:00,56.65627670537859,57.16883227574486,56.50440879054599,57.10239028930664,10397700,0.0,0.0
2024-01-19 00:00:00-05:00,57.19730758463343,57.216291526989984,56.60881985484726,56.78916549682617,14392600,0.0,0.0
2024-01-22 00:00:00-05:00,56.722719491825835,57.01696516507129,56.418983657876794,56.54237747192383,14314300,0.0,0.0
2024-01-23 00:00:00-05:00,56.504403997126914,56.95051754320997,56.437962016325145,56.80813980102539,14481600,0.0,0.0
2024-01-24 00:00:00-05:00,56.760685747803755,56.77017952905171,55.8969363158891,55.91592025756836,16370500,0.0,0.0
2024-01-25 00:00:00-05:00,56.01083194527752,56.162699845965115,55.67862204402852,56.1532096862793,14899700,0.0,0.0
2024-01-26 00:00:00-05:00,56.23863522825762,56.466438888164184,56.12473520871251,56.352535247802734,13025100,0.0,0.0
2024-01-29 00:00:00-05:00,56.32406656999763,56.75119621042865,56.16270487436073,56.694244384765625,14547100,0.0,0.0
2024-01-30 00:00:00-05:00,56.80814822548796,56.96950993194766,56.42848022471954,56.85560989379883,22061500,0.0,0.0
2024-01-31 00:00:00-05:00,57.04543987314748,57.37765343436494,56.276610119415416,56.46644592285156,22837000,0.0,0.0
2024-02-01 00:00:00-05:00,56.54237727140688,57.909188519330414,56.343051309987835,57.880714416503906,15870900,0.0,0.0
2024-02-02 00:00:00-05:00,57.72884548907039,57.776303533222354,57.16883187811713,57.463077545166016,17544900,0.0,0.0
2024-02-05 00:00:00-05:00,57.311210834501075,57.311210834501075,56.8366231413852,56.98849105834961,12759600,0.0,0.0
2024-02-06 00:00:00-05:00,56.912557704014375,56.99798363723216,56.64678974325546,56.89357376098633,12775200,0.0,0.0
2024-02-07 00:00:00-05:00,57.01696073715272,57.14984470158361,56.893566932688415,56.9410285949707,10259900,0.0,0.0
2024-02-08 00:00:00-05:00,56.84611370307906,56.92204947250529,56.390509948972024,56.78916549682617,12874800,0.0,0.0
2024-02-09 00:00:00-05:00,56.44746438567875,56.55187426305843,56.02982487616005,56.53289031982422,15235300,0.0,0.0
2024-02-12 00:00:00-05:00,56.62780359979424,56.722719690429365,55.96338010289809,56.665771484375,13516800,0.0,0.0
2024-02-13 00:00:00-05:00,56.475931059323784,57.57697427631996,55.80201745685554,56.333553314208984,24195700,0.0,0.0
2024-02-14 00:00:00-05:00,56.16270386415048,56.561359394987626,56.039313675325054,56.276607513427734,15872500,0.0,0.0
2024-02-15 00:00:00-05:00,56.40000372974044,56.56136543971969,56.12474559994504,56.38102340698242,13695800,0.0,0.0
2024-02-16 00:00:00-05:00,56.33356455113923,56.58984237097606,55.96338668498065,56.37153244018555,13947100,0.0,0.0
2024-02-20 00:00:00-05:00,56.57085314628752,57.74783225114697,56.48542721431533,57.61494827270508,18339300,0.0,0.0
2024-02-21 00:00:00-05:00,57.89020859405057,58.165466705162416,57.73834067657561,58.12750244140625,14373000,0.0,0.0
2024-02-22 00:00:00-05:00,57.89020819441328,58.13699220080017,57.425110663647516,58.042076110839844,12982800,0.0,0.0
2024-02-23 00:00:00-05:00,57.98512107914925,58.48818284560152,57.89969515458032,58.08953094482422,13612900,0.0,0.0
2024-02-26 00:00:00-05:00,58.12749698140317,58.15597108174987,57.57697356925744,57.62443161010742,10336100,0.0,0.0
2024-02-27 00:00:00-05:00,57.463078751850425,57.690878816890184,57.064423206805714,57.27324295043945,9931100,0.0,0.0
2024-02-28 00:00:00-05:00,57.30171103047142,57.41561467183582,57.00746900898765,57.3301887512207,8076500,0.0,0.0
2024-02-29 00:00:00-05:00,57.28273129476035,57.55799301703713,56.855605281150375,56.969505310058594,18152700,0.0,0.0
2024-03-01 00:00:00-05:00,56.85560729121526,56.85560729121526,56.32406776949055,56.50440979003906,10927600,0.0,0.0
2024-03-04 00:00:00-05:00,56.21966385556741,56.903071367239995,56.210173693824025,56.77018737792969,10150200,0.0,0.0
2024-03-05 00:00:00-05:00,56.86509664061195,57.05493244000629,56.39999911313666,56.49491882324219,12310000,0.0,0.0
2024-03-06 00:00:00-05:00,56.49491380883956,56.95051751445726,56.36202984730312,56.52338790893555,12378800,0.0,0.0
2024-03-07 00:00:00-05:00,56.65627347447033,56.732209237964625,56.229147477672626,56.41897964477539,13686900,0.0,0.0
2024-03-08 00:00:00-05:00,56.28609908182674,56.751196609302035,55.972873090520295,56.49491882324219,13239000,0.0,0.0
2024-03-11 00:00:00-04:00,56.74170601837087,57.22578751508633,56.55187382911931,57.17832946777344,14114300,0.0,0.0
2024-03-12 00:00:00-04:00,57.25425800708053,57.6624037056915,57.14984813708935,57.42510986328125,12684600,0.0,0.0
2024-03-13 00:00:00-04:00,57.78579932756022,58.09902532652805,57.70986355761845,58.01359939575195,13909500,0.0,0.0
2024-03-14 00:00:00-04:00,57.96098071796827,58.17146709997713,57.78876226464737,57.884437561035156,13996600,0.485,0.0
2024-03-15 00:00:00-04:00,57.425187562312864,57.836597892007,57.061614879141146,57.29124069213867,36849900,0.0,0.0
2024-03-18 00:00:00-04:00,57.300804038004564,57.788757498764774,57.2146948184456,57.53042984008789,15856700,0.0,0.0
2024-03-19 00:00:00-04:00,57.63567598111201,57.74091734061811,57.46345753860621,57.62610626220703,15030600,0.0,0.0
2024-03-20 00:00:00-04:00,57.57826951579593,58.18103407397521,57.55913372746566,58.123626708984375,15258800,0.0,0.0
2024-03-21 00:00:00-04:00,57.941845005583254,58.35325535019789,57.712219184257954,57.855735778808594,13067100,0.0,0.0
2024-03-22 00:00:00-04:00,57.90356834207384,58.16189599971192,57.817459122861145,57.8748664855957,11502800,0.0,0.0
2024-03-25 00:00:00-04:00,57.86529682482981,58.08535290753176,57.520859947634314,57.78875732421875,13144700,0.0,0.0
2024-03-26 00:00:00-04:00,57.88443502721264,58.085355330699116,57.769623946617294,57.922706604003906,13277400,0.0,0.0
2024-03-27 00:00:00-04:00,58.161899289487785,58.774229927511485,58.07579006540455,58.39152145385742,12551200,0.0,0.0
2024-03-28 00:00:00-04:00,58.49676260489292,58.6115736794984,58.362815742890156,58.5350341796875,13683500,0.0,0.0
2024-04-01 00:00:00-04:00,58.53503581807919,58.64984689589822,58.00881442414873,58.0566520690918,11668700,0.0,0.0
2024-04-02 00:00:00-04:00,57.83659387052765,58.10448759224891,57.511292787104026,57.549564361572266,13017300,0.0,0.0
2024-04-03 00:00:00-04:00,57.45389076801968,57.77919188169295,57.195563091004566,57.243404388427734,13672900,0.0,0.0
2024-04-04 00:00:00-04:00,57.492160078430466,57.549567443206854,56.61193206741798,56.73631286621094,14320700,0.0,0.0
2024-04-05 00:00:00-04:00,56.6884750242449,57.09988534593899,56.36317392452814,56.937232971191406,10157800,0.0,0.0
2024-04-08 00:00:00-04:00,56.83199188294244,56.89896531704791,56.51625685092084,56.707611083984375,10284500,0.0,0.0
2024-04-09 00:00:00-04:00,56.9085310824632,57.157292679051174,56.573663913723706,57.13815689086914,10779100,0.0,0.0
2024-04-10 00:00:00-04:00,56.75544633449671,56.822419765775635,56.152681803208125,56.372737884521484,11861900,0.0,0.0
2024-04-11 00:00:00-04:00,56.592806485337576,56.803292881012794,56.24836955633233,56.497127532958984,11109000,0.0,0.0
2024-04-12 00:00:00-04:00,56.40144644984956,56.45885016561464,55.616897369646715,55.76041030883789,12250900,0.0,0.0
2024-04-15 00:00:00-04:00,56.076146760750795,56.26750100094976,55.53078954853979,55.62646484375,12425000,0.0,0.0
2024-04-16 00:00:00-04:00,55.73170745609041,55.85608825432522,55.42554214488043,55.549922943115234,11236800,0.0,0.0
2024-04-17 00:00:00-04:00,55.76040884781934,56.028306230224736,55.58819040547958,55.980464935302734,13805100,0.0,0.0
2024-04-18 00:00:00-04:00,56.085710981821954,56.43014787287203,56.00917147813218,56.36317443847656,11125900,0.0,0.0
2024-04-19 00:00:00-04:00,56.54495794719452,57.75048704441988,56.44928265684004,57.56869888305664,21207900,0.0,0.0
2024-04-22 00:00:00-04:00,57.53999553014728,58.00881320016536,57.1381549413703,57.93227005004883,15624500,0.0,0.0
2024-04-23 00:00:00-04:00,57.91314182056405,58.05665842087327,57.53043696937072,58.01838684082031,13689100,0.0,0.0
2024-04-24 00:00:00-04:00,57.71221825354521,58.98472084538506,57.25297026807942,58.889041900634766,19548300,0.0,0.0
2024-04-25 00:00:00-04:00,59.195208454921435,59.88408227233077,58.71682467056019,59.070831298828125,19048500,0.0,0.0
2024-04-26 00:00:00-04:00,58.88904312491253,59.25261582296509,58.69768888121231,59.070831298828125,10994300,0.0,0.0
2024-04-29 00:00:00-04:00,59.24304202231025,59.36742281961393,58.869903280177574,59.35785675048828,13409300,0.0,0.0
2024-04-30 00:00:00-04:00,59.453536059083326,60.11370801650108,58.81250354076718,59.09953308105469,19349200,0.0,0.0
2024-05-01 00:00:00-04:00,59.12823226753891,59.86494369917043,58.563739282251305,59.25261306762695,16729800,0.0,0.0
2024-05-02 00:00:00-04:00,59.49180496250327,59.70229498581215,59.05169277720147,59.310020446777344,10991300,0.0,0.0
2024-05-03 00:00:00-04:00,59.310020159063946,59.63532126179125,58.97514933726259,59.482234954833984,11628700,0.0,0.0
2024-05-06 00:00:00-04:00,59.60661563165144,59.68315878497251,59.22391081438138,59.65445327758789,9310700,0.0,0.0
2024-05-07 00:00:00-04:00,60.046727629841584,60.104134994656405,59.55877780314005,59.91278076171875,9807000,0.0,0.0
2024-05-08 00:00:00-04:00,60.13283920288086,60.24765393699883,59.77883623046351,60.13283920288086,10484400,0.0,0.0
2024-05-09 00:00:00-04:00,60.094571363026624,60.41987247728231,60.03716399588318,60.16154479980469,9113700,0.0,0.0
2024-05-10 00:00:00-04:00,60.19981484112318,60.62079491539425,60.075437682614634,60.525115966796875,8371700,0.0,0.0
2024-05-13 00:00:00-04:00,60.5059786567612,60.86954768102902,60.4485712925081,60.83127975463867,10137600,0.0,0.0
2024-05-14 00:00:00-04:00,60.831283810616384,61.00349861530149,60.08500262468067,60.372032165527344,10852200,0.0,0.0
2024-05-15 00:00:00-04:00,60.333760514014536,60.649491894531785,60.27635314947576,60.400733947753906,9838900,0.0,0.0
2024-05-16 00:00:00-04:00,60.50598002695763,60.97479407141687,60.34332764944633,60.58251953125,10228000,0.0,0.0
2024-05-17 00:00:00-04:00,60.601656780138974,60.63035863871795,60.21894830011926,60.305057525634766,11539000,0.0,0.0
2024-05-20 00:00:00-04:00,60.209385191707035,60.28592470160817,59.75970325303462,59.86494827270508,11000900,0.0,0.0
2024-05-21 00:00:00-04:00,60.104141165554644,60.2572238376661,59.74056845062288,60.190250396728516,9796200,0.0,0.0
2024-05-22 00:00:00-04:00,59.998892277531375,60.29549153241128,59.95105462991295,60.2763557434082,7419400,0.0,0.0
2024-05-23 00:00:00-04:00,59.788405345866394,60.16154410353386,59.36742529124379,59.405696868896484,9834300,0.0,0.0
2024-05-24 00:00:00-04:00,59.53007390682262,59.72142448342844,59.29088203628705,59.319583892822266,8203100,0.0,0.0
2024-05-28 00:00:00-04:00,59.11866371347685,59.443964804034415,58.74552497867399,59.14736557006836,12347000,0.0,0.0
2024-05-29 00:00:00-04:00,58.812502343097,59.20477689178325,58.42979386398814,59.03255844116211,11861800,0.0,0.0
2024-05-30 00:00:00-04:00,59.1760711920646,59.396130939196375,58.93687930583995,59.29088592529297,9433800,0.0,0.0
2024-05-31 00:00:00-04:00,59.31002093701571,60.30505639684041,59.02298775748435,60.209381103515625,19816600,0.0,0.0
2024-06-03 00:00:00-04:00,59.99889107846689,60.36246376270238,59.75013312595534,60.209381103515625,9369000,0.0,0.0
2024-06-04 00:00:00-04:00,60.4677142210082,61.20442572524923,60.21895259631444,61.17572021484375,11895600,0.0,0.0
2024-06-05 00:00:00-04:00,61.22355896696754,61.3000984753787,60.61122465078493,61.15658187866211,9632500,0.0,0.0
2024-06-06 00:00:00-04:00,61.156580569628105,61.577560631103886,61.080041062855244,61.37664031982422,8658500,0.0,0.0
2024-06-07 00:00:00-04:00,61.319229420935756,61.443613875461125,61.051339321824614,61.14701461791992,9523100,0.0,0.0
2024-06-10 00:00:00-04:00,61.17571418896981,61.22355548500691,60.63035699210868,60.84084701538086,15685300,0.0,0.0
2024-06-11 00:00:00-04:00,60.84084573382699,60.8982530979952,60.34332619370427,60.802574157714844,8396000,0.0,0.0
2024-06-12 00:00:00-04:00,60.936524182458996,60.936524182458996,59.97975662873974,60.16154479980469,9569600,0.0,0.0
2024-06-13 00:00:00-04:00,60.14240387466921,60.31462231161372,59.75012935713522,60.26678466796875,9668900,0.0,0.0
2024-06-14 00:00:00-04:00,60.14626225753412,60.44515924597783,59.866645860907475,60.31017303466797,8179200,0.485,0.0
2024-06-17 00:00:00-04:00,60.13661481579553,60.647638743841554,59.95341977931002,60.377662658691406,10532700,0.0,0.0
2024-06-18 00:00:00-04:00,60.29088487003029,60.570501248594034,60.20410750006562,60.387306213378906,10651700,0.0,0.0
2024-06-20 00:00:00-04:00,60.1655458349168,60.493371063509485,59.731658962059065,59.95342254638672,13306300,0.0,0.0
2024-06-21 00:00:00-04:00,59.95342003206384,60.84047433217321,59.95342003206384,60.52229309082031,28278100,0.0,0.0
2024-06-24 00:00:00-04:00,60.734421728335406,61.76610261894613,60.6572846459915,61.67932891845703,13212500,0.0,0.0
2024-06-25 00:00:00-04:00,61.650395633257254,61.77574154276908,61.23579304480123,61.553977966308594,10235300,0.0,0.0
2024-06-26 00:00:00-04:00,61.12973621608403,61.81431122717072,60.96582176551355,61.75646209716797,9402500,0.0,0.0
2024-06-27 00:00:00-04:00,61.75646511188536,61.96858105098234,61.34185881740248,61.62147521972656,8494100,0.0,0.0
2024-06-28 00:00:00-04:00,61.611832612185594,61.76609941266835,61.24543884626861,61.370784759521484,17358800,0.0,0.0
2024-07-01 00:00:00-04:00,61.73717014475543,61.99750592527276,60.85975617501555,61.0140266418457,10033400,0.0,0.0
2024-07-02 00:00:00-04:00,60.99474891735547,61.110454538464744,60.609074547953284,60.88869094848633,8878200,0.0,0.0
2024-07-03 00:00:00-04:00,60.927254526833714,61.39006596722256,60.67656637590998,61.0622444152832,9154200,0.0,0.0
2024-07-05 00:00:00-04:00,61.06224963992735,61.50577684848703,60.74406467850495,61.47684860229492,11735500,0.0,0.0
2024-07-08 00:00:00-04:00,61.31293172868556,61.31293172868556,60.589788173312535,60.70549011230469,11235100,0.0,0.0
2024-07-09 00:00:00-04:00,60.80191722954146,60.965828018826095,60.34874604818023,60.44516372680664,11657500,0.0,0.0
2024-07-10 00:00:00-04:00,60.474088956190556,60.609075170773366,60.05948633820135,60.58015060424805,11930400,0.0,0.0
2024-07-11 00:00:00-04:00,60.39695739409393,61.18759416155937,60.165553484547324,60.840484619140625,11431600,0.0,0.0
2024-07-12 00:00:00-04:00,61.18758734171125,61.814313243235766,61.120094235774566,61.41899490356445,9201500,0.0,0.0
2024-07-15 00:00:00-04:00,61.505775199814494,61.65040171450355,61.081528595956634,61.139381408691406,8207500,0.0,0.0
2024-07-16 00:00:00-04:00,61.15866108971111,62.007146877551705,61.12009255078245,61.96857833862305,9025100,0.0,0.0
2024-07-17 00:00:00-04:00,62.16142031985745,63.04847463644623,62.10357119022669,62.87491989135742,12508200,0.0,0.0
2024-07-18 00:00:00-04:00,62.479606349736414,63.453434377986696,62.40246927140075,62.85564041137695,11128200,0.0,0.0
2024-07-19 00:00:00-04:00,63.289526235971266,63.289526235971266,62.49888954063866,62.95206069946289,13775700,0.0,0.0
2024-07-22 00:00:00-04:00,62.91349108955699,62.95205962967352,62.01679276138899,62.45067596435547,11794200,0.0,0.0
2024-07-23 00:00:00-04:00,63.087044124626786,63.67520147204856,62.527811342455806,62.633872985839844,11810300,0.0,0.0
2024-07-24 00:00:00-04:00,62.759218775052595,63.607711970179636,62.50853429121694,63.45343780517578,13244600,0.0,0.0
2024-07-25 00:00:00-04:00,63.67520369911841,64.49476495340778,63.5016489453468,63.70412826538086,16328600,0.0,0.0
2024-07-26 00:00:00-04:00,63.704129356297415,64.70688935568351,63.64628022278187,64.64904022216797,13530100,0.0,0.0
2024-07-29 00:00:00-04:00,64.48512532763799,64.6297555248999,64.01267354903331,64.43692016601562,12140200,0.0,0.0
2024-07-30 00:00:00-04:00,64.09945056329913,65.4011075440885,63.983744941554555,65.25647735595703,13258000,0.0,0.0
2024-07-31 00:00:00-04:00,65.0829233705372,65.1889850193405,64.22479356199922,64.35013580322266,15576800,0.0,0.0
2024-08-01 00:00:00-04:00,64.60082818672888,65.6710813019003,64.31156780460796,65.52645111083984,16495900,0.0,0.0
2024-08-02 00:00:00-04:00,66.07603318532526,67.1752107549069,65.2661159682425,66.8473892211914,22514800,0.0,0.0
2024-08-05 00:00:00-04:00,66.51956008358943,67.05951224916373,65.30468426248898,65.66143035888672,25484300,0.0,0.0
2024-08-06 00:00:00-04:00,65.70965315379839,66.37494029627914,65.34325567049272,65.61323547363281,12969100,0.0,0.0
2024-08-07 00:00:00-04:00,65.61322267405879,66.70275622416307,65.40109940535622,66.00853729248047,13365300,0.0,0.0
2024-08-08 00:00:00-04:00,65.5650272923177,66.39423263774577,65.42039708440387,66.26889038085938,15240900,0.0,0.0
2024-08-09 00:00:00-04:00,66.23993793749041,66.32671897783875,65.80605480433569,66.22065734863281,12080400,0.0,0.0
2024-08-12 00:00:00-04:00,65.99890003404845,66.08568108743567,65.40110605910063,65.72892761230469,11012300,0.0,0.0
2024-08-13 00:00:00-04:00,65.64214723684623,66.15316746261368,65.57465413827687,66.00853729248047,9877600,0.0,0.0
2024-08-14 00:00:00-04:00,65.7867867784166,66.4231493189792,65.69036174712787,66.12425231933594,14328000,0.0,0.0
2024-08-15 00:00:00-04:00,66.16280975191347,66.45206272862302,66.04710414751214,66.19173431396484,11285100,0.0,0.0
2024-08-16 00:00:00-04:00,66.37492990040826,66.81846440085747,66.18209457027963,66.7027587890625,12651200,0.0,0.0
2024-08-19 00:00:00-04:00,66.86667962174367,66.93417273306909,66.38458386764863,66.50993347167969,9843900,0.0,0.0
2024-08-20 00:00:00-04:00,66.51956529265703,66.90524333935599,66.30744199916276,66.89559936523438,11957400,0.0,0.0
2024-08-21 00:00:00-04:00,66.99203030994663,67.61874891545482,66.84740011013798,67.07880401611328,8792400,0.0,0.0
2024-08-22 00:00:00-04:00,67.41625859659054,67.41625859659054,66.3267250004112,66.8473892211914,12509200,0.0,0.0
2024-08-23 00:00:00-04:00,66.91488239791717,67.34876557095744,66.47135525146373,67.2909164428711,11834700,0.0,0.0
2024-08-26 00:00:00-04:00,67.32950124745551,68.38046656132282,67.23308355861785,68.30332946777344,12912200,0.0,0.0
2024-08-27 00:00:00-04:00,68.76613487856271,68.96861420314225,68.5058064201596,68.93968963623047,16988400,0.0,0.0
2024-08-28 00:00:00-04:00,69.0457541344895,69.23858949265569,68.74685712247269,69.18074035644531,13272600,0.0,0.0
2024-08-29 00:00:00-04:00,69.3253710229996,69.63391201187498,68.67936447694764,69.47000122070312,17201700,0.0,0.0
2024-08-30 00:00:00-04:00,69.61461841763584,69.9713718955515,69.20965978185926,69.87495422363281,18624200,0.0,0.0
2024-09-03 00:00:00-04:00,69.84603340220086,70.66559469174256,69.6628346663961,70.39562225341797,14755800,0.0,0.0
2024-09-04 00:00:00-04:00,70.67523794382052,70.89699786323564,69.33501238426902,69.96173095703125,18140800,0.0,0.0
2024-09-05 00:00:00-04:00,70.01958000956427,70.07742913784087,68.43830674963549,68.62149810791016,23866100,0.0,0.0
2024-09-06 00:00:00-04:00,68.44794489312937,69.10359533427044,68.3515272251197,68.59257507324219,17485700,0.0,0.0
2024-09-09 00:00:00-04:00,68.67935147086384,69.72067251349569,68.43830363907198,69.27714538574219,12939300,0.0,0.0
2024-09-10 00:00:00-04:00,69.3928584155112,69.8267416166664,68.95896785815918,68.98789978027344,10277600,0.0,0.0
2024-09-11 00:00:00-04:00,68.80470142886688,68.81434540295744,68.04298931204404,68.53472900390625,11418200,0.0,0.0
2024-09-12 00:00:00-04:00,68.45759216834065,68.82398226692625,68.12977061005832,68.67935943603516,12337800,0.0,0.0
2024-09-13 00:00:00-04:00,68.77157953822636,69.38318926645324,68.42209778776152,69.32494354248047,11073800,0.485,0.0
2024-09-16 00:00:00-04:00,69.67442283970861,70.13070074577165,69.52880853490375,69.99478912353516,10786500,0.0,0.0
2024-09-17 00:00:00-04:00,69.8006385569938,70.23749632708297,69.62589396763241,69.70355987548828,12974400,0.0,0.0
2024-09-18 00:00:00-04:00,69.79092566806901,70.26661637300977,69.1890260162666,69.65501403808594,10719700,0.0,0.0
2024-09-19 00:00:00-04:00,69.47055468261235,69.83946400194917,68.53858610843082,68.5580062866211,13635600,0.0,0.0
2024-09-20 00:00:00-04:00,68.35413609493256,69.70354956617531,68.32500582882356,69.5482177734375,48578500,0.0,0.0
2024-09-23 00:00:00-04:00,69.46086026702794,70.09187540738317,69.10166099403615,69.63560485839844,11613000,0.0,0.0
2024-09-24 00:00:00-04:00,69.14049516080186,69.7229746733745,68.53859546738711,69.24728393554688,13330600,0.0,0.0
2024-09-25 00:00:00-04:00,69.61617235730347,69.82003977671737,69.22785028891286,69.36376190185547,12329100,0.0,0.0
2024-09-26 00:00:00-04:00,68.79100517540277,69.51910640934511,68.77158499478554,69.31523895263672,10815200,0.0,0.0
2024-09-27 00:00:00-04:00,69.45114725658621,70.09187246025185,69.37348135110298,69.69384765625,11175700,0.0,0.0
2024-09-30 00:00:00-04:00,69.89770665880724,70.09186399243069,69.59676056970262,69.76179504394531,18015300,0.0,0.0
2024-10-01 00:00:00-04:00,69.99479244362924,70.62581495201759,69.53851451592337,69.61618041992188,13294500,0.0,0.0
2024-10-02 00:00:00-04:00,69.30552455551555,69.34435750770808,68.35414314999747,68.9366226196289,11155500,0.0,0.0
2024-10-03 00:00:00-04:00,68.79100628677224,68.91720783630811,68.15027363536967,68.46092987060547,9374800,0.0,0.0
2024-10-04 00:00:00-04:00,67.91727210001599,68.22792828397415,67.68428181370429,68.12113952636719,12684800,0.0,0.0
2024-10-07 00:00:00-04:00,68.00465252072459,68.0531881549476,66.85910637894159,66.9950180053711,14512000,0.0,0.0
2024-10-08 00:00:00-04:00,67.02413781822983,67.41245990748955,66.84939324839435,67.16004943847656,13549700,0.0,0.0
2024-10-09 00:00:00-04:00,67.16976383666682,67.70370026285316,67.05326498042682,67.53866577148438,9037700,0.0,0.0
2024-10-10 00:00:00-04:00,67.79107880131392,67.8687447083892,66.97560159028053,67.22801208496094,8635200,0.0,0.0
2024-10-11 00:00:00-04:00,67.43187700492145,67.55807854421023,66.98530916594389,67.53866577148438,8786300,0.0,0.0
2024-10-14 00:00:00-04:00,67.53866464205544,68.4123875326737,67.441585966793,68.28617858886719,7659300,0.0,0.0
2024-10-15 00:00:00-04:00,68.402677443159,69.13077861756953,68.1114414173717,68.28617858886719,10358700,0.0,0.0
2024-10-16 00:00:00-04:00,68.04347247784929,68.63566197578895,67.92698103997758,68.50946044921875,7937300,0.0,0.0
2024-10-17 00:00:00-04:00,68.56771268036435,68.62596581146032,67.54837546903777,67.8590316772461,14674600,0.0,0.0
2024-10-18 00:00:00-04:00,67.82991362212721,68.49005903718302,67.57750312049825,68.38327026367188,15087500,0.0,0.0
2024-10-21 00:00:00-04:00,67.95610873398185,68.27647502417564,67.28625329205447,67.42216491699219,11981200,0.0,0.0
2024-10-22 00:00:00-04:00,66.98530718063924,67.7134083456462,66.67465097983474,67.42216491699219,18603300,0.0,0.0
2024-10-23 00:00:00-04:00,65.0340014813676,66.69407144015285,64.63597665006137,66.02422332763672,24655200,0.0,0.0
2024-10-24 00:00:00-04:00,65.67473240064167,66.05334444755754,64.99516680894054,65.33495330810547,17568800,0.0,0.0
2024-10-25 00:00:00-04:00,65.11166328687348,65.7232656310341,64.83984002280211,64.9660415649414,11138100,0.0,0.0
2024-10-28 00:00:00-04:00,65.0048762570076,65.43203134433536,64.6553870776719,64.72334289550781,10761400,0.0,0.0
2024-10-29 00:00:00-04:00,64.35444039593374,64.40297603304508,63.60691899945876,63.645751953125,16525900,0.0,0.0
2024-10-30 00:00:00-04:00,63.597218246946106,64.59714276266833,63.412763563088255,63.995243072509766,14177800,0.0,0.0
2024-10-31 00:00:00-04:00,63.88844642006335,64.06319099200441,63.35451002169696,63.403045654296875,13383700,0.0,0.0
2024-11-01 00:00:00-04:00,63.558376586466224,63.7428312450592,62.99530992827657,63.11180877685547,12163100,0.0,0.0
2024-11-04 00:00:00-05:00,63.17976995930142,63.50983894840038,62.7623249746814,63.208892822265625,10984500,0.0,0.0
2024-11-05 00:00:00-05:00,62.75261150686966,63.55837856977137,62.75261150686966,63.461299896240234,8780200,0.0,0.0
2024-11-06 00:00:00-05:00,62.539035804842165,62.9661908687892,61.33524392337028,61.84006118774414,22899300,0.0,0.0
2024-11-07 00:00:00-05:00,62.412829740898026,62.509908410221264,61.74297433130055,61.80122375488281,14856100,0.0,0.0
2024-11-08 00:00:00-05:00,62.04393207140302,62.36429468381831,61.87889757177091,62.05363845825195,14719300,0.0,0.0
2024-11-11 00:00:00-05:00,62.12159289163407,62.247798130219806,61.403198114277636,61.509986877441406,13980900,0.0,0.0
2024-11-12 00:00:00-05:00,61.82064050024035,61.8885963097271,61.2769903210325,61.35465621948242,15021000,0.0,0.0
2024-11-13 00:00:00-05:00,61.209035093392316,61.4129025237905,60.66538861233049,61.16049575805664,13177600,0.0,0.0
2024-11-14 00:00:00-05:00,61.26728683210897,61.26728683210897,60.60714147732835,60.723636627197266,15910800,0.0,0.0
2024-11-15 00:00:00-05:00,60.6653913646605,60.801302991092136,59.59750742225723,59.93729019165039,26284300,0.0,0.0
2024-11-18 00:00:00-05:00,60.044077141643854,60.325610492859006,59.76254749374289,60.05378723144531,16062100,0.0,0.0
2024-11-19 00:00:00-05:00,60.092614724474615,60.79158929079417,59.830497873362084,60.76246643066406,16254800,0.0,0.0
2024-11-20 00:00:00-05:00,60.86925783035833,61.170203940266155,60.209112481126816,61.15079116821289,18904900,0.0,0.0
2024-11-21 00:00:00-05:00,61.30612194068559,61.94685084248458,61.11196088186168,61.89830780029297,17292300,0.0,0.0
2024-11-22 00:00:00-05:00,62.36429468381831,62.59729240796457,61.79152527687323,62.05363845825195,19562200,0.0,0.0
2024-11-25 00:00:00-05:00,62.44195645509161,62.82056847346044,61.975972147613504,62.50020217895508,36805300,0.0,0.0
2024-11-26 00:00:00-05:00,62.43224354327773,62.75260982330071,62.18954316264719,62.66524124145508,14473300,0.0,0.0
2024-11-27 00:00:00-05:00,63.06326783841962,63.19917946297389,62.37399962628637,62.548744201660156,13263400,0.0,0.0
2024-11-29 00:00:00-05:00,62.62210261850255,62.84708378963255,62.37756516784404,62.6807975769043,10648400,0.485,0.0
2024-12-02 00:00:00-05:00,62.6514526179939,62.788395080276366,61.96673284377709,62.26018524169922,16500100,0.0,0.0
2024-12-03 00:00:00-05:00,62.32865982170544,62.68079973301038,61.653723747903506,62.133026123046875,24874500,0.0,0.0
2024-12-04 00:00:00-05:00,61.898263319185205,61.966734552214206,60.548398669697185,60.851627349853516,28137700,0.0,0.0
2024-12-05 00:00:00-05:00,61.10595614521318,61.741761025280816,60.744032483224245,61.54612731933594,21040400,0.0,0.0
2024-12-06 00:00:00-05:00,61.458094752312995,61.976520890262556,61.145078590668966,61.164642333984375,15581100,0.0,0.0
2024-12-09 00:00:00-05:00,61.32114349246639,61.55590466149001,60.54839621794349,61.23310852050781,22348300,0.0,0.0
2024-12-10 00:00:00-05:00,61.330932726365496,61.66350890230786,60.44080292184365,61.536346435546875,14949400,0.0,0.0
2024-12-11 00:00:00-05:00,61.624375757428126,62.24062055979502,61.03747843325159,61.27223587036133,32819000,0.0,0.0
2024-12-12 00:00:00-05:00,62.162364824332016,62.52428471205125,61.839572419447876,62.4460334777832,17542100,0.0,0.0
2024-12-13 00:00:00-05:00,62.181931312038884,62.44603623573683,61.73197643376934,61.741756439208984,13429000,0.0,0.0
2024-12-16 00:00:00-05:00,61.84935642719752,62.465601261824574,60.98857040612825,61.1842041015625,24559700,0.0,0.0
2024-12-17 00:00:00-05:00,61.086386853201475,62.16236654106673,60.959224396176666,62.01564407348633,21902400,0.0,0.0
2024-12-18 00:00:00-05:00,61.43852593672239,62.25040069457088,61.41896219502214,61.4776496887207,20946100,0.0,0.0
2024-12-19 00:00:00-05:00,61.330924984805456,61.79065983807577,61.037476332815416,61.08638381958008,21300600,0.0,0.0
2024-12-20 00:00:00-05:00,61.105952862230225,61.683070211489955,60.920099172436615,61.1842041015625,42458100,0.0,0.0
2024-12-23 00:00:00-05:00,61.13529635726994,61.389617548299135,60.18647536375635,61.01791763305664,13010800,0.0,0.0
2024-12-24 00:00:00-05:00,60.84184400508087,61.46786880493164,60.6559903272862,61.46786880493164,5019100,0.0,0.0
2024-12-26 00:00:00-05:00,61.25267717631586,61.370059635945985,61.03748346313229,61.20376968383789,7943800,0.0,0.0
2024-12-27 00:00:00-05:00,61.08638381958008,61.575466150030834,60.85162265914681,61.08638381958008,8542800,0.0,0.0
2024-12-30 00:00:00-05:00,60.978788588343185,60.978788588343185,60.33320002457718,60.67555618286133,8972200,0.0,0.0
2024-12-31 00:00:00-05:00,60.665778133504254,61.066825531025835,60.450580694843076,60.900535583496094,9256700,0.0,0.0
