Date,Open,High,Low,Close,Volume,Dividends,Stock Splits
2000-01-03 00:00:00-05:00,27.181783626100415,27.213298737550968,26.646026731441044,27.024208068847656,4275000,0.0,0.0
2000-01-04 00:00:00-05:00,26.819372222483086,27.323614238416965,26.157554576569872,26.504220962524414,4270800,0.0,0.0
2000-01-05 00:00:00-05:00,26.441184965191464,26.567245441783555,25.842397701379024,25.99997329711914,5098400,0.0,0.0
2000-01-06 00:00:00-05:00,26.50421900655276,27.591490773171156,26.48846144471771,27.197551727294922,6524200,0.0,0.0
2000-01-07 00:00:00-05:00,27.62300395965576,29.498153686523438,27.52845859527588,29.372093200683594,9832000,0.0,0.0
2000-01-10 00:00:00-05:00,29.198768606468676,29.576950175035996,28.836344603258325,29.230283737182617,6862000,0.0,0.0
2000-01-11 00:00:00-05:00,29.08846832081011,29.687255859375,28.852104818745026,29.687255859375,4421800,0.0,0.0
2000-01-12 00:00:00-05:00,29.403598815966873,29.84481037376273,29.27753837088234,29.498144149780273,6231600,0.0,0.0
2000-01-13 00:00:00-05:00,29.46663081127664,29.49814592444378,28.883601217684536,28.99390411376953,5285200,0.0,0.0
2000-01-14 00:00:00-05:00,29.119962814526676,29.49814414978027,29.088447703255543,29.498144149780273,4904400,0.0,0.0
2000-01-18 00:00:00-05:00,29.482391357421875,29.75026984650588,29.261785542882105,29.482391357421875,4456800,0.0,0.0
2000-01-19 00:00:00-05:00,28.820645052330207,29.326270404125474,28.710039506624994,29.168262481689453,5553400,0.16,0.0
2000-01-20 00:00:00-05:00,28.820653666528575,28.88385685439377,27.208972375966123,28.45723533630371,10231800,0.0,0.0
2000-01-21 00:00:00-05:00,28.47303525863155,28.47303525863155,25.154867997636753,25.960708618164062,24378800,0.0,0.0
2000-01-24 00:00:00-05:00,24.27001775568182,27.52498107447769,23.969802692297737,26.071308135986328,28554600,0.0,0.0
2000-01-25 00:00:00-05:00,26.197720449398723,26.2135212458097,24.522836029835233,24.649242401123047,17097800,0.0,0.0
2000-01-26 00:00:00-05:00,25.028458892632713,25.486681940540763,24.981056508366365,25.439279556274414,10243200,0.0,0.0
2000-01-27 00:00:00-05:00,25.78689855627111,26.403129587946708,25.58148821237925,26.308324813842773,8989000,0.0,0.0
2000-01-28 00:00:00-05:00,26.213537889997536,26.213537889997536,25.123282245386424,25.360294342041016,9583400,0.0,0.0
2000-01-31 00:00:00-05:00,25.344482034979297,25.565693224810786,24.87045805676896,25.54989242553711,4518200,0.0,0.0
2000-02-01 00:00:00-05:00,25.45508808586466,25.502490484534796,24.965263299606555,25.15487289428711,4044200,0.0,0.0
2000-02-02 00:00:00-05:00,25.21807681471676,25.281280014753644,24.854658414504677,24.93366241455078,3920800,0.0,0.0
2000-02-03 00:00:00-05:00,25.233879965638963,25.233879965638963,24.443839891573873,24.728254318237305,6259600,0.0,0.0
2000-02-04 00:00:00-05:00,24.680836898984882,24.69663769085363,23.764390970597482,23.95400047302246,7647800,0.0,0.0
2000-02-07 00:00:00-05:00,23.764396687934607,23.96980703164681,23.400978387520716,23.574787139892578,6464400,0.0,0.0
2000-02-08 00:00:00-05:00,23.764408480093934,24.23843258541496,23.464193213390622,24.206830978393555,6787800,0.0,0.0
2000-02-09 00:00:00-05:00,24.080408715187236,24.238416646389254,23.7011896803024,23.764392852783203,6255800,0.0,0.0
2000-02-10 00:00:00-05:00,23.70119323000383,23.93820516230387,22.76894629629035,23.11656379699707,5267800,0.0,0.0
2000-02-11 00:00:00-05:00,23.08496555709839,23.74859906387329,23.08496555709839,23.701196670532227,5335000,0.0,0.0
2000-02-14 00:00:00-05:00,23.685401824380268,23.717003427881775,23.005967349097844,23.2271785736084,5252200,0.0,0.0
2000-02-15 00:00:00-05:00,23.385189195837118,24.22263178190426,23.290384374772913,24.206830978393555,6864000,0.0,0.0
2000-02-16 00:00:00-05:00,24.22262144049134,24.333227017845182,23.51158558607379,23.776248931884766,5314600,0.0,0.0
2000-02-17 00:00:00-05:00,23.764395710642006,24.017208430967987,23.51158299031603,23.811798095703125,4682400,0.0,0.0
2000-02-18 00:00:00-05:00,23.71699421063262,23.87500216673277,23.258771137942183,23.673542022705078,4651600,0.0,0.0
2000-02-22 00:00:00-05:00,23.337769527614995,23.622183780490467,22.768941021864055,23.479976654052734,5226800,0.0,0.0
2000-02-23 00:00:00-05:00,23.479980484534952,23.479980484534952,22.7847455307533,22.911151885986328,5357000,0.0,0.0
2000-02-24 00:00:00-05:00,22.84794807434082,22.97435442606608,21.884099642435707,22.373924255371094,7223200,0.0,0.0
2000-02-25 00:00:00-05:00,22.437137374093705,22.50034057796439,21.52069091796875,21.52069091796875,7177200,0.0,0.0
2000-02-28 00:00:00-05:00,21.694496288326537,22.753149785280563,21.489085908320533,22.342329025268555,7081600,0.0,0.0
2000-02-29 00:00:00-05:00,22.626740196521048,22.72154497388077,22.057911532362695,22.215919494628906,6661800,0.0,0.0
2000-03-01 00:00:00-05:00,22.247526779390935,22.421335582354928,21.963112374540767,22.31072998046875,4153600,0.0,0.0
2000-03-02 00:00:00-05:00,22.24752975824311,22.35813537493892,21.915712908155676,22.073720932006836,3565800,0.0,0.0
2000-03-03 00:00:00-05:00,22.200119625131993,22.70574512549087,21.9947092656112,22.35812759399414,4902200,0.0,0.0
2000-03-06 00:00:00-05:00,22.34232812953728,22.358128927365808,21.899905790338522,22.105316162109375,3668600,0.0,0.0
2000-03-07 00:00:00-05:00,14.663141031734277,18.297324692616694,14.47353144942737,15.421579360961914,137287200,0.0,0.0
2000-03-08 00:00:00-05:00,15.42157557914997,15.595384320308423,14.441926310802328,14.663137435913086,74584200,0.0,0.0
2000-03-09 00:00:00-05:00,14.789543151855467,15.042355855305988,14.283917744954426,14.599933624267578,34217200,0.0,0.0
2000-03-10 00:00:00-05:00,14.441925008906876,14.599932941170627,13.335869483060616,13.588682174682617,48561600,0.0,0.0
2000-03-13 00:00:00-05:00,13.588684302750632,14.47352886199951,13.46227793714365,14.473528861999512,35996800,0.0,0.0
2000-03-14 00:00:00-05:00,14.520936204713557,14.663143414552971,13.936306564262631,14.094314575195312,20742000,0.0,0.0
2000-03-15 00:00:00-05:00,14.268113270784035,14.789539337158201,13.809890363970373,14.789539337158203,24737400,0.0,0.0
2000-03-16 00:00:00-05:00,15.089768377873495,15.295178837467585,14.852756309111085,15.137170791625977,27405200,0.0,0.0
2000-03-17 00:00:00-05:00,15.137161279707307,15.137161279707307,14.410324725566873,14.56833267211914,22202400,0.0,0.0
2000-03-20 00:00:00-05:00,14.757946352804861,14.92385474328072,14.52093436641078,14.694743156433105,11856000,0.0,0.0
2000-03-21 00:00:00-05:00,14.457736046690691,14.536740068803754,14.189122371506272,14.410333633422852,14933000,0.0,0.0
2000-03-22 00:00:00-05:00,14.473536851113304,14.584142482071593,13.99951271843492,14.410333633422852,15490200,0.0,0.0
2000-03-23 00:00:00-05:00,14.141710915740527,14.378722830529473,14.046906149824947,14.204914093017578,13621800,0.0,0.0
2000-03-24 00:00:00-05:00,14.268116950988768,14.283917744954426,13.93630027770996,14.26811695098877,14311600,0.0,0.0
2000-03-27 00:00:00-05:00,14.220721689284655,14.410331311808452,13.936307255498964,13.96790885925293,11909400,0.0,0.0
2000-03-28 00:00:00-05:00,13.952110305167082,14.441935242268077,13.952110305167082,14.410333633422852,12057600,0.0,0.0
2000-03-29 00:00:00-05:00,14.457736700868454,14.852756829307483,14.441935895730891,14.836956024169922,15731600,0.0,0.0
2000-03-30 00:00:00-05:00,14.900149355674612,15.200364454039212,14.663137435913086,14.663137435913086,16008000,0.0,0.0
2000-03-31 00:00:00-05:00,15.042360188152294,15.042360188152294,14.220718665270027,14.347125053405762,12033600,0.0,0.0
2000-04-03 00:00:00-04:00,14.347123346408875,15.168764771533613,14.347123346408875,15.0423583984375,10071400,0.0,0.0
2000-04-04 00:00:00-04:00,15.389970884548399,16.180010457677167,15.168759804072344,16.053604125976562,27514000,0.0,0.0
2000-04-05 00:00:00-04:00,15.848197966057638,16.085209899747433,15.563783645629883,15.563783645629883,13620000,0.0,0.0
2000-04-06 00:00:00-04:00,15.674386985748413,15.911398885734528,15.42157429242989,15.863996505737305,7827000,0.0,0.0
2000-04-07 00:00:00-04:00,16.022008574537455,16.116813359002172,15.800797410786444,16.037809371948242,7794800,0.0,0.0
2000-04-10 00:00:00-04:00,16.164210379123688,16.685636520385742,16.11680800264532,16.685636520385742,11747000,0.0,0.0
2000-04-11 00:00:00-04:00,16.59083900200457,16.891054183945606,16.116815030518726,16.796249389648438,10197600,0.0,0.0
2000-04-12 00:00:00-04:00,17.175467091277444,18.392128513566647,17.096463102817104,17.52308464050293,20645800,0.0,0.0
2000-04-13 00:00:00-04:00,17.57048797607422,17.665292767312028,16.98585843010772,17.57048797607422,11353400,0.0,0.0
2000-04-14 00:00:00-04:00,17.191265893360924,17.2544690767924,15.67438949100555,15.927202224731445,17381800,0.0,0.0
2000-04-17 00:00:00-04:00,15.895603943562163,17.47568385842918,15.864002345264824,17.444082260131836,15054000,0.0,0.0
2000-04-18 00:00:00-04:00,17.414239365533486,17.414239365533486,16.604643916452165,16.77926254272461,14387600,0.16,0.0
2000-04-19 00:00:00-04:00,16.842760225005495,17.2078718981206,16.652267178162834,16.77926254272461,7923200,0.0,0.0
2000-04-20 00:00:00-04:00,16.795136345373102,17.52535966473715,16.795136345373102,17.509485244750977,8139200,0.0,0.0
2000-04-24 00:00:00-04:00,17.509481145980512,18.03333688289561,17.39836023208943,17.906341552734375,8723200,0.0,0.0
2000-04-25 00:00:00-04:00,17.906353264003414,17.906353264003414,16.112543052272574,16.318910598754883,20658400,0.0,0.0
2000-04-26 00:00:00-04:00,16.064907258430136,16.096656087004106,15.207688886932875,15.429930686950684,24605400,0.0,0.0
2000-04-27 00:00:00-04:00,15.23944047931773,15.810919497292145,15.048947473326258,15.461682319641113,15193000,0.0,0.0
2000-04-28 00:00:00-04:00,15.477558284623852,15.477558284623852,15.017200140773502,15.175944328308105,10627400,0.0,0.0
2000-05-01 00:00:00-04:00,15.191825579174274,15.350569838099815,14.921960339000854,15.164045333862305,7527600,0.0,0.0
2000-05-02 00:00:00-04:00,15.096572675675061,15.2553168678483,14.985451741153794,15.191819190979004,5692200,0.0,0.0
2000-05-03 00:00:00-04:00,15.398183822631836,15.652174483623702,15.31881174107188,15.398183822631836,7259400,0.0,0.0
2000-05-04 00:00:00-04:00,15.382304241886551,15.668043639568655,15.239434543045501,15.350555419921875,6600800,0.0,0.0
2000-05-05 00:00:00-04:00,15.302938147981555,15.461682319641115,15.191817227819863,15.461682319641113,4403000,0.0,0.0
2000-05-08 00:00:00-04:00,15.271197125178679,15.588685630899649,15.25532269989263,15.541062355041504,5588600,0.0,0.0
2000-05-09 00:00:00-04:00,15.556929766894338,16.017287892649374,15.556929766894338,15.937915802001953,8452800,0.0,0.0
2000-05-10 00:00:00-04:00,16.08078436215409,16.461770368759915,15.985537860502637,16.30302619934082,8208000,0.0,0.0
2000-05-11 00:00:00-04:00,16.350645743883575,16.557013117350067,16.0649063036992,16.509389877319336,6666800,0.0,0.0
2000-05-12 00:00:00-04:00,16.509389301024914,16.65225901612994,16.16015221965708,16.287147521972656,4255800,0.0,0.0
2000-05-15 00:00:00-04:00,16.223658942073758,16.57289621871331,16.08078914708485,16.477649688720703,4648000,0.0,0.0
2000-05-16 00:00:00-04:00,16.477650864179747,16.588771823764773,16.22366009941397,16.382404327392578,6308800,0.0,0.0
2000-05-17 00:00:00-04:00,16.382394570570728,16.509389877319336,16.19190161044781,16.509389877319336,6044400,0.0,0.0
2000-05-18 00:00:00-04:00,16.44590187072754,16.58877167462382,16.38240418010697,16.44590187072754,5166400,0.0,0.0
2000-05-19 00:00:00-04:00,16.31889547738287,16.55701165652756,16.27127224155393,16.5252628326416,5963800,0.0,0.0
2000-05-22 00:00:00-04:00,16.557021797047874,16.604645062044177,16.334779893731795,16.477649688720703,6186200,0.0,0.0
2000-05-23 00:00:00-04:00,16.35064697265625,16.557014361631524,16.191902827290654,16.35064697265625,5295400,0.0,0.0
2000-05-24 00:00:00-04:00,16.398275149162625,16.826884470583142,16.350651891227013,16.731637954711914,8813600,0.0,0.0
2000-05-25 00:00:00-04:00,16.66814071872223,16.76338723711493,16.4458988424726,16.747512817382812,6617400,0.0,0.0
2000-05-26 00:00:00-04:00,16.699897435026347,16.874516134442022,16.668148580587133,16.826892852783203,4463400,0.0,0.0
2000-05-30 00:00:00-04:00,16.842754930088784,16.85862934566851,16.699885189871253,16.79513168334961,4370000,0.0,0.0
2000-05-31 00:00:00-04:00,16.763383621560003,16.98562544987614,16.652262707401935,16.890378952026367,4208800,0.0,0.0
2000-06-01 00:00:00-04:00,16.79513961065383,16.858637302943638,16.60464653378441,16.66814422607422,7701000,0.0,0.0
2000-06-02 00:00:00-04:00,16.604656290262938,16.604656290262938,16.12842331826687,16.25541877746582,10462600,0.0,0.0
2000-06-05 00:00:00-04:00,16.255406280848963,16.255406280848963,15.874420196141566,16.080787658691406,7586600,0.0,0.0
2000-06-06 00:00:00-04:00,15.96966817350727,16.17603565487466,15.906170486932687,16.06491470336914,4348200,0.0,0.0
2000-06-07 00:00:00-04:00,15.969665097708654,16.22365579508772,15.715674400329592,15.71567440032959,6278000,0.0,0.0
2000-06-08 00:00:00-04:00,14.890202109710028,15.23943925940472,14.191727810320646,14.604462623596191,45193400,0.0,0.0
2000-06-09 00:00:00-04:00,14.429851892747378,14.604470562516598,14.175861100355784,14.4774751663208,17979000,0.0,0.0
2000-06-12 00:00:00-04:00,14.477473629023178,14.5250968975397,14.23935728644056,14.318729400634766,9321800,0.0,0.0
2000-06-13 00:00:00-04:00,14.175861100355784,14.4774751663208,14.175861100355784,14.4774751663208,9267200,0.0,0.0
2000-06-14 00:00:00-04:00,14.413977468222903,14.50922401536975,14.239358798453683,14.4774751663208,8078800,0.0,0.0
2000-06-15 00:00:00-04:00,14.525089946612386,14.604462022823384,14.334596963705994,14.413969039916992,11457600,0.0,0.0
2000-06-16 00:00:00-04:00,14.477472202197927,14.525095466020947,14.096486091613771,14.09648609161377,11573400,0.0,0.0
2000-06-19 00:00:00-04:00,14.271099373225049,14.350471449828081,13.985359897454137,14.24728775024414,6712600,0.0,0.0
2000-06-20 00:00:00-04:00,14.191731798163365,14.223480638875142,13.953615492825055,14.032987594604492,8000000,0.0,0.0
2000-06-21 00:00:00-04:00,14.064733433149932,14.08060785011737,13.778993927736051,13.858366012573242,8198000,0.0,0.0
2000-06-22 00:00:00-04:00,13.874245943153152,13.92186921298091,13.731376133669883,13.7472505569458,7189600,0.0,0.0
2000-06-23 00:00:00-04:00,13.905990978149829,14.080609586322945,13.7789956267512,13.953614234924316,8417000,0.0,0.0
2000-06-26 00:00:00-04:00,13.96949065133427,14.175858126865345,13.953616230139573,14.12823486328125,7171200,0.0,0.0
2000-06-27 00:00:00-04:00,14.096486020891856,14.382225602396419,14.001239493723666,14.12823486328125,8516400,0.0,0.0
2000-06-28 00:00:00-04:00,14.096481181599419,14.223476507559774,14.001234687129152,14.108386993408203,7391200,0.0,0.0
2000-06-29 00:00:00-04:00,13.9853613382175,14.001235755173477,13.620249748229982,13.62024974822998,9755000,0.0,0.0
2000-06-30 00:00:00-04:00,13.604373862564826,14.568744588528434,13.525001786353828,14.413969039916992,23969000,0.0,0.0
2000-07-03 00:00:00-04:00,14.413975269735792,14.429849691839026,14.01711471715496,14.191733360290527,5595200,0.0,0.0
2000-07-05 00:00:00-04:00,14.286979075228231,14.30285349642293,14.032988336113062,14.12823486328125,7344000,0.0,0.0
2000-07-06 00:00:00-04:00,14.223480638875142,14.223480638875142,13.969489913180942,14.032987594604492,8129600,0.0,0.0
2000-07-07 00:00:00-04:00,14.144108747295475,14.144108747295475,13.763122653092228,13.93774127960205,8907400,0.0,0.0
2000-07-10 00:00:00-04:00,13.98536280983599,14.144106996099737,13.969488391209616,14.080609321594238,9370400,0.0,0.0
2000-07-11 00:00:00-04:00,14.096484385380128,14.128233224085939,13.842493675733639,14.001237869262695,6966600,0.0,0.0
2000-07-12 00:00:00-04:00,13.937740191851072,14.096484385380128,13.76312157896911,14.001237869262695,8533200,0.0,0.0
2000-07-13 00:00:00-04:00,14.032984599215057,14.08060785011737,13.79486834470349,13.858366012573242,7299000,0.0,0.0
2000-07-14 00:00:00-04:00,13.905990894351687,14.286976946251734,13.890116475522518,14.223479270935059,10094200,0.0,0.0
2000-07-17 00:00:00-04:00,14.286974012718966,14.540964661833971,14.239350766009904,14.25522518157959,7941200,0.0,0.0
2000-07-18 00:00:00-04:00,14.271099541831937,14.794955253601074,14.22347629530747,14.794955253601074,8984800,0.0,0.0
2000-07-19 00:00:00-04:00,14.804533203358883,15.107970237731934,14.70871098197792,15.107970237731934,9620800,0.175,0.0
2000-07-20 00:00:00-04:00,15.139917963642185,15.219769851636078,14.948273432456842,15.07603645324707,10271200,0.0,0.0
2000-07-21 00:00:00-04:00,15.139910978192255,15.187822088882736,15.02811838658113,15.107970237731934,6091600,0.0,0.0
2000-07-24 00:00:00-04:00,15.123947586043407,15.187829096438522,15.07603645324707,15.07603645324707,7881800,0.0,0.0
2000-07-25 00:00:00-04:00,15.20380039018454,15.539178339968023,15.187830011623422,15.491267204284668,8473000,0.0,0.0
2000-07-26 00:00:00-04:00,15.139915478298214,15.3155896030464,15.139915478298214,15.243722915649414,7409800,0.0,0.0
2000-07-27 00:00:00-04:00,15.21976661682129,15.52320372670545,15.155885120003573,15.219766616821289,6010400,0.0,0.0
2000-07-28 00:00:00-04:00,15.315594566409667,15.331564946562334,15.07603886411963,15.123950004577637,8274000,0.0,0.0
2000-07-31 00:00:00-04:00,15.012157841732629,15.076039364463405,14.437224137155635,14.564987182617188,11908800,0.0,0.0
2000-08-01 00:00:00-04:00,14.309454345703127,15.331558227539064,14.14975061416626,15.012150764465332,15932400,0.0,0.0
2000-08-02 00:00:00-04:00,15.171857756011338,15.235739262352439,14.724687211623637,14.868420600891113,9127000,0.0,0.0
2000-08-03 00:00:00-04:00,14.932304321757174,15.092008111294684,14.772600532219665,14.836482048034668,5004600,0.0,0.0
2000-08-04 00:00:00-04:00,14.836483705017821,14.836483705017821,14.596927993957253,14.660809516906738,4710200,0.0,0.0
2000-08-07 00:00:00-04:00,14.644834956663704,14.75662758992068,14.564983075765864,14.596923828125,4082800,0.0,0.0
2000-08-08 00:00:00-04:00,14.564986473691148,14.564986473691148,14.37334191482679,14.437223434448242,5072400,0.0,0.0
2000-08-09 00:00:00-04:00,14.45318947621641,14.501100601551935,14.309456100209838,14.389307975769043,6841600,0.0,0.0
2000-08-10 00:00:00-04:00,14.453193068635477,14.549015343123669,14.389311552310016,14.517074584960938,3769400,0.0,0.0
2000-08-11 00:00:00-04:00,14.533048136551493,14.948278083310107,14.42125545857802,14.88439655303955,5727400,0.0,0.0
2000-08-14 00:00:00-04:00,14.900361719010752,15.251710012492248,14.836480211105025,15.139917373657227,6100200,0.0,0.0
2000-08-15 00:00:00-04:00,15.267676190076122,16.03425407409668,15.219765072324837,16.03425407409668,15182000,0.0,0.0
2000-08-16 00:00:00-04:00,15.842609603091539,16.082165191847963,15.6509651320864,16.03425407409668,8558200,0.0,0.0
2000-08-17 00:00:00-04:00,15.970381388223792,16.018292532388465,15.714855286012211,15.906499862670898,6430000,0.0,0.0
2000-08-18 00:00:00-04:00,15.906498068854923,16.146053762662977,15.874557309680515,16.098142623901367,7448400,0.0,0.0
2000-08-21 00:00:00-04:00,16.146047592163086,16.20992908609845,16.098136471711566,16.146047592163086,3784200,0.0,0.0
2000-08-22 00:00:00-04:00,16.209926958437322,16.433512157864044,16.193956587049698,16.385601043701172,6165600,0.0,0.0
2000-08-23 00:00:00-04:00,16.36964164971147,16.481434324392424,16.32173050341963,16.433523178100586,3967400,0.0,0.0
2000-08-24 00:00:00-04:00,16.417542579749373,16.417542579749373,15.874549926333538,16.082164764404297,8534200,0.0,0.0
2000-08-25 00:00:00-04:00,15.874550348259064,16.03425407409668,15.682905877253923,16.03425407409668,6586000,0.0,0.0
2000-08-28 00:00:00-04:00,16.03425407409668,16.16201705476677,15.922461466010349,16.03425407409668,4082400,0.0,0.0
2000-08-29 00:00:00-04:00,16.098144790649414,16.098144790649414,15.890529828071594,15.970381736755371,3541200,0.0,0.0
2000-08-30 00:00:00-04:00,15.858588218688963,15.922469742228495,15.730825171609897,15.858588218688965,3840600,0.0,0.0
2000-08-31 00:00:00-04:00,15.810676210300773,15.906498490363203,15.682913170217535,15.798698425292969,5414600,0.0,0.0
2000-09-01 00:00:00-04:00,15.746783812031483,15.762754181009203,15.587080122254287,15.682902336120605,4314000,0.0,0.0
2000-09-05 00:00:00-04:00,15.69888524723053,16.018292881965635,15.619033338546753,15.970381736755371,4975200,0.0,0.0
2000-09-06 00:00:00-04:00,16.034256297144395,16.449486041891163,15.970374797952585,16.209930419921875,11835000,0.0,0.0
2000-09-07 00:00:00-04:00,16.27381383206792,16.3057545854184,15.98634705191363,16.002317428588867,5867800,0.0,0.0
2000-09-08 00:00:00-04:00,16.034256297144395,16.225900794719827,16.00231554754849,16.209930419921875,6683600,0.0,0.0
2000-09-11 00:00:00-04:00,16.177993350347517,16.289785999362753,15.9384376738863,16.01828956604004,4906600,0.0,0.0
2000-09-12 00:00:00-04:00,15.986342249587695,16.177986712120216,15.922460762076856,16.114105224609375,4787400,0.0,0.0
2000-09-13 00:00:00-04:00,16.098144790649414,16.098144790649414,15.874559446334839,15.970381736755371,4186000,0.0,0.0
2000-09-14 00:00:00-04:00,15.794706153529292,15.906498815889965,15.347535504086602,15.66295051574707,12514200,0.0,0.0
2000-09-15 00:00:00-04:00,15.954411355018616,16.114115172386168,15.826648301124573,15.970381736755371,9089400,0.0,0.0
2000-09-18 00:00:00-04:00,15.82664730659193,15.970380733190646,15.587091595594071,15.874558448791504,7709000,0.0,0.0
2000-09-19 00:00:00-04:00,15.810681319818263,15.954414786362067,15.666947853274461,15.714859008789062,5732000,0.0,0.0
2000-09-20 00:00:00-04:00,15.587093279986096,15.794708251953123,15.459330220314078,15.794708251953125,7455800,0.0,0.0
2000-09-21 00:00:00-04:00,15.730816715991283,16.193957512705747,15.714846343690784,16.066194534301758,7402200,0.0,0.0
2000-09-22 00:00:00-04:00,16.16202395862796,16.44949078793162,16.098142441004924,16.321727752685547,8796800,0.0,0.0
2000-09-25 00:00:00-04:00,16.36963683779877,16.36963683779877,15.890525515716854,16.130081176757812,6810200,0.0,0.0
2000-09-26 00:00:00-04:00,16.1141170306727,16.177998564986567,15.443360920377106,15.778738975524902,13506200,0.0,0.0
2000-09-27 00:00:00-04:00,15.74679820836797,15.938442811309569,15.363509002484774,15.778738975524902,9776000,0.0,0.0
2000-09-28 00:00:00-04:00,15.714844861284357,17.327852311477162,15.60305226572644,17.104267120361328,30100800,0.0,0.0
2000-09-29 00:00:00-04:00,17.120243072509766,17.295917208514997,16.976509688505484,17.120243072509766,10724400,0.0,0.0
2000-10-02 00:00:00-04:00,17.136214763336604,17.391740798950195,17.008451745529804,17.391740798950195,7292800,0.0,0.0
2000-10-03 00:00:00-04:00,17.375772446745856,17.806972682097086,17.327861309484607,17.58338737487793,8274800,0.0,0.0
2000-10-04 00:00:00-04:00,17.53547690896427,18.06249943901511,17.519506529265758,17.918766021728516,10373400,0.0,0.0
2000-10-05 00:00:00-04:00,18.365931755875888,18.70130964011362,18.270109503236537,18.653398513793945,13064400,0.0,0.0
2000-10-06 00:00:00-04:00,18.68534654051393,19.13251722695358,18.589524250562576,18.892961502075195,9413400,0.0,0.0
2000-10-09 00:00:00-04:00,18.653402626207722,18.79713603685487,18.50966921556057,18.621461868286133,4963800,0.0,0.0
2000-10-10 00:00:00-04:00,18.52564827340548,18.65341136494621,18.413855568307344,18.50967788696289,5001200,0.0,0.0
2000-10-11 00:00:00-04:00,18.46176036523313,18.908931031519053,18.429819603355565,18.78116798400879,7388600,0.0,0.0
2000-10-12 00:00:00-04:00,18.717284262483915,19.02072146469142,18.50966933465773,18.813106536865234,7665200,0.0,0.0
2000-10-13 00:00:00-04:00,18.589514064296388,18.76518816627857,18.429810335221674,18.557573318481445,8039400,0.0,0.0
2000-10-16 00:00:00-04:00,18.4937030020017,18.4937030020017,18.158324968286642,18.38191032409668,5669200,0.0,0.0
2000-10-17 00:00:00-04:00,18.27011995567588,18.908935338741472,18.190268032792684,18.733261108398438,6080200,0.0,0.0
2000-10-18 00:00:00-04:00,18.66264764314915,19.24033922969547,18.534271735027744,19.176151275634766,7728600,0.175,0.0
2000-10-19 00:00:00-04:00,19.03171980870913,19.063813771287055,18.56635735132923,18.742874145507812,8159400,0.0,0.0
2000-10-20 00:00:00-04:00,18.534269962670667,18.823115728322676,18.51822297569,18.710786819458008,5297600,0.0,0.0
2000-10-23 00:00:00-04:00,18.66265156583966,18.66265156583966,17.860301971435547,17.860301971435547,6127400,0.0,0.0
2000-10-24 00:00:00-04:00,18.229381049630597,18.91940163513598,18.117052117106464,18.90335464477539,6669200,0.0,0.0
2000-10-25 00:00:00-04:00,18.967546114631254,19.44895591449499,18.79102918801455,19.240345001220703,9293400,0.0,0.0
2000-10-26 00:00:00-04:00,19.288485981207078,19.497096894481366,18.887311147987297,19.240345001220703,5724400,0.0,0.0
2000-10-27 00:00:00-04:00,18.935434076478092,19.753829956054688,18.871246164354435,19.753829956054688,8396400,0.0,0.0
2000-10-30 00:00:00-05:00,19.513129505684706,19.7377872467041,19.079861005147297,19.7377872467041,11799200,0.0,0.0
2000-10-31 00:00:00-05:00,19.25638954783362,19.288483530413345,17.92448927077513,18.341711044311523,23838600,0.0,0.0
2000-11-01 00:00:00-05:00,18.197281370992243,18.213328356328216,17.539354972217392,17.715871810913086,13778200,0.0,0.0
2000-11-02 00:00:00-05:00,17.651684084614153,17.812153939928827,17.2826034173904,17.443073272705078,9018400,0.0,0.0
2000-11-03 00:00:00-05:00,17.394928132221377,17.63563285729824,17.234458315503467,17.523303985595703,6510800,0.0,0.0
2000-11-06 00:00:00-05:00,17.523307862943106,17.71587168561281,17.410978966385777,17.587495803833008,5639600,0.0,0.0
2000-11-07 00:00:00-05:00,17.619597887013057,17.764020820513164,17.33075202001284,17.571456909179688,4861800,0.0,0.0
2000-11-08 00:00:00-05:00,17.52330481308629,18.020761268402843,17.49121084822716,17.828197479248047,5766200,0.0,0.0
2000-11-09 00:00:00-05:00,17.97262562264641,18.357753314560266,17.47516902059102,17.844249725341797,12083400,0.0,0.0
2000-11-10 00:00:00-05:00,18.004724722258082,18.61451040803866,17.97263073879595,18.38985252380371,6250400,0.0,0.0
2000-11-13 00:00:00-05:00,18.357759574705344,18.75893439058614,18.32566558943488,18.550323486328125,6163000,0.0,0.0
2000-11-14 00:00:00-05:00,18.550314474558398,18.710784322954233,18.293562717125063,18.59845542907715,7457600,0.0,0.0
2000-11-15 00:00:00-05:00,18.742882801686275,18.967540643487308,18.64660086948583,18.83916473388672,5518200,0.0,0.0
2000-11-16 00:00:00-05:00,18.662646585778347,19.208244164382357,18.51822369732434,19.01568031311035,5373200,0.0,0.0
2000-11-17 00:00:00-05:00,18.967538304848244,19.44894790649414,18.967538304848244,19.44894790649414,7908000,0.0,0.0
2000-11-20 00:00:00-05:00,19.192204021234332,19.481049901152574,18.983593107960044,19.240345001220703,6071800,0.0,0.0
2000-11-21 00:00:00-05:00,19.03172730071635,19.128009226352354,18.678693573384347,19.01568031311035,5666000,0.0,0.0
2000-11-22 00:00:00-05:00,18.99963267657415,19.49708927536959,18.983585689516232,19.36871337890625,6586600,0.0,0.0
2000-11-24 00:00:00-05:00,19.063824548381294,19.128012509823655,18.85521367369362,18.90335464477539,2753000,0.0,0.0
2000-11-27 00:00:00-05:00,18.710786819458008,18.93544463718735,18.662645858516004,18.710786819458008,5309800,0.0,0.0
2000-11-28 00:00:00-05:00,18.742886168760602,19.031732017251777,18.61451023609786,18.919403076171875,5662800,0.0,0.0
2000-11-29 00:00:00-05:00,18.91938939816307,19.497080677496292,18.871248458218634,19.400798797607422,5280200,0.0,0.0
2000-11-30 00:00:00-05:00,19.19219496890977,19.497087698348974,19.095913054350024,19.224288940429688,6752400,0.0,0.0
2000-12-01 00:00:00-05:00,19.031722493627168,19.208239312708027,18.791017740335086,18.98358154296875,5972200,0.0,0.0
2000-12-04 00:00:00-05:00,18.935447047598917,19.48104467439414,18.75893016834164,19.35266876220703,4900800,0.0,0.0
2000-12-05 00:00:00-05:00,19.25638591398244,19.56127869095383,18.75892927787123,18.79102325439453,7828000,0.0,0.0
2000-12-06 00:00:00-05:00,18.823119436227675,18.98358933764479,18.34170973197633,18.518226623535156,6593000,0.0,0.0
2000-12-07 00:00:00-05:00,18.42193980772007,19.144054173005266,18.42193980772007,18.88730239868164,4193200,0.0,0.0
2000-12-08 00:00:00-05:00,18.87125926770662,18.88730625687984,18.197285722431385,18.293567657470703,6859200,0.0,0.0
2000-12-11 00:00:00-05:00,18.165188881714418,18.165188881714418,17.683779282375696,17.73192024230957,6755800,0.0,0.0
2000-12-12 00:00:00-05:00,18.293572035589804,18.871263784082114,18.101008119425703,18.470088958740234,9310400,0.0,0.0
2000-12-13 00:00:00-05:00,18.389844626162564,18.6465963835959,18.293562717125063,18.59845542907715,3784400,0.0,0.0
2000-12-14 00:00:00-05:00,18.357754168867253,19.1921975401794,18.325660193047554,18.871257781982422,6285000,0.0,0.0
2000-12-15 00:00:00-05:00,18.325660705566406,18.951493251553348,18.325660705566406,18.325660705566406,12218400,0.0,0.0
2000-12-18 00:00:00-05:00,18.6466007232666,18.83916458615748,18.470083848949965,18.6466007232666,5726600,0.0,0.0
2000-12-19 00:00:00-05:00,18.66263833005204,19.192188686794704,18.437980602949093,18.774967193603516,5351600,0.0,0.0
2000-12-20 00:00:00-05:00,18.646595461218652,19.22428688686742,18.454031652669062,18.63054847717285,8324800,0.0,0.0
2000-12-21 00:00:00-05:00,18.63054945004866,19.22428789074789,18.566361510513612,19.128005981445312,6419800,0.0,0.0
2000-12-22 00:00:00-05:00,19.128000007241457,19.128000007241457,18.61449665134236,18.935436248779297,5491800,0.0,0.0
2000-12-26 00:00:00-05:00,18.919397522280136,19.192196299106907,18.67869271919769,19.111961364746094,3554400,0.0,0.0
2000-12-27 00:00:00-05:00,19.09591621822781,20.36362830330344,18.99963428771574,19.64151382446289,14896000,0.0,0.0
2000-12-28 00:00:00-05:00,19.76988797974818,19.930357849713666,19.33661933084136,19.834075927734375,6080000,0.0,0.0
2000-12-29 00:00:00-05:00,19.89827403034347,20.26735491961597,19.609428116999773,20.138978958129883,5280000,0.0,0.0
2001-01-02 00:00:00-05:00,20.058728327417068,20.251292119360272,19.70569470885453,20.155010223388672,6847800,0.0,0.0
2001-01-03 00:00:00-05:00,20.15500803169493,20.331524821781432,18.9996254056742,19.16009521484375,11180000,0.0,0.0
2001-01-04 00:00:00-05:00,19.14405583057717,19.16010281786181,18.309612491775816,18.566364288330078,8341600,0.0,0.0
2001-01-05 00:00:00-05:00,18.55032428808268,19.368720947851035,18.389854354794767,19.240345001220703,8553800,0.0,0.0
2001-01-08 00:00:00-05:00,19.07986877908512,19.85012420498595,19.06382179104552,19.657560348510742,7241800,0.0,0.0
2001-01-09 00:00:00-05:00,19.44894087134893,19.44894087134893,18.903343520172477,19.16009521484375,9482600,0.0,0.0
2001-01-10 00:00:00-05:00,18.903355151894335,19.12801302296948,18.59846232686378,18.951496124267578,5750600,0.0,0.0
2001-01-11 00:00:00-05:00,18.95149449876084,19.03172944583434,18.42194384807574,18.678695678710938,5691800,0.0,0.0
2001-01-12 00:00:00-05:00,18.80706864420573,18.823115631103516,17.988672312418622,18.052860260009766,7568000,0.0,0.0
2001-01-16 00:00:00-05:00,18.21333707052143,18.614511895863313,18.101008119425703,18.470088958740234,4671000,0.0,0.0
2001-01-17 00:00:00-05:00,18.479754681472578,18.512005562243033,18.04436779107139,18.108869552612305,7610400,0.175,0.0
2001-01-18 00:00:00-05:00,18.092748364198552,18.641013466143963,17.995995699149365,18.27012825012207,6797400,0.0,0.0
2001-01-19 00:00:00-05:00,18.07661771561228,18.221746671402208,17.995990517951206,18.04436683654785,6254800,0.0,0.0
2001-01-22 00:00:00-05:00,18.02823728592443,18.18949164447474,17.60897595369363,17.834732055664062,6206800,0.0,0.0
2001-01-23 00:00:00-05:00,17.72185803747306,18.253997541782987,17.6251054003258,17.915363311767578,5566000,0.0,0.0
2001-01-24 00:00:00-05:00,18.028241397015638,18.092743155144493,17.576729090113634,18.04436683654785,4528200,0.0,0.0
2001-01-25 00:00:00-05:00,17.86698700169349,18.237872110934422,17.802485243564636,18.04436683654785,5454800,0.0,0.0
2001-01-26 00:00:00-05:00,18.221746902603535,18.447503058918976,17.737983710499016,17.866987228393555,6207600,0.0,0.0
2001-01-29 00:00:00-05:00,17.802491747756804,17.864412907021098,17.221975712503863,17.24777603149414,9223600,0.0,0.0
2001-01-30 00:00:00-05:00,17.931490329286177,18.421704127659222,17.866988565511765,18.344301223754883,11224800,0.0,0.0
2001-01-31 00:00:00-05:00,18.318505599704,18.576512720826592,17.931494918020114,18.53523063659668,8331800,0.0,0.0
2001-02-01 00:00:00-05:00,18.57651112055228,19.12606553256429,18.535229039878615,19.07962417602539,7553400,0.0,0.0
2001-02-02 00:00:00-05:00,19.169917866326262,19.234419606161225,18.911910906986403,19.030593872070312,7393400,0.0,0.0
2001-02-05 00:00:00-05:00,19.089940488546983,19.4253504305594,19.033178624350647,19.182823181152344,6786400,0.0,0.0
2001-02-06 00:00:00-05:00,19.311823853715325,19.33762416042521,18.78291067663236,19.12347984313965,7190800,0.0,0.0
2001-02-07 00:00:00-05:00,19.053817162320968,19.582732316518044,18.630685826338215,19.399547576904297,7486600,0.0,0.0
2001-02-08 00:00:00-05:00,19.39955795008007,19.44083806987862,19.195732068396772,19.324735641479492,3758200,0.0,0.0
2001-02-09 00:00:00-05:00,19.373757935041624,19.47954182223805,19.22153464578457,19.347957611083984,4526000,0.0,0.0
2001-02-12 00:00:00-05:00,19.347946583938864,19.54403247744935,19.185402864051014,19.376327514648438,5044400,0.0,0.0
2001-02-13 00:00:00-05:00,19.324734321762353,19.324734321762353,18.979003745923233,19.234432220458984,5788000,0.0,0.0
2001-02-14 00:00:00-05:00,19.22152976188504,19.22152976188504,18.963522650987255,19.012544631958008,4531400,0.0,0.0
2001-02-15 00:00:00-05:00,18.873219313305,19.195728180694225,18.85257827336699,19.05640411376953,7421400,0.0,0.0
2001-02-16 00:00:00-05:00,19.218953484434405,19.373757392281924,19.169933460819756,19.309255599975586,7089800,0.0,0.0
2001-02-20 00:00:00-05:00,19.466641411601305,19.55178425547339,19.304097592931647,19.533723831176758,6363800,0.0,0.0
2001-02-21 00:00:00-05:00,19.73753850708252,19.874281922965903,19.647236437012126,19.81494140625,7958600,0.0,0.0
2001-02-22 00:00:00-05:00,19.86654514441161,19.905246600068804,19.288609836827675,19.63433837890625,6889800,0.0,0.0
2001-02-23 00:00:00-05:00,19.582735580988498,19.582735580988498,19.015118887250555,19.35826873779297,5474400,0.0,0.0
2001-02-26 00:00:00-05:00,18.641013627980385,18.64359425023341,18.094037848182577,18.346885681152344,12062800,0.0,0.0
2001-02-27 00:00:00-05:00,18.318503224957077,18.444926146755446,18.127578531239845,18.241100311279297,9067200,0.0,0.0
2001-02-28 00:00:00-05:00,18.241109093112446,18.37011269905649,18.021803356695333,18.18950843811035,7185000,0.0,0.0
2001-03-01 00:00:00-05:00,18.06049987480681,18.228204910189096,17.608987377936636,17.712190628051758,8327000,0.0,0.0
2001-03-02 00:00:00-05:00,17.4928792926929,18.008893407894018,17.48255877417636,17.970191955566406,5813800,0.0,0.0
2001-03-05 00:00:00-05:00,18.29270464961942,18.421708205726134,18.008897219872264,18.10177993774414,5362400,0.0,0.0
2001-03-06 00:00:00-05:00,17.970195411168362,17.97277603340315,17.725087478251904,17.815391540527344,5177400,0.0,0.0
2001-03-07 00:00:00-05:00,17.699279490308353,17.918585042705416,17.54705630787601,17.678638458251953,3833400,0.0,0.0
2001-03-08 00:00:00-05:00,17.776686108409194,18.37010114133591,17.62188227236038,18.318500518798828,5234200,0.0,0.0
2001-03-09 00:00:00-05:00,18.12500159313544,18.163703057840465,17.714771185201677,17.838613510131836,5324200,0.0,0.0
2001-03-12 00:00:00-05:00,17.737981775304775,18.215294345752795,17.544476519574175,17.608978271484375,6741200,0.0,0.0
2001-03-13 00:00:00-05:00,17.634778157927865,17.789581965132438,17.353551471157232,17.580596923828125,5364200,0.0,0.0
2001-03-14 00:00:00-05:00,17.28647079780443,17.4670749292125,17.126505732530568,17.18326759338379,6453400,0.0,0.0
2001-03-15 00:00:00-05:00,17.22196442128213,17.283885539949136,16.486644985746224,16.754972457885742,9028800,0.0,0.0
2001-03-16 00:00:00-05:00,16.65435471913116,17.01040371499908,16.48148949572973,16.69305419921875,10995000,0.0,0.0
2001-03-19 00:00:00-05:00,16.744661279264623,17.325177257578158,16.65435918743678,17.002668380737305,7450800,0.0,0.0
2001-03-20 00:00:00-05:00,17.002668380737305,17.59608353306169,16.925265462920315,17.002668380737305,6540200,0.0,0.0
2001-03-21 00:00:00-05:00,16.976858486070523,16.976858486070523,16.25443822215553,16.306039810180664,10156400,0.0,0.0
2001-03-22 00:00:00-05:00,16.20284919659802,16.318952613617796,15.557831306731703,16.18994903564453,12140800,0.0,0.0
2001-03-23 00:00:00-05:00,15.893242440495433,15.983545547130337,15.44431048303035,15.53203296661377,10576200,0.0,0.0
2001-03-26 00:00:00-05:00,15.738431655548357,15.76423196949285,15.286919271987545,15.588787078857422,9347000,0.0,0.0
2001-03-27 00:00:00-05:00,15.738428823258536,16.202841280215868,15.715208151199734,16.042877197265625,8022800,0.0,0.0
2001-03-28 00:00:00-05:00,15.94484333050538,16.189950345326285,15.661035829693345,16.01450538635254,6436000,0.0,0.0
2001-03-29 00:00:00-05:00,16.014501353253124,16.267348204751332,15.635230583896297,15.802935600280762,6630200,0.0,0.0
2001-03-30 00:00:00-05:00,15.867435808576293,16.202844823946315,15.609428722257979,16.151243209838867,5598600,0.0,0.0
2001-04-02 00:00:00-04:00,16.254449401693204,16.422154432064982,15.753915917293275,15.89323902130127,5976800,0.0,0.0
2001-04-03 00:00:00-04:00,15.751340101132056,15.929365707373236,15.498493151392088,15.764240264892578,6508200,0.0,0.0
2001-04-04 00:00:00-04:00,15.583635166656222,15.73585945297949,15.19662436931429,15.7048978805542,8031000,0.0,0.0
2001-04-05 00:00:00-04:00,15.738434944040467,15.906139972377716,15.480427813810294,15.880338668823242,6476400,0.0,0.0
2001-04-06 00:00:00-04:00,15.86743232839645,16.091898168680334,15.454621474515898,15.913873672485352,6028200,0.0,0.0
2001-04-09 00:00:00-04:00,15.996448203283283,15.996448203283283,15.467533580502487,15.568156242370605,5214200,0.0,0.0
2001-04-10 00:00:00-04:00,15.48041789845536,15.532019488293905,14.899902227263285,15.14500904083252,10685000,0.0,0.0
2001-04-11 00:00:00-04:00,14.964412554402934,15.235319826216422,14.825088477166615,15.217259407043457,7588000,0.0,0.0
2001-04-12 00:00:00-04:00,15.196622497056,15.333365980319515,14.990215976527903,15.170821189880371,5797000,0.0,0.0
2001-04-16 00:00:00-04:00,15.274019045768743,15.46494373021773,14.974730877962616,15.26111888885498,5505200,0.0,0.0
2001-04-17 00:00:00-04:00,15.041815235812622,15.132118320365164,14.438078522131406,14.809609413146973,13986000,0.0,0.0
2001-04-18 00:00:00-04:00,14.991318553955416,15.575395900213419,14.731728622285193,14.908249855041504,10262400,0.175,0.0
2001-04-19 00:00:00-04:00,15.030266506179315,15.313219741989673,14.926430074773503,15.305431365966797,7997400,0.0,0.0
2001-04-20 00:00:00-04:00,15.240526786936243,15.476753618257385,14.97314943672032,15.056218147277832,8089000,0.0,0.0
2001-04-23 00:00:00-04:00,15.056217401341446,15.173033079230859,14.996511830477322,15.069196701049805,5976400,0.0,0.0
2001-04-24 00:00:00-04:00,14.796629050859668,14.988726074250662,14.588957262232375,14.703176498413086,10960400,0.0,0.0
2001-04-25 00:00:00-04:00,14.74470485182965,15.014678562235583,14.718746260168494,14.941993713378906,7399400,0.0,0.0
2001-04-26 00:00:00-04:00,15.08217794982996,15.134096145629881,14.999109232652973,15.134096145629883,7198600,0.0,0.0
2001-04-27 00:00:00-04:00,15.160055320600819,15.531269073486326,15.082177533919904,15.531269073486328,5565600,0.0,0.0
2001-04-30 00:00:00-04:00,15.588379859924316,15.650681897867573,15.380708050542294,15.588379859924316,8330400,0.0,0.0
2001-05-01 00:00:00-04:00,16.302251745286565,16.831814590850435,16.15947744383426,16.660486221313477,17375600,0.0,0.0
2001-05-02 00:00:00-04:00,16.83440493601732,16.83440493601732,16.483958960518507,16.652692794799805,12807600,0.0,0.0
2001-05-03 00:00:00-04:00,16.80845341291076,16.80845341291076,16.53069217704541,16.683849334716797,7941000,0.0,0.0
2001-05-04 00:00:00-04:00,16.548863398811754,16.746152364071097,16.41906839176225,16.683849334716797,5643200,0.0,0.0
2001-05-07 00:00:00-04:00,16.717590392568344,16.860363652987633,16.587795439179637,16.782487869262695,3697800,0.0,0.0
2001-05-08 00:00:00-04:00,16.743545532226562,16.811039448605648,16.49433951080387,16.743545532226562,4498000,0.0,0.0
2001-05-09 00:00:00-04:00,16.743556553533242,17.195242640898392,16.60078223833753,17.18226432800293,8785200,0.0,0.0
2001-05-10 00:00:00-04:00,17.249754013246967,17.262734304930134,16.899307923460295,17.09140396118164,4691800,0.0,0.0
2001-05-11 00:00:00-04:00,17.09139528213325,17.205615453297657,16.9122796270504,17.003135681152344,3251400,0.0,0.0
2001-05-14 00:00:00-04:00,17.130343053502145,17.177069331380828,16.951227305395918,17.145919799804688,2792800,0.0,0.0
2001-05-15 00:00:00-04:00,17.14851418348317,17.195240461115866,16.98237674757012,17.127748489379883,4654200,0.0,0.0
2001-05-16 00:00:00-04:00,17.21081817641058,17.727401733398438,17.171879279438425,17.727401733398438,6935400,0.0,0.0
2001-05-17 00:00:00-04:00,17.587224492514615,17.72999980089591,17.31465416942841,17.43147087097168,6360800,0.0,0.0
2001-05-18 00:00:00-04:00,17.43406119708251,17.51712989807129,17.241963216878286,17.51712989807129,4777200,0.0,0.0
2001-05-21 00:00:00-04:00,16.87334827993108,17.171877145601954,16.717594691911504,16.93824577331543,11720800,0.0,0.0
2001-05-22 00:00:00-04:00,16.95122973269281,17.029105553298905,16.60078259842112,16.61376190185547,8073400,0.0,0.0
2001-05-23 00:00:00-04:00,16.769509149970233,16.855174302541332,16.522899507674758,16.66307830810547,6547800,0.0,0.0
2001-05-24 00:00:00-04:00,16.613758131687742,16.766915263817374,16.496942446772884,16.67865562438965,5160200,0.0,0.0
2001-05-25 00:00:00-04:00,16.6786632087287,16.69164350537737,16.421668585052064,16.483970642089844,4353000,0.0,0.0
2001-05-29 00:00:00-04:00,16.56184581210796,16.7799015045166,16.496948296394173,16.7799015045166,5719800,0.0,0.0
2001-05-30 00:00:00-04:00,16.76950719566006,16.865556171941492,16.53328042554117,16.709802627563477,4669400,0.0,0.0
2001-05-31 00:00:00-04:00,16.61376438305405,16.74355941729666,16.564442626534568,16.67606544494629,4268800,0.0,0.0
2001-06-01 00:00:00-04:00,16.67346307477883,16.676057548264275,16.419064056703306,16.486557006835938,3730800,0.0,0.0
2001-06-04 00:00:00-04:00,16.483957713120123,16.546259721292163,16.36454660356861,16.509916305541992,4917600,0.0,0.0
2001-06-05 00:00:00-04:00,16.512512019541816,16.644903409632878,16.41905950659678,16.634519577026367,5336600,0.0,0.0
2001-06-06 00:00:00-04:00,16.93824999917418,17.210820331596704,16.746153925375204,16.787687301635742,7914200,0.0,0.0
2001-06-07 00:00:00-04:00,16.808451202898887,17.02910228976843,16.79547091169476,16.852581024169922,5066400,0.0,0.0
2001-06-08 00:00:00-04:00,16.912283454478803,16.920070835090847,16.616351108137895,16.686439514160156,4132000,0.0,0.0
2001-06-11 00:00:00-04:00,16.743553531971077,16.813641954399525,16.629333308220946,16.704614639282227,2608400,0.0,0.0
2001-06-12 00:00:00-04:00,16.938238216720464,17.029094270822405,16.84997861573956,17.003135681152344,6933200,0.0,0.0
2001-06-13 00:00:00-04:00,17.119954840132056,17.127744201549532,16.844790152133402,16.86036491394043,4446000,0.0,0.0
2001-06-14 00:00:00-04:00,16.86036776189111,17.029101638519958,16.75134044979775,16.837005615234375,4624400,0.0,0.0
2001-06-15 00:00:00-04:00,16.717588734682586,16.842190768491207,16.21658018506671,16.25032615661621,13955600,0.0,0.0
2001-06-18 00:00:00-04:00,16.198408056186484,16.198408056186484,16.011503035534126,16.13351058959961,7257200,0.0,0.0
2001-06-19 00:00:00-04:00,16.159479200303515,16.28927421396057,16.07121855140642,16.201013565063477,7043200,0.0,0.0
2001-06-20 00:00:00-04:00,16.2243749766346,16.335998755694426,16.09717544110459,16.237354278564453,4595800,0.0,0.0
2001-06-21 00:00:00-04:00,16.09717371143126,16.44502431316336,16.084194410896057,16.185434341430664,6340800,0.0,0.0
2001-06-22 00:00:00-04:00,16.19841283577779,16.4813659131965,16.172453247329212,16.426851272583008,4583200,0.0,0.0
2001-06-25 00:00:00-04:00,16.41906175089869,16.56183600285512,16.276287498942256,16.30224609375,3281600,0.0,0.0
2001-06-26 00:00:00-04:00,16.30225162023181,16.65269871047983,16.299656155973935,16.577417373657227,5391200,0.0,0.0
2001-06-27 00:00:00-04:00,16.538474335636764,16.69942080651609,16.447618255508917,16.4580020904541,4807200,0.0,0.0
2001-06-28 00:00:00-04:00,16.46059190759696,16.67345648992642,16.393098984119327,16.52289390563965,5093600,0.0,0.0
2001-06-29 00:00:00-04:00,16.62414208652353,16.964204316937728,16.561840057373047,16.561840057373047,8924600,0.0,0.0
2001-07-02 00:00:00-04:00,16.61375785601592,16.82662154932555,16.56443611887344,16.73576545715332,4282400,0.0,0.0
2001-07-03 00:00:00-04:00,16.618947623781967,16.795468867900087,16.54885920914592,16.76951026916504,2512000,0.0,0.0
2001-07-05 00:00:00-04:00,16.691636280583946,16.769512085222672,16.551456465359852,16.751340866088867,4539400,0.0,0.0
2001-07-06 00:00:00-04:00,16.68643936629837,16.886324709301025,16.639713102526283,16.87334442138672,5212600,0.0,0.0
2001-07-09 00:00:00-04:00,16.873352337993023,17.16928482055664,16.873352337993023,17.16928482055664,7116000,0.0,0.0
2001-07-10 00:00:00-04:00,17.158896612197708,17.418486582066098,16.943436461883515,17.395124435424805,8217600,0.0,0.0
2001-07-11 00:00:00-04:00,17.57424102076033,17.91170879017223,17.41848742738345,17.846811294555664,10880600,0.0,0.0
2001-07-12 00:00:00-04:00,17.849407748924357,17.859791585884732,17.62616020556222,17.846811294555664,7122600,0.0,0.0
2001-07-13 00:00:00-04:00,17.72999282803127,17.7611423517805,17.56385543298881,17.688457489013672,5786000,0.0,0.0
2001-07-16 00:00:00-04:00,17.688460922103964,18.03890699589742,17.662502320436737,17.950647354125977,4517200,0.0,0.0
2001-07-17 00:00:00-04:00,18.007752236709127,18.168696708616793,17.846805784287678,18.153121948242188,6170200,0.0,0.0
2001-07-18 00:00:00-04:00,18.23926094732839,18.24448222895142,17.933881686452043,18.06177520751953,6507600,0.19,0.0
2001-07-19 00:00:00-04:00,18.061769276560558,18.200105315448575,17.662426990956867,17.850353240966797,6433600,0.0,0.0
2001-07-20 00:00:00-04:00,18.03567361995115,18.03567361995115,17.64416115935307,17.77205467224121,5396400,0.0,0.0
2001-07-23 00:00:00-04:00,17.78771212098868,17.82686375562261,17.53975309586369,17.696359634399414,4942600,0.0,0.0
2001-07-24 00:00:00-04:00,17.68331280367995,17.905169466418457,17.594570935118686,17.77205467224121,4413800,0.0,0.0
2001-07-25 00:00:00-04:00,17.7720535022323,18.270580291748047,17.709412070234453,18.270580291748047,4858600,0.0,0.0
2001-07-26 00:00:00-04:00,18.113971028536593,18.53158378601074,18.01217798113148,18.531583786010742,9228800,0.0,0.0
2001-07-27 00:00:00-04:00,18.401077531514694,18.64120459017589,18.299284495966265,18.393247604370117,4472200,0.0,0.0
2001-07-30 00:00:00-04:00,18.283634026690073,18.55769157409668,18.283634026690073,18.55769157409668,4515600,0.0,0.0
2001-07-31 00:00:00-04:00,18.557685336193355,18.688189455282387,18.427181217104323,18.53680419921875,6287600,0.0,0.0
2001-08-01 00:00:00-04:00,18.53941989221799,18.774327768870933,18.53941989221799,18.662094116210938,4899400,0.0,0.0
2001-08-02 00:00:00-04:00,18.729952747341358,18.7795429611831,18.45328264572589,18.651649475097656,3912400,0.0,0.0
2001-08-03 00:00:00-04:00,18.651648778258213,18.66208934692297,18.145292150359303,18.327999114990234,4424400,0.0,0.0
2001-08-06 00:00:00-04:00,18.374980901524484,18.466333389282227,18.207935783528935,18.466333389282227,5467600,0.0,0.0
2001-08-07 00:00:00-04:00,18.205323269253334,18.753440130705854,18.15051178224155,18.429790496826172,7447600,0.0,0.0
2001-08-08 00:00:00-04:00,18.140073747902736,18.382811505046053,18.140073747902736,18.231426239013672,4932000,0.0,0.0
2001-08-09 00:00:00-04:00,18.14529723243471,18.50548998257837,18.103536937414464,18.45328712463379,3989800,0.0,0.0
2001-08-10 00:00:00-04:00,18.58118127085872,18.930931432436896,18.495048055066388,18.7586669921875,8781800,0.0,0.0
2001-08-13 00:00:00-04:00,18.766493348641113,18.870897045658435,18.72212242459259,18.823915481567383,5344800,0.0,0.0
2001-08-14 00:00:00-04:00,18.88394787917355,18.954421227008247,18.795206023482525,18.923099517822266,5994000,0.0,0.0
2001-08-15 00:00:00-04:00,18.865677149526693,19.05360341967684,18.818695581989157,18.839576721191406,6144600,0.0,0.0
2001-08-16 00:00:00-04:00,19.092761205753014,19.41641100226354,19.027509118235972,19.36421012878418,8622000,0.0,0.0
2001-08-17 00:00:00-04:00,19.353759998035535,19.510364532470703,19.265016167343635,19.510364532470703,8613000,0.0,0.0
2001-08-20 00:00:00-04:00,19.549517152036216,19.857506948237642,19.38508068993342,19.753103256225586,11225000,0.0,0.0
2001-08-21 00:00:00-04:00,19.627813335986364,19.71655714814318,19.447719055101135,19.518190383911133,7824000,0.0,0.0
2001-08-22 00:00:00-04:00,19.627820584266363,19.768765285269545,19.392914740596073,19.745275497436523,7389800,0.0,0.0
2001-08-23 00:00:00-04:00,19.693059107201712,20.09762243323536,19.66695869711359,20.08196258544922,9331000,0.0,0.0
2001-08-24 00:00:00-04:00,20.058487440626685,20.170721089189975,19.888831647495852,20.097639083862305,8007200,0.0,0.0
2001-08-27 00:00:00-04:00,20.097639971198138,20.108080542610956,19.961916525502293,20.055877685546875,6090400,0.0,0.0
2001-08-28 00:00:00-04:00,19.901882406141606,19.961915189914855,19.523421176591704,19.57301139831543,7213400,0.0,0.0
2001-08-29 00:00:00-04:00,19.732219560836157,19.732219560836157,19.265014642950156,19.319826126098633,5263200,0.0,0.0
2001-08-30 00:00:00-04:00,19.35376845018873,19.60172557205404,19.301565588355913,19.468610763549805,7104200,0.0,0.0
2001-08-31 00:00:00-04:00,19.26241108427074,19.405964437684545,19.2232594455815,19.353763580322266,4807800,0.0,0.0
2001-09-04 00:00:00-04:00,19.23109322383595,19.857513594226248,19.23109322383595,19.711347579956055,7436200,0.0,0.0
2001-09-05 00:00:00-04:00,19.81314121745841,19.89927244395048,19.549522274108817,19.805309295654297,7687200,0.0,0.0
2001-09-06 00:00:00-04:00,19.805305772571245,19.834016840073083,19.49992659059893,19.70612335205078,8744400,0.0,0.0
2001-09-07 00:00:00-04:00,19.549519238459453,19.627820522324104,19.158006845131165,19.405963897705078,6509000,0.0,0.0
2001-09-10 00:00:00-04:00,19.171057448857304,19.41901651068524,19.13190779976329,19.36681365966797,7433600,0.0,0.0
2001-09-17 00:00:00-04:00,19.210207086460407,19.549518613023537,18.870897551232222,19.458166122436523,11860800,0.0,0.0
2001-09-18 00:00:00-04:00,19.34071322982691,19.379864870256075,19.082315589130673,19.36681365966797,9251400,0.0,0.0
2001-09-19 00:00:00-04:00,19.48426654955639,19.5808383290334,19.113635306983397,19.458166122436523,11095200,0.0,0.0
2001-09-20 00:00:00-04:00,19.31461162702581,19.31461162702581,18.938759087867282,19.004011154174805,9779400,0.0,0.0
2001-09-21 00:00:00-04:00,18.440229125237508,18.701237316702063,17.487548828125,17.487548828125,20140800,0.0,0.0
2001-09-24 00:00:00-04:00,18.00957128755426,18.388032496338372,17.98086021749917,18.129634857177734,10354600,0.0,0.0
2001-09-25 00:00:00-04:00,18.129630884649778,18.583784633944493,18.12702024485268,18.531583786010742,7985400,0.0,0.0
2001-09-26 00:00:00-04:00,18.714293981594018,18.855238700054798,18.479388108827983,18.565519332885742,6906600,0.0,0.0
2001-09-27 00:00:00-04:00,18.662089631579285,18.896997451782227,18.547245365850095,18.896997451782227,7139600,0.0,0.0
2001-09-28 00:00:00-04:00,18.985739531943473,19.09275387019696,18.79781327348314,18.998790740966797,9963000,0.0,0.0
2001-10-01 00:00:00-04:00,18.923093536651766,19.053597630007985,18.722118109070337,18.89438247680664,7015200,0.0,0.0
2001-10-02 00:00:00-04:00,18.894385122104197,19.17105320152712,18.85784413015531,19.12668228149414,5714400,0.0,0.0
2001-10-03 00:00:00-04:00,19.004015941889605,19.155401251782223,18.766499396186493,19.118860244750977,8282600,0.0,0.0
2001-10-04 00:00:00-04:00,19.066658721632386,19.079707942933158,18.57074251148731,18.583791732788086,7984200,0.0,0.0
2001-10-05 00:00:00-04:00,18.60989488188015,19.0509976091778,18.60989488188015,18.97269630432129,6143000,0.0,0.0
2001-10-08 00:00:00-04:00,18.79259704801038,19.079705771310156,18.729955615424213,18.85784912109375,4238800,0.0,0.0
2001-10-09 00:00:00-04:00,18.85784960590402,19.257191984827163,18.818697962780412,18.933542251586914,5418200,0.0,0.0
2001-10-10 00:00:00-04:00,18.805640893560465,19.351147055038254,18.805640893560465,19.1423397064209,5570000,0.0,0.0
2001-10-11 00:00:00-04:00,19.058818309675736,19.18410312463608,18.7403899713484,18.946584701538086,6369400,0.0,0.0
2001-10-12 00:00:00-04:00,18.675142511419086,18.842187644879946,18.662091301387587,18.776935577392578,5889800,0.0,0.0
2001-10-15 00:00:00-04:00,18.662091989404036,18.662091989404036,18.432405420261254,18.560298919677734,5941200,0.0,0.0
2001-10-16 00:00:00-04:00,18.463719191737322,18.544633086448208,18.29928474545594,18.5133113861084,8470400,0.0,0.0
2001-10-17 00:00:00-04:00,18.513319867664297,18.68388747074174,18.298140335630393,18.316509246826172,7307600,0.19,0.0
2001-10-18 00:00:00-04:00,18.421468933054207,18.841333092739877,18.368986914123845,18.447711944580078,7516200,0.0,0.0
2001-10-19 00:00:00-04:00,18.618286303605945,18.946304046812966,18.571051668501678,18.828218460083008,5990600,0.0,0.0
2001-10-22 00:00:00-04:00,18.828218442316615,19.1299951661946,18.78885591275663,19.01190757751465,4323400,0.0,0.0
2001-10-23 00:00:00-04:00,19.077507562699267,19.114245382876796,18.644525824598254,18.762611389160156,4191400,0.0,0.0
2001-10-24 00:00:00-04:00,18.828206968906798,18.933172983082777,18.72586565565177,18.73636245727539,4851600,0.0,0.0
2001-10-25 00:00:00-04:00,18.552677798402364,19.01977662166991,18.50282047615662,18.96991729736328,4712800,0.0,0.0
2001-10-26 00:00:00-04:00,18.959418472142726,19.297932896875324,18.86232453569579,19.24807357788086,4762400,0.0,0.0
2001-10-29 00:00:00-05:00,19.15885476547537,19.221833591409453,18.710126876831055,18.710126876831055,5470800,0.0,0.0
2001-10-30 00:00:00-05:00,18.888568902102904,19.48424806298713,18.828212774671066,19.471126556396484,10641800,0.0,0.0
2001-10-31 00:00:00-05:00,19.471131521088356,19.528862961510093,19.274320884411342,19.360918045043945,7567200,0.0,0.0
2001-11-01 00:00:00-05:00,19.366156399497054,19.94084176927626,19.324169193307792,19.93821907043457,9758000,0.0,0.0
2001-11-02 00:00:00-05:00,19.890993693240343,20.10092381540648,19.733543599039347,19.9434757232666,5787800,0.0,0.0
2001-11-05 00:00:00-05:00,19.967092050037042,20.200642489381202,19.92773152852055,20.18752098083496,6274400,0.0,0.0
2001-11-06 00:00:00-05:00,20.187518739087235,20.468301773071293,20.035318065921064,20.46830177307129,5514000,0.0,0.0
2001-11-07 00:00:00-05:00,20.323977085212984,20.520787716775644,20.3029854727462,20.49717140197754,5815200,0.0,0.0
2001-11-08 00:00:00-05:00,20.468304042226464,20.468304042226464,19.99858246562547,20.127164840698242,6213200,0.0,0.0
2001-11-09 00:00:00-05:00,20.048443218340214,20.33972311054569,20.022202201451513,20.28723907470703,4648600,0.0,0.0
2001-11-12 00:00:00-05:00,20.114039855698792,20.318722520041295,20.06680524069202,20.276735305786133,3858200,0.0,0.0
2001-11-13 00:00:00-05:00,20.323964090194032,20.439426894210854,20.072046883115508,20.431554794311523,5259800,0.0,0.0
2001-11-14 00:00:00-05:00,20.465677081621234,20.533905314809793,20.26624378777913,20.528657913208008,6405000,0.0,0.0
2001-11-15 00:00:00-05:00,20.528653150912113,20.691348589616492,20.460424933551334,20.544397354125977,5971200,0.0,0.0
2001-11-16 00:00:00-05:00,20.646748541340894,20.662492752075195,20.40795066754328,20.662492752075195,5433600,0.0,0.0
2001-11-19 00:00:00-05:00,20.691353695902617,20.730716215711723,20.468302086398914,20.646743774414062,5475800,0.0,0.0
2001-11-20 00:00:00-05:00,20.52077564897474,20.646735260007826,20.392193339213954,20.59950065612793,5344800,0.0,0.0
2001-11-21 00:00:00-05:00,20.468301482325707,20.61263005001261,20.40269795193364,20.442060470581055,4104000,0.0,0.0
2001-11-23 00:00:00-05:00,20.44205538252846,20.599503415868245,20.415814377315222,20.586381912231445,1680200,0.0,0.0
2001-11-26 00:00:00-05:00,20.481420810504755,20.570640641357944,20.337092258170895,20.507661819458008,4536200,0.0,0.0
2001-11-27 00:00:00-05:00,20.389571987722398,20.533900523858033,20.182266638815474,20.23737335205078,6482400,0.0,0.0
2001-11-28 00:00:00-05:00,20.166527353969858,20.271493416083484,19.93035421472948,19.9434757232666,5393400,0.0,0.0
2001-11-29 00:00:00-05:00,19.969710387023362,20.363331493214602,19.74403412597555,20.321346282958984,7276800,0.0,0.0
2001-11-30 00:00:00-05:00,20.20588885648415,20.499793415138615,20.20064145457113,20.32659912109375,5593600,0.0,0.0
2001-12-03 00:00:00-05:00,20.323972353207246,20.323972353207246,19.95659419480884,20.022197723388672,5482400,0.0,0.0
2001-12-04 00:00:00-05:00,20.074677262304473,20.224253208882356,19.872619300178773,20.032690048217773,4833200,0.0,0.0
2001-12-05 00:00:00-05:00,20.074682810645186,20.39220369720675,20.003831869867444,20.127164840698242,6368400,0.0,0.0
2001-12-06 00:00:00-05:00,20.06155859028545,20.22688076652132,19.812265978139816,19.864748001098633,5188000,0.0,0.0
2001-12-07 00:00:00-05:00,19.830629713638704,19.87786432280501,19.618074973420487,19.79389190673828,4366000,0.0,0.0
2001-12-10 00:00:00-05:00,19.804392424811443,20.316099118405333,19.749285704121384,20.132410049438477,7728400,0.0,0.0
2001-12-11 00:00:00-05:00,20.166527364268592,20.38957899508576,20.06418600422235,20.127164840698242,7036000,0.0,0.0
2001-12-12 00:00:00-05:00,20.79631998717269,20.993130586420385,20.70447544126929,20.980009078979492,16664400,0.0,0.0
2001-12-13 00:00:00-05:00,20.980006852146715,21.281783472707914,20.730714253717444,21.22930145263672,12740000,0.0,0.0
2001-12-14 00:00:00-05:00,21.071848724650103,21.197806345755822,20.88028558989061,20.966882705688477,6503600,0.0,0.0
2001-12-17 00:00:00-05:00,21.019364414752964,21.281778457389233,20.940641403198242,20.940641403198242,7111400,0.0,0.0
2001-12-18 00:00:00-05:00,21.058735488282675,21.444484608210896,20.993131950936,21.355262756347656,6583400,0.0,0.0
2001-12-19 00:00:00-05:00,21.1768178441761,21.426112449535864,21.103342213816852,21.376253128051758,7951800,0.0,0.0
2001-12-20 00:00:00-05:00,21.281785865659913,21.384127217748652,21.184693917404985,21.252920150756836,5688200,0.0,0.0
2001-12-21 00:00:00-05:00,21.32114837384336,21.352638790645138,20.96951439549785,21.161075592041016,8849000,0.0,0.0
2001-12-24 00:00:00-05:00,21.16107605782667,21.23717639856032,21.00625267644721,21.061359405517578,2178600,0.0,0.0
2001-12-26 00:00:00-05:00,21.061363120683538,21.305408393650353,21.050866313000288,21.12434196472168,3728200,0.0,0.0
2001-12-27 00:00:00-05:00,21.113845162997304,21.150582988868365,20.9275313312051,21.03249740600586,4271000,0.0,0.0
2001-12-28 00:00:00-05:00,21.071855129385362,21.071855129385362,20.746460171495343,20.864547729492188,3529800,0.0,0.0
2001-12-31 00:00:00-05:00,20.704471702539525,20.924898572903892,20.654612385740666,20.76482582092285,3941800,0.0,0.0
2002-01-02 00:00:00-05:00,20.704474596846197,20.99312973022461,20.473548888494772,20.99312973022461,6261600,0.0,0.0
2002-01-03 00:00:00-05:00,20.81206254546724,20.882915476736706,20.628373468214534,20.79107093811035,5216800,0.0,0.0
2002-01-04 00:00:00-05:00,20.793689256918636,20.861917472121345,20.52077839816817,20.586381912231445,6181400,0.0,0.0
2002-01-07 00:00:00-05:00,20.52865567039543,20.596881894069192,20.232126459738463,20.3502140045166,6412200,0.0,0.0
2002-01-08 00:00:00-05:00,20.350218204467765,20.49716948832195,20.27936526256586,20.405324935913086,4009800,0.0,0.0
2002-01-09 00:00:00-05:00,20.40533040046472,20.557529127189227,20.247882268161863,20.258377075195312,5527000,0.0,0.0
2002-01-10 00:00:00-05:00,20.100923829376455,20.284614938718242,20.043192395070783,20.18752098083496,7183800,0.0,0.0
2002-01-11 00:00:00-05:00,20.389578235148562,20.5444036215385,20.237379552842825,20.260995864868164,5459200,0.0,0.0
2002-01-14 00:00:00-05:00,20.376464787376396,20.848809186867495,20.271498697913387,20.65199851989746,6080800,0.0,0.0
2002-01-15 00:00:00-05:00,20.612633800373818,20.964267826264074,20.602136993353945,20.901288986206055,5392800,0.0,0.0
2002-01-16 00:00:00-05:00,20.869651520207515,20.996213028379483,20.656075706221603,20.959299087524414,6047800,0.19,0.0
2002-01-17 00:00:00-05:00,20.959297827573835,21.06476708581621,20.88283266563958,21.012033462524414,4520600,0.0,0.0
2002-01-18 00:00:00-05:00,21.006751007472086,21.09376326373291,20.919738751211263,21.043664932250977,5392000,0.0,0.0
2002-01-22 00:00:00-05:00,21.041030713389098,21.05157582528971,20.72462304160135,20.940834045410156,5095400,0.0,0.0
2002-01-23 00:00:00-05:00,20.869652762071546,20.97775730624882,20.724632263183594,20.724632263183594,5151400,0.0,0.0
2002-01-24 00:00:00-05:00,20.882832998518104,20.882832998518104,20.35548871055897,20.508419036865234,6268600,0.0,0.0
2002-01-25 00:00:00-05:00,20.36339186084944,21.01729737189428,20.358117293695393,20.86700439453125,5302400,0.0,0.0
2002-01-28 00:00:00-05:00,20.724628088771492,20.943476429681716,20.708808405409805,20.872285842895508,4513600,0.0,0.0
2002-01-29 00:00:00-05:00,20.872281517892475,20.872281517892475,20.4214005189265,20.439857482910156,5870200,0.0,0.0
2002-01-30 00:00:00-05:00,20.43458404549298,20.896010136842822,20.371303316229273,20.642885208129883,7659400,0.0,0.0
2002-01-31 00:00:00-05:00,21.22560428017625,21.65275381100543,21.199237472222016,21.5367374420166,14694800,0.0,0.0
2002-02-01 00:00:00-05:00,21.536734381741947,21.963883851875075,21.462906525297306,21.77140235900879,10333200,0.0,0.0
2002-02-04 00:00:00-05:00,21.771400772134694,22.206460050653682,21.734486846602955,21.80567741394043,9212400,0.0,0.0
2002-02-05 00:00:00-05:00,21.73975636760929,21.903233737613355,21.547276927300064,21.784582138061523,7055200,0.0,0.0
2002-02-06 00:00:00-05:00,21.615834464915412,21.932240104454984,21.5499164557065,21.75294303894043,7234000,0.0,0.0
2002-02-07 00:00:00-05:00,21.6870235227906,21.882140253226886,21.483996953664146,21.65538215637207,5265400,0.0,0.0
2002-02-08 00:00:00-05:00,21.634293221041048,21.673842420519595,21.291518740067104,21.644838333129883,5373800,0.0,0.0
2002-02-11 00:00:00-05:00,21.64483614272076,21.779309442313913,21.42862515693273,21.544641494750977,5318000,0.0,0.0
2002-02-12 00:00:00-05:00,21.592111327574443,22.082541667633087,21.586838769918003,22.029808044433594,7664400,0.0,0.0
2002-02-13 00:00:00-05:00,21.89268744319423,22.07989433552035,21.890050159736717,22.077259063720703,5163600,0.0,0.0
2002-02-14 00:00:00-05:00,22.01661724143284,22.21437128851158,21.992887721379326,22.159000396728516,4693600,0.0,0.0
2002-02-15 00:00:00-05:00,22.280291823226055,22.412127869517334,22.235468050285043,22.40949058532715,8906000,0.0,0.0
2002-02-19 00:00:00-05:00,22.17482529098041,22.306661353366334,22.08781300700762,22.14845848083496,5697000,0.0,0.0
2002-02-20 00:00:00-05:00,22.21172574791468,22.41211700439453,22.003424654357296,22.41211700439453,6732200,0.0,0.0
2002-02-21 00:00:00-05:00,22.35938789343211,22.596691099906447,21.911144256591797,21.911144256591797,7777000,0.0,0.0
2002-02-22 00:00:00-05:00,22.01662242107966,22.67053017572178,21.92433757973022,22.57033348083496,7219200,0.0,0.0
2002-02-25 00:00:00-05:00,22.530781098661315,23.16359456790911,22.491231891305908,23.037033081054688,10097200,0.0,0.0
2002-02-26 00:00:00-05:00,22.913103585350335,22.913103585350335,22.58878604987417,22.807634353637695,7715200,0.0,0.0
2002-02-27 00:00:00-05:00,22.76807756178191,22.865636929252855,22.333018344849464,22.543956756591797,6840000,0.0,0.0
2002-02-28 00:00:00-05:00,22.412130930630457,22.596700615983934,22.28029486633263,22.356760025024414,7085200,0.0,0.0
2002-03-01 00:00:00-05:00,22.412125259926622,23.084489822387695,22.37257404831276,23.084489822387695,6671400,0.0,0.0
2002-03-04 00:00:00-05:00,22.93946902819429,23.031753846091025,22.76280923226937,22.93419647216797,8615800,0.0,0.0
2002-03-05 00:00:00-05:00,22.623059103069494,22.807628704104335,22.177452765582515,22.427940368652344,7285400,0.0,0.0
2002-03-06 00:00:00-05:00,22.427943499594747,22.649429063413734,22.34884309310501,22.425308227539062,6253600,0.0,0.0
2002-03-07 00:00:00-05:00,22.393667983584468,22.393667983584468,21.95333612918465,22.132633209228516,8715400,0.0,0.0
2002-03-08 00:00:00-05:00,22.277654308356897,22.3092956833362,21.937517071048415,22.127361297607422,5459400,0.0,0.0
2002-03-11 00:00:00-05:00,22.10889622594776,22.198545749691498,21.784580800862653,22.174814224243164,5133800,0.0,0.0
2002-03-12 00:00:00-05:00,22.04298698698036,22.485956192016605,22.019257463760177,22.4859561920166,4661600,0.0,0.0
2002-03-13 00:00:00-05:00,22.48594678123886,22.54922749500035,22.201180551825736,22.47012710571289,4760800,0.0,0.0
2002-03-14 00:00:00-05:00,22.346209846371693,22.49123030195547,22.161640186227274,22.40949058532715,4996400,0.0,0.0
2002-03-15 00:00:00-05:00,22.512324989876806,22.96584136032742,22.4437716867407,22.957931518554688,11881400,0.0,0.0
2002-03-18 00:00:00-05:00,23.071293048721945,23.18994460830967,22.984280832140485,23.113481521606445,6544800,0.0,0.0
2002-03-19 00:00:00-05:00,23.24269499430074,23.727850671350467,23.234785153514252,23.71466827392578,12605000,0.0,0.0
2002-03-20 00:00:00-05:00,23.67775661056039,23.7014861351929,23.487912366866002,23.62502098083496,7211600,0.0,0.0
2002-03-21 00:00:00-05:00,23.535366794872573,23.84649988176168,23.51954510458464,23.835952758789062,7792800,0.0,0.0
2002-03-22 00:00:00-05:00,23.73047867804353,23.922960112450337,23.63028404782186,23.756845474243164,7202600,0.0,0.0
2002-03-25 00:00:00-05:00,23.664573669433594,23.796409734444364,23.548557288493328,23.664573669433594,6251600,0.0,0.0
2002-03-26 00:00:00-05:00,23.559095769196308,23.719935870415817,23.435169591700163,23.58546257019043,5750400,0.0,0.0
2002-03-27 00:00:00-05:00,23.427271414817664,23.830689504660036,23.427271414817664,23.735767364501953,5546400,0.0,0.0
2002-03-28 00:00:00-05:00,23.727850341685713,23.806952771768383,23.52746100568411,23.75421714782715,4644000,0.0,0.0
2002-04-01 00:00:00-05:00,23.559098095960337,23.727848052978516,23.448356313853065,23.727848052978516,5225600,0.0,0.0
2002-04-02 00:00:00-05:00,23.727847023661788,23.888687133789066,23.493179061998987,23.888687133789062,9390200,0.0,0.0
2002-04-03 00:00:00-05:00,23.888691422361138,23.891328706577454,23.308613617594887,23.535371780395508,6639800,0.0,0.0
2002-04-04 00:00:00-05:00,23.49318884768384,23.77531797594382,23.49318884768384,23.725221633911133,7175400,0.0,0.0
2002-04-05 00:00:00-05:00,23.664563321041342,23.704114525580778,23.43780522745027,23.67774772644043,5530600,0.0,0.0
2002-04-08 00:00:00-04:00,23.572281142409086,23.806949100700926,23.53272993346661,23.796401977539062,6081600,0.0,0.0
2002-04-09 00:00:00-04:00,23.806957107299883,23.98097966885164,23.73049194740365,23.764768600463867,5303600,0.0,0.0
2002-04-10 00:00:00-04:00,23.806963500376828,24.416045646857828,23.785869241294208,24.347490310668945,8220000,0.0,0.0
2002-04-11 00:00:00-04:00,24.263107998390026,24.45295224979393,24.046896936881954,24.07590103149414,6620400,0.0,0.0
2002-04-12 00:00:00-04:00,23.93088772831251,24.307939027884412,23.862332397937866,24.239383697509766,6434400,0.0,0.0
2002-04-15 00:00:00-04:00,24.152367616730352,24.220922936380795,23.796410630134883,23.875513076782227,4999800,0.0,0.0
2002-04-16 00:00:00-04:00,23.915063717680276,24.118092404101265,23.888696904441666,24.046899795532227,6197200,0.0,0.0
2002-04-17 00:00:00-04:00,24.046892194449896,24.1051430825216,23.805947726605794,23.858901977539062,5908200,0.19,0.0
2002-04-18 00:00:00-04:00,23.763584729251,23.82977855858039,23.260511222332564,23.40878677368164,8925000,0.0,0.0
2002-04-19 00:00:00-04:00,23.530572891235355,23.596766691629213,23.302866056274524,23.53057289123535,6069800,0.0,0.0
2002-04-22 00:00:00-04:00,23.565006493010465,23.73975919619044,23.432618816083437,23.53588104248047,4926600,0.0,0.0
2002-04-23 00:00:00-04:00,23.535870587656333,23.811237075753603,23.474973414563276,23.53851890563965,5264400,0.0,0.0
2002-04-24 00:00:00-04:00,23.6047172315263,23.827127502889784,23.557057599080537,23.67885398864746,5072000,0.0,0.0
2002-04-25 00:00:00-04:00,23.678856814899923,23.79006196385485,23.525286645347673,23.67620849609375,5407200,0.0,0.0
2002-04-26 00:00:00-04:00,23.76887046101602,24.020408130478145,23.750336276535624,23.77681541442871,7174000,0.0,0.0
2002-04-29 00:00:00-04:00,23.84301251999827,23.97540014749393,23.7503395646914,23.82977294921875,6245800,0.0,0.0
2002-04-30 00:00:00-04:00,23.895974193822966,24.004533051763556,23.67091556110954,23.898622512817383,8336800,0.0,0.0
2002-05-01 00:00:00-04:00,24.041590747202463,24.367263136061805,23.97539694230386,24.306365966796875,9780800,0.0,0.0
2002-05-02 00:00:00-04:00,24.489067295242794,24.748547981931313,24.40698759744731,24.68764877319336,8359000,0.0,0.0
2002-05-03 00:00:00-04:00,24.621453039236894,24.671760989509973,24.346086502075195,24.346086502075195,6020200,0.0,0.0
2002-05-06 00:00:00-04:00,24.486410249057492,24.751185436776186,24.332840155362803,24.41227149963379,6172400,0.0,0.0
2002-05-07 00:00:00-04:00,24.49171262670571,24.687645762098352,24.258711114889458,24.269302368164062,7020200,0.0,0.0
2002-05-08 00:00:00-04:00,24.271943895401847,24.348728951493182,24.041590747202463,24.306365966796875,7733400,0.0,0.0
2002-05-09 00:00:00-04:00,24.35932584526666,24.55790730596177,24.266654900957292,24.375211715698242,5633200,0.0,0.0
2002-05-10 00:00:00-04:00,24.375219618072997,24.621460789968598,24.30637947716831,24.46524429321289,4723600,0.0,0.0
2002-05-13 00:00:00-04:00,24.27194109584112,24.719411811767635,24.27194109584112,24.67969512939453,4500000,0.0,0.0
2002-05-14 00:00:00-04:00,24.6638253071616,24.79091634933317,24.46789210543627,24.637348175048828,5875200,0.0,0.0
2002-05-15 00:00:00-04:00,24.478462019060462,24.597612049625102,24.30900608321547,24.399030685424805,5789800,0.0,0.0
2002-05-16 00:00:00-04:00,24.465233810800136,24.677052801411364,24.34078911852767,24.61615562438965,5578400,0.0,0.0
2002-05-17 00:00:00-04:00,24.74324237092741,24.788255691528324,24.552605918096596,24.78825569152832,4867400,0.0,0.0
2002-05-20 00:00:00-04:00,24.677063374580417,24.817396015830123,24.46524429321289,24.46524429321289,3985400,0.0,0.0
2002-05-21 00:00:00-04:00,24.346099047094793,24.364633245681183,24.02836935130632,24.12104034423828,6380400,0.0,0.0
2002-05-22 00:00:00-04:00,24.121030353734895,24.383157345195837,24.081313653192257,24.33285140991211,4691000,0.0,0.0
2002-05-23 00:00:00-04:00,24.240191243540554,24.27990594168305,24.0707351312119,24.19253158569336,5138000,0.0,0.0
2002-05-24 00:00:00-04:00,24.028361862486804,24.17134078705281,23.750346950262536,23.898622512817383,4765200,0.0,0.0
2002-05-28 00:00:00-04:00,23.988640636231786,23.988640636231786,23.167837649244987,23.302873611450195,7467800,0.0,0.0
2002-05-29 00:00:00-04:00,23.26051068192873,23.4988088659933,23.035452071452585,23.040746688842773,10684000,0.0,0.0
2002-05-30 00:00:00-04:00,23.05928181054097,23.54911777202932,22.87658821211367,23.498809814453125,6607400,0.0,0.0
2002-05-31 00:00:00-04:00,23.62590049580213,23.956869615030097,23.557058353381663,23.710628509521484,6218400,0.0,0.0
2002-06-03 00:00:00-04:00,23.77734159056592,24.30033078851784,23.713302637039178,23.723976135253906,6517400,0.345,0.0
2002-06-04 00:00:00-04:00,23.737309550351455,23.942770768411297,23.515839107524723,23.89474105834961,7845200,0.0,0.0
2002-06-05 00:00:00-04:00,24.001462141463552,24.21492788477946,23.694607934617206,24.158893585205078,6226800,0.0,0.0
2002-06-06 00:00:00-04:00,24.041497035488465,24.212268885538684,23.822695475376563,23.89474105834961,5432000,0.0,0.0
2002-06-07 00:00:00-04:00,23.854716323637753,23.980127348249326,23.499830240324385,23.83870506286621,6049800,0.0,0.0
2002-06-10 00:00:00-04:00,23.734641819112877,23.932098434368804,23.521178014074515,23.801349639892578,5670600,0.0,0.0
2002-06-11 00:00:00-04:00,24.04149793349733,24.14823085270571,23.73197470713025,23.747983932495117,5682200,0.0,0.0
2002-06-12 00:00:00-04:00,24.148227599359327,24.815305709838864,24.08685551746044,24.815305709838867,17696400,0.0,0.0
2002-06-13 00:00:00-04:00,24.748607737713634,24.82332019006789,24.385716938482993,24.409732818603516,8012800,0.0,0.0
2002-06-14 00:00:00-04:00,24.60716110560145,24.62850807935386,24.014795816408522,24.42838478088379,8280200,0.0,0.0
2002-06-17 00:00:00-04:00,24.428401237016658,25.055454254150387,24.428401237016658,25.05545425415039,7850400,0.0,0.0
2002-06-18 00:00:00-04:00,24.84198894184245,25.05545475592334,24.809970494762933,25.052785873413086,5918000,0.0,0.0
2002-06-19 00:00:00-04:00,25.02877303461252,25.282261917635353,24.91670235808953,25.188871383666992,8196000,0.0,0.0
2002-06-20 00:00:00-04:00,25.08215654900002,25.282280138486723,24.97542356078796,25.042131423950195,6938200,0.0,0.0
2002-06-21 00:00:00-04:00,25.039462539410223,25.242255013436896,24.88736869283083,25.042131423950195,12660400,0.0,0.0
2002-06-24 00:00:00-04:00,25.015439134341463,25.191548803012818,24.81531562126673,24.922048568725586,10724400,0.0,0.0
2002-06-25 00:00:00-04:00,24.858003035044494,24.948724693126895,23.747983932495117,23.747983932495117,11822800,0.0,0.0
2002-06-26 00:00:00-04:00,23.747986080292257,24.537806496648823,23.465145549206547,24.302995681762695,13669600,0.0,0.0
2002-06-27 00:00:00-04:00,24.455096402787145,24.671229169308038,23.894750911512535,24.612525939941406,9513600,0.0,0.0
2002-06-28 00:00:00-04:00,24.468436665671298,24.6018523553113,23.828042984008793,23.82804298400879,14148600,0.0,0.0
2002-07-01 00:00:00-04:00,23.83870150118898,24.268299951380826,23.76398908128792,24.022815704345703,7897800,0.0,0.0
2002-07-02 00:00:00-04:00,23.755986962850525,23.90808070096952,23.57987938828373,23.822694778442383,8297800,0.0,0.0
2002-07-03 00:00:00-04:00,23.601230945217143,23.908087389943788,23.21966205184642,23.57721710205078,7620800,0.0,0.0
2002-07-05 00:00:00-04:00,23.52385508799444,23.982803344726562,23.350414286422396,23.982803344726562,3614800,0.0,0.0
2002-07-08 00:00:00-04:00,23.982789075403325,24.14288943437416,23.75064721926475,24.108200073242188,5651600,0.0,0.0
2002-07-09 00:00:00-04:00,24.041499631602296,24.145563675346438,23.120932464400656,23.454471588134766,7021400,0.0,0.0
2002-07-10 00:00:00-04:00,23.454473147441778,23.718635580988163,23.307715108937458,23.46781349182129,9880600,0.0,0.0
2002-07-11 00:00:00-04:00,23.241005182145052,23.387763207403765,22.712680362736098,22.93414878845215,12660800,0.0,0.0
2002-07-12 00:00:00-04:00,22.979515012377107,22.979515012377107,21.906851919220127,22.31510353088379,13833800,0.0,0.0
2002-07-15 00:00:00-04:00,22.0402608611294,22.20035920411002,21.133034203224714,21.96021270751953,13916000,0.0,0.0
2002-07-16 00:00:00-04:00,21.74675774207482,21.877504549897274,21.173069860745006,21.680049896240234,10625600,0.0,0.0
2002-07-17 00:00:00-04:00,21.977729533158875,22.052822948008636,21.39040658685281,21.473543167114258,11701200,0.205,0.0
2002-07-18 00:00:00-04:00,21.49231625347195,22.020640306099114,21.484271041882522,21.559362411499023,8898600,0.0,0.0
2002-07-19 00:00:00-04:00,21.191943730051605,21.307263176499468,19.86711335128336,19.969022750854492,17326200,0.0,0.0
2002-07-22 00:00:00-04:00,20.113845527457485,21.1758563257769,20.113845527457485,20.8728084564209,17256600,0.0,0.0
2002-07-23 00:00:00-04:00,21.186580428469345,21.478900619348543,20.921078284611546,21.24289894104004,13541200,0.0,0.0
2002-07-24 00:00:00-04:00,20.945222588013262,22.07964465702745,20.945222588013262,22.058189392089844,16138800,0.0,0.0
2002-07-25 00:00:00-04:00,22.058183552318738,22.80105400085449,21.741725639572728,22.801054000854492,13096600,0.0,0.0
2002-07-26 00:00:00-04:00,22.607962522315706,22.712554352276666,22.32636787482936,22.58114242553711,9104400,0.0,0.0
2002-07-29 00:00:00-04:00,22.693767408942954,23.39104652404785,22.65085691763319,23.39104652404785,9827800,0.0,0.0
2002-07-30 00:00:00-04:00,23.17115234640868,23.479565078864027,23.002194720704733,23.407154083251953,8643800,0.0,0.0
2002-07-31 00:00:00-04:00,23.492972891673496,23.868431778302256,23.26501636817664,23.86574935913086,10154400,0.0,0.0
2002-08-01 00:00:00-04:00,23.798697448428577,24.082974475360952,23.40178544265255,23.565378189086914,10268600,0.0,0.0
2002-08-02 00:00:00-04:00,23.565380398555444,24.109794782844226,23.55197035076974,24.09370231628418,14511400,0.0,0.0
2002-08-05 00:00:00-04:00,23.975699491505026,23.978381909943973,23.38569224616863,23.60024070739746,15921000,0.0,0.0
2002-08-06 00:00:00-04:00,23.78796038289468,23.962280688175536,23.364230498256394,23.5251407623291,13051400,0.0,0.0
2002-08-07 00:00:00-04:00,23.65120102346875,23.89524795060879,23.197968385240753,23.84965705871582,10906800,0.0,0.0
2002-08-08 00:00:00-04:00,23.852337225933795,24.388706386518148,23.69142484088971,24.36456871032715,9901200,0.0,0.0
2002-08-09 00:00:00-04:00,24.042753930466674,24.536212697136005,24.00252582433708,24.44234848022461,8595000,0.0,0.0
2002-08-12 00:00:00-04:00,24.13661222629599,24.520116257957245,24.123202178846995,24.36456871032715,6203800,0.0,0.0
2002-08-13 00:00:00-04:00,24.12321138950333,24.589854210565857,24.056165218830905,24.152711868286133,9148800,0.0,0.0
2002-08-14 00:00:00-04:00,24.152700276598843,24.911663055419922,23.95960707036026,24.911663055419922,8927000,0.0,0.0
2002-08-15 00:00:00-04:00,24.686395334243244,24.914351854286576,24.321664083739396,24.490619659423828,9005600,0.0,0.0
2002-08-16 00:00:00-04:00,24.13659949518042,24.402101516723633,23.884505467928037,24.402101516723633,9640600,0.0,0.0
2002-08-19 00:00:00-04:00,24.29752143384388,24.54425074516314,24.147338730621005,24.47184181213379,7625600,0.0,0.0
2002-08-20 00:00:00-04:00,24.230470167376883,24.377972466908197,24.139288415728753,24.19292449951172,6751200,0.0,0.0
2002-08-21 00:00:00-04:00,24.203661464103398,24.404799925023926,24.080296786935822,24.37529945373535,6034600,0.0,0.0
2002-08-22 00:00:00-04:00,24.184883677678876,24.428930563062337,24.06956423515448,24.340431213378906,5848600,0.0,0.0
2002-08-23 00:00:00-04:00,24.19024710349611,24.391385528567593,24.117838170748154,24.203657150268555,5072400,0.0,0.0
2002-08-26 00:00:00-04:00,24.203656946390595,24.27070308751633,23.90865433465453,24.243885040283203,6471200,0.0,0.0
2002-08-27 00:00:00-04:00,24.20365816520706,24.380660968813487,23.93815600588337,24.24656867980957,6815800,0.0,0.0
2002-08-28 00:00:00-04:00,23.332065855965233,24.270712183504063,23.332065855965233,24.064210891723633,5291000,0.0,0.0
2002-08-29 00:00:00-04:00,23.895244054392652,23.97570024139133,23.519785258541887,23.565378189086914,7959600,0.0,0.0
2002-08-30 00:00:00-04:00,23.565377305296344,24.05079068934891,23.466148284530885,23.774560928344727,6123200,0.0,0.0
2002-09-03 00:00:00-04:00,23.777248474422993,23.777248474422993,23.160423053774508,23.208696365356445,8145400,0.0,0.0
2002-09-04 00:00:00-04:00,23.332052434686663,23.83623857829373,23.203322969252177,23.75041961669922,9562800,0.0,0.0
2002-09-05 00:00:00-04:00,23.745076060994712,24.29485352570412,23.653892189515783,24.096397399902344,11535600,0.0,0.0
2002-09-06 00:00:00-04:00,24.39139172720144,24.394074146454795,23.91938824293098,24.123207092285156,7114800,0.0,0.0
2002-09-09 00:00:00-04:00,23.93547379107686,24.36456871032715,23.868427646003813,24.36456871032715,5483400,0.0,0.0
2002-09-10 00:00:00-04:00,24.40212181021343,24.624715570622357,24.1634376248403,24.538896560668945,6184000,0.0,0.0
2002-09-11 00:00:00-04:00,24.592513840624296,24.67296999600179,24.36455746183476,24.64078712463379,4901400,0.0,0.0
2002-09-12 00:00:00-04:00,24.41820329224043,24.48792979976374,24.217064886360646,24.45842933654785,5728800,0.0,0.0
2002-09-13 00:00:00-04:00,24.404802343119744,24.67298698425293,24.308255708624884,24.67298698425293,6131600,0.0,0.0
2002-09-16 00:00:00-04:00,24.672971910045995,24.9411563873291,24.635426246913173,24.9411563873291,7262400,0.0,0.0
2002-09-17 00:00:00-04:00,24.951889587317215,25.075254228902395,24.616658915807825,24.689067840576172,8247400,0.0,0.0
2002-09-18 00:00:00-04:00,24.490620619529032,24.908987992531515,24.31093740636375,24.699804306030273,6831200,0.0,0.0
2002-09-19 00:00:00-04:00,24.538896357290767,24.812443809848045,24.431622084216443,24.436986923217773,6969800,0.0,0.0
2002-09-20 00:00:00-04:00,24.436985169911928,24.52816696552671,24.20366379617212,24.428937911987305,12632600,0.0,0.0
2002-09-23 00:00:00-04:00,24.14197452775738,24.404796311388605,24.00251944911297,24.335067749023438,7053400,0.0,0.0
2002-09-24 00:00:00-04:00,24.17684109703606,24.217069194585747,23.600243821720014,23.610971450805664,10283800,0.0,0.0
2002-09-25 00:00:00-04:00,23.707510542140653,24.136605338949344,23.597553913475565,23.895238876342773,8549400,0.0,0.0
2002-09-26 00:00:00-04:00,24.123201008938054,24.348477109422916,23.908654582760807,24.337749481201172,8236600,0.0,0.0
2002-09-27 00:00:00-04:00,24.34578678541597,24.431605737237387,23.597551840120566,23.63509750366211,8799200,0.0,0.0
2002-09-30 00:00:00-04:00,23.702141019237192,24.080282076892235,23.38568328552825,23.970325469970703,13563800,0.0,0.0
2002-10-01 00:00:00-04:00,24.00251457467945,24.450382232666016,23.734330054291966,24.450382232666016,10400200,0.0,0.0
2002-10-02 00:00:00-04:00,24.25728848019394,24.469154491848197,24.139288685336407,24.286788940429688,7163400,0.0,0.0
2002-10-03 00:00:00-04:00,24.286791713581167,24.766842294130313,24.00251675094312,24.08565330505371,10339800,0.0,0.0
2002-10-04 00:00:00-04:00,24.136618311254313,24.171481578890546,23.431293423861018,23.739704132080078,10434800,0.0,0.0
2002-10-07 00:00:00-04:00,23.739700388294473,24.34848058883679,23.72092754774524,23.84965705871582,10585600,0.0,0.0
2002-10-08 00:00:00-04:00,23.98642491229113,24.359201243662266,23.884513481845257,23.94887924194336,9735000,0.0,0.0
2002-10-09 00:00:00-04:00,23.94887280742291,24.13391869125197,23.576096576208315,23.651187896728516,10451200,0.0,0.0
2002-10-10 00:00:00-04:00,23.74238467636887,24.04543461406054,23.46615483821851,23.86574935913086,9407400,0.0,0.0
2002-10-11 00:00:00-04:00,23.975701357742693,24.254613560616033,23.74506246009909,24.20097541809082,9663000,0.0,0.0
2002-10-14 00:00:00-04:00,24.136619814713274,24.482578277587894,24.064210855547245,24.48257827758789,6394800,0.0,0.0
2002-10-15 00:00:00-04:00,24.67298644141305,24.71321454591524,23.922068644326792,24.24925422668457,14296000,0.0,0.0
2002-10-16 00:00:00-04:00,24.25194594133449,24.507883072194634,24.181901807142506,24.381261825561523,7180400,0.205,0.0
2002-10-17 00:00:00-04:00,24.48903421587092,24.542914656204886,24.18999304458119,24.338165283203125,7679400,0.0,0.0
2002-10-18 00:00:00-04:00,24.246562365290252,24.7180233001709,24.20345637893459,24.7180233001709,6858200,0.0,0.0
2002-10-21 00:00:00-04:00,24.502486586730242,24.836551666259766,24.27888106198443,24.836551666259766,6789400,0.0,0.0
2002-10-22 00:00:00-04:00,24.645290370409292,24.71802917040085,24.114559605950816,24.338165283203125,9511600,0.0,0.0
2002-10-23 00:00:00-04:00,24.36779975313546,24.515974044799805,24.020267424335483,24.515974044799805,8361200,0.0,0.0
2002-10-24 00:00:00-04:00,24.583313581464488,24.583313581464488,23.842446596817613,23.923269271850586,7069600,0.0,0.0
2002-10-25 00:00:00-04:00,23.86939348037966,24.02564959960328,23.581128873387534,23.896333694458008,6948000,0.0,0.0
2002-10-28 00:00:00-05:00,23.89632311979419,23.90171239346893,22.83216971906212,23.10157585144043,14637800,0.0,0.0
2002-10-29 00:00:00-05:00,23.718530152100392,24.03642965831068,23.45451108203142,23.979854583740234,16135800,0.0,0.0
2002-10-30 00:00:00-05:00,23.977162256475292,24.216933714607478,23.713143160957458,23.96099853515625,8873600,0.0,0.0
2002-10-31 00:00:00-05:00,23.960978513249593,24.098374140467186,23.562256592161432,23.828968048095703,8156400,0.0,0.0
2002-11-01 00:00:00-05:00,23.65385993111246,23.76701001669617,23.357511532575515,23.705045700073242,8604000,0.0,0.0
2002-11-04 00:00:00-05:00,23.707738093558074,23.71312531147363,23.23627739283391,23.30362892150879,9340000,0.0,0.0
2002-11-05 00:00:00-05:00,23.290169650833185,23.969074556539294,23.26322943672885,23.9071102142334,7629200,0.0,0.0
2002-11-06 00:00:00-05:00,23.89903317241749,23.909809671312555,23.430266775220648,23.6700382232666,8212400,0.0,0.0
2002-11-07 00:00:00-05:00,23.640372577281536,23.831650558893642,23.443705325537074,23.710418701171875,6242200,0.0,0.0
2002-11-08 00:00:00-05:00,23.842451637000572,23.99331846985492,23.48414085356505,23.62423324584961,6014200,0.0,0.0
2002-11-11 00:00:00-05:00,23.330572182718374,23.626918536685473,23.20664560034689,23.23628044128418,5642600,0.0,0.0
2002-11-12 00:00:00-05:00,23.298239871189917,23.505681658814847,22.93723463707469,23.00997543334961,7248000,0.0,0.0
2002-11-13 00:00:00-05:00,23.136592656377683,23.486821371125007,22.99919703994753,23.115041732788086,7543000,0.0,0.0
2002-11-14 00:00:00-05:00,23.182409240318737,23.346747221544703,22.934553921734356,23.298254013061523,7478000,0.0,0.0
2002-11-15 00:00:00-05:00,23.300939928320062,23.5380186821355,23.10157993067111,23.513771057128906,8749600,0.0,0.0
2002-11-18 00:00:00-05:00,23.51916047647248,23.51916047647248,23.01806481425057,23.20934295654297,7782000,0.0,0.0
2002-11-19 00:00:00-05:00,23.17432886687663,23.67273216287415,23.14200142655294,23.465288162231445,6296000,0.0,0.0
2002-11-20 00:00:00-05:00,23.317102255871145,23.785868364293453,23.23897422856647,23.705045700073242,6457600,0.0,0.0
2002-11-21 00:00:00-05:00,23.70505091739941,23.73468576377554,23.300941618168025,23.3656005859375,8499400,0.0,0.0
2002-11-22 00:00:00-05:00,23.344047942481335,23.567655584665868,23.295554743638984,23.3251895904541,7437600,0.0,0.0
2002-11-25 00:00:00-05:00,23.187780345918974,23.233578884488615,23.02074784269387,23.071935653686523,7500000,0.0,0.0
2002-11-26 00:00:00-05:00,22.96686888245364,22.96956351883311,22.697462795855945,22.743261337280273,9031200,0.0,0.0
2002-11-27 00:00:00-05:00,22.745964729128616,23.04770040220927,22.522357097883294,22.907608032226562,7461200,0.0,0.0
2002-11-29 00:00:00-05:00,22.76751050261684,22.872578719104656,22.589701486772565,22.772897720336914,4340000,0.0,0.0
2002-12-02 00:00:00-05:00,22.53043498899556,22.562764466087067,22.15865525176909,22.30682945251465,13905200,0.0,0.0
2002-12-03 00:00:00-05:00,22.09130798021685,22.84564614804525,22.09130798021685,22.762128829956055,10569800,0.0,0.0
2002-12-04 00:00:00-05:00,22.76212850869476,23.381763570337377,22.76212850869476,23.182403564453125,10484000,0.0,0.0
2002-12-05 00:00:00-05:00,23.182409403257353,23.57304765654603,22.939943359137263,22.961496353149414,9266800,0.0,0.0
2002-12-06 00:00:00-05:00,23.02884497339647,23.185099021489194,22.848341240882363,23.15546417236328,6083200,0.0,0.0
2002-12-09 00:00:00-05:00,23.168933374751226,23.397928235397178,23.047701405999312,23.27130699157715,8444400,0.0,0.0
2002-12-10 00:00:00-05:00,23.438344156802206,23.680810197091827,23.276700815077994,23.61345863342285,7920000,0.0,0.0
2002-12-11 00:00:00-05:00,23.616147867968678,23.680804778783155,23.28208270871391,23.562265396118164,7881600,0.0,0.0
2002-12-12 00:00:00-05:00,23.70774720239575,23.775098756948015,23.236286320529928,23.626924514770508,10370200,0.0,0.0
2002-12-13 00:00:00-05:00,23.62691594421055,23.788561260824906,23.481438447906555,23.548789978027344,8180800,0.0,0.0
2002-12-16 00:00:00-05:00,23.551481409311585,23.7212085723877,23.257829738918755,23.721208572387695,6884200,0.0,0.0
2002-12-17 00:00:00-05:00,23.70774007299253,23.710434709878058,23.45180506482137,23.546096801757812,6956200,0.0,0.0
2002-12-18 00:00:00-05:00,23.492218566628516,23.66733299838306,23.387150318657007,23.53801918029785,6152400,0.0,0.0
2002-12-19 00:00:00-05:00,23.538019875527766,23.543407095021237,22.996512850860803,23.088109970092773,9275800,0.0,0.0
2002-12-20 00:00:00-05:00,23.35483034354929,23.648482193008302,23.26053650416061,23.62154197692871,11114800,0.0,0.0
2002-12-23 00:00:00-05:00,23.68080830816999,23.721219654229248,23.57843262409902,23.62423324584961,6001600,0.0,0.0
2002-12-24 00:00:00-05:00,23.62692382185428,23.6538660872101,23.47066978198437,23.581125259399414,1895200,0.0,0.0
2002-12-26 00:00:00-05:00,23.586515353615354,23.772404247506177,23.47067059694422,23.55418586730957,3321400,0.0,0.0
2002-12-27 00:00:00-05:00,23.41947027918416,23.591890003467483,23.22549757551411,23.317096710205078,3341800,0.0,0.0
2002-12-30 00:00:00-05:00,23.209344392574323,23.564960492082637,23.16893305175166,23.195873260498047,6905800,0.0,0.0
2002-12-31 00:00:00-05:00,23.21203686836252,23.2901628498294,22.929159564354073,23.152767181396484,5403000,0.0,0.0
2003-01-02 00:00:00-05:00,23.195869000632644,23.68080089063567,23.17162343383539,23.656553268432617,6608800,0.0,0.0
2003-01-03 00:00:00-05:00,23.613459796479795,23.688893222639383,23.333277031167963,23.397933959960938,5519000,0.0,0.0
2003-01-06 00:00:00-05:00,23.465282298646297,23.715830175581804,23.430260228578092,23.664642333984375,5391600,0.0,0.0
2003-01-07 00:00:00-05:00,23.457197555273623,23.554183950893623,23.29824888520017,23.300941467285156,6639600,0.0,0.0
2003-01-08 00:00:00-05:00,23.27669015636859,23.430251568999747,22.791758297846172,22.953401565551758,10540600,0.0,0.0
2003-01-09 00:00:00-05:00,23.007291294692884,23.14199440291075,22.807931270044207,23.109664916992188,9138800,0.0,0.0
2003-01-10 00:00:00-05:00,23.109653442060736,23.287462443213574,22.939928349928266,23.20394515991211,6574400,0.0,0.0
2003-01-13 00:00:00-05:00,23.203951801707063,23.263221485723097,22.899523581104383,23.220117568969727,6612200,0.0,0.0
2003-01-14 00:00:00-05:00,23.115046238085274,23.290158574184446,23.074634908444846,23.265913009643555,5475800,0.0,0.0
2003-01-15 00:00:00-05:00,23.2443661831562,23.276695666512733,22.95340699916583,23.141992568969727,5112600,0.0,0.0
2003-01-16 00:00:00-05:00,23.23090238028511,23.43834429321395,23.212044024564303,23.403322219848633,6160800,0.0,0.0
2003-01-17 00:00:00-05:00,23.403305771007336,23.502984700298718,23.249744395094094,23.44910430908203,7420800,0.0,0.0
2003-01-21 00:00:00-05:00,23.459901241982443,23.56496953519788,23.171636581420902,23.1716365814209,8836200,0.0,0.0
2003-01-22 00:00:00-05:00,23.223050386074153,23.396295961482142,22.94152580972363,23.044389724731445,8654200,0.205,0.0
2003-01-23 00:00:00-05:00,22.941532798760722,23.317800841095554,22.93882525496852,23.125606536865234,6564600,0.0,0.0
2003-01-24 00:00:00-05:00,23.00920432717655,23.14184504443953,22.776405153469778,22.79806137084961,6369800,0.0,0.0
2003-01-27 00:00:00-05:00,22.76559168030658,22.82514528376161,22.297287553595467,22.481361389160156,9373200,0.0,0.0
2003-01-28 00:00:00-05:00,22.803474925090356,23.07958654000472,22.738508336684284,23.009204864501953,10753200,0.0,0.0
2003-01-29 00:00:00-05:00,22.941533463912837,23.279904163970546,22.743924066368756,23.028156280517578,10149600,0.0,0.0
2003-01-30 00:00:00-05:00,23.131020312378677,23.131020312378677,22.798064698874345,22.873859405517578,7519600,0.0,0.0
2003-01-31 00:00:00-05:00,22.81972557498448,23.27449597287478,22.81972557498448,23.163509368896484,7855600,0.0,0.0
2003-02-03 00:00:00-05:00,23.16079294388588,23.306969308436063,23.06875712097493,23.204105377197266,6086200,0.0,0.0
2003-02-04 00:00:00-05:00,23.049807117228152,23.27719118323633,22.881974545709944,23.255537033081055,6880800,0.0,0.0
2003-02-05 00:00:00-05:00,23.25553524815002,23.344863515653955,22.949646908461613,23.090410232543945,7276600,0.0,0.0
2003-02-06 00:00:00-05:00,23.03627153652057,23.112066225421046,22.795351818836746,22.968597412109375,7101000,0.0,0.0
2003-02-07 00:00:00-05:00,22.971311223199383,23.11748761964261,22.58692258732142,22.73309898376465,7616400,0.0,0.0
2003-02-10 00:00:00-05:00,22.833258518631393,23.01191927159881,22.738515118687108,22.974021911621094,7293400,0.0,0.0
2003-02-11 00:00:00-05:00,22.97672088220631,23.049810102353383,22.446155927558003,22.519245147705078,6932000,0.0,0.0
2003-02-12 00:00:00-05:00,22.53548896045287,22.63293988874517,22.38931256801442,22.5544376373291,5536200,0.0,0.0
2003-02-13 00:00:00-05:00,22.49488334430962,22.546316350724158,22.075304922522594,22.38660430908203,7559000,0.0,0.0
2003-02-14 00:00:00-05:00,22.38661758456772,22.65731430053711,22.237735629935784,22.65731430053711,6734200,0.0,0.0
2003-02-18 00:00:00-05:00,22.711446398362067,23.009212261638904,22.703325830356988,22.903640747070312,6274200,0.0,0.0
2003-02-19 00:00:00-05:00,22.83324968041,22.873854569026403,22.559845633326667,22.738506317138672,4471600,0.0,0.0
2003-02-20 00:00:00-05:00,22.711444834394687,22.792652574104594,22.48405861965445,22.589630126953125,4913400,0.0,0.0
2003-02-21 00:00:00-05:00,22.77912035186294,22.863035640846256,22.521957330871757,22.803482055664062,6940400,0.0,0.0
2003-02-24 00:00:00-05:00,22.65729950079751,22.68166326325142,22.36224126444379,22.43803596496582,6578000,0.0,0.0
2003-02-25 00:00:00-05:00,22.27832655284419,22.489469528198242,22.105080928694672,22.489469528198242,8055000,0.0,0.0
2003-02-26 00:00:00-05:00,22.440734472144644,22.50840857968112,22.26478137949984,22.345991134643555,5333000,0.0,0.0
2003-02-27 00:00:00-05:00,22.392019547647617,22.47864236336334,22.19982523981745,22.359535217285156,8482200,0.0,0.0
2003-02-28 00:00:00-05:00,22.359555780990696,22.462421889117284,22.06991028094192,22.15924072265625,7569400,0.0,0.0
2003-03-03 00:00:00-05:00,22.291858531131165,22.294566074664743,21.850623936685555,21.87769317626953,8203200,0.0,0.0
2003-03-04 00:00:00-05:00,21.92643096749204,21.96432833727744,21.590767664284876,21.625957489013672,7056800,0.0,0.0
2003-03-05 00:00:00-05:00,21.588054286266306,21.926425043104334,21.571813150818464,21.923717498779297,7384600,0.0,0.0
2003-03-06 00:00:00-05:00,21.73964331364478,21.99409877885903,21.696332931518555,21.696332931518555,7180600,0.0,0.0
2003-03-07 00:00:00-05:00,21.699034306688972,21.937246503786646,21.539322283955435,21.915590286254883,8288400,0.0,0.0
2003-03-10 00:00:00-05:00,21.861460646819246,21.864166126166676,21.574520811632762,21.59888458251953,5812600,0.0,0.0
2003-03-11 00:00:00-05:00,21.590757673276514,22.148391912292357,21.563688430991913,21.845211029052734,9444400,0.0,0.0
2003-03-12 00:00:00-05:00,21.84793042010257,22.197129411107543,21.780256245068706,22.18359375,7981400,0.0,0.0
2003-03-13 00:00:00-05:00,22.400145984821087,22.60046091143007,22.140277469564506,22.597755432128906,8667800,0.0,0.0
2003-03-14 00:00:00-05:00,22.654594010499967,22.72768116732195,22.416379734412057,22.576091766357422,6812000,0.0,0.0
2003-03-17 00:00:00-05:00,22.530075758647776,23.158091699729376,22.42179672082318,23.144556045532227,10316200,0.0,0.0
2003-03-18 00:00:00-05:00,23.144555849817372,23.55060068928785,23.060640577207078,23.447736740112305,11100400,0.0,0.0
2003-03-19 00:00:00-05:00,23.44773449349566,23.799638748168945,23.401714513174372,23.799638748168945,9287400,0.0,0.0
2003-03-20 00:00:00-05:00,23.688655959039437,23.975593644675183,23.620981820710192,23.82129669189453,9777800,0.0,0.0
2003-03-21 00:00:00-05:00,23.997246297146297,24.110938336977668,23.818585607196578,24.06492042541504,11405200,0.0,0.0
2003-03-24 00:00:00-05:00,23.821295630855797,23.8619005250949,23.56684022119143,23.70218849182129,7374400,0.0,0.0
2003-03-25 00:00:00-05:00,23.704906612240233,24.02703630094846,23.604748103794815,23.826719284057617,7367400,0.0,0.0
2003-03-26 00:00:00-05:00,23.829417571947154,24.062216776086373,23.791520219203637,23.910627365112305,6287800,0.0,0.0
2003-03-27 00:00:00-05:00,23.767171918240308,24.184043033414163,23.685962079296207,24.032453536987305,6805400,0.0,0.0
2003-03-28 00:00:00-05:00,24.032440428997923,24.086580980514828,23.791520654187583,23.994543075561523,5937800,0.0,0.0
2003-03-31 00:00:00-05:00,23.95665343153105,24.36269840494683,23.82130510705912,24.10553741455078,10082000,0.0,0.0
2003-04-01 00:00:00-05:00,24.10553190723391,24.362692838877187,24.01349399368982,24.232757568359375,8636000,0.0,0.0
2003-04-02 00:00:00-05:00,24.357278578788897,24.41412461136239,24.21922274810987,24.39517593383789,9390800,0.0,0.0
2003-04-03 00:00:00-05:00,24.3924677356026,24.411416412618873,24.205686444120115,24.211101531982422,6290600,0.0,0.0
2003-04-04 00:00:00-05:00,24.037855570724673,24.481797767905324,24.037855570724673,24.403295516967773,6480800,0.0,0.0
2003-04-07 00:00:00-04:00,24.47366888253538,24.66044804275921,24.178608655840947,24.202972412109375,7650600,0.0,0.0
2003-04-08 00:00:00-04:00,24.09740847695528,24.373520143194547,24.094702998154634,24.335622787475586,6090600,0.0,0.0
2003-04-09 00:00:00-04:00,24.146128411860083,24.49803470891711,24.073041261217742,24.17049217224121,6393200,0.0,0.0
2003-04-10 00:00:00-04:00,24.17049127549157,24.17319881882247,23.929571550302615,24.029727935791016,7076800,0.0,0.0
2003-04-11 00:00:00-04:00,24.13259411454848,24.273355390075846,24.06491998751119,24.146127700805664,5032400,0.0,0.0
2003-04-14 00:00:00-04:00,24.1461311089093,24.427655764950266,24.12718243327437,24.349153518676758,5912600,0.0,0.0
2003-04-15 00:00:00-04:00,24.311084097127804,24.474245317637223,24.302926347308453,24.441612243652344,6803800,0.205,0.0
2003-04-16 00:00:00-04:00,24.389948913105968,24.438897492970806,24.134328321066505,24.22950553894043,6212400,0.0,0.0
2003-04-17 00:00:00-04:00,24.229505205689517,24.35459555813301,23.960289057489554,24.27301597595215,7153200,0.0,0.0
2003-04-21 00:00:00-04:00,24.351869822523774,24.428011571172984,24.232217317670987,24.319236755371094,4881800,0.0,0.0
2003-04-22 00:00:00-04:00,24.161512826700783,24.868546001272826,24.07721333185734,24.781526565551758,7550600,0.0,0.0
2003-04-23 00:00:00-04:00,24.713549047225385,24.803288447356557,24.569423263521863,24.623811721801758,5952000,0.0,0.0
2003-04-24 00:00:00-04:00,24.256705001912948,24.447061561561434,24.229511800451245,24.43890380859375,6371600,0.0,0.0
2003-04-25 00:00:00-04:00,24.283880543498753,24.40081308199491,24.147912571977947,24.24036979675293,4783600,0.0,0.0
2003-04-28 00:00:00-04:00,24.305652263725136,24.762505077277815,24.052751562031546,24.661890029907227,8444800,0.0,0.0
2003-04-29 00:00:00-04:00,24.637408816466444,24.74618366510073,24.392665925716223,24.705392837524414,8302000,0.0,0.0
2003-04-30 00:00:00-04:00,24.449781631021306,24.59934527719109,24.35732225592169,24.43346405029297,10203000,0.0,0.0
2003-05-01 00:00:00-04:00,24.49601015407581,24.61022284503993,24.030999562543364,24.43890380859375,5877000,0.0,0.0
2003-05-02 00:00:00-04:00,24.311081697739283,24.517753663164328,24.18327143063047,24.515033721923828,6295400,0.0,0.0
2003-05-05 00:00:00-04:00,24.474246772911673,24.59661717689319,24.267574774800067,24.512317657470703,6446000,0.0,0.0
2003-05-06 00:00:00-04:00,24.430731017778545,24.49599715630584,24.283887392860084,24.39266014099121,5724800,0.0,0.0
2003-05-07 00:00:00-04:00,24.395393153107328,24.525923425392584,24.3138135482988,24.43346405029297,6413000,0.0,0.0
2003-05-08 00:00:00-04:00,24.24309541609584,24.39265897498034,24.175111414410047,24.23493766784668,4773800,0.0,0.0
2003-05-09 00:00:00-04:00,24.237666424221096,24.368196678976787,24.126173690209875,24.33828353881836,4322600,0.0,0.0
2003-05-12 00:00:00-04:00,24.270302490738153,24.31109333003399,24.123456714098108,24.16968536376953,5729800,0.0,0.0
2003-05-13 00:00:00-04:00,24.13432462392584,24.283890282464125,23.821597749068694,23.878704071044922,7996600,0.0,0.0
2003-05-14 00:00:00-04:00,24.06362133706694,24.11800979382043,23.8487916009825,24.093534469604492,7593600,0.0,0.0
2003-05-15 00:00:00-04:00,24.202311023337717,24.53951118027282,24.137046945316516,24.447053909301758,7292800,0.0,0.0
2003-05-16 00:00:00-04:00,24.466094435027664,24.607500312570682,24.417145847665065,24.56127166748047,7723200,0.0,0.0
2003-05-19 00:00:00-04:00,24.504165820108046,24.550394466126633,24.368197749671182,24.482410430908203,5701400,0.0,0.0
2003-05-20 00:00:00-04:00,24.466092209119918,24.474249960486823,24.120732186729974,24.2974910736084,6665400,0.0,0.0
2003-05-21 00:00:00-04:00,24.161513376193696,24.31923675537109,24.093529375655894,24.319236755371094,6073400,0.0,0.0
2003-05-22 00:00:00-04:00,24.319232690089787,24.430725353486647,24.215897773440663,24.360023498535156,5882800,0.0,0.0
2003-05-23 00:00:00-04:00,24.23492718610979,24.41984367370606,24.210451877240924,24.419843673706055,3808800,0.0,0.0
2003-05-27 00:00:00-04:00,24.419864503967105,24.797855546308693,24.37091591918218,24.776100158691406,9698800,0.0,0.0
2003-05-28 00:00:00-04:00,24.778811494016665,24.99907901168595,24.63740359832961,24.958288192749023,8811600,0.0,0.0
2003-05-29 00:00:00-04:00,24.92293444529037,25.020831569814945,24.52862600631444,24.781526565551758,6680600,0.0,0.0
2003-05-30 00:00:00-04:00,24.78152928032344,25.004516738455735,24.751616151513613,24.969165802001953,6601000,0.0,0.0
2003-06-02 00:00:00-04:00,24.971888423652636,25.004519422433432,24.691794619011095,24.833200454711914,7470200,0.0,0.0
2003-06-03 00:00:00-04:00,24.860392451515324,25.072502232235163,24.786970633076667,25.031713485717773,5731600,0.0,0.0
2003-06-04 00:00:00-04:00,25.031713003652396,25.162241139409016,24.977324551497713,25.118732452392578,7429400,0.0,0.0
2003-06-05 00:00:00-04:00,24.95285102816605,25.11601223341148,24.664597421701593,24.84951400756836,7045200,0.0,0.0
2003-06-06 00:00:00-04:00,24.800566198799043,24.860392459988077,24.558543287412398,24.69179344177246,9333400,0.0,0.0
2003-06-09 00:00:00-04:00,24.66732045626172,24.789692931571885,24.58302093916692,24.629249572753906,4006400,0.0,0.0
2003-06-10 00:00:00-04:00,24.63196949437726,24.708111261331155,24.509597019166318,24.637407302856445,4633800,0.0,0.0
2003-06-11 00:00:00-04:00,24.69724134882225,24.69724134882225,24.45249839601858,24.61022186279297,5809200,0.0,0.0
2003-06-12 00:00:00-04:00,24.73258605150656,24.74618368561249,24.528633988163598,24.697235107421875,6088000,0.0,0.0
2003-06-13 00:00:00-04:00,24.827755271910963,24.852228513727287,24.62380329128094,24.792402267456055,4613200,0.0,0.0
2003-06-16 00:00:00-04:00,24.909348086794804,25.15681095095789,24.85496169287506,25.12689781188965,7065600,0.0,0.0
2003-06-17 00:00:00-04:00,25.094265602222873,25.154091882437083,24.925666530391556,24.988210678100586,5424000,0.0,0.0
2003-06-18 00:00:00-04:00,24.9881939816095,24.9881939816095,24.74617115497147,24.893016815185547,6584200,0.0,0.0
2003-06-19 00:00:00-04:00,24.882146502343417,24.933815011445855,24.48784009257169,24.585737228393555,6564000,0.0,0.0
2003-06-20 00:00:00-04:00,24.705392134870944,24.94741507697725,24.58574167201315,24.80872917175293,9402400,0.0,0.0
2003-06-23 00:00:00-04:00,24.75433656881001,24.92293765491668,24.57213992597834,24.88214683532715,6733600,0.0,0.0
2003-06-24 00:00:00-04:00,24.746186954362628,25.14865332539299,24.746186954362628,25.121458053588867,7510600,0.0,0.0
2003-06-25 00:00:00-04:00,25.012687911269836,25.118742843459906,24.645572450156948,24.661890029907227,6956400,0.0,0.0
2003-06-26 00:00:00-04:00,24.661890786003994,24.661890786003994,24.419867771821135,24.550395965576172,7685200,0.0,0.0
2003-06-27 00:00:00-04:00,24.55038624486396,24.55038624486396,24.248537063598636,24.248537063598633,5982600,0.0,0.0
2003-06-30 00:00:00-04:00,24.31652292609932,24.471526403295503,24.229503466527913,24.251258850097656,5176600,0.0,0.0
2003-07-01 00:00:00-04:00,24.21318678740866,24.631968564554185,24.128887273564402,24.463367462158203,6287800,0.0,0.0
2003-07-02 00:00:00-04:00,24.468816602838643,24.58302929217012,24.455218964948024,24.504167556762695,6527200,0.0,0.0
2003-07-03 00:00:00-04:00,24.474245153413506,24.67819719635862,24.395383447843166,24.463367462158203,3251600,0.0,0.0
2003-07-07 00:00:00-04:00,24.501440814981727,24.770656957899583,24.501440814981727,24.689077377319336,5947600,0.0,0.0
2003-07-08 00:00:00-04:00,24.5966230042102,24.661889171523327,24.479690381159298,24.501445770263672,5065000,0.0,0.0
2003-07-09 00:00:00-04:00,24.460642042943725,24.56397904937404,24.066335678100586,24.066335678100586,9917400,0.0,0.0
2003-07-10 00:00:00-04:00,24.066358862113997,24.14522062599448,23.903197522058417,24.02556800842285,9182000,0.0,0.0
2003-07-11 00:00:00-04:00,24.02282869246213,24.169674402505727,23.938529184267733,24.08265495300293,5693400,0.0,0.0
2003-07-14 00:00:00-04:00,24.09353300792253,24.12344613864534,23.995635866412858,24.022829055786133,7522800,0.0,0.0
2003-07-15 00:00:00-04:00,23.98203770902244,24.134321212768555,23.88414057812647,24.134321212768555,9819400,0.0,0.0
2003-07-16 00:00:00-04:00,24.053690678616455,24.217692697981803,24.037291102299566,24.21222686767578,7147200,0.2275,0.0
2003-07-17 00:00:00-04:00,24.190358718310183,24.23135974338707,24.009955042131377,24.091957092285156,6093200,0.0,0.0
2003-07-18 00:00:00-04:00,24.307890110922536,24.54569435119629,24.217688286811963,24.54569435119629,7686400,0.0,0.0
2003-07-21 00:00:00-04:00,24.477365198701865,24.56483308398109,24.33796253968223,24.370763778686523,6431400,0.0,0.0
2003-07-22 00:00:00-04:00,24.340690743684114,24.57576102081572,24.130219825941488,24.46369171142578,6459200,0.0,0.0
2003-07-23 00:00:00-04:00,24.581233164976414,24.581233164976414,24.19036058843657,24.29969596862793,5859600,0.0,0.0
2003-07-24 00:00:00-04:00,24.37349957836634,24.562103083581434,24.10836192187532,24.11656379699707,7992000,0.0,0.0
2003-07-25 00:00:00-04:00,24.040023976707282,24.488297154842076,23.731153459272612,24.477365493774414,6851600,0.0,0.0
2003-07-28 00:00:00-04:00,24.36530022665511,24.36530022665511,24.026362371169053,24.138429641723633,6529600,0.0,0.0
2003-07-29 00:00:00-04:00,24.067365332037422,24.206765941781157,23.807693481445312,23.807693481445312,9215200,0.0,0.0
2003-07-30 00:00:00-04:00,24.02635066993213,24.078283342282738,23.83774725317957,23.985349655151367,6343200,0.0,0.0
2003-07-31 00:00:00-04:00,24.31337814160996,24.668717847816204,24.018175125122074,24.01817512512207,11680600,0.0,0.0
2003-08-01 00:00:00-04:00,24.053701963631983,24.135704054486105,23.67376297444751,23.698362350463867,9353600,0.0,0.0
2003-08-04 00:00:00-04:00,23.766691903297346,24.190365810982783,23.646424835980984,24.00996208190918,6811200,0.0,0.0
2003-08-05 00:00:00-04:00,24.122021813330946,24.214955513943416,23.89515130597904,23.92521858215332,6403800,0.0,0.0
2003-08-06 00:00:00-04:00,23.971696484400226,24.37623687781944,23.91702982182443,24.272369384765625,7789000,0.0,0.0
2003-08-07 00:00:00-04:00,24.327027217563177,24.365294284556658,24.061889620966387,24.108356475830078,6192000,0.0,0.0
2003-08-08 00:00:00-04:00,24.272365691189037,24.376233168437125,24.10289572635346,24.348899841308594,4080400,0.0,0.0
2003-08-11 00:00:00-04:00,24.33796526855048,24.491033563602027,24.258697162784756,24.359832763671875,4167800,0.0,0.0
2003-08-12 00:00:00-04:00,24.463690086514823,24.474623829538707,24.184886938299602,24.439090728759766,4744800,0.0,0.0
2003-08-13 00:00:00-04:00,24.504698163647227,24.507432121540674,24.272361792276552,24.35709571838379,5186200,0.0,0.0
2003-08-14 00:00:00-04:00,24.45275757003155,24.4609573563612,24.20402168130596,24.318822860717773,4918400,0.0,0.0
2003-08-15 00:00:00-04:00,24.422699205397,24.463700237399838,24.245029456984103,24.359832763671875,2801400,0.0,0.0
2003-08-18 00:00:00-04:00,24.50469662866253,24.50469662866253,24.16302490234375,24.16302490234375,5896200,0.0,0.0
2003-08-19 00:00:00-04:00,24.163033134320806,24.163033134320806,23.971695651157294,23.99903106689453,9216000,0.0,0.0
2003-08-20 00:00:00-04:00,24.009951236273327,24.18762092651128,23.85414903399663,23.88421630859375,4824000,0.0,0.0
2003-08-21 00:00:00-04:00,23.884231949053376,24.03730237962108,23.657363390436604,23.698362350463867,7627400,0.0,0.0
2003-08-22 00:00:00-04:00,23.83502846083255,23.91429658373586,23.695627841443564,23.701093673706055,6182800,0.0,0.0
2003-08-25 00:00:00-04:00,23.684690809197303,23.862360571399794,23.66282331237869,23.829559326171875,5042600,0.0,0.0
2003-08-26 00:00:00-04:00,23.74755840513032,24.00449629168604,23.687425914067774,23.9634952545166,5460400,0.0,0.0
2003-08-27 00:00:00-04:00,23.82135480271808,24.122025525330816,23.82135480271808,23.84868812561035,6474200,0.0,0.0
2003-08-28 00:00:00-04:00,23.81315245444227,23.988088204625615,23.668281896429175,23.889686584472656,4248200,0.0,0.0
2003-08-29 00:00:00-04:00,23.77215696721213,24.03729461184002,23.76942300896054,23.8596248626709,4702000,0.0,0.0
2003-09-02 00:00:00-04:00,23.824089698937634,24.154827715377632,23.81315595227033,24.075559616088867,5752800,0.0,0.0
2003-09-03 00:00:00-04:00,24.081031894951327,24.35436937862932,24.056432522412067,24.272369384765625,8393600,0.0,0.0
2003-09-04 00:00:00-04:00,24.600357579364935,25.144298235263857,24.55115678079028,24.991230010986328,16050200,0.0,0.0
2003-09-05 00:00:00-04:00,24.991237532504755,25.06503770987902,24.802634066972274,24.868236541748047,7920000,0.0,0.0
2003-09-08 00:00:00-04:00,24.76436941218815,25.06230827930977,24.753435665326908,25.043174743652344,6526200,0.0,0.0
2003-09-09 00:00:00-04:00,24.901041384468343,25.024044488734205,24.873708056431237,24.914709091186523,7191600,0.0,0.0
2003-09-10 00:00:00-04:00,24.91744263582931,25.11697780404602,24.821772861189253,24.862773895263672,6826000,0.0,0.0
2003-09-11 00:00:00-04:00,24.914701045231787,25.108770322641533,24.88189981094054,25.024036407470703,5801400,0.0,0.0
2003-09-12 00:00:00-04:00,24.942040448323823,25.12244415283203,24.90923920603167,25.12244415283203,5939600,0.0,0.0
2003-09-15 00:00:00-04:00,25.002169523849357,25.259107318527683,24.996701608635682,25.075969696044922,7971800,0.0,0.0
2003-09-16 00:00:00-04:00,25.010370897026984,25.313775563265445,25.010370897026984,25.308307647705078,6629800,0.0,0.0
2003-09-17 00:00:00-04:00,25.196253996264392,25.34112255578559,25.171652533768402,25.283721923828125,4880000,0.0,0.0
2003-09-18 00:00:00-04:00,25.229040729470277,25.537911214714843,25.201705323453265,25.488710403442383,6795400,0.0,0.0
2003-09-19 00:00:00-04:00,25.488715424854455,25.524248540118617,25.223577783285947,25.33017921447754,7321600,0.0,0.0
2003-09-22 00:00:00-04:00,25.14704174145167,25.29737815123949,25.015838866964213,25.198976516723633,5645800,0.0,0.0
2003-09-23 00:00:00-04:00,25.14703755338345,25.275506448461247,25.089636957042035,25.23177146911621,4874000,0.0,0.0
2003-09-24 00:00:00-04:00,25.311039185151074,25.36570790853326,25.147037185801647,25.248172760009766,7606400,0.0,0.0
2003-09-25 00:00:00-04:00,25.248171695988642,25.346573308531124,25.136102381826966,25.190771102905273,5462800,0.0,0.0
2003-09-26 00:00:00-04:00,25.147039275909577,25.229041325099214,25.01583641428591,25.070505142211914,5248000,0.0,0.0
2003-09-29 00:00:00-04:00,25.078693805383427,25.39849790164325,25.070494021181556,25.39303207397461,6311200,0.0,0.0
2003-09-30 00:00:00-04:00,25.352046044448254,25.41491456946559,25.267312110441402,25.371179580688477,6964600,0.0,0.0
2003-10-01 00:00:00-04:00,25.3711809728744,25.68825340270996,25.3711809728744,25.68825340270996,7206600,0.0,0.0
2003-10-02 00:00:00-04:00,25.570714878802008,25.879585393375844,25.56251300497887,25.824918746948242,6595400,0.0,0.0
2003-10-03 00:00:00-04:00,25.816722765221318,25.961593373575862,25.797589226064964,25.939725875854492,8681600,0.0,0.0
2003-10-06 00:00:00-04:00,25.885056429715963,25.917857675408655,25.58438564309716,25.696455001831055,5058600,0.0,0.0
2003-10-07 00:00:00-04:00,25.69646121687733,25.994398117065426,25.614459125511903,25.99439811706543,7292800,0.0,0.0
2003-10-08 00:00:00-04:00,25.857716456565093,25.98891932022247,25.7538489999938,25.961585998535156,5653200,0.0,0.0
2003-10-09 00:00:00-04:00,26.09827522945482,26.177541299103932,25.816735746871856,25.964338302612305,6684400,0.0,0.0
2003-10-10 00:00:00-04:00,25.912378419844924,26.13924680747517,25.898710719870397,26.128313064575195,4112800,0.0,0.0
2003-10-13 00:00:00-04:00,26.10372734069824,26.28139710617029,26.010793605607844,26.103727340698242,5030600,0.0,0.0
2003-10-14 00:00:00-04:00,26.043580662109377,26.24038387483437,26.008047559688944,26.23764991760254,5145400,0.0,0.0
2003-10-15 00:00:00-04:00,26.14472534740165,26.199391998721,26.03265600117819,26.139257431030273,5591600,0.0,0.0
2003-10-16 00:00:00-04:00,26.14197718696392,26.40711468115856,26.131043445560252,26.31964683532715,6024400,0.0,0.0
2003-10-17 00:00:00-04:00,26.37705361180466,26.510988326025576,26.243118897583738,26.29505157470703,5819600,0.0,0.0
2003-10-20 00:00:00-04:00,26.240393962270034,26.2677272889009,26.079125875368504,26.234928131103516,5946000,0.0,0.0
2003-10-21 00:00:00-04:00,26.303270670629658,26.34153775689367,26.15840003217328,26.163867950439453,3856200,0.0,0.0
2003-10-22 00:00:00-04:00,26.01691712352051,26.291559963186536,26.01691712352051,26.162477493286133,5464200,0.2275,0.0
2003-10-23 00:00:00-04:00,26.162479788281722,26.22015453822784,26.025158356402752,26.13226890563965,7010800,0.0,0.0
2003-10-24 00:00:00-04:00,26.005944513253613,26.382204055786133,25.96749466358401,26.382204055786133,5868600,0.0,0.0
2003-10-27 00:00:00-05:00,26.39318077628406,26.80239808740958,26.354730940090196,26.585432052612305,8766000,0.0,0.0
2003-10-28 00:00:00-05:00,26.70902253175393,26.835358016707826,26.55247615959812,26.77768325805664,6378000,0.0,0.0
2003-10-29 00:00:00-05:00,26.777678989349205,26.829861803535557,26.640357558634594,26.71176528930664,5427600,0.0,0.0
2003-10-30 00:00:00-05:00,26.71177220876534,26.95071021907404,26.71177220876534,26.895782470703125,6157400,0.0,0.0
2003-10-31 00:00:00-05:00,26.895780179501205,27.077043409971175,26.873808243880873,26.994651794433594,7305800,0.0,0.0
2003-11-03 00:00:00-05:00,26.873807855808618,27.046834227121256,26.77768325805664,26.77768325805664,5128400,0.0,0.0
2003-11-04 00:00:00-05:00,26.777687110413993,26.862825752762873,26.66782951345324,26.73649024963379,4775200,0.0,0.0
2003-11-05 00:00:00-05:00,26.667825348869773,26.774935912955748,26.577192688378855,26.725500106811523,5036800,0.0,0.0
2003-11-06 00:00:00-05:00,26.5991589535568,26.832604951281507,26.585428068607467,26.79415512084961,5238400,0.0,0.0
2003-11-07 00:00:00-05:00,26.794160810853334,26.906765406287025,26.535997908181233,26.588178634643555,5508000,0.0,0.0
2003-11-10 00:00:00-05:00,26.5579545878345,26.66506509875944,26.269580941251206,26.365705490112305,6415000,0.0,0.0
2003-11-11 00:00:00-05:00,26.36846851950371,26.464593126746625,26.316285691846435,26.34649658203125,6032600,0.0,0.0
2003-11-12 00:00:00-05:00,26.233883729776863,26.72000274063132,26.231138809974883,26.640356063842773,5326200,0.0,0.0
2003-11-13 00:00:00-05:00,26.36573029539575,26.57171256332853,26.34650536753642,26.461854934692383,5220600,0.0,0.0
2003-11-14 00:00:00-05:00,26.384951047326467,26.49755567508065,26.17896881199436,26.28607940673828,5557600,0.0,0.0
2003-11-17 00:00:00-05:00,26.211925530035774,26.47558252780826,26.143264788052537,26.376710891723633,4816200,0.0,0.0
2003-11-18 00:00:00-05:00,26.36571452634749,26.566204735849432,26.244870997586936,26.272336959838867,5537200,0.0,0.0
2003-11-19 00:00:00-05:00,26.228394314227188,26.494798235712874,26.091072878027045,26.38768768310547,5226000,0.0,0.0
2003-11-20 00:00:00-05:00,26.310775280432086,26.423377714033272,26.203664779663086,26.203664779663086,5109600,0.0,0.0
2003-11-21 00:00:00-05:00,26.28332278250441,26.50303792468682,26.231142060139224,26.299802780151367,5075800,0.0,0.0
2003-11-24 00:00:00-05:00,26.338254170184094,26.769443433494303,26.247621511532895,26.53599739074707,6734600,0.0,0.0
2003-11-25 00:00:00-05:00,26.585437019839404,26.709025502788272,26.376707801960194,26.60466194152832,6662800,0.0,0.0
2003-11-26 00:00:00-05:00,26.654097496082095,26.656842416754465,26.316285766403613,26.332763671875,6924600,0.0,0.0
2003-11-28 00:00:00-05:00,26.31353646083109,26.516773722304556,26.310791540397556,26.43163299560547,2287200,0.0,0.0
2003-12-01 00:00:00-05:00,26.461845730265686,26.6678279265501,26.439873793109125,26.651350021362305,4800400,0.0,0.0
2003-12-02 00:00:00-05:00,26.574448826733132,26.703531330994473,26.492055114757214,26.621137619018555,4961200,0.0,0.0
2003-12-03 00:00:00-05:00,26.544236859972173,26.66782532755442,26.4151543609566,26.588178634643555,5636200,0.0,0.0
2003-12-04 00:00:00-05:00,26.516767958700903,26.69803114979351,26.470077081810977,26.58268165588379,5648400,0.0,0.0
2003-12-05 00:00:00-05:00,26.50579261779785,26.571706341401445,26.3986820311822,26.50579261779785,3649200,0.0,0.0
2003-12-08 00:00:00-05:00,26.48106653077922,26.612896037845623,26.40691387361363,26.599163055419922,5138200,0.0,0.0
2003-12-09 00:00:00-05:00,26.599158417859993,26.621130347766744,26.453598049105242,26.522258758544922,7031200,0.0,0.0
2003-12-10 00:00:00-05:00,26.494796506069836,26.63211793330531,26.450852643582312,26.607398986816406,4145800,0.0,0.0
2003-12-11 00:00:00-05:00,26.607390369442783,26.607390369442783,26.26134199354283,26.365705490112305,7739000,0.0,0.0
2003-12-12 00:00:00-05:00,26.362973000165272,26.681559789464753,26.308045254942204,26.590927124023438,7281000,0.0,0.0
2003-12-15 00:00:00-05:00,26.673332226720877,27.05233885945777,26.673332226720877,26.865581512451172,8778200,0.0,0.0
2003-12-16 00:00:00-05:00,27.10726154682261,27.14845841328811,26.893040355633616,27.093530654907227,9431800,0.0,0.0
2003-12-17 00:00:00-05:00,27.090782606876086,27.112754547535708,26.904025301988476,27.01937484741211,6468600,0.0,0.0
2003-12-18 00:00:00-05:00,27.05232213123696,27.283021131457026,26.969928433810498,27.274782180786133,7783000,0.0,0.0
2003-12-19 00:00:00-05:00,27.31049047187133,27.3242213595681,26.71176886988564,26.783174514770508,13053400,0.0,0.0
2003-12-22 00:00:00-05:00,26.805150910724187,26.956205368041992,26.722759284753963,26.956205368041992,4784000,0.0,0.0
2003-12-23 00:00:00-05:00,26.98367376541983,27.079798392840477,26.928746005567955,27.046842575073242,5391000,0.0,0.0
2003-12-24 00:00:00-05:00,26.956196358129674,27.074292868370865,26.928732491985862,27.008377075195312,1997200,0.0,0.0
2003-12-26 00:00:00-05:00,26.92873054159651,27.013869149083522,26.89028071270828,26.980911254882812,1030400,0.0,0.0
2003-12-29 00:00:00-05:00,26.942474380852598,27.24458122253418,26.92874348985225,27.24458122253418,4834400,0.0,0.0
2003-12-30 00:00:00-05:00,27.244580423903685,27.379156981135115,27.200638640487306,27.3736629486084,4461400,0.0,0.0
2003-12-31 00:00:00-05:00,27.31872913700936,27.445064617433232,27.31872913700936,27.431331634521484,4473800,0.0,0.0
2004-01-02 00:00:00-05:00,27.368181779549047,27.464306432992462,27.15670544661324,27.18691635131836,5544600,0.0,0.0
2004-01-05 00:00:00-05:00,27.18688996634871,27.368155218660853,27.13745417893251,27.32146644592285,6723600,0.0,0.0
2004-01-06 00:00:00-05:00,27.140214450312754,27.22810010471859,27.101764607470155,27.184158325195312,5560800,0.0,0.0
2004-01-07 00:00:00-05:00,27.052331969971135,27.099020770992414,26.854588700516867,26.942474365234375,7057000,0.0,0.0
2004-01-08 00:00:00-05:00,27.40661474273685,27.447811596057512,27.08802797877332,27.22534942626953,9246200,0.0,0.0
2004-01-09 00:00:00-05:00,27.15669776069507,27.469790597790485,27.15669776069507,27.365427017211914,9342200,0.0,0.0
2004-01-12 00:00:00-05:00,27.32148102449719,27.541194122750312,27.299509086064063,27.532955169677734,8234000,0.0,0.0
2004-01-13 00:00:00-05:00,27.469786445968015,27.546688230695167,27.258312300206658,27.381900787353516,6653600,0.0,0.0
2004-01-14 00:00:00-05:00,27.395619272233702,27.5988543573274,27.37914137476505,27.472518920898438,6104200,0.0,0.0
2004-01-15 00:00:00-05:00,27.439565648424527,27.51097127425837,27.28301722664807,27.329708099365234,5900600,0.0,0.0
2004-01-16 00:00:00-05:00,27.456051628447533,27.456051628447533,27.08528412468443,27.189647674560547,8270600,0.0,0.0
2004-01-20 00:00:00-05:00,27.024861621616576,27.244574683121037,26.986411783469322,27.099014282226562,6735400,0.0,0.0
2004-01-21 00:00:00-05:00,27.094877683625107,27.359758185621455,27.081083183668166,27.356998443603516,7182400,0.2275,0.0
2004-01-22 00:00:00-05:00,27.108670531147467,27.48115565941719,27.108670531147467,27.37906837463379,5299000,0.0,0.0
2004-01-23 00:00:00-05:00,27.448052507947935,27.450810145052543,27.0231427314573,27.139026641845703,6215800,0.0,0.0
2004-01-26 00:00:00-05:00,27.025890999634452,27.586000582474394,27.025890999634452,27.544612884521484,5901200,0.0,0.0
2004-01-27 00:00:00-05:00,27.467367658014453,27.54186385926197,27.343204515846484,27.365278244018555,5445000,0.0,0.0
2004-01-28 00:00:00-05:00,27.36526813185517,27.57772189807119,27.070038968114787,27.210756301879883,6993000,0.0,0.0
2004-01-29 00:00:00-05:00,27.260430314997098,27.897793933709433,27.23007946600446,27.867443084716797,11204200,0.0,0.0
2004-01-30 00:00:00-05:00,27.729487360249163,27.980571291057544,27.729487360249163,27.88951873779297,8466000,0.0,0.0
2004-02-02 00:00:00-05:00,27.815010544620186,28.124036325402255,27.815010544620186,28.055057525634766,7438400,0.0,0.0
2004-02-03 00:00:00-05:00,27.950213273408075,28.154389951504097,27.897788706776428,28.14887046813965,6557200,0.0,0.0
2004-02-04 00:00:00-05:00,28.14059011739471,28.604127728682805,28.115758760303894,28.47444725036621,8633800,0.0,0.0
2004-02-05 00:00:00-05:00,28.328215029112187,28.576539147221876,28.250959104603854,28.3337345123291,6802000,0.0,0.0
2004-02-06 00:00:00-05:00,28.28131328480613,28.366846339168227,27.944696341093437,28.242685317993164,6020200,0.0,0.0
2004-02-09 00:00:00-05:00,28.104722816301322,28.342010059880277,27.991596572356638,28.29510498046875,5852600,0.0,0.0
2004-02-10 00:00:00-05:00,28.198528153288713,28.3088946369058,28.170937058650836,28.23991584777832,4276200,0.0,0.0
2004-02-11 00:00:00-05:00,28.193014678007597,28.50479809018779,28.14886723642498,28.47444725036621,5219800,0.0,0.0
2004-02-12 00:00:00-05:00,28.408230988611635,28.45513607110952,28.16266660957437,28.250959396362305,4224400,0.0,0.0
2004-02-13 00:00:00-05:00,28.350290088934592,28.50204430856606,28.12955706130085,28.157150268554688,3767400,0.0,0.0
2004-02-17 00:00:00-05:00,28.275795543703303,28.48273197972112,28.170946402211857,28.452381134033203,4502600,0.0,0.0
2004-02-18 00:00:00-05:00,28.53515421142489,28.554468194425535,28.37512286366739,28.405473709106445,5727600,0.0,0.0
2004-02-19 00:00:00-05:00,28.34201480532455,28.623447433981323,28.14335548859445,28.261999130249023,6291000,0.0,0.0
2004-02-20 00:00:00-05:00,28.34754157173192,28.34754157173192,28.157161417707417,28.281322479248047,6376400,0.0,0.0
2004-02-23 00:00:00-05:00,28.29510927637117,28.612410124736456,28.29510927637117,28.576541900634766,4842000,0.0,0.0
2004-02-24 00:00:00-05:00,28.562746918155725,28.69518716978394,27.936420201352153,28.08265495300293,8155400,0.0,0.0
2004-02-25 00:00:00-05:00,28.121278614865123,28.427544676356064,28.027468450838164,28.3337345123291,5492200,0.0,0.0
2004-02-26 00:00:00-05:00,28.253726355425403,28.496531054850273,28.24820687074153,28.438589096069336,5511600,0.0,0.0
2004-02-27 00:00:00-05:00,28.364084725621094,28.543427929937312,28.20129365539026,28.284069061279297,8121800,0.0,0.0
2004-03-01 00:00:00-05:00,28.303389679335844,28.65656089782715,28.17646890425719,28.65656089782715,5822000,0.0,0.0
2004-03-02 00:00:00-05:00,28.656563751584898,28.656563751584898,28.074382289510112,28.176471710205078,8636600,0.0,0.0
2004-03-03 00:00:00-05:00,28.04953851058888,28.37787614687174,28.010908448313344,28.2702693939209,6323000,0.0,0.0
2004-03-04 00:00:00-05:00,28.242680849993427,28.319936771397455,28.079889782692675,28.170942306518555,4731600,0.0,0.0
2004-03-05 00:00:00-05:00,28.10196644693968,28.364087184938214,27.895030019340616,28.07713508605957,7895600,0.0,0.0
2004-03-08 00:00:00-05:00,28.077141163561308,28.45514377255465,28.068864041476296,28.273040771484375,5631800,0.0,0.0
2004-03-09 00:00:00-05:00,28.157146034603233,28.35856294484604,28.129552831498547,28.278547286987305,5507800,0.0,0.0
2004-03-10 00:00:00-05:00,28.76692671297764,29.580875919526726,28.76692671297764,29.117338180541992,18925000,0.0,0.0
2004-03-11 00:00:00-05:00,29.05388384799211,29.274614839508263,28.681396484374996,28.681396484375,10989600,0.0,0.0
2004-03-12 00:00:00-05:00,28.695183787287917,28.819344798187227,28.394437198410586,28.728294372558594,7387000,0.0,0.0
2004-03-15 00:00:00-05:00,28.502044646525544,28.697944210966917,28.248201030216972,28.286828994750977,7758600,0.0,0.0
2004-03-16 00:00:00-05:00,28.45237406071642,28.54342447007857,28.25095505350308,28.43581771850586,6721400,0.0,0.0
2004-03-17 00:00:00-05:00,28.444111835646737,28.87454120423348,28.433077074332864,28.755897521972656,6045200,0.0,0.0
2004-03-18 00:00:00-05:00,28.590331174604266,29.0400721517676,28.590331174604266,28.81382179260254,6200600,0.0,0.0
2004-03-19 00:00:00-05:00,28.816596521054027,28.96834868310095,28.70347023010254,28.70347023010254,7734000,0.0,0.0
2004-03-22 00:00:00-05:00,28.54342971606481,28.95730256127638,28.42202844624773,28.686906814575195,7327200,0.0,0.0
2004-03-23 00:00:00-05:00,28.267522247114844,28.68967443339321,28.267522247114844,28.518606185913086,7747400,0.0,0.0
2004-03-24 00:00:00-05:00,28.463419502138585,28.535155954771547,28.278554676333844,28.424789428710938,6250200,0.0,0.0
2004-03-25 00:00:00-05:00,28.681388068837684,28.990413892367798,28.571023657995546,28.844179153442383,5898400,0.0,0.0
2004-03-26 00:00:00-05:00,28.819354143472648,28.943517299700627,28.637251128098494,28.681396484375,5383000,0.0,0.0
2004-03-29 00:00:00-05:00,28.777962842868792,28.946271322113162,28.653799711177186,28.937992095947266,5299600,0.0,0.0
2004-03-30 00:00:00-05:00,28.907635873029122,29.24149513244629,28.86349053368539,29.24149513244629,6431600,0.0,0.0
2004-03-31 00:00:00-05:00,29.17803913316458,29.180798875219878,28.833145053576345,28.937992095947266,7500400,0.0,0.0
2004-04-01 00:00:00-05:00,28.95730069545708,29.255289630024823,28.915915097655457,29.24149513244629,6393800,0.0,0.0
2004-04-02 00:00:00-05:00,29.343583795501672,29.41532234351251,29.166998219679698,29.27736473083496,5788200,0.0,0.0
2004-04-05 00:00:00-04:00,29.150455611968134,29.404297215371834,29.059403046051496,29.343595504760742,5795800,0.0,0.0
2004-04-06 00:00:00-04:00,29.109051650929672,29.52292442321777,29.109051650929672,29.522924423217773,4630400,0.0,0.0
2004-04-07 00:00:00-04:00,29.45395691624523,29.522935738063133,29.31599927260942,29.37118148803711,6257000,0.0,0.0
2004-04-08 00:00:00-04:00,29.44016086743382,29.572601134061834,29.25529812667663,29.35738754272461,4189400,0.0,0.0
2004-04-12 00:00:00-04:00,29.489826252496833,29.630543643705018,29.42636691288007,29.556047439575195,4611600,0.0,0.0
2004-04-13 00:00:00-04:00,29.55603134944125,29.63052751301579,29.172509462932855,29.227691650390625,7595600,0.0,0.0
2004-04-14 00:00:00-04:00,28.98489934443428,29.269091729731983,28.96834299713815,29.19459342956543,7354800,0.0,0.0
2004-04-15 00:00:00-04:00,29.24150051057389,29.456714078988675,29.16700221069714,29.280128479003906,5313000,0.0,0.0
2004-04-16 00:00:00-04:00,29.426382580995412,29.43189996365635,29.216686253727524,29.238759994506836,5455600,0.0,0.0
2004-04-19 00:00:00-04:00,29.39324840495456,29.426358989578425,29.14216664635504,29.252531051635742,5014000,0.0,0.0
2004-04-20 00:00:00-04:00,29.252538152446732,29.351867825363694,28.863498687744137,28.86349868774414,4959600,0.0,0.0
2004-04-21 00:00:00-04:00,28.86349222739318,28.9827056592773,28.705465316772457,28.70546531677246,7359800,0.25,0.0
2004-04-22 00:00:00-04:00,28.633370763921448,29.16290062124159,28.633370763921448,29.007644653320312,7706600,0.0,0.0
2004-04-23 00:00:00-04:00,28.952209917086634,29.143506435984623,28.852403221589945,29.107463836669922,4196800,0.0,0.0
2004-04-26 00:00:00-04:00,29.24885997675659,29.284900464553605,29.04924656550124,29.176776885986328,4065400,0.0,0.0
2004-04-27 00:00:00-04:00,29.17954248008416,29.47064565018378,29.124095264434562,29.284893035888672,5568000,0.0,0.0
2004-04-28 00:00:00-04:00,29.110235030324958,29.20449572847206,28.85240143544933,28.880125045776367,5748600,0.0,0.0
2004-04-29 00:00:00-04:00,28.98547726024775,29.528868051589612,28.910621186874785,29.37915802001953,7064200,0.0,0.0
2004-04-30 00:00:00-04:00,29.553823901989798,29.750664316749962,29.318170003484035,29.329259872436523,9758600,0.0,0.0
2004-05-03 00:00:00-04:00,29.240552825111518,29.606510162353512,29.154608955927824,29.606510162353516,6974400,0.0,0.0
2004-05-04 00:00:00-04:00,29.476195503205847,29.664719035891455,29.27380910620872,29.470651626586914,6938800,0.0,0.0
2004-05-05 00:00:00-04:00,29.501133722715576,29.692428042014487,29.465091139307386,29.612028121948242,5604800,0.0,0.0
2004-05-06 00:00:00-04:00,29.517770680412937,29.89758848109652,29.478957213411334,29.88095474243164,6762400,0.0,0.0
2004-05-07 00:00:00-04:00,29.803328981032603,30.177602921945375,29.584308914234665,29.587081909179688,8947800,0.0,0.0
2004-05-10 00:00:00-04:00,29.58710286227278,29.803350087268377,29.257186030961762,29.29599952697754,7718600,0.0,0.0
2004-05-11 00:00:00-04:00,29.442916374569062,29.501138693704373,29.038145826675112,29.409648895263672,7315400,0.0,0.0
2004-05-12 00:00:00-04:00,29.381936965025506,29.476197680743706,29.076970849051847,29.426294326782227,6926800,0.0,0.0
2004-05-13 00:00:00-04:00,29.429065258183503,29.523325967288507,29.068651936505958,29.196182250976562,5916200,0.0,0.0
2004-05-14 00:00:00-04:00,29.265492221734146,29.581546068287327,29.068651816612505,29.501148223876953,6617600,0.0,0.0
2004-05-17 00:00:00-04:00,29.35420848997441,29.706304930889015,29.334801749424667,29.465105056762695,6971200,0.0,0.0
2004-05-18 00:00:00-04:00,29.44570979943491,29.52610978883136,29.27936594196983,29.404123306274414,6523600,0.0,0.0
2004-05-19 00:00:00-04:00,29.40688362571756,29.495600452464377,29.24053983996427,29.24331283569336,5216400,0.0,0.0
2004-05-20 00:00:00-04:00,29.14073887697391,29.67858593469854,29.14073887697391,29.578779220581055,5441000,0.0,0.0
2004-05-21 00:00:00-04:00,29.6231308338745,29.98631712897052,29.556593742439567,29.639766693115234,7756600,0.0,0.0
2004-05-24 00:00:00-04:00,29.64252336251127,29.789460338441494,29.39577973968976,29.434593200683594,5733600,0.0,0.0
2004-05-25 00:00:00-04:00,29.37637303044141,29.92808046797424,29.37637303044141,29.87540626525879,6074400,0.0,0.0
2004-05-26 00:00:00-04:00,29.667497210428063,29.93919163088031,29.667497210428063,29.83106803894043,5645800,0.0,0.0
2004-05-27 00:00:00-04:00,29.86710831250664,30.149892581211454,29.839382581210444,30.10276222229004,6077200,0.0,0.0
2004-05-28 00:00:00-04:00,30.02235690335643,30.075033245217924,29.88096373661956,29.892053604125977,3929000,0.0,0.0
2004-06-01 00:00:00-04:00,29.806117753582107,30.149895277601427,29.806117753582107,30.108308792114258,5139600,0.0,0.0
2004-06-02 00:00:00-04:00,30.17761475603852,30.260787715602092,30.10830466146095,30.16652488708496,5459600,0.0,0.0
2004-06-03 00:00:00-04:00,30.13603280828861,30.266336144118412,29.928102493286133,29.928102493286133,4222000,0.0,0.0
2004-06-04 00:00:00-04:00,30.07225424095134,30.07779811600888,29.833827425142204,29.90591049194336,4417800,0.0,0.0
2004-06-07 00:00:00-04:00,30.01402607261518,30.357803344726562,29.933626156967968,30.357803344726562,4417000,0.0,0.0
2004-06-08 00:00:00-04:00,30.316229050528317,30.579608627817485,30.310685174717598,30.57683563232422,6085600,0.0,0.0
2004-06-09 00:00:00-04:00,30.51030906127382,30.762596743534083,30.496446194205838,30.707149505615234,5200200,0.0,0.0
2004-06-10 00:00:00-04:00,30.70714705226061,30.70714705226061,30.42990665446347,30.640607833862305,6059400,0.0,0.0
2004-06-14 00:00:00-04:00,30.496444332234386,30.66278815101129,30.496444332234386,30.646154403686523,4845200,0.0,0.0
2004-06-15 00:00:00-04:00,30.66277312706907,30.93724039932813,30.621186663956998,30.784759521484375,6736400,0.0,0.0
2004-06-16 00:00:00-04:00,30.77366501893796,30.873471669294467,30.732078562093573,30.82356834411621,3609000,0.0,0.0
2004-06-17 00:00:00-04:00,30.820814870657625,30.851311483980876,30.599023818969723,30.599023818969727,5650200,0.0,0.0
2004-06-18 00:00:00-04:00,30.601778901226126,30.90951575666578,30.48533850056661,30.549104690551758,20318200,0.0,0.0
2004-06-21 00:00:00-04:00,30.546346510874933,31.073103679325964,30.53525664136081,30.773683547973633,6349600,0.0,2.0
2004-06-22 00:00:00-04:00,31.239444623073044,31.239444623073044,30.80140433578242,30.995473861694336,6559000,0.0,0.0
2004-06-23 00:00:00-04:00,31.07864518797007,31.10636880205438,30.751501465352444,31.02874183654785,5268600,0.0,0.0
2004-06-24 00:00:00-04:00,30.89013617877447,30.956675422082032,30.64061930431402,30.657255172729492,5925300,0.0,0.0
2004-06-25 00:00:00-04:00,30.707126605599804,30.723760341535446,30.108286729817106,30.357803344726562,9440900,0.0,0.0
2004-06-28 00:00:00-04:00,30.58515479979156,30.59624466742138,30.102757191362322,30.27464485168457,6285600,0.0,0.0
2004-06-29 00:00:00-04:00,30.19148368691127,30.52417136165467,30.1803938157296,30.41327476501465,4690400,0.0,0.0
2004-06-30 00:00:00-04:00,30.37444418902998,30.413257658746428,30.063936431298387,30.18592071533203,6478800,0.0,0.0
2004-07-01 00:00:00-04:00,30.25247338283627,30.413271208223726,29.941963371593282,30.080583572387695,6696900,0.0,0.0
2004-07-02 00:00:00-04:00,30.09722657545765,30.269116438767696,29.941972579678936,30.12495231628418,4263200,0.0,0.0
2004-07-06 00:00:00-04:00,30.086116593132697,30.357813019325402,29.964132298771737,30.02512550354004,5243300,0.0,0.0
2004-07-07 00:00:00-04:00,30.02513488620938,30.280195535694748,29.99740915525011,30.174842834472656,4357900,0.0,0.0
2004-07-08 00:00:00-04:00,30.19147431578521,30.540797746463003,30.14711484482727,30.24692153930664,5239600,0.0,0.0
2004-07-09 00:00:00-04:00,30.197020347708758,30.440993225041662,30.197020347708758,30.3411865234375,4057700,0.0,0.0
2004-07-12 00:00:00-04:00,30.380013009673046,30.507543379605533,30.147129901187206,30.429916381835938,4926100,0.0,0.0
2004-07-13 00:00:00-04:00,30.252465034983057,30.46316615912277,30.252465034983057,30.440988540649414,3521800,0.0,0.0
2004-07-14 00:00:00-04:00,30.263546495089628,30.607323810452865,30.258000505630008,30.540786743164062,4814500,0.0,0.0
2004-07-15 00:00:00-04:00,30.540795419599743,30.69050333473675,30.468712342373003,30.50197982788086,5542500,0.0,0.0
2004-07-16 00:00:00-04:00,30.784778207279675,30.818047820998455,30.50199177861173,30.551895141601562,5550300,0.0,0.0
2004-07-19 00:00:00-04:00,30.773674179927298,30.773674179927298,30.27464077958793,30.319000244140625,4469000,0.0,0.0
2004-07-20 00:00:00-04:00,30.435433836065876,30.479793290664233,30.08611053421705,30.219186782836914,5096200,0.0,0.0
2004-07-21 00:00:00-04:00,30.302758802921584,30.341751152352444,29.578610313665774,29.656597137451172,7142000,0.25,0.0
2004-07-22 00:00:00-04:00,29.634297239726614,29.951807392747916,29.53960007351686,29.73456382751465,4550200,0.0,0.0
2004-07-23 00:00:00-04:00,31.177297949607212,31.177297949607212,28.97143431594589,29.238813400268555,6157400,0.0,0.0
2004-07-26 00:00:00-04:00,29.311226635238846,29.606457088776796,29.09955453638304,29.589744567871094,4931000,0.0,0.0
2004-07-27 00:00:00-04:00,29.589739881019938,30.01865768432617,29.545178123817177,30.018657684326172,5077900,0.0,0.0
2004-07-28 00:00:00-04:00,29.550757867467087,29.829275853258338,29.31123222969272,29.768001556396484,6307700,0.0,0.0
2004-07-29 00:00:00-04:00,29.73459175701985,29.74016118382945,29.24439932572412,29.47835350036621,4913700,0.0,0.0
2004-07-30 00:00:00-04:00,29.400354307037006,29.517333461714866,28.687349030525624,29.049423217773438,7447700,0.0,0.0
2004-08-02 00:00:00-04:00,29.389219344204445,30.135647692546524,29.344657567771065,29.71230125427246,6872400,0.0,0.0
2004-08-03 00:00:00-04:00,29.522903183679805,30.174634177394054,29.517333759554823,29.890546798706055,5613500,0.0,0.0
2004-08-04 00:00:00-04:00,29.862704237350894,30.291622268894088,29.818140331511817,30.113370895385742,5130900,0.0,0.0
2004-08-05 00:00:00-04:00,30.040947917327284,30.157924952810887,29.600889022024067,29.606460571289062,3842900,0.0,0.0
2004-08-06 00:00:00-04:00,29.522905316250917,29.823705238888703,29.305661635987022,29.517335891723633,4930400,0.0,0.0
2004-08-09 00:00:00-04:00,29.578603710207048,29.779136962467142,29.39478297891743,29.573034286499023,3424800,0.0,0.0
2004-08-10 00:00:00-04:00,29.545187410086196,30.191349029541012,29.52847488657479,30.191349029541016,4646100,0.0,0.0
2004-08-11 00:00:00-04:00,30.180210971972095,30.453157424926754,29.968536694735207,30.453157424926758,6866300,0.0,0.0
2004-08-12 00:00:00-04:00,30.319468385113296,30.520001676735156,30.24148368835449,30.241483688354492,4684100,0.0,0.0
2004-08-13 00:00:00-04:00,30.358452139277496,30.508852065416974,30.146777933052714,30.336170196533203,3852700,0.0,0.0
2004-08-16 00:00:00-04:00,30.47542973296825,30.62582966197833,30.191342394786812,30.62026023864746,4768000,0.0,0.0
2004-08-17 00:00:00-04:00,30.620264919059895,30.631405892347622,30.341746961636897,30.547849655151367,4866000,0.0,0.0
2004-08-18 00:00:00-04:00,30.49772355179547,30.776241575099537,30.45873119852681,30.748390197753906,4670700,0.0,0.0
2004-08-19 00:00:00-04:00,30.636967973837677,30.67039088569046,30.241473079065987,30.347309112548828,4282600,0.0,0.0
2004-08-20 00:00:00-04:00,30.291621241859566,30.575708694717783,30.130080276055917,30.55342674255371,3938500,0.0,0.0
2004-08-23 00:00:00-04:00,30.503272974093395,30.664813831657465,30.475421615011914,30.497703552246094,2614500,0.0,0.0
2004-08-24 00:00:00-04:00,30.469860457183575,30.648111753557256,30.447578513906098,30.609119415283203,3445900,0.0,0.0
2004-08-25 00:00:00-04:00,30.609119272672853,30.876496215987643,30.508852653314428,30.804080963134766,3547300,0.0,0.0
2004-08-26 00:00:00-04:00,30.91549743685906,31.08260780883032,30.820802338547356,31.026905059814453,3220200,0.0,0.0
2004-08-27 00:00:00-04:00,30.971194723727972,31.194009930342595,30.915491984535965,31.18286895751953,3364800,0.0,0.0
2004-08-30 00:00:00-04:00,31.026904480225888,31.24414817222274,30.91549685935161,30.921066284179688,2796300,0.0,0.0
2004-08-31 00:00:00-04:00,30.915495733427843,31.177303314208984,30.759526344838335,31.177303314208984,3277900,0.0,0.0
2004-09-01 00:00:00-04:00,31.17728481613593,31.310972177058108,30.909907969369286,31.305402755737305,3832100,0.0,0.0
2004-09-02 00:00:00-04:00,31.288701763199178,31.494806551640675,31.13273240971746,31.466955184936523,2742700,0.0,0.0
2004-09-03 00:00:00-04:00,31.52822711418382,31.695339563048872,31.466954957846102,31.500375747680664,3567800,0.0,0.0
2004-09-07 00:00:00-04:00,31.38898259754426,31.695354144797285,31.36670276904552,31.556095123291016,3656500,0.0,0.0
2004-09-08 00:00:00-04:00,31.50036322702237,31.69532696489705,31.305401614069904,31.600629806518555,4507500,0.0,0.0
2004-09-09 00:00:00-04:00,31.533803369397365,31.567224164220555,31.155018778629806,31.244144439697266,5241500,0.0,0.0
2004-09-10 00:00:00-04:00,31.22186002588025,31.316557228550344,30.982334432266914,31.294275283813477,3656200,0.0,0.0
2004-09-13 00:00:00-04:00,31.29986128833497,31.38341756289976,31.02691475794875,31.344425201416016,4293600,0.0,0.0
2004-09-14 00:00:00-04:00,31.46139788370625,31.673072191374516,31.310997885488593,31.556095123291016,3989700,0.0,0.0
2004-09-15 00:00:00-04:00,31.500371533412615,31.600638139348284,31.361112594604492,31.361112594604492,3681800,0.0,0.0
2004-09-16 00:00:00-04:00,31.11045982641025,31.216298026621267,31.015764726141143,31.143882751464844,3769400,0.0,0.0
2004-09-17 00:00:00-04:00,31.299850044491247,31.723198566984347,31.1160292813767,31.338842391967773,8028400,0.0,0.0
2004-09-20 00:00:00-04:00,30.976762621358993,31.038036902201757,30.213624134778755,30.291608810424805,10802600,0.0,0.0
2004-09-21 00:00:00-04:00,30.27491404745851,30.586855057924534,29.979685566521,30.570144653320312,7669000,0.0,0.0
2004-09-22 00:00:00-04:00,30.247056961059574,30.4420208526827,30.11893892509666,30.24705696105957,5887600,0.0,0.0
2004-09-23 00:00:00-04:00,30.24148387275686,30.369601893202354,30.163499175522528,30.235912322998047,4787500,0.0,0.0
2004-09-24 00:00:00-04:00,30.05765634474983,30.30275349817891,29.985243208439694,30.124502182006836,5702700,0.0,0.0
2004-09-27 00:00:00-04:00,30.035382987315106,30.16350314956406,29.857131620173835,29.873844146728516,5009600,0.0,0.0
2004-09-28 00:00:00-04:00,29.940687027184527,29.97967937983067,29.67330998407216,29.951828002929688,4890600,0.0,0.0
2004-09-29 00:00:00-04:00,29.829267686177047,30.34731116790535,29.72900106875073,30.336170196533203,7213600,0.0,0.0
2004-09-30 00:00:00-04:00,30.124507818434935,30.481010517482307,30.013100193751704,30.146787643432617,6556400,0.0,0.0
2004-10-01 00:00:00-04:00,30.27491552294684,30.453166930493524,30.16350998692346,30.44759750366211,4841700,0.0,0.0
2004-10-04 00:00:00-04:00,30.492163512525877,30.581289222421287,30.2470662166201,30.274917602539062,5697400,0.0,0.0
2004-10-05 00:00:00-04:00,30.19134117441023,30.280466818562907,30.091074559123097,30.224761962890625,3869500,0.0,0.0
2004-10-06 00:00:00-04:00,30.224775009172834,30.28604931439942,30.079946571756814,30.24705696105957,4372300,0.0,0.0
2004-10-07 00:00:00-04:00,30.27489903022759,30.302752523984207,29.857122122957165,29.879404067993164,3844700,0.0,0.0
2004-10-08 00:00:00-04:00,29.756866116594864,30.091089036662233,29.645460601496403,29.773578643798828,5804700,0.0,0.0
2004-10-11 00:00:00-04:00,29.773573600575666,30.02424021693581,29.578609732329497,29.896120071411133,3895100,0.0,0.0
2004-10-12 00:00:00-04:00,29.74572306560385,30.068802838641055,29.74572306560385,29.81813621520996,4792600,0.0,0.0
2004-10-13 00:00:00-04:00,29.801419323506398,29.8237012684962,29.394783389597006,29.534042358398438,4949800,0.0,0.0
2004-10-14 00:00:00-04:00,29.43934732112208,29.64545214006037,29.433777896926387,29.506193161010742,3913500,0.0,0.0
2004-10-15 00:00:00-04:00,29.823701066967175,30.291611283975083,29.784708725960115,29.907255172729492,5136600,0.0,0.0
2004-10-18 00:00:00-04:00,29.862695428234424,29.96296206187098,29.662162160961316,29.890546798706055,4807600,0.0,0.0
2004-10-19 00:00:00-04:00,29.890552853932196,30.052093810285307,29.52290916442871,29.52290916442871,3933900,0.0,0.0
2004-10-20 00:00:00-04:00,29.55088718451572,29.9818378850496,29.534097590661844,29.976242065429688,4315100,0.25,0.0
2004-10-21 00:00:00-04:00,29.836317087826007,30.211298841755028,29.601252146189104,30.009815216064453,4638100,0.0,0.0
2004-10-22 00:00:00-04:00,30.054603339299216,30.12176386532709,29.6628296899798,29.690813064575195,3577500,0.0,0.0
2004-10-25 00:00:00-04:00,29.662819773383806,29.668415592434293,29.21507952455793,29.287837982177734,5176700,0.0,0.0
2004-10-26 00:00:00-04:00,29.019199571174987,29.780359268188477,28.84010342305352,29.780359268188477,8732300,0.0,0.0
2004-10-27 00:00:00-04:00,29.243059284139406,29.522897172025907,28.437126935623997,28.980010986328125,15659900,0.0,0.0
2004-10-28 00:00:00-04:00,29.382980075474652,29.382980075474652,28.28041804468264,28.71696662902832,14623700,0.0,0.0
2004-10-29 00:00:00-04:00,28.543467088733077,28.82890082022312,28.543467088733077,28.644208908081055,8496100,0.0,0.0
2004-11-01 00:00:00-05:00,28.683397021948124,28.812122254822874,28.459525752169203,28.54347801208496,7285200,0.0,0.0
2004-11-02 00:00:00-05:00,28.543477219589448,28.627429477174314,28.42594576696631,28.526687622070312,8559400,0.0,0.0
2004-11-03 00:00:00-05:00,29.075160721885325,29.075160721885325,28.666597609167038,29.024789810180664,6472800,0.0,0.0
2004-11-04 00:00:00-05:00,29.103153246483885,29.81394205312621,29.008009347206247,29.769166946411133,7271300,0.0,0.0
2004-11-05 00:00:00-05:00,29.88110275522653,30.160940768869775,29.76916712277031,29.953861236572266,5918500,0.0,0.0
2004-11-08 00:00:00-05:00,29.953848006472796,29.953848006472796,29.601251667219557,29.825122833251953,5415700,0.0,0.0
2004-11-09 00:00:00-05:00,29.881088414702013,30.021007354373776,29.49491290980565,29.534090042114258,5673000,0.0,0.0
2004-11-10 00:00:00-05:00,29.578872386275247,29.981839743702295,29.550889016452647,29.662824630737305,5087400,0.0,0.0
2004-11-11 00:00:00-05:00,29.875512685585242,30.317655209661027,29.791560411333055,30.222511291503906,5025600,0.0,0.0
2004-11-12 00:00:00-05:00,30.228091187221015,30.647848067335136,30.172124457203356,30.558300018310547,5692900,0.0,0.0
2004-11-15 00:00:00-05:00,30.558302782043274,30.68143216121078,30.261675243133293,30.49114227294922,5108200,0.0,0.0
2004-11-16 00:00:00-05:00,30.502344442115774,30.586296702835064,30.34563583276742,30.418392181396484,4340400,0.0,0.0
2004-11-17 00:00:00-05:00,30.49114810765682,30.636665062699457,30.317647779719678,30.496746063232422,4369100,0.0,0.0
2004-11-18 00:00:00-05:00,30.435182429030064,30.754197588201112,30.35123017240839,30.65345573425293,3825200,0.0,0.0
2004-11-19 00:00:00-05:00,30.65903494138365,30.754180922996415,30.24487610846243,30.40158462524414,4902200,0.0,0.0
2004-11-22 00:00:00-05:00,30.267268957621926,30.54710686380559,30.23368764028212,30.479944229125977,4004600,0.0,0.0
2004-11-23 00:00:00-05:00,30.479943947276034,30.507927310636877,30.082574636568243,30.256074905395508,4242900,0.0,0.0
2004-11-24 00:00:00-05:00,30.306460295045035,30.384814603893638,30.09378278888827,30.188926696777344,3257100,0.0,0.0
2004-11-26 00:00:00-05:00,30.1945173845516,30.250484124543792,30.02101707458496,30.02101707458496,1609800,0.0,0.0
2004-11-29 00:00:00-05:00,30.20571845517533,30.468764758665678,29.953863794391125,30.278474807739258,5204200,0.0,0.0
2004-11-30 00:00:00-05:00,30.233696409710507,30.334438255956783,29.931470870971676,29.93147087097168,5176500,0.0,0.0
2004-12-01 00:00:00-05:00,29.976245714874327,30.664646901616,29.97064775957876,30.591888427734375,6519600,0.0,0.0
2004-12-02 00:00:00-05:00,30.418391129452033,31.24111557006836,30.306457632356825,31.24111557006836,7404700,0.0,0.0
2004-12-03 00:00:00-05:00,30.782167388559735,31.017230187457248,30.754184027023406,31.00044059753418,6512000,0.0,0.0
2004-12-06 00:00:00-05:00,30.838138275530653,30.927686325534243,30.244883244879574,30.390398025512695,5014300,0.0,0.0
2004-12-07 00:00:00-05:00,30.340034104001912,30.591888719847507,30.244890213012695,30.244890213012695,5386200,0.0,0.0
2004-12-08 00:00:00-05:00,30.289664199622607,30.798969268798828,30.233697454216443,30.798969268798828,6878200,0.0,0.0
2004-12-09 00:00:00-05:00,30.82135482412287,31.61049783919233,30.78777349805813,31.55453109741211,9406500,0.0,0.0
2004-12-10 00:00:00-05:00,32.12539856695008,32.12539856695008,31.073207242664765,31.58810806274414,5080100,0.0,0.0
2004-12-13 00:00:00-05:00,31.588110990075997,31.72802998262859,31.39782107480469,31.61609649658203,4471200,0.0,0.0
2004-12-14 00:00:00-05:00,31.492967099937538,31.64967568839824,31.20193533922881,31.61609649658203,4430800,0.0,0.0
2004-12-15 00:00:00-05:00,31.442591255025285,31.50975176313843,31.123576172745267,31.40900993347168,5477500,0.0,0.0
2004-12-16 00:00:00-05:00,31.28588033689595,31.565718257136545,31.140363422774257,31.39781379699707,4829900,0.0,0.0
2004-12-17 00:00:00-05:00,31.313859142003047,31.6496637433944,30.978052405618108,31.028423309326172,9267200,0.0,0.0
2004-12-20 00:00:00-05:00,31.173938022833607,31.476163423952872,30.97805023988885,31.11237335205078,4372600,0.0,0.0
2004-12-21 00:00:00-05:00,31.10118927453791,31.42020436348001,31.045222539107193,31.381027221679688,4614000,0.0,0.0
2004-12-22 00:00:00-05:00,31.145955166856602,31.392211718971584,30.97805074019412,31.29706573486328,4592900,0.0,0.0
2004-12-23 00:00:00-05:00,31.28587359380298,31.392211211977486,31.062002451864238,31.11237335205078,2868100,0.0,0.0
2004-12-27 00:00:00-05:00,31.229907693885583,31.31945573212995,30.983651122461982,31.006038665771484,3311800,0.0,0.0
2004-12-28 00:00:00-05:00,31.062004623462737,31.168342249071497,30.938875273288904,31.028423309326172,3866900,0.0,0.0
2004-12-29 00:00:00-05:00,30.950086919483475,30.978070296595256,30.787780343242403,30.916507720947266,3511900,0.0,0.0
2004-12-30 00:00:00-05:00,30.838144952053963,31.157160082696326,30.81016158068074,31.034032821655273,2769500,0.0,0.0
2004-12-31 00:00:00-05:00,31.062014851970634,31.062014851970634,30.80456443046104,30.82695198059082,3228500,0.0,0.0
2005-01-03 00:00:00-05:00,31.14597380641814,31.201940558803745,30.838150263313064,30.888521194458008,4858000,0.0,0.0
2005-01-04 00:00:00-05:00,30.849338819825388,31.05082251030592,30.49674449647884,30.50234031677246,5547400,0.0,0.0
2005-01-05 00:00:00-05:00,30.93887194525809,31.280274463111695,30.782163432798082,30.821340560913086,7277200,0.0,0.0
2005-01-06 00:00:00-05:00,30.68144133808345,31.08440878316421,30.59189325417603,30.97247314453125,5261200,0.0,0.0
2005-01-07 00:00:00-05:00,30.866117302410427,31.425793031302778,30.79335885985625,31.29706573486328,6250500,0.0,0.0
2005-01-10 00:00:00-05:00,31.353043168294203,31.660864476419494,31.28028470583017,31.543333053588867,5802500,0.0,0.0
2005-01-11 00:00:00-05:00,31.297082414829106,31.70004983759339,31.252309442852304,31.5097599029541,5557200,0.0,0.0
2005-01-12 00:00:00-05:00,31.48737741843541,31.66647574015844,31.218733138343303,31.627296447753906,5784100,0.0,0.0
2005-01-13 00:00:00-05:00,31.341850465512607,31.481769440805074,30.97246445614026,31.07880210876465,5222100,0.0,0.0
2005-01-14 00:00:00-05:00,31.0620093944769,31.330653543851483,31.022832256130222,31.274686813354492,4318000,0.0,0.0
2005-01-18 00:00:00-05:00,31.05081443952124,31.36423366935917,29.830720973179723,31.33625030517578,5519300,0.0,0.0
2005-01-19 00:00:00-05:00,31.392479058845854,31.960286205542847,31.347503131209915,31.864715576171875,7833600,0.25,0.0
2005-01-20 00:00:00-05:00,31.651065109535427,32.067083610844755,31.639821134411505,31.875940322875977,6108000,0.0,0.0
2005-01-21 00:00:00-05:00,31.724164296357532,31.780382052963,31.117002231082772,31.285659790039062,6018800,0.0,0.0
2005-01-24 00:00:00-05:00,30.86402510786111,31.22944487325958,30.54357912601109,31.038301467895508,7494600,0.0,0.0
2005-01-25 00:00:00-05:00,31.03266764021135,31.43744010205152,31.03266764021135,31.330625534057617,5719800,0.0,0.0
2005-01-26 00:00:00-05:00,31.319387322363657,31.583615477364425,31.1675968170166,31.1675968170166,6182400,0.0,0.0
2005-01-27 00:00:00-05:00,30.948345294370426,31.229438352710886,30.76844590859812,31.100135803222656,5277800,0.0,0.0
2005-01-28 00:00:00-05:00,29.31799758282386,30.566048909358468,29.31237452247395,30.44236946105957,53824300,0.0,0.0
2005-01-31 00:00:00-05:00,30.639133953350044,30.65037792958031,29.79023412137225,29.92515754699707,19821300,0.0,0.0
2005-02-01 00:00:00-05:00,30.048849213936126,30.048849213936126,29.621586552235787,29.722780227661133,13982700,0.0,0.0
2005-02-02 00:00:00-05:00,29.801488008054676,30.133177935027494,29.79024617184615,30.020742416381836,13125100,0.0,0.0
2005-02-03 00:00:00-05:00,29.987007701635054,30.043225455760343,29.846461171751983,29.930789947509766,13414900,0.0,0.0
2005-02-04 00:00:00-05:00,29.925178886623858,29.930801951033388,29.424833382711487,29.582244873046875,11129100,0.0,0.0
2005-02-07 00:00:00-05:00,29.58222065574345,29.790230977195364,29.430430209509197,29.53162384033203,10555200,0.0,0.0
2005-02-08 00:00:00-05:00,29.531633087385558,29.537256148952515,29.093128646226454,29.222431182861328,14104800,0.0,0.0
2005-02-09 00:00:00-05:00,29.233666766965094,29.284263583690677,28.958194732666016,28.958194732666016,10631100,0.0,0.0
2005-02-10 00:00:00-05:00,29.05940481984876,29.17184249229886,28.76144681074068,29.020051956176758,13224600,0.0,0.0
2005-02-11 00:00:00-05:00,29.065022336906246,29.391089165765443,28.98631662458057,29.31800651550293,10350400,0.0,0.0
2005-02-14 00:00:00-05:00,29.464178015263816,29.694674266466876,29.419204235418643,29.627212524414062,13729800,0.0,0.0
2005-02-15 00:00:00-05:00,29.73402963990448,30.144425334297697,29.632835945991598,30.065719604492188,9685600,0.0,0.0
2005-02-16 00:00:00-05:00,30.07133603609834,30.07133603609834,29.880192672479584,29.970142364501953,9472800,0.0,0.0
2005-02-17 00:00:00-05:00,29.95888297831989,30.05445353869639,29.846445384971453,29.98137092590332,6178600,0.0,0.0
2005-02-18 00:00:00-05:00,29.9813794855803,30.313067156573425,29.91953868435469,30.076950073242188,9532100,0.0,0.0
2005-02-22 00:00:00-05:00,29.88019011645805,29.981383779398097,29.374221801757812,29.374221801757812,9229900,0.0,0.0
2005-02-23 00:00:00-05:00,29.88019716853311,30.2006431286157,29.73402755664658,30.071340560913086,8675400,0.0,0.0
2005-02-24 00:00:00-05:00,30.13317698685324,30.30183454865483,30.071338311371974,30.262481689453125,10081800,0.0,0.0
2005-02-25 00:00:00-05:00,30.26248142600948,30.464866638183594,30.223126422580382,30.464866638183594,6687300,0.0,0.0
2005-02-28 00:00:00-05:00,30.464860305145287,30.470483366424794,29.795859699042012,29.84645652770996,8728400,0.0,0.0
2005-03-01 00:00:00-05:00,29.84644826888253,30.105053257373516,29.84644826888253,30.082565307617188,7072500,0.0,0.0
2005-03-02 00:00:00-05:00,29.94203528398315,30.23999542048505,29.936414365741275,30.1275577545166,5047300,0.0,0.0
2005-03-03 00:00:00-05:00,30.23437504615689,30.26810699231795,29.992634793428376,30.065719604492188,6376300,0.0,0.0
2005-03-04 00:00:00-05:00,30.28496758274829,30.35805238341017,30.1781529852963,30.273723602294922,4552200,0.0,0.0
2005-03-07 00:00:00-05:00,30.34680350162728,30.34680350162728,30.178148111206408,30.18939208984375,4415800,0.0,0.0
2005-03-08 00:00:00-05:00,30.189390682966316,30.223120472736838,29.964515409838295,29.992624282836914,4997300,0.0,0.0
2005-03-09 00:00:00-05:00,29.992632227602748,30.076961013506043,29.683430253574183,29.795867919921875,5101000,0.0,0.0
2005-03-10 00:00:00-05:00,29.81836356917881,30.279356189933576,29.734034761535835,29.94766616821289,6955600,0.0,0.0
2005-03-11 00:00:00-05:00,29.9588845351827,30.043211126149657,29.503513223513345,29.52037811279297,6055900,0.0,0.0
2005-03-14 00:00:00-05:00,29.689059241002855,29.936420440673825,29.53164561887538,29.936420440673828,5322700,0.0,0.0
2005-03-15 00:00:00-05:00,29.992638644978012,30.043235498431926,29.75089836120606,29.750898361206055,4682700,0.0,0.0
2005-03-16 00:00:00-05:00,29.739653244361477,29.964526455816127,29.570995655057573,29.689056396484375,5249500,0.0,0.0
2005-03-17 00:00:00-05:00,29.599118590667477,29.7958829979196,29.469813814963288,29.655336380004883,5243300,0.0,0.0
2005-03-18 00:00:00-05:00,29.84646393116898,30.076960175704663,29.627211667411874,30.020742416381836,11337100,0.0,0.0
2005-03-21 00:00:00-05:00,30.10506572613677,30.133174602689706,29.570988493351688,29.649696350097656,5185200,0.0,0.0
2005-03-22 00:00:00-05:00,29.649699146452296,29.67780802565627,29.22805952468265,29.261789321899414,7259600,0.0,0.0
2005-03-23 00:00:00-05:00,29.25616693398218,29.902679701471175,29.25616693398218,29.700294494628906,7771100,0.0,0.0
2005-03-24 00:00:00-05:00,29.795870684369763,29.90830836114937,29.570995330810547,29.570995330810547,5249600,0.0,0.0
2005-03-28 00:00:00-05:00,29.542866061545023,29.638438771456837,29.35734584576265,29.52037811279297,5758100,0.0,0.0
2005-03-29 00:00:00-05:00,29.458558872855622,29.464179791461326,29.154977798461918,29.154977798461914,7880900,0.0,0.0
2005-03-30 00:00:00-05:00,29.211195126940083,30.110694354918145,29.188707163712333,29.99825668334961,8632900,0.0,0.0
2005-03-31 00:00:00-05:00,29.942035384974794,29.96452334715835,29.660942291390622,29.795867919921875,5391900,0.0,0.0
2005-04-01 00:00:00-05:00,29.852086323919163,30.031985736123026,29.44169065579347,29.576616287231445,5349700,0.0,0.0
2005-04-04 00:00:00-04:00,29.897055631600356,30.358048041404253,29.75088605118272,30.301830291748047,8448400,0.0,0.0
2005-04-05 00:00:00-04:00,30.34680922663891,30.448002908895837,30.228750645529175,30.35805320739746,6734100,0.0,0.0
2005-04-06 00:00:00-04:00,30.358047802484077,30.358047802484077,30.172525369853236,30.335559844970703,4753200,0.0,0.0
2005-04-07 00:00:00-04:00,30.386151425062273,30.959581375122074,30.358042555313805,30.95958137512207,8071500,0.0,0.0
2005-04-08 00:00:00-04:00,30.948352628037327,30.953975691495717,30.639150619506832,30.639150619506836,5170700,0.0,0.0
2005-04-11 00:00:00-04:00,30.785310648016214,31.414960639561244,30.63914320203923,31.111379623413086,8835800,0.0,0.0
2005-04-12 00:00:00-04:00,30.93709240691657,31.325002088259577,30.864009776881147,31.21256446838379,6922900,0.0,0.0
2005-04-13 00:00:00-04:00,31.128251179562703,31.291285702137706,30.81342826101267,31.038301467895508,6967500,0.0,0.0
2005-04-14 00:00:00-04:00,31.077644180681094,31.25754354524834,30.9089887944705,30.92023277282715,8245500,0.0,0.0
2005-04-15 00:00:00-04:00,30.920241779414294,31.19009090486803,30.69536643591774,30.807804107666016,9487800,0.0,0.0
2005-04-18 00:00:00-04:00,30.807807404238595,30.909001105183197,30.431143629832913,30.695369720458984,7933900,0.0,0.0
2005-04-19 00:00:00-04:00,30.605404407349017,30.920229332598623,30.419884146529487,30.54356575012207,7818200,0.0,0.0
2005-04-20 00:00:00-04:00,30.492700998541654,30.6057210794769,30.091481759116334,30.170595169067383,6581000,0.28,0.0
2005-04-21 00:00:00-04:00,30.458807565242047,30.62268447875977,30.119747199073995,30.622684478759766,4739900,0.0,0.0
2005-04-22 00:00:00-04:00,30.560519861874678,30.622678869724517,30.147996168578622,30.453149795532227,5985800,0.0,0.0
2005-04-25 00:00:00-04:00,30.588775755575714,30.62268027856652,30.17625419898012,30.419246673583984,6022800,0.0,0.0
2005-04-26 00:00:00-04:00,30.32318656840761,30.441856740524024,30.1593074798584,30.1593074798584,4107500,0.0,0.0
2005-04-27 00:00:00-04:00,30.046280041909394,30.3344814249236,29.690269612086098,30.24971580505371,5733400,0.0,0.0
2005-04-28 00:00:00-04:00,30.402296357106714,31.41947314193432,30.368391829542826,30.509666442871094,15706100,0.0,0.0
2005-04-29 00:00:00-04:00,30.62832543459821,30.82045892490612,30.114086115785675,30.60007095336914,10352100,0.0,0.0
2005-05-02 00:00:00-04:00,30.60008495442022,31.069115593327947,30.52096935282929,30.967397689819336,6715600,0.0,0.0
2005-05-03 00:00:00-04:00,30.97303252572009,31.08040040562252,30.741342354378045,31.02389144897461,5843200,0.0,0.0
2005-05-04 00:00:00-04:00,31.029569640960354,31.19909882042627,30.88829496545868,31.159542083740234,5779000,0.0,0.0
2005-05-05 00:00:00-04:00,31.159543983294903,31.193450683527303,30.741372125498334,30.95610809326172,5177900,0.0,0.0
2005-05-06 00:00:00-04:00,31.08040343680883,31.249932478964766,30.848713242870677,30.939128875732422,5404500,0.0,0.0
2005-05-09 00:00:00-04:00,30.939147989301365,31.148233865273347,30.792223303513495,31.069120407104492,7267300,0.0,0.0
2005-05-10 00:00:00-04:00,30.882633273379444,31.16518251776286,30.673545280446362,31.012605667114258,5999600,0.0,0.0
2005-05-11 00:00:00-04:00,31.11997897735078,31.408180463565568,30.9278453717676,31.351669311523438,8441300,0.0,0.0
2005-05-12 00:00:00-04:00,31.419481011826036,31.651171349490564,31.306463017398514,31.329065322875977,6717600,0.0,0.0
2005-05-13 00:00:00-04:00,31.272536926099885,31.283839149667447,30.656579753579617,30.939128875732422,6613400,0.0,0.0
2005-05-16 00:00:00-04:00,31.035219679481013,31.244307751313432,30.96740843883074,31.159542083740234,6793400,0.0,0.0
2005-05-17 00:00:00-04:00,31.136926308280884,31.49293896481944,31.035208406412725,31.436429977416992,7712500,0.0,0.0
2005-05-18 00:00:00-04:00,31.492936338819618,31.871553421020508,31.447729583803106,31.871553421020508,6306500,0.0,0.0
2005-05-19 00:00:00-04:00,31.526858836189444,32.05805086924457,31.509904408334084,31.99588966369629,6628400,0.0,0.0
2005-05-20 00:00:00-04:00,31.978914930809655,31.9902171562148,31.798083635685497,31.9167537689209,5379100,0.0,0.0
2005-05-23 00:00:00-04:00,31.860244797574254,32.091935029182025,31.758526924607033,31.9167537689209,4650800,0.0,0.0
2005-05-24 00:00:00-04:00,31.826352540994257,31.899815961572394,31.509896553310035,31.64552116394043,5716300,0.0,0.0
2005-05-25 00:00:00-04:00,31.532493807972987,31.645513931722192,31.306455716154137,31.492937088012695,5068400,0.0,0.0
2005-05-26 00:00:00-04:00,31.49858644156306,31.685067796618238,31.475981987714135,31.538143157958984,5097300,0.0,0.0
2005-05-27 00:00:00-04:00,31.45338061817694,31.52684402255006,31.272549281012022,31.509889602661133,4389400,0.0,0.0
2005-05-31 00:00:00-04:00,31.317745306519605,31.442067616601612,31.153868445395588,31.165170669555664,5904000,0.0,0.0
2005-06-01 00:00:00-04:00,31.086071463388066,31.73593568275277,31.080421426173405,31.71333122253418,5475100,0.0,0.0
2005-06-02 00:00:00-04:00,31.560759073184048,31.656826965651277,31.368625443929886,31.628572463989258,6069900,0.0,0.0
2005-06-03 00:00:00-04:00,31.447741713607375,31.526855182160997,31.20474911408962,31.233003616333008,4310100,0.0,0.0
2005-06-06 00:00:00-04:00,31.1821460785864,31.295166248418145,31.02391913423022,31.2556095123291,4657700,0.0,0.0
2005-06-07 00:00:00-04:00,31.38557957636105,31.62291997492186,31.306466110174114,31.334720611572266,5420600,0.0,0.0
2005-06-08 00:00:00-04:00,31.560761168490238,31.560761168490238,31.23865508566205,31.2556095123291,4898100,0.0,0.0
2005-06-09 00:00:00-04:00,31.249935099099183,31.249935099099183,31.018244885735086,31.19342613220215,4881300,0.0,0.0
2005-06-10 00:00:00-04:00,31.306443596802566,31.306443596802566,30.74134535249695,30.939128875732422,5514700,0.0,0.0
2005-06-13 00:00:00-04:00,30.747001603590263,31.018248557022574,30.588774753007872,30.690492630004883,5415800,0.0,0.0
2005-06-14 00:00:00-04:00,30.684845475151736,30.831772279673604,30.571825353753262,30.73570442199707,5372300,0.0,0.0
2005-06-15 00:00:00-04:00,30.763969647710457,30.86003753890737,30.656601680542394,30.74136734008789,6483700,0.0,0.0
2005-06-16 00:00:00-04:00,30.617049934811117,30.707465647069995,30.56054092302955,30.656606674194336,4733500,0.0,0.0
2005-06-17 00:00:00-04:00,30.967402636155473,31.012611558571383,30.730062260512156,30.75266456604004,11874400,0.0,0.0
2005-06-20 00:00:00-04:00,30.634002207209463,30.780929086930527,30.583143234333804,30.656606674194336,4178600,0.0,0.0
2005-06-21 00:00:00-04:00,30.54921496317901,30.718744022537866,30.515308289035662,30.701791763305664,5042100,0.0,0.0
2005-06-22 00:00:00-04:00,30.701797056817963,30.809164976598872,30.600079172528968,30.76395606994629,5628900,0.0,0.0
2005-06-23 00:00:00-04:00,30.673539640013903,30.690494057421397,30.27232030413116,30.323179244995117,6714700,0.0,0.0
2005-06-24 00:00:00-04:00,30.232783795206366,30.34580397884795,29.8485164642334,29.8485164642334,10288000,0.0,0.0
2005-06-27 00:00:00-04:00,29.831540537934945,29.97281511655103,29.633754834465034,29.76372718811035,6300300,0.0,0.0
2005-06-28 00:00:00-04:00,29.825886271257552,30.1649465297396,29.780679530200583,30.13669204711914,5955700,0.0,0.0
2005-06-29 00:00:00-04:00,30.13671446942374,30.55488629696378,30.006739872444065,30.21582794189453,5824800,0.0,0.0
2005-06-30 00:00:00-04:00,30.00674750713435,30.3627603795146,29.780709264803537,29.808963775634766,8299700,0.0,0.0
2005-07-01 00:00:00-04:00,29.950214344155487,30.210159083364378,29.695919640286238,29.893705368041992,6471600,0.0,0.0
2005-07-05 00:00:00-04:00,29.61118004413518,30.035004173646573,29.33428066435476,29.808963775634766,11411500,0.0,0.0
2005-07-06 00:00:00-04:00,29.76939484757299,29.831556039373666,29.65637469481541,29.66767692565918,9545000,0.0,0.0
2005-07-07 00:00:00-04:00,29.49813698515804,29.645061621027832,29.385116873738568,29.47553253173828,9086100,0.0,0.0
2005-07-08 00:00:00-04:00,29.481176512495782,30.0462747978556,29.475526478140893,29.92760467529297,7758300,0.0,0.0
2005-07-11 00:00:00-04:00,30.396642010920985,30.56052105650731,30.317528583583925,30.458803176879883,7252300,0.0,0.0
2005-07-12 00:00:00-04:00,30.639647688162135,30.786572380009048,30.45881630326741,30.48141860961914,10455600,0.0,0.0
2005-07-13 00:00:00-04:00,30.4926990035984,31.035192769781176,30.487048969976716,30.843061447143555,10491400,0.0,0.0
2005-07-14 00:00:00-04:00,31.05779898967371,31.193423516805698,30.922176618220448,30.939128875732422,10375400,0.0,0.0
2005-07-15 00:00:00-04:00,30.93914527193122,30.967399767984226,30.74136164388032,30.797870635986328,9808200,0.0,0.0
2005-07-18 00:00:00-04:00,30.79787708810505,31.023917415244007,30.690509118338223,30.86568832397461,8540300,0.0,0.0
2005-07-19 00:00:00-04:00,30.95044448844116,31.108671375478384,30.854376624397375,31.012605667114258,8521100,0.0,0.0
2005-07-20 00:00:00-04:00,31.063712247416554,31.39883010124973,30.76267494653939,31.25115203857422,7538300,0.28,0.0
2005-07-21 00:00:00-04:00,31.18299599075906,31.376114808615704,31.012595376912635,31.313634872436523,7590300,0.0,0.0
2005-07-22 00:00:00-04:00,31.23981368683369,31.33637207092377,31.097814533711716,31.234134674072266,6337900,0.0,0.0
2005-07-25 00:00:00-04:00,31.23411863622108,31.302277588036066,31.15459733124725,31.205717086791992,5442900,0.0,0.0
2005-07-26 00:00:00-04:00,31.23980809255725,31.478365587049563,31.21140870036551,31.302288055419922,6355700,0.0,0.0
2005-07-27 00:00:00-04:00,31.415867068371707,31.523785554208974,31.342026963991838,31.4499454498291,4983900,0.0,0.0
2005-07-28 00:00:00-04:00,31.381808554680767,31.796445765168823,31.353409161281416,31.70556640625,5605800,0.0,0.0
2005-07-29 00:00:00-04:00,31.665792308081063,31.722591068845972,31.53515342493471,31.597633361816406,6300900,0.0,0.0
2005-08-01 00:00:00-04:00,31.694200220006223,31.802120927937345,31.02964543988779,31.42156219482422,10809800,0.0,0.0
2005-08-02 00:00:00-04:00,31.53516569907182,31.63740524162946,31.42156596659281,31.444286346435547,10497900,0.0,0.0
2005-08-03 00:00:00-04:00,31.444282373488587,31.45564256197461,31.00692486708153,31.239803314208984,9843700,0.0,0.0
2005-08-04 00:00:00-04:00,31.23980200474073,31.296600778055627,30.694525980674218,30.76836395263672,11328200,0.0,0.0
2005-08-05 00:00:00-04:00,30.671796976305867,30.802435851567274,30.609317043195258,30.728595733642578,8249900,0.0,0.0
2005-08-08 00:00:00-04:00,30.734293087037955,30.910370627503994,30.671813121039744,30.813812255859375,6290300,0.0,0.0
2005-08-09 00:00:00-04:00,30.84221448644781,30.84221448644781,30.455976630872165,30.63773536682129,8070900,0.0,0.0
2005-08-10 00:00:00-04:00,30.64340971983019,30.89332738440357,30.325330919408515,30.507089614868164,8411100,0.0,0.0
2005-08-11 00:00:00-04:00,30.41052451766821,30.60932236967421,30.132205358125734,30.478683471679688,9664600,0.0,0.0
2005-08-12 00:00:00-04:00,30.336687211656557,30.501406685361502,30.245807875601116,30.41620635986328,7422300,0.0,0.0
2005-08-15 00:00:00-04:00,30.416211366346683,30.916048880291587,30.37077277420695,30.774049758911133,6592300,0.0,0.0
2005-08-16 00:00:00-04:00,30.808122200072656,30.876281153667446,30.416203341750947,30.433244705200195,7150200,0.0,0.0
2005-08-17 00:00:00-04:00,30.387807925058837,30.58660580180006,30.22876962366586,30.34236717224121,7358100,0.0,0.0
2005-08-18 00:00:00-04:00,30.416211366346683,31.006928231305693,30.38781197541752,30.774049758911133,8655600,0.0,0.0
2005-08-19 00:00:00-04:00,30.88197795379259,31.109177485636454,30.757020161340247,30.978538513183594,6435000,0.0,0.0
2005-08-22 00:00:00-04:00,31.46700668134094,31.64876538635392,31.234128205122147,31.330686569213867,11513700,0.0,0.0
2005-08-23 00:00:00-04:00,31.478364706520804,31.614684818656578,31.336365582799434,31.46700668334961,7215800,0.0,0.0
2005-08-24 00:00:00-04:00,31.472687425923752,31.478366437821695,30.984210066778576,31.023969650268555,8321200,0.0,0.0
2005-08-25 00:00:00-04:00,31.171644350027254,31.273883879667054,31.01260387795734,31.239803314208984,6842000,0.0,0.0
2005-08-26 00:00:00-04:00,31.239801445559284,31.37612153250299,31.06940296193036,31.21708106994629,6619600,0.0,0.0
2005-08-29 00:00:00-04:00,31.194357303747307,31.71691505237685,31.154597734113256,31.603315353393555,11931300,0.0,0.0
2005-08-30 00:00:00-04:00,31.60900580707098,31.60900580707098,31.239807218701547,31.46700668334961,7833500,0.0,0.0
2005-08-31 00:00:00-04:00,31.467016379681883,31.648775140714108,31.347735432282022,31.512454986572266,9500700,0.0,0.0
2005-09-01 00:00:00-04:00,31.467007072897292,31.773723537214114,31.38180673091586,31.671483993530273,7784400,0.0,0.0
2005-09-02 00:00:00-04:00,31.66579251917381,32.012270595657434,31.63739313860204,31.802112579345703,6484500,0.0,0.0
2005-09-06 00:00:00-04:00,31.97819437394454,32.23379316720755,31.841876462027027,32.131553649902344,8132300,0.0,0.0
2005-09-07 00:00:00-04:00,32.091812175176926,32.091812175176926,31.921413605823943,31.95549201965332,9214000,0.0,0.0
2005-09-08 00:00:00-04:00,32.12019691557787,32.12019691557787,31.694199603257914,31.89299964904785,7520100,0.0,0.0
2005-09-09 00:00:00-04:00,31.892999124134708,32.495073928927624,31.85323954897798,32.31899642944336,7878700,0.0,0.0
2005-09-12 00:00:00-04:00,32.194024873772655,32.324663740107255,32.12018476089361,32.1258659362793,6401100,0.0,0.0
2005-09-13 00:00:00-04:00,31.978204272893194,31.983885451576633,31.518128469336077,31.546527862548828,11601300,0.0,0.0
2005-09-14 00:00:00-04:00,31.495390584591632,31.54082915513271,31.222752661144344,31.25115203857422,10317800,0.0,0.0
2005-09-15 00:00:00-04:00,31.376123685439705,31.648761711300452,31.290923354411913,31.523801803588867,7203300,0.0,0.0
2005-09-16 00:00:00-04:00,31.66011924443053,32.063396155104265,31.59763929581517,31.77939796447754,13634100,0.0,0.0
2005-09-19 00:00:00-04:00,31.67148177534818,31.751003100104263,31.38748354428011,31.557884216308594,8016000,0.0,0.0
2005-09-20 00:00:00-04:00,31.944116521534415,32.091794623074016,31.750997670761596,31.830516815185547,9517000,0.0,0.0
2005-09-21 00:00:00-04:00,31.665789613309812,31.87594761033604,31.580589312679194,31.75098991394043,10153700,0.0,0.0
2005-09-22 00:00:00-04:00,31.756674406328827,32.318991720773326,31.72259384684509,32.199710845947266,8766200,0.0,0.0
2005-09-23 00:00:00-04:00,32.09747400957744,32.341712622733276,31.86459558386306,32.22811508178711,7859500,0.0,0.0
2005-09-26 00:00:00-04:00,32.37011322706886,32.44963237009694,32.03499529092615,32.142913818359375,7647800,0.0,0.0
2005-09-27 00:00:00-04:00,32.074758119354875,32.5348338269438,32.00091797901634,32.432594299316406,7878800,0.0,0.0
2005-09-28 00:00:00-04:00,32.483710446323215,32.7904289950547,32.4325906882013,32.625709533691406,8143200,0.0,0.0
2005-09-29 00:00:00-04:00,32.57459392177623,33.04035081428831,32.53483434559113,33.023311614990234,9644100,0.0,0.0
2005-09-30 00:00:00-04:00,32.86994563148787,33.7730598449707,32.71090735911458,33.7730598449707,23314300,0.0,0.0
2005-10-03 00:00:00-04:00,33.75601752529053,33.829857644945086,33.585619082554736,33.68785858154297,15234500,0.0,0.0
2005-10-04 00:00:00-04:00,33.19940452156219,33.35276387658869,32.92676639042682,32.9892463684082,24592100,0.0,0.0
2005-10-05 00:00:00-04:00,32.83018339351261,32.943783078855425,32.38714700408282,32.43826675415039,15616400,0.0,0.0
2005-10-06 00:00:00-04:00,32.375789028925475,32.80746526261488,31.523794580795855,31.93275260925293,21143000,0.0,0.0
2005-10-07 00:00:00-04:00,32.12019400797769,32.12019400797769,31.733956306432045,31.830516815185547,12314200,0.0,0.0
2005-10-10 00:00:00-04:00,31.830526314959577,32.03500541406719,31.694206193309558,31.71692657470703,9164800,0.0,0.0
2005-10-11 00:00:00-04:00,31.807793737998196,32.017951768510166,31.750994973016795,31.813472747802734,10238300,0.0,0.0
2005-10-12 00:00:00-04:00,31.813480356594216,31.938440269520598,31.58060189769883,31.824840545654297,9824100,0.0,0.0
2005-10-13 00:00:00-04:00,31.796442061057267,32.09747949614387,31.78508187167396,31.921401977539062,8723300,0.0,0.0
2005-10-14 00:00:00-04:00,31.72260092881776,31.972520754024263,31.682841350577544,31.870281219482422,8307500,0.0,0.0
2005-10-17 00:00:00-04:00,31.819158529051922,31.87027829162658,31.467001368390026,31.682838439941406,8406200,0.0,0.0
2005-10-18 00:00:00-04:00,31.467000185079293,31.574918716796727,31.16596063157828,31.4385986328125,7906600,0.0,0.0
2005-10-19 00:00:00-04:00,31.19882598781616,31.79825403117823,31.1816979789768,31.781126022338867,9540100,0.28,0.0
2005-10-20 00:00:00-04:00,31.798255735262156,31.946684694070225,31.381510460348267,31.495685577392578,9112000,0.0,0.0
2005-10-21 00:00:00-04:00,31.495692957085964,31.598452328703804,31.290176391601562,31.290176391601562,10659000,0.0,0.0
2005-10-24 00:00:00-04:00,31.39292736764406,31.764000841246997,31.370091473891378,31.45572280883789,8221200,0.0,0.0
2005-10-25 00:00:00-04:00,31.484260604359456,31.815372266948255,31.41575294085822,31.735448837280273,7570700,0.0,0.0
2005-10-26 00:00:00-04:00,31.73545300660895,31.826794392194017,31.37579534810193,31.39292335510254,7442600,0.0,0.0
2005-10-27 00:00:00-04:00,31.398658186141276,31.569923158878865,31.3301526325967,31.410076141357422,7090300,0.0,0.0
2005-10-28 00:00:00-04:00,31.67266836644024,32.10654175896413,31.48427763428613,31.923856735229492,8200400,0.0,0.0
2005-10-31 00:00:00-05:00,31.78113069370247,32.18646023696828,31.77542280841747,31.963815689086914,10998100,0.0,0.0
2005-11-01 00:00:00-05:00,32.25497215581695,32.38056743454306,31.541366577148438,31.541366577148438,10760400,0.0,0.0
2005-11-02 00:00:00-05:00,31.398634893655295,31.79825431876104,31.375799000163383,31.769710540771484,10583100,0.0,0.0
2005-11-03 00:00:00-05:00,31.912456989470556,32.03234225902568,31.826823409644096,31.94670867919922,8328300,0.0,0.0
2005-11-04 00:00:00-05:00,32.08370585877839,32.14079343149144,31.826807426067045,31.923856735229492,6064700,0.0,0.0
2005-11-07 00:00:00-05:00,31.695507270132673,31.861064295540743,31.478570553313528,31.729761123657227,7611700,0.0,0.0
2005-11-08 00:00:00-05:00,31.60987523521822,31.90673544669098,31.592749396513586,31.80397605895996,6447900,0.0,0.0
2005-11-09 00:00:00-05:00,31.901026482682155,32.15792494333644,31.826810887881685,31.969532012939453,6076000,0.0,0.0
2005-11-10 00:00:00-05:00,31.969513821324504,32.289209743527856,31.923842041973895,32.18074035644531,7645800,0.0,0.0
2005-11-11 00:00:00-05:00,32.20357624612062,32.369133179641125,32.117942748713375,32.18074035644531,7528500,0.0,0.0
2005-11-14 00:00:00-05:00,32.14079343149144,32.26067864083963,31.803971525881302,31.923856735229492,9706700,0.0,0.0
2005-11-15 00:00:00-05:00,31.952406174813014,32.038037543196744,31.923860207600228,31.969532012939453,9658100,0.0,0.0
2005-11-16 00:00:00-05:00,32.072298441767934,32.454790095614946,32.0494625340825,32.312068939208984,9982900,0.0,0.0
2005-11-17 00:00:00-05:00,32.45477816014666,32.785892166560004,32.31205705622737,32.62604522705078,8009400,0.0,0.0
2005-11-18 00:00:00-05:00,32.91148719333596,32.9171950792403,32.5518294043287,32.79730987548828,11973800,0.0,0.0
2005-11-21 00:00:00-05:00,32.65459619279158,32.96858225490703,32.63746817568411,32.905784606933594,5644200,0.0,0.0
2005-11-22 00:00:00-05:00,32.877221509392605,32.877221509392605,32.494727958957014,32.620323181152344,6840700,0.0,0.0
2005-11-23 00:00:00-05:00,32.534696291291745,32.546112060546875,32.169328520356785,32.546112060546875,8448500,0.0,0.0
2005-11-25 00:00:00-05:00,32.654586730024604,32.90006718582902,32.63745871788055,32.70025634765625,2326800,0.0,0.0
2005-11-28 00:00:00-05:00,32.4547792764964,32.74593155804723,32.380565867886524,32.60321044921875,5787100,0.0,0.0
2005-11-29 00:00:00-05:00,32.74594030558183,33.09418025259006,32.74023024016262,32.92862319946289,6821700,0.0,0.0
2005-11-30 00:00:00-05:00,32.99140426258441,33.1341253377701,32.63174654334625,32.64887237548828,8624300,0.0,0.0
2005-12-01 00:00:00-05:00,32.745937632275194,33.11130339020965,32.723101727966366,32.905784606933594,6894300,0.0,0.0
2005-12-02 00:00:00-05:00,32.71167205912613,32.95144461298356,32.66029238171032,32.74592590332031,15060900,0.0,0.0
2005-12-05 00:00:00-05:00,32.608902355570855,32.88292648890756,32.608902355570855,32.7858772277832,6158800,0.0,0.0
2005-12-06 00:00:00-05:00,32.76877865365536,33.00854915308478,32.73452479184314,32.77448654174805,6015500,0.0,0.0
2005-12-07 00:00:00-05:00,32.825850144462265,32.91719155340638,32.42623066367514,32.5632438659668,6839200,0.0,0.0
2005-12-08 00:00:00-05:00,32.54040417591931,32.825846317813344,32.36913932633304,32.546112060546875,5414200,0.0,0.0
2005-12-09 00:00:00-05:00,32.568952624045835,32.82585102413273,32.568952624045835,32.72880172729492,5284000,0.0,0.0
2005-12-12 00:00:00-05:00,32.711669642402796,32.84868283130613,32.43764544234689,32.4890251159668,6006100,0.0,0.0
2005-12-13 00:00:00-05:00,32.65458581458645,33.539456136684954,32.65458581458645,33.402442932128906,10104900,0.0,0.0
2005-12-14 00:00:00-05:00,33.39102367715794,34.08179315774492,33.27113631902446,34.0361213684082,9403200,0.0,0.0
2005-12-15 00:00:00-05:00,33.710723380440264,33.75639517775539,33.11129519606179,33.67647171020508,10429500,0.0,0.0
2005-12-16 00:00:00-05:00,33.79064144533163,33.93907258512253,32.82584774769405,33.17408752441406,18585300,0.0,0.0
2005-12-19 00:00:00-05:00,33.19120764143206,33.59082702422863,32.97427103172813,33.425270080566406,7045500,0.0,0.0
2005-12-20 00:00:00-05:00,33.11130449279729,33.5052140553589,32.96858335274213,33.2311897277832,5440300,0.0,0.0
2005-12-21 00:00:00-05:00,33.25400689878739,33.56228491029464,33.25400689878739,33.408145904541016,6078300,0.0,0.0
2005-12-22 00:00:00-05:00,33.26542576362668,33.556575775146484,33.25400781720915,33.556575775146484,5800000,0.0,0.0
2005-12-23 00:00:00-05:00,33.573704809616615,33.79063926492703,33.20833704634242,33.61366653442383,3913000,0.0,0.0
2005-12-27 00:00:00-05:00,33.48808839147535,33.653645437470075,33.36820315585922,33.453834533691406,4744800,0.0,0.0
2005-12-28 00:00:00-05:00,33.448122341182966,33.568007561368745,33.31681916987214,33.419578552246094,5663000,0.0,0.0
2005-12-29 00:00:00-05:00,33.356769022364276,33.48236426222914,33.179794109622954,33.35105895996094,4008000,0.0,0.0
2005-12-30 00:00:00-05:00,33.19692850752054,33.43099102283409,33.042789459228516,33.042789459228516,5928600,0.0,0.0
2006-01-03 00:00:00-05:00,33.282551594377665,33.602247560816586,32.93431185077023,33.556575775146484,9741500,0.0,0.0
2006-01-04 00:00:00-05:00,33.56800507823874,33.75068792722293,33.43099403037627,33.619384765625,6746400,0.0,0.0
2006-01-05 00:00:00-05:00,33.510921478271484,33.72214813912807,33.459541784792684,33.510921478271484,8936100,0.0,0.0
2006-01-06 00:00:00-05:00,33.53375907257413,33.56801075145284,33.38532787159404,33.47666931152344,8825800,0.0,0.0
2006-01-09 00:00:00-05:00,33.368194080889815,33.733559753544874,33.368194080889815,33.72785186767578,7715700,0.0,0.0
2006-01-10 00:00:00-05:00,33.619382071826806,33.62509213538516,33.436699237480326,33.5965461730957,8552900,0.0,0.0
2006-01-11 00:00:00-05:00,33.64792678068453,33.72214236472375,33.453825991640485,33.716434478759766,8790500,0.0,0.0
2006-01-12 00:00:00-05:00,33.670756052529434,33.68217399996121,33.33964428801107,33.34535217285156,6612800,0.0,0.0
2006-01-13 00:00:00-05:00,33.345357242503496,33.63650732415095,33.33393929333579,33.625091552734375,7146800,0.0,0.0
2006-01-17 00:00:00-05:00,33.36817595532769,33.60223834833931,33.35104795152196,33.48235321044922,5299200,0.0,0.0
2006-01-18 00:00:00-05:00,33.55694224208758,33.70034797816488,33.48237064663198,33.654457092285156,6689500,0.28,0.0
2006-01-19 00:00:00-05:00,33.27013631789449,33.77492520575805,33.27013631789449,33.56268310546875,8067300,0.0,0.0
2006-01-20 00:00:00-05:00,33.5626748329719,33.591357728458945,33.14966783397042,33.178348541259766,10491600,0.0,0.0
2006-01-23 00:00:00-05:00,33.17834270346782,33.41926322814512,33.06361770629883,33.06361770629883,9437700,0.0,0.0
2006-01-24 00:00:00-05:00,33.27012440712174,33.36190397313073,32.86285271971919,33.195552825927734,8163500,0.0,0.0
2006-01-25 00:00:00-05:00,33.327484243030824,33.53972625732422,33.1726080106076,33.53972625732422,8932300,0.0,0.0
2006-01-26 00:00:00-05:00,33.700355593084254,33.84376136156546,33.60857598878422,33.740509033203125,7007000,0.0,0.0
2006-01-27 00:00:00-05:00,34.07319478634794,34.302642590675816,33.87242549583909,34.268226623535156,11747900,0.0,0.0
2006-01-30 00:00:00-05:00,33.91831411269869,34.245278907962586,33.815061841752495,33.924049377441406,7909700,0.0,0.0
2006-01-31 00:00:00-05:00,33.81506760638895,34.04451543456457,33.78064944747372,33.97568130493164,10347500,0.0,0.0
2006-02-01 00:00:00-05:00,33.90110829482732,34.428842434999595,33.87816504471348,34.314117431640625,10834600,0.0,0.0
2006-02-02 00:00:00-05:00,34.26822464667228,34.503409890754455,34.21086105775152,34.21659851074219,9759100,0.0,0.0
2006-02-03 00:00:00-05:00,34.06746687244741,34.446057934387234,34.027313440741516,34.23381805419922,7815900,0.0,0.0
2006-02-06 00:00:00-05:00,34.17646046773726,34.360019658468055,33.9011194934429,34.29692077636719,4998800,0.0,0.0
2006-02-07 00:00:00-05:00,34.113361374578545,34.30839328704813,33.90685673923449,34.02731704711914,6403600,0.0,0.0
2006-02-08 00:00:00-05:00,34.07320411249265,34.30265197962248,33.97568707310909,34.11335754394531,6775700,0.0,0.0
2006-02-09 00:00:00-05:00,34.107626069581606,34.33133870924372,34.02731919259503,34.199405670166016,6242200,0.0,0.0
2006-02-10 00:00:00-05:00,34.20512779898161,34.29690735844023,34.107610786195835,34.24528121948242,5804900,0.0,0.0
2006-02-13 00:00:00-05:00,34.176443205846525,34.22806715072949,33.99861937230491,34.096134185791016,5198600,0.0,0.0
2006-02-14 00:00:00-05:00,34.159252275025096,34.41738308580832,34.11909883648085,34.32560348510742,7923000,0.0,0.0
2006-02-15 00:00:00-05:00,34.273967972408784,34.56077941987664,34.25102253144391,34.480472564697266,8575200,0.0,0.0
2006-02-16 00:00:00-05:00,34.42885261658743,34.893488032908266,34.42311516121416,34.836124420166016,6998200,0.0,0.0
2006-02-17 00:00:00-05:00,34.75581579925287,35.00820911800695,34.65829875660377,34.99100112915039,9137500,0.0,0.0
2006-02-21 00:00:00-05:00,34.92215347290039,34.990987589890224,34.81316375045293,34.92215347290039,6770600,0.0,0.0
2006-02-22 00:00:00-05:00,34.99100750073951,35.56463057452213,34.979534776680055,35.53021240234375,8974000,0.0,0.0
2006-02-23 00:00:00-05:00,35.47857822505663,35.616248694477775,35.21471219588047,35.26633834838867,7110800,0.0,0.0
2006-02-24 00:00:00-05:00,35.17456825428626,35.40975363733937,35.02542721135925,35.2778205871582,5610800,0.0,0.0
2006-02-27 00:00:00-05:00,35.381053772704014,35.50151403313178,35.19175720214844,35.19175720214844,6723100,0.0,0.0
2006-02-28 00:00:00-05:00,34.99099259147985,35.11145286047986,34.331325462427074,34.37721633911133,14458000,0.0,0.0
2006-03-01 00:00:00-05:00,34.480472564697266,34.68123970264569,34.42884641662515,34.480472564697266,9155200,0.0,0.0
2006-03-02 00:00:00-05:00,34.41164002325765,34.42884801067919,34.050256970020776,34.159244537353516,10876800,0.0,0.0
2006-03-03 00:00:00-05:00,34.015848450478636,34.509164652930714,34.015848450478636,34.22808837890625,7797900,0.0,0.0
2006-03-06 00:00:00-05:00,34.1592542215078,34.3944395984677,34.13057350494165,34.22808837890625,4553300,0.0,0.0
2006-03-07 00:00:00-05:00,34.16498253698668,34.738605467632006,34.084673488610164,34.58946228027344,7366400,0.0,0.0
2006-03-08 00:00:00-05:00,34.56077268139551,35.180286337471394,34.54929996314996,35.03114318847656,8680200,0.0,0.0
2006-03-09 00:00:00-05:00,35.27780513507942,35.56461655894185,35.04835512071047,35.22044372558594,7114000,0.0,0.0
2006-03-10 00:00:00-05:00,35.249140283154574,35.81702593241044,35.249140283154574,35.708038330078125,8506900,0.0,0.0
2006-03-13 00:00:00-05:00,35.62772559589287,35.85143822027569,35.44990167456897,35.55315399169922,5956100,0.0,0.0
2006-03-14 00:00:00-05:00,34.46898656737841,34.80742403255834,34.187910494318395,34.423095703125,18234500,0.0,0.0
2006-03-15 00:00:00-05:00,34.70991632640691,34.70991632640691,34.28543665948185,34.360008239746094,9813600,0.0,0.0
2006-03-16 00:00:00-05:00,34.30265205840185,34.337070223239415,33.84375413489037,34.067466735839844,12489800,0.0,0.0
2006-03-17 00:00:00-05:00,34.067466597891624,34.073204052773605,33.75770968020145,33.90111541748047,17418000,0.0,0.0
2006-03-20 00:00:00-05:00,34.06173508037375,34.06173508037375,33.67740652430014,33.9470100402832,7027800,0.0,0.0
2006-03-21 00:00:00-05:00,33.9642065670807,34.25675542998259,33.8093281434616,33.86095428466797,6909400,0.0,0.0
2006-03-22 00:00:00-05:00,33.671661944408335,34.18792119973669,33.671661944408335,34.12482452392578,5849700,0.0,0.0
2006-03-23 00:00:00-05:00,33.99289830720353,34.07320736597509,33.52252761824641,33.64299011230469,9166500,0.0,0.0
2006-03-24 00:00:00-05:00,33.59133547910924,33.81504791126611,33.25863336796582,33.69458770751953,8870500,0.0,0.0
2006-03-27 00:00:00-05:00,33.488119089376866,33.62578741579113,33.419282737971145,33.436492919921875,8040400,0.0,0.0
2006-03-28 00:00:00-05:00,33.2701222135403,33.43073589641701,32.98331081514771,33.000518798828125,14113000,0.0,0.0
2006-03-29 00:00:00-05:00,32.94889452444594,33.25865137740905,32.69650126732643,33.1209831237793,12430600,0.0,0.0
2006-03-30 00:00:00-05:00,33.00051681246724,33.3274816118984,32.9259474288757,33.05788040161133,8419500,0.0,0.0
2006-03-31 00:00:00-05:00,33.05788040161133,33.4422066019894,33.02919970113788,33.05788040161133,11176100,0.0,0.0
2006-04-03 00:00:00-04:00,33.092296589908315,33.47662498107354,33.092296589908315,33.20128631591797,8113400,0.0,0.0
2006-04-04 00:00:00-04:00,33.17261150555188,33.54546505681958,33.138193345722016,33.27012634277344,8873400,0.0,0.0
2006-04-05 00:00:00-04:00,33.241447332742716,33.32748945441021,33.0062620324019,33.05215072631836,8926000,0.0,0.0
2006-04-06 00:00:00-04:00,33.023479397406135,33.224246593177035,32.8341849254219,32.98332595825195,6607300,0.0,0.0
2006-04-07 00:00:00-04:00,32.9833182579087,33.23571155769627,32.84564779280779,32.857120513916016,7392400,0.0,0.0
2006-04-10 00:00:00-04:00,32.868596761711856,32.92596037340791,32.66782959127078,32.782554626464844,7153700,0.0,0.0
2006-04-11 00:00:00-04:00,32.851401848765875,32.86860984502529,32.17452627870918,32.40397644042969,13443800,0.0,0.0
2006-04-12 00:00:00-04:00,32.29498495265071,32.40971002755615,32.28351222634028,32.36381912231445,8850500,0.0,0.0
2006-04-13 00:00:00-04:00,32.35233344140446,32.50720970360698,32.32365054495429,32.46705627441406,6852400,0.0,0.0
2006-04-17 00:00:00-04:00,32.2376079749314,32.39248642319251,31.97947722782955,32.14009094238281,13180200,0.0,0.0
2006-04-18 00:00:00-04:00,32.08847051103287,32.3351285813064,32.031109085098706,32.21466827392578,11186200,0.0,0.0
2006-04-19 00:00:00-04:00,32.116594676631365,32.34731821841074,31.764742265572057,32.341548919677734,12877800,0.31,0.0
2006-04-20 00:00:00-04:00,32.39347680387714,32.76263288363856,32.16852245529402,32.45115661621094,15583700,0.0,0.0
2006-04-21 00:00:00-04:00,32.35885698027532,32.73954933767821,32.295410087660734,32.497291564941406,12076800,0.0,0.0
2006-04-24 00:00:00-04:00,32.38770506922776,32.877990004953716,32.38770506922776,32.64726638793945,9313400,0.0,0.0
2006-04-25 00:00:00-04:00,32.820311628424896,33.1779312700429,32.6645735102178,33.033729553222656,22369200,0.0,0.0
2006-04-26 00:00:00-04:00,33.201009913399965,33.489413397775195,33.154864299734825,33.4605712890625,15869100,0.0,0.0
2006-04-27 00:00:00-04:00,33.339420391144735,33.87585069473318,33.316347599511516,33.67396926879883,8826800,0.0,0.0
2006-04-28 00:00:00-04:00,33.627848082435534,33.725906417846474,33.454806420330236,33.57593536376953,8917700,0.0,0.0
2006-05-01 00:00:00-04:00,33.70281375313318,33.841246121120996,33.31635214178632,33.38557052612305,7304700,0.0,0.0
2006-05-02 00:00:00-04:00,33.25868596509608,33.65091483547173,33.126020641343096,33.51824951171875,8489300,0.0,0.0
2006-05-03 00:00:00-04:00,32.445381196949114,32.58381579154045,31.828198121763492,32.428077697753906,28760000,0.0,0.0
2006-05-04 00:00:00-04:00,32.433846368467556,32.69917697058174,32.070457465363056,32.220428466796875,15422400,0.0,0.0
2006-05-05 00:00:00-04:00,32.43961566524268,32.43961566524268,32.09929956244793,32.145442962646484,13405200,0.0,0.0
2006-05-08 00:00:00-04:00,32.30694428606842,32.64726034801518,31.96662822412166,32.497291564941406,14653300,0.0,0.0
2006-05-09 00:00:00-04:00,32.5088165292879,32.68762514617426,32.39922187987518,32.589569091796875,11459800,0.0,0.0
2006-05-10 00:00:00-04:00,32.69917304222208,32.728015139270525,32.44537887073451,32.497291564941406,9617500,0.0,0.0
2006-05-11 00:00:00-04:00,32.67611108725255,32.67611108725255,32.01854938660534,32.09930419921875,12379000,0.0,0.0
2006-05-12 00:00:00-04:00,32.18582825387549,32.203133959084624,31.73015022277832,31.73015022277832,13888800,0.0,0.0
2006-05-15 00:00:00-04:00,31.545574649847612,32.12815096334205,31.176418514741187,32.053165435791016,11531400,0.0,0.0
2006-05-16 00:00:00-04:00,32.070449116629526,32.45114142066376,32.024305728438314,32.32424545288086,11485100,0.0,0.0
2006-05-17 00:00:00-04:00,32.047389662612055,32.25503828216682,31.868578745401063,31.914724349975586,10081100,0.0,0.0
2006-05-18 00:00:00-04:00,31.839741566050076,32.03008670034188,31.655163532651596,31.660930633544922,7772400,0.0,0.0
2006-05-19 00:00:00-04:00,31.718597009897007,31.72436410794769,31.00335583276706,31.234079360961914,16266300,0.0,0.0
2006-05-22 00:00:00-04:00,31.12450587060135,31.430215083501455,31.118738768626994,31.309083938598633,9208200,0.0,0.0
2006-05-23 00:00:00-04:00,31.326373285363747,31.718602025106954,31.182171607527067,31.430198669433594,9505900,0.0,0.0
2006-05-24 00:00:00-04:00,31.470573755202434,31.805120490763603,31.257153695949327,31.620542526245117,9998700,0.0,0.0
2006-05-25 00:00:00-04:00,31.799358666933482,31.88587836446062,31.64362057097272,31.87434196472168,8082600,0.0,0.0
2006-05-26 00:00:00-04:00,31.83973466645491,31.897414464263964,31.557098376366756,31.799358367919922,6442600,0.0,0.0
2006-05-30 00:00:00-04:00,31.59748169675856,31.735916322744934,31.33792034859268,31.36676025390625,6971000,0.0,0.0
2006-05-31 00:00:00-04:00,31.482131680259634,31.545578611168764,31.147582515593502,31.291784286499023,11624100,0.0,0.0
2006-06-01 00:00:00-04:00,31.349439646680462,31.44172862001525,31.164861700010885,31.42442512512207,6941200,0.0,0.0
2006-06-02 00:00:00-04:00,31.360986447943876,31.464811852434238,31.032206733838873,31.118728637695312,8577600,0.0,0.0
2006-06-05 00:00:00-04:00,31.03220686656138,31.170641473255078,30.61113814670222,30.67458724975586,7945800,0.0,0.0
2006-06-06 00:00:00-04:00,30.63421467700473,30.859169014965378,30.426563841858385,30.784183502197266,9189300,0.0,0.0
2006-06-07 00:00:00-04:00,30.91685045852096,31.222559626573574,30.663056202342307,30.70920181274414,8439600,0.0,0.0
2006-06-08 00:00:00-04:00,30.85918662907534,31.782077311676062,30.743824743664014,31.57442855834961,15081400,0.0,0.0
2006-06-09 00:00:00-04:00,31.44750749567725,31.724374499999684,31.211016791963715,31.40713119506836,7723700,0.0,0.0
2006-06-12 00:00:00-04:00,31.476339001474418,31.67822045067808,31.239848360831804,31.326370239257812,5924200,0.0,0.0
2006-06-13 00:00:00-04:00,31.332147669035066,31.868578211334786,31.205249458925262,31.22255516052246,10410600,0.0,0.0
2006-06-14 00:00:00-04:00,31.14758230436928,31.684013064527637,31.02645334571272,31.626333236694336,8757100,0.0,0.0
2006-06-15 00:00:00-04:00,31.707088892847143,31.776305132902163,31.130281758251236,31.655176162719727,8548000,0.0,0.0
2006-06-16 00:00:00-04:00,31.660930624042273,31.839741556493763,31.62632361800527,31.735916137695312,10789100,0.0,0.0
2006-06-19 00:00:00-04:00,32.28963350693842,32.30116990308778,31.55132175612033,31.649377822875977,11238100,0.0,0.0
2006-06-20 00:00:00-04:00,31.857038121228673,32.208890608264845,31.643620229221398,32.058921813964844,11377800,0.0,0.0
2006-06-21 00:00:00-04:00,32.02431556824863,32.41077508942202,31.989706366214104,32.197357177734375,8701300,0.0,0.0
2006-06-22 00:00:00-04:00,32.08776463789233,32.25503694669047,32.02431553440115,32.21466064453125,6121900,0.0,0.0
2006-06-23 00:00:00-04:00,32.04738686200998,32.39347006470079,32.012777661603565,32.145442962646484,6917400,0.0,0.0
2006-06-26 00:00:00-04:00,32.15120847207381,32.301177255466094,31.874339302153622,32.29541015625,5617900,0.0,0.0
2006-06-27 00:00:00-04:00,31.8685789920824,32.301184136771305,31.83973908917185,32.156982421875,7336400,0.0,0.0
2006-06-28 00:00:00-04:00,32.15697022545702,32.3127082825183,32.012768565253175,32.16850662231445,6487900,0.0,0.0
2006-06-29 00:00:00-04:00,32.43961776880299,32.87799000066066,32.197357750935296,32.872222900390625,10318500,0.0,0.0
2006-06-30 00:00:00-04:00,32.877999597398485,32.98759213726593,32.07046890258789,32.07046890258789,21154000,0.0,0.0
2006-07-03 00:00:00-04:00,32.31272267800339,32.53767701608487,32.31272267800339,32.47422790527344,4592900,0.0,0.0
2006-07-05 00:00:00-04:00,32.128141726960536,32.38193594679796,32.09930182476093,32.260807037353516,9146100,0.0,0.0
2006-07-06 00:00:00-04:00,32.283874449052455,32.733783009210214,32.266568750347304,32.56074142456055,7215400,0.0,0.0
2006-07-07 00:00:00-04:00,32.56072920523543,32.733770724946424,32.44536745864733,32.589569091796875,6834500,0.0,0.0
2006-07-10 00:00:00-04:00,32.549204185007845,32.952969338992574,32.549204185007845,32.86644744873047,6776600,0.0,0.0
2006-07-11 00:00:00-04:00,32.7510939707459,33.07410661595026,32.7510939707459,33.022193908691406,6104000,0.0,0.0
2006-07-12 00:00:00-04:00,33.02218636261578,33.06833195867584,32.59534840043274,32.65303039550781,7060100,0.0,0.0
2006-07-13 00:00:00-04:00,32.65304339619691,32.756868828326624,32.5319144588269,32.612667083740234,9209400,0.0,0.0
2006-07-14 00:00:00-04:00,32.46846870095845,32.5088450175957,31.868588853284592,32.105079650878906,8959100,0.0,0.0
2006-07-17 00:00:00-04:00,32.08776467180687,32.39923868874384,32.041619069094175,32.197357177734375,6167300,0.0,0.0
2006-07-18 00:00:00-04:00,32.099315567501094,32.255051546123205,31.89743176498397,32.19160461425781,7123000,0.0,0.0
2006-07-19 00:00:00-04:00,32.36561224338905,32.97464214710247,32.191604015561595,32.85283660888672,7938400,0.31,0.0
2006-07-20 00:00:00-04:00,32.71941634233428,33.055834024322,32.586010017190986,32.83542251586914,5748200,0.0,0.0
2006-07-21 00:00:00-04:00,32.97461537626593,33.05001969173931,32.43518875909652,32.522193908691406,8014400,0.0,0.0
2006-07-24 00:00:00-04:00,32.68461028132278,33.055830438896415,32.5686063330041,33.00362777709961,4482400,0.0,0.0
2006-07-25 00:00:00-04:00,32.82961777064006,33.206637244495596,32.60920849643648,32.992027282714844,6701600,0.0,0.0
2006-07-26 00:00:00-04:00,32.858617745921535,32.92822055133222,32.661407953396875,32.870216369628906,7223500,0.0,0.0
2006-07-27 00:00:00-04:00,32.97463190808282,33.05583778764591,32.713620753706074,32.736820220947266,5572500,0.0,0.0
2006-07-28 00:00:00-04:00,32.986227761634964,33.19503842367854,32.86442227965409,32.9514274597168,5886700,0.0,0.0
2006-07-31 00:00:00-04:00,32.7194159587312,32.86442312079127,32.52220612982414,32.59761047363281,7569000,0.0,0.0
2006-08-01 00:00:00-04:00,32.48161899761514,32.52222084435139,32.30761076694058,32.441017150878906,5850700,0.0,0.0
2006-08-02 00:00:00-04:00,33.63005819509495,34.16368566135535,33.334244580607624,33.80986785888672,17707400,0.0,0.0
2006-08-03 00:00:00-04:00,33.90847106641365,34.62190597135364,33.717062781007066,34.48270034790039,12370500,0.0,0.0
2006-08-04 00:00:00-04:00,34.56390399702037,34.662507795913626,34.27388970008703,34.48270034790039,7888800,0.0,0.0
2006-08-07 00:00:00-04:00,34.3029075305465,34.49431812257233,34.128899309472295,34.45371627807617,6377400,0.0,0.0
2006-08-08 00:00:00-04:00,34.65672816258326,34.80173539338905,34.38411386062526,34.63932800292969,9319300,0.0,0.0
2006-08-09 00:00:00-04:00,34.68571477860202,34.79012011848569,34.45370463313129,34.534908294677734,5617000,0.0,0.0
2006-08-10 00:00:00-04:00,34.569726129859234,34.9699475399102,34.55812749744279,34.952545166015625,8648900,0.0,0.0
2006-08-11 00:00:00-04:00,34.795939289409105,35.062752087686455,34.67993305153006,34.952545166015625,8092500,0.0,0.0
2006-08-14 00:00:00-04:00,34.95832191101917,35.23673535696561,34.59290329518736,34.662506103515625,8069500,0.0,0.0
2006-08-15 00:00:00-04:00,34.94671448776485,35.161324397032146,34.85970933427739,35.05691909790039,6944700,0.0,0.0
2006-08-16 00:00:00-04:00,35.022134395330276,35.12653974093395,34.9351292031159,35.04533386230469,6605100,0.0,0.0
2006-08-17 00:00:00-04:00,34.88291809800561,35.17293238510261,34.88291809800561,34.998924255371094,6589200,0.0,0.0
2006-08-18 00:00:00-04:00,35.004721911082534,35.0453237323441,34.674105816447835,35.027923583984375,6865200,0.0,0.0
2006-08-21 00:00:00-04:00,34.97572168884352,35.34114030079816,34.964120852139665,35.25413513183594,5296500,0.0,0.0
2006-08-22 00:00:00-04:00,35.21933923015592,35.48615186974592,35.21353770476321,35.41074752807617,6521600,0.0,0.0
2006-08-23 00:00:00-04:00,35.32373234162884,35.64274753623062,35.22512635776553,35.335330963134766,4746000,0.0,0.0
2006-08-24 00:00:00-04:00,35.31214372273651,35.602158038630066,35.27734120828117,35.41074752807617,5346300,0.0,0.0
2006-08-25 00:00:00-04:00,35.28313980217362,35.480347396467955,35.277338277262935,35.306339263916016,4492800,0.0,0.0
2006-08-28 00:00:00-04:00,35.04534219532036,35.50936704728673,34.92933819496324,35.37015914916992,6248600,0.0,0.0
2006-08-29 00:00:00-04:00,35.38175077523436,35.60796161469394,35.24254291337944,35.49775695800781,4940800,0.0,0.0
2006-08-30 00:00:00-04:00,35.64275669998929,35.97917212597528,35.613755713502584,35.81676483154297,8797700,0.0,0.0
2006-08-31 00:00:00-04:00,35.71236753958304,35.97918021546389,35.70076669985336,35.903778076171875,6514600,0.0,0.0
2006-09-01 00:00:00-04:00,35.95597595404937,36.0139779323295,35.81676810848996,35.90957260131836,4132300,0.0,0.0
2006-09-05 00:00:00-04:00,35.67175190711622,35.78195652296427,35.49194227981699,35.7065544128418,6288700,0.0,0.0
2006-09-06 00:00:00-04:00,35.70657557271897,35.77037688540853,35.462962313539734,35.63697052001953,4595800,0.0,0.0
2006-09-07 00:00:00-04:00,35.897970045340806,35.97917369610067,35.57895475479837,35.68915939331055,7174000,0.0,0.0
2006-09-08 00:00:00-04:00,36.15898648961484,36.15898648961484,35.43974998289309,35.46295166015625,5725900,0.0,0.0
2006-09-11 00:00:00-04:00,35.4397476517218,36.019776269344966,35.43394833910435,35.91537094116211,9150500,0.0,0.0
2006-09-12 00:00:00-04:00,35.91537676566879,36.066185469782724,35.816772946746084,35.87477493286133,5626800,0.0,0.0
2006-09-13 00:00:00-04:00,35.863174005102465,35.87477263147431,35.04533144995859,35.12653732299805,11058000,0.0,0.0
2006-09-14 00:00:00-04:00,34.83070420116586,35.364331467841396,34.703099460600185,35.24832534790039,8959100,0.0,0.0
2006-09-15 00:00:00-04:00,35.43974968762088,35.81676919578792,35.32374572753906,35.32374572753906,17543900,0.0,0.0
2006-09-18 00:00:00-04:00,35.22514983178703,35.37015703620537,35.05694094362951,35.09174346923828,6676300,0.0,0.0
2006-09-19 00:00:00-04:00,34.98732330649999,35.341141089648346,34.92351980952131,35.32954025268555,7318100,0.0,0.0
2006-09-20 00:00:00-04:00,35.439748996336874,35.834168648295936,35.24253917035734,35.74716567993164,6997800,0.0,0.0
2006-09-21 00:00:00-04:00,35.85156831640979,35.97337379054149,35.631156830385635,35.81096649169922,9904700,0.0,0.0
2006-09-22 00:00:00-04:00,35.758758028198706,35.961767118816184,35.6949545389666,35.8515625,6795200,0.0,0.0
2006-09-25 00:00:00-04:00,35.712353153730156,36.25177981437876,35.706553842518396,36.129974365234375,8142500,0.0,0.0
2006-09-26 00:00:00-04:00,35.97915633604832,36.33877549108689,35.90955355649963,36.240169525146484,8944100,0.0,0.0
2006-09-27 00:00:00-04:00,36.24017432636224,36.454784215771845,36.170571537592345,36.38518142700195,8292000,0.0,0.0
2006-09-28 00:00:00-04:00,36.1995806961055,36.280784336794085,35.915365741062175,36.11257553100586,9379800,0.0,0.0
2006-09-29 00:00:00-04:00,36.03718907130779,36.3620037751799,35.9501838684082,35.9501838684082,7232500,0.0,0.0
2006-10-02 00:00:00-04:00,35.95596529753133,36.141574228177916,35.897961123808656,35.98496627807617,4732100,0.0,0.0
2006-10-03 00:00:00-04:00,35.897980072356376,36.251797974610035,35.897980072356376,36.13579177856445,8824800,0.0,0.0
2006-10-04 00:00:00-04:00,36.00818230728046,36.84922214164442,35.97337978916794,36.739017486572266,15044800,0.0,0.0
2006-10-05 00:00:00-04:00,36.6752092909011,36.97102512548078,36.66360845301234,36.84341812133789,8244800,0.0,0.0
2006-10-06 00:00:00-04:00,36.628804280006925,36.721608760673284,36.379391823347326,36.59400177001953,7072300,0.0,0.0
2006-10-09 00:00:00-04:00,36.414197823738775,36.56500651133648,36.3909983594138,36.45479965209961,3882500,0.0,0.0
2006-10-10 00:00:00-04:00,36.31559864718773,36.37940216064453,35.99078176624127,36.37940216064453,7689900,0.0,0.0
2006-10-11 00:00:00-04:00,36.12416341747703,36.350374110484616,36.03135897386795,36.240169525146484,4826500,0.0,0.0
2006-10-12 00:00:00-04:00,36.29240474665649,36.466412958070784,36.14739753503883,36.19960021972656,5931800,0.0,0.0
2006-10-13 00:00:00-04:00,36.054578189750444,36.071978339950114,35.75876457318838,36.03717803955078,7187800,0.0,0.0
2006-10-16 00:00:00-04:00,35.85736594202202,36.09517756669695,35.67175697703835,35.99077224731445,5242700,0.0,0.0
2006-10-17 00:00:00-04:00,35.83996837604492,36.24018732076661,35.828367538318176,36.106781005859375,6684000,0.0,0.0
2006-10-18 00:00:00-04:00,36.22920573994479,36.625599470509385,36.14176509619662,36.485694885253906,7517900,0.31,0.0
2006-10-19 00:00:00-04:00,36.31081623010105,36.468208056394246,36.223375585368835,36.433231353759766,5229600,0.0,0.0
2006-10-20 00:00:00-04:00,36.567304556434394,36.654745199201344,36.22920533339854,36.53815841674805,8001100,0.0,0.0
2006-10-23 00:00:00-04:00,36.30499613923832,36.99868648746774,36.28750889473123,36.8879280090332,7354400,0.0,0.0
2006-10-24 00:00:00-04:00,36.72467908283468,36.82377635583764,36.53231064883101,36.654727935791016,6879500,0.0,0.0
2006-10-25 00:00:00-04:00,36.71302782504938,36.957860226194526,36.61975886835298,36.80046844482422,5911000,0.0,0.0
2006-10-26 00:00:00-04:00,36.78297793131787,37.115248718997464,36.66639340657275,37.016151428222656,6426000,0.0,0.0
2006-10-27 00:00:00-04:00,36.905391707067075,37.21434467073689,36.812122761975786,37.051124572753906,7173400,0.0,0.0
2006-10-30 00:00:00-05:00,37.05695292284964,37.319270302218676,36.9870017699317,37.19685745239258,8786600,0.0,0.0
2006-10-31 00:00:00-05:00,36.264170782747286,37.03364024217102,36.264170782747286,36.952030181884766,14877300,0.0,0.0
2006-11-01 00:00:00-05:00,36.84126622227216,37.09192691099685,36.462359909444544,36.74799728393555,8882000,0.0,0.0
2006-11-02 00:00:00-05:00,36.63141175181683,36.95202359884147,36.584776169271514,36.88207244873047,8152800,0.0,0.0
2006-11-03 00:00:00-05:00,36.882062092014905,37.01030768429538,36.78296261878735,36.95784378051758,5498300,0.0,0.0
2006-11-06 00:00:00-05:00,36.8587561226679,37.16188075014135,36.79463330597257,37.051124572753906,9449400,0.0,0.0
2006-11-07 00:00:00-05:00,37.051130338870024,37.52913181110862,36.96951805347049,37.371742248535156,7796600,0.0,0.0
2006-11-08 00:00:00-05:00,37.383405775949576,37.51165145280887,37.272649561021524,37.3309440612793,9745400,0.0,0.0
2006-11-09 00:00:00-05:00,37.226012921454,37.30762299095349,36.835447586939495,37.191036224365234,8202400,0.0,0.0
2006-11-10 00:00:00-05:00,37.28428209333498,37.30759987694757,36.92869367621483,37.132720947265625,6891900,0.0,0.0
2006-11-13 00:00:00-05:00,37.17355089719575,37.18520979682423,36.81213390354385,36.870426177978516,6033000,0.0,0.0
2006-11-14 00:00:00-05:00,36.82961536367506,36.95203045500924,36.573126283207145,36.84127426147461,7899400,0.0,0.0
2006-11-15 00:00:00-05:00,36.794639587402344,36.99866696841886,36.71302952447871,36.794639587402344,5559200,0.0,0.0
2006-11-16 00:00:00-05:00,36.88207626808128,37.19685981173889,36.72468449625248,37.027809143066406,4839600,0.0,0.0
2006-11-17 00:00:00-05:00,37.016149860613616,37.23183389070674,36.899563117098594,37.22600555419922,6249100,0.0,0.0
2006-11-20 00:00:00-05:00,37.24932848393988,37.29013351624065,37.09193669204798,37.12691116333008,4624800,0.0,0.0
2006-11-21 00:00:00-05:00,36.987017297732045,37.13857856330018,36.876258850097656,36.876258850097656,5114800,0.0,0.0
2006-11-22 00:00:00-05:00,36.88207901313059,37.09776306152344,36.759663922721735,37.09776306152344,4059300,0.0,0.0
2006-11-24 00:00:00-05:00,37.09777992868833,37.156074443750065,36.95787753995692,37.03365707397461,2288000,0.0,0.0
2006-11-27 00:00:00-05:00,36.82378639825612,36.92871425929051,36.45071054733716,36.63142013549805,7182900,0.0,0.0
2006-11-28 00:00:00-05:00,36.54981123406267,36.93454599552828,36.310809370481124,36.76549530029297,7145800,0.0,0.0
2006-11-29 00:00:00-05:00,36.69553809377022,36.864588761188585,36.485682399555294,36.84709930419922,5767900,0.0,0.0
2006-11-30 00:00:00-05:00,36.748001089217524,36.86458783013766,36.45070478868583,36.60226821899414,9011900,0.0,0.0
2006-12-01 00:00:00-05:00,36.73052140509179,36.7829853412789,36.26417654104396,36.543983459472656,6604400,0.0,0.0
2006-12-04 00:00:00-05:00,36.771318373449986,37.04529465355892,36.57894992003692,36.969512939453125,7083800,0.0,0.0
2006-12-05 00:00:00-05:00,36.969520168579926,37.28430375915113,36.89956900079995,37.0219841003418,6025100,0.0,0.0
2006-12-06 00:00:00-05:00,37.056962221086415,37.19686678573384,36.89374208208743,37.191036224365234,5547900,0.0,0.0
2006-12-07 00:00:00-05:00,37.27847685523333,37.330940789012665,37.121085053895335,37.191036224365234,6999200,0.0,0.0
2006-12-08 00:00:00-05:00,37.13273594513012,37.41254279037611,37.05695422963419,37.243492126464844,4695400,0.0,0.0
2006-12-11 00:00:00-05:00,37.132744732744435,37.32511101150344,37.074450236372265,37.231842041015625,3858400,0.0,0.0
2006-12-12 00:00:00-05:00,37.26096430972239,37.34257432866021,36.9869881352463,37.132720947265625,7022300,0.0,0.0
2006-12-13 00:00:00-05:00,37.15020994523194,37.278455537512414,36.870403199652465,36.95784378051758,6102100,0.0,0.0
2006-12-14 00:00:00-05:00,36.899557182840844,37.17936398805352,36.88789828799363,36.92870330810547,5850500,0.0,0.0
2006-12-15 00:00:00-05:00,37.01032530802396,37.44752174941648,36.94037192053864,37.371742248535156,11542200,0.0,0.0
2006-12-18 00:00:00-05:00,37.319264422671914,37.4649972654536,37.103582661699605,37.40087890625,5769300,0.0,0.0
2006-12-19 00:00:00-05:00,37.14439108397507,37.56992853334555,37.132732188639224,37.53495407104492,6102700,0.0,0.0
2006-12-20 00:00:00-05:00,37.482506691269,37.587434565654185,37.31928209423553,37.58160400390625,4477700,0.0,0.0
2006-12-21 00:00:00-05:00,37.48249433837067,37.59907885041409,37.26097753910851,37.336761474609375,6066400,0.0,0.0
2006-12-22 00:00:00-05:00,37.441699217939934,37.4533558932619,37.16189008864508,37.191036224365234,4390700,0.0,0.0
2006-12-26 00:00:00-05:00,37.115234896508525,37.46499278790128,37.07442988330291,37.41836166381836,4020000,0.0,0.0
2006-12-27 00:00:00-05:00,37.540783971886135,37.64571180436083,37.453343370254935,37.55244064331055,5246800,0.0,0.0
2006-12-28 00:00:00-05:00,37.40672103466039,37.66904293243665,37.37757712207324,37.587432861328125,3901900,0.0,0.0
2006-12-29 00:00:00-05:00,37.517473932766194,37.73316020169564,37.365910488453224,37.46500778198242,4421700,0.0,0.0
2007-01-03 00:00:00-05:00,37.144406037882604,37.692363220734165,37.132747137853016,37.62240982055664,9717900,0.0,0.0
2007-01-04 00:00:00-05:00,37.50580768284811,37.59907885041409,37.1618802591302,37.336761474609375,8711400,0.0,0.0
2007-01-05 00:00:00-05:00,37.231835467449855,37.3076171875,36.9228824742022,37.016151428222656,9907900,0.0,0.0
2007-01-08 00:00:00-05:00,37.068616929098575,37.17937312179601,36.85876121770775,37.09776306152344,11068200,0.0,0.0
2007-01-09 00:00:00-05:00,36.95204121395105,37.19104312916104,36.78882104464902,37.0045051574707,10823800,0.0,0.0
2007-01-10 00:00:00-05:00,36.88208288022142,37.49999118147022,36.87042398128756,37.44752502441406,8139400,0.0,0.0
2007-01-11 00:00:00-05:00,37.40090507549969,37.77398105826737,37.365926144516365,37.68070983886719,6593000,0.0,0.0
2007-01-12 00:00:00-05:00,37.54078690492001,37.89054489135742,37.54078690492001,37.89054489135742,7904200,0.0,0.0
2007-01-16 00:00:00-05:00,37.83808319472815,37.89054489135742,37.7273247941809,37.89054489135742,10397100,0.0,0.0
2007-01-17 00:00:00-05:00,38.195122239106134,38.49970170591113,37.98426090631086,38.282981872558594,11403700,0.31,0.0
2007-01-18 00:00:00-05:00,38.21855550733669,38.45284639652937,37.298967453955214,38.3884162902832,8679900,0.0,0.0
2007-01-19 00:00:00-05:00,38.4762886061219,38.83358132436669,38.388428935143445,38.710575103759766,9241500,0.0,0.0
2007-01-22 00:00:00-05:00,38.62856113794777,38.67542020944203,38.16584233030478,38.49384689331055,9324800,0.0,0.0
2007-01-23 00:00:00-05:00,38.65784850142371,38.65784850142371,38.24198430379199,38.44698715209961,5763600,0.0,0.0
2007-01-24 00:00:00-05:00,38.39427533079886,38.50556004146533,38.13069640098155,38.370845794677734,6366500,0.0,0.0
2007-01-25 00:00:00-05:00,38.2829813213826,38.359123952624294,37.884688195028865,38.02526092529297,6800500,0.0,0.0
2007-01-26 00:00:00-05:00,38.0721287139777,38.154129864478826,37.77926618540864,37.99012756347656,6829500,0.0,0.0
2007-01-29 00:00:00-05:00,38.20686136253792,38.39429327035651,37.97257036058239,38.001853942871094,9458300,0.0,0.0
2007-01-30 00:00:00-05:00,37.7265478239094,37.9491217058988,37.29896662547561,37.831974029541016,12003400,0.0,0.0
2007-01-31 00:00:00-05:00,37.77926705361311,38.165847745197496,37.54497613162812,37.99598693847656,8933600,0.0,0.0
2007-02-01 00:00:00-05:00,38.013543414252545,38.359118928541434,37.884683233085184,38.27125930786133,8122900,0.0,0.0
2007-02-02 00:00:00-05:00,38.411836488439874,38.44697854922154,38.12482809630313,38.27125930786133,6379400,0.0,0.0
2007-02-05 00:00:00-05:00,38.14240592776324,38.31812071114217,38.03111677018157,38.159976959228516,6368900,0.0,0.0
2007-02-06 00:00:00-05:00,38.159983054615886,38.22441315943093,37.76754839345289,37.831974029541016,8342400,0.0,0.0
2007-02-07 00:00:00-05:00,37.966699619618595,38.04284227150277,37.69140811620449,37.767555236816406,6747400,0.0,0.0
2007-02-08 00:00:00-05:00,37.55082854373619,37.925692170627244,37.544970042736566,37.831974029541016,5783700,0.0,0.0
2007-02-09 00:00:00-05:00,37.831979677560966,37.96669840830314,37.61526426421726,37.73826599121094,5252100,0.0,0.0
2007-02-12 00:00:00-05:00,37.69725947864332,37.8319737194419,37.52154019991043,37.580116271972656,8014100,0.0,0.0
2007-02-13 00:00:00-05:00,37.58012514200804,37.91984230902716,37.521549056120115,37.90227127075195,8843900,0.0,0.0
2007-02-14 00:00:00-05:00,37.98428289975203,38.11314317426404,37.84956859001979,38.001853942871094,5969000,0.0,0.0
2007-02-15 00:00:00-05:00,37.95497659546147,38.30641065364183,37.95497659546147,38.066261291503906,5174100,0.0,0.0
2007-02-16 00:00:00-05:00,38.007694170665346,38.36498677137787,37.95498106665548,38.11312484741211,8158200,0.0,0.0
2007-02-20 00:00:00-05:00,37.92571126644544,38.11314317426404,37.69727876843932,38.001853942871094,9201400,0.0,0.0
2007-02-21 00:00:00-05:00,37.92568695506854,38.06625967863933,37.67382507144413,37.89054489135742,5655600,0.0,0.0
2007-02-22 00:00:00-05:00,37.76755699815678,37.91398827542072,37.66798033338406,37.90227127075195,6321700,0.0,0.0
2007-02-23 00:00:00-05:00,37.94326815454319,38.03112780609096,37.75583631664745,37.966697692871094,5536700,0.0,0.0
2007-02-26 00:00:00-05:00,37.87298177033894,38.06626762984959,37.67383294068337,37.74412155151367,6545300,0.0,0.0
2007-02-27 00:00:00-05:00,37.66796918656221,37.913977055799464,35.87565231323242,35.87565231323242,16527200,0.0,0.0
2007-02-28 00:00:00-05:00,36.607803077509494,37.351673904168045,36.46137186519945,37.18767166137695,17275300,0.0,0.0
2007-03-01 00:00:00-05:00,36.75424106514399,37.55668586526806,36.75424106514399,37.29896545410156,11245000,0.0,0.0
2007-03-02 00:00:00-05:00,37.10567551894134,37.316536863157204,36.72495563354129,36.994388580322266,9275000,0.0,0.0
2007-03-05 00:00:00-05:00,36.80696525138953,37.25211534279409,36.701534554989834,36.777679443359375,9904800,0.0,0.0
2007-03-06 00:00:00-05:00,36.9006876819277,36.94168826726958,36.57853926808532,36.865543365478516,11971600,0.0,0.0
2007-03-07 00:00:00-05:00,36.783521536180004,36.92995275426541,36.326656850749735,36.36180114746094,10622400,0.0,0.0
2007-03-08 00:00:00-05:00,36.484817669851694,36.596104636477364,36.23881196156865,36.49653244018555,8996800,0.0,0.0
2007-03-09 00:00:00-05:00,36.549228193550064,36.72494518561888,36.31493738121646,36.408653259277344,9194400,0.0,0.0
2007-03-12 00:00:00-04:00,36.36767578125,36.549251387754815,36.303245655252674,36.36767578125,5979700,0.0,0.0
2007-03-13 00:00:00-04:00,36.168517951715174,36.38523557131015,35.8112253521029,35.82879638671875,11281200,0.0,0.0
2007-03-14 00:00:00-04:00,35.93422786350132,36.07480284664963,35.389503434642386,35.940086364746094,10522000,0.0,0.0
2007-03-15 00:00:00-04:00,36.057249848771434,36.34425399115548,35.87567420353329,36.26225280761719,12711000,0.0,0.0
2007-03-16 00:00:00-04:00,36.396958561661386,36.40867333217295,36.010380072235726,36.086524963378906,12357900,0.0,0.0
2007-03-19 00:00:00-04:00,36.150946588208406,36.40280850910722,36.14508808714742,36.3032341003418,5646600,0.0,0.0
2007-03-20 00:00:00-04:00,36.3032334559569,36.51409480313993,36.197802782365386,36.47895050048828,6516400,0.0,0.0
2007-03-21 00:00:00-04:00,36.51409041433027,36.900668759579915,36.40280348752133,36.87723922729492,8562700,0.0,0.0
2007-03-22 00:00:00-04:00,37.19354143358776,37.427832352111785,37.01782436187664,37.39854431152344,14690800,0.0,0.0
2007-03-23 00:00:00-04:00,37.211105247070684,37.47468192065405,37.16424841307995,37.3692512512207,7081600,0.0,0.0
2007-03-26 00:00:00-04:00,37.25211424539658,37.43954609250479,37.05882613060043,37.427833557128906,7491800,0.0,0.0
2007-03-27 00:00:00-04:00,37.22280959766481,37.345811266128266,36.9943772892719,37.058807373046875,8039100,0.0,0.0
2007-03-28 00:00:00-04:00,37.18181991705601,37.18181991705601,36.70152563216539,36.90652847290039,7296800,0.0,0.0
2007-03-29 00:00:00-04:00,37.18767814719933,37.19353441359339,36.84210033650164,37.05295944213867,5366300,0.0,0.0
2007-03-30 00:00:00-04:00,36.96510277903971,37.13496355458731,36.314947712495275,36.994388580322266,8527800,0.0,0.0
2007-04-02 00:00:00-04:00,37.02953328867907,37.105675925976286,36.695670234796076,36.91238784790039,6484000,0.0,0.0
2007-04-03 00:00:00-04:00,37.029537699304214,37.15839568858207,36.748389948565666,36.842105865478516,11410000,0.0,0.0
2007-04-04 00:00:00-04:00,36.95924032696029,37.04709995577855,36.81280910183863,36.929954528808594,9728200,0.0,0.0
2007-04-05 00:00:00-04:00,36.78938977645654,37.00610741097915,36.78938977645654,36.90067672729492,6453000,0.0,0.0
2007-04-09 00:00:00-04:00,36.91824297144139,37.13496281219923,36.795241267895605,37.05295944213867,7690700,0.0,0.0
2007-04-10 00:00:00-04:00,37.04124727931494,37.216964319615855,36.965102409251294,37.02367401123047,6554400,0.0,0.0
2007-04-11 00:00:00-04:00,37.023674955981235,37.02953345694668,36.754242005020345,36.924102783203125,9100200,0.0,0.0
2007-04-12 00:00:00-04:00,36.91824357240151,37.24625035489296,36.8421009362223,37.20524978637695,7570100,0.0,0.0
2007-04-13 00:00:00-04:00,37.205242545633816,37.205242545633816,36.98266647817569,37.12324142456055,6548000,0.0,0.0
2007-04-16 00:00:00-04:00,37.19353821524003,37.3692552717464,37.070536499121935,37.32825469970703,8574400,0.0,0.0
2007-04-17 00:00:00-04:00,37.2404017100207,37.533264250422754,37.211113668489396,37.427833557128906,12344700,0.0,0.0
2007-04-18 00:00:00-04:00,37.28138589752126,37.42781710334913,37.129096192217055,37.3458137512207,8303800,0.0,0.0
2007-04-19 00:00:00-04:00,37.35169175540654,37.59769747152798,37.19354570240648,37.263832092285156,8840500,0.0,0.0
2007-04-20 00:00:00-04:00,37.480540421379985,37.48639668774257,37.187677947257,37.3692512512207,18753200,0.0,0.0
2007-04-23 00:00:00-04:00,37.36925601930281,37.4864014707717,37.22282476355761,37.269683837890625,6754000,0.0,0.0
2007-04-24 00:00:00-04:00,37.18182344689112,37.33411320106328,36.765959225141216,37.32825469970703,10107400,0.0,0.0
2007-04-25 00:00:00-04:00,37.3105977872327,37.54618257659057,37.298820569797556,37.41661071777344,7323400,0.35,0.0
2007-04-26 00:00:00-04:00,37.25757742303874,37.38714923351917,37.05733110079728,37.09856033325195,9165200,0.0,0.0
2007-04-27 00:00:00-04:00,37.05145488522581,37.22814234706831,36.87476742338331,37.092681884765625,9744800,0.0,0.0
2007-04-30 00:00:00-04:00,37.316489809761606,38.135143495994626,37.31059895415673,37.92900848388672,19243300,0.0,0.0
2007-05-01 00:00:00-04:00,37.22812670494051,37.251685622408225,36.88653138846672,37.08088684082031,18845800,0.0,0.0
2007-05-02 00:00:00-04:00,37.228128306796314,37.228128306796314,36.69806612117727,36.733402252197266,19498800,0.0,0.0
2007-05-03 00:00:00-04:00,36.886528918010065,36.927755897466405,36.42125043934357,36.51548385620117,17770600,0.0,0.0
2007-05-04 00:00:00-04:00,36.66271697886245,36.79228874576434,36.36823732441375,36.75695037841797,12431700,0.0,0.0
2007-05-07 00:00:00-04:00,36.87475852864838,36.9807714295226,36.51549283643047,36.62150573730469,12124700,0.0,0.0
2007-05-08 00:00:00-04:00,36.41536964242052,36.49782361901414,36.221011914704974,36.36825180053711,16578900,0.0,0.0
2007-05-09 00:00:00-04:00,36.221001640732034,36.67450063006574,36.17388381221345,36.52136993408203,10520000,0.0,0.0
2007-05-10 00:00:00-04:00,36.52137919915841,36.54493811939435,35.950089987001824,36.21512222290039,14107600,0.0,0.0
2007-05-11 00:00:00-04:00,36.32113771913823,36.42715062764953,36.17389781806171,36.30936050415039,8479000,0.0,0.0
2007-05-14 00:00:00-04:00,36.3682540059265,36.456598841464,36.25635249472116,36.3505859375,8754800,0.0,0.0
2007-05-15 00:00:00-04:00,36.35058578054844,37.039667406636696,36.35058578054844,36.55672073364258,14855900,0.0,0.0
2007-05-16 00:00:00-04:00,36.69217263164457,37.463710306205115,36.580271146951866,37.292911529541016,15809800,0.0,0.0
2007-05-17 00:00:00-04:00,37.13389793716357,37.451936622743446,36.963099134163,37.322364807128906,10088800,0.0,0.0
2007-05-18 00:00:00-04:00,37.39892927071677,37.94666180040203,37.2516893916982,37.387149810791016,16434000,0.0,0.0
2007-05-21 00:00:00-04:00,37.28112631346491,37.37535971936381,37.1103275631789,37.263458251953125,9699500,0.0,0.0
2007-05-22 00:00:00-04:00,37.11034264785768,37.292920928933505,36.98666167359786,37.104454040527344,9681300,0.0,0.0
2007-05-23 00:00:00-04:00,37.12212216013484,37.35770689431692,37.11623355279643,37.16334915161133,7685800,0.0,0.0
2007-05-24 00:00:00-04:00,37.316488131780865,37.34004705973474,37.00434019985268,37.027896881103516,8971500,0.0,0.0
2007-05-25 00:00:00-04:00,37.28113314589186,37.33413958684321,37.01610094113511,37.08088684082031,9440800,0.0,0.0
2007-05-29 00:00:00-04:00,37.05143182758633,37.58149612995014,37.04554322276076,37.48726272583008,9891900,0.0,0.0
2007-05-30 00:00:00-04:00,37.34004576932023,37.60507583618164,37.23992145232793,37.60507583618164,10316200,0.0,0.0
2007-05-31 00:00:00-04:00,37.54617141851095,37.6462934638765,37.29291863155971,37.42837905883789,8615300,0.0,0.0
2007-06-01 00:00:00-04:00,37.428376797180036,37.56383721627285,37.08089059282812,37.387149810791016,9025800,0.0,0.0
2007-06-04 00:00:00-04:00,37.37539287839473,37.39895181244608,37.01612699757424,37.216373443603516,11481300,0.0,0.0
2007-06-05 00:00:00-04:00,37.157467013028,37.53440085597782,37.13979894123439,37.37538146972656,13480400,0.0,0.0
2007-06-06 00:00:00-04:00,37.31060693310531,37.45784690087085,37.20459397657784,37.216373443603516,9903700,0.0,0.0
2007-06-07 00:00:00-04:00,36.87475156922472,36.96309413881193,36.58616044982168,36.70395278930664,21180400,0.0,0.0
2007-06-08 00:00:00-04:00,36.727511179676384,37.22223720105459,36.62149830033091,37.14567184448242,15468500,0.0,0.0
2007-06-11 00:00:00-04:00,36.986659799196275,37.228133128148244,36.95721227063187,37.1338996887207,8119600,0.0,0.0
2007-06-12 00:00:00-04:00,36.9277608041171,37.104448203364115,36.60972213745117,36.60972213745117,10403400,0.0,0.0
2007-06-13 00:00:00-04:00,36.68628666193656,36.99843446835785,36.527267332240214,36.733402252197266,15511000,0.0,0.0
2007-06-14 00:00:00-04:00,36.68627717578199,36.86885313004805,36.574373465281845,36.762840270996094,11103000,0.0,0.0
2007-06-15 00:00:00-04:00,36.90420655491146,36.98666053521355,36.66273322115429,36.851200103759766,17155500,0.0,0.0
2007-06-18 00:00:00-04:00,36.80996792677659,36.80996792677659,36.3505802459951,36.380027770996094,15244900,0.0,0.0
2007-06-19 00:00:00-04:00,36.40360006949487,36.46249514114321,35.985436972660956,36.409488677978516,19293000,0.0,0.0
2007-06-20 00:00:00-04:00,36.40948142358713,36.804085514457796,36.40948142358713,36.48015594482422,18520400,0.0,0.0
2007-06-21 00:00:00-04:00,36.53316681931351,36.751083510116295,36.279913986966434,36.44482421875,13153300,0.0,0.0
2007-06-22 00:00:00-04:00,36.444796206802614,36.49780262508041,35.92062287422281,35.94417953491211,19720000,0.0,0.0
2007-06-25 00:00:00-04:00,35.98541002064651,36.23866268312092,35.83817020510098,35.9736328125,11690800,0.0,0.0
2007-06-26 00:00:00-04:00,36.04432011312338,36.27401394758692,35.92063916328949,36.038429260253906,14784000,0.0,0.0
2007-06-27 00:00:00-04:00,36.01486353169978,36.18566002802634,35.873512305507205,36.179771423339844,10475800,0.0,0.0
2007-06-28 00:00:00-04:00,36.27991795320931,36.39771034687424,35.95599055565804,36.13856887817383,9235900,0.0,0.0
2007-06-29 00:00:00-04:00,36.19155998103099,36.3387998489386,35.785176507716656,36.038429260253906,11984900,0.0,0.0
2007-07-02 00:00:00-04:00,36.132662016352086,36.39769422301548,36.132662016352086,36.36235809326172,9868700,0.0,0.0
2007-07-03 00:00:00-04:00,36.19155744526294,36.45658963826752,36.19155744526294,36.39180374145508,5091700,0.0,0.0
2007-07-05 00:00:00-04:00,36.47425956307521,36.47425956307521,36.162111768001296,36.321128845214844,11880600,0.0,0.0
2007-07-06 00:00:00-04:00,36.221015606691054,36.29758098420469,36.1326707675059,36.20923614501953,8197100,0.0,0.0
2007-07-09 00:00:00-04:00,36.20922916713449,36.321130661395564,36.168002182580295,36.2327880859375,12073500,0.0,0.0
2007-07-10 00:00:00-04:00,36.24454998738663,36.33878337024703,35.932400081216926,35.94417953491211,12677700,0.0,0.0
2007-07-11 00:00:00-04:00,35.961871689740846,36.32113513558263,35.8617473958454,36.256351470947266,12056600,0.0,0.0
2007-07-12 00:00:00-04:00,36.26224317442833,37.09856699275289,36.25635456685045,37.063228607177734,17559900,0.0,0.0
2007-07-13 00:00:00-04:00,36.86298214392735,37.10445549457952,36.66273578631072,36.90420913696289,12006400,0.0,0.0
2007-07-16 00:00:00-04:00,36.72752000410572,37.39893357014458,36.633286560568735,37.19279861450195,12873100,0.0,0.0
2007-07-17 00:00:00-04:00,37.12801090681077,37.37537284162954,36.915985107421875,36.915985107421875,13777400,0.0,0.0
2007-07-18 00:00:00-04:00,36.95745073808158,37.30096432131162,36.732388712250334,37.06998062133789,11066000,0.35,0.0
2007-07-19 00:00:00-04:00,37.004823479421155,37.38979774162875,37.004823479421155,37.18842697143555,8714300,0.0,0.0
2007-07-20 00:00:00-04:00,36.86267603530044,37.247647989105275,36.779756809295904,36.80937194824219,12207800,0.0,0.0
2007-07-23 00:00:00-04:00,36.89229203822582,37.73330963932554,36.89229203822582,37.5141716003418,9577000,0.0,0.0
2007-07-24 00:00:00-04:00,37.05813980531654,38.13014144988739,37.046294196181314,37.28912353515625,14793500,0.0,0.0
2007-07-25 00:00:00-04:00,37.265416099436436,37.6503903211792,37.069969282058466,37.30095291137695,13581900,0.0,0.0
2007-07-26 00:00:00-04:00,36.91005153535307,37.792529696606,36.89820593313223,37.05219650268555,22062300,0.0,0.0
2007-07-27 00:00:00-04:00,36.92783731728034,37.555640993734826,36.89822442654505,37.20620346069336,16874600,0.0,0.0
2007-07-30 00:00:00-04:00,37.022589524167685,37.632625746695254,36.75014739101764,37.472713470458984,14882700,0.0,0.0
2007-07-31 00:00:00-04:00,37.34832785586998,37.42532087736194,36.56653622411743,36.63760757446289,15470800,0.0,0.0
2007-08-01 00:00:00-04:00,36.43624529233727,37.60301133865781,36.42439968798724,37.407562255859375,14824200,0.0,0.0
2007-08-02 00:00:00-04:00,37.34243085119278,37.66225554733342,37.09960149137913,37.49049758911133,11878500,0.0,0.0
2007-08-03 00:00:00-04:00,37.46086393973652,37.7155387686098,36.92190140267587,37.24172592163086,20336700,0.0,0.0
2007-08-06 00:00:00-04:00,37.31281497661884,38.49734878540039,37.28320208326309,38.49734878540039,18583700,0.0,0.0
2007-08-07 00:00:00-04:00,38.041293459945614,38.96522809830271,38.041293459945614,38.63356018066406,19227700,0.0,0.0
2007-08-08 00:00:00-04:00,38.704633481914364,38.9415410995554,38.260433393326274,38.592105865478516,13785200,0.0,0.0
2007-08-09 00:00:00-04:00,37.911000504510156,39.53381032999098,37.905076571077494,38.479576110839844,19540900,0.0,0.0
2007-08-10 00:00:00-04:00,38.08866066811292,39.024442908552416,38.070893394462274,38.728309631347656,17234900,0.0,0.0
2007-08-13 00:00:00-04:00,38.61578807227445,38.73424412664566,37.910993752970576,38.07090377807617,15379400,0.0,0.0
2007-08-14 00:00:00-04:00,38.041292207153546,38.171587085766035,37.62078113221004,37.739234924316406,10928800,0.0,0.0
2007-08-15 00:00:00-04:00,37.87546544621711,38.37889362346903,37.51418230682845,37.59709930419922,12162400,0.0,0.0
2007-08-16 00:00:00-04:00,37.034443699088115,38.37296798355936,37.034443699088115,37.92284393310547,22611500,0.0,0.0
2007-08-17 00:00:00-04:00,38.438102205977785,38.763846116002036,38.00574561145088,38.704620361328125,19957300,0.0,0.0
2007-08-20 00:00:00-04:00,38.586182370178896,38.97115668838356,38.33150746908692,38.503265380859375,9519000,0.0,0.0
2007-08-21 00:00:00-04:00,38.290037596073276,38.48548666366222,38.02943883928802,38.17750549316406,9745800,0.0,0.0
2007-08-22 00:00:00-04:00,38.42624732843332,38.562470606085114,38.13603802046945,38.34333038330078,9600400,0.0,0.0
2007-08-23 00:00:00-04:00,38.49140384542061,38.60393594180742,38.22488569134551,38.521018981933594,10711600,0.0,0.0
2007-08-24 00:00:00-04:00,38.68094963507122,39.06000008803223,38.55657412881569,39.04815673828125,8496800,0.0,0.0
2007-08-27 00:00:00-04:00,38.89415446510737,38.9356129548122,38.444035010779615,38.63356018066406,7794300,0.0,0.0
2007-08-28 00:00:00-04:00,38.58617911695842,38.72239793708281,38.02352300128573,38.31965637207031,10828200,0.0,0.0
2007-08-29 00:00:00-04:00,38.43219323989356,38.6513335880163,38.20120954367857,38.568416595458984,8875500,0.0,0.0
2007-08-30 00:00:00-04:00,38.384809311376465,38.6809427071282,38.20713198510764,38.503265380859375,8297200,0.0,0.0
2007-08-31 00:00:00-04:00,38.57433433265758,38.85862437951741,38.42626763543907,38.68094253540039,8392900,0.0,0.0
2007-09-04 00:00:00-04:00,38.521031765986706,38.81716515485317,38.43219084559938,38.763858795166016,8808600,0.0,0.0
2007-09-05 00:00:00-04:00,38.72238916286592,38.88230367729063,38.45587099700557,38.769771575927734,8978200,0.0,0.0
2007-09-06 00:00:00-04:00,38.58024390030669,39.25542742672574,38.550628764435466,39.15474319458008,11114600,0.0,0.0
2007-09-07 00:00:00-04:00,38.905995178369885,39.28504544846284,38.7342373186972,38.77569580078125,11491200,0.0,0.0
2007-09-10 00:00:00-04:00,38.823083993050254,39.14882796687346,38.75201036234009,39.03037643432617,8823000,0.0,0.0
2007-09-11 00:00:00-04:00,39.26134907164445,39.68185776844702,39.000750350783974,39.675933837890625,12452300,0.0,0.0
2007-09-12 00:00:00-04:00,39.62264388432135,39.91877723993117,39.40942750679137,39.86547088623047,9591100,0.0,0.0
2007-09-13 00:00:00-04:00,39.87139820043406,40.108305808743594,39.776637868292326,39.954315185546875,8547100,0.0,0.0
2007-09-14 00:00:00-04:00,39.68187499493699,40.18530086353341,39.64634043344268,40.1616096496582,8319800,0.0,0.0
2007-09-17 00:00:00-04:00,39.97207994387974,40.44589513060947,39.835861127774585,40.24452209472656,10281900,0.0,0.0
2007-09-18 00:00:00-04:00,40.445896215709865,40.90786354991514,40.20898861598914,40.6768798828125,15487900,0.0,0.0
2007-09-19 00:00:00-04:00,40.836787606064725,40.86640274884453,40.333361809262755,40.742027282714844,15034600,0.0,0.0
2007-09-20 00:00:00-04:00,40.56434690215108,41.05592937045969,40.54065569081418,40.85456085205078,9045200,0.0,0.0
2007-09-21 00:00:00-04:00,41.26321552722299,41.423130049695196,40.85455462024745,41.097381591796875,16085200,0.0,0.0
2007-09-24 00:00:00-04:00,41.05592379682283,41.45866529760212,40.925624411477195,41.340213775634766,11617600,0.0,0.0
2007-09-25 00:00:00-04:00,41.10332043861513,41.660048206904094,41.10332043861513,41.36983871459961,9845200,0.0,0.0
2007-09-26 00:00:00-04:00,41.40537915364626,41.89103780750888,41.257312435777926,41.760738372802734,10491400,0.0,0.0
2007-09-27 00:00:00-04:00,41.76073393471095,41.84365092641426,41.357992324164655,41.51790237426758,8618800,0.0,0.0
2007-09-28 00:00:00-04:00,41.42904295954461,41.74886743565044,41.40535627417541,41.66002655029297,9747600,0.0,0.0
2007-10-01 00:00:00-04:00,41.719253651289485,42.05092144489169,41.695562449084356,41.99761962890625,11500200,0.0,0.0
2007-10-02 00:00:00-04:00,41.962087012716964,42.050927904975694,41.6659537176115,41.89101791381836,9366500,0.0,0.0
2007-10-03 00:00:00-04:00,41.88511266193818,41.973953593816745,41.59490316852986,41.70151138305664,8697700,0.0,0.0
2007-10-04 00:00:00-04:00,41.57712539112602,42.092399107048465,41.57712539112602,41.95025634765625,11694600,0.0,0.0
2007-10-05 00:00:00-04:00,41.99171484075551,42.2404657993511,41.80218965535361,41.95025634765625,10286200,0.0,0.0
2007-10-08 00:00:00-04:00,41.488283427928856,42.00355255612747,41.488283427928856,41.87917709350586,6046800,0.0,0.0
2007-10-09 00:00:00-04:00,42.15754959631541,42.258233864478775,41.75480800502501,42.098323822021484,8256800,0.0,0.0
2007-10-10 00:00:00-04:00,42.13979033244299,42.495149564445995,42.12794246414814,42.28785705566406,7719800,0.0,0.0
2007-10-11 00:00:00-04:00,42.43590035591376,42.631349407158346,42.29375764529738,42.5069694519043,9204200,0.0,0.0
2007-10-12 00:00:00-04:00,42.601742275383565,42.643200762045666,42.40629318741818,42.465518951416016,8210600,0.0,0.0
2007-10-15 00:00:00-04:00,42.435904229949735,42.583970884960976,41.85548095410594,42.05093002319336,8233500,0.0,0.0
2007-10-16 00:00:00-04:00,42.03910462079415,42.37669655755468,41.77850575079036,41.944339752197266,9637700,0.0,0.0
2007-10-17 00:00:00-04:00,42.04550548105292,42.16454530064758,41.84313687952639,42.015743255615234,11854600,0.35,0.0
2007-10-18 00:00:00-04:00,41.99194200692947,42.259783891217104,41.96217977930712,42.20026397705078,8079900,0.0,0.0
2007-10-19 00:00:00-04:00,42.25979455808674,42.57525426976452,42.02766365549065,42.14075469970703,15979700,0.0,0.0
2007-10-22 00:00:00-04:00,42.02171021708655,42.331221113988484,41.96814364324555,42.29550552368164,9040800,0.0,0.0
2007-10-23 00:00:00-04:00,42.36096442572871,42.47405543132499,42.04550482177903,42.41453552246094,7704700,0.0,0.0
2007-10-24 00:00:00-04:00,42.35503132650756,42.5514466445175,42.039567064448676,42.4859733581543,10096300,0.0,0.0
2007-10-25 00:00:00-04:00,42.38478033639556,42.664528949700674,42.34311593916365,42.468109130859375,10406100,0.0,0.0
2007-10-26 00:00:00-04:00,42.616917484164894,42.71215300107268,42.331220015600316,42.706199645996094,9320000,0.0,0.0
2007-10-29 00:00:00-04:00,42.82524825255426,42.96810155710855,42.616926193096305,42.75382614135742,11479700,0.0,0.0
2007-10-30 00:00:00-04:00,41.3848337316031,41.60506244462436,40.41464580552826,41.03961181640625,25799200,0.0,0.0
2007-10-31 00:00:00-04:00,41.277687613945766,41.59910058572399,41.093174525751635,41.37887191772461,14144500,0.0,0.0
2007-11-01 00:00:00-04:00,41.20032445362392,41.57530409517222,40.825340270996094,40.825340270996094,15104800,0.0,0.0
2007-11-02 00:00:00-04:00,41.099139590675875,41.52173698665457,40.986048547709935,41.39674377441406,11447900,0.0,0.0
2007-11-05 00:00:00-05:00,41.30150953117295,42.21217763495794,41.29555617581211,41.771724700927734,12740000,0.0,0.0
2007-11-06 00:00:00-05:00,41.90267153187534,42.04552027386279,41.706251673467825,41.9443359375,8733700,0.0,0.0
2007-11-07 00:00:00-05:00,41.92647383071391,42.24788685553956,41.20627233735749,41.319358825683594,11873500,0.0,0.0
2007-11-08 00:00:00-05:00,41.52174434053536,42.271703746803055,41.12890456870729,42.16456604003906,14437100,0.0,0.0
2007-11-09 00:00:00-05:00,41.99195748804519,42.25979947107775,41.84315537723153,41.91457748413086,11899000,0.0,0.0
2007-11-12 00:00:00-05:00,41.92647897650823,42.54549622536022,41.87290786192285,42.122894287109375,10793800,0.0,0.0
2007-11-13 00:00:00-05:00,42.41455832369292,42.712162569077364,42.122902893638276,42.59907150268555,12264600,0.0,0.0
2007-11-14 00:00:00-05:00,42.84310424913043,43.00380852512843,42.37883786507869,42.58121109008789,11907300,0.0,0.0
2007-11-15 00:00:00-05:00,42.49788631371471,43.146661376180944,42.444315189236775,42.75382614135742,11440000,0.0,0.0
2007-11-16 00:00:00-05:00,43.12878943459765,43.5990044990389,42.94427632945335,43.56329345703125,15145900,0.0,0.0
2007-11-19 00:00:00-05:00,43.372837034529866,43.62282346858857,43.021661722902955,43.343074798583984,11337900,0.0,0.0
2007-11-20 00:00:00-05:00,43.43829235297081,43.95612053202991,43.128781575046105,43.57518768310547,12771000,0.0,0.0
2007-11-21 00:00:00-05:00,43.47996929542572,43.926375532376376,42.90856531597929,43.0097541809082,10381700,0.0,0.0
2007-11-23 00:00:00-05:00,43.37878067783324,43.402589555535855,43.03356330384314,43.366878509521484,4592500,0.0,0.0
2007-11-26 00:00:00-05:00,43.45019962824273,43.77756596242108,42.80737366717158,42.968082427978516,13661100,0.0,0.0
2007-11-27 00:00:00-05:00,43.27759007852036,43.81923175029329,43.01569700284304,43.5275764465332,13090300,0.0,0.0
2007-11-28 00:00:00-05:00,43.444264201891606,44.0692349010071,43.164515499260474,43.991859436035156,13638700,0.0,0.0
2007-11-29 00:00:00-05:00,43.9382733311677,44.22397529247921,43.658524723925645,44.13469314575195,7878900,0.0,0.0
2007-11-30 00:00:00-05:00,44.4025380408743,44.4025380408743,43.65852766974343,44.045413970947266,13784500,0.0,0.0
2007-12-03 00:00:00-05:00,44.045410361718616,44.19421242375145,43.581148654748745,43.759708404541016,9036200,0.0,0.0
2007-12-04 00:00:00-05:00,43.58709932422621,43.92636782312257,43.47400831090133,43.62281036376953,9185600,0.0,0.0
2007-12-05 00:00:00-05:00,43.837096294979986,44.09303606951262,43.396643383370126,43.93232727050781,9682600,0.0,0.0
2007-12-06 00:00:00-05:00,43.914473115187384,44.188268422347974,43.74186214176624,44.152557373046875,8469600,0.0,0.0
2007-12-07 00:00:00-05:00,44.18826627237325,44.53348820241881,44.08112858860322,44.116844177246094,7692200,0.0,0.0
2007-12-10 00:00:00-05:00,44.14658580876845,44.40252548571167,44.09301925691127,44.2418212890625,6521600,0.0,0.0
2007-12-11 00:00:00-05:00,44.39659399942613,44.5870650538263,43.902574460585306,43.95018768310547,13287400,0.0,0.0
2007-12-12 00:00:00-05:00,44.43231550993963,44.74777528891147,44.182329029367274,44.444217681884766,13647300,0.0,0.0
2007-12-13 00:00:00-05:00,44.31325454598605,44.6406209158001,44.10493255659474,44.28349685668945,10568700,0.0,0.0
2007-12-14 00:00:00-05:00,44.26565338741762,44.34302884995087,43.95614245512456,43.985904693603516,13648100,0.0,0.0
2007-12-17 00:00:00-05:00,43.88469570818813,44.009688865674725,43.503758342081746,43.593040466308594,13268800,0.0,0.0
2007-12-18 00:00:00-05:00,43.83707924902952,43.83707924902952,43.164491162493825,43.354957580566406,10732100,0.0,0.0
2007-12-19 00:00:00-05:00,43.319264317514794,43.81924170823904,43.24784221961095,43.43830871582031,8169000,0.0,0.0
2007-12-20 00:00:00-05:00,43.67637993708167,43.74185320814808,43.45020243590225,43.56329345703125,7362200,0.0,0.0
2007-12-21 00:00:00-05:00,43.69425191817881,44.241842570035814,43.65258296969855,44.093040466308594,16176800,0.0,0.0
2007-12-24 00:00:00-05:00,44.063271158872105,44.30730874954553,43.86685132360995,44.00970458984375,2827000,0.0,0.0
2007-12-26 00:00:00-05:00,43.98588889337237,44.164448636865345,43.908508917554855,44.069217681884766,6433800,0.0,0.0
2007-12-27 00:00:00-05:00,43.926375752792424,44.20017103456654,43.819238073743506,43.979942321777344,6901300,0.0,0.0
2007-12-28 00:00:00-05:00,44.08112664813935,44.33706640693013,43.93827792309399,44.194217681884766,6637900,0.0,0.0
2007-12-31 00:00:00-05:00,44.19421160981476,44.20016496368842,43.58710120597668,43.70018768310547,7996700,0.0,0.0
2008-01-02 00:00:00-05:00,43.80138633003956,43.80138633003956,42.777631641532956,43.039520263671875,12255300,0.0,0.0
2008-01-03 00:00:00-05:00,43.09904473973432,43.6466354073011,42.855007102902185,43.039520263671875,11162800,0.0,0.0
2008-01-04 00:00:00-05:00,42.676434916106786,43.444254197228396,42.676434916106786,42.86690139770508,10049000,0.0,0.0
2008-01-07 00:00:00-05:00,42.99785393502546,43.25379373099322,42.795485256905714,43.14665603637695,11916000,0.0,0.0
2008-01-08 00:00:00-05:00,43.271644905652686,43.93232653250868,42.85500088019363,43.259742736816406,17169100,0.0,0.0
2008-01-09 00:00:00-05:00,43.17639923095703,43.80731840928705,42.890697324290414,43.17639923095703,14875400,0.0,0.0
2008-01-10 00:00:00-05:00,42.896682667135494,43.360944638245975,42.896682667135494,43.14072036743164,13039700,0.0,0.0
2008-01-11 00:00:00-05:00,43.03356811372841,43.03356811372841,41.670540365191535,41.771724700927734,18046500,0.0,0.0
2008-01-14 00:00:00-05:00,42.15265605568797,42.194320459424816,41.670538735150274,41.837196350097656,13145800,0.0,0.0
2008-01-15 00:00:00-05:00,41.66458728257593,42.134802455408845,41.206278820542636,41.48602294921875,12660600,0.0,0.0
2008-01-16 00:00:00-05:00,41.42619264155719,41.85092273323508,41.13904879270629,41.18092346191406,14936800,0.35,0.0
2008-01-17 00:00:00-05:00,41.246731516917706,41.55182103275834,40.588698975376765,40.720306396484375,15130900,0.0,0.0
2008-01-18 00:00:00-05:00,40.91771768445785,41.06727074283379,39.900754149103136,40.169952392578125,17975000,0.0,0.0
2008-01-22 00:00:00-05:00,38.39923540679933,39.44012316247753,37.57370208602149,38.961551666259766,25636100,0.0,0.0
2008-01-23 00:00:00-05:00,37.53183915264279,39.78111630346609,37.53183915264279,39.625579833984375,18489400,0.0,0.0
2008-01-24 00:00:00-05:00,39.864854220238584,39.94860354962594,39.093160058886895,39.57173156738281,12026900,0.0,0.0
2008-01-25 00:00:00-05:00,39.978521842032954,39.978521842032954,39.057274519703064,39.069236755371094,13000400,0.0,0.0
2008-01-28 00:00:00-05:00,39.20085499649781,39.302550001757,38.823982854891234,39.05728530883789,12868600,0.0,0.0
2008-01-29 00:00:00-05:00,39.22477994508501,39.242725583669994,38.67442572982321,38.6923713684082,12683500,0.0,0.0
2008-01-30 00:00:00-05:00,38.7043273080705,39.44013031830661,38.644507001188785,38.93762969970703,12264900,0.0,0.0
2008-01-31 00:00:00-05:00,38.15995977846595,39.452095858526434,38.15397637807755,39.13504409790039,19878500,0.0,0.0
2008-02-01 00:00:00-05:00,39.57173742066914,39.88878915224629,39.14700731195287,39.51191711425781,12166500,0.0,0.0
2008-02-04 00:00:00-05:00,39.81699615658976,40.09217317657626,39.57173156738281,39.57173156738281,10343000,0.0,0.0
2008-02-05 00:00:00-05:00,39.51789691584649,39.667449967528015,38.87183120121999,38.90772247314453,14270600,0.0,0.0
2008-02-06 00:00:00-05:00,38.895754672205385,39.15896949687016,38.770130659705416,39.069236755371094,13839800,0.0,0.0
2008-02-07 00:00:00-05:00,38.93165422411306,39.68539837107483,38.93165422411306,39.344417572021484,16197800,0.0,0.0
2008-02-08 00:00:00-05:00,39.21282360929365,39.332464260532454,38.79407220196125,38.89576721191406,9271000,0.0,0.0
2008-02-11 00:00:00-05:00,38.829960702996075,39.49995552558649,38.722282311651554,39.48200988769531,10332800,0.0,0.0
2008-02-12 00:00:00-05:00,39.73924446698954,40.31951114568465,39.52987106849073,40.175941467285156,11107400,0.0,0.0
2008-02-13 00:00:00-05:00,40.313525509459325,40.52289889634972,39.94263224982667,40.080223083496094,11051700,0.0,0.0
2008-02-14 00:00:00-05:00,40.163980135094995,40.34942451845027,39.63755486660345,39.858890533447266,10952100,0.0,0.0
2008-02-15 00:00:00-05:00,39.858890387109,40.020410290211196,39.571750992258146,39.66148376464844,11755100,0.0,0.0
2008-02-19 00:00:00-05:00,40.03834701259294,40.03834701259294,39.54182973810721,39.66745376586914,10404000,0.0,0.0
2008-02-20 00:00:00-05:00,39.571743664528604,39.619601742807724,39.25469188292519,39.58370590209961,10843400,0.0,0.0
2008-02-21 00:00:00-05:00,39.64352080004154,39.67941663584392,39.35638149760404,39.45807647705078,11931400,0.0,0.0
2008-02-22 00:00:00-05:00,39.59566944676255,39.72129346891397,39.09316879415967,39.60763168334961,11139700,0.0,0.0
2008-02-25 00:00:00-05:00,39.553804103278814,40.18790776391029,39.51192941935029,39.88880157470703,11879700,0.0,0.0
2008-02-26 00:00:00-05:00,39.78110522623669,40.630565325182204,39.69137249713767,40.486995697021484,11259700,0.0,0.0
2008-02-27 00:00:00-05:00,40.163977825550084,40.46308400808412,40.086211861130565,40.20585250854492,11769800,0.0,0.0
2008-02-28 00:00:00-05:00,39.9366471058696,40.14003705987107,39.846914364517325,40.06227111816406,11149300,0.0,0.0
2008-02-29 00:00:00-05:00,39.811031361546775,40.05629603724974,39.50594180318663,39.589691162109375,14640200,0.0,0.0
2008-03-03 00:00:00-05:00,39.57173892973401,39.71530858339556,39.200845713444906,39.69137954711914,11568500,0.0,0.0
2008-03-04 00:00:00-05:00,39.45209224384966,39.631557727080455,39.20084421852401,39.51191711425781,16500300,0.0,0.0
2008-03-05 00:00:00-05:00,39.655503550710336,40.17595002121461,39.511933841743165,39.9007682800293,11694500,0.0,0.0
2008-03-06 00:00:00-05:00,39.78111453050318,40.01441694232921,39.673436143199076,39.7870979309082,9957900,0.0,0.0
2008-03-07 00:00:00-05:00,39.55380494937303,39.68540784167905,39.284606634932736,39.36237716674805,13753900,0.0,0.0
2008-03-10 00:00:00-04:00,39.33245272670213,39.434147706833954,39.230757746570305,39.338436126708984,13774100,0.0,0.0
2008-03-11 00:00:00-04:00,39.368343221377785,39.930664146998026,39.368343221377785,39.876827239990234,14169500,0.0,0.0
2008-03-12 00:00:00-04:00,39.86486305745342,40.45709189340498,39.86486305745342,40.104148864746094,9641200,0.0,0.0
2008-03-13 00:00:00-04:00,39.98449371765668,40.45708181422334,39.83494069585696,40.29556655883789,16206400,0.0,0.0
2008-03-14 00:00:00-04:00,40.504953075796976,40.504953075796976,39.4820106210229,39.924686431884766,19283500,0.0,0.0
2008-03-17 00:00:00-04:00,39.482005667029796,40.46905672150493,39.482005667029796,40.110130310058594,17066600,0.0,0.0
2008-03-18 00:00:00-04:00,40.5587702249445,41.001445770263665,40.169931562004315,41.00144577026367,14680900,0.0,0.0
2008-03-19 00:00:00-04:00,41.12111503384143,41.204864396444115,40.54683173428099,40.56477737426758,15093900,0.0,0.0
2008-03-20 00:00:00-04:00,40.97155613362977,41.509948076804385,40.678433406122544,41.49798583984375,16523000,0.0,0.0
2008-03-24 00:00:00-04:00,41.69539844664709,41.87486397499626,41.31254291256696,41.85691833496094,10100000,0.0,0.0
2008-03-25 00:00:00-04:00,41.86289287501434,41.86289287501434,41.468070621819,41.59967803955078,10581200,0.0,0.0
2008-03-26 00:00:00-04:00,41.468076184568666,41.815040411678446,41.31253970965779,41.65950393676758,8431200,0.0,0.0
2008-03-27 00:00:00-04:00,41.689421799646176,41.934686499678314,41.4680815782528,41.52192306518555,11899700,0.0,0.0
2008-03-28 00:00:00-04:00,41.60565966308736,41.89878235843021,41.497981286267986,41.53985595703125,7432200,0.0,0.0
2008-03-31 00:00:00-04:00,41.6116546190003,41.98254796372578,41.216836793710605,41.916744232177734,13745600,0.0,0.0
2008-04-01 00:00:00-04:00,42.12012752073777,42.59271119098046,41.785125550797034,42.556819915771484,11590300,0.0,0.0
2008-04-02 00:00:00-04:00,42.50896605559974,42.55084073549586,42.03637777448766,42.16200637817383,10209400,0.0,0.0
2008-04-03 00:00:00-04:00,41.99450504291277,42.2337908951341,41.74325695187949,42.15602493286133,9580000,0.0,0.0
2008-04-04 00:00:00-04:00,42.15601777285924,42.425211458388176,41.90476972449926,42.23378372192383,10160300,0.0,0.0
2008-04-07 00:00:00-04:00,42.45513166508017,42.45513166508017,41.934685271958976,42.179954528808594,9465400,0.0,0.0
2008-04-08 00:00:00-04:00,41.880846863189,42.275664631122446,41.83298878101588,42.263702392578125,8748100,0.0,0.0
2008-04-09 00:00:00-04:00,41.964600812392895,42.054333585277234,41.659511210185485,42.000492095947266,11440400,0.0,0.0
2008-04-10 00:00:00-04:00,41.92869864939505,42.287629686869,41.844949291050526,41.982540130615234,9656800,0.0,0.0
2008-04-11 00:00:00-04:00,41.72529058456421,42.156003991805484,41.72529058456421,41.87484359741211,11862200,0.0,0.0
2008-04-14 00:00:00-04:00,41.946651458740234,42.144058064819106,41.73129464847418,41.946651458740234,9079300,0.0,0.0
2008-04-15 00:00:00-04:00,42.10815511830499,42.114138518043006,41.755212121706755,42.01244354248047,8604100,0.0,0.0
2008-04-16 00:00:00-04:00,42.52382706253544,42.52382706253544,41.49502535015225,41.675514221191406,19498400,0.4,0.0
2008-04-17 00:00:00-04:00,41.34462806400786,41.36267649751152,40.49030188380213,40.646724700927734,21014000,0.0,0.0
2008-04-18 00:00:00-04:00,40.875347182538064,40.9114440466755,40.225576087221874,40.41208267211914,18345800,0.0,0.0
2008-04-21 00:00:00-04:00,40.25566790560758,40.92348297620017,40.15338578656068,40.7911262512207,10496700,0.0,0.0
2008-04-22 00:00:00-04:00,40.61666026352296,40.76105237414722,40.40006980251536,40.592594146728516,13148900,0.0,0.0
2008-04-23 00:00:00-04:00,40.83323264433093,40.83323264433093,40.15939544287632,40.41208267211914,14184800,0.0,0.0
2008-04-24 00:00:00-04:00,40.339896102217885,40.60461413643433,40.18346867963007,40.20753479003906,12614800,0.0,0.0
2008-04-25 00:00:00-04:00,40.47225398818479,40.47225398818479,39.810451998399294,40.03907775878906,13674700,0.0,0.0
2008-04-28 00:00:00-04:00,40.08120030743768,40.2496585286348,39.726230835507536,39.83452606201172,18166400,0.0,0.0
2008-04-29 00:00:00-04:00,39.83451687146656,39.924763637755525,39.58784727309401,39.64801025390625,16567800,0.0,0.0
2008-04-30 00:00:00-04:00,40.33988952636719,41.20624640915889,40.231594342250666,40.33988952636719,21859500,0.0,0.0
2008-05-01 00:00:00-04:00,40.327857971191406,40.5985982520181,40.02102082231085,40.327857971191406,13493700,0.0,0.0
2008-05-02 00:00:00-04:00,40.36997257325341,40.490303117177845,39.924761036085286,40.189483642578125,13290300,0.0,0.0
2008-05-05 00:00:00-04:00,40.129310909473865,40.24964143790747,39.84052682151384,40.0992317199707,10193200,0.0,0.0
2008-05-06 00:00:00-04:00,39.834509147557085,40.237606089993946,39.834509147557085,40.0992317199707,9819900,0.0,0.0
2008-05-07 00:00:00-04:00,40.063135581040335,40.327858188571355,39.52767728136418,39.58784484863281,13045900,0.0,0.0
2008-05-08 00:00:00-04:00,39.76832553743066,39.86458995299549,39.51563833178298,39.660030364990234,10081900,0.0,0.0
2008-05-09 00:00:00-04:00,39.47953464481428,39.581812126062644,39.16667993846268,39.23286056518555,9756700,0.0,0.0
2008-05-12 00:00:00-04:00,39.36523655708056,39.55776083686346,39.10653162579657,39.31710433959961,11162200,0.0,0.0
2008-05-13 00:00:00-04:00,39.40734780995299,39.78036557907794,39.25693808548751,39.54572677612305,10942500,0.0,0.0
2008-05-14 00:00:00-04:00,39.66604970816037,40.0029659965391,39.32913341978165,39.407344818115234,13205200,0.0,0.0
2008-05-15 00:00:00-04:00,39.27497652110654,39.930765139727264,39.178716708823295,39.924747467041016,11877400,0.0,0.0
2008-05-16 00:00:00-04:00,39.97289053253369,40.291758419480175,39.96085518389009,40.15939712524414,12286200,0.0,0.0
2008-05-19 00:00:00-04:00,40.01500940017201,40.29176277707826,39.948828745896485,40.225582122802734,9182900,0.0,0.0
2008-05-20 00:00:00-04:00,40.087199461445586,40.18948156603177,39.5517411915359,39.623939514160156,11931600,0.0,0.0
2008-05-21 00:00:00-04:00,39.75630254151378,39.75630254151378,39.11254905470974,39.20880889892578,11650300,0.0,0.0
2008-05-22 00:00:00-04:00,39.299067279330075,39.59386916397449,39.14263982231494,39.47956085205078,8639100,0.0,0.0
2008-05-23 00:00:00-04:00,39.33514731712532,39.55775534948929,39.166689169451075,39.26896667480469,8415300,0.0,0.0
2008-05-27 00:00:00-04:00,39.33514242023004,39.40734072744817,39.052376044773325,39.14863586425781,10901600,0.0,0.0
2008-05-28 00:00:00-04:00,39.29906368607905,39.359226674770966,38.96214727729088,39.02832794189453,10195500,0.0,0.0
2008-05-29 00:00:00-04:00,39.034328165791145,39.55775563423842,38.95611676527662,39.38929748535156,10548200,0.0,0.0
2008-05-30 00:00:00-04:00,39.42539593747522,39.786378355371724,39.299052320718474,39.738250732421875,9761700,0.0,0.0
2008-06-02 00:00:00-04:00,39.6600441377803,39.6600441377803,39.07044045318333,39.32312774658203,9980200,0.0,0.0
2008-06-03 00:00:00-04:00,39.383293463706934,39.491588681266386,39.0764562489315,39.353214263916016,11417400,0.0,0.0
2008-06-04 00:00:00-04:00,39.7081690439685,40.05110304756079,39.46751255597692,39.978904724121094,12590900,0.0,0.0
2008-06-05 00:00:00-04:00,40.04508263072743,40.2015100257307,39.76832929503882,40.111263275146484,10784800,0.0,0.0
2008-06-06 00:00:00-04:00,39.91874330842745,39.93679174245696,39.26295905793719,39.329139709472656,16364700,0.0,0.0
2008-06-09 00:00:00-04:00,39.31710154138061,39.81646293438863,39.23889013614609,39.750282287597656,12983000,0.0,0.0
2008-06-10 00:00:00-04:00,39.48556690050505,40.40006077374964,39.48556690050505,40.10525894165039,13803400,0.0,0.0
2008-06-11 00:00:00-04:00,39.96687399813942,40.20151281183541,39.72019983545656,39.828495025634766,12619500,0.0,0.0
2008-06-12 00:00:00-04:00,39.948831259278954,40.159403995157874,39.74427160860987,39.984928131103516,11939500,0.0,0.0
2008-06-13 00:00:00-04:00,40.17142899648622,40.19549510429945,39.75630125959497,39.978904724121094,10941500,0.0,0.0
2008-06-16 00:00:00-04:00,39.8585829818197,39.95484742323225,39.56979424772325,39.64801025390625,12204700,0.0,0.0
2008-06-17 00:00:00-04:00,39.690122368764,39.864598215533,39.551743390243445,39.58784484863281,8220900,0.0,0.0
2008-06-18 00:00:00-04:00,39.461493990251505,39.678084365538176,39.05839702130044,39.106529235839844,11511700,0.0,0.0
2008-06-19 00:00:00-04:00,39.07645447308216,39.44947233664426,38.932062386278815,39.0463752746582,11544300,0.0,0.0
2008-06-20 00:00:00-04:00,38.895958568003124,39.154663496999156,37.96341637065581,37.999515533447266,21461900,0.0,0.0
2008-06-23 00:00:00-04:00,38.161956849905756,38.26423436459346,37.746826821649805,37.86113739013672,10507400,0.0,0.0
2008-06-24 00:00:00-04:00,37.79495321227597,38.05967348592637,37.554296748906424,37.81901931762695,11172200,0.0,0.0
2008-06-25 00:00:00-04:00,37.98748406622267,38.540990815060134,37.80097745501769,38.19805908203125,12888400,0.0,0.0
2008-06-26 00:00:00-04:00,38.03561691006264,38.432698543598676,37.439993312223315,37.4520263671875,15244000,0.0,0.0
2008-06-27 00:00:00-04:00,37.415927124241676,37.67463206775568,36.39314270019531,36.39314270019531,21773200,0.0,0.0
2008-06-30 00:00:00-04:00,36.513464520346616,36.91656378236454,36.36305479326401,36.585662841796875,14977700,0.0,0.0
2008-07-01 00:00:00-04:00,36.4292374293374,37.30762973264094,36.1284179587482,37.289581298828125,19060400,0.0,0.0
2008-07-02 00:00:00-04:00,37.27152817927994,37.86714937092627,37.091036978631664,37.716739654541016,18876400,0.0,0.0
2008-07-03 00:00:00-04:00,37.72275873265948,38.43870818307914,37.716741058540784,38.30634689331055,11550400,0.0,0.0
2008-07-07 00:00:00-04:00,38.39057406347092,38.39057406347092,37.66258934449486,37.849098205566406,18716900,0.0,0.0
2008-07-08 00:00:00-04:00,37.70471512377886,38.4808299865598,37.70471512377886,38.30033874511719,18142100,0.0,0.0
2008-07-09 00:00:00-04:00,38.46277332744296,38.88391870240961,38.149920838131905,38.384559631347656,15553100,0.0,0.0
2008-07-10 00:00:00-04:00,38.33041188376544,38.69741196193405,38.11983919714582,38.63724899291992,17753500,0.0,0.0
2008-07-11 00:00:00-04:00,38.462782423553776,38.679372836227024,38.01155316217475,38.17399597167969,21841200,0.0,0.0
2008-07-14 00:00:00-04:00,38.44472012516285,38.73350417783678,38.27625970100989,38.4627685546875,14939400,0.0,0.0
2008-07-15 00:00:00-04:00,37.512183948548795,40.55647985933716,37.319659686969096,38.71546173095703,25356900,0.0,0.0
2008-07-16 00:00:00-04:00,38.58227013887336,38.842595499503176,38.37038035739323,38.679134368896484,19482200,0.4,0.0
2008-07-17 00:00:00-04:00,38.72756763862075,38.794162229778905,38.261407809939044,38.679134368896484,15878800,0.0,0.0
2008-07-18 00:00:00-04:00,38.72758582468211,38.72758582468211,38.29169543017588,38.545963287353516,15478100,0.0,0.0
2008-07-21 00:00:00-04:00,38.703357236465386,38.703357236465386,38.38854786083766,38.52779006958008,9811300,0.0,0.0
2008-07-22 00:00:00-04:00,38.53384152357633,39.1695109067008,38.461191614568776,38.806270599365234,13192200,0.0,0.0
2008-07-23 00:00:00-04:00,38.89708081899373,39.31480970193041,38.636757758719575,39.16950988769531,11255000,0.0,0.0
2008-07-24 00:00:00-04:00,39.16952004099144,39.4540598107282,38.99395746960494,39.05449676513672,11091700,0.0,0.0
2008-07-25 00:00:00-04:00,39.121078419396355,39.33296819300805,38.903133332581284,39.02421188354492,11002700,0.0,0.0
2008-07-28 00:00:00-04:00,38.98184216029527,39.01816480948418,38.53384588450936,38.642818450927734,12599100,0.0,0.0
2008-07-29 00:00:00-04:00,38.715472807425805,39.72044041002291,38.62466154977211,39.678062438964844,16520700,0.0,0.0
2008-07-30 00:00:00-04:00,39.61146990848109,40.41665601979584,39.61146990848109,40.30162811279297,13648100,0.0,0.0
2008-07-31 00:00:00-04:00,39.968648175480325,40.22292059049218,39.502490549187044,39.6417350769043,14043700,0.0,0.0
2008-08-01 00:00:00-04:00,39.793071580424844,39.94442206554629,39.181614327256135,39.32085418701172,11147400,0.0,0.0
2008-08-04 00:00:00-04:00,39.42379263731271,40.259246004391485,39.29060341527431,39.847572326660156,12657600,0.0,0.0
2008-08-05 00:00:00-04:00,40.083676095458216,41.22788579796293,39.84756962470974,41.14918518066406,20383200,0.0,0.0
2008-08-06 00:00:00-04:00,41.13707162487203,41.23999349414417,40.73750863312381,41.028099060058594,13002200,0.0,0.0
2008-08-07 00:00:00-04:00,41.064425056478036,41.28842087471274,40.604318172746375,40.852535247802734,10964600,0.0,0.0
2008-08-08 00:00:00-04:00,40.56799382670529,42.305494803948,40.44085994682298,42.154144287109375,15116500,0.0,0.0
2008-08-11 00:00:00-04:00,42.148078366386336,42.31153483323031,40.604301804767495,42.033050537109375,10843500,0.0,0.0
2008-08-12 00:00:00-04:00,41.90591816345197,42.69899313479902,41.833268276295485,42.58396530151367,14375000,0.0,0.0
2008-08-13 00:00:00-04:00,42.511329605280395,42.523435613107466,41.89381697253215,42.13597869873047,10701100,0.0,0.0
2008-08-14 00:00:00-04:00,42.105725176754376,42.668749411776886,41.83934672870218,42.20258712768555,9447400,0.0,0.0
2008-08-15 00:00:00-04:00,42.67480111072655,43.57685374232903,42.20258811907016,43.346797943115234,17615400,0.0,0.0
2008-08-18 00:00:00-04:00,43.177282759389485,43.588956421457326,43.00171557509637,43.147010803222656,12509100,0.0,0.0
2008-08-19 00:00:00-04:00,42.99565518199251,43.419439424015884,42.77165936068086,42.81403732299805,12332900,0.0,0.0
2008-08-20 00:00:00-04:00,42.78981213700855,42.83824540393931,42.18441015692572,42.55976104736328,10981000,0.0,0.0
2008-08-21 00:00:00-04:00,42.2752261063495,42.44473794071713,41.948308446275746,42.317604064941406,9722500,0.0,0.0
2008-08-22 00:00:00-04:00,42.42053565901686,43.46788358841098,42.42053565901686,43.35285568237305,11870400,0.0,0.0
2008-08-25 00:00:00-04:00,43.183329565013814,43.24386884656602,42.32971045291901,42.456844329833984,9493700,0.0,0.0
2008-08-26 00:00:00-04:00,42.39630074465214,42.596084510460464,42.1238716958958,42.281272888183594,8432900,0.0,0.0
2008-08-27 00:00:00-04:00,42.18441573782963,42.523439413495915,42.00279327223631,42.414466857910156,8307800,0.0,0.0
2008-08-28 00:00:00-04:00,42.59003734192364,43.10462820956542,42.2631196495879,42.98960494995117,8106700,0.0,0.0
2008-08-29 00:00:00-04:00,42.807994103520976,43.031994606972376,42.22075316060056,42.238914489746094,9569400,0.0,0.0
2008-09-02 00:00:00-04:00,42.590043098170874,43.24387857121133,42.468964507838415,42.66269302368164,11255200,0.0,0.0
2008-09-03 00:00:00-04:00,42.632421293737075,43.28625677025993,42.487126060793834,43.237823486328125,10433900,0.0,0.0
2008-09-04 00:00:00-04:00,43.080406146034626,43.29834660459602,42.60213803831699,42.64451599121094,12298000,0.0,0.0
2008-09-05 00:00:00-04:00,42.61424682816074,43.02592037694964,42.21468390604693,42.8503532409668,11578800,0.0,0.0
2008-09-08 00:00:00-04:00,43.1833276577725,43.879540912001616,43.17121703068627,43.81294631958008,16521200,0.0,0.0
2008-09-09 00:00:00-04:00,43.383118039939845,43.8674369635537,43.268090159362686,43.52235794067383,18542200,0.0,0.0
2008-09-10 00:00:00-04:00,43.49814029264545,44.52127132747324,43.473923654198764,43.82505798339844,19047700,0.0,0.0
2008-09-11 00:00:00-04:00,43.46787246144792,44.29121968380999,43.3346832609406,44.2427864074707,16200400,0.0,0.0
2008-09-12 00:00:00-04:00,43.788734349540086,44.34570316472285,43.788734349540086,44.28516387939453,11378700,0.0,0.0
2008-09-15 00:00:00-04:00,43.794799925272734,44.53944678249279,43.67372131347656,43.67372131347656,19748500,0.0,0.0
2008-09-16 00:00:00-04:00,43.2983560711396,44.19435320960151,43.165171489247264,43.588951110839844,21425800,0.0,0.0
2008-09-17 00:00:00-04:00,43.39521604047223,43.601050505775206,42.886675952860635,42.94721984863281,25324200,0.0,0.0
2008-09-18 00:00:00-04:00,43.11674633405995,44.170144891039314,42.62031670432464,43.17123031616211,28178600,0.0,0.0
2008-09-19 00:00:00-04:00,43.92798286761222,44.04301076551366,41.258161524042016,42.596099853515625,28562500,0.0,0.0
2008-09-22 00:00:00-04:00,42.3842173971095,42.62032393062216,41.02206218737348,41.19157409667969,14998700,0.0,0.0
2008-09-23 00:00:00-04:00,41.252099122425,42.1602022811849,40.60431905393033,40.73145294189453,15133400,0.0,0.0
2008-09-24 00:00:00-04:00,40.82227335704291,41.694054063432475,40.689084124805326,41.61534881591797,13053800,0.0,0.0
2008-09-25 00:00:00-04:00,41.784852680139686,42.49922737316198,41.191561183558605,41.47610092163086,17513200,0.0,0.0
2008-09-26 00:00:00-04:00,41.05837229152765,42.027014776221634,41.05837229152765,41.675880432128906,13417000,0.0,0.0
2008-09-29 00:00:00-04:00,41.25814721978196,42.075438995932814,39.956531996137635,40.41058349609375,23388500,0.0,0.0
2008-09-30 00:00:00-04:00,40.67696279944466,42.329707711138774,40.59220688699116,42.190467834472656,23102600,0.0,0.0
2008-10-01 00:00:00-04:00,41.978584425504515,43.24993268287864,41.978584425504515,43.147010803222656,17760000,0.0,0.0
2008-10-02 00:00:00-04:00,42.9290575738357,43.55262088809122,42.692946547040734,43.24991989135742,21833600,0.0,0.0
2008-10-03 00:00:00-04:00,42.99565887451172,43.46787643369549,42.42052867669248,42.99565887451172,22923700,0.0,0.0
2008-10-06 00:00:00-04:00,42.23891153550028,42.656640552042155,40.57405540376118,41.51848602294922,25914800,0.0,0.0
2008-10-07 00:00:00-04:00,41.7909082638996,42.19047588645217,40.00497382926439,40.10789108276367,23857700,0.0,0.0
2008-10-08 00:00:00-04:00,39.82334231746716,41.778792785037226,39.024211872325196,40.01707077026367,37290900,0.0,0.0
2008-10-09 00:00:00-04:00,40.041290047061494,40.30766841930745,36.741848509121,36.856876373291016,30092600,0.0,0.0
2008-10-10 00:00:00-04:00,35.579486242203075,38.14033717542169,33.24868647360502,36.05775451660156,47113800,0.0,0.0
2008-10-13 00:00:00-04:00,37.33513841090721,38.70334815746757,36.929520199210494,38.31589126586914,25023000,0.0,0.0
2008-10-14 00:00:00-04:00,39.68410634584823,39.883885512629575,37.87395319469045,38.806270599365234,29454500,0.0,0.0
2008-10-15 00:00:00-04:00,38.309851482595214,38.67914720379719,35.49473256435563,36.21516036987305,23606500,0.0,0.0
2008-10-16 00:00:00-04:00,36.26963515475848,37.6862759828774,34.58056295403488,37.39568328857422,27622600,0.0,0.0
2008-10-17 00:00:00-04:00,36.71764071922993,38.61860306955267,36.221211149123704,37.37752914428711,19589700,0.0,0.0
2008-10-20 00:00:00-04:00,37.86184957999233,38.81838604925632,36.99006903900727,38.69124984741211,16636400,0.0,0.0
2008-10-21 00:00:00-04:00,38.42487577920211,38.921305364937275,37.92239087859707,38.116119384765625,12739400,0.0,0.0
2008-10-22 00:00:00-04:00,37.40327704264728,37.49466894173589,35.55108617143278,35.80088806152344,34940700,0.4,0.0
2008-10-23 00:00:00-04:00,36.026311394490456,37.348432624791826,34.862600113866065,36.903663635253906,25829200,0.0,0.0
2008-10-24 00:00:00-04:00,34.66763461920193,36.76353290185951,34.49703659880288,35.86790084838867,26572200,0.0,0.0
2008-10-27 00:00:00-04:00,35.356107159863356,36.86101203115777,34.72855678968583,34.95398712158203,23484700,0.0,0.0
2008-10-28 00:00:00-04:00,35.58153933923811,38.682738584682966,34.7712052427234,38.52432632446289,35638500,0.0,0.0
2008-10-29 00:00:00-04:00,38.39028662641197,38.98128211732974,36.19690498924846,37.1595573425293,31023600,0.0,0.0
2008-10-30 00:00:00-04:00,37.97598292359467,38.688831137604616,37.4337280624158,38.43293762207031,36499800,0.0,0.0
2008-10-31 00:00:00-04:00,38.35983053160968,39.560099179514935,38.23797545721146,39.32248306274414,42624100,0.0,0.0
2008-11-03 00:00:00-05:00,39.43215362732681,39.755067608991645,39.03612520422699,39.237186431884766,50502400,0.0,0.0
2008-11-04 00:00:00-05:00,39.78552345786109,40.50446568799611,39.66366608506835,40.254661560058594,46653300,0.0,0.0
2008-11-05 00:00:00-05:00,39.85254265574522,40.291215239494214,38.87770462036133,38.87770462036133,71833400,0.0,0.0
2008-11-06 00:00:00-05:00,39.023944218704834,39.88911091183997,38.10394052898189,38.597450256347656,49444500,0.0,0.0
2008-11-07 00:00:00-05:00,38.810691164631024,39.49917031604477,38.64618717318568,39.292015075683594,19003000,0.0,0.0
2008-11-10 00:00:00-05:00,39.882999892322474,40.07796701686747,39.011739537678274,39.572269439697266,16157100,0.0,0.0
2008-11-11 00:00:00-05:00,39.389498184015224,39.529628363108955,38.52432936366187,38.8838005065918,16256000,0.0,0.0
2008-11-12 00:00:00-05:00,38.688849722880896,38.688849722880896,37.47030327491614,37.68354797363281,26012800,0.0,0.0
2008-11-13 00:00:00-05:00,37.598242294782665,40.711628195364014,37.08645279983514,39.633216857910156,44886300,0.0,0.0
2008-11-14 00:00:00-05:00,39.523547226258884,40.21202414810334,37.75056029395871,38.45122528076172,42262700,0.0,0.0
2008-11-17 00:00:00-05:00,38.38420385752499,39.32248495407065,37.415459571962614,38.08565902709961,23074600,0.0,0.0
2008-11-18 00:00:00-05:00,37.927240408812054,39.29201048904358,37.01942270810934,39.14578628540039,35518000,0.0,0.0
2008-11-19 00:00:00-05:00,38.920356231770114,39.39559070754268,37.841942844251506,37.93942642211914,23344900,0.0,0.0
2008-11-20 00:00:00-05:00,37.57386318417201,38.640090888479165,35.947105459498374,36.14816665649414,31313100,0.0,0.0
2008-11-21 00:00:00-05:00,36.586846668832855,38.58526387956573,35.514527109374846,38.43903732299805,34196200,0.0,0.0
2008-11-24 00:00:00-05:00,38.65227637358889,39.6027430433381,38.189229939111236,39.40777587890625,26076500,0.0,0.0
2008-11-25 00:00:00-05:00,39.32247367107353,39.87690959499063,32.76060423459552,38.49386215209961,22843100,0.0,0.0
2008-11-26 00:00:00-05:00,37.63479274239963,38.49995926962647,37.40936238764492,38.48168182373047,15151600,0.0,0.0
2008-11-28 00:00:00-05:00,38.40856105404502,39.32856435986447,38.40856105404502,39.20670700073242,7768400,0.0,0.0
2008-12-01 00:00:00-05:00,38.8289704030461,38.871619329738,36.769626885412286,36.85492706298828,20431200,0.0,0.0
2008-12-02 00:00:00-05:00,37.53121083836661,37.56167634363562,36.16034677216373,37.4337272644043,20242400,0.0,0.0
2008-12-03 00:00:00-05:00,36.873196504366895,38.46339915892859,36.86101076735898,38.31108093261719,19967600,0.0,0.0
2008-12-04 00:00:00-05:00,37.945516826909945,38.34154515576653,36.909754719177485,37.31796646118164,17919600,0.0,0.0
2008-12-05 00:00:00-05:00,37.04989475730734,38.341552963821265,36.190819855569494,38.15877151489258,22060500,0.0,0.0
2008-12-08 00:00:00-05:00,38.3902986792302,38.99348009712735,37.78711958552558,38.07347869873047,20894200,0.0,0.0
2008-12-09 00:00:00-05:00,37.756647762707736,37.92724345539216,36.1664448941531,36.42843246459961,21421800,0.0,0.0
2008-12-10 00:00:00-05:00,36.720882751575395,36.95849884169808,35.64856100616024,36.02021789550781,14721200,0.0,0.0
2008-12-11 00:00:00-05:00,35.19771480580126,36.47109595054701,35.03321075465884,35.691226959228516,18856600,0.0,0.0
2008-12-12 00:00:00-05:00,35.53889459255088,36.08723888857648,34.75902358555341,35.91054916381836,16817900,0.0,0.0
2008-12-15 00:00:00-05:00,35.42922315558343,36.46498531659178,35.42922315558343,36.16644287109375,12230800,0.0,0.0
2008-12-16 00:00:00-05:00,36.49545929787672,37.62261359326102,36.30049209353125,37.54340744018555,17789000,0.0,0.0
2008-12-17 00:00:00-05:00,37.15955407336199,37.40326183149971,36.562464604074314,36.98286437988281,16119000,0.0,0.0
2008-12-18 00:00:00-05:00,37.165640464000255,37.878488517943865,36.251731272262546,36.745243072509766,17195600,0.0,0.0
2008-12-19 00:00:00-05:00,37.04381013499945,37.762752697708045,36.404073739150014,36.66606140136719,23247400,0.0,0.0
2008-12-22 00:00:00-05:00,37.09861925662104,37.09861925662104,36.09941226782936,36.836631774902344,11407100,0.0,0.0
2008-12-23 00:00:00-05:00,36.903669144027056,37.16565674637129,36.355322459075815,36.45280838012695,10645200,0.0,0.0
2008-12-24 00:00:00-05:00,36.52590805517,36.982862695582824,36.483259141333455,36.79398727416992,4036600,0.0,0.0
2008-12-26 00:00:00-05:00,36.921948093916825,37.165658258072945,36.61121984260053,36.87929916381836,4455600,0.0,0.0
2008-12-29 00:00:00-05:00,37.0316035195694,37.0316035195694,36.20908609196615,36.678226470947266,8586300,0.0,0.0
2008-12-30 00:00:00-05:00,36.861013325164684,37.452008828003756,36.81227037375073,37.23876190185547,10007100,0.0,0.0
2008-12-31 00:00:00-05:00,37.378882305043696,37.896765537366214,37.208286678683436,37.66524124145508,10844800,0.0,0.0
2009-01-02 00:00:00-05:00,37.586035961878146,38.36590667998725,37.20219579410417,38.2623291015625,11135700,0.0,0.0
2009-01-05 00:00:00-05:00,37.96989317751908,38.04300528675196,37.525124166381666,37.9881706237793,14322800,0.0,0.0
2009-01-06 00:00:00-05:00,38.079570770766445,38.35374414515447,37.47638934711278,37.878509521484375,13401600,0.0,0.0
2009-01-07 00:00:00-05:00,37.36669653490233,37.567755321241776,36.94629687622641,37.214378356933594,12415600,0.0,0.0
2009-01-08 00:00:00-05:00,37.11081167726467,37.31796455305747,36.55637343972977,36.806175231933594,11508100,0.0,0.0
2009-01-09 00:00:00-05:00,36.94630909400799,37.0437926671772,36.404056572992246,36.47107696533203,10843200,0.0,0.0
2009-01-12 00:00:00-05:00,36.40406013882469,36.81227191514582,36.367502923733504,36.51982116699219,11373200,0.0,0.0
2009-01-13 00:00:00-05:00,36.53200573301256,36.733066923273924,35.95928999344796,36.233463287353516,15791900,0.0,0.0
2009-01-14 00:00:00-05:00,35.97756303345397,36.05676915848295,34.86259487366992,35.25252914428711,16108100,0.0,0.0
2009-01-15 00:00:00-05:00,34.78340442286825,35.02102058083911,34.454396362204314,35.00883483886719,18807200,0.0,0.0
2009-01-16 00:00:00-05:00,35.38657149657888,35.4901467749883,34.80166774042515,35.17332458496094,18904200,0.0,0.0
2009-01-20 00:00:00-05:00,35.197688573036494,35.611994246941514,34.86868071596054,34.990535736083984,17999300,0.0,0.0
2009-01-21 00:00:00-05:00,35.70839610196992,35.70839610196992,34.659232462074606,35.321861267089844,18204700,0.4,0.0
2009-01-22 00:00:00-05:00,35.2052958583966,35.31573440632888,34.52425892631223,34.94760513305664,19133700,0.0,0.0
2009-01-23 00:00:00-05:00,34.68991240406467,34.732860462827375,34.107042883078975,34.35859680175781,21067500,0.0,0.0
2009-01-26 00:00:00-05:00,34.32791350247349,34.92305177945183,34.11930768174585,34.585601806640625,17032100,0.0,0.0
2009-01-27 00:00:00-05:00,34.6531011628388,35.21142830565257,34.48130891597113,34.788082122802734,11962900,0.0,0.0
2009-01-28 00:00:00-05:00,35.278928426759315,35.81885007367252,34.91080141415614,35.69614028930664,17743200,0.0,0.0
2009-01-29 00:00:00-05:00,35.45684367833261,36.1992341906945,35.31572830048235,35.72066879272461,14550300,0.0,0.0
2009-01-30 00:00:00-05:00,34.66537097615933,34.873976842024994,33.278757166930205,33.43827819824219,35110700,0.0,0.0
2009-02-02 00:00:00-05:00,33.13149143016203,33.36463961778633,32.03324328214765,32.548622131347656,19427200,0.0,0.0
2009-02-03 00:00:00-05:00,32.81859795146765,33.18672485510918,32.23572840362375,33.07628631591797,14898500,0.0,0.0
2009-02-04 00:00:00-05:00,33.33397322123636,33.40759812547367,32.03325331691419,32.223453521728516,14760300,0.0,0.0
2009-02-05 00:00:00-05:00,32.08234612049375,32.8860905143732,31.98417877694763,32.714298248291016,17727500,0.0,0.0
2009-02-06 00:00:00-05:00,32.775646039954154,33.41373482799099,32.55477131224325,33.13150405883789,15338000,0.0,0.0
2009-02-09 00:00:00-05:00,33.0640134704081,33.11923273727037,32.31548615082919,32.481143951416016,13422200,0.0,0.0
2009-02-10 00:00:00-05:00,32.35844644543008,32.80019837492616,31.2724687586998,31.566970825195312,22520700,0.0,0.0
2009-02-11 00:00:00-05:00,31.781709393154586,31.849199885099647,31.204976504659577,31.389039993286133,16404400,0.0,0.0
2009-02-12 00:00:00-05:00,31.247904369227857,31.536271797265336,30.6466294468993,31.462644577026367,18019300,0.0,0.0
2009-02-13 00:00:00-05:00,31.517872996273884,31.708073193182827,31.125203736004305,31.346080780029297,11644800,0.0,0.0
2009-02-17 00:00:00-05:00,30.67731011090408,31.25404269841159,30.235556096349296,30.744800567626953,20833900,0.0,0.0
2009-02-18 00:00:00-05:00,30.579155920219726,31.395171501906372,30.5239366447301,31.26019287109375,16755100,0.0,0.0
2009-02-19 00:00:00-05:00,31.597632186942096,31.935082159674874,31.309264697637413,31.370620727539062,13503700,0.0,0.0
2009-02-20 00:00:00-05:00,30.824571208707933,31.511742500032863,30.55460930317429,30.830705642700195,19555100,0.0,0.0
2009-02-23 00:00:00-05:00,30.977959312242476,30.977959312242476,29.93492994574556,30.00242042541504,15129900,0.0,0.0
2009-02-24 00:00:00-05:00,30.235558964926838,30.787751535509205,30.04536112210988,30.536197662353516,14983500,0.0,0.0
2009-02-25 00:00:00-05:00,30.425743033449248,30.971798541536533,30.198731692664058,30.628211975097656,17411600,0.0,0.0
2009-02-26 00:00:00-05:00,30.738656384656363,30.80001239438268,30.00240299188019,30.045351028442383,13606800,0.0,0.0
2009-02-27 00:00:00-05:00,29.85515061741709,30.131246807257593,29.30295823773608,29.55451202392578,20748000,0.0,0.0
2009-03-02 00:00:00-05:00,29.033008513477228,29.407272102399023,28.713964180961813,28.756912231445312,19033100,0.0,0.0
2009-03-03 00:00:00-05:00,29.03916135135386,29.3766115091868,28.456291620281778,28.609678268432617,19531800,0.0,0.0
2009-03-04 00:00:00-05:00,28.793722522924238,29.450216750753686,28.634199204848272,29.026870727539062,15699900,0.0,0.0
2009-03-05 00:00:00-05:00,28.499220658719175,28.72009765900264,27.5666301800184,27.854997634887695,19466600,0.0,0.0
2009-03-06 00:00:00-05:00,28.143363832608724,28.58511785018044,27.382567847338585,28.045196533203125,19553000,0.0,0.0
2009-03-09 00:00:00-04:00,27.793650944902065,27.97771439344571,26.9530930475734,27.10647964477539,16927300,0.0,0.0
2009-03-10 00:00:00-04:00,27.308949540757418,27.726161284680607,27.223053418272137,27.713890075683594,20635700,0.0,0.0
2009-03-11 00:00:00-04:00,27.971573087475754,28.063605959384322,27.462328586436485,27.652528762817383,13395900,0.0,0.0
2009-03-12 00:00:00-04:00,27.542094169353895,28.161777268608358,27.315082684321876,28.088150024414062,13715200,0.0,0.0
2009-03-13 00:00:00-04:00,28.28448586027835,28.885763344219573,28.01452630826929,28.806001663208008,13905600,0.0,0.0
2009-03-16 00:00:00-04:00,29.063684533297984,29.701773180221775,28.940974818044463,29.339780807495117,15181900,0.0,0.0
2009-03-17 00:00:00-04:00,29.419542588741177,29.536115531417487,29.088227058406613,29.43794822692871,11481500,0.0,0.0
2009-03-18 00:00:00-04:00,29.29683231974821,29.910378546339796,28.830538217355574,29.46249008178711,16707400,0.0,0.0
2009-03-19 00:00:00-04:00,29.597476614643355,29.70791280312371,28.34584151326807,28.413331985473633,16169800,0.0,0.0
2009-03-20 00:00:00-04:00,28.560582540893304,28.79986524640373,27.928630540135646,27.97157859802246,25558100,0.0,0.0
2009-03-23 00:00:00-04:00,28.290619804503738,29.3275121919574,28.223129338129272,29.290700912475586,16278000,0.0,0.0
2009-03-24 00:00:00-04:00,29.094367519443363,29.57906970975474,28.76918869478837,28.879627227783203,12158800,0.0,0.0
2009-03-25 00:00:00-04:00,29.266158710880575,29.8183489715427,28.959385563681604,29.487035751342773,15275900,0.0,0.0
2009-03-26 00:00:00-04:00,29.61587709797456,29.953327059737408,29.149580647853448,29.916513442993164,16256400,0.0,0.0
2009-03-27 00:00:00-04:00,29.579066879098008,30.082174663264247,29.5299843916272,29.799943923950195,10402200,0.0,0.0
2009-03-30 00:00:00-04:00,29.474769007652096,29.511580292974163,28.57285506936183,29.008472442626953,12747900,0.0,0.0
2009-03-31 00:00:00-04:00,29.180268582641446,29.34592639692832,28.80600489190005,28.89190101623535,13847500,0.0,0.0
2009-04-01 00:00:00-04:00,28.68328832409846,29.744723097799483,28.401057599633205,29.579065322875977,17104300,0.0,0.0
2009-04-02 00:00:00-04:00,29.891968851850475,30.855236109634482,29.891968851850475,30.321449279785156,18320500,0.0,0.0
2009-04-03 00:00:00-04:00,30.39508857761248,30.523932757180575,29.89198072744719,30.450307846069336,14799800,0.0,0.0
2009-04-06 00:00:00-04:00,30.346002513088777,30.658912468491287,30.00855248197311,30.46257781982422,10345400,0.0,0.0
2009-04-07 00:00:00-04:00,30.32146617305681,30.32146617305681,29.775410175745503,29.867443084716797,9801300,0.0,0.0
2009-04-08 00:00:00-04:00,29.94106890634435,30.06377867515811,29.376607246492867,29.73859977722168,9434300,0.0,0.0
2009-04-09 00:00:00-04:00,30.16807242026806,30.241699666237825,29.677235816270695,30.180343627929688,14766300,0.0,0.0
2009-04-13 00:00:00-04:00,29.990158364957427,30.082188950358805,29.41955984158968,29.47477912902832,12908700,0.0,0.0
2009-04-14 00:00:00-04:00,29.43794929554391,29.468626140467773,28.82440303509366,28.990060806274414,15096100,0.0,0.0
2009-04-15 00:00:00-04:00,29.253888846594446,29.977873694447158,29.235483205875752,29.910383224487305,14181600,0.0,0.0
2009-04-16 00:00:00-04:00,30.186473852737336,31.13133557324314,30.13125460048718,30.94113540649414,16333200,0.0,0.0
2009-04-17 00:00:00-04:00,31.382878099621657,31.87984885004241,31.1804068009375,31.695785522460938,21662400,0.0,0.0
2009-04-20 00:00:00-04:00,31.6405927759862,31.88601231185984,31.057723133656914,31.125213623046875,15444400,0.0,0.0
2009-04-21 00:00:00-04:00,31.180418095772485,31.701931436249023,30.370537288647984,31.517868041992188,12604100,0.0,0.0
2009-04-22 00:00:00-04:00,31.536445141440282,31.536445141440282,30.657683462468153,30.694812774658203,13385400,0.44,0.0
2009-04-23 00:00:00-04:00,30.843326980727504,30.843326980727504,30.16878382237309,30.521526336669922,11859200,0.0,0.0
2009-04-24 00:00:00-04:00,30.632921227616006,30.87427113836184,30.33587500202778,30.639108657836914,11324200,0.0,0.0
2009-04-27 00:00:00-04:00,30.366822904313402,31.196078000674888,30.366822904313402,30.923786163330078,9603900,0.0,0.0
2009-04-28 00:00:00-04:00,30.78763520622512,31.05373957877421,30.47821173681582,30.750503540039062,9004800,0.0,0.0
2009-04-29 00:00:00-04:00,30.886644412392076,31.542622885515325,30.830948104667335,31.202255249023438,11399200,0.0,0.0
2009-04-30 00:00:00-04:00,31.084690185348766,31.084690185348766,29.859373185578622,30.595800399780273,24582200,0.0,0.0
2009-05-01 00:00:00-04:00,30.6948030527159,30.787631025218,30.04501432734142,30.632919311523438,11888500,0.0,0.0
2009-05-04 00:00:00-04:00,30.923780005585613,31.579756201456313,30.75050127022147,31.555004119873047,12625200,0.0,0.0
2009-05-05 00:00:00-04:00,31.412673182774256,31.555010072474882,30.639114420424757,30.812393188476562,12299300,0.0,0.0
2009-05-06 00:00:00-04:00,30.942343897358533,31.47455259010726,30.880460153849214,31.462175369262695,14932300,0.0,0.0
2009-05-07 00:00:00-04:00,31.561173730481904,32.297600267670084,31.326011382863207,31.771581649780273,13718200,0.0,0.0
2009-05-08 00:00:00-04:00,32.18004098894825,32.29762105808938,31.678774115994226,31.913936614990234,13417100,0.0,0.0
2009-05-11 00:00:00-04:00,31.821104887498105,31.901555641509994,31.08467796285938,31.171316146850586,13896700,0.0,0.0
2009-05-12 00:00:00-04:00,31.189887548025403,31.77779026805661,30.942347821170525,31.524063110351562,13779000,0.0,0.0
2009-05-13 00:00:00-04:00,31.2703317366904,31.69114779917979,31.01041718317762,31.536436080932617,11238900,0.0,0.0
2009-05-14 00:00:00-04:00,31.57357270227309,31.957257162789723,31.40648373703669,31.43742561340332,11105800,0.0,0.0
2009-05-15 00:00:00-04:00,31.82728509774244,31.82728509774244,31.1713067638606,31.35696029663086,14120300,0.0,0.0
2009-05-18 00:00:00-04:00,31.5488139145933,32.55753499816159,31.51168225163575,32.50183868408203,14066100,0.0,0.0
2009-05-19 00:00:00-04:00,32.53278184928628,33.114497094461804,32.34712824854631,32.7679443359375,15215200,0.0,0.0
2009-05-20 00:00:00-04:00,33.25683834399562,33.89424998946854,33.14544569672856,33.43011474609375,15964200,0.0,0.0
2009-05-21 00:00:00-04:00,33.095917664030374,33.095917664030374,32.49563567432979,32.811248779296875,11225900,0.0,0.0
2009-05-22 00:00:00-04:00,32.84219828532156,33.25682685371957,32.774124762098516,32.81744384765625,6765000,0.0,0.0
2009-05-26 00:00:00-04:00,32.76175420032574,33.4796165134947,32.59466525320276,33.281585693359375,10918600,0.0,0.0
2009-05-27 00:00:00-04:00,33.244460367964805,33.281589675736974,31.920128214576497,32.04389572143555,14497600,0.0,0.0
2009-05-28 00:00:00-04:00,32.340945358732554,32.59467255138691,31.62927267724553,32.545166015625,16611400,0.0,0.0
2009-05-29 00:00:00-04:00,32.56371839278202,32.60085005113796,31.87061062846368,32.14290237426758,15133700,0.0,0.0
2009-06-01 00:00:00-04:00,32.520385667295315,33.201118287402615,32.40280567287973,33.02165222167969,12487300,0.0,0.0
2009-06-02 00:00:00-04:00,32.94123110825706,33.49819444691418,32.89791199977421,33.238277435302734,11923400,0.0,0.0
2009-06-03 00:00:00-04:00,33.034039906371575,33.31870884247695,32.736993752081666,33.30014419555664,12643500,0.0,0.0
2009-06-04 00:00:00-04:00,33.26921485542443,33.33110097403689,32.780327502313206,33.01548767089844,9987000,0.0,0.0
2009-06-05 00:00:00-04:00,33.14544080323695,33.386790716445454,32.749376804364445,32.9102783203125,10551000,0.0,0.0
2009-06-08 00:00:00-04:00,32.75556746392275,33.15781890374557,32.545159417982354,32.88552474975586,10651800,0.0,0.0
2009-06-09 00:00:00-04:00,32.69986591694634,32.73699757583701,32.33474620035116,32.43376159667969,11606000,0.0,0.0
2009-06-10 00:00:00-04:00,32.60704019476077,32.755564479834675,31.913932372747208,32.22954559326172,13082500,0.0,0.0
2009-06-11 00:00:00-04:00,32.21097651579253,32.637982332540965,32.14909277806452,32.186222076416016,10862400,0.0,0.0
2009-06-12 00:00:00-04:00,32.10576721880038,32.65654040000003,32.012939270203965,32.52039337158203,10352700,0.0,0.0
2009-06-15 00:00:00-04:00,32.415198180264966,32.415198180264966,31.604507969006143,31.765409469604492,12158000,0.0,0.0
2009-06-16 00:00:00-04:00,31.938682833776173,31.938682833776173,30.960903783939855,31.004222869873047,15721900,0.0,0.0
2009-06-17 00:00:00-04:00,31.022795431424193,31.406479844385363,30.942344674271293,30.948532104492188,12696700,0.0,0.0
2009-06-18 00:00:00-04:00,30.985666398389508,31.78397952532726,30.94853473177133,31.666397094726562,12999600,0.0,0.0
2009-06-19 00:00:00-04:00,31.734473028772364,31.852055468236887,31.090873950536466,31.338411331176758,19541900,0.0,0.0
2009-06-22 00:00:00-04:00,31.146569667806272,31.480745243199152,31.07230633041773,31.288904190063477,12992200,0.0,0.0
2009-06-23 00:00:00-04:00,31.264157814362317,31.44981148432795,31.18370702511523,31.28272247314453,10611800,0.0,0.0
2009-06-24 00:00:00-04:00,31.30128949264124,31.54882693235725,30.97948869636738,31.28272247314453,12399000,0.0,0.0
2009-06-25 00:00:00-04:00,31.208454939004042,32.19860921185577,31.016611515826646,31.982013702392578,13723300,0.0,0.0
2009-06-26 00:00:00-04:00,31.845867201499754,32.19860981535931,31.59214001678123,32.025333404541016,25128800,0.0,0.0
2009-06-29 00:00:00-04:00,32.13051009253437,32.42755849870381,31.93247939556283,32.32235336303711,8899900,0.0,0.0
2009-06-30 00:00:00-04:00,32.32237703873407,32.32237703873407,31.406483804183445,31.623079299926758,14393700,0.0,0.0
2009-07-01 00:00:00-04:00,31.852050354122184,32.50802655017469,31.734467933536507,32.18003845214844,14314300,0.0,0.0
2009-07-02 00:00:00-04:00,32.050088635249374,32.07484308331809,31.400299718087076,31.6292724609375,15212000,0.0,0.0
2009-07-06 00:00:00-04:00,31.406463904933965,32.43993655940267,31.26412947495571,32.28522491455078,16040900,0.0,0.0
2009-07-07 00:00:00-04:00,32.17386040050387,32.45233969509857,31.951075076256718,32.124351501464844,13430500,0.0,0.0
2009-07-08 00:00:00-04:00,32.19241876079821,32.681308419973035,31.89537250680578,32.57610321044922,16899500,0.0,0.0
2009-07-09 00:00:00-04:00,32.58228587152911,32.64416960896696,32.29142711200201,32.43376159667969,11648100,0.0,0.0
2009-07-10 00:00:00-04:00,32.29143817920862,32.48946903973655,32.14291385345563,32.316192626953125,9267400,0.0,0.0
2009-07-13 00:00:00-04:00,32.21717991504605,32.88553353554232,32.21099012223062,32.78651809692383,12289100,0.0,0.0
2009-07-14 00:00:00-04:00,32.842205465644206,33.27539877664412,32.63798721203976,33.13306427001953,12817300,0.0,0.0
2009-07-15 00:00:00-04:00,33.17639056992893,33.86949860162213,33.10831701703945,33.81999206542969,15161300,0.0,0.0
2009-07-16 00:00:00-04:00,33.81998547061282,34.30887274830572,33.72715748737129,34.16653823852539,12622000,0.0,0.0
2009-07-17 00:00:00-04:00,34.197464929847115,34.60590362548828,33.993246762382846,34.60590362548828,13344900,0.0,0.0
2009-07-20 00:00:00-04:00,34.66160829180478,34.67398551111269,34.12940202584393,34.38312911987305,10925100,0.0,0.0
2009-07-21 00:00:00-04:00,34.61829627593479,34.766820577255,32.18004023134017,34.33981704711914,11131800,0.0,0.0
2009-07-22 00:00:00-04:00,34.40844353263487,34.533202687405044,34.090309948574735,34.227542877197266,10000100,0.44,0.0
2009-07-23 00:00:00-04:00,34.26497125613676,34.65796175987557,34.18387744879127,34.408443450927734,15014200,0.0,0.0
2009-07-24 00:00:00-04:00,34.70785197272124,34.87003953123795,34.5144776108664,34.832611083984375,8710300,0.0,0.0
2009-07-27 00:00:00-04:00,34.863795079681324,34.919936552417596,34.52694624326369,34.7951774597168,6866800,0.0,0.0
2009-07-28 00:00:00-04:00,34.68289681030733,34.90746271611904,34.483283200604006,34.75151443481445,8142400,0.0,0.0
2009-07-29 00:00:00-04:00,34.657951949537974,35.16322293173922,34.657951949537974,35.00727462768555,9666300,0.0,0.0
2009-07-30 00:00:00-04:00,35.2879831976884,35.556214479744284,34.888755907070056,35.07589340209961,11966500,0.0,0.0
2009-07-31 00:00:00-04:00,35.05717739506622,35.400263170137904,34.57685635813299,34.62675857543945,12663900,0.0,0.0
2009-08-03 00:00:00-04:00,34.907482343364364,34.93243465350256,34.30864117754716,34.68915557861328,11225600,0.0,0.0
2009-08-04 00:00:00-04:00,34.57061731199386,34.882513905770416,34.495762795770496,34.5955696105957,10988300,0.0,0.0
2009-08-05 00:00:00-04:00,33.522652723689355,33.790881651350375,33.26065830238006,33.62869644165039,21314600,0.0,0.0
2009-08-06 00:00:00-04:00,33.56630655653075,33.62868491281899,31.900777792318962,32.10039138793945,29715100,0.0,0.0
2009-08-07 00:00:00-04:00,32.33744707067012,32.948764262666046,32.10040493350182,32.45596694946289,16314800,0.0,0.0
2009-08-10 00:00:00-04:00,32.38733329613143,32.61189916988835,32.175245948229446,32.54328155517578,11763800,0.0,0.0
2009-08-11 00:00:00-04:00,32.50586818579035,32.61191190113938,32.393585205078125,32.393585205078125,9293400,0.0,0.0
2009-08-12 00:00:00-04:00,32.437255117392766,32.74291491455388,32.343685160413294,32.487159729003906,10148400,0.0,0.0
2009-08-13 00:00:00-04:00,32.61814894838369,32.64933813433113,32.28130002915363,32.624385833740234,10486500,0.0,0.0
2009-08-14 00:00:00-04:00,32.780331823774986,32.942519386558324,32.35615226207082,32.66804885864258,12069600,0.0,0.0
2009-08-17 00:00:00-04:00,32.63686257215232,32.805287034802355,32.51210344653202,32.56824493408203,11384000,0.0,0.0
2009-08-18 00:00:00-04:00,32.686767356285564,32.84895255478758,32.487153706014276,32.71795654296875,8342800,0.0,0.0
2009-08-19 00:00:00-04:00,32.605665897852454,33.08598687445781,32.605665897852454,32.936275482177734,12152600,0.0,0.0
2009-08-20 00:00:00-04:00,33.01737155243723,33.14836754257002,32.84271023226018,33.07351303100586,8471400,0.0,0.0
2009-08-21 00:00:00-04:00,33.3417539486579,33.54136762379694,33.06104647437403,33.422847747802734,13272800,0.0,0.0
2009-08-24 00:00:00-04:00,33.54135207794616,33.63491960628534,33.042318121392384,33.27312088012695,11781900,0.0,0.0
2009-08-25 00:00:00-04:00,33.34797675074011,33.6785886939693,33.1608393067808,33.310550689697266,12681600,0.0,0.0
2009-08-26 00:00:00-04:00,33.3167764778003,33.560055311885996,33.23568273991143,33.285587310791016,9380600,0.0,0.0
2009-08-27 00:00:00-04:00,33.24817781926188,33.31055856839056,32.87390284281886,33.09846878051758,10394900,0.0,0.0
2009-08-28 00:00:00-04:00,33.1296632020788,33.30432456808321,32.84895573558413,33.1795654296875,8998800,0.0,0.0
2009-08-31 00:00:00-04:00,33.0610414299665,33.759689186354436,32.94252157205589,33.75345230102539,15366900,0.0,0.0
2009-09-01 00:00:00-04:00,33.59126010706584,33.70978232825629,32.97994310686414,33.07351303100586,14424400,0.0,0.0
2009-09-02 00:00:00-04:00,33.029845399800514,33.19826982377241,32.90508630283075,32.936275482177734,8875200,0.0,0.0
2009-09-03 00:00:00-04:00,33.029843094217235,33.07350841817139,32.76161188730925,32.97993850708008,9120800,0.0,0.0
2009-09-04 00:00:00-04:00,32.930039962936185,33.061035949371764,32.84894618960761,32.97370529174805,7527700,0.0,0.0
2009-09-08 00:00:00-04:00,33.34174828290545,33.809593200683594,33.19203686220023,33.809593200683594,15674300,0.0,0.0
2009-09-09 00:00:00-04:00,33.80959245301748,33.87197082217554,33.391649764995265,33.53512191772461,11148100,0.0,0.0
2009-09-10 00:00:00-04:00,34.45209366055838,35.13202825513072,34.420904480539484,34.957366943359375,26758300,0.0,0.0
2009-09-11 00:00:00-04:00,35.00104265353042,35.18194328271456,34.55814997897553,34.70785903930664,12500400,0.0,0.0
2009-09-14 00:00:00-04:00,34.45210415948302,34.61429175233734,34.339821173532386,34.49576950073242,11139000,0.0,0.0
2009-09-15 00:00:00-04:00,34.657955039243866,34.70162037790501,34.240012309738255,34.32734298706055,11674300,0.0,0.0
2009-09-16 00:00:00-04:00,34.35853056574982,34.58933338324882,34.06534700056041,34.50200271606445,12932200,0.0,0.0
2009-09-17 00:00:00-04:00,34.51449111379813,35.00104922053771,34.495775693058334,34.63924789428711,10665300,0.0,0.0
2009-09-18 00:00:00-04:00,35.287976390905996,35.8743410634486,35.244311063141225,35.755821228027344,25880200,0.0,0.0
2009-09-21 00:00:00-04:00,35.77454727375808,35.84316492223003,35.40027221974367,35.61859893798828,11672200,0.0,0.0
2009-09-22 00:00:00-04:00,35.74336251417684,35.874358561365206,35.531272656050554,35.705936431884766,11517000,0.0,0.0
2009-09-23 00:00:00-04:00,35.768295861688884,36.21118838431473,35.64977603128503,35.712154388427734,14611400,0.0,0.0
2009-09-24 00:00:00-04:00,35.79326723625904,36.16130545058293,35.7433626202774,36.0802116394043,13589500,0.0,0.0
2009-09-25 00:00:00-04:00,36.18000807918841,36.491904700560724,36.1301034775693,36.18624496459961,13477500,0.0,0.0
2009-09-28 00:00:00-04:00,36.31101631464179,36.59172384430492,36.18625714817115,36.27982711791992,9008100,0.0,0.0
2009-09-29 00:00:00-04:00,36.39210216596909,36.41081520399054,36.030300900336854,36.123870849609375,7625300,0.0,0.0
2009-09-30 00:00:00-04:00,36.08020565152188,36.26734317122951,35.76830899214828,36.13010787963867,14047300,0.0,0.0
2009-10-01 00:00:00-04:00,35.94920439840722,35.94920439840722,35.20688893410323,35.31917190551758,15894300,0.0,0.0
2009-10-02 00:00:00-04:00,35.18194185904667,35.50007538406367,35.05718272743082,35.4002685546875,13087600,0.0,0.0
2009-10-05 00:00:00-04:00,35.42521553144316,35.51878308140211,34.944894493657614,35.356597900390625,10879600,0.0,0.0
2009-10-06 00:00:00-04:00,35.48135691928299,35.705922845921194,35.425215437623436,35.57492446899414,12000200,0.0,0.0
2009-10-07 00:00:00-04:00,35.56243902824385,35.606106728865065,35.40649077322166,35.5250129699707,7593900,0.0,0.0
2009-10-08 00:00:00-04:00,35.787017640028445,36.08643811074542,35.64354547986713,35.9616813659668,12817100,0.0,0.0
2009-10-09 00:00:00-04:00,35.768297589074365,35.94919816493908,35.74334529317952,35.90553283691406,6466800,0.0,0.0
2009-10-12 00:00:00-04:00,35.97415053746157,36.41080622710717,35.818202246843995,35.868106842041016,7928200,0.0,0.0
2009-10-13 00:00:00-04:00,35.787020505420564,35.787020505420564,35.45017393613236,35.71840286254883,11280500,0.0,0.0
2009-10-14 00:00:00-04:00,35.861882455529674,35.861882455529674,35.57493569230817,35.74959945678711,8385300,0.0,0.0
2009-10-15 00:00:00-04:00,35.73088636021846,35.82445632511475,35.47513115302939,35.705936431884766,11793900,0.0,0.0
2009-10-16 00:00:00-04:00,35.63105583155007,35.986617654554784,35.618579685882004,35.83066940307617,12248700,0.0,0.0
2009-10-19 00:00:00-04:00,35.87435510087737,36.192491047170506,35.69345683488824,36.04901885986328,7892600,0.0,0.0
2009-10-20 00:00:00-04:00,36.13633024363775,36.710218686265286,36.10514106820479,36.26108932495117,11321300,0.0,0.0
2009-10-21 00:00:00-04:00,36.405673594964135,36.60681212544027,36.07882917755352,36.135398864746094,11468700,0.44,0.0
2009-10-22 00:00:00-04:00,36.12910348417632,36.65708630744116,36.05996250529037,36.537662506103516,10267200,0.0,0.0
2009-10-23 00:00:00-04:00,36.53766630427764,36.53766630427764,35.95939820071754,36.22967529296875,10811700,0.0,0.0
2009-10-26 00:00:00-04:00,36.23595859289151,36.36795370005695,35.56340935421279,35.76454544067383,10452900,0.0,0.0
2009-10-27 00:00:00-04:00,35.751967935685,36.091383524146764,35.619970453678405,35.94053268432617,10433200,0.0,0.0
2009-10-28 00:00:00-04:00,35.81483566929029,36.40567274572771,35.8085512142963,35.97197341918945,15642700,0.0,0.0
2009-10-29 00:00:00-04:00,37.3296436975533,37.70048888536193,37.02793950373589,37.423927307128906,26539900,0.0,0.0
2009-10-30 00:00:00-04:00,37.197645826436826,37.42392455458998,36.36795875502967,36.455955505371094,21382000,0.0,0.0
2009-11-02 00:00:00-05:00,36.70109209322997,37.07822412762378,36.45595758962646,37.05308151245117,14739500,0.0,0.0
2009-11-03 00:00:00-05:00,36.738794774118965,37.03421201993987,36.581657073971094,36.82050704956055,12101200,0.0,0.0
2009-11-04 00:00:00-05:00,37.04679335383107,37.499350820057536,36.895942463576695,37.103363037109375,13176000,0.0,0.0
2009-11-05 00:00:00-05:00,37.23536262294032,38.1153325920513,37.13479455796387,38.008480072021484,16328800,0.0,0.0
2009-11-06 00:00:00-05:00,37.81991530259516,38.5804638908469,37.71306277564218,38.366756439208984,16008900,0.0,0.0
2009-11-09 00:00:00-05:00,38.46103005307305,38.907303029958264,38.24103818947093,38.87587356567383,14313000,0.0,0.0
2009-11-10 00:00:00-05:00,38.70616289950012,39.1964318003635,38.63702192163862,38.88215637207031,15118900,0.0,0.0
2009-11-11 00:00:00-05:00,38.888448284852906,39.146154089574786,38.66845640194338,39.11472702026367,9838800,0.0,0.0
2009-11-12 00:00:00-05:00,39.03928594745945,39.045570399713405,38.47987618535812,38.53015899658203,14167900,0.0,0.0
2009-11-13 00:00:00-05:00,38.530165924469145,38.87586840613349,38.36674376144404,38.72501754760742,11793200,0.0,0.0
2009-11-16 00:00:00-05:00,38.97014924367364,39.39756397558402,38.92615087989442,39.13985824584961,12542100,0.0,0.0
2009-11-17 00:00:00-05:00,39.083284834041066,39.39756020105797,39.02043071972999,39.16499710083008,11532100,0.0,0.0
2009-11-18 00:00:00-05:00,39.08956993661425,39.25299447291075,38.80672401977865,39.22785186767578,11983300,0.0,0.0
2009-11-19 00:00:00-05:00,39.07072231996332,39.1524346051322,38.662163291850256,39.06443786621094,9302600,0.0,0.0
2009-11-20 00:00:00-05:00,38.970147277562255,39.108429212595226,38.64330059331306,38.84443664550781,12353500,0.0,0.0
2009-11-23 00:00:00-05:00,39.09586583538736,39.57356345675918,39.04558061327908,39.42899703979492,10581500,0.0,0.0
2009-11-24 00:00:00-05:00,39.45413237271552,39.56727170385689,39.20899795448621,39.47298812866211,9769700,0.0,0.0
2009-11-25 00:00:00-05:00,39.561000485460994,39.90041861300225,39.410149582819464,39.51700210571289,8235200,0.0,0.0
2009-11-27 00:00:00-05:00,38.9010131047492,39.44156723858838,38.71873277631854,39.27185821533203,6195500,0.0,0.0
2009-11-30 00:00:00-05:00,39.20271488962706,39.598702586860384,39.045577180949046,39.19014358520508,12382400,0.0,0.0
2009-12-01 00:00:00-05:00,39.35356476194408,39.81869099691715,39.34727791140796,39.54212951660156,9560600,0.0,0.0
2009-12-02 00:00:00-05:00,39.55469463782074,39.84382737628819,39.504409432314795,39.718116760253906,9023800,0.0,0.0
2009-12-03 00:00:00-05:00,39.655270903737836,39.824979911042576,39.23414061204139,39.322139739990234,9844300,0.0,0.0
2009-12-04 00:00:00-05:00,39.69299114496097,39.78727234334316,39.127294363741996,39.347286224365234,11300000,0.0,0.0
2009-12-07 00:00:00-05:00,39.21529018612864,39.4289975875952,38.99529833067691,39.26557540893555,8948000,0.0,0.0
2009-12-08 00:00:00-05:00,39.05814435894004,39.15871238595987,38.71872636859902,38.88843536376953,11168700,0.0,0.0
2009-12-09 00:00:00-05:00,38.92615818071312,39.22786233081304,38.781591758648446,39.121009826660156,9118300,0.0,0.0
2009-12-10 00:00:00-05:00,39.19014841290126,39.50442386897178,39.020441776626846,39.121009826660156,10030400,0.0,0.0
2009-12-11 00:00:00-05:00,39.152441338573745,39.50442835479356,39.102156108981355,39.183868408203125,8932500,0.0,0.0
2009-12-14 00:00:00-05:00,39.30957461463887,39.64899268259776,39.215291018739805,39.6049919128418,9535800,0.0,0.0
2009-12-15 00:00:00-05:00,39.41015019659127,39.485575649086705,38.90102299735027,39.045589447021484,11430900,0.0,0.0
2009-12-16 00:00:00-05:00,39.20900645484109,39.39128439654737,39.045581875437804,39.07072448730469,9871800,0.0,0.0
2009-12-17 00:00:00-05:00,38.97014236024034,39.04556777086334,38.68100962141002,38.71243667602539,10983600,0.0,0.0
2009-12-18 00:00:00-05:00,38.95759019822496,38.97016150579336,37.970765332558095,38.687313079833984,22847800,0.0,0.0
2009-12-21 00:00:00-05:00,38.750153189162475,38.8758614160876,38.48616063761209,38.53015899658203,9550100,0.0,0.0
2009-12-22 00:00:00-05:00,38.42959097640348,38.65586962123789,38.354165560702256,38.53015899658203,7178900,0.0,0.0
2009-12-23 00:00:00-05:00,38.37931553550659,38.5615934586448,38.19074836344517,38.53645324707031,5630600,0.0,0.0
2009-12-24 00:00:00-05:00,38.49875287783058,38.64331933560316,38.37304218480554,38.517608642578125,3357000,0.0,0.0
2009-12-28 00:00:00-05:00,38.66845783715384,38.75017013858092,38.209615894532476,38.498748779296875,6880600,0.0,0.0
2009-12-29 00:00:00-05:00,38.44216890198877,38.894726269630404,38.43588444865203,38.70616149902344,7281400,0.0,0.0
2009-12-30 00:00:00-05:00,38.58046745680093,38.901027465020874,38.44218544656809,38.574180603027344,5666200,0.0,0.0
2009-12-31 00:00:00-05:00,38.668445317613916,38.674729770582026,38.0650371279736,38.10903549194336,5942200,0.0,0.0
2010-01-04 00:00:00-05:00,38.410749694548066,38.53646036656997,38.10904552033449,38.41703414916992,9190800,0.0,0.0
2010-01-05 00:00:00-05:00,38.423315308272215,38.5175965000201,38.090181717115435,38.42959976196289,8649400,0.0,0.0
2010-01-06 00:00:00-05:00,38.30389176057743,38.31646306656046,38.02733022214515,38.24732208251953,9908400,0.0,0.0
2010-01-07 00:00:00-05:00,38.077604196113214,38.15302961199562,37.8638968530041,38.03989028930664,8972800,0.0,0.0
2010-01-08 00:00:00-05:00,37.93933356772339,38.04618607223467,37.750768772994896,37.98961639404297,8464600,0.0,0.0
2010-01-11 00:00:00-05:00,37.763342562066526,37.88276638044306,37.090790833684466,37.838768005371094,14774600,0.0,0.0
2010-01-12 00:00:00-05:00,38.153029533393465,38.56787291648818,38.0273189086946,38.27245330810547,13460700,0.0,0.0
2010-01-13 00:00:00-05:00,38.36675284503615,38.83816608556999,38.28504054531207,38.66845703125,16968100,0.0,0.0
2010-01-14 00:00:00-05:00,38.6055910637865,38.80672953652923,38.58045085270841,38.70616149902344,9139500,0.0,0.0
2010-01-15 00:00:00-05:00,38.718727247677506,38.88215179387697,37.989608435796924,38.228458404541016,15768300,0.0,0.0
2010-01-19 00:00:00-05:00,38.21589466894012,38.863303733656394,38.21589466894012,38.79416275024414,11577700,0.0,0.0
2010-01-20 00:00:00-05:00,38.597916131940636,38.64223042250964,38.04714866638696,38.26872253417969,11557800,0.44,0.0
2010-01-21 00:00:00-05:00,38.33835613180504,38.57258913209096,37.6356547159998,37.88254928588867,14298400,0.0,0.0
2010-01-22 00:00:00-05:00,37.82556757931183,38.42064676891921,37.49004448904829,38.180084228515625,17703200,0.0,0.0
2010-01-25 00:00:00-05:00,38.50927698581657,38.604235118863734,38.07879335415103,38.38266372680664,11630800,0.0,0.0
2010-01-26 00:00:00-05:00,38.09146071845956,38.585252293556515,37.98384099481575,38.420654296875,13079000,0.0,0.0
2010-01-27 00:00:00-05:00,38.275050136563785,38.604243717333325,37.95218854837597,38.49662399291992,15228400,0.0,0.0
2010-01-28 00:00:00-05:00,39.04105036323466,40.07927720931504,38.98407692940272,39.04738235473633,26930000,0.0,0.0
2010-01-29 00:00:00-05:00,39.192991312183146,39.40190358692727,38.91444402747178,38.965087890625,17067100,0.0,0.0
2010-02-01 00:00:00-05:00,39.15500609942601,39.40190307956645,38.93976425016461,39.24363708496094,12908100,0.0,0.0
2010-02-02 00:00:00-05:00,39.20565220742261,39.90835360682553,39.03472464419373,39.819725036621094,17680700,0.0,0.0
2010-02-03 00:00:00-05:00,39.71843291333148,39.794399910434265,39.477867938400834,39.66145706176758,11083500,0.0,0.0
2010-02-04 00:00:00-05:00,39.3765870521988,39.4652156387925,38.81316039604068,38.87013626098633,14306600,0.0,0.0
2010-02-05 00:00:00-05:00,38.6738694616972,38.89544083616345,38.2560474305988,38.80681228637695,14844400,0.0,0.0
2010-02-08 00:00:00-05:00,38.65488892730248,38.9397657969505,38.49662292641024,38.623233795166016,11431800,0.0,0.0
2010-02-09 00:00:00-05:00,38.857486474374895,39.249985654736655,38.623250950252995,39.09804916381836,11427100,0.0,0.0
2010-02-10 00:00:00-05:00,39.08537429053961,39.15500930531169,38.756180705013136,39.04105758666992,9854600,0.0,0.0
2010-02-11 00:00:00-05:00,38.88278101483599,39.35124933252121,38.78782288506595,39.22463607788086,10383400,0.0,0.0
2010-02-12 00:00:00-05:00,39.09804916381836,39.33228468794026,38.80051059214911,39.09804916381836,16188300,0.0,0.0
2010-02-16 00:00:00-05:00,39.62980666351242,39.800734238609046,39.47154065860231,39.775413513183594,13273100,0.0,0.0
2010-02-17 00:00:00-05:00,39.75641033897622,39.86403245206926,39.57282123807731,39.788063049316406,14384400,0.0,0.0
2010-02-18 00:00:00-05:00,39.71210642448275,40.19956601875587,39.471541416216674,40.12992858886719,17709000,0.0,0.0
2010-02-19 00:00:00-05:00,40.05395220789496,40.35149300599029,39.89568623698417,40.167903900146484,10897800,0.0,0.0
2010-02-22 00:00:00-05:00,40.319841892546485,40.44012558797563,40.072947339745845,40.1489143371582,9675300,0.0,0.0
2010-02-23 00:00:00-05:00,40.02863752228758,40.402145389075706,39.83238680755227,40.01597595214844,11948500,0.0,0.0
2010-02-24 00:00:00-05:00,40.022305205808934,40.490771194160295,39.965329351555674,40.44645690917969,12808800,0.0,0.0
2010-02-25 00:00:00-05:00,40.02864242177208,40.427473477655205,39.88936754814195,40.3261833190918,10085600,0.0,0.0
2010-02-26 00:00:00-05:00,40.357820629892856,40.44011960697033,39.971651293160406,40.060279846191406,10640900,0.0,0.0
2010-03-01 00:00:00-05:00,40.17423412911331,40.38947594964687,39.97798586756163,40.20588684082031,7748600,0.0,0.0
2010-03-02 00:00:00-05:00,40.3388324491291,40.43379058508631,40.098267491132674,40.33250045776367,8004000,0.0,0.0
2010-03-03 00:00:00-05:00,40.3008423926593,40.45277877093526,40.15523800490769,40.231204986572266,8608300,0.0,0.0
2010-03-04 00:00:00-05:00,40.29452315760799,40.61105514654459,40.14258674034156,40.30718231201172,8600300,0.0,0.0
2010-03-05 00:00:00-05:00,40.31985092163086,40.37682678618592,39.91469029143831,40.31985092163086,10101100,0.0,0.0
2010-03-08 00:00:00-05:00,40.23120306217389,40.30717004020471,39.90200960411145,40.003299713134766,11293300,0.0,0.0
2010-03-09 00:00:00-05:00,39.9336722243942,40.19955790490556,39.91467866510972,40.07294464111328,7100900,0.0,0.0
2010-03-10 00:00:00-05:00,40.0286371906341,40.066621900736806,39.79440418236966,39.88936233520508,9813200,0.0,0.0
2010-03-11 00:00:00-05:00,39.73109404361992,39.99698216912812,39.572828049729715,39.99065017700195,10047900,0.0,0.0
2010-03-12 00:00:00-05:00,40.09194142795545,40.2312138558865,39.92101387031761,40.085609436035156,8099000,0.0,0.0
2010-03-15 00:00:00-04:00,40.003319278394265,40.3261833190918,40.003319278394265,40.3261833190918,7674900,0.0,0.0
2010-03-16 00:00:00-04:00,40.338835330806646,40.452787034053344,40.14891421543062,40.21855163574219,8939300,0.0,0.0
2010-03-17 00:00:00-04:00,40.37681596406501,40.53508194374849,40.117259853982,40.522422790527344,10135400,0.0,0.0
2010-03-18 00:00:00-04:00,40.452787379982105,40.598389383773515,40.29452139244688,40.34516525268555,8867400,0.0,0.0
2010-03-19 00:00:00-04:00,40.41480255126953,40.51609268638761,40.21222228103338,40.41480255126953,17458100,0.0,0.0
2010-03-22 00:00:00-04:00,40.21222490379895,40.57940076194508,40.21222490379895,40.440128326416016,9648000,0.0,0.0
2010-03-23 00:00:00-04:00,40.471789839564586,40.88328248816759,40.30086223545017,40.851627349853516,11807900,0.0,0.0
2010-03-24 00:00:00-04:00,40.72500620085995,40.769320485402666,40.186900379352544,40.26919937133789,11732100,0.0,0.0
2010-03-25 00:00:00-04:00,40.478123561104766,40.592077723791995,40.25022248057504,40.275543212890625,8203200,0.0,0.0
2010-03-26 00:00:00-04:00,40.313521343323785,40.471787365426984,40.136264171351506,40.31985092163086,10630300,0.0,0.0
2010-03-29 00:00:00-04:00,40.34516525268555,40.54141594661026,40.256536686057395,40.34516525268555,8176700,0.0,0.0
2010-03-30 00:00:00-04:00,40.34516801559685,40.497104436612375,40.20589316424491,40.30085372924805,6113600,0.0,0.0
2010-03-31 00:00:00-04:00,40.21855829783663,40.30718687838797,39.99698684645829,40.05396270751953,8193800,0.0,0.0
2010-04-01 00:00:00-04:00,40.18057263719961,40.32617706662469,40.009645068323,40.11093521118164,10554900,0.0,0.0
2010-04-05 00:00:00-04:00,40.12991804693094,40.446449979675236,40.07294220243908,40.36415100097656,8579800,0.0,0.0
2010-04-06 00:00:00-04:00,40.25020807280119,40.25653764987733,39.88935939082993,39.952667236328125,11052300,0.0,0.0
2010-04-07 00:00:00-04:00,39.826061611165755,39.88303747558594,39.38291626733634,39.566505432128906,14043500,0.0,0.0
2010-04-08 00:00:00-04:00,39.53484332399006,39.788067449663814,39.325931065735624,39.6044807434082,8458800,0.0,0.0
2010-04-09 00:00:00-04:00,39.61081465302471,39.88303236873729,39.57282994329242,39.71210479736328,9146700,0.0,0.0
2010-04-12 00:00:00-04:00,39.53484922659436,39.87037239030608,39.509526085762026,39.693115234375,9164400,0.0,0.0
2010-04-13 00:00:00-04:00,39.629799594382,40.09826794792787,39.6171404414012,39.883026123046875,11229400,0.0,0.0
2010-04-14 00:00:00-04:00,39.83237220135542,40.02862284412726,39.69942938606482,40.003299713134766,7685600,0.0,0.0
2010-04-15 00:00:00-04:00,39.90201726746524,39.97165468359543,39.705769001949754,39.883026123046875,11314800,0.0,0.0
2010-04-16 00:00:00-04:00,39.75641033897622,40.19322595249064,39.648790640830164,39.788063049316406,12568700,0.0,0.0
2010-04-19 00:00:00-04:00,39.76907419303743,40.04129186452165,39.69310720086306,40.022300720214844,9548900,0.0,0.0
2010-04-20 00:00:00-04:00,40.18055921513558,40.19322078063183,39.90200960411145,40.003299713134766,11230400,0.0,0.0
2010-04-21 00:00:00-04:00,40.01597223324613,40.30085149753247,39.95899638038886,40.2818603515625,9858500,0.0,0.0
2010-04-22 00:00:00-04:00,40.20588449398611,40.35149130624398,40.028627386815785,40.25653076171875,8372900,0.0,0.0
2010-04-23 00:00:00-04:00,40.18689551566039,40.28818564163454,40.0096383989424,40.22488021850586,8452600,0.0,0.0
2010-04-26 00:00:00-04:00,40.167907474177056,40.51609215817189,40.13625476016794,40.47810745239258,9262400,0.0,0.0
2010-04-27 00:00:00-04:00,40.03496622800209,40.45278834850066,39.90835295195308,39.952667236328125,12849900,0.0,0.0
2010-04-28 00:00:00-04:00,39.966706690857976,40.48343349143523,39.813600921425014,40.298431396484375,13090000,0.482,0.0
2010-04-29 00:00:00-04:00,39.73066008812439,40.170837560777144,38.80565467693965,39.67962646484375,27302400,0.0,0.0
2010-04-30 00:00:00-04:00,39.890153317610334,40.18998413672622,39.62222125812833,39.654117584228516,15768900,0.0,0.0
2010-05-03 00:00:00-04:00,39.81998267238854,40.08791718378904,39.449980883877394,39.98584747314453,9756600,0.0,0.0
2010-05-04 00:00:00-04:00,39.74341344547553,39.8901384376314,39.27134215480582,39.36703109741211,11402600,0.0,0.0
2010-05-05 00:00:00-04:00,39.30963142186564,39.91567135190396,39.23307975251845,39.654117584228516,11611000,0.0,0.0
2010-05-06 00:00:00-04:00,39.49462540613592,39.979455790439346,25.115544562866873,38.75461959838867,28560400,0.0,0.0
2010-05-07 00:00:00-04:00,38.66531071855453,39.04169314709899,38.27616927489444,38.47393035888672,23976600,0.0,0.0
2010-05-10 00:00:00-04:00,39.27771695400161,39.99858527186975,39.016163307133716,39.81996154785156,16011300,0.0,0.0
2010-05-11 00:00:00-04:00,39.57755684257666,40.1708376194713,39.53927979991042,39.7880744934082,12397400,0.0,0.0
2010-05-12 00:00:00-04:00,39.62220659063925,40.27290162304798,39.61582586766104,40.202728271484375,11004800,0.0,0.0
2010-05-13 00:00:00-04:00,40.13255290658537,40.45789918970164,40.01772423406605,40.03048324584961,11157600,0.0,0.0
2010-05-14 00:00:00-04:00,40.03688211545781,40.31757565191782,39.6477430069241,39.89653778076172,14651600,0.0,0.0
2010-05-17 00:00:00-04:00,40.19634641806679,40.49617711775815,39.97306979076432,40.4323844909668,14659000,0.0,0.0
2010-05-18 00:00:00-04:00,40.44515734582878,40.79602178033388,40.27291427430078,40.32394790649414,15873100,0.0,0.0
2010-05-19 00:00:00-04:00,40.25376056420555,40.572728563711244,40.06876097397711,40.33031463623047,15928300,0.0,0.0
2010-05-20 00:00:00-04:00,39.85186714024621,39.896522470540454,39.28410442633393,39.30324172973633,23365800,0.0,0.0
2010-05-21 00:00:00-04:00,38.53135043386045,39.475495790867235,38.51221069157721,39.456356048583984,23162500,0.0,0.0
2010-05-24 00:00:00-04:00,39.188429761518265,39.53929426360781,38.91411693923113,39.16929244995117,12718900,0.0,0.0
2010-05-25 00:00:00-04:00,38.371861863368174,38.990658297730164,38.308066785808485,38.94600296020508,18250900,0.0,0.0
2010-05-26 00:00:00-04:00,38.83117847160513,39.04807689179875,38.48669474950179,38.55686569213867,17432200,0.0,0.0
2010-05-27 00:00:00-04:00,38.83755444092522,39.022554079453435,38.66531138419894,38.88220977783203,14963400,0.0,0.0
2010-05-28 00:00:00-04:00,38.8822049926952,39.34789804422122,38.81840992386989,38.97151565551758,13952100,0.0,0.0
2010-06-01 00:00:00-04:00,38.84393126617899,39.386178446568486,38.60789557521568,39.01617431640625,15341700,0.0,0.0
2010-06-02 00:00:00-04:00,39.01617294582376,39.44359141104715,38.93962129292299,39.38617706298828,12985200,0.0,0.0
2010-06-03 00:00:00-04:00,39.53289649632538,39.6413444531609,39.36065347646941,39.42444610595703,10739800,0.0,0.0
2010-06-04 00:00:00-04:00,38.99065363895936,38.99065363895936,38.63978927167069,38.78651428222656,17909700,0.0,0.0
2010-06-07 00:00:00-04:00,38.73548315387875,38.95875982920231,38.65255077438718,38.671688079833984,13182300,0.0,0.0
2010-06-08 00:00:00-04:00,38.709967373798115,39.705148684929796,38.58876037636928,39.641353607177734,15336800,0.0,0.0
2010-06-09 00:00:00-04:00,39.839109110441804,39.93479806334936,39.086344333277054,39.213932037353516,14211600,0.0,0.0
2010-06-10 00:00:00-04:00,39.53291359000746,39.737053012875315,39.3415307517267,39.49463653564453,14756000,0.0,0.0
2010-06-11 00:00:00-04:00,39.13737718339581,39.16927593393599,38.518580846150904,38.92047882080078,19772400,0.0,0.0
2010-06-14 00:00:00-04:00,39.16290764373309,39.37342778317516,39.048078919225375,39.0735969543457,10972800,0.0,0.0
2010-06-15 00:00:00-04:00,39.30325613089765,39.50739555376551,39.1310130365653,39.49463653564453,11944100,0.0,0.0
2010-06-16 00:00:00-04:00,39.24583275293519,39.38617948650006,38.80565767975445,39.03531265258789,14628800,0.0,0.0
2010-06-17 00:00:00-04:00,39.02895818131318,39.4372371824583,38.80568136304158,39.39896011352539,12060100,0.0,0.0
2010-06-18 00:00:00-04:00,39.42444437993369,39.51375503071942,39.04168375269978,39.10547637939453,17518700,0.0,0.0
2010-06-21 00:00:00-04:00,39.3734313679087,39.418086716668014,38.77376965565389,38.977909088134766,9688200,0.0,0.0
2010-06-22 00:00:00-04:00,38.95238347235793,39.3287659105412,38.71634533697405,38.7354850769043,13228700,0.0,0.0
2010-06-23 00:00:00-04:00,38.843919712305365,39.27771635417364,38.7290910463089,39.15650939941406,13424400,0.0,0.0
2010-06-24 00:00:00-04:00,38.95876066039362,39.15652174385178,38.75462128616152,38.831172943115234,12932700,0.0,0.0
2010-06-25 00:00:00-04:00,38.8439369849056,38.90773206856703,38.142208099365234,38.142208099365234,44195600,0.0,0.0
2010-06-28 00:00:00-04:00,38.276168354889435,38.875827449710734,38.00185562033007,38.671688079833984,14115500,0.0,0.0
2010-06-29 00:00:00-04:00,38.48667018037086,38.62063612197504,38.1166662271417,38.480289459228516,17814300,0.0,0.0
2010-06-30 00:00:00-04:00,38.35909240501606,38.62064606797222,38.09115801927432,38.26340103149414,17273600,0.0,0.0
2010-07-01 00:00:00-04:00,38.17410361594782,38.46117540251037,37.867894521458965,37.982723236083984,19338700,0.0,0.0
2010-07-02 00:00:00-04:00,38.040141266921715,38.20600362987871,37.77220676241113,37.88065719604492,12101900,0.0,0.0
2010-07-06 00:00:00-04:00,38.19961917823535,38.23151550056077,37.5871985953336,37.855133056640625,13959000,0.0,0.0
2010-07-07 00:00:00-04:00,37.957206428561484,38.85669643314067,37.72117070022708,38.79928207397461,15470000,0.0,0.0
2010-07-08 00:00:00-04:00,38.81203214621674,39.532900615496025,38.77375510441615,39.5201416015625,14770600,0.0,0.0
2010-07-09 00:00:00-04:00,39.5137622230116,39.5137622230116,39.143760540475505,39.392555236816406,9626800,0.0,0.0
2010-07-12 00:00:00-04:00,39.25859449855839,39.65411426284656,39.131006771310545,39.609458923339844,8324500,0.0,0.0
2010-07-13 00:00:00-04:00,39.74342411606709,40.09428853355825,39.66049173004915,39.800838470458984,10497300,0.0,0.0
2010-07-14 00:00:00-04:00,39.6860079227391,40.05601206357158,39.5520419132101,39.973079681396484,13797100,0.0,0.0
2010-07-15 00:00:00-04:00,39.94755354547845,40.11979656572427,39.775310525232626,40.01772689819336,10267200,0.0,0.0
2010-07-16 00:00:00-04:00,39.839115806189575,39.97946011408156,39.31600832173733,39.5456657409668,14142400,0.0,0.0
2010-07-19 00:00:00-04:00,39.54566278814046,39.73704314536373,39.367039012336576,39.462730407714844,9643600,0.0,0.0
2010-07-20 00:00:00-04:00,39.31601150364936,39.628598901261675,39.04807701501943,39.596702575683594,10930100,0.0,0.0
2010-07-21 00:00:00-04:00,39.681566077884575,39.74585797645947,39.128646920857086,39.28937911987305,14913600,0.482,0.0
2010-07-22 00:00:00-04:00,39.25722520795455,39.810141800254,39.22507681260911,39.4565315246582,13007300,0.0,0.0
2010-07-23 00:00:00-04:00,39.47582598556795,39.835864513678935,39.35366795417727,39.80371856689453,8461600,0.0,0.0
2010-07-26 00:00:00-04:00,39.64298844993412,40.23448420247571,39.64298844993412,40.19590759277344,7807300,0.0,0.0
2010-07-27 00:00:00-04:00,40.32450298861726,40.73597710848818,40.08661752034628,40.55595779418945,12532500,0.0,0.0
2010-07-28 00:00:00-04:00,40.42736526329768,40.58809746978852,40.221628235195716,40.31163787841797,7844500,0.0,0.0
2010-07-29 00:00:00-04:00,39.990175656075024,40.10590304729421,39.360105666425525,39.64942169189453,15776400,0.0,0.0
2010-07-30 00:00:00-04:00,39.321529388427734,39.559412382379534,39.102933475651255,39.321529388427734,11931700,0.0,0.0
2010-08-02 00:00:00-04:00,39.829439183580575,39.91944882211276,39.54654894524661,39.90016174316406,11167800,0.0,0.0
2010-08-03 00:00:00-04:00,38.48570687926269,38.704302704153804,38.286398127792616,38.537139892578125,24449800,0.0,0.0
2010-08-04 00:00:00-04:00,38.62073072286031,38.94219510540623,38.286407470703125,38.286407470703125,19654100,0.0,0.0
2010-08-05 00:00:00-04:00,38.28639758072352,38.704302151113325,38.18995976241832,38.4857063293457,12620400,0.0,0.0
2010-08-06 00:00:00-04:00,38.25425786501654,38.601439953586755,38.04209021558639,38.58858108520508,12649700,0.0,0.0
2010-08-09 00:00:00-04:00,38.826466050034824,39.10935626407448,38.48571460411815,38.820037841796875,11104800,0.0,0.0
2010-08-10 00:00:00-04:00,38.64001771713625,39.43725046325466,38.62716130013148,39.07720947265625,13450200,0.0,0.0
2010-08-11 00:00:00-04:00,38.6914610999269,38.98720780302795,38.57573370261273,38.749324798583984,12946800,0.0,0.0
2010-08-12 00:00:00-04:00,38.56929397583008,38.88432766688662,38.17710707454965,38.56929397583008,11580500,0.0,0.0
2010-08-13 00:00:00-04:00,38.4085660578668,38.96148274362826,38.376417657087174,38.459999084472656,8805300,0.0,0.0
2010-08-16 00:00:00-04:00,38.33784299580542,38.70431219614747,38.13853419545609,38.427852630615234,13138100,0.0,0.0
2010-08-17 00:00:00-04:00,38.77502775158246,39.167212167786886,38.53071417794152,38.762168884277344,10878200,0.0,0.0
2010-08-18 00:00:00-04:00,38.67859429490097,39.25723116279583,38.60144353004119,39.05792236328125,10739300,0.0,0.0
2010-08-19 00:00:00-04:00,38.9293460414971,38.98078153289798,38.47929530205625,38.69789123535156,9822700,0.0,0.0
2010-08-20 00:00:00-04:00,38.53714847226513,38.68502179076342,38.363557415094476,38.5628662109375,12107000,0.0,0.0
2010-08-23 00:00:00-04:00,38.582142355010966,38.82645589800631,38.48570454118654,38.595001220703125,8468500,0.0,0.0
2010-08-24 00:00:00-04:00,38.382849698524865,38.58858671750388,38.30569892955242,38.35713195800781,13728400,0.0,0.0
2010-08-25 00:00:00-04:00,38.44071294355874,38.51143550287288,38.18997110786585,38.36355972290039,10394900,0.0,0.0
2010-08-26 00:00:00-04:00,38.51786650333223,38.51786650333223,38.18997387579473,38.27998352050781,10264400,0.0,0.0
2010-08-27 00:00:00-04:00,38.38928367082356,38.524298149940016,38.09353696821254,38.447147369384766,10317400,0.0,0.0
2010-08-30 00:00:00-04:00,38.389269210074836,38.51785543094952,38.151386295632484,38.17067337036133,7462000,0.0,0.0
2010-08-31 00:00:00-04:00,38.13210741866144,38.41499520333929,38.09353080833227,38.36355972290039,12590100,0.0,0.0
2010-09-01 00:00:00-04:00,38.51144173033005,38.607879592879335,38.273556273701146,38.447147369384766,14748800,0.0,0.0
2010-09-02 00:00:00-04:00,38.40857372063646,38.76861233644348,38.38928418580456,38.6207389831543,10257800,0.0,0.0
2010-09-03 00:00:00-04:00,38.74287935703059,38.89718331211386,38.466422293994086,38.762168884277344,8970100,0.0,0.0
2010-09-07 00:00:00-04:00,38.58216714178512,38.86505746359734,38.52430343528529,38.665748596191406,7420600,0.0,0.0
2010-09-08 00:00:00-04:00,38.67217501350164,38.89719915152841,38.67217501350164,38.81361770629883,7719500,0.0,0.0
2010-09-09 00:00:00-04:00,39.00648000534013,39.01933887264525,38.710733415056865,38.762168884277344,7937500,0.0,0.0
2010-09-10 00:00:00-04:00,38.90361728807653,38.98077050334747,38.75574397100836,38.8328971862793,7379100,0.0,0.0
2010-09-13 00:00:00-04:00,38.99363756387775,39.051501261197004,38.71717794919453,38.88433837890625,9808100,0.0,0.0
2010-09-14 00:00:00-04:00,38.82646569314184,39.18007600486253,38.7814608781544,38.98719787597656,11011300,0.0,0.0
2010-09-15 00:00:00-04:00,38.935768772553686,39.48225726817645,38.91647924091824,39.28937911987305,9189700,0.0,0.0
2010-09-16 00:00:00-04:00,39.13507512968309,39.28937911987305,39.00006067112858,39.28937911987305,7647900,0.0,0.0
2010-09-17 00:00:00-04:00,39.4179595650714,39.520828059190464,39.09649521437703,39.199363708496094,17798000,0.0,0.0
2010-09-20 00:00:00-04:00,39.22508581063953,39.59798569949952,39.16079391035687,39.4951171875,9053600,0.0,0.0
2010-09-21 00:00:00-04:00,39.50796988724351,39.771570561356135,39.366524785619724,39.552974700927734,11303600,0.0,0.0
2010-09-22 00:00:00-04:00,39.559399674914204,39.861576930015154,39.488677129883925,39.7265625,9646300,0.0,0.0
2010-09-23 00:00:00-04:00,39.488683583464486,39.591554540377466,39.315094975120346,39.36009979248047,10107400,0.0,0.0
2010-09-24 00:00:00-04:00,39.54010590426521,39.73941463809276,39.45009629949721,39.6301155090332,10602800,0.0,0.0
2010-09-27 00:00:00-04:00,39.50797402324157,39.668706218248595,39.231514451623205,39.2443733215332,10284100,0.0,0.0
2010-09-28 00:00:00-04:00,39.225080341244315,39.30223355392009,38.800747481841306,38.97433853149414,11367300,0.0,0.0
2010-09-29 00:00:00-04:00,38.87146844781589,38.97433694127461,38.59500891178715,38.736454010009766,9709400,0.0,0.0
2010-09-30 00:00:00-04:00,38.78145869360935,38.99362634023752,38.472853214259736,38.556434631347656,13101700,0.0,0.0
2010-10-01 00:00:00-04:00,38.63356881525198,38.81358798783783,38.543559228959055,38.67857360839844,10253300,0.0,0.0
2010-10-04 00:00:00-04:00,38.5821489952318,38.80074484446448,38.369983806240874,38.55000305175781,11620700,0.0,0.0
2010-10-05 00:00:00-04:00,38.7428871622774,39.16079184986243,38.56929855013206,39.102928161621094,11412700,0.0,0.0
2010-10-06 00:00:00-04:00,39.057912426155646,39.21221636919576,38.76859406581668,39.13506317138672,7229800,0.0,0.0
2010-10-07 00:00:00-04:00,39.21221920013871,39.30865702549543,39.05791524595857,39.09006118774414,23255800,0.0,0.0
2010-10-08 00:00:00-04:00,39.21867557609575,39.861604683900595,39.15438364634723,39.7715950012207,30692500,0.0,0.0
2010-10-11 00:00:00-04:00,39.81015398652642,39.996603945259906,39.77157982442913,39.95159912109375,7425200,0.0,0.0
2010-10-12 00:00:00-04:00,39.86800857890145,39.97730773590431,39.57869261891748,39.87443923950195,24975000,0.0,0.0
2010-10-13 00:00:00-04:00,40.00944062323043,40.45949106782402,39.91300281890313,40.2666130065918,9906000,0.0,0.0
2010-10-14 00:00:00-04:00,40.29233031595002,40.401629442795816,40.19589250675662,40.375911712646484,8771400,0.0,0.0
2010-10-15 00:00:00-04:00,40.4852328422388,40.504519924044,40.21520143407073,40.350215911865234,9943500,0.0,0.0
2010-10-18 00:00:00-04:00,40.42734795400747,40.83882183403559,40.273044022708035,40.729522705078125,11449200,0.0,0.0
2010-10-19 00:00:00-04:00,40.49166062052471,40.864560548645535,40.440227585399214,40.62024688720703,12109100,0.0,0.0
2010-10-20 00:00:00-04:00,40.73815504909059,41.21757850962111,40.66688879839281,41.05561065673828,10344900,0.482,0.0
2010-10-21 00:00:00-04:00,41.1981321548987,41.45080154248341,40.55673854135604,41.14630126953125,9612900,0.0,0.0
2010-10-22 00:00:00-04:00,41.15927186191421,41.26941129204576,40.90012476833622,41.075050354003906,5933400,0.0,0.0
2010-10-25 00:00:00-04:00,41.28884709632799,41.34067799847093,41.12687923428147,41.16575241088867,8928400,0.0,0.0
2010-10-26 00:00:00-04:00,40.893649976887446,41.10096866722795,40.504928050357435,40.72520446777344,12935900,0.0,0.0
2010-10-27 00:00:00-04:00,41.0297008671791,41.04265612155524,40.640976507190715,40.867733001708984,13348100,0.0,0.0
2010-10-28 00:00:00-04:00,40.90011322346004,41.17869806220946,40.854762433099225,40.93898391723633,9231200,0.0,0.0
2010-10-29 00:00:00-04:00,40.964908105087254,41.3665876789254,40.93899265608266,41.185184478759766,11368300,0.0,0.0
2010-11-01 00:00:00-04:00,41.38602684048636,41.55447232159993,41.075048856668985,41.21757888793945,11926700,0.0,0.0
2010-11-02 00:00:00-04:00,41.37953968938988,41.645166826423754,41.366581966676904,41.47671890258789,8129000,0.0,0.0
2010-11-03 00:00:00-04:00,41.46376185753401,41.69699591341189,41.353624926387674,41.66460037231445,8621300,0.0,0.0
2010-11-04 00:00:00-04:00,41.807133007594025,42.11163330078125,41.71643142360621,42.11163330078125,11807500,0.0,0.0
2010-11-05 00:00:00-04:00,42.053327258017205,42.11163330078125,41.86544399322369,42.11163330078125,9747000,0.0,0.0
2010-11-08 00:00:00-05:00,42.027426689104935,42.05981729892766,41.833063258699134,41.94968032836914,7203100,0.0,0.0
2010-11-09 00:00:00-05:00,41.96911292561832,42.07277473312251,41.8589759622954,41.988548278808594,8461200,0.0,0.0
2010-11-10 00:00:00-05:00,41.897832095194445,41.98205852021156,41.6969935915973,41.833045959472656,8151400,0.0,0.0
2010-11-11 00:00:00-05:00,41.67107933789282,41.83952724986869,41.50263142591695,41.69699478149414,7003900,0.0,0.0
2010-11-12 00:00:00-05:00,41.63221954056171,41.800662553759665,41.47672683825578,41.67757034301758,9280400,0.0,0.0
2010-11-15 00:00:00-05:00,41.82010123937742,42.053335340994245,41.55447159031016,41.65165328979492,10861200,0.0,0.0
2010-11-16 00:00:00-05:00,41.69701543363322,41.703495533459446,40.88069585590527,41.107452392578125,14384500,0.0,0.0
2010-11-17 00:00:00-05:00,41.06857335456995,41.139839613897415,40.90660548207429,40.99082946777344,7938500,0.0,0.0
2010-11-18 00:00:00-05:00,41.19813651427394,41.638686729350816,41.14630562342201,41.47671890258789,11296700,0.0,0.0
2010-11-19 00:00:00-05:00,41.612779456586004,41.61925461129571,41.21109743560553,41.49616241455078,9495800,0.0,0.0
2010-11-22 00:00:00-05:00,41.19166484739017,41.32771724840837,40.8353335998188,41.178707122802734,9139700,0.0,0.0
2010-11-23 00:00:00-05:00,40.861248856988624,40.90012203056827,40.375345308692644,40.563228607177734,10488100,0.0,0.0
2010-11-24 00:00:00-05:00,40.78997769233122,40.79645778953022,40.42717133504154,40.55674362182617,8766300,0.0,0.0
2010-11-26 00:00:00-05:00,40.349426074372104,40.49195855935962,40.18745824013467,40.25224685668945,3916500,0.0,0.0
2010-11-29 00:00:00-05:00,40.20041596344562,40.32351309918321,39.954224163403474,40.25224685668945,8433700,0.0,0.0
2010-11-30 00:00:00-05:00,39.850568506152634,39.94775020418842,39.53311290591113,39.56550598144531,17675200,0.0,0.0
2010-12-01 00:00:00-05:00,39.88944259318285,40.38830387642028,39.844091792109744,40.26520919799805,11598600,0.0,0.0
2010-12-02 00:00:00-05:00,40.265204175032125,40.48548052623693,40.14210704053259,40.4012565612793,7866500,0.0,0.0
2010-12-03 00:00:00-05:00,40.4595798335002,40.491972917547464,40.148601778065505,40.3818359375,8971900,0.0,0.0
2010-12-06 00:00:00-05:00,40.32999240502766,40.38182330043045,40.2004176379538,40.2068977355957,5849500,0.0,0.0
2010-12-07 00:00:00-05:00,40.291122176158886,40.57618717882788,40.17450512441854,40.26520919799805,9882400,0.0,0.0
2010-12-08 00:00:00-05:00,40.34941548372529,40.60856493905857,40.34941548372529,40.576171875,8344500,0.0,0.0
2010-12-09 00:00:00-05:00,40.59562179358568,40.796462817145525,40.51139781964984,40.73167419433594,8541200,0.0,0.0
2010-12-10 00:00:00-05:00,41.01025504757212,41.3277130894341,40.85476731103676,40.94546890258789,11510100,0.0,0.0
2010-12-13 00:00:00-05:00,41.016730247654344,41.15278261873679,40.913070945196374,40.93898391723633,8783600,0.0,0.0
2010-12-14 00:00:00-05:00,41.02969972975797,41.269411472007114,40.94547575004698,41.1722297668457,8626100,0.0,0.0
2010-12-15 00:00:00-05:00,41.21109443670903,41.40545533547989,41.17870136548604,41.23052978515625,11074500,0.0,0.0
2010-12-16 00:00:00-05:00,41.373055844922376,41.949660826099006,40.913067879200845,41.78769302368164,14337400,0.0,0.0
2010-12-17 00:00:00-05:00,41.81362515722908,42.1375608913791,41.65165729015407,41.988548278808594,23534700,0.0,0.0
2010-12-20 00:00:00-05:00,42.02092356624165,42.31246360924481,41.89782646490648,42.09218978881836,10616100,0.0,0.0
2010-12-21 00:00:00-05:00,42.25418171887869,42.35783859275325,41.878415047490044,42.027427673339844,8193900,0.0,0.0
2010-12-22 00:00:00-05:00,41.64516630757277,42.09219908558598,41.638686210580566,42.07923889160156,7083400,0.0,0.0
2010-12-23 00:00:00-05:00,41.956160065591035,42.29953117252784,41.956160065591035,42.26713562011719,5950800,0.0,0.0
2010-12-27 00:00:00-05:00,42.137564278593594,42.182915087305425,41.70349154622785,41.897850036621094,7195800,0.0,0.0
2010-12-28 00:00:00-05:00,41.9820616850498,42.001497032944954,41.72291217976121,41.956146240234375,4648400,0.0,0.0
2010-12-29 00:00:00-05:00,41.93023428231229,41.98206517625337,41.69052010498436,41.72291564941406,4916400,0.0,0.0
2010-12-30 00:00:00-05:00,41.77474553617198,41.781220690608926,41.502635820974874,41.64516830444336,3819900,0.0,0.0
2010-12-31 00:00:00-05:00,41.51560248526564,41.755311751303786,41.47025168280977,41.67757034301758,5245600,0.0,0.0
2011-01-03 00:00:00-05:00,41.716426687191245,42.040362291187364,41.46375731150347,41.962615966796875,10004000,0.0,0.0
2011-01-04 00:00:00-05:00,41.72939273987424,42.08571898859377,41.69051710078674,42.07923889160156,11333200,0.0,0.0
2011-01-05 00:00:00-05:00,41.89782924477554,42.16993396201425,41.87839389966776,41.9820556640625,7459600,0.0,0.0
2011-01-06 00:00:00-05:00,41.910804748535156,41.969110805160106,41.66461043958502,41.910804748535156,11585100,0.0,0.0
2011-01-07 00:00:00-05:00,41.87191450150725,42.02740715069077,41.57389433820309,41.78769302368164,11940000,0.0,0.0
2011-01-10 00:00:00-05:00,41.72291022509547,41.80713170965067,41.5609424097363,41.69699478149414,12253700,0.0,0.0
2011-01-11 00:00:00-05:00,41.787701467419424,41.85248761290422,41.29532033600904,41.489681243896484,9624200,0.0,0.0
2011-01-12 00:00:00-05:00,41.72938352323849,42.11162513263662,41.075032271790796,42.09218978881836,10150600,0.0,0.0
2011-01-13 00:00:00-05:00,42.059803760817374,42.43557030245514,42.05332860665745,42.42261505126953,9899100,0.0,0.0
2011-01-14 00:00:00-05:00,42.338403830507495,42.53924736753983,42.28657292141092,42.455020904541016,10947000,0.0,0.0
2011-01-18 00:00:00-05:00,42.53276673960411,42.72065007559358,42.39671431206707,42.435585021972656,12395900,0.0,0.0
2011-01-19 00:00:00-05:00,42.49561560543135,42.86111154717454,42.45645674867565,42.65225601196289,11763500,0.482,0.0
2011-01-20 00:00:00-05:00,42.711013081826806,43.01124269951564,42.652269798197274,42.94597625732422,12492800,0.0,0.0
2011-01-21 00:00:00-05:00,43.01122927973606,43.0438600008956,42.76320990547778,43.017757415771484,9554100,0.0,0.0
2011-01-24 00:00:00-05:00,43.01124407381383,43.53338060753892,42.93944949125617,43.45506286621094,10568200,0.0,0.0
2011-01-25 00:00:00-05:00,43.44850607453861,43.696520391034426,43.38323967330363,43.53335189819336,11064100,0.0,0.0
2011-01-26 00:00:00-05:00,43.65738148970375,43.676960921067774,43.12218878787931,43.14829635620117,9499500,0.0,0.0
2011-01-27 00:00:00-05:00,42.00611146727122,42.09748545594667,41.209848154948936,41.88862991333008,23967100,0.0,0.0
2011-01-28 00:00:00-05:00,41.70588072811712,41.99305397870491,41.666719381352756,41.90167999267578,14927400,0.0,0.0
2011-01-31 00:00:00-05:00,41.99959586861381,42.00612400675622,41.12501208917199,41.20333480834961,12568400,0.0,0.0
2011-02-01 00:00:00-05:00,41.39911885130442,41.51660038987278,40.935720832370436,41.066253662109375,14623900,0.0,0.0
2011-02-02 00:00:00-05:00,40.961840501074306,41.08585021917252,40.661610902082366,40.981422424316406,11626100,0.0,0.0
2011-02-03 00:00:00-05:00,40.89656829708107,41.203325990490015,40.890042650090415,41.0532112121582,8546700,0.0,0.0
2011-02-04 00:00:00-05:00,41.00751654082756,41.5818679792129,40.96835519694729,41.5166015625,9827300,0.0,0.0
2011-02-07 00:00:00-05:00,41.73851711029188,42.29329169437903,41.64061498081927,42.130123138427734,12847100,0.0,0.0
2011-02-08 00:00:00-05:00,42.025700889241165,42.260664052993135,41.96696258805822,42.18886947631836,8193700,0.0,0.0
2011-02-09 00:00:00-05:00,42.188872027118386,42.345512485920366,41.823375963410285,42.02570343017578,11019900,0.0,0.0
2011-02-10 00:00:00-05:00,42.18232706876843,42.28675731933511,41.823359286339404,42.149696350097656,10977000,0.0,0.0
2011-02-11 00:00:00-05:00,41.82335380286017,42.4042333018298,41.82335380286017,42.24759292602539,8951600,0.0,0.0
2011-02-14 00:00:00-05:00,42.29980455385868,42.33896838381913,41.99957508153759,42.12358474731445,7093800,0.0,0.0
2011-02-15 00:00:00-05:00,42.22802976161271,42.22802976161271,41.55577595700484,41.71894454956055,11785000,0.0,0.0
2011-02-16 00:00:00-05:00,41.836426599843634,41.842954737881215,41.575358342709244,41.61451721191406,9851200,0.0,0.0
2011-02-17 00:00:00-05:00,41.49702671349951,41.90820966571118,41.41217837060867,41.771148681640625,7364600,0.0,0.0
2011-02-18 00:00:00-05:00,41.86252301486174,42.01916342944197,41.72546202966543,41.96695327758789,9093700,0.0,0.0
2011-02-22 00:00:00-05:00,41.5949203862484,42.01263390457442,41.523125836383706,41.816829681396484,9437500,0.0,0.0
2011-02-23 00:00:00-05:00,41.777678893043834,42.03222144460537,41.705884329320405,41.86905288696289,11711100,0.0,0.0
2011-02-24 00:00:00-05:00,41.98001599498108,42.02570300247964,41.007532561363064,41.151119232177734,15218000,0.0,0.0
2011-02-25 00:00:00-05:00,41.09237356404039,41.19027570549885,40.811723414264705,41.01405334472656,11370400,0.0,0.0
2011-02-28 00:00:00-05:00,40.9879506368957,41.27512895803539,40.87046904911222,41.151119232177734,11558200,0.0,0.0
2011-03-01 00:00:00-05:00,41.39912435772316,41.54271347723947,40.890039282717275,40.94878005981445,12134200,0.0,0.0
2011-03-02 00:00:00-05:00,40.85740564440974,41.0140485544972,40.67465765743652,40.7333984375,10020700,0.0,0.0
2011-03-03 00:00:00-05:00,40.9226663621182,41.0858348862975,40.5375885454649,40.824764251708984,14193800,0.0,0.0
2011-03-04 00:00:00-05:00,40.79866157050859,40.94225068568337,40.178623096263465,40.48537826538086,11875900,0.0,0.0
2011-03-07 00:00:00-05:00,40.46578820449349,40.55063652205332,40.1198717794666,40.276512145996094,11300700,0.0,0.0
2011-03-08 00:00:00-05:00,40.30263799690582,40.628975146678336,40.289584212144334,40.49843978881836,10944000,0.0,0.0
2011-03-09 00:00:00-05:00,40.52454965829125,40.66161067143337,40.30264028426139,40.4658088684082,8781500,0.0,0.0
2011-03-10 00:00:00-05:00,40.28304166807771,40.41357448143135,39.950176520666,40.13292694091797,12106800,0.0,0.0
2011-03-11 00:00:00-05:00,39.94365087589984,40.26998788879158,39.89143575875533,40.13292694091797,9586700,0.0,0.0
2011-03-14 00:00:00-04:00,39.83922612754761,40.06766105785018,39.676057608830355,40.04155349731445,9135600,0.0,0.0
2011-03-15 00:00:00-04:00,39.56511328754511,39.721756206797046,39.36278585863167,39.59122085571289,13092400,0.0,0.0
2011-03-16 00:00:00-04:00,39.473735696203484,39.49331512567002,38.96465061203737,38.984230041503906,16378600,0.0,0.0
2011-03-17 00:00:00-04:00,39.61731957064168,39.61731957064168,39.160447188821266,39.441097259521484,10646900,0.0,0.0
2011-03-18 00:00:00-04:00,39.76090706799309,39.85880918404352,39.23876825848399,39.55205154418945,17016800,0.0,0.0
2011-03-21 00:00:00-04:00,39.78702086626093,40.152519335074714,39.68259308799337,40.00893020629883,9602500,0.0,0.0
2011-03-22 00:00:00-04:00,39.845768650320316,40.08725746317842,39.734815205677826,39.76744842529297,7772900,0.0,0.0
2011-03-23 00:00:00-04:00,39.708703715648895,39.87187228737827,39.512901927524624,39.754390716552734,7998200,0.0,0.0
2011-03-24 00:00:00-04:00,39.96324747049875,39.995880687858296,39.649964102288294,39.90450668334961,8197900,0.0,0.0
2011-03-25 00:00:00-04:00,39.93060015618352,40.06113546929288,39.62384254383962,39.734798431396484,7757900,0.0,0.0
2011-03-28 00:00:00-04:00,39.865345341965096,40.03503955554619,39.55858764038054,39.59122085571289,8381500,0.0,0.0
2011-03-29 00:00:00-04:00,39.55859331599672,40.08725795359264,39.55859331599672,39.99588394165039,7684300,0.0,0.0
2011-03-30 00:00:00-04:00,40.11337029961245,40.44623565673828,40.061157639326375,40.44623565673828,7552100,0.0,0.0
2011-03-31 00:00:00-04:00,40.30917023705702,40.465813190059244,40.19821678307003,40.204742431640625,11569500,0.0,0.0
2011-04-01 00:00:00-04:00,40.3874814730977,40.66160345070306,40.296107480562576,40.51801681518555,8243700,0.0,0.0
2011-04-04 00:00:00-04:00,40.57676869184588,40.68119899228786,40.420128220693705,40.6355094909668,6438000,0.0,0.0
2011-04-05 00:00:00-04:00,40.478857096998,40.63549752201263,40.2047326185904,40.25041961669922,9105800,0.0,0.0
2011-04-06 00:00:00-04:00,40.387488667647546,40.42664753442139,40.16557929349407,40.309165954589844,8249600,0.0,0.0
2011-04-07 00:00:00-04:00,40.21778250760368,40.5637015180419,40.11988287388882,40.5506477355957,7692800,0.0,0.0
2011-04-08 00:00:00-04:00,40.596352686077424,40.615932123529994,40.22432843594545,40.400550842285156,7271400,0.0,0.0
2011-04-11 00:00:00-04:00,40.47885599384257,40.792139325088705,40.40053578346969,40.58980941772461,7649500,0.0,0.0
2011-04-12 00:00:00-04:00,40.485387759526176,41.1119570064715,40.46580832641241,41.046688079833984,11415700,0.0,0.0
2011-04-13 00:00:00-04:00,41.01406301490182,41.16417784137817,40.935742777121874,41.11196517944336,10414900,0.0,0.0
2011-04-14 00:00:00-04:00,40.96182919025182,41.43828351808383,40.96182919025182,41.314273834228516,10027100,0.0,0.0
2011-04-15 00:00:00-04:00,41.418703697565526,41.90820934240211,41.17721494324405,41.88862991333008,12378300,0.0,0.0
2011-04-18 00:00:00-04:00,41.555765001168766,41.86905080726501,41.48397293076596,41.771148681640625,11323800,0.0,0.0
2011-04-19 00:00:00-04:00,41.91474602321282,41.98001245992761,41.48398106753232,41.67978286743164,9284200,0.0,0.0
2011-04-20 00:00:00-04:00,41.940850315251744,41.993060472836305,41.483977824697426,41.58840560913086,8844700,0.0,0.0
2011-04-21 00:00:00-04:00,41.51660613478027,41.60798012414316,41.11847447562383,41.29469680786133,10600800,0.0,0.0
2011-04-25 00:00:00-04:00,41.17069643616165,41.37302387766992,40.857410578155815,41.35997009277344,7369600,0.0,0.0
2011-04-26 00:00:00-04:00,41.41217371771302,41.7711439884126,41.30121782182161,41.66019058227539,9500000,0.0,0.0
2011-04-27 00:00:00-04:00,41.880654617999575,42.22286265608392,41.828008965496075,42.1307258605957,9896600,0.525,0.0
2011-04-28 00:00:00-04:00,41.61742102077444,42.50583491428907,41.413413156656,42.44660949707031,13366000,0.0,0.0
2011-04-29 00:00:00-04:00,42.49925886139614,42.84146188577124,42.38738527850479,42.70984649658203,13357700,0.0,0.0
2011-05-02 00:00:00-04:00,42.933599065562774,43.07179674784521,42.77565957449797,42.89411544799805,8909000,0.0,0.0
2011-05-03 00:00:00-04:00,42.94675230893498,43.295537561055966,42.88094462338841,43.242889404296875,9924100,0.0,0.0
2011-05-04 00:00:00-04:00,43.23631221024292,43.762783798090894,43.15734498662934,43.7430419921875,14236900,0.0,0.0
2011-05-05 00:00:00-04:00,43.48639490191814,43.690400287482504,43.190252707176484,43.354774475097656,10812500,0.0,0.0
2011-05-06 00:00:00-04:00,43.5719381738008,43.65748767337812,42.80197761518934,42.95333480834961,11125800,0.0,0.0
2011-05-09 00:00:00-04:00,42.72958874116294,43.032308156047364,42.68352285239369,42.8677864074707,8698800,0.0,0.0
2011-05-10 00:00:00-04:00,42.966505450870486,43.36135668915109,42.94018136554432,43.256065368652344,8076200,0.0,0.0
2011-05-11 00:00:00-04:00,43.2955501868498,43.51272013120845,43.20341839605632,43.381099700927734,9176300,0.0,0.0
2011-05-12 00:00:00-04:00,43.45348146928577,44.08524435280627,43.31528380921613,43.98653030395508,11100000,0.0,0.0
2011-05-13 00:00:00-04:00,43.87465289051741,44.295828109388914,43.79568567498191,43.999691009521484,12601200,0.0,0.0
2011-05-16 00:00:00-04:00,43.86807412218908,44.289249326522466,43.76936008537246,44.052337646484375,9880600,0.0,0.0
2011-05-17 00:00:00-04:00,43.85491426159774,44.56564937770023,43.85491426159774,44.368221282958984,12185600,0.0,0.0
2011-05-18 00:00:00-04:00,44.35505297587475,44.420860654164564,44.072075440504946,44.341888427734375,8870300,0.0,0.0
2011-05-19 00:00:00-04:00,44.28267673367657,44.39455032348633,44.026023194322136,44.39455032348633,7425400,0.0,0.0
2011-05-20 00:00:00-04:00,44.36821896012163,44.48667480660379,44.210279505080344,44.3287353515625,9361500,0.0,0.0
2011-05-23 00:00:00-04:00,44.0128695915322,44.24320412536753,43.900995973890765,44.12474822998047,9406300,0.0,0.0
2011-05-24 00:00:00-04:00,44.07868119222876,44.25636252033016,43.960225299892265,44.09842300415039,7105200,0.0,0.0
2011-05-25 00:00:00-04:00,43.828598778910205,43.97996101734572,43.36793982855168,43.68381881713867,11639200,0.0,0.0
2011-05-26 00:00:00-04:00,43.55876922607422,43.63115917960644,43.275791686122105,43.55876922607422,8946700,0.0,0.0
2011-05-27 00:00:00-04:00,43.460065899514056,43.907565258462135,43.44032409292603,43.56535720825195,7973400,0.0,0.0
2011-05-31 00:00:00-04:00,43.65090277054479,44.091819763183594,43.65090277054479,44.091819763183594,10603900,0.0,0.0
2011-06-01 00:00:00-04:00,44.06549510993323,44.08523691221048,43.65747945325454,43.69696807861328,9579500,0.0,0.0
2011-06-02 00:00:00-04:00,43.73646000811151,43.76278408975986,43.209993437559916,43.44032287597656,8540400,0.0,0.0
2011-06-03 00:00:00-04:00,43.14418904261714,43.31529309592322,42.940183646510086,43.05863952636719,8579100,0.0,0.0
2011-06-06 00:00:00-04:00,43.01255879041078,43.196822313104846,42.91384475445197,43.10469055175781,7668800,0.0,0.0
2011-06-07 00:00:00-04:00,43.07838325808489,43.13103143388268,42.782246055633514,42.815147399902344,8892500,0.0,0.0
2011-06-08 00:00:00-04:00,42.801967576923246,42.80854985097937,42.57163819299903,42.67692947387695,11292100,0.0,0.0
2011-06-09 00:00:00-04:00,42.79538609005029,43.07178135584339,42.68351253305843,42.7822265625,10219500,0.0,0.0
2011-06-10 00:00:00-04:00,42.72301177158138,42.8085663047825,42.54533047020496,42.57823181152344,10509000,0.0,0.0
2011-06-13 00:00:00-04:00,42.54531943628199,42.89410469279894,42.45318767119467,42.62428665161133,8873100,0.0,0.0
2011-06-14 00:00:00-04:00,42.79539903300905,42.9204371761716,42.55191004365749,42.61771774291992,7240100,0.0,0.0
2011-06-15 00:00:00-04:00,42.45319685504002,42.459774110537225,41.67665393788361,41.95962905883789,11790300,0.0,0.0
2011-06-16 00:00:00-04:00,42.03201735379526,42.334739291544565,41.78852585879067,42.288673400878906,8894300,0.0,0.0
2011-06-17 00:00:00-04:00,42.545342624470734,42.85464444189961,42.46637034529505,42.5716667175293,10057200,0.0,0.0
2011-06-20 00:00:00-04:00,42.453190400320594,42.96649741617807,42.453190400320594,42.834877014160156,5911700,0.0,0.0
2011-06-21 00:00:00-04:00,42.93359858486038,42.93359858486038,42.222868372623445,42.262351989746094,11024200,0.0,0.0
2011-06-22 00:00:00-04:00,42.170211822023745,42.40054124414181,42.032011658350484,42.157047271728516,9107100,0.0,0.0
2011-06-23 00:00:00-04:00,41.93988701971005,41.93988701971005,41.32786586785803,41.762203216552734,11693900,0.0,0.0
2011-06-24 00:00:00-04:00,41.755633589152026,41.78853744726603,41.0909641073932,41.18967819213867,15278300,0.0,0.0
2011-06-27 00:00:00-04:00,41.301532559185304,41.623996243355094,41.21598307004829,41.34101867675781,6705500,0.0,0.0
2011-06-28 00:00:00-04:00,41.53185714774219,41.68321680611365,41.15016560979533,41.275203704833984,8551500,0.0,0.0
2011-06-29 00:00:00-04:00,41.37392916227627,41.393673479433694,41.03830589543232,41.1633415222168,11386200,0.0,0.0
2011-06-30 00:00:00-04:00,41.281805253123686,41.88724671651232,41.18309369012988,41.834598541259766,11807400,0.0,0.0
2011-07-01 00:00:00-04:00,41.76878711047032,42.40713237130559,41.68323508851025,42.29525375366211,9700500,0.0,0.0
2011-07-05 00:00:00-04:00,42.183377067468534,42.446612880188944,42.084665520500444,42.288673400878906,9224100,0.0,0.0
2011-07-06 00:00:00-04:00,42.46635821358991,42.73617632475353,42.34132006248424,42.57823181152344,9334700,0.0,0.0
2011-07-07 00:00:00-04:00,42.76250653717733,42.86779787361061,42.59140246706575,42.742759704589844,8973600,0.0,0.0
2011-07-08 00:00:00-04:00,42.80197370280025,42.8480395861781,42.46634796915889,42.729583740234375,9227800,0.0,0.0
2011-07-11 00:00:00-04:00,42.3084035310664,42.604540600639545,42.28866172920208,42.59138107299805,9206700,0.0,0.0
2011-07-12 00:00:00-04:00,42.4334492200347,42.815135839494445,42.37421878305326,42.46635055541992,11583700,0.0,0.0
2011-07-13 00:00:00-04:00,42.67036127985479,42.7888171479321,42.44003181992825,42.53874588012695,9154200,0.0,0.0
2011-07-14 00:00:00-04:00,42.479504068671424,42.644025765264566,42.35446597260344,42.51240539550781,13269400,0.0,0.0
2011-07-15 00:00:00-04:00,42.56506996689473,42.67694355875095,42.3347405069538,42.66378402709961,20588800,0.0,0.0
2011-07-18 00:00:00-04:00,42.57165067095482,42.63745836839257,42.30183258441289,42.47951889038086,13343700,0.0,0.0
2011-07-19 00:00:00-04:00,42.51241110311306,42.63744921596833,42.32814758151859,42.51899337768555,8393800,0.0,0.0
2011-07-20 00:00:00-04:00,42.63511853806127,42.754544838916146,42.4891524968011,42.595306396484375,13089600,0.525,0.0
2011-07-21 00:00:00-04:00,42.69482173816262,43.0265608426735,42.621838730215266,42.7877082824707,8564400,0.0,0.0
2011-07-22 00:00:00-04:00,42.76779735218851,42.953570408687256,42.55548456448478,42.62846755981445,6047200,0.0,0.0
2011-07-25 00:00:00-04:00,42.436065837831954,42.44933570578998,41.94509337822787,42.00480651855469,8801200,0.0,0.0
2011-07-26 00:00:00-04:00,42.11096337430072,42.263563060970654,41.85220727381827,41.85884094238281,8715200,0.0,0.0
2011-07-27 00:00:00-04:00,41.8190266078891,41.87873974208995,41.2351676634456,41.268341064453125,11165200,0.0,0.0
2011-07-28 00:00:00-04:00,41.24180117520633,41.42094057713101,41.036122040188744,41.08256530761719,7535600,0.0,0.0
2011-07-29 00:00:00-04:00,40.92333166330671,41.25507073156894,40.797271728515625,40.797271728515625,10380300,0.0,0.0
2011-08-01 00:00:00-04:00,41.24180799694807,41.341330747024216,40.472173326727734,40.757469177246094,10103800,0.0,0.0
2011-08-02 00:00:00-04:00,40.55841958336987,40.70438305374665,40.30629718040159,40.38591384887695,9609000,0.0,0.0
2011-08-03 00:00:00-04:00,40.31295240366184,40.465554685374876,40.13381543654926,40.29304885864258,13107900,0.0,0.0
2011-08-04 00:00:00-04:00,40.0541712453016,40.47216314713155,39.47694602056274,39.530025482177734,17790100,0.0,0.0
2011-08-05 00:00:00-04:00,40.51198129684297,40.73756399439904,39.35752807265165,40.20014572143555,23699300,0.0,0.0
2011-08-08 00:00:00-04:00,39.888309193237895,40.70438708611761,39.30445019195438,39.337623596191406,30994600,0.0,0.0
2011-08-09 00:00:00-04:00,40.15368996346694,40.40581231904316,38.189795637111,39.954647064208984,31875700,0.0,0.0
2011-08-10 00:00:00-04:00,39.788798285077256,39.86841498005807,38.68742430246113,38.82011795043945,23417700,0.0,0.0
2011-08-11 00:00:00-04:00,38.95944085653189,40.53188348761709,38.88645784930976,40.10725784301758,18713900,0.0,0.0
2011-08-12 00:00:00-04:00,40.32620329548806,40.94987440953414,40.200143351420735,40.56505584716797,13520700,0.0,0.0
2011-08-15 00:00:00-04:00,41.04940170249106,41.10911485071551,40.51198589943993,41.05603790283203,12111500,0.0,0.0
2011-08-16 00:00:00-04:00,40.78399802645598,41.04938773752573,40.58495257944369,40.88351821899414,9420600,0.0,0.0
2011-08-17 00:00:00-04:00,40.989669996613976,41.21525261766845,40.63802746681083,40.91668701171875,7973100,0.0,0.0
2011-08-18 00:00:00-04:00,40.35273654505379,40.65130218666977,39.841858120726,40.379276275634766,17846200,0.0,0.0
2011-08-19 00:00:00-04:00,40.14705964706821,40.81053776243252,39.96128658467601,40.44562530517578,16297700,0.0,0.0
2011-08-22 00:00:00-04:00,40.96314337086612,41.075933445015416,40.77073409393907,40.9432373046875,12676600,0.0,0.0
2011-08-23 00:00:00-04:00,41.10246802270283,41.945085497459615,40.9764055662709,41.8123893737793,15222400,0.0,0.0
2011-08-24 00:00:00-04:00,41.61335427218296,42.05124979092349,41.387771578833686,42.00480651855469,8417200,0.0,0.0
2011-08-25 00:00:00-04:00,41.96500224135583,42.110968276453185,41.26835053642828,41.48729705810547,15063000,0.0,0.0
2011-08-26 00:00:00-04:00,41.29489318457962,41.566919203988206,40.58496902903285,41.51383972167969,10374200,0.0,0.0
2011-08-29 00:00:00-04:00,41.65316178332235,41.99153709239058,41.65316178332235,41.85884094238281,9147700,0.0,0.0
2011-08-30 00:00:00-04:00,41.8588410352112,42.38962310545081,41.72614488490916,42.13086700439453,9181100,0.0,0.0
2011-08-31 00:00:00-04:00,42.10433151324084,42.42943698771063,42.05788823559784,42.25029754638672,8972600,0.0,0.0
2011-09-01 00:00:00-04:00,42.21046730934897,42.628459134828326,41.92517158270073,41.971614837646484,8871400,0.0,0.0
2011-09-02 00:00:00-04:00,41.66641499014984,41.84555434138207,41.407658993136906,41.500545501708984,8817300,0.0,0.0
2011-09-06 00:00:00-04:00,40.59159350389854,41.500557862617846,40.53851403692337,41.38776779174805,11458200,0.0,0.0
2011-09-07 00:00:00-04:00,41.63324963239748,41.832292550741236,41.54699677309358,41.613346099853516,8874900,0.0,0.0
2011-09-08 00:00:00-04:00,41.52710898031504,42.34982322719039,41.39441280746818,41.73942184448242,11124300,0.0,0.0
2011-09-09 00:00:00-04:00,41.407685340454016,41.474032165659196,40.850363403435374,41.029502868652344,12286400,0.0,0.0
2011-09-12 00:00:00-04:00,40.63804665911995,41.08257591383219,40.47217708091946,41.022865295410156,9865500,0.0,0.0
2011-09-13 00:00:00-04:00,40.983054174645595,41.202000693694906,40.58496568305868,41.09584426879883,8329200,0.0,0.0
2011-09-14 00:00:00-04:00,41.215266737770826,41.76595488084802,40.82381448274263,41.36123275756836,11547700,0.0,0.0
2011-09-15 00:00:00-04:00,41.43420981325308,41.65315628051758,41.20199094867582,41.65315628051758,9161300,0.0,0.0
2011-09-16 00:00:00-04:00,41.945099193873155,42.927044249227016,41.80576682647993,42.68156051635742,24690100,0.0,0.0
2011-09-19 00:00:00-04:00,42.22375523347055,42.52895461965334,42.14413855250301,42.3365478515625,11022700,0.0,0.0
2011-09-20 00:00:00-04:00,42.363076213561165,42.913764258457775,42.11759002209754,42.51567840576172,8215800,0.0,0.0
2011-09-21 00:00:00-04:00,42.70808631039543,42.76779690853513,41.772579777384784,41.8123893737793,9649100,0.0,0.0
2011-09-22 00:00:00-04:00,40.85699711417457,41.075943648781504,40.007743123691874,40.58496856689453,17381200,0.0,0.0
2011-09-23 00:00:00-04:00,40.43235189696698,40.6513008707203,40.0740756695938,40.638031005859375,9122500,0.0,0.0
2011-09-26 00:00:00-04:00,40.916695387273315,41.659792721073515,40.89015818539834,41.49392318725586,13364100,0.0,0.0
2011-09-27 00:00:00-04:00,41.85219113276281,42.44931978105146,41.639875856052484,41.971614837646484,10732400,0.0,0.0
2011-09-28 00:00:00-04:00,42.03797946553239,42.38298843578112,41.51383107625247,41.61998748779297,9031800,0.0,0.0
2011-09-29 00:00:00-04:00,42.15739722928737,42.495772462763306,41.792484796513065,42.263553619384766,9798600,0.0,0.0
2011-09-30 00:00:00-04:00,42.06451841092084,42.72799660332673,41.91191619941525,41.91855239868164,11358100,0.0,0.0
2011-10-03 00:00:00-04:00,42.256918002070734,42.6085631055125,41.63324951804845,41.692962646484375,12323800,0.0,0.0
2011-10-04 00:00:00-04:00,41.3346914119995,42.12423209093088,40.98968244379756,42.044612884521484,12800000,0.0,0.0
2011-10-05 00:00:00-04:00,41.965013703459746,42.22376990473939,41.65981421123091,42.02472686767578,12023100,0.0,0.0
2011-10-06 00:00:00-04:00,41.83892215243319,42.23700792635713,41.55362641976624,42.203834533691406,8691600,0.0,0.0
2011-10-07 00:00:00-04:00,42.44269885259592,42.72799466486477,42.2303860431356,42.402889251708984,8902000,0.0,0.0
2011-10-10 00:00:00-04:00,42.708085724086885,43.006648834558796,42.54884734069491,42.99338150024414,6663600,0.0,0.0
2011-10-11 00:00:00-04:00,42.62182937504566,43.01991520069448,42.62182937504566,42.84077835083008,5705600,0.0,0.0
2011-10-12 00:00:00-04:00,42.940310505249116,43.351663755274295,42.820884225126996,43.0531005859375,10206200,0.0,0.0
2011-10-13 00:00:00-04:00,42.80098475422599,42.99339406058418,42.44270587982842,42.89387130737305,7305200,0.0,0.0
2011-10-14 00:00:00-04:00,43.12608359389752,43.2388736745859,42.70809414443861,43.0531005859375,7485100,0.0,0.0
2011-10-17 00:00:00-04:00,43.01992629135404,43.424648419317364,42.50241407840087,42.63511276245117,7165000,0.0,0.0
2011-10-18 00:00:00-04:00,42.56877340380844,43.51754258569655,42.528961260654924,43.07301330566406,11796600,0.0,0.0
2011-10-19 00:00:00-04:00,43.02951628395669,43.69171320588479,42.99606988152208,43.310447692871094,9099100,0.525,0.0
2011-10-20 00:00:00-04:00,43.410794803569274,43.66497018733209,43.12317300735075,43.537879943847656,7728400,0.0,0.0
2011-10-21 00:00:00-04:00,43.88570629533709,44.34724027194008,43.79206245996928,44.32048416137695,13026800,0.0,0.0
2011-10-24 00:00:00-04:00,43.97934550430039,44.07298932981734,43.48437026896709,43.72517013549805,9819000,0.0,0.0
2011-10-25 00:00:00-04:00,43.53788757116328,43.725180369238224,43.05629282859139,43.14993667602539,8919200,0.0,0.0
2011-10-26 00:00:00-04:00,43.41079544562683,43.484373471552786,42.92919567709552,43.444236755371094,9401200,0.0,0.0
2011-10-27 00:00:00-04:00,43.72517409650828,43.92583726799141,43.01614993495716,43.65159606933594,16764300,0.0,0.0
2011-10-28 00:00:00-04:00,43.36396488832108,43.49774030705308,43.02283093638784,43.29707717895508,10656200,0.0,0.0
2011-10-31 00:00:00-04:00,43.176686652744046,43.363974320990295,42.768662351087514,42.80210876464844,9438800,0.0,0.0
2011-11-01 00:00:00-04:00,42.387396086461166,42.541239890481975,41.812152483494515,41.94593048095703,13462600,0.0,0.0
2011-11-02 00:00:00-04:00,42.40746062890827,42.50779220427527,41.73857325338355,42.046260833740234,8783200,0.0,0.0
2011-11-03 00:00:00-04:00,42.34726289166333,42.48772863553115,42.0663288523247,42.280372619628906,8532600,0.0,0.0
2011-11-04 00:00:00-04:00,42.06632931425772,42.26699502935856,41.7185075506682,42.15997314453125,7758200,0.0,0.0
2011-11-07 00:00:00-05:00,42.15996432583385,42.52116406842417,41.93254254919577,42.44758605957031,6559500,0.0,0.0
2011-11-08 00:00:00-05:00,42.46098074294262,43.0362218841303,42.46098074294262,42.94926834106445,7422000,0.0,0.0
2011-11-09 00:00:00-05:00,42.67501081456175,42.6950791693968,41.84559196065588,41.952613830566406,9701300,0.0,0.0
2011-11-10 00:00:00-05:00,42.48103526971081,42.574681643807246,42.00612585472002,42.300437927246094,6143700,0.0,0.0
2011-11-11 00:00:00-05:00,42.64157802127728,42.902443737386214,42.527868371323464,42.73522186279297,5731100,0.0,0.0
2011-11-14 00:00:00-05:00,42.43422081147549,42.50111109043563,42.093089319390145,42.17335510253906,6832800,0.0,0.0
2011-11-15 00:00:00-05:00,42.394080664524004,42.74190239031303,42.20679047272823,42.51448059082031,7673800,0.0,0.0
2011-11-16 00:00:00-05:00,42.213495993021716,42.735227493987814,42.153296008171495,42.327205657958984,9228000,0.0,0.0
2011-11-17 00:00:00-05:00,42.2402302224946,42.57467384246178,41.832208597878285,42.099761962890625,8525500,0.0,0.0
2011-11-18 00:00:00-05:00,42.21348185567223,42.474347518791035,42.18003799786775,42.300437927246094,7624000,0.0,0.0
2011-11-21 00:00:00-05:00,41.83222059235355,42.11984239212277,41.103133189711144,41.24359893798828,13254400,0.0,0.0
2011-11-22 00:00:00-05:00,41.149950804171425,41.6382382720936,41.129884999830296,41.2636604309082,8321500,0.0,0.0
2011-11-23 00:00:00-05:00,41.0094917652094,41.1432672181256,40.80213573062416,40.84226989746094,7488200,0.0,0.0
2011-11-25 00:00:00-05:00,40.9359134711861,41.3305571785919,40.8021354675293,40.8021354675293,4734800,0.0,0.0
2011-11-28 00:00:00-05:00,41.23690997471731,41.77870714546758,41.18339775698232,41.631553649902344,7673200,0.0,0.0
2011-11-29 00:00:00-05:00,41.79208714402073,42.106465058830786,41.71182136528738,41.825531005859375,6442700,0.0,0.0
2011-11-30 00:00:00-05:00,42.29374296343986,43.203427532836116,42.266986859504016,43.1900520324707,15034500,0.0,0.0
2011-12-01 00:00:00-05:00,43.19674453422621,43.33721025963944,42.721832595786864,42.862300872802734,9387600,0.0,0.0
2011-12-02 00:00:00-05:00,43.263642533035615,43.38404248390481,42.98939621591993,43.250267028808594,9952600,0.0,0.0
2011-12-05 00:00:00-05:00,43.404097652295846,43.4375440594745,43.10978559938046,43.37065124511719,9820200,0.0,0.0
2011-12-06 00:00:00-05:00,43.24356612488984,43.47767566552469,43.13654170448233,43.37065124511719,8315400,0.0,0.0
2011-12-07 00:00:00-05:00,43.337211071730785,43.81212046746677,43.24356725303385,43.63152313232422,11144700,0.0,0.0
2011-12-08 00:00:00-05:00,43.39071339504106,43.47766689167088,43.00944790488842,43.1231575012207,8352600,0.0,0.0
2011-12-09 00:00:00-05:00,43.25025384612738,43.591382683608565,43.210117139266984,43.45760726928711,7647800,0.0,0.0
2011-12-12 00:00:00-05:00,43.19675007164056,43.42416934102299,42.768659986795186,43.01614761352539,8793500,0.0,0.0
2011-12-13 00:00:00-05:00,43.169986958916105,43.69840853835618,43.07634314516268,43.29707717895508,11126100,0.0,0.0
2011-12-14 00:00:00-05:00,43.12316377600775,43.44422681274621,43.02282966332512,43.10978317260742,10326700,0.0,0.0
2011-12-15 00:00:00-05:00,43.36397751119249,43.61815292205355,43.24357755800428,43.47099685668945,9654800,0.0,0.0
2011-12-16 00:00:00-05:00,43.765301346780575,43.899076781098636,43.35727963794307,43.57132339477539,18291900,0.0,0.0
2011-12-19 00:00:00-05:00,43.71179274935584,43.87232430446423,43.30377100675049,43.444236755371094,8172300,0.0,0.0
2011-12-20 00:00:00-05:00,43.63820961436967,44.08636802068737,43.618143810231146,44.006099700927734,9797100,0.0,0.0
2011-12-21 00:00:00-05:00,43.81212459910999,44.146568298339844,43.81212459910999,44.146568298339844,9479000,0.0,0.0
2011-12-22 00:00:00-05:00,44.03955546285356,44.307111513339436,44.00611414604733,44.2736701965332,7666300,0.0,0.0
2011-12-23 00:00:00-05:00,44.287035149187254,44.60810335390244,44.15325970742609,44.594722747802734,5209800,0.0,0.0
2011-12-27 00:00:00-05:00,44.23352345881755,44.78201094171028,44.19339184645171,44.674991607666016,5604700,0.0,0.0
2011-12-28 00:00:00-05:00,44.7552568905308,44.78200789481724,44.447564205974075,44.50776672363281,4152000,0.0,0.0
2011-12-29 00:00:00-05:00,44.63487093484143,44.80209283162485,44.58135870310098,44.79540252685547,4425900,0.0,0.0
2011-12-30 00:00:00-05:00,44.735177197439114,44.78868940191469,44.54119928361866,44.62146759033203,4062300,0.0,0.0
2012-01-03 00:00:00-05:00,44.34723459065526,44.81545370751119,44.32716368289947,44.701744079589844,11565900,0.0,0.0
2012-01-04 00:00:00-05:00,44.56796784456985,44.735189702898396,44.373989876524,44.68168258666992,10595400,0.0,0.0
2012-01-05 00:00:00-05:00,44.44088908580268,44.58135485459009,44.31379882219209,44.4943962097168,10085300,0.0,0.0
2012-01-06 00:00:00-05:00,44.48768990690203,44.56795310630542,44.099734099104204,44.38735580444336,8421200,0.0,0.0
2012-01-09 00:00:00-05:00,44.313791753590706,44.64823546493856,44.2937259474228,44.57465744018555,7836100,0.0,0.0
2012-01-10 00:00:00-05:00,44.71510960557675,44.72849020776206,44.193378390848636,44.36729049682617,10318900,0.0,0.0
2012-01-11 00:00:00-05:00,44.21345712438212,44.35392286919036,43.79205988995738,43.932525634765625,14676800,0.0,0.0
2012-01-12 00:00:00-05:00,44.146571908060515,44.146571908060515,43.852259795647434,44.01948165893555,29758100,0.0,0.0
2012-01-13 00:00:00-05:00,43.852259795647434,44.03286226579411,43.72517464972874,44.01948165893555,33539100,0.0,0.0
2012-01-17 00:00:00-05:00,44.119815883756615,44.487706024991795,44.11312558031426,44.32048416137695,35728800,0.0,0.0
2012-01-18 00:00:00-05:00,44.43172686072362,44.586796771323485,44.37778726400929,44.51937484741211,10386800,0.525,0.0
2012-01-19 00:00:00-05:00,44.472179745393134,44.66770692884782,44.10809517730129,44.5530891418457,9346600,0.0,0.0
2012-01-20 00:00:00-05:00,44.24968255931549,44.66770672311704,44.12832103717717,44.65422439575195,12190100,0.0,0.0
2012-01-23 00:00:00-05:00,44.4384642763529,44.4586903362535,43.676581727014856,43.824913024902344,14828100,0.0,0.0
2012-01-24 00:00:00-05:00,43.582203780888406,43.65636945325275,43.177667023241796,43.48781204223633,9742400,0.0,0.0
2012-01-25 00:00:00-05:00,43.406882541014134,43.92604200725683,43.272038732202866,43.811424255371094,10913100,0.0,0.0
2012-01-26 00:00:00-05:00,43.89232919305114,44.081112586025206,43.64286762831898,43.6900634765625,11932100,0.0,0.0
2012-01-27 00:00:00-05:00,43.359689639930046,43.80468349837649,42.92144208755186,43.35295104980469,10979900,0.0,0.0
2012-01-30 00:00:00-05:00,43.01584131223601,43.01584131223601,42.49668429189751,42.618045806884766,12492000,0.0,0.0
2012-01-31 00:00:00-05:00,42.759634777739656,42.84728533519498,42.27419127394584,42.5034294128418,11358600,0.0,0.0
2012-02-01 00:00:00-05:00,42.75963338370942,42.94841939145705,42.60456090833269,42.618045806884766,12900500,0.0,0.0
2012-02-02 00:00:00-05:00,42.7124448458218,42.90123088592797,42.6450229134865,42.69221878051758,12613100,0.0,0.0
2012-02-03 00:00:00-05:00,42.71919147449038,43.0563063029545,42.1798082633442,42.32139587402344,17440500,0.0,0.0
2012-02-06 00:00:00-05:00,42.382072439081895,42.88774463158386,42.32813283733043,42.82032012939453,9851200,0.0,0.0
2012-02-07 00:00:00-05:00,42.85403356211535,43.09001288924886,42.725928294258495,42.94842529296875,8901600,0.0,0.0
2012-02-08 00:00:00-05:00,42.96189475191074,43.00234686660466,42.77310878607605,42.907955169677734,8174800,0.0,0.0
2012-02-09 00:00:00-05:00,43.04281166577214,43.21811020525244,42.833799593485125,43.17765808105469,9152000,0.0,0.0
2012-02-10 00:00:00-05:00,42.881007637341646,43.13721564197985,42.84729666693766,43.069793701171875,8295500,0.0,0.0
2012-02-13 00:00:00-05:00,43.251823649833334,43.40689355491699,43.191140319697595,43.305763244628906,6899400,0.0,0.0
2012-02-14 00:00:00-05:00,43.2180975849132,43.474308013916016,43.21135385152855,43.474308013916016,6997700,0.0,0.0
2012-02-15 00:00:00-05:00,43.70355841907361,43.78446781540789,43.40689577647769,43.52151870727539,11651700,0.0,0.0
2012-02-16 00:00:00-05:00,43.676587409864666,44.09461156339553,43.58893942423724,43.95976257324219,10823300,0.0,0.0
2012-02-17 00:00:00-05:00,44.155304869108285,44.18901841418038,43.757511785874264,43.76425552368164,10281600,0.0,0.0
2012-02-21 00:00:00-05:00,43.818179063921924,43.87211866499629,43.38667254325392,43.433868408203125,10037700,0.0,0.0
2012-02-22 00:00:00-05:00,43.31249676244964,43.62938541480018,43.26530090852269,43.44734573364258,7029500,0.0,0.0
2012-02-23 00:00:00-05:00,43.38664859866322,44.88343826665342,43.31922670651136,44.78230285644531,20163300,0.0,0.0
2012-02-24 00:00:00-05:00,44.99807793078391,45.13966551650398,44.84974660937341,44.97785186767578,17777100,0.0,0.0
2012-02-27 00:00:00-05:00,44.88345949605225,45.20034819740767,44.58679685751302,44.971107482910156,17903200,0.0,0.0
2012-02-28 00:00:00-05:00,44.896943191245015,45.50375081403545,44.86323480017864,45.43632888793945,13468100,0.0,0.0
2012-02-29 00:00:00-05:00,45.44982397884954,45.69254192469227,45.38239689748668,45.59141159057617,14742500,0.0,0.0
2012-03-01 00:00:00-05:00,45.47004729882454,45.63860470412094,44.809300006718594,44.944149017333984,11967000,0.0,0.0
2012-03-02 00:00:00-05:00,44.98459167485533,45.09246571666576,44.76883844727177,44.95087814331055,7022200,0.0,0.0
2012-03-05 00:00:00-05:00,44.91042054104005,45.153143535451896,44.809285102708095,45.13965606689453,6933400,0.0,0.0
2012-03-06 00:00:00-05:00,44.836258990563934,45.2340519019797,44.633988095427505,45.065494537353516,9827000,0.0,0.0
2012-03-07 00:00:00-05:00,45.05202286599741,45.22058027048617,44.78232999002264,44.89020919799805,7470800,0.0,0.0
2012-03-08 00:00:00-05:00,45.13967305680114,45.2138387298953,45.01831151391652,45.10596466064453,5811500,0.0,0.0
2012-03-09 00:00:00-05:00,45.21383436515246,45.21383436515246,44.903689373046014,45.12618637084961,5710200,0.0,0.0
2012-03-12 00:00:00-04:00,45.0183068978452,45.699280215537044,44.9913422412704,45.65208435058594,8825500,0.0,0.0
2012-03-13 00:00:00-04:00,45.74647216568425,45.78018569946289,45.55768872203516,45.78018569946289,9056700,0.0,0.0
2012-03-14 00:00:00-04:00,45.66556334769583,45.813889507183035,45.63859355216292,45.74646759033203,8056200,0.0,0.0
2012-03-15 00:00:00-04:00,45.63859874662774,45.70602067115254,45.510493489256454,45.63185501098633,8611500,0.0,0.0
2012-03-16 00:00:00-04:00,45.73299624668573,45.746478575708515,45.26103242746811,45.341941833496094,15713500,0.0,0.0
2012-03-19 00:00:00-04:00,45.19360277809469,45.49700914092339,45.146406918627505,45.314964294433594,7038900,0.0,0.0
2012-03-20 00:00:00-04:00,45.146406918627505,45.47677793489783,45.10595479450217,45.314964294433594,6139000,0.0,0.0
2012-03-21 00:00:00-04:00,45.31496746017821,45.41610292151985,45.07898814635653,45.308223724365234,6120400,0.0,0.0
2012-03-22 00:00:00-04:00,45.17337828182908,45.68579416235053,45.13966474791413,45.52397537231445,7321000,0.0,0.0
2012-03-23 00:00:00-04:00,45.5172498538701,45.53747592244304,45.35543101735747,45.46331024169922,6006400,0.0,0.0
2012-03-26 00:00:00-04:00,45.53746392046417,45.732991105076515,45.34193673585183,45.483524322509766,7818800,0.0,0.0
2012-03-27 00:00:00-04:00,45.51722477762111,45.66555605739041,45.146396578197866,45.27450180053711,7936900,0.0,0.0
2012-03-28 00:00:00-04:00,45.25427586142433,45.3823759401368,45.139652962418204,45.30147171020508,7534600,0.0,0.0
2012-03-29 00:00:00-04:00,45.15990012555375,45.274517921109634,45.01156879296918,45.18012619018555,6917400,0.0,0.0
2012-03-30 00:00:00-04:00,45.274512170308256,45.49700914092339,45.180120451373874,45.314964294433594,8670300,0.0,0.0
2012-04-02 00:00:00-04:00,45.46328968042339,45.79366065361813,45.443063620997904,45.55093765258789,8595200,0.0,0.0
2012-04-03 00:00:00-04:00,45.463302937739236,45.57792073721488,45.13293186820671,45.23406219482422,6954100,0.0,0.0
2012-04-04 00:00:00-04:00,44.97784651477665,45.55094052514236,44.97784651477665,45.34867477416992,8372200,0.0,0.0
2012-04-05 00:00:00-04:00,45.11944374992924,45.497015825100505,45.05876555482672,45.38239288330078,7696300,0.0,0.0
2012-04-09 00:00:00-04:00,44.98459463912468,45.26102606894911,44.977850903578805,45.04527282714844,6890400,0.0,0.0
2012-04-10 00:00:00-04:00,44.99806407865576,45.105943240640656,44.69466293750598,44.73511505126953,9436700,0.0,0.0
2012-04-11 00:00:00-04:00,44.998064972166745,45.1194264598288,44.714889882275834,44.795799255371094,7593800,0.0,0.0
2012-04-12 00:00:00-04:00,44.61377313125883,44.7486221428776,44.4654417904601,44.55983352661133,27847200,0.0,0.0
2012-04-13 00:00:00-04:00,44.52611538767259,44.83626033057852,44.364301753104876,44.37104034423828,29792000,0.0,0.0
2012-04-16 00:00:00-04:00,44.50588905548736,45.240796713646965,44.418235931659495,45.02504348754883,32810100,0.0,0.0
2012-04-17 00:00:00-04:00,45.112713851552336,45.30823594720557,45.058774238423695,45.18687438964844,8894700,0.0,0.0
2012-04-18 00:00:00-04:00,45.12617565028645,45.30821533181115,44.99133182278388,45.00481414794922,6081800,0.0,0.0
2012-04-19 00:00:00-04:00,45.092462848327564,45.11269405234514,44.65421782989848,44.883453369140625,7721200,0.0,0.0
2012-04-20 00:00:00-04:00,44.97784914683028,45.58465672318236,44.89693975532906,45.517234802246094,11092600,0.0,0.0
2012-04-23 00:00:00-04:00,45.112709601436094,45.17338780251579,44.75536355609825,44.937408447265625,8420500,0.0,0.0
2012-04-24 00:00:00-04:00,45.05875640147306,45.17337417602539,44.87671156521928,45.17337417602539,6962300,0.0,0.0
2012-04-25 00:00:00-04:00,45.33112301513467,45.548701325158376,45.21553567269498,45.480709075927734,6994200,0.562,0.0
2012-04-26 00:00:00-04:00,45.31072665018377,45.65069308974846,45.30392586889914,45.46711349487305,8415000,0.0,0.0
2012-04-27 00:00:00-04:00,44.26363726836231,44.372429038365716,43.481715874501965,43.814884185791016,30719500,0.0,0.0
2012-04-30 00:00:00-04:00,43.23014073919584,43.62450311829912,43.032959549644204,43.27093505859375,19195000,0.0,0.0
2012-05-01 00:00:00-04:00,43.06695480756473,43.338929035485215,43.03295867750928,43.22333908081055,11899600,0.0,0.0
2012-05-02 00:00:00-04:00,43.28453119259825,43.590501536720666,43.107749768071045,43.50210952758789,9689200,0.0,0.0
2012-05-03 00:00:00-04:00,43.71287886382173,44.032448099066244,43.62448947028671,43.862464904785156,12079900,0.0,0.0
2012-05-04 00:00:00-04:00,43.876068427056474,44.02565449239363,43.67888726706443,43.706085205078125,12006500,0.0,0.0
2012-05-07 00:00:00-04:00,43.148540415214505,43.85567124066186,43.080548163964544,43.68568801879883,11124300,0.0,0.0
2012-05-08 00:00:00-04:00,43.60409792881213,43.814880669408,43.590501552391444,43.6245002746582,11481800,0.0,0.0
2012-05-09 00:00:00-04:00,43.46809329318473,43.712869455263025,43.223317131106434,43.29130935668945,13842600,0.0,0.0
2012-05-10 00:00:00-04:00,43.515699257686315,43.74687392000449,43.40011192652723,43.61088943481445,8109500,0.0,0.0
2012-05-11 00:00:00-04:00,43.55649501143281,43.61769166303242,43.25732550285208,43.29812240600586,11318000,0.0,0.0
2012-05-14 00:00:00-04:00,43.17574480192014,43.35252623781691,43.039757685371114,43.230140686035156,9902700,0.0,0.0
2012-05-15 00:00:00-04:00,43.3253288269043,43.66529530522278,43.175742746447874,43.3253288269043,12824700,0.0,0.0
2012-05-16 00:00:00-04:00,43.74688416051711,44.066453481743395,43.51570944408428,43.712890625,12375000,0.0,0.0
2012-05-17 00:00:00-04:00,43.59729424352404,43.78767460294291,43.454506380222014,43.488502502441406,10261800,0.0,0.0
2012-05-18 00:00:00-04:00,43.64489508178369,43.68568939632477,43.10774746126167,43.18933868408203,11583100,0.0,0.0
2012-05-21 00:00:00-04:00,43.2845152136533,43.3797053758535,42.80176362321662,43.10093307495117,9553100,0.0,0.0
2012-05-22 00:00:00-04:00,43.128143594082694,43.209734814964975,42.82217327360146,42.93776321411133,7535500,0.0,0.0
2012-05-23 00:00:00-04:00,42.83576465512667,42.869760774994305,42.183029816212255,42.42100524902344,13765400,0.0,0.0
2012-05-24 00:00:00-04:00,42.48901414913713,42.82217986537241,42.312230117318016,42.54340744018555,9178100,0.0,0.0
2012-05-25 00:00:00-04:00,42.55019628412975,42.97175389799604,42.42780817143666,42.4890022277832,7377700,0.0,0.0
2012-05-29 00:00:00-04:00,42.59100434352603,42.856177808729385,42.57740537175423,42.80178451538086,7401000,0.0,0.0
2012-05-30 00:00:00-04:00,42.59097987773232,42.760963036627324,42.319008379742634,42.3734016418457,7493400,0.0,0.0
2012-05-31 00:00:00-04:00,42.56378574610105,42.577384711274,42.1422282006889,42.35300827026367,9268400,0.0,0.0
2012-06-01 00:00:00-04:00,41.992665541659605,42.11505370257392,41.61190467991628,41.84988021850586,12728000,0.0,0.0
2012-06-04 00:00:00-04:00,41.9450614210208,41.95186220279853,41.54390088949834,41.74788284301758,7768200,0.0,0.0
2012-06-05 00:00:00-04:00,41.618682001665555,41.700275797189576,41.4894957160255,41.59148406982422,7855500,0.0,0.0
2012-06-06 00:00:00-04:00,41.659476740338725,42.08103428708125,41.58468372852011,42.019840240478516,9622000,0.0,0.0
2012-06-07 00:00:00-04:00,42.210221261737,42.726968948017145,41.96544508633266,42.67257308959961,13904700,0.0,0.0
2012-06-08 00:00:00-04:00,42.86296406170897,42.96495242481722,42.54339481774667,42.6657829284668,7697800,0.0,0.0
2012-06-11 00:00:00-04:00,42.82896141056915,42.87655649151043,42.4957932502428,42.52299118041992,6345500,0.0,0.0
2012-06-12 00:00:00-04:00,42.495791737217196,42.67937386877045,42.29861064105956,42.67257308959961,7814500,0.0,0.0
2012-06-13 00:00:00-04:00,42.57060538257903,42.67939455841443,42.3394280597115,42.54340744018555,6838500,0.0,0.0
2012-06-14 00:00:00-04:00,42.672583447161074,43.128139793900836,42.631789137183546,42.95815658569336,8389100,0.0,0.0
2012-06-15 00:00:00-04:00,43.196128022807166,43.291318195553394,42.50939706675391,42.754173278808594,14126800,0.0,0.0
2012-06-18 00:00:00-04:00,42.536590409492526,42.66577668802954,42.01304192215188,42.35300827026367,10289300,0.0,0.0
2012-06-19 00:00:00-04:00,42.43461304755593,42.66579034200316,42.22383291052696,42.29862594604492,12844900,0.0,0.0
2012-06-20 00:00:00-04:00,41.40111606522697,41.40111606522697,40.619194744934255,41.06114959716797,39133900,0.0,0.0
2012-06-21 00:00:00-04:00,41.04075131596896,41.12234253982359,40.62599182128906,40.62599182128906,18876100,0.0,0.0
2012-06-22 00:00:00-04:00,40.639584872047664,40.99994843584816,40.632784091369615,40.680381774902344,14395600,0.0,0.0
2012-06-25 00:00:00-04:00,40.483216114425716,40.74838960002965,40.28603489917294,40.32683181762695,11745100,0.0,0.0
2012-06-26 00:00:00-04:00,40.422002053765716,40.51039403652279,40.16362688541143,40.29961395263672,8794100,0.0,0.0
2012-06-27 00:00:00-04:00,40.27923397369211,40.795981936982194,40.21803989703709,40.78238296508789,11454100,0.0,0.0
2012-06-28 00:00:00-04:00,40.59199212856501,40.9931526184082,40.34041769743087,40.9931526184082,9207600,0.0,0.0
2012-06-29 00:00:00-04:00,41.23792681064866,41.65948443525704,41.163133785015035,41.6458854675293,13301800,0.0,0.0
2012-07-02 00:00:00-04:00,41.50310652676219,41.652690007104994,41.326322513077585,41.60509490966797,8914300,0.0,0.0
2012-07-03 00:00:00-04:00,41.56429219161999,41.74787435622449,41.35351209291013,41.72067642211914,4817400,0.0,0.0
2012-07-05 00:00:00-04:00,41.77506505025927,41.883854180843116,41.605081871613415,41.713871002197266,35413700,0.0,0.0
2012-07-06 00:00:00-04:00,41.62548072240756,41.74106803640919,41.380704535418914,41.66627502441406,36773400,0.0,0.0
2012-07-09 00:00:00-04:00,41.557508788959325,42.01986348713808,41.557508788959325,41.84988021850586,33492400,0.0,0.0
2012-07-10 00:00:00-04:00,41.95865292469248,42.0878418180985,41.80906947079716,41.972251892089844,8651900,0.0,0.0
2012-07-11 00:00:00-04:00,41.99945730028948,41.99945730028948,41.46230966433362,41.74788284301758,9975600,0.0,0.0
2012-07-12 00:00:00-04:00,42.726982915993425,43.69928456256002,42.63179272638118,43.31172561645508,37140900,0.0,0.0
2012-07-13 00:00:00-04:00,43.46811261794246,44.70559034861025,43.3593234524026,44.256832122802734,29170000,0.0,0.0
2012-07-16 00:00:00-04:00,43.937272099220046,44.19564477038594,43.67889424057707,44.06645584106445,10675900,0.0,0.0
2012-07-17 00:00:00-04:00,43.95085355301689,44.46760390736164,43.882861313952525,44.4336051940918,12565600,0.0,0.0
2012-07-18 00:00:00-04:00,44.46241473566987,44.67502062226477,44.13321362927299,44.4555549621582,13387400,0.562,0.0
2012-07-19 00:00:00-04:00,44.544713493468855,44.62701508263115,44.25666578011239,44.524139404296875,8077600,0.0,0.0
2012-07-20 00:00:00-04:00,44.249796472883446,44.524129811846606,44.167500133925756,44.39382553100586,10121500,0.0,0.0
2012-07-23 00:00:00-04:00,44.167492858432446,44.38695844695684,44.05090290913218,44.1606330871582,10711100,0.0,0.0
2012-07-24 00:00:00-04:00,44.222373838090974,44.28409610066946,43.701140946707795,43.90688705444336,8271700,0.0,0.0
2012-07-25 00:00:00-04:00,43.97547432282915,44.105778621319494,43.81773093100534,43.90688705444336,9424700,0.0,0.0
2012-07-26 00:00:00-04:00,44.29782247569617,44.647597756295,44.19495201005713,44.27724838256836,10472200,0.0,0.0
2012-07-27 00:00:00-04:00,44.359551438183686,44.76418923619719,44.277249830505696,44.64073944091797,11141800,0.0,0.0
2012-07-30 00:00:00-04:00,44.50356677580171,44.77790018287236,44.23609314283833,44.64759063720703,8388600,0.0,0.0
2012-07-31 00:00:00-04:00,44.43496932361901,44.572133363353245,44.23607780327345,44.263511657714844,9327200,0.0,0.0
2012-08-01 00:00:00-04:00,44.48985469633429,44.558436743430576,43.8245978513032,43.90003967285156,7782900,0.0,0.0
2012-08-02 00:00:00-04:00,43.65999313929384,43.879458808695176,43.37194542929351,43.5571174621582,9462400,0.0,0.0
2012-08-03 00:00:00-04:00,44.380117544435585,45.19625800147427,44.37325777024483,44.92192459106445,15279100,0.0,0.0
2012-08-06 00:00:00-04:00,44.736747393901574,45.429432765605526,44.7161680737001,45.134525299072266,10034400,0.0,0.0
2012-08-07 00:00:00-04:00,45.20997813032427,45.57346772205181,45.203123587726765,45.41572952270508,10463300,0.0,0.0
2012-08-08 00:00:00-04:00,45.27169718490192,45.81350419999243,45.23740354841894,45.758636474609375,9673200,0.0,0.0
2012-08-09 00:00:00-04:00,45.669477973318315,45.90266320456505,45.539173657964625,45.765499114990234,9677800,0.0,0.0
2012-08-10 00:00:00-04:00,45.731200709500236,45.79292297363281,45.408859376877054,45.79292297363281,7293600,0.0,0.0
2012-08-13 00:00:00-04:00,45.6489062308562,45.779215785386334,45.50488235965309,45.59404373168945,6633900,0.0,0.0
2012-08-14 00:00:00-04:00,45.6283297929408,45.94381138494258,45.395149794168674,45.765499114990234,8887400,0.0,0.0
2012-08-15 00:00:00-04:00,45.85464566090786,45.89579383268054,45.648894337097445,45.70376205444336,9873600,0.0,0.0
2012-08-16 00:00:00-04:00,45.662609252719896,45.95065689086914,45.5734479129549,45.95065689086914,10165100,0.0,0.0
2012-08-17 00:00:00-04:00,45.86150078357713,46.15640819381745,45.69689764822928,45.95065689086914,9394300,0.0,0.0
2012-08-20 00:00:00-04:00,45.90267419892717,45.984975811869276,45.64206027332431,45.77922439575195,8938700,0.0,0.0
2012-08-21 00:00:00-04:00,45.78606843260079,46.04668226861733,45.731200709500236,45.79292297363281,9145400,0.0,0.0
2012-08-22 00:00:00-04:00,45.65576176865099,45.85465335303891,45.6146135899757,45.84779357910156,7749600,0.0,0.0
2012-08-23 00:00:00-04:00,45.813510400482976,45.834084492167584,45.6694812937407,45.73120880126953,8006500,0.0,0.0
2012-08-24 00:00:00-04:00,45.67633067394973,46.074113797579145,45.49115865845262,45.964378356933594,8580200,0.0,0.0
2012-08-27 00:00:00-04:00,45.902669441796256,46.20443675883439,45.85466148067431,46.026119232177734,6419600,0.0,0.0
2012-08-28 00:00:00-04:00,45.86151315188206,46.10155291507564,45.84779360399991,45.943809509277344,7605400,0.0,0.0
2012-08-29 00:00:00-04:00,45.930093269582976,46.07411712146509,45.81350327984138,45.86151123046875,6752200,0.0,0.0
2012-08-30 00:00:00-04:00,45.703775901416776,45.909527287564146,45.690061584162,45.86837387084961,7285600,0.0,0.0
2012-08-31 00:00:00-04:00,46.04668856850369,46.25929448401348,45.875230834711985,46.08098220825195,10088600,0.0,0.0
2012-09-04 00:00:00-04:00,46.101552521305464,46.27301024104702,45.95752866461948,46.22500228881836,7628600,0.0,0.0
2012-09-05 00:00:00-04:00,46.094687486449956,46.32101290647122,46.094687486449956,46.14955520629883,7741100,0.0,0.0
2012-09-06 00:00:00-04:00,46.41702668399196,46.80795001326535,46.36215896664431,46.801090240478516,13200500,0.0,0.0
2012-09-07 00:00:00-04:00,46.74622404262582,47.04798599912241,46.622774304635776,46.99311828613281,12656300,0.0,0.0
2012-09-10 00:00:00-04:00,46.91771172386794,47.03430176417193,46.71882006145006,46.98629379272461,8920600,0.0,0.0
2012-09-11 00:00:00-04:00,46.93139403793932,47.08227762600888,46.69135434440724,46.81480407714844,8840900,0.0,0.0
2012-09-12 00:00:00-04:00,46.8765320025083,47.04112992193306,46.670785911345725,46.705074310302734,6896000,0.0,0.0
2012-09-13 00:00:00-04:00,46.56105448381094,47.30861280704864,46.56105448381094,47.26060485839844,10495400,0.0,0.0
2012-09-14 00:00:00-04:00,47.19202286851742,47.47321605097561,47.16458900443799,47.43206787109375,12269800,0.0,0.0
2012-09-17 00:00:00-04:00,47.24003035697366,47.49378967285156,47.22631604130638,47.49378967285156,11274600,0.0,0.0
2012-09-18 00:00:00-04:00,47.45265054622936,47.79556606055106,47.397782808143766,47.47322463989258,12833500,0.0,0.0
2012-09-19 00:00:00-04:00,47.39091304548988,47.720114172151305,47.336045318967244,47.500648498535156,8682900,0.0,0.0
2012-09-20 00:00:00-04:00,47.39776860345126,47.76125810250159,47.39776860345126,47.706390380859375,8652700,0.0,0.0
2012-09-21 00:00:00-04:00,47.80240624382216,47.89156759954644,47.58294058988181,47.610374450683594,20290300,0.0,0.0
2012-09-24 00:00:00-04:00,47.55551392873974,47.90528916632425,47.486931882589275,47.84356689453125,8361000,0.0,0.0
2012-09-25 00:00:00-04:00,47.80239338791832,47.987570590410606,47.69266320669578,47.726951599121094,10026700,0.0,0.0
2012-09-26 00:00:00-04:00,47.65838046480281,47.905279969524784,47.528076171875,47.528076171875,7698400,0.0,0.0
2012-09-27 00:00:00-04:00,47.6035179778997,47.706388411139095,47.36347301374454,47.528076171875,6773100,0.0,0.0
2012-09-28 00:00:00-04:00,47.49376826913283,47.610358213422586,47.07541119141345,47.569210052490234,8955100,0.0,0.0
2012-10-01 00:00:00-04:00,47.54863934124921,47.850401263589085,47.39089599237751,47.63093566894531,8588600,0.0,0.0
2012-10-02 00:00:00-04:00,47.68582767411381,47.81613723599543,46.99313691236575,47.178314208984375,11241400,0.0,0.0
2012-10-03 00:00:00-04:00,47.336043392458365,47.69267836786657,47.13715704873839,47.43891906738281,8869500,0.0,0.0
2012-10-04 00:00:00-04:00,47.569240088592075,47.85728786194153,47.53494644451337,47.58295440673828,7792700,0.0,0.0
2012-10-05 00:00:00-04:00,47.8572663701138,47.90527431077921,47.603512354799356,47.754390716552734,6907800,0.0,0.0
2012-10-08 00:00:00-04:00,47.65152634067833,47.65152634067833,47.24688344733012,47.390907287597656,6577000,0.0,0.0
2012-10-09 00:00:00-04:00,47.26747607979457,47.51437568354661,46.99314260535054,47.11659240722656,8200100,0.0,0.0
2012-10-10 00:00:00-04:00,47.17831222630107,47.281187916490794,46.60221150072359,46.732521057128906,8937500,0.0,0.0
2012-10-11 00:00:00-04:00,46.86281909917478,46.90396727215043,46.513043931460686,46.63649368286133,6600700,0.0,0.0
2012-10-12 00:00:00-04:00,46.794255251071526,46.95199346375806,46.54735565232454,46.59536361694336,6537400,0.0,0.0
2012-10-15 00:00:00-04:00,46.821668732783,47.2468857335345,46.615922622076674,47.123435974121094,8359300,0.0,0.0
2012-10-16 00:00:00-04:00,47.2949004243845,47.500651796894196,47.1783104217839,47.32233428955078,7702700,0.0,0.0
2012-10-17 00:00:00-04:00,47.3997784751325,48.15347041757796,47.3721193292479,48.03592300415039,11061000,0.562,0.0
2012-10-18 00:00:00-04:00,48.02209079348676,48.05666604470318,47.738593780194236,48.03592300415039,7358100,0.0,0.0
2012-10-19 00:00:00-04:00,47.95984555545065,48.04973379278766,47.3306120677689,47.41358947753906,10125600,0.0,0.0
2012-10-22 00:00:00-04:00,47.26149479685951,47.399790561546396,46.929595512499006,47.36521530151367,7516800,0.0,0.0
2012-10-23 00:00:00-04:00,47.00563842985947,47.109353618395296,46.50778442311976,46.63224792480469,8030800,0.0,0.0
2012-10-24 00:00:00-04:00,46.58384920111269,47.275311978342216,46.58384920111269,47.07478713989258,10209600,0.0,0.0
2012-10-25 00:00:00-04:00,48.229511163991695,48.97629195779791,48.11196380073712,48.45077896118164,24479700,0.0,0.0
2012-10-26 00:00:00-04:00,48.22260286231417,48.651311596724696,47.98059199427648,48.015167236328125,11945200,0.0,0.0
2012-10-31 00:00:00-04:00,48.06355557018213,48.367795455778314,47.71782435098303,47.87685775756836,9095400,0.0,0.0
2012-11-01 00:00:00-04:00,47.821567574976555,48.063578488728005,47.80773536536661,47.88379669189453,7703800,0.0,0.0
2012-11-02 00:00:00-04:00,48.22262091626727,48.24336395908768,47.752425935712594,47.84231948852539,6963100,0.0,0.0
2012-11-05 00:00:00-05:00,47.86306428548237,47.86306428548237,47.26148964442692,47.482757568359375,6525700,0.0,0.0
2012-11-06 00:00:00-05:00,47.43434121484521,47.71092735605564,47.26839164029569,47.66252517700195,6639800,0.0,0.0
2012-11-07 00:00:00-05:00,47.58644509296996,47.62102032527896,46.87423962109863,47.06093215942383,8849600,0.0,0.0
2012-11-08 00:00:00-05:00,47.00564643430373,47.081702493700696,46.258865297027135,46.26578140258789,7917700,0.0,0.0
2012-11-09 00:00:00-05:00,46.21047069131742,46.646090455151594,46.162068495335845,46.33493423461914,8147700,0.0,0.0
2012-11-12 00:00:00-05:00,46.43172967077656,46.60459537671732,46.26578007019739,46.38332748413086,4371300,0.0,0.0
2012-11-13 00:00:00-05:00,46.16897064815079,46.742886060798256,46.16897064815079,46.22428894042969,6769100,0.0,0.0
2012-11-14 00:00:00-05:00,46.251936775076686,46.36948416083962,45.837060235333645,46.00300979614258,9680100,0.0,0.0
2012-11-15 00:00:00-05:00,46.16207164293598,46.32802128683912,45.51901083793671,45.857826232910156,9290000,0.0,0.0
2012-11-16 00:00:00-05:00,45.885472358091896,46.307265092981346,45.733349696270444,46.20354461669922,11354200,0.0,0.0
2012-11-19 00:00:00-05:00,46.32107760876452,46.96413803100586,46.231189370870474,46.96413803100586,8741400,0.0,0.0
2012-11-20 00:00:00-05:00,46.888081504761324,47.35827632676812,46.853511536865234,47.22690200805664,7611600,0.0,0.0
2012-11-21 00:00:00-05:00,47.130100155477955,47.36519494122235,46.99872055436094,47.344451904296875,6201400,0.0,0.0
2012-11-23 00:00:00-05:00,47.53805138796005,48.13270961644834,47.51039225228144,48.11887741088867,4598200,0.0,0.0
2012-11-26 00:00:00-05:00,47.80771996813558,48.10504907368276,47.74549087125946,48.04281997680664,7493600,0.0,0.0
2012-11-27 00:00:00-05:00,47.84921654314611,48.04283052976182,47.648697003317146,47.704010009765625,8154300,0.0,0.0
2012-11-28 00:00:00-05:00,47.71092198768573,48.22260286231417,47.641776779023715,48.015167236328125,11255800,0.0,0.0
2012-11-29 00:00:00-05:00,47.99442677528819,48.264096796341754,47.80081279503296,48.05665588378906,8783800,0.0,0.0
2012-11-30 00:00:00-05:00,47.966767434203135,48.32632570228699,47.966767434203135,48.28483963012695,8886800,0.0,0.0
2012-12-03 00:00:00-05:00,48.29175312980072,48.3539875169248,48.056658340634144,48.111976623535156,7404600,0.0,0.0
2012-12-04 00:00:00-05:00,48.05666496048257,48.29867588720944,47.759335743234544,47.92528533935547,6634900,0.0,0.0
2012-12-05 00:00:00-05:00,48.04281744781683,48.3193982310721,47.766231389121266,47.994415283203125,7623400,0.0,0.0
2012-12-06 00:00:00-05:00,48.0428376551855,48.56834558475742,48.01517851013816,48.367820739746094,10686900,0.0,0.0
2012-12-07 00:00:00-05:00,48.29867142322523,48.85875983096154,48.29867142322523,48.6029167175293,11590900,0.0,0.0
2012-12-10 00:00:00-05:00,48.48536680846464,48.69280245484806,48.42313242174037,48.55451202392578,8124100,0.0,0.0
2012-12-11 00:00:00-05:00,48.60291012561295,49.07310493692852,48.49918967340014,48.8587532043457,9298000,0.0,0.0
2012-12-12 00:00:00-05:00,48.92790985107422,49.08694334292599,48.82418937461639,48.92790985107422,8405900,0.0,0.0
2012-12-13 00:00:00-05:00,48.78269740685558,48.84492651995459,48.33324558007561,48.492279052734375,8478200,0.0,0.0
2012-12-14 00:00:00-05:00,48.3470839855311,48.727390685073374,48.25027960300092,48.354000091552734,8997600,0.0,0.0
2012-12-17 00:00:00-05:00,48.367827028152824,48.50612277136965,48.13964828387065,48.354000091552734,8791500,0.0,0.0
2012-12-18 00:00:00-05:00,48.3263307317358,48.59600077972434,48.008258502709374,48.381649017333984,13568900,0.0,0.0
2012-12-19 00:00:00-05:00,48.23644038276876,48.39547385266551,47.55188849791696,47.946022033691406,10304800,0.0,0.0
2012-12-20 00:00:00-05:00,47.918369101757456,48.57525658237435,47.918369101757456,48.27792739868164,10218200,0.0,0.0
2012-12-21 00:00:00-05:00,48.00825662128547,48.27792665870575,47.282218658728176,47.51731872558594,17746900,0.0,0.0
2012-12-24 00:00:00-05:00,47.48273350230055,47.496565707972564,47.18540438564123,47.37901306152344,3578800,0.0,0.0
2012-12-26 00:00:00-05:00,47.41360379827401,47.427430733024856,46.81202926548362,47.01947021484375,6937000,0.0,0.0
2012-12-27 00:00:00-05:00,46.93649911712023,47.13011315787022,46.61151598989423,46.99873352050781,7648800,0.0,0.0
2012-12-28 00:00:00-05:00,46.83277420798408,46.95723771354808,46.369490157836786,46.431724548339844,6463300,0.0,0.0
2012-12-31 00:00:00-05:00,46.32801502683942,46.998734894433255,46.2104675981016,46.943416595458984,9061900,0.0,0.0
2013-01-02 00:00:00-05:00,47.4689250542679,47.98060607910156,47.26148409194578,47.98060607910156,9987000,0.0,0.0
2013-01-03 00:00:00-05:00,48.01517783476936,48.05666391403559,47.66944643970436,47.67635726928711,7741900,0.0,0.0
2013-01-04 00:00:00-05:00,47.71786125737031,47.82849258985086,47.489677210109164,47.77317428588867,5853700,0.0,0.0
2013-01-07 00:00:00-05:00,47.65560534133637,47.65560534133637,47.28221487125468,47.44816970825195,5269800,0.0,0.0
2013-01-08 00:00:00-05:00,47.37903073353739,47.5242425700527,47.29605857032033,47.37211990356445,7362000,0.0,0.0
2013-01-09 00:00:00-05:00,47.55189125074124,47.7869913302291,47.441259953379195,47.627952575683594,5762900,0.0,0.0
2013-01-10 00:00:00-05:00,47.697109202221775,47.911460995279235,47.48966823927126,47.89762878417969,12855000,0.0,0.0
2013-01-11 00:00:00-05:00,47.9183744733406,47.9183744733406,47.71784962693515,47.86305618286133,12193500,0.0,0.0
2013-01-14 00:00:00-05:00,47.92526996510156,48.381637802336115,47.869956967767166,48.14653778076172,11570700,0.0,0.0
2013-01-15 00:00:00-05:00,47.82158238903855,48.37474960962329,47.81466628209112,48.31943130493164,7563400,0.0,0.0
2013-01-16 00:00:00-05:00,48.39050263669241,48.58568100063967,48.17441306492389,48.33473587036133,7061000,0.562,0.0
2013-01-17 00:00:00-05:00,48.48811843151658,48.76694709799643,48.33476239904195,48.564796447753906,6263300,0.0,0.0
2013-01-18 00:00:00-05:00,48.57873113497106,48.794820782321615,48.56478677940517,48.75299835205078,10610800,0.0,0.0
2013-01-22 00:00:00-05:00,48.69723034542422,48.78088052208229,48.62055234637431,48.75996398925781,8313600,0.0,0.0
2013-01-23 00:00:00-05:00,48.683301094774286,49.28278091795291,48.6554230121187,49.275814056396484,10588600,0.0,0.0
2013-01-24 00:00:00-05:00,49.2688248330735,49.38732525711915,48.93422945658881,49.08758544921875,8877200,0.0,0.0
2013-01-25 00:00:00-05:00,50.0146880556699,51.0602912902832,50.0146880556699,51.0602912902832,28760300,0.0,0.0
2013-01-28 00:00:00-05:00,51.39488193943359,51.7434163189224,51.01846417140016,51.422760009765625,14010000,0.0,0.0
2013-01-29 00:00:00-05:00,51.26938893758692,52.49622563581914,51.24847241584678,52.28013610839844,17576700,0.0,0.0
2013-01-30 00:00:00-05:00,52.10590347251254,52.61476614075323,52.05013668071909,52.3359375,12677800,0.0,0.0
2013-01-31 00:00:00-05:00,52.161647742974644,52.46138747168119,52.050114207543515,52.39168167114258,11661500,0.0,0.0
2013-02-01 00:00:00-05:00,52.48929510287622,52.95633003226373,52.398672733922666,52.92147445678711,12204000,0.0,0.0
2013-02-04 00:00:00-05:00,52.76113777747842,52.837815768906125,52.24530305001696,52.45442581176758,11086000,0.0,0.0
2013-02-05 00:00:00-05:00,52.58686669782177,53.4582026104012,52.5032165356577,52.76810073852539,14851700,0.0,0.0
2013-02-06 00:00:00-05:00,52.50322253563081,53.10967431464675,52.30804411982236,53.081790924072266,17015800,0.0,0.0
2013-02-07 00:00:00-05:00,52.963290502790414,53.26999716268386,52.83084572711484,53.081790924072266,9897000,0.0,0.0
2013-02-08 00:00:00-05:00,53.081799518909435,53.311833539735616,52.67052608910985,52.80297088623047,9130700,0.0,0.0
2013-02-11 00:00:00-05:00,52.56596051881255,52.92146177606311,52.363809929557384,52.844783782958984,6928200,0.0,0.0
2013-02-12 00:00:00-05:00,52.94933537256521,53.193308342674314,52.84477400874363,52.963279724121094,6281000,0.0,0.0
2013-02-13 00:00:00-05:00,52.98420716407003,53.38153621373766,52.96329594854229,53.367591857910156,7113300,0.0,0.0
2013-02-14 00:00:00-05:00,53.18634126291944,53.65337599206465,53.15148570238723,53.520931243896484,10049400,0.0,0.0
2013-02-15 00:00:00-05:00,53.47909497644941,53.64638992361388,53.123588560290735,53.35362243652344,11165600,0.0,0.0
2013-02-19 00:00:00-05:00,53.36758984770498,54.21104252423901,53.31879524057369,53.939186096191406,11783500,0.0,0.0
2013-02-20 00:00:00-05:00,53.86250002363383,54.03676721129931,53.61852702454466,53.73006057739258,9275400,0.0,0.0
2013-02-21 00:00:00-05:00,53.17239764392461,53.813699548141734,52.90751346215109,53.702171325683594,10305200,0.0,0.0
2013-02-22 00:00:00-05:00,53.70915180948944,53.80674101356531,53.50002904749102,53.66732406616211,8433200,0.0,0.0
2013-02-25 00:00:00-05:00,53.723104828822095,54.14134514347082,52.92147445678711,52.92147445678711,9970400,0.0,0.0
2013-02-26 00:00:00-05:00,52.97025817204212,53.24211458653567,52.81690218064309,53.032997131347656,8378900,0.0,0.0
2013-02-27 00:00:00-05:00,52.94237712400219,53.63944597523705,52.76810991119348,53.50003433227539,7567800,0.0,0.0
2013-02-28 00:00:00-05:00,53.43729463046016,53.611561823512986,53.095727102963494,53.102699279785156,10466900,0.0,0.0
2013-03-01 00:00:00-05:00,52.76811300226615,53.479126250375174,52.67052378283371,53.31879806518555,9599700,0.0,0.0
2013-03-04 00:00:00-05:00,53.15149692292033,53.451236724853516,52.95631850644532,53.451236724853516,7631000,0.0,0.0
2013-03-05 00:00:00-05:00,53.520955876112225,53.946168382885936,53.47913343879491,53.70916748046875,9716200,0.0,0.0
2013-03-06 00:00:00-05:00,53.68124697149909,53.987953496815074,53.54183007980034,53.81368637084961,7194700,0.0,0.0
2013-03-07 00:00:00-05:00,53.82766849346219,54.01587478156867,53.520956434696004,53.60460662841797,7111400,0.0,0.0
2013-03-08 00:00:00-05:00,53.68128135413142,53.81372083830887,53.29789130416346,53.799781799316406,7252800,0.0,0.0
2013-03-11 00:00:00-04:00,53.68822853602366,53.94614586766822,53.604583696299436,53.91826248168945,6621000,0.0,0.0
2013-03-12 00:00:00-04:00,53.80675670532543,53.98799081248408,53.67431189622046,53.79281234741211,7016700,0.0,0.0
2013-03-13 00:00:00-04:00,53.72308015618454,53.743991364581255,53.33969027487232,53.534873962402344,6340300,0.0,0.0
2013-03-14 00:00:00-04:00,53.58367452362009,54.00191469277896,53.55579113658119,53.94614791870117,8079100,0.0,0.0
2013-03-15 00:00:00-04:00,53.73006432431536,53.93918177316945,53.214229583740234,53.214229583740234,15237000,0.0,0.0
2013-03-18 00:00:00-04:00,52.907517203978436,53.36061293812444,52.83781139523574,53.0887565612793,7081800,0.0,0.0
2013-03-19 00:00:00-04:00,53.07481519668543,53.79976734849096,53.053903984706565,53.750972747802734,9326400,0.0,0.0
2013-03-20 00:00:00-04:00,53.876451235546114,54.24589686951492,53.86250688055869,54.0786018371582,8615800,0.0,0.0
2013-03-21 00:00:00-04:00,53.967073988629366,54.14134121694569,53.77189554382928,53.8206901550293,6319500,0.0,0.0
2013-03-22 00:00:00-04:00,53.79977322366768,53.98797947024307,53.674300619879695,53.86250686645508,5868400,0.0,0.0
2013-03-25 00:00:00-04:00,53.86250477125257,54.10648311005931,53.28394169904822,53.451236724853516,6843600,0.0,0.0
2013-03-26 00:00:00-04:00,53.6882468460606,54.02284227370541,53.59762979938429,53.9531364440918,5386000,0.0,0.0
2013-03-27 00:00:00-04:00,53.66036402045295,53.750981059110686,53.374563230649194,53.71612548828125,5274600,0.0,0.0
2013-03-28 00:00:00-04:00,53.63944748702723,53.78583662994012,53.43730219449949,53.71612548828125,8016700,0.0,0.0
2013-04-01 00:00:00-04:00,53.569739254144736,54.26680809367352,53.48609439705772,54.16224670410156,7266000,0.0,0.0
2013-04-02 00:00:00-04:00,54.259835044346254,55.17299882584147,54.12739558334875,55.04055404663086,13373600,0.0,0.0
2013-04-03 00:00:00-04:00,54.98478940559113,55.124206367614825,54.25983715770784,54.455020904541016,8426700,0.0,0.0
2013-04-04 00:00:00-04:00,54.59442767545724,55.054495631751536,54.5456330726575,54.74778366088867,8770600,0.0,0.0
2013-04-05 00:00:00-04:00,54.28773696530557,54.6432436781953,54.25288670292182,54.531715393066406,6562600,0.0,0.0
2013-04-08 00:00:00-04:00,54.455027010994435,54.98479557145149,54.28772663780534,54.922061920166016,6284500,0.0,0.0
2013-04-09 00:00:00-04:00,54.942949967599574,54.99174455964937,54.420148487832435,54.55259323120117,6760600,0.0,0.0
2013-04-10 00:00:00-04:00,54.71292384845358,55.40999258762485,54.67110142593128,55.23572540283203,7947600,0.0,0.0
2013-04-11 00:00:00-04:00,55.32634780940202,55.856116222699086,55.298464421616,55.535465240478516,11831600,0.0,0.0
2013-04-12 00:00:00-04:00,55.42395235400912,56.225582690631974,55.396068958502404,55.82128143310547,9383400,0.0,0.0
2013-04-15 00:00:00-04:00,55.61914992766561,56.35106936806783,55.48670508302418,55.52156066894531,10877200,0.0,0.0
2013-04-16 00:00:00-04:00,55.64701026362673,55.911894524882925,55.3263592153018,55.8352165222168,9365600,0.0,0.0
2013-04-17 00:00:00-04:00,55.75158281169746,55.863111089930165,54.963891411878556,55.11027526855469,10964600,0.0,0.0
2013-04-18 00:00:00-04:00,55.13118557329459,55.89099356139075,55.11027435386144,55.674903869628906,10896200,0.0,0.0
2013-04-19 00:00:00-04:00,56.02341130526065,56.950508600854405,55.904905588709866,56.76230239868164,13147600,0.0,0.0
2013-04-22 00:00:00-04:00,56.678658904093986,56.87383730505131,56.54621945670869,56.741397857666016,7530300,0.0,0.0
2013-04-23 00:00:00-04:00,56.78321344619064,57.536048889160156,56.12100033433771,57.536048889160156,12684800,0.0,0.0
2013-04-24 00:00:00-04:00,55.817099546300796,55.90136430201608,54.01949428266495,54.15291213989258,25708200,0.602,0.0
2013-04-25 00:00:00-04:00,54.53911991023891,54.53911991023891,53.61222891841858,53.77373504638672,14702300,0.0,0.0
2013-04-26 00:00:00-04:00,53.87201328664675,54.22310825816318,53.77370712320488,54.13884353637695,8769100,0.0,0.0
2013-04-29 00:00:00-04:00,54.46187781371827,54.7568018104984,54.23015908685171,54.546142578125,6638100,0.0,0.0
2013-04-30 00:00:00-04:00,54.67253279040485,54.69359764054515,53.787771583507535,53.907142639160156,9653800,0.0,0.0
2013-05-01 00:00:00-04:00,53.94927497212575,54.60933012476137,53.87203362065465,54.061622619628906,8388800,0.0,0.0
2013-05-02 00:00:00-04:00,54.34248649445285,54.96743519833552,54.16693898533334,54.602298736572266,7288200,0.0,0.0
2013-05-03 00:00:00-04:00,54.841047387247194,55.093836259429686,54.532087376912834,54.90424728393555,7884000,0.0,0.0
2013-05-06 00:00:00-04:00,54.791895890779124,55.05170817178872,54.433777418530354,54.59528350830078,7204200,0.0,0.0
2013-05-07 00:00:00-04:00,54.75678697766229,54.91126430129867,54.258227286583754,54.72869873046875,9574200,0.0,0.0
2013-05-08 00:00:00-04:00,54.70060494521286,55.12894129629874,54.230138906244704,55.07978820800781,12067300,0.0,0.0
2013-05-09 00:00:00-04:00,55.17108189110542,55.395782533040624,54.78487515155153,54.91829299926758,7189400,0.0,0.0
2013-05-10 00:00:00-04:00,55.0587426815465,55.3255730605603,54.93234821626908,55.304508209228516,6162500,0.0,0.0
2013-05-13 00:00:00-04:00,55.12894467934722,55.45195147326426,55.06574478636065,55.185115814208984,5420200,0.0,0.0
2013-05-14 00:00:00-04:00,55.42387904468524,55.803062438964844,55.290461177081305,55.803062438964844,6867400,0.0,0.0
2013-05-15 00:00:00-04:00,55.80306039566312,56.87741062813993,55.80306039566312,56.6527099609375,11154400,0.0,0.0
2013-05-16 00:00:00-04:00,56.51927908037252,56.6948266036065,56.09796609606802,56.315643310546875,8065600,0.0,0.0
2013-05-17 00:00:00-04:00,56.112018771137535,56.30160775886861,55.69070038544924,56.18925476074219,8549900,0.0,0.0
2013-05-20 00:00:00-04:00,56.1611670442875,56.1611670442875,55.318535702578224,55.53621292114258,7307300,0.0,0.0
2013-05-21 00:00:00-04:00,55.592398965730844,55.62751061998265,54.92532039323667,55.33259201049805,7377700,0.0,0.0
2013-05-22 00:00:00-04:00,55.360679174241824,55.95052179598247,55.20620181256581,55.34663772583008,8873300,0.0,0.0
2013-05-23 00:00:00-04:00,54.960429038538884,55.550271639997035,54.93234614268105,55.26237106323242,7141200,0.0,0.0
2013-05-24 00:00:00-04:00,57.49532699584961,57.82535722031504,57.186366975799835,57.49532699584961,25580900,0.0,0.0
2013-05-28 00:00:00-04:00,57.61471815366049,57.67088930797075,56.71591003996531,56.779109954833984,14372700,0.0,0.0
2013-05-29 00:00:00-04:00,56.28757806696598,56.350772623644296,55.381751920234834,55.40281677246094,9992500,0.0,0.0
2013-05-30 00:00:00-04:00,55.40280044393476,56.09094374784771,55.40280044393476,55.53621292114258,14761500,0.0,0.0
2013-05-31 00:00:00-04:00,55.325553244695435,55.33959468812519,53.893084937045074,53.900108337402344,16461900,0.0,0.0
2013-06-03 00:00:00-04:00,53.97737725542211,54.560191208096455,53.45073446245868,54.532108306884766,11720600,0.0,0.0
2013-06-04 00:00:00-04:00,54.56720280300461,55.10086888442259,53.89310081677019,54.328460693359375,11379300,0.0,0.0
2013-06-05 00:00:00-04:00,54.124817407994016,54.21610019779221,53.80882862985759,53.829898834228516,8826900,0.0,0.0
2013-06-06 00:00:00-04:00,53.75969355879032,54.047594184911844,53.2470975835659,53.942264556884766,11099900,0.0,0.0
2013-06-07 00:00:00-04:00,54.377606278740565,54.967443426175585,54.25822988313389,54.59528350830078,7839500,0.0,0.0
2013-06-10 00:00:00-04:00,54.55314272102219,54.925302563220114,54.25120080724726,54.81997299194336,8966400,0.0,0.0
2013-06-11 00:00:00-04:00,54.546144710838874,55.29748814499365,54.38463857873291,54.85511016845703,6781200,0.0,0.0
2013-06-12 00:00:00-04:00,55.22024591631268,55.39579349497778,54.4057079370958,54.489967346191406,7834200,0.0,0.0
2013-06-13 00:00:00-04:00,54.44782418275184,55.25534391645889,54.16694705485996,55.07277297973633,6927700,0.0,0.0
2013-06-14 00:00:00-04:00,55.114907484987384,55.32556668861667,54.539111733324916,54.791900634765625,6825900,0.0,0.0
2013-06-17 00:00:00-04:00,54.953407652737205,55.803057168881054,54.94638425055643,55.44493865966797,7359900,0.0,0.0
2013-06-18 00:00:00-04:00,55.437925419054416,55.63454321515221,55.262377833361036,55.50112533569336,6051400,0.0,0.0
2013-06-19 00:00:00-04:00,55.508134304749085,55.80305288627401,54.48293195648209,54.496978759765625,7424500,0.0,0.0
2013-06-20 00:00:00-04:00,54.21610148526547,54.300366232893346,52.73447982251119,52.83980941772461,15555700,0.0,0.0
2013-06-21 00:00:00-04:00,53.54202805622873,54.44083107987531,53.1488030727055,54.37061309814453,20055700,0.0,0.0
2013-06-24 00:00:00-04:00,54.033542031557474,54.37059573644073,53.106651039737145,53.77373504638672,12563300,0.0,0.0
2013-06-25 00:00:00-04:00,54.13886259945437,54.23716879751127,53.570090259655686,53.85096740722656,7909400,0.0,0.0
2013-06-26 00:00:00-04:00,54.23016200967657,54.4829456019473,54.08269732469524,54.34953308105469,7326500,0.0,0.0
2013-06-27 00:00:00-04:00,54.74274023608468,55.03765879601555,54.46888652225096,54.53910446166992,14731500,0.0,0.0
2013-06-28 00:00:00-04:00,54.50400587937908,54.72870653167153,53.998428072399534,54.061622619628906,9865300,0.0,0.0
2013-07-01 00:00:00-04:00,54.08267627032884,55.08680827425117,54.06863482628067,54.78486633300781,6699200,0.0,0.0
2013-07-02 00:00:00-04:00,54.73571123268648,55.19915922853081,54.56718712387255,55.07978820800781,10228500,0.0,0.0
2013-07-03 00:00:00-04:00,54.96747995597939,55.297510399019174,54.370619010431945,55.17111587524414,5339900,0.0,0.0
2013-07-05 00:00:00-04:00,55.39580851370271,55.487091350733564,54.61637662452974,55.00960159301758,7264700,0.0,0.0
2013-07-08 00:00:00-04:00,55.150025489746476,55.52920888557875,55.12193723554186,55.304508209228516,11141400,0.0,0.0
2013-07-09 00:00:00-04:00,55.52218064579455,56.104999815871956,55.52218064579455,55.87327575683594,11456200,0.0,0.0
2013-07-10 00:00:00-04:00,55.92943757376787,56.24542094781614,55.68367213203201,56.034767150878906,6862800,0.0,0.0
2013-07-11 00:00:00-04:00,56.56141546776513,56.87037547301634,56.37884453924029,56.71589279174805,9185400,0.0,0.0
2013-07-12 00:00:00-04:00,56.645698925647395,57.32682447854981,56.645698925647395,57.26362991333008,12586300,0.0,0.0
2013-07-15 00:00:00-04:00,57.13722464328918,57.291702003770915,56.772082699966354,57.235530853271484,10024700,0.0,0.0
2013-07-16 00:00:00-04:00,57.10211164957232,57.137223305438155,56.81421642916131,56.856346130371094,11208600,0.0,0.0
2013-07-17 00:00:00-04:00,56.94265288227964,57.19733533148722,56.60307988161321,56.659671783447266,7644300,0.602,0.0
2013-07-18 00:00:00-04:00,56.61722445446808,57.12658933441089,56.61722445446808,56.8082389831543,5526000,0.0,0.0
2013-07-19 00:00:00-04:00,56.850678656534306,57.593503266171936,56.63137089827064,57.56520462036133,7862600,0.0,0.0
2013-07-22 00:00:00-04:00,57.46616338279556,57.62179784221761,57.232703597540095,57.45908737182617,4813600,0.0,0.0
2013-07-23 00:00:00-04:00,57.4591000361059,57.586441274546914,57.14782025382429,57.26808547973633,4311700,0.0,0.0
2013-07-24 00:00:00-04:00,57.26808026482606,57.30345492683357,56.6879714308461,56.78701400756836,5606600,0.0,0.0
2013-07-25 00:00:00-04:00,56.60305874074587,56.99922889269495,56.482788175406895,56.88603973388672,6239900,0.0,0.0
2013-07-26 00:00:00-04:00,56.61014023758884,56.89312128514199,56.16444873094745,56.87189865112305,6543500,0.0,0.0
2013-07-29 00:00:00-04:00,56.66674779520734,56.914354232654844,56.631378531238006,56.659671783447266,4389400,0.0,0.0
2013-07-30 00:00:00-04:00,56.94265304703066,57.23271015846233,56.70919863242787,56.907283782958984,6434100,0.0,0.0
2013-07-31 00:00:00-04:00,56.90728155454148,57.59350894016358,56.709196411767124,56.8082389831543,11857000,0.0,0.0
2013-08-01 00:00:00-04:00,57.74208658636215,58.1736316350681,57.452029417021556,57.75623321533203,10724800,0.0,0.0
2013-08-02 00:00:00-04:00,57.60058396805395,57.65718126958792,56.992176470103075,57.50861740112305,6626300,0.0,0.0
2013-08-05 00:00:00-04:00,57.33882698010419,57.76329591780412,57.27515367087074,57.58643341064453,4662800,0.0,0.0
2013-08-06 00:00:00-04:00,57.51568718742229,57.98967739227716,57.51568718742229,57.826961517333984,6212500,0.0,0.0
2013-08-07 00:00:00-04:00,57.59349174907793,58.15944835987003,57.572263720903884,57.98258590698242,5828500,0.0,0.0
2013-08-08 00:00:00-04:00,58.08871165460769,58.29387277306366,57.6642427945742,58.13115692138672,6207900,0.0,0.0
2013-08-09 00:00:00-04:00,57.954318405410184,58.05336100044926,57.43788278805167,57.75623321533203,6127200,0.0,0.0
2013-08-12 00:00:00-04:00,57.46615659135518,57.81988153421184,57.33173938589708,57.742061614990234,4922200,0.0,0.0
2013-08-13 00:00:00-04:00,57.855261030364424,58.00382488497014,57.536910684411495,57.77037048339844,4936400,0.0,0.0
2013-08-14 00:00:00-04:00,57.77744005124371,57.85525998283034,57.437867074697635,57.48031234741211,5167500,0.0,0.0
2013-08-15 00:00:00-04:00,57.27517338885955,57.360069364592626,56.71628702613892,56.93560028076172,7415300,0.0,0.0
2013-08-16 00:00:00-04:00,56.78699866393854,56.93556788629473,55.93098496932166,56.525245666503906,9451600,0.0,0.0
2013-08-19 00:00:00-04:00,56.34131337703771,56.659663694389906,56.18567352502916,56.305938720703125,5959400,0.0,0.0
2013-08-20 00:00:00-04:00,56.397913623142195,56.66674267415998,56.086633902815784,56.26349639892578,5172500,0.0,0.0
2013-08-21 00:00:00-04:00,56.24227509360137,56.68089603740081,55.92392475203762,56.157379150390625,7390900,0.0,0.0
2013-08-22 00:00:00-04:00,56.10078778961252,56.63137529557702,55.79658407029626,56.433284759521484,6274400,0.0,0.0
2013-08-23 00:00:00-04:00,56.504038173014095,56.645526025891954,56.30594762260323,56.60308074951172,5219600,0.0,0.0
2013-08-26 00:00:00-04:00,56.539396938319506,56.58184760423239,55.55604197040245,55.56311798095703,6385400,0.0,0.0
2013-08-27 00:00:00-04:00,55.0891338560523,55.43578284737475,54.70711020549859,55.15987777709961,7052200,0.0,0.0
2013-08-28 00:00:00-04:00,55.082056826174046,55.082056826174046,54.367530822753906,54.367530822753906,9008500,0.0,0.0
2013-08-29 00:00:00-04:00,54.30384941246695,55.06789111206468,54.063313668260925,54.69294357299805,5961000,0.0,0.0
2013-08-30 00:00:00-04:00,54.8486194687841,55.23064326853764,52.07541566029615,55.103302001953125,9039100,0.0,0.0
2013-09-03 00:00:00-04:00,55.372113598214156,55.47823218626968,54.78493415281608,55.004241943359375,6743800,0.0,0.0
2013-09-04 00:00:00-04:00,54.84151224459989,55.00422809163032,54.55853661093447,54.820289611816406,6031300,0.0,0.0
2013-09-05 00:00:00-04:00,54.88394958125768,54.919318828170766,54.353362300845085,54.572669982910156,7163200,0.0,0.0
2013-09-06 00:00:00-04:00,54.558546497892095,54.905195490141026,54.049181629125776,54.579769134521484,6977400,0.0,0.0
2013-09-09 00:00:00-04:00,54.73540254775926,55.322581882481224,54.73540254775926,55.294288635253906,6089300,0.0,0.0
2013-09-10 00:00:00-04:00,55.53482875018278,55.63387132507777,55.02546385219972,55.145729064941406,6650200,0.0,0.0
2013-09-11 00:00:00-04:00,54.65759161967378,55.37211227416992,54.65051560799512,55.37211227416992,7049800,0.0,0.0
2013-09-12 00:00:00-04:00,55.46406328839024,55.74704427710205,55.301347465721584,55.365020751953125,6944900,0.0,0.0
2013-09-13 00:00:00-04:00,55.49236721385832,56.01587858453228,55.471144582230366,55.923912048339844,4894100,0.0,0.0
2013-09-16 00:00:00-04:00,56.397903077138466,56.74455199341699,56.39082706734102,56.70918273925781,7512800,0.0,0.0
2013-09-17 00:00:00-04:00,56.56768980475834,56.77285091056721,56.34130606686821,56.47572326660156,5457700,0.0,0.0
2013-09-18 00:00:00-04:00,55.930997068845976,56.935580203140006,55.556049420392334,56.8082389831543,10372100,0.0,0.0
2013-09-19 00:00:00-04:00,56.949729652623546,56.970952290770946,56.44036474742352,56.68090057373047,8157300,0.0,0.0
2013-09-20 00:00:00-04:00,56.659675954563994,56.723349270261096,56.16446304321289,56.16446304321289,11146100,0.0,0.0
2013-09-23 00:00:00-04:00,56.03004210461049,56.29887657941301,55.65509443966547,56.086639404296875,6304900,0.0,0.0
2013-09-24 00:00:00-04:00,55.867338372384616,56.22813945475761,55.5985038650644,55.61973190307617,7692100,0.0,0.0
2013-09-25 00:00:00-04:00,55.77536141341992,55.88855601636452,54.975944770432726,54.9830207824707,7589300,0.0,0.0
2013-09-26 00:00:00-04:00,55.117433869027465,55.28014435172455,54.91227271471848,55.21647644042969,4632600,0.0,0.0
2013-09-27 00:00:00-04:00,55.004246611362035,55.004246611362035,54.310943121654795,54.622222900390625,6551300,0.0,0.0
2013-09-30 00:00:00-04:00,54.332154381088834,54.58683677642319,53.30634878948814,53.47613525390625,15028300,0.0,0.0
2013-10-01 00:00:00-04:00,53.42662534876877,54.11992877195204,53.370033446860056,53.879398345947266,8076100,0.0,0.0
2013-10-02 00:00:00-04:00,53.70252818058022,53.86523864618048,53.35587381968183,53.7166748046875,8522900,0.0,0.0
2013-10-03 00:00:00-04:00,53.688393619310744,53.86525616395136,53.20025126892937,53.653018951416016,9251600,0.0,0.0
2013-10-04 00:00:00-04:00,53.75206029222685,53.85110287317945,53.41955788585062,53.78035354614258,4984700,0.0,0.0
2013-10-07 00:00:00-04:00,53.525680291255284,53.836954683240876,53.39833904990147,53.51860427856445,6373300,0.0,0.0
2013-10-08 00:00:00-04:00,54.042109583013755,54.473654550859266,53.801579153678546,53.999664306640625,9656600,0.0,0.0
2013-10-09 00:00:00-04:00,54.17653273156017,54.586855105981385,53.83695429128353,54.43828582763672,8470700,0.0,0.0
2013-10-10 00:00:00-04:00,54.7637288893393,55.12452464681433,54.57979030484671,55.103302001953125,10121900,0.0,0.0
2013-10-11 00:00:00-04:00,55.18108213546433,55.52773101196264,55.04666495180821,55.520660400390625,6082200,0.0,0.0
2013-10-14 00:00:00-04:00,55.18816212563496,55.74704813270603,55.13156484449551,55.70459747314453,6326100,0.0,0.0
2013-10-15 00:00:00-04:00,55.44993874231924,55.61265464560334,54.78493929640672,54.898128509521484,11192500,0.0,0.0
2013-10-16 00:00:00-04:00,55.14910755158251,55.9619058733497,55.084941839682216,55.854957580566406,6562600,0.602,0.0
2013-10-17 00:00:00-04:00,55.748005592454895,56.660620720713155,55.59828018293895,56.624969482421875,8671300,0.0,0.0
2013-10-18 00:00:00-04:00,56.60355807433883,56.73189486493899,56.168639252839014,56.617820739746094,7958500,0.0,0.0
2013-10-21 00:00:00-04:00,56.517994862519636,56.55364608419287,55.926224835878,56.30410385131836,6478700,0.0,0.0
2013-10-22 00:00:00-04:00,56.54653194422143,57.4734095934043,56.52514338055964,57.30942153930664,9572300,0.0,0.0
2013-10-23 00:00:00-04:00,57.2809047748722,57.92972025271767,57.21673908037653,57.68730926513672,8960700,0.0,0.0
2013-10-24 00:00:00-04:00,57.58749718350259,57.71583403503359,57.21674930108841,57.47342300415039,7521100,0.0,0.0
2013-10-25 00:00:00-04:00,57.43062441018993,57.551829880347945,56.689123482778086,57.038482666015625,9606500,0.0,0.0
2013-10-28 00:00:00-04:00,57.11694717364555,58.36466477185218,57.002867525079054,57.965396881103516,9820900,0.0,0.0
2013-10-29 00:00:00-04:00,58.07945719299042,58.90651812834999,57.822783484748875,58.79243850708008,9482900,0.0,0.0
2013-10-30 00:00:00-04:00,58.842323823210876,58.863712383877264,57.91545174344803,58.12221145629883,6490000,0.0,0.0
2013-10-31 00:00:00-04:00,57.89405475729491,58.179248243903,57.55182692505587,57.57321548461914,7786800,0.0,0.0
2013-11-01 00:00:00-04:00,57.52332690054298,57.98676579639764,57.49480699807029,57.858428955078125,6802300,0.0,0.0
2013-11-04 00:00:00-05:00,58.07947152411206,58.27197957260249,57.68733496837241,57.986785888671875,5460100,0.0,0.0
2013-11-05 00:00:00-05:00,57.8441479526421,58.27906680819391,57.64451413821441,58.05804443359375,4949300,0.0,0.0
2013-11-06 00:00:00-05:00,58.20779391334805,59.24874597677294,57.986771447165204,59.0419807434082,9526400,0.0,0.0
2013-11-07 00:00:00-05:00,59.11327342755218,59.24873615552451,58.542886296294,58.69261169433594,10087700,0.0,0.0
2013-11-08 00:00:00-05:00,58.66406833291964,58.870833449321005,58.22914954318102,58.82805633544922,9768400,0.0,0.0
2013-11-11 00:00:00-05:00,58.713995555829946,58.94928063659469,58.47871047506519,58.64982986450195,6173600,0.0,0.0
2013-11-12 00:00:00-05:00,58.62843302749347,59.2059459264084,58.55000467830581,59.03483200073242,8201700,0.0,0.0
2013-11-13 00:00:00-05:00,58.87085898152816,59.533931732177734,58.792430612340524,59.533931732177734,7581600,0.0,0.0
2013-11-14 00:00:00-05:00,59.484011878017505,60.21838152200561,59.484011878017505,60.11856460571289,7580500,0.0,0.0
2013-11-15 00:00:00-05:00,60.01163034633726,60.54636628240574,60.00450445037932,60.48932647705078,9664700,0.0,0.0
2013-11-18 00:00:00-05:00,60.45366303458801,60.56061127851116,60.01874416501723,60.29680633544922,8507300,0.0,0.0
2013-11-19 00:00:00-05:00,60.11143919456378,60.31107304681907,60.04014216727468,60.13282775878906,7924200,0.0,0.0
2013-11-20 00:00:00-05:00,60.111452688623736,60.58915430188756,60.06154421435626,60.382389068603516,7680900,0.0,0.0
2013-11-21 00:00:00-05:00,60.48931232034238,60.524963550249346,60.25403269764385,60.368106842041016,7287700,0.0,0.0
2013-11-22 00:00:00-05:00,60.268302029388444,60.603404075201496,60.05441092583324,60.567752838134766,7436200,0.0,0.0
2013-11-25 00:00:00-05:00,60.57488045518327,61.18804470571057,60.496452090142704,60.89572525024414,9670500,0.0,0.0
2013-11-26 00:00:00-05:00,60.745962456719326,61.145235406761444,60.34669494628907,60.34669494628906,7111600,0.0,0.0
2013-11-27 00:00:00-05:00,60.51784502439808,60.524976359811546,59.90468072960248,60.090057373046875,4905000,0.0,0.0
2013-11-29 00:00:00-05:00,60.439419605659,60.753133103792564,59.997374701505755,60.04728317260742,4954500,0.0,0.0
2013-12-02 00:00:00-05:00,59.91893948943126,59.99736785501494,59.24873543430336,59.41984939575195,7497500,0.0,0.0
2013-12-03 00:00:00-05:00,59.3913013534937,59.89038572536037,59.341392916307036,59.76918029785156,7533200,0.0,0.0
2013-12-04 00:00:00-05:00,59.448394342062684,59.52682274068894,58.885138315390954,59.427005767822266,6807200,0.0,0.0
2013-12-05 00:00:00-05:00,59.4554979001854,59.498275028679174,58.678351054604406,58.95641326904297,8186600,0.0,0.0
2013-12-06 00:00:00-05:00,59.34142094724833,60.26829313848355,59.29863838115662,60.26116180419922,7189400,0.0,0.0
2013-12-09 00:00:00-05:00,60.232649751975195,60.56062042716808,60.13282738685048,60.44654083251953,7395300,0.0,0.0
2013-12-10 00:00:00-05:00,60.1827555377525,60.197012770651796,59.48403145414028,59.64088821411133,7373300,0.0,0.0
2013-12-11 00:00:00-05:00,59.70502546809456,60.24689253349938,59.612339899380686,59.904659271240234,9787900,0.0,0.0
2013-12-12 00:00:00-05:00,59.76208133887859,59.79773257315707,58.41454736529429,58.67835235595703,10176300,0.0,0.0
2013-12-13 00:00:00-05:00,58.69259736933355,58.79241427699937,58.15073027085234,58.728248596191406,7441600,0.0,0.0
2013-12-16 00:00:00-05:00,58.9778007954733,59.227343106653386,58.179259960082625,58.243431091308594,8849700,0.0,0.0
2013-12-17 00:00:00-05:00,58.314730738535644,58.35750786819942,57.530452536883324,57.68730926513672,11416400,0.0,0.0
2013-12-18 00:00:00-05:00,57.901203005132594,58.76390961042637,57.38072977166841,58.735389709472656,12036100,0.0,0.0
2013-12-19 00:00:00-05:00,58.45020539400911,58.67122784130709,58.11510333545071,58.393165588378906,6442600,0.0,0.0
2013-12-20 00:00:00-05:00,58.45019467580887,58.84946236277481,58.3361150854676,58.350372314453125,13206100,0.0,0.0
2013-12-23 00:00:00-05:00,58.56427169748829,58.56427169748829,57.75860494976093,57.972496032714844,8653600,0.0,0.0
2013-12-24 00:00:00-05:00,57.98675870201382,58.18639255528329,57.929718904046965,57.972496032714844,2899100,0.0,0.0
2013-12-26 00:00:00-05:00,58.10083082414023,58.386024364374954,57.958236773830045,58.293338775634766,5347000,0.0,0.0
2013-12-27 00:00:00-05:00,58.528645405606525,58.806713179288806,58.3646627160894,58.47161102294922,4006000,0.0,0.0
2013-12-30 00:00:00-05:00,58.464439392089844,58.50009061634489,58.15785735818095,58.464439392089844,4145600,0.0,0.0
2013-12-31 00:00:00-05:00,58.34324730909563,58.464452795970075,57.81563735514626,58.04379653930664,5765300,0.0,0.0
2014-01-02 00:00:00-05:00,57.98674424227839,58.00813280127882,57.26663193145599,57.42348861694336,6981700,0.0,0.0
2014-01-03 00:00:00-05:00,57.58036472970266,57.644530428353065,57.173965652738374,57.359336853027344,6925600,0.0,0.0
2014-01-06 00:00:00-05:00,57.473400563233916,57.7372054993807,57.252378187303115,57.494789123535156,7208200,0.0,0.0
2014-01-07 00:00:00-05:00,57.54471778772366,58.16501345238114,57.48055208428431,58.050933837890625,7158200,0.0,0.0
2014-01-08 00:00:00-05:00,57.730065558553555,57.85840234083954,57.074124422253036,57.20958709716797,13458800,0.0,0.0
2014-01-09 00:00:00-05:00,57.423515190061735,57.60889185320504,57.05989319994641,57.337955474853516,10833900,0.0,0.0
2014-01-10 00:00:00-05:00,57.45914391677477,57.67304042142467,57.181081724498334,57.252384185791016,8448300,0.0,0.0
2014-01-13 00:00:00-05:00,57.04562759399414,57.39498686048754,56.81747382654326,57.04562759399414,9360800,0.0,0.0
2014-01-14 00:00:00-05:00,57.08127968057344,57.69444401809436,57.05275977654741,57.65879821777344,8737100,0.0,0.0
2014-01-15 00:00:00-05:00,57.53757066532335,57.87980397528088,57.216731356924484,57.601741790771484,8221900,0.0,0.0
2014-01-16 00:00:00-05:00,57.50191525533744,57.63025204514929,57.22385311734725,57.437744140625,11673300,0.0,0.0
2014-01-17 00:00:00-05:00,57.3379447521498,57.4948014808901,56.89589990527952,56.95293426513672,13629800,0.0,0.0
2014-01-21 00:00:00-05:00,57.45915526340383,57.55184630554266,56.7105282285237,57.16683578491211,13216400,0.0,0.0
2014-01-22 00:00:00-05:00,57.1610844084982,57.383778849633885,56.7875319123256,56.916839599609375,8455600,0.602,0.0
2014-01-23 00:00:00-05:00,56.5432835700265,56.730062564927955,56.11944504091124,56.20564651489258,12667700,0.0,0.0
2014-01-24 00:00:00-05:00,56.98867008914281,58.691214734659326,56.59356178533362,56.88091278076172,20163200,0.0,0.0
2014-01-27 00:00:00-05:00,56.92401869246896,56.967124908203125,56.33495156457427,56.370872497558594,10395400,0.0,0.0
2014-01-28 00:00:00-05:00,56.51455217505219,57.125169745059885,56.34214373333879,56.83063888549805,10060800,0.0,0.0
2014-01-29 00:00:00-05:00,56.6079335985062,56.6079335985062,55.587837268191116,55.77461624145508,13443100,0.0,0.0
2014-01-30 00:00:00-05:00,56.06914457028059,56.06914457028059,55.149620398933514,55.22146224975586,9450500,0.0,0.0
2014-01-31 00:00:00-05:00,54.61804134602931,55.4513588390698,54.064895098988245,55.04188537597656,12988800,0.0,0.0
2014-02-03 00:00:00-05:00,55.09215726802235,55.14244327758293,54.30912599827734,54.38096237182617,14292700,0.0,0.0
2014-02-04 00:00:00-05:00,54.59647790473493,54.87664360289021,54.16545417532405,54.661128997802734,12055400,0.0,0.0
2014-02-05 00:00:00-05:00,54.55337922955575,55.171181941247234,54.35941498152288,54.91974639892578,9734100,0.0,0.0
2014-02-06 00:00:00-05:00,54.97722606739997,55.307677838747594,54.94131061357214,55.24302673339844,7819700,0.0,0.0
2014-02-07 00:00:00-05:00,55.30765317749251,55.59500408381315,55.1352448260052,55.537532806396484,7259200,0.0,0.0
2014-02-10 00:00:00-05:00,55.62374774209721,56.097872147235066,55.45133936575285,56.054771423339844,8959700,0.0,0.0
2014-02-11 00:00:00-05:00,56.10506953865066,56.83062960516171,55.774617795676484,56.63666534423828,10500800,0.0,0.0
2014-02-12 00:00:00-05:00,56.126606542881404,56.41395748424568,55.357945926170906,55.666847229003906,11019700,0.0,0.0
2014-02-13 00:00:00-05:00,55.37950599701892,55.97575834575378,55.3148549012778,55.889556884765625,7420600,0.0,0.0
2014-02-14 00:00:00-05:00,55.81055046584666,57.290401078415854,55.49446374053448,57.038970947265625,10791900,0.0,0.0
2014-02-18 00:00:00-05:00,57.09642801921659,57.20417984800655,55.717144322296285,56.011680603027344,15750700,0.0,0.0
2014-02-19 00:00:00-05:00,55.77461314451698,56.72286756116393,55.70996205011032,56.1338005065918,8740000,0.0,0.0
2014-02-20 00:00:00-05:00,56.004500879055506,56.3493232076988,55.67404911618671,55.975765228271484,8275200,0.0,0.0
2014-02-21 00:00:00-05:00,56.06915189889161,56.67258406317314,55.96857987151136,56.011680603027344,8089200,0.0,0.0
2014-02-24 00:00:00-05:00,56.05478918881422,56.58638504813364,55.753073064397675,55.93266677856445,7838700,0.0,0.0
2014-02-25 00:00:00-05:00,55.83928004501813,56.25593329668815,55.60221502682927,56.11944580078125,8177500,0.0,0.0
2014-02-26 00:00:00-05:00,56.19846744860677,56.58638504813364,55.90393112660595,55.93266677856445,7764700,0.0,0.0
2014-02-27 00:00:00-05:00,55.86799436165661,56.198451525164124,55.717136342192916,56.169715881347656,6549800,0.0,0.0
2014-02-28 00:00:00-05:00,56.20564079519689,56.68695605926116,56.04041766636963,56.507362365722656,8489600,0.0,0.0
2014-03-03 00:00:00-05:00,56.22000314852417,56.327760445061365,55.5662795687586,55.659671783447266,8598600,0.0,0.0
2014-03-04 00:00:00-05:00,56.09788336166411,56.550462976092206,55.96139588178977,56.35649871826172,8306900,0.0,0.0
2014-03-05 00:00:00-05:00,56.26310273259613,56.32775930151132,55.7099566600552,55.90391540527344,8542300,0.0,0.0
2014-03-06 00:00:00-05:00,56.06197844976106,56.349329508969376,55.9183001797741,56.07634353637695,6475600,0.0,0.0
2014-03-07 00:00:00-05:00,56.32776922618512,56.46425670769687,56.112254599513435,56.30621337890625,5865400,0.0,0.0
2014-03-10 00:00:00-04:00,56.24154732145144,56.44269132977461,56.176890758340036,56.41395568847656,5229900,0.0,0.0
2014-03-11 00:00:00-04:00,56.45706764103288,57.03176961979284,56.4427025579078,56.71568298339844,6595800,0.0,0.0
2014-03-12 00:00:00-04:00,56.50735427182305,57.07486543904375,56.47861862728112,56.924007415771484,7469300,0.0,0.0
2014-03-13 00:00:00-04:00,56.98148259627895,57.297569227062766,56.88809585571289,56.88809585571289,9676600,0.0,0.0
2014-03-14 00:00:00-04:00,56.82344129945759,56.91683352410543,56.514539939517626,56.737239837646484,14850700,0.0,0.0
2014-03-17 00:00:00-04:00,56.765963059527515,57.43405171064985,56.765963059527515,57.35503005981445,8452100,0.0,0.0
2014-03-18 00:00:00-04:00,57.35505745418367,57.52747140059078,57.11799786921493,57.304771423339844,7703200,0.0,0.0
2014-03-19 00:00:00-04:00,57.24007445620385,57.405302985642,56.39957769355886,56.593536376953125,8607200,0.0,0.0
2014-03-20 00:00:00-04:00,56.53608388444882,56.701312468763184,56.14098110756761,56.26310348510742,8659500,0.0,0.0
2014-03-21 00:00:00-04:00,56.78033492275553,57.29038028389225,55.947017669677734,55.947017669677734,21244400,0.0,0.0
2014-03-24 00:00:00-04:00,56.39243800034828,57.34787807420944,56.370887627079675,56.967140197753906,11221600,0.0,0.0
2014-03-25 00:00:00-04:00,57.125147721493356,57.46278467188789,57.06768191692082,57.33347702026367,8892500,0.0,0.0
2014-03-26 00:00:00-04:00,57.49154333796194,57.59930067092917,56.98868309180238,57.11080551147461,8269800,0.0,0.0
2014-03-27 00:00:00-04:00,57.146745734022254,57.77891389691968,57.02461779237132,57.21858215332031,8134100,0.0,0.0
2014-03-28 00:00:00-04:00,57.42687694389785,57.69985736477097,57.12515539573222,57.297569274902344,6413500,0.0,0.0
2014-03-31 00:00:00-04:00,57.469984815990074,58.066237223839536,57.14671834370607,57.90100860595703,8492800,0.0,0.0
2014-04-01 00:00:00-04:00,57.90101239592944,58.07342082704843,57.62084664007413,57.7142333984375,8222300,0.0,0.0
2014-04-02 00:00:00-04:00,57.6064797827017,57.70705182115831,57.326314035463255,57.56337356567383,6741800,0.0,0.0
2014-04-03 00:00:00-04:00,57.67112820967336,57.886642842512146,57.41969812520464,57.54182052612305,5646000,0.0,0.0
2014-04-04 00:00:00-04:00,57.807637212544435,57.872288331872376,57.29040633485573,57.304771423339844,8649600,0.0,0.0
2014-04-07 00:00:00-04:00,57.484327358601526,58.238622805825926,57.419676281803106,57.821964263916016,13229000,0.0,0.0
2014-04-08 00:00:00-04:00,57.836326415340146,58.46130865658102,57.48431900140427,58.43975830078125,11880700,0.0,0.0
2014-04-09 00:00:00-04:00,58.76306706500554,59.07914828361062,58.418244712895486,58.540367126464844,11550700,0.0,0.0
2014-04-10 00:00:00-04:00,58.60500204266427,59.00010478999942,58.10932180755224,58.252994537353516,12194300,0.0,0.0
2014-04-11 00:00:00-04:00,58.17399640419157,58.66249150999917,57.82917407271825,58.015953063964844,11831400,0.0,0.0
2014-04-14 00:00:00-04:00,58.18835758702288,58.332030351722004,57.83635547697474,58.05186462402344,7105600,0.0,0.0
2014-04-15 00:00:00-04:00,58.03749458645256,58.2530037151079,57.843530341822145,58.07341003417969,9000800,0.0,0.0
2014-04-16 00:00:00-04:00,58.389499506603094,58.82052326564355,58.2099058169392,58.65530014038086,8300700,0.0,0.0
2014-04-17 00:00:00-04:00,58.52598845610778,58.827704518694915,58.4325962361898,58.734317779541016,8374700,0.0,0.0
2014-04-21 00:00:00-04:00,58.770234703605574,58.770234703605574,58.39668225683754,58.590641021728516,6391000,0.0,0.0
2014-04-22 00:00:00-04:00,58.576272125164614,58.66965886058572,58.29610643813744,58.367942810058594,9259100,0.0,0.0
2014-04-23 00:00:00-04:00,58.450512393244296,58.450512393244296,57.48019627193199,58.1898307800293,9577500,0.644,0.0
2014-04-24 00:00:00-04:00,58.11742142859748,58.92842599489533,57.93639283439825,58.76188278198242,9523200,0.0,0.0
2014-04-25 00:00:00-04:00,58.79807686222835,59.073243822171385,58.631533672892445,58.95014572143555,7497400,0.0,0.0
2014-04-28 00:00:00-04:00,59.044272013476075,60.086998220194445,59.02254947159492,60.05803298950195,11595100,0.0,0.0
2014-04-29 00:00:00-04:00,59.92043074566317,60.065251329185706,59.638026740608424,59.69595718383789,7214300,0.0,0.0
2014-04-30 00:00:00-04:00,59.65975860226451,59.92044011299821,59.5511403853668,59.77561950683594,6243300,0.0,0.0
2014-05-01 00:00:00-04:00,59.65977359674495,59.7177040635905,59.20358360058129,59.623565673828125,5305000,0.0,0.0
2014-05-02 00:00:00-04:00,59.53665245044074,59.81181377460734,59.1963179951642,59.31941604614258,6629200,0.0,0.0
2014-05-05 00:00:00-04:00,59.116661590413315,59.29044738905315,58.99356354656639,59.16010665893555,4563600,0.0,0.0
2014-05-06 00:00:00-04:00,59.20357091121993,59.20357091121993,58.74013832489177,58.74737548828125,4591300,0.0,0.0
2014-05-07 00:00:00-04:00,58.979091373178655,59.47873187120441,58.957368834056176,59.44252395629883,6639500,0.0,0.0
2014-05-08 00:00:00-04:00,59.420801638181224,59.60907285219658,59.247015800002835,59.49321746826172,4631200,0.0,0.0
2014-05-09 00:00:00-04:00,59.522176076323966,59.95664895060903,59.478730998716294,59.659759521484375,7303500,0.0,0.0
2014-05-12 00:00:00-04:00,59.81908044791993,59.891490770204435,59.16737649825242,59.181861877441406,7859000,0.0,0.0
2014-05-13 00:00:00-04:00,59.33392592694566,59.362891161119364,58.95738340724101,59.094966888427734,6540200,0.0,0.0
2014-05-14 00:00:00-04:00,59.18910066877941,59.31220429705432,58.74015334354797,58.7763557434082,6867200,0.0,0.0
2014-05-15 00:00:00-04:00,58.83428660896761,58.92118231341402,58.24775579647692,58.312923431396484,9402100,0.0,0.0
2014-05-16 00:00:00-04:00,58.38533706570072,58.47947546532559,57.929147021743916,58.16810607910156,11558900,0.0,0.0
2014-05-19 00:00:00-04:00,57.936375129965015,57.96534035913209,57.596040592942586,57.87844467163086,6068100,0.0,0.0
2014-05-20 00:00:00-04:00,57.943611404884116,58.349119082449405,57.907409012395114,58.095680236816406,7057200,0.0,0.0
2014-05-21 00:00:00-04:00,58.175324954841855,58.41428393707229,57.943608660587195,58.28394317626953,6339800,0.0,0.0
2014-05-22 00:00:00-04:00,58.197033090657946,58.41426393457582,57.96531687574868,58.399784088134766,5561100,0.0,0.0
2014-05-23 00:00:00-04:00,58.29841545661035,58.54461154696114,58.21876248042604,58.3056526184082,4472600,0.0,0.0
2014-05-27 00:00:00-04:00,58.327410418432486,58.34913296400429,57.96535326009226,57.98707580566406,7003800,0.0,0.0
2014-05-28 00:00:00-04:00,57.950857180565556,58.13188572631245,57.9436144918609,58.00154495239258,4201400,0.0,0.0
2014-05-29 00:00:00-04:00,58.001540255754065,58.21877670288086,57.987060404070036,58.21877670288086,3886800,0.0,0.0
2014-05-30 00:00:00-04:00,58.11016025411294,58.54462763708366,58.05222979650284,58.501182556152344,7433000,0.0,0.0
2014-06-02 00:00:00-04:00,58.40706729922652,58.41430446519337,58.1391429954905,58.1898307800293,4331700,0.0,0.0
2014-06-03 00:00:00-04:00,57.95809767070218,58.14636889801189,57.63948567441691,57.87844467163086,6970600,0.0,0.0
2014-06-04 00:00:00-04:00,57.92910376110232,58.088409680373324,57.66842235221337,57.827728271484375,5427700,0.0,0.0
2014-06-05 00:00:00-04:00,58.0087776184082,58.153598220162664,57.90740209226971,58.0087776184082,5787700,0.0,0.0
2014-06-06 00:00:00-04:00,57.994288884134534,58.102907091434496,57.79878053063581,57.950843811035156,5520500,0.0,0.0
2014-06-09 00:00:00-04:00,57.86398462673346,58.10293818119098,57.82053400583298,57.994319915771484,6352500,0.0,0.0
2014-06-10 00:00:00-04:00,57.95085455727666,58.14636847158244,57.9291320166988,58.037750244140625,5658400,0.0,0.0
2014-06-11 00:00:00-04:00,57.96534660609466,58.14637516448402,57.842242987729485,57.97258377075195,7453700,0.0,0.0
2014-06-12 00:00:00-04:00,57.79879328825519,57.95085660221866,57.70466043424525,57.755348205566406,6526800,0.0,0.0
2014-06-13 00:00:00-04:00,57.73364546097272,57.8857088270784,57.56709671263527,57.66847229003906,5214000,0.0,0.0
2014-06-16 00:00:00-04:00,57.5815320645147,57.88566408621162,57.284648252886015,57.70463562011719,5334600,0.0,0.0
2014-06-17 00:00:00-04:00,57.646722538542434,57.777063294349084,57.4584513302546,57.625,5337300,0.0,0.0
2014-06-18 00:00:00-04:00,57.52364163634359,57.88569878556619,57.299162447129085,57.77708053588867,9614200,0.0,0.0
2014-06-19 00:00:00-04:00,57.820524034962325,58.34188719942575,57.7843216357684,58.102928161621094,12485100,0.0,0.0
2014-06-20 00:00:00-04:00,58.24774443782037,58.2911895192947,57.80603436098946,57.87844467163086,11659900,0.0,0.0
2014-06-23 00:00:00-04:00,57.97257671431385,57.97257671431385,57.46569902234221,57.5815544128418,6938900,0.0,0.0
2014-06-24 00:00:00-04:00,57.509137463132156,57.52362283811742,57.14708043222669,57.21225357055664,8157300,0.0,0.0
2014-06-25 00:00:00-04:00,57.233974568531586,57.46569084109439,56.9515705339879,57.43672561645508,12569300,0.0,0.0
2014-06-26 00:00:00-04:00,57.37880641995181,57.41501433898975,56.9081310952225,56.92985916137695,7258800,0.0,0.0
2014-06-27 00:00:00-04:00,56.9153672692493,57.34259746187335,56.85743681524059,57.2194938659668,8974900,0.0,0.0
2014-06-30 00:00:00-04:00,57.21225512926329,57.53810425613499,56.79226763607824,56.90812301635742,10297700,0.0,0.0
2014-07-01 00:00:00-04:00,57.11089570919695,57.50191808647067,56.85021412434781,57.407779693603516,8421200,0.0,0.0
2014-07-02 00:00:00-04:00,57.61051940917969,57.82775586174969,57.52362924779367,57.61051940917969,6276600,0.0,0.0
2014-07-03 00:00:00-04:00,57.87844585973592,58.030509172570135,57.66845208737838,57.91465377807617,5501100,0.0,0.0
2014-07-07 00:00:00-04:00,57.748107041572254,58.073956219446494,57.68293941581855,58.06671905517578,6673600,0.0,0.0
2014-07-08 00:00:00-04:00,57.95085326640175,58.54462663536431,57.863963106025835,58.334632873535156,9150200,0.0,0.0
2014-07-09 00:00:00-04:00,58.40705348857126,59.23254322704263,58.29119256584755,59.138404846191406,12113100,0.0,0.0
2014-07-10 00:00:00-04:00,58.84876516022799,59.31220338245377,58.79084021643411,59.094966888427734,8786500,0.0,0.0
2014-07-11 00:00:00-04:00,58.696688173037096,59.065987917171235,58.6532430941574,58.76910400390625,7519300,0.0,0.0
2014-07-14 00:00:00-04:00,58.91392158581042,59.18908294548034,58.87047650916569,58.88495635986328,6802000,0.0,0.0
2014-07-15 00:00:00-04:00,59.02254694275683,59.02978410670523,58.71841479579269,58.84151840209961,9637600,0.0,0.0
2014-07-16 00:00:00-04:00,59.04881393888662,59.26778023732334,58.9393280053253,59.07801055908203,8940500,0.644,0.0
2014-07-17 00:00:00-04:00,59.114490684169844,59.282369825538,58.67655260361071,58.68385314941406,5844700,0.0,0.0
2014-07-18 00:00:00-04:00,58.79331970214843,58.9392971580388,58.508659765084126,58.79331970214844,6502400,0.0,0.0
2014-07-21 00:00:00-04:00,58.63277249741088,58.683865191148755,58.35540738681733,58.596275329589844,4434300,0.0,0.0
2014-07-22 00:00:00-04:00,58.603572072661436,58.815243381173744,58.224021599230525,58.46488952636719,6073200,0.0,0.0
2014-07-23 00:00:00-04:00,58.63278539647702,58.75686688446861,58.26053536381505,58.38461685180664,5891200,0.0,0.0
2014-07-24 00:00:00-04:00,58.479491101470614,58.625468627108546,58.28241531630519,58.5816764831543,6273100,0.0,0.0
2014-07-25 00:00:00-04:00,58.40650015888542,58.50869111518418,57.93207038869149,58.07074737548828,6293400,0.0,0.0
2014-07-28 00:00:00-04:00,57.96125822668375,58.1145362848775,57.55251116948195,57.85177230834961,6757300,0.0,0.0
2014-07-29 00:00:00-04:00,57.727664739856436,58.02692577215243,57.40651321411133,57.40651321411133,6419600,0.0,0.0
2014-07-30 00:00:00-04:00,57.44303726811086,57.66930969831984,57.0342956940863,57.04889678955078,8296500,0.0,0.0
2014-07-31 00:00:00-04:00,56.75693301516073,56.93940771762964,56.41387968352943,56.43577575683594,11235600,0.0,0.0
2014-08-01 00:00:00-04:00,57.84450621343051,58.88096164442884,57.53794991446286,58.13646697998047,18110700,0.0,0.0
2014-08-04 00:00:00-04:00,57.997744914086155,57.997744914086155,57.413829346841595,57.82257080078125,12075300,0.0,0.0
2014-08-05 00:00:00-04:00,57.65468866200063,58.20211261017033,57.64739368547778,57.96125030517578,7995900,0.0,0.0
2014-08-06 00:00:00-04:00,57.95396342194851,59.34077219797282,57.85907301793844,59.1874885559082,12839000,0.0,0.0
2014-08-07 00:00:00-04:00,59.13641156105514,59.253198068162284,58.39921761751816,58.494102478027344,7904000,0.0,0.0
2014-08-08 00:00:00-04:00,58.42840358274526,59.143701317849604,58.42110303521142,59.08530807495117,6215600,0.0,0.0
2014-08-11 00:00:00-04:00,59.28968182511711,59.75681661044746,59.14369872427268,59.4721565246582,8188000,0.0,0.0
2014-08-12 00:00:00-04:00,59.48674940839863,59.74951340956248,59.27507809808966,59.4283561706543,6591200,0.0,0.0
2014-08-13 00:00:00-04:00,59.588937436647846,59.70572391732338,59.20209196461045,59.4721565246582,5472200,0.0,0.0
2014-08-14 00:00:00-04:00,59.552429212222606,59.880886951623694,59.44294886777377,59.81519317626953,5930700,0.0,0.0
2014-08-15 00:00:00-04:00,60.01959711181058,60.01959711181058,59.25320093571993,59.691139221191406,7418400,0.0,0.0
2014-08-18 00:00:00-04:00,59.844378625591624,60.472091803845785,59.71299666808066,60.17283630371094,8450500,0.0,0.0
2014-08-19 00:00:00-04:00,60.10715914294051,60.48670960000143,59.939285553947904,60.35532760620117,6867700,0.0,0.0
2014-08-20 00:00:00-04:00,60.18747240085082,60.53782637997422,60.18747240085082,60.442935943603516,4581800,0.0,0.0
2014-08-21 00:00:00-04:00,60.435616696060414,60.92464750563816,60.35532739076433,60.78596496582031,7099800,0.0,0.0
2014-08-22 00:00:00-04:00,60.69838311873651,61.06333249611606,60.68378202517741,60.86625671386719,6978500,0.0,0.0
2014-08-25 00:00:00-04:00,61.12171986284553,61.1801130994228,60.80786317709962,60.97574234008789,5586800,0.0,0.0
2014-08-26 00:00:00-04:00,61.026823069294686,61.18740165406766,60.82245235001432,60.858943939208984,5188400,0.0,0.0
2014-08-27 00:00:00-04:00,60.89547028128805,61.01955176764806,60.69840001287433,60.80788040161133,4248300,0.0,0.0
2014-08-28 00:00:00-04:00,60.5961883757967,60.742171458819485,60.406418720894905,60.60348892211914,4278700,0.0,0.0
2014-08-29 00:00:00-04:00,60.64728321469834,60.67647983233891,60.28963439380079,60.66188430786133,4901300,0.0,0.0
2014-09-02 00:00:00-04:00,60.734901715414466,60.939272566611905,60.369952175793884,60.5670280456543,5528900,0.0,0.0
2014-09-03 00:00:00-04:00,60.77137377713745,60.93195239918577,60.413719366689556,60.508609771728516,5851800,0.0,0.0
2014-09-04 00:00:00-04:00,60.523220443003524,61.12903791645147,60.42103503407099,61.0925407409668,7444200,0.0,0.0
2014-09-05 00:00:00-04:00,60.90274576846864,61.16550973068366,60.632681260446304,61.14360809326172,5888900,0.0,0.0
2014-09-08 00:00:00-04:00,60.99762969099888,61.01952575941356,60.676472504424225,60.815155029296875,4899600,0.0,0.0
2014-09-09 00:00:00-04:00,60.61810039008565,60.79327455101038,60.45752175561875,60.574302673339844,5202900,0.0,0.0
2014-09-10 00:00:00-04:00,60.727583105625506,61.28230780011197,60.69109150372851,61.04874038696289,6715300,0.0,0.0
2014-09-11 00:00:00-04:00,61.02681024776367,61.12899558593505,60.8516361778532,60.9392204284668,6341600,0.0,0.0
2014-09-12 00:00:00-04:00,60.73485752041362,60.85893893710902,60.47939414231014,60.77135467529297,6358500,0.0,0.0
2014-09-15 00:00:00-04:00,60.71296668716126,61.493957978202324,60.68377007447843,61.21659851074219,7004700,0.0,0.0
2014-09-16 00:00:00-04:00,61.00493893025266,61.63994727950974,60.99033783677231,61.36988830566406,7143800,0.0,0.0
2014-09-17 00:00:00-04:00,61.32610035622742,61.67645426261579,61.26041213116572,61.42829132080078,8273800,0.0,0.0
2014-09-18 00:00:00-04:00,61.44287569243682,61.63265092263713,61.36258638614767,61.45017623901367,5309200,0.0,0.0
2014-09-19 00:00:00-04:00,61.69104405846543,61.87351875826633,61.44288113970545,61.6545524597168,11377700,0.0,0.0
2014-09-22 00:00:00-04:00,61.778632319467604,62.00489915938252,61.669146388684794,61.902713775634766,8397100,0.0,0.0
2014-09-23 00:00:00-04:00,61.78590740699311,61.98297754624881,61.63262939453124,61.63262939453125,7723500,0.0,0.0
2014-09-24 00:00:00-04:00,61.552351703369204,62.333343000751874,61.552351703369204,62.216556549072266,11694700,0.0,0.0
2014-09-25 00:00:00-04:00,62.055983020002806,62.136272319905096,61.5523567199707,61.5523567199707,8212300,0.0,0.0
2014-09-26 00:00:00-04:00,61.70564377350863,61.85162130261172,61.209312378398046,61.734840393066406,5478000,0.0,0.0
2014-09-29 00:00:00-04:00,61.391761559798255,61.65452545792816,61.0633094714776,61.63262939453125,6360000,0.0,0.0
2014-09-30 00:00:00-04:00,61.559642125591104,61.574243215313054,61.07791196976488,61.1217041015625,8074700,0.0,0.0
2014-10-01 00:00:00-04:00,61.326074134989014,61.34067522455067,60.60347612483994,60.68376541137695,9024700,0.0,0.0
2014-10-02 00:00:00-04:00,60.65456791046323,61.289581648655805,60.5450820150943,60.61807632446289,8858400,0.0,0.0
2014-10-03 00:00:00-04:00,60.90273213637909,61.274976358958845,60.493985192933316,61.15819549560547,6701500,0.0,0.0
2014-10-06 00:00:00-04:00,60.99763870239258,61.26770324633563,60.72027918035675,60.99763870239258,5656500,0.0,0.0
2014-10-07 00:00:00-04:00,60.858975504156085,61.25312162520256,60.66920577707571,60.698402404785156,7378200,0.0,0.0
2014-10-08 00:00:00-04:00,60.829764636842576,61.51587130568584,60.734879795513926,61.4428825378418,8107100,0.0,0.0
2014-10-09 00:00:00-04:00,61.464764892493676,61.95379565345254,60.968433585774065,61.063323974609375,7765700,0.0,0.0
2014-10-10 00:00:00-04:00,61.275010573764334,62.24577744956597,61.24581951813894,61.81513977050781,13732400,0.0,0.0
2014-10-13 00:00:00-04:00,61.53776273045637,61.65454920513332,60.80786396978224,60.851661682128906,10066100,0.0,0.0
2014-10-14 00:00:00-04:00,61.24583065674812,61.24583065674812,60.6035159424397,60.98306655883789,8210300,0.0,0.0
2014-10-15 00:00:00-04:00,60.28235235381262,61.004956332712986,59.67654045001497,60.54511642456055,13283200,0.0,0.0
2014-10-16 00:00:00-04:00,59.59623693189001,60.43562164869975,59.53784369258298,60.02687454223633,11310200,0.0,0.0
2014-10-17 00:00:00-04:00,60.54511146901615,60.93196256333911,59.873605818149876,60.77867889404297,11786600,0.0,0.0
2014-10-20 00:00:00-04:00,60.764076416388754,61.55236847395088,60.45752025023216,61.4428825378418,8558100,0.0,0.0
2014-10-21 00:00:00-04:00,61.65453613724104,61.778617563771604,61.06332004838469,61.75672149658203,12389600,0.0,0.0
2014-10-22 00:00:00-04:00,61.82587372557351,62.215686223256206,61.722904598313804,61.95091247558594,9747600,0.644,0.0
2014-10-23 00:00:00-04:00,61.97296922037769,62.024453777970784,60.53139599637508,61.21540832519531,14292100,0.0,0.0
2014-10-24 00:00:00-04:00,62.59076171142658,63.23064579575077,62.4510211683213,62.63489532470703,13465600,0.0,0.0
2014-10-27 00:00:00-04:00,62.48783989101038,63.60579874970521,62.39222727748179,63.215980529785156,10316600,0.0,0.0
2014-10-28 00:00:00-04:00,63.39980145757384,63.73077827761129,63.3777374585167,63.598388671875,9437700,0.0,0.0
2014-10-29 00:00:00-04:00,63.74549963885362,63.74549963885362,63.18652616954992,63.64988708496094,6880600,0.0,0.0
2014-10-30 00:00:00-04:00,63.370416548183435,63.98823125998209,63.01001902157144,63.9441032409668,5560300,0.0,0.0
2014-10-31 00:00:00-04:00,64.04707275627953,64.25301099482125,63.77493687740876,64.18681335449219,9359800,0.0,0.0
2014-11-03 00:00:00-05:00,63.73816997978159,64.27507962437168,63.39983643626332,64.2677230834961,7789500,0.0,0.0
2014-11-04 00:00:00-05:00,64.34862774833825,65.36361714899252,64.31185626701091,65.19445037841797,10594800,0.0,0.0
2014-11-05 00:00:00-05:00,65.26802055885312,65.81964346394139,64.98853364037848,65.4592514038086,8462000,0.0,0.0
2014-11-06 00:00:00-05:00,65.51805554049452,65.60631156419095,65.14295060559914,65.38566589355469,6628900,0.0,0.0
2014-11-07 00:00:00-05:00,65.26798153885476,65.60630937834087,64.90758969417965,65.55482482910156,5975700,0.0,0.0
2014-11-10 00:00:00-05:00,65.40037921378887,65.8269687378192,64.9149542058268,65.79019165039062,5927100,0.0,0.0
2014-11-11 00:00:00-05:00,65.73869350230177,66.04024984495649,65.5842398675498,65.95198822021484,6343900,0.0,0.0
2014-11-12 00:00:00-05:00,65.90053480259235,66.10647307953401,65.76814510864452,65.8122787475586,6298700,0.0,0.0
2014-11-13 00:00:00-05:00,65.41510332472056,66.07704611889721,65.06206230461592,65.16503143310547,10191600,0.0,0.0
2014-11-14 00:00:00-05:00,65.23858226421164,65.37832849116266,64.67225203794156,64.80464172363281,7559400,0.0,0.0
2014-11-17 00:00:00-05:00,64.72370021481125,64.85608982607,64.26033938110238,64.60601806640625,9475800,0.0,0.0
2014-11-18 00:00:00-05:00,64.73845051352767,64.85613273980013,64.34863795894557,64.68696594238281,6419400,0.0,0.0
2014-11-19 00:00:00-05:00,64.90023030633263,65.36359684054051,64.67222811419526,65.26062774658203,6570400,0.0,0.0
2014-11-20 00:00:00-05:00,64.96646596538655,65.31215053094222,64.96646596538655,65.0694351196289,5527600,0.0,0.0
2014-11-21 00:00:00-05:00,65.65046213432477,65.775495274434,65.06206230461592,65.16503143310547,8984100,0.0,0.0
2014-11-24 00:00:00-05:00,65.37097194990291,65.37832849116266,64.620767471917,64.80464172363281,5569200,0.0,0.0
2014-11-25 00:00:00-05:00,64.98850573200946,65.32683362847247,64.78256750037075,65.31212615966797,6439700,0.0,0.0
2014-11-26 00:00:00-05:00,65.33419257123148,65.37096405029297,65.05470015110411,65.37096405029297,4420000,0.0,0.0
2014-11-28 00:00:00-05:00,65.52543257559257,66.60661418781197,65.43717651673217,66.51100158691406,7661800,0.0,0.0
2014-12-01 00:00:00-05:00,66.31973968157006,66.68748805147305,65.84166567841721,66.25354766845703,6745100,0.0,0.0
2014-12-02 00:00:00-05:00,66.51832851619548,67.05523800656533,66.28296977834948,66.981689453125,7432900,0.0,0.0
2014-12-03 00:00:00-05:00,66.81254747742787,66.90816568257287,65.9299532864398,66.19473266601562,6465600,0.0,0.0
2014-12-04 00:00:00-05:00,66.56248152242888,66.88610201277062,66.26828158679068,66.62132263183594,6406700,0.0,0.0
2014-12-05 00:00:00-05:00,66.43008462491508,66.50363319799604,65.61368255750467,66.47421264648438,6383400,0.0,0.0
2014-12-08 00:00:00-05:00,66.44479488758456,66.93022559083464,66.4300874169088,66.75370788574219,4721900,0.0,0.0
2014-12-09 00:00:00-05:00,66.54042409919026,66.76842640647686,66.09912695772688,66.7169418334961,5704000,0.0,0.0
2014-12-10 00:00:00-05:00,66.89345259959809,67.00377827632086,66.16531211146308,66.19473266601562,6293300,0.0,0.0
2014-12-11 00:00:00-05:00,66.19472043556996,67.13615556171916,66.18001296670963,66.49627685546875,6468700,0.0,0.0
2014-12-12 00:00:00-05:00,66.20208219689164,66.90815859719002,65.84904119104424,65.86375427246094,6574600,0.0,0.0
2014-12-15 00:00:00-05:00,65.97409471991668,66.63604330337833,65.48131295666116,65.6063461303711,6511900,0.0,0.0
2014-12-16 00:00:00-05:00,65.56218881847012,66.90079286220629,65.00320964078158,65.7239990234375,8773800,0.0,0.0
2014-12-17 00:00:00-05:00,65.87109822176551,67.04789770896011,65.75342163988356,66.70956420898438,7412700,0.0,0.0
2014-12-18 00:00:00-05:00,66.93757768352351,67.66571807861328,66.599249766498,67.66571807861328,8724500,0.0,0.0
2014-12-19 00:00:00-05:00,67.77603269015151,68.20262218999943,67.48918938093541,67.70248413085938,14037800,0.0,0.0
2014-12-22 00:00:00-05:00,67.73923868351933,68.2026051529619,67.66569014259964,68.10698699951172,7157100,0.0,0.0
2014-12-23 00:00:00-05:00,68.20996885580767,68.75424050563016,68.18054831165011,68.61449432373047,5610600,0.0,0.0
2014-12-24 00:00:00-05:00,68.76894492370033,69.05578820227798,68.50416564941406,68.50416564941406,2403000,0.0,0.0
2014-12-26 00:00:00-05:00,68.51153025099913,68.99695523672304,68.44533261893946,68.73953247070312,3148700,0.0,0.0
2014-12-29 00:00:00-05:00,68.48948513356135,68.71748741614854,68.03347495698995,68.13644409179688,4657700,0.0,0.0
2014-12-30 00:00:00-05:00,67.8495742690582,68.26880718642748,67.73924863577263,67.95989990234375,4730000,0.0,0.0
2014-12-31 00:00:00-05:00,67.69513965080586,68.07024466483142,66.95228616341309,66.99641418457031,5712100,0.0,0.0
2015-01-02 00:00:00-05:00,66.81252767057482,66.9302098538976,66.13587195065492,66.5183334350586,7251400,0.0,0.0
2015-01-05 00:00:00-05:00,66.36388999422985,66.93022015731589,66.08439757151012,66.20207977294922,8626100,0.0,0.0
2015-01-06 00:00:00-05:00,66.42273013390619,66.6066043779809,65.65046167563031,65.90052795410156,7791200,0.0,0.0
2015-01-07 00:00:00-05:00,66.15058799183817,66.4668518594379,65.87109559962711,66.24620056152344,5986600,0.0,0.0
2015-01-08 00:00:00-05:00,66.54776441749641,67.09938711269271,66.29033600395448,67.00376892089844,6823300,0.0,0.0
2015-01-09 00:00:00-05:00,67.0625980599226,67.0625980599226,66.28297325208592,66.37858581542969,4872800,0.0,0.0
2015-01-12 00:00:00-05:00,66.54774624013726,66.65071533286977,65.83431351806576,66.1358642578125,5250900,0.0,0.0
2015-01-13 00:00:00-05:00,66.7684101384545,67.29796882374342,66.02555667095776,66.41537475585938,6727100,0.0,0.0
2015-01-14 00:00:00-05:00,65.99615273697616,66.31241669279528,65.7755013775127,66.1873779296875,6418200,0.0,0.0
2015-01-15 00:00:00-05:00,66.55511212003177,66.56246866013535,65.70928957278953,66.09175109863281,6768200,0.0,0.0
2015-01-16 00:00:00-05:00,66.15791169921677,67.18025144354428,66.09907624052379,67.11405944824219,8815700,0.0,0.0
2015-01-20 00:00:00-05:00,67.11408956452131,67.51125854873638,66.56246691056633,67.06996154785156,9869900,0.0,0.0
2015-01-21 00:00:00-05:00,66.96182666191623,67.54700258531655,66.39146281511138,67.20626831054688,6974500,0.644,0.0
2015-01-22 00:00:00-05:00,67.43586264524293,67.91733686731637,66.56921243629368,67.86548614501953,7211200,0.0,0.0
2015-01-23 00:00:00-05:00,67.53216800031892,67.54698572452303,66.62847896827085,66.72477722167969,6745700,0.0,0.0
2015-01-26 00:00:00-05:00,66.62848163794645,66.62848163794645,65.73220143208822,66.35441589355469,9371700,0.0,0.0
2015-01-27 00:00:00-05:00,64.51739620965687,64.59887672728816,63.71740875544339,64.0655517578125,14417400,0.0,0.0
2015-01-28 00:00:00-05:00,64.1692608132643,64.37666938810408,62.96928514101623,63.0729866027832,14033400,0.0,0.0
2015-01-29 00:00:00-05:00,63.53964092478686,63.78408249797557,63.07298436340392,63.458160400390625,12054500,0.0,0.0
2015-01-30 00:00:00-05:00,63.028553228284935,63.12485150104248,62.40634431803813,62.43597412109375,14685300,0.0,0.0
2015-02-02 00:00:00-05:00,62.65078737663183,63.06559332621043,61.98413092101823,63.05078125,10278700,0.0,0.0
2015-02-03 00:00:00-05:00,63.66559982299805,63.702638501254874,63.050799583620204,63.66559982299805,10747900,0.0,0.0
2015-02-04 00:00:00-05:00,63.62113359704071,64.05816609782283,63.36928876540539,63.547061920166016,9212800,0.0,0.0
2015-02-05 00:00:00-05:00,63.88038091166672,64.28037470840854,63.77667944413804,64.22111511230469,6531300,0.0,0.0
2015-02-06 00:00:00-05:00,64.1174354564992,64.15447412949061,63.073011563576635,63.41374588012695,8429800,0.0,0.0
2015-02-09 00:00:00-05:00,63.1915094835339,63.28039888589826,62.65818437196104,62.998924255371094,8811500,0.0,0.0
2015-02-10 00:00:00-05:00,63.206351564377954,63.38412478629996,62.82857852289848,63.25079345703125,7059300,0.0,0.0
2015-02-11 00:00:00-05:00,63.66555598283218,63.85073794398213,63.07297709793531,63.43593215942383,7184600,0.0,0.0
2015-02-12 00:00:00-05:00,63.747063011904665,63.81373148432639,63.26559423370337,63.7248420715332,6074600,0.0,0.0
2015-02-13 00:00:00-05:00,63.72481354785373,63.8137029208594,63.33222870686206,63.62852096557617,6272000,0.0,0.0
2015-02-17 00:00:00-05:00,63.747051475528174,63.747051475528174,62.9618815841904,63.32483673095703,10310400,0.0,0.0
2015-02-18 00:00:00-05:00,63.52484620001226,63.99150288882897,63.34706737934262,63.89521026611328,8132300,0.0,0.0
2015-02-19 00:00:00-05:00,63.78406098003763,63.92480104766173,62.998891447616245,63.11740493774414,7271600,0.0,0.0
2015-02-20 00:00:00-05:00,62.924835451914404,62.99891276602828,62.36188629352718,62.86558151245117,9581300,0.0,0.0
2015-02-23 00:00:00-05:00,62.932280039962045,63.33227402776817,62.702656059508264,63.25079345703125,7919200,0.0,0.0
2015-02-24 00:00:00-05:00,63.33966136580178,63.510025663941974,62.9692973160799,63.332252502441406,6502200,0.0,0.0
2015-02-25 00:00:00-05:00,63.48038926240409,63.554466585692936,63.13965505023942,63.302616119384766,5975800,0.0,0.0
2015-02-26 00:00:00-05:00,63.27297723659231,63.52482766674376,62.88039234527041,63.08779525756836,7964500,0.0,0.0
2015-02-27 00:00:00-05:00,62.97668216991786,63.24334466008788,62.643356882857965,63.058162689208984,7685000,0.0,0.0
2015-03-02 00:00:00-05:00,63.058178247373235,63.265586853027344,62.84336642999718,63.265586853027344,7235200,0.0,0.0
2015-03-03 00:00:00-05:00,63.22111391922984,63.287782357081575,62.62112623508617,63.080379486083984,6095600,0.0,0.0
2015-03-04 00:00:00-05:00,62.99152724360062,63.13967062410633,62.37672147701727,62.48042297363281,7370000,0.0,0.0
2015-03-05 00:00:00-05:00,62.680417222113775,62.784118709577506,62.2878265609357,62.68782043457031,5914200,0.0,0.0
2015-03-06 00:00:00-05:00,62.473025361253434,62.49525195850947,61.01379528139585,61.228607177734375,11338700,0.0,0.0
2015-03-09 00:00:00-04:00,61.32488881097249,61.63599330096595,61.24340825626358,61.54710388183594,7326700,0.0,0.0
2015-03-10 00:00:00-04:00,61.08782964395246,61.39152513844086,60.39895248413086,60.39895248413086,9681400,0.0,0.0
2015-03-11 00:00:00-04:00,60.39155853317112,60.57674055033468,59.858233419531,60.28785705566406,10066600,0.0,0.0
2015-03-12 00:00:00-04:00,60.43599813172729,60.82858874041938,60.37674418346063,60.80636215209961,6951100,0.0,0.0
2015-03-13 00:00:00-04:00,60.724891319129426,60.94710635539785,60.11008564797045,60.6137809753418,7492500,0.0,0.0
2015-03-16 00:00:00-04:00,60.79895507375341,62.1841128050122,60.73228661564722,61.89522933959961,15618300,0.0,0.0
2015-03-17 00:00:00-04:00,61.74709281658609,61.75450167970587,61.05821548042144,61.369319915771484,7509300,0.0,0.0
2015-03-18 00:00:00-04:00,61.376725099740355,62.2581932650337,60.75451061503142,62.035972595214844,12607900,0.0,0.0
2015-03-19 00:00:00-04:00,61.821149999828265,62.03596176948522,61.56930522586829,61.76189041137695,9257500,0.0,0.0
2015-03-20 00:00:00-04:00,62.21374868919611,62.80633340259709,62.05078761044551,62.76929473876953,22580300,0.0,0.0
2015-03-23 00:00:00-04:00,62.49522584787289,62.99892113369892,62.48781698521631,62.85818099975586,9891100,0.0,0.0
2015-03-24 00:00:00-04:00,62.88039513728355,63.0433561902693,62.124855115892764,62.161888122558594,7478800,0.0,0.0
2015-03-25 00:00:00-04:00,62.49523712799347,62.49523712799347,61.37673601983364,61.48784637451172,8482200,0.0,0.0
2015-03-26 00:00:00-04:00,61.169339633816776,61.1915605768868,60.702677224114225,60.850826263427734,7311600,0.0,0.0
2015-03-27 00:00:00-04:00,60.79895031472625,61.13968448697003,60.73228186183852,60.96931457519531,6440600,0.0,0.0
2015-03-30 00:00:00-04:00,61.20639134409588,61.44342422806577,60.8508448437959,61.2730598449707,6416800,0.0,0.0
2015-03-31 00:00:00-04:00,61.3026712893692,61.42859373501504,60.695274353027344,60.695274353027344,8649700,0.0,0.0
2015-04-01 00:00:00-04:00,61.065635024533584,61.07303823764153,60.33231003269108,60.97674560546875,7395300,0.0,0.0
2015-04-02 00:00:00-04:00,60.86563281639485,61.17673729374951,60.680450772544575,61.058223724365234,6169800,0.0,0.0
2015-04-06 00:00:00-04:00,60.68044565049498,61.650803321251416,60.37675006289543,61.51006317138672,6856300,0.0,0.0
2015-04-07 00:00:00-04:00,61.42856967197057,61.69523218847309,60.984134028234976,61.0285758972168,6329900,0.0,0.0
2015-04-08 00:00:00-04:00,60.961909776070655,61.61374830798807,60.939683191483546,61.3100471496582,6523400,0.0,0.0
2015-04-09 00:00:00-04:00,61.20636159348379,61.44339436223903,60.747113782880696,61.39895248413086,6185000,0.0,0.0
2015-04-10 00:00:00-04:00,61.3323107377742,61.94711098427843,61.27305111239991,61.739707946777344,7001700,0.0,0.0
2015-04-13 00:00:00-04:00,61.480433067586304,62.184122510849136,61.43599118944966,61.798946380615234,8290500,0.0,0.0
2015-04-14 00:00:00-04:00,61.76931350560836,62.13226867872011,61.51746867361845,61.92486572265625,6792600,0.0,0.0
2015-04-15 00:00:00-04:00,62.110056384372164,62.36931011553132,61.835990576278554,61.858211517333984,7006400,0.0,0.0
2015-04-16 00:00:00-04:00,61.89524144043554,62.27301437341089,61.73968920951798,61.850799560546875,7615900,0.0,0.0
2015-04-17 00:00:00-04:00,61.48044451092188,61.64340562949746,60.76193720700663,61.132301330566406,9533800,0.0,0.0
2015-04-20 00:00:00-04:00,61.54711839937958,62.20637185697465,61.33231214226939,61.38416290283203,7416000,0.0,0.0
2015-04-21 00:00:00-04:00,61.76931582770798,62.07301706143763,61.406360640951625,61.53969192504883,7696400,0.0,0.0
2015-04-22 00:00:00-04:00,61.64340216538705,61.73228593320934,61.184148643510234,61.54710388183594,6753100,0.0,0.0
2015-04-23 00:00:00-04:00,60.795180129435174,61.30292689891373,60.406905868898754,60.444236755371094,14569500,0.663,0.0
2015-04-24 00:00:00-04:00,60.51144314026905,60.87731773969372,60.40690754043344,60.48157501220703,8785500,0.0,0.0
2015-04-27 00:00:00-04:00,60.41439519041454,60.63092921832238,60.08585137411617,60.182918548583984,9192300,0.0,0.0
2015-04-28 00:00:00-04:00,60.27996132852535,60.34716033189675,59.876750218011246,60.048484802246094,8395500,0.0,0.0
2015-04-29 00:00:00-04:00,59.734898360888806,59.96636926907282,59.525827128107906,59.622894287109375,11858500,0.0,0.0
2015-04-30 00:00:00-04:00,59.69755275757306,59.84689339898613,59.040471025644436,59.369014739990234,9409300,0.0,0.0
2015-05-01 00:00:00-04:00,59.55568094995592,59.973823315040114,59.45860811751676,59.95142364501953,8193000,0.0,0.0
2015-05-04 00:00:00-04:00,60.09330392463674,60.45917854344525,59.95890018961846,59.99623107910156,7203800,0.0,0.0
2015-05-05 00:00:00-04:00,60.108238069125726,60.220242136557545,59.570623102863806,59.78716278076172,6589400,0.0,0.0
2015-05-06 00:00:00-04:00,59.988749044441505,60.16795778174532,59.37646676722501,60.03355407714844,7335700,0.0,0.0
2015-05-07 00:00:00-04:00,60.01116108385725,60.14556480340306,59.734885189023494,59.884220123291016,7224300,0.0,0.0
2015-05-08 00:00:00-04:00,60.399445756320084,60.638385110448056,60.34717795062845,60.45171356201172,6929400,0.0,0.0
2015-05-11 00:00:00-04:00,60.444247408282095,60.4741155407817,59.92903778876434,59.936500549316406,5237800,0.0,0.0
2015-05-12 00:00:00-04:00,59.75729561985808,59.95143562677431,59.257017233538946,59.69755935668945,6305800,0.0,0.0
2015-05-13 00:00:00-04:00,59.8543639703049,60.175433542971874,59.398884967235084,59.51088333129883,6459900,0.0,0.0
2015-05-14 00:00:00-04:00,59.81701326748012,60.25009249552943,59.80207635795465,60.16048812866211,5634200,0.0,0.0
2015-05-15 00:00:00-04:00,60.35463760420061,60.57117725241344,60.279970135069945,60.5189094543457,7454800,0.0,0.0
2015-05-18 00:00:00-04:00,60.45916245574167,60.578629245766955,60.10821914675699,60.28742218017578,5590800,0.0,0.0
2015-05-19 00:00:00-04:00,60.294908514283286,60.44424347028822,59.98130168861488,60.354644775390625,5729500,0.0,0.0
2015-05-20 00:00:00-04:00,60.42929482411123,60.481562613314,60.07088305760531,60.09328842163086,5487000,0.0,0.0
2015-05-21 00:00:00-04:00,59.86181071162344,60.16795468284498,59.61540298309318,60.041019439697266,6054700,0.0,0.0
2015-05-22 00:00:00-04:00,59.91409903810302,60.03357156444027,59.67515968219212,59.69755935668945,6003600,0.0,0.0
2015-05-26 00:00:00-04:00,59.71247453348149,59.787141986878964,58.9433889396406,59.09272384643555,6698300,0.0,0.0
2015-05-27 00:00:00-04:00,59.15250268693363,59.6901178533811,59.05542980052384,59.27943801879883,8094600,0.0,0.0
2015-05-28 00:00:00-04:00,59.309267525668446,59.32419873866964,59.00312353990588,59.23460006713867,5803400,0.0,0.0
2015-05-29 00:00:00-04:00,59.12259746493765,59.1673968017897,58.383379923068446,58.53271484375,12551700,0.0,0.0
2015-06-01 00:00:00-04:00,58.72686287372443,59.04046966833779,58.44311850994419,58.876197814941406,7588000,0.0,0.0
2015-06-02 00:00:00-04:00,58.58499716716057,58.77913716961097,58.368457490728105,58.64473342895508,7380800,0.0,0.0
2015-06-03 00:00:00-04:00,58.92099737794263,58.93592859197132,58.443113077589935,58.65965270996094,5985800,0.0,0.0
2015-06-04 00:00:00-04:00,58.547663246799935,58.86873281961513,58.28631853916208,58.35352325439453,7714600,0.0,0.0
2015-06-05 00:00:00-04:00,58.27138551379767,58.33112177064682,57.77110718040284,57.8159065246582,9439700,0.0,0.0
2015-06-08 00:00:00-04:00,57.85324782091906,58.22659091148658,57.56950342615912,58.02498245239258,10916200,0.0,0.0
2015-06-09 00:00:00-04:00,58.21913660021314,59.234630509034666,58.107132506476304,58.91355514526367,11528900,0.0,0.0
2015-06-10 00:00:00-04:00,59.15995896751956,59.578101479000566,58.995687067505024,59.39142990112305,9483500,0.0,0.0
2015-06-11 00:00:00-04:00,59.682623960291984,59.682623960291984,59.16740869587435,59.294349670410156,7633300,0.0,0.0
2015-06-12 00:00:00-04:00,59.11513858674514,59.22714264378241,58.667128055359065,58.891136169433594,6508600,0.0,0.0
2015-06-15 00:00:00-04:00,58.4879267579586,58.58499390539777,58.18925116237855,58.33112335205078,7527900,0.0,0.0
2015-06-16 00:00:00-04:00,59.43622075739581,59.43622075739581,58.644735203343174,59.0628776550293,8285700,0.0,0.0
2015-06-17 00:00:00-04:00,59.13755577776499,59.87677935514144,59.10769333735402,59.79464340209961,9305800,0.0,0.0
2015-06-18 00:00:00-04:00,59.981293389427,60.645843536197646,59.95889371880188,60.34716796875,10712500,0.0,0.0
2015-06-19 00:00:00-04:00,60.26502729572911,60.630901846217135,60.09329270329608,60.138092041015625,15598800,0.0,0.0
2015-06-22 00:00:00-04:00,60.42182802604252,60.61596797558777,59.98128603307813,60.070884704589844,6907900,0.0,0.0
2015-06-23 00:00:00-04:00,59.981298045869195,60.07089673532534,59.45115157845576,59.578086853027344,7190600,0.0,0.0
2015-06-24 00:00:00-04:00,59.585554397466964,59.622885285248,59.361546283728835,59.369014739990234,8843700,0.0,0.0
2015-06-25 00:00:00-04:00,59.51837745980153,59.66024971116006,59.27943801879883,59.27943801879883,5855700,0.0,0.0
2015-06-26 00:00:00-04:00,59.39140987438792,59.54074480762853,59.19726990376509,59.242069244384766,7703200,0.0,0.0
2015-06-29 00:00:00-04:00,58.95085982485904,59.26447228718493,58.43565033765096,58.48044967651367,7966200,0.0,0.0
2015-06-30 00:00:00-04:00,58.928473620716844,58.995678341129654,58.338590838264956,58.42072677612305,8451400,0.0,0.0
2015-07-01 00:00:00-04:00,58.532720222004166,59.563144941615974,58.33111749088368,59.525814056396484,8868000,0.0,0.0
2015-07-02 00:00:00-04:00,59.742353439707,59.99622396644293,59.56314468308599,59.6826171875,6602500,0.0,0.0
2015-07-06 00:00:00-04:00,59.443688307629614,59.8991673413088,59.361552370621006,59.77223205566406,6601200,0.0,0.0
2015-07-07 00:00:00-04:00,59.779686288661836,61.101323852538435,59.779686288661836,61.019187927246094,11690400,0.0,0.0
2015-07-08 00:00:00-04:00,60.63837003884296,60.996781829333806,60.39943074410311,60.474098205566406,6724700,0.0,0.0
2015-07-09 00:00:00-04:00,61.041580470245364,61.22825197015437,60.12315418411773,60.22769546508789,10419800,0.0,0.0
2015-07-10 00:00:00-04:00,60.653313646019846,60.750380786963255,60.302370271955766,60.444236755371094,6892500,0.0,0.0
2015-07-13 00:00:00-04:00,60.86983992421992,61.25811983256189,60.73543621698801,61.16105270385742,7332900,0.0,0.0
2015-07-14 00:00:00-04:00,61.258136749267585,61.57174358715859,61.21333740007276,61.25813674926758,6119500,0.0,0.0
2015-07-15 00:00:00-04:00,61.16107171104441,61.467210102413034,61.108798206155996,61.340274810791016,6673700,0.0,0.0
2015-07-16 00:00:00-04:00,61.56425358281155,61.638926734352474,61.30291464270323,61.45225524902344,6623400,0.0,0.0
2015-07-17 00:00:00-04:00,61.14613547430149,61.51201013523057,60.92959578202317,61.407474517822266,5827300,0.0,0.0
2015-07-20 00:00:00-04:00,61.29545546874485,61.489595437974415,61.228256458297594,61.3701286315918,5012900,0.0,0.0
2015-07-21 00:00:00-04:00,61.23572493751799,61.325323618148836,60.75784631827848,60.95198059082031,7512400,0.0,0.0
2015-07-22 00:00:00-04:00,60.999415662692876,61.202674987568436,60.7284070584663,60.84885787963867,6106400,0.663,0.0
2015-07-23 00:00:00-04:00,60.84885955203428,60.894025739509644,60.329425422421785,60.75099182128906,5380900,0.0,0.0
2015-07-24 00:00:00-04:00,60.60795019664085,60.77356717184616,60.397167043983245,60.44233322143555,5660800,0.0,0.0
2015-07-27 00:00:00-04:00,60.096032092717195,60.27670250474851,59.79491091039244,60.20142364501953,8613600,0.0,0.0
2015-07-28 00:00:00-04:00,60.329435058547475,60.720894557231375,60.15629414996265,60.39719009399414,8649900,0.0,0.0
2015-07-29 00:00:00-04:00,60.41977199007466,60.969313159246,60.34449308595132,60.69078063964844,8921500,0.0,0.0
2015-07-30 00:00:00-04:00,59.772326991163496,59.83255237546823,58.07852682560198,58.25919723510742,22067800,0.0,0.0
2015-07-31 00:00:00-04:00,58.43989265318883,58.52270115619245,57.70968109379244,57.73978805541992,11877200,0.0,0.0
2015-08-03 00:00:00-04:00,57.596755029224376,58.033374856941926,57.22035486309531,57.513946533203125,9511300,0.0,0.0
2015-08-04 00:00:00-04:00,57.23540147556452,57.46876771267394,57.02461832676762,57.14506912231445,13369100,0.0,0.0
2015-08-05 00:00:00-04:00,57.25046940522762,57.61933997173204,57.02462700092888,57.03968048095703,10895400,0.0,0.0
2015-08-06 00:00:00-04:00,57.22035295769859,57.22035295769859,56.64822311607892,57.017093658447266,9353300,0.0,0.0
2015-08-07 00:00:00-04:00,56.90418720122987,57.002054942294016,56.715987075690556,56.82138442993164,10045400,0.0,0.0
2015-08-10 00:00:00-04:00,57.17518932900007,57.58923185539031,57.06227386126763,57.49889373779297,9165900,0.0,0.0
2015-08-11 00:00:00-04:00,57.24294418204261,57.55158936527488,57.06979755968449,57.378448486328125,7491900,0.0,0.0
2015-08-12 00:00:00-04:00,57.13000857914758,57.53652138959613,56.71596615829908,57.50640869140625,10397700,0.0,0.0
2015-08-13 00:00:00-04:00,57.581698262856,57.59675748645365,56.934289490020994,57.047210693359375,5948000,0.0,0.0
2015-08-14 00:00:00-04:00,57.0171130925532,57.069808902281316,56.74610443011935,56.926780700683594,5586900,0.0,0.0
2015-08-17 00:00:00-04:00,57.069799623097474,57.069799623097474,56.27183299312678,56.85901641845703,8683900,0.0,0.0
2015-08-18 00:00:00-04:00,56.89664779582714,57.06226478002592,56.46002224537771,56.557884216308594,7445900,0.0,0.0
2015-08-19 00:00:00-04:00,56.40734349082081,56.40734349082081,55.7222922571701,55.797576904296875,9865300,0.0,0.0
2015-08-20 00:00:00-04:00,55.519029769398436,56.24924707988752,55.30071696312975,55.63948059082031,10696500,0.0,0.0
2015-08-21 00:00:00-04:00,55.36845875044722,55.63193768005999,54.07364144673884,54.0811653137207,15763900,0.0,0.0
2015-08-24 00:00:00-04:00,51.61952610888904,53.501527215007805,48.94708224083576,52.048622131347656,23696300,0.0,0.0
2015-08-25 00:00:00-04:00,54.33711832455989,54.37476063168743,51.416255634527154,51.506587982177734,21476900,0.0,0.0
2015-08-26 00:00:00-04:00,52.62073495868204,53.44881402732485,51.90557132494666,53.37353515625,17464700,0.0,0.0
2015-08-27 00:00:00-04:00,53.74995905786555,54.01343809501243,52.711090649383216,53.810184478759766,13434000,0.0,0.0
2015-08-28 00:00:00-04:00,53.57678275299811,53.652061615741644,53.14015730831295,53.606895446777344,10020000,0.0,0.0
2015-08-31 00:00:00-04:00,53.4488229766666,53.4488229766666,52.92186504750035,53.20039749145508,9520900,0.0,0.0
2015-09-01 00:00:00-04:00,52.22176755820538,52.60569163976036,51.58188260212419,51.867950439453125,15437700,0.0,0.0
2015-09-02 00:00:00-04:00,52.43254489174784,52.583102662561735,52.10884051542823,52.5529899597168,8903700,0.0,0.0
2015-09-03 00:00:00-04:00,52.83152971113291,53.04231289385132,52.470183009750656,52.64332962036133,8468300,0.0,0.0
2015-09-04 00:00:00-04:00,52.15400398379452,52.15400398379452,51.56682066740334,51.762550354003906,11497500,0.0,0.0
2015-09-08 00:00:00-04:00,52.92939281307239,53.02726053813191,52.36479252878533,52.680973052978516,9182300,0.0,0.0
2015-09-09 00:00:00-04:00,53.027257217934526,53.102536102443814,51.46896076060836,51.5517692565918,11070600,0.0,0.0
2015-09-10 00:00:00-04:00,51.28075480924588,51.90557464824047,51.00221665068462,51.431312561035156,12591100,0.0,0.0
2015-09-11 00:00:00-04:00,51.23557945240659,51.57434298632537,50.98715975295778,51.506587982177734,11291400,0.0,0.0
2015-09-14 00:00:00-04:00,51.363568493453336,51.4162642862531,50.686047055020104,51.23558807373047,9712800,0.0,0.0
2015-09-15 00:00:00-04:00,51.20547768316071,52.5002952143036,51.115145316232265,52.281982421875,11043700,0.0,0.0
2015-09-16 00:00:00-04:00,52.78636812380899,52.96703861852719,52.47018757878781,52.77130889892578,8704200,0.0,0.0
2015-09-17 00:00:00-04:00,52.696038460665335,53.652092631350236,52.590646843216994,52.876708984375,11029600,0.0,0.0
2015-09-18 00:00:00-04:00,52.27445585950067,53.28320552761974,52.22176006703789,52.650856018066406,18210200,0.0,0.0
2015-09-21 00:00:00-04:00,52.80894074169681,53.358481729277266,52.7035491620674,53.185340881347656,7742800,0.0,0.0
2015-09-22 00:00:00-04:00,52.74118258670965,53.185337711600205,52.68096293294634,52.83905029296875,10207800,0.0,0.0
2015-09-23 00:00:00-04:00,52.83152493367389,53.06489118723625,52.665907949825595,52.89175033569336,6294200,0.0,0.0
2015-09-24 00:00:00-04:00,52.56051641476694,53.88544654332184,52.500291012693886,53.71982955932617,13423500,0.0,0.0
2015-09-25 00:00:00-04:00,54.49521809796154,55.24048885300387,54.16398409864895,54.70600128173828,15080700,0.0,0.0
2015-09-28 00:00:00-04:00,54.43498957917222,54.70599815522843,54.013423235711734,54.02847671508789,9207300,0.0,0.0
2015-09-29 00:00:00-04:00,54.02846578167371,54.51026317537241,53.71229108806071,54.41239547729492,9033300,0.0,0.0
2015-09-30 00:00:00-04:00,54.84903476205249,54.999592536888436,53.862868127031845,54.15645980834961,11041900,0.0,0.0
2015-10-01 00:00:00-04:00,54.020950427056725,54.33712517048799,53.74994186314124,54.163978576660156,8547600,0.0,0.0
2015-10-02 00:00:00-04:00,53.71982157639846,54.51778793334961,53.6671257932679,54.51778793334961,9085600,0.0,0.0
2015-10-05 00:00:00-04:00,54.9318294066791,55.27811679619214,54.578012407300044,55.12002944946289,9187700,0.0,0.0
2015-10-06 00:00:00-04:00,55.21037464352462,55.54160863380441,54.64577438377181,55.25554656982422,8851500,0.0,0.0
2015-10-07 00:00:00-04:00,55.496456146240234,55.60937737473948,55.19533478471299,55.496456146240234,8013200,0.0,0.0
2015-10-08 00:00:00-04:00,55.46633317055932,56.03846307723542,55.32329925803749,56.00835037231445,6856600,0.0,0.0
2015-10-09 00:00:00-04:00,56.15139103452738,56.3922927274933,55.94813741035298,56.06858825683594,6880100,0.0,0.0
2015-10-12 00:00:00-04:00,56.2266474103892,56.27934319337306,55.639464187594896,55.95563888549805,6255900,0.0,0.0
2015-10-13 00:00:00-04:00,55.88788194161083,55.91799463704289,55.45126221636942,55.79001998901367,8390200,0.0,0.0
2015-10-14 00:00:00-04:00,55.865299224853516,56.1664204377535,55.63193301297551,55.865299224853516,8479200,0.0,0.0
2015-10-15 00:00:00-04:00,56.18902253523767,56.33958032092433,55.729813822458574,55.910484313964844,8607400,0.0,0.0
2015-10-16 00:00:00-04:00,56.24924987178856,56.49014578317776,55.96318202841842,56.3847541809082,9578900,0.0,0.0
2015-10-19 00:00:00-04:00,56.19654129303961,56.60305412796824,56.10620319302983,56.58047103881836,7292200,0.0,0.0
2015-10-20 00:00:00-04:00,56.36215971584716,56.49766399762952,55.827672199764095,56.03092575073242,8531900,0.0,0.0
2015-10-21 00:00:00-04:00,56.01801777144121,56.61807587754921,55.828126185775304,55.896484375,8302100,0.663,0.0
2015-10-22 00:00:00-04:00,56.10157323503188,57.43081439871995,55.91168164021929,56.85354232788086,14080900,0.0,0.0
2015-10-23 00:00:00-04:00,58.3043152326248,59.58797843636153,57.96250689468221,58.509395599365234,16451200,0.0,0.0
2015-10-26 00:00:00-04:00,58.48659411275377,59.17020481333739,58.48659411275377,58.85877990722656,11464700,0.0,0.0
2015-10-27 00:00:00-04:00,58.57775378490875,58.760048070076145,58.34228429674374,58.706878662109375,9423400,0.0,0.0
2015-10-28 00:00:00-04:00,58.782807263694814,58.896743312984654,57.49154749181844,58.1143913269043,10178400,0.0,0.0
2015-10-29 00:00:00-04:00,58.296712559923485,58.63092358080068,57.90933213072773,58.501792907714844,8230700,0.0,0.0
2015-10-30 00:00:00-04:00,58.47141518350404,58.5929427757179,58.01567077636719,58.01567077636719,9547700,0.0,0.0
2015-11-02 00:00:00-05:00,58.15998371658982,58.31189463861533,57.765011842305384,58.182769775390625,7152900,0.0,0.0
2015-11-03 00:00:00-05:00,57.95490722140064,58.80561771299777,57.69665168285823,58.52458190917969,8013200,0.0,0.0
2015-11-04 00:00:00-05:00,58.509387096526424,58.592939847323606,58.11441519778295,58.53217315673828,6375400,0.0,0.0
2015-11-05 00:00:00-05:00,58.5549598998693,58.6840905676268,57.69665211670588,58.02326583862305,6860900,0.0,0.0
2015-11-06 00:00:00-05:00,57.63588099475612,57.727031024690184,56.732001160121634,57.40041732788086,9483500,0.0,0.0
2015-11-09 00:00:00-05:00,57.11178923482488,57.44599445030698,56.91430038360999,57.271297454833984,8607200,0.0,0.0
2015-11-10 00:00:00-05:00,57.256099654493354,57.90932706817546,57.142169357364224,57.552330017089844,6551000,0.0,0.0
2015-11-11 00:00:00-05:00,57.74222739688607,58.05365236053391,57.666271926128125,57.6966552734375,5295900,0.0,0.0
2015-11-12 00:00:00-05:00,57.476378651735736,57.734634198711476,56.709220886230476,56.70922088623047,7678600,0.0,0.0
2015-11-13 00:00:00-05:00,56.694026048440705,56.95228159419988,56.16992346662854,56.177520751953125,8468800,0.0,0.0
2015-11-16 00:00:00-05:00,56.397781062121105,57.21811381383171,56.21548682675072,57.19532775878906,7410600,0.0,0.0
2015-11-17 00:00:00-05:00,57.21812635758689,57.734631633559225,56.86872658193362,57.02063751220703,8761800,0.0,0.0
2015-11-18 00:00:00-05:00,56.95227773875145,57.69664938930877,56.82314707709813,57.65107727050781,6447100,0.0,0.0
2015-11-19 00:00:00-05:00,57.833367836954494,58.45621186581073,57.74221781015969,57.894134521484375,7899500,0.0,0.0
2015-11-20 00:00:00-05:00,58.14479501975458,58.380258687716434,57.48397033850104,57.590309143066406,9533200,0.0,0.0
2015-11-23 00:00:00-05:00,57.5903218507613,57.77261615666494,57.271305366672046,57.70425796508789,9421300,0.0,0.0
2015-11-24 00:00:00-05:00,57.43839686952105,58.251132453881475,57.43079958507934,58.06883239746094,7086800,0.0,0.0
2015-11-25 00:00:00-05:00,58.129601903008954,58.28911011384267,57.63588270088725,57.65107727050781,4266500,0.0,0.0
2015-11-27 00:00:00-05:00,57.643476379118184,58.00807069180536,57.34724603538548,57.4991569519043,2390100,0.0,0.0
2015-11-30 00:00:00-05:00,57.40803058068496,57.58272760953002,56.845947265625,56.845947265625,8935700,0.0,0.0
2015-12-01 00:00:00-05:00,56.86874074409316,57.894154266376205,56.86874074409316,57.68147659301758,8391700,0.0,0.0
2015-12-02 00:00:00-05:00,57.52195946130112,58.0764396248436,57.46119276542409,57.56753158569336,8104200,0.0,0.0
2015-12-03 00:00:00-05:00,57.597927900819016,57.87896379121633,57.09661123951723,57.529563903808594,11177800,0.0,0.0
2015-12-04 00:00:00-05:00,57.711834968004545,59.170200492740086,57.666257061273804,59.11703109741211,11961000,0.0,0.0
2015-12-07 00:00:00-05:00,58.896772619544365,59.62595558479546,58.896772619544365,59.52721405029297,9460000,0.0,0.0
2015-12-08 00:00:00-05:00,59.00311263226095,59.625956789856936,58.75245435303751,59.05628204345703,8312700,0.0,0.0
2015-12-09 00:00:00-05:00,58.94235506126767,59.998151957796296,58.82082744330235,59.018310546875,10081900,0.0,0.0
2015-12-10 00:00:00-05:00,59.17781615391622,59.656340860472895,58.91956058567282,59.086666107177734,8984200,0.0,0.0
2015-12-11 00:00:00-05:00,58.873990675830164,59.49683486440875,58.57016297029712,59.079071044921875,12280500,0.0,0.0
2015-12-14 00:00:00-05:00,58.9651445167588,59.64875551658292,58.820830824319344,59.466461181640625,12179000,0.0,0.0
2015-12-15 00:00:00-05:00,59.78545571914289,60.76529682586357,59.61075873598549,60.52223587036133,14113400,0.0,0.0
2015-12-16 00:00:00-05:00,60.75011139232812,61.699569207446196,60.613389235149896,61.517269134521484,14102600,0.0,0.0
2015-12-17 00:00:00-05:00,61.50967536386453,61.547650198042916,60.917208841371675,60.985572814941406,9864200,0.0,0.0
2015-12-18 00:00:00-05:00,60.72731612255638,60.85644678237536,59.344905853271484,59.344905853271484,21342100,0.0,0.0
2015-12-21 00:00:00-05:00,59.72470858771281,59.99056148440082,59.36011993259402,59.967769622802734,9105800,0.0,0.0
2015-12-22 00:00:00-05:00,60.12725876534567,60.575400008875405,59.91457537711331,60.461463928222656,9872200,0.0,0.0
2015-12-23 00:00:00-05:00,60.72732249945781,61.091916868062974,60.38551998735308,60.70453643798828,8254600,0.0,0.0
2015-12-24 00:00:00-05:00,60.50704766251464,60.879233486449465,60.46146974884788,60.60578918457031,2498000,0.0,0.0
2015-12-28 00:00:00-05:00,60.56781427414021,60.74251707045809,60.362733925883546,60.70453643798828,4150000,0.0,0.0
2015-12-29 00:00:00-05:00,60.93242991430916,61.228660406889155,60.65138820300097,61.03876876831055,4406100,0.0,0.0
2015-12-30 00:00:00-05:00,61.11471954440702,61.145102899636825,60.765319651812995,60.81848907470703,3793200,0.0,0.0
2015-12-31 00:00:00-05:00,60.696933186955036,60.795674699201264,60.24118886574533,60.3171501159668,5077700,0.0,0.0
2016-01-04 00:00:00-05:00,59.51961676455245,59.62595558479546,58.896772619544365,59.52721405029297,11529800,0.0,0.0
2016-01-05 00:00:00-05:00,59.58038750272566,59.97535946256408,59.405684689027154,59.71710968017578,8133700,0.0,0.0
2016-01-06 00:00:00-05:00,58.99554253719924,59.46647596415257,58.577784340981445,59.139862060546875,9551000,0.0,0.0
2016-01-07 00:00:00-05:00,58.372686078226415,58.94236096993656,57.78022511805309,58.62334442138672,11973900,0.0,0.0
2016-01-08 00:00:00-05:00,58.760054754120056,58.851204804587624,57.47638573643471,57.70425796508789,9676400,0.0,0.0
2016-01-11 00:00:00-05:00,57.85615592677439,58.51698060542712,57.423203425596455,58.235939025878906,10209200,0.0,0.0
2016-01-12 00:00:00-05:00,58.486577012558136,58.50176578145029,57.5371195935231,58.1143913269043,8774700,0.0,0.0
2016-01-13 00:00:00-05:00,58.46381054851024,58.478999322491006,57.567522212861554,57.613094329833984,9310100,0.0,0.0
2016-01-14 00:00:00-05:00,57.803003705271045,58.44863400664095,57.635898164792074,57.84098434448242,12835100,0.0,0.0
2016-01-15 00:00:00-05:00,56.587680008880945,57.48396832672885,56.56489395084727,56.952274322509766,17023900,0.0,0.0
2016-01-19 00:00:00-05:00,57.57513907388466,58.4182582947302,57.514372367239616,58.28153610229492,13457300,0.0,0.0
2016-01-20 00:00:00-05:00,57.68618835458338,58.29913411173684,57.050252089758665,58.09992980957031,17795000,0.663,0.0
2016-01-21 00:00:00-05:00,58.24551089058146,59.13429027650726,57.778142377237124,58.78184509277344,12712900,0.0,0.0
2016-01-22 00:00:00-05:00,59.30285733983467,59.73958356618504,58.65159975254603,59.27220916748047,9465800,0.0,0.0
2016-01-25 00:00:00-05:00,59.14961867892421,59.27221137290251,58.65925959409382,58.88145446777344,9870400,0.0,0.0
2016-01-26 00:00:00-05:00,59.76255040763679,60.97312654959274,59.4101052990052,60.38315963745117,16374800,0.0,0.0
2016-01-27 00:00:00-05:00,60.16864129927786,61.18000752094617,59.8774924543648,60.37551498413086,10816100,0.0,0.0
2016-01-28 00:00:00-05:00,60.835215976900635,61.294926758481296,60.22992787369586,61.157012939453125,9895100,0.0,0.0
2016-01-29 00:00:00-05:00,61.27962679191436,62.82732165578683,61.16469759538689,62.589805603027344,19895000,0.0,0.0
2016-02-01 00:00:00-05:00,62.22200726538353,62.36758457634155,61.70100019228777,62.153053283691406,9657200,0.0,0.0
2016-02-02 00:00:00-05:00,61.36388534257742,61.70867283874903,61.14935401813651,61.46349334716797,9116400,0.0,0.0
2016-02-03 00:00:00-05:00,61.662701498155606,62.24499911819199,61.310250510317815,62.137733459472656,10149600,0.0,0.0
2016-02-04 00:00:00-05:00,61.94618602664981,62.137732678461056,61.54777156291997,61.83125686645508,8295100,0.0,0.0
2016-02-05 00:00:00-05:00,61.73930833066414,62.21434020996093,61.73164482906739,62.21434020996094,9957600,0.0,0.0
2016-02-08 00:00:00-05:00,61.51713633209366,63.378970412999976,61.51713633209366,63.30235290527344,16530200,0.0,0.0
2016-02-09 00:00:00-05:00,62.697059553521676,63.59349659659207,62.07644434670776,63.31766891479492,14308900,0.0,0.0
2016-02-10 00:00:00-05:00,63.52454879333775,63.59350279774057,62.41357445400429,62.53616714477539,10585400,0.0,0.0
2016-02-11 00:00:00-05:00,61.59372959769946,62.053440308666396,61.01142624618729,61.218299865722656,12343900,0.0,0.0
2016-02-12 00:00:00-05:00,61.57075986607501,62.07644001707308,61.134033707946564,62.0534553527832,9306100,0.0,0.0
2016-02-16 00:00:00-05:00,62.81964866035199,62.81964866035199,61.93853274747422,62.421234130859375,9352600,0.0,0.0
2016-02-17 00:00:00-05:00,62.55914657186339,63.46324713116268,62.45188089919574,63.17209243774414,10892900,0.0,0.0
2016-02-18 00:00:00-05:00,63.00356229168528,63.07251631879025,62.22204824457003,62.812015533447266,7702600,0.0,0.0
2016-02-19 00:00:00-05:00,62.79664740211445,63.02650569971371,62.36758481517113,62.66639709472656,7709600,0.0,0.0
2016-02-22 00:00:00-05:00,62.66640213526708,63.34064423263025,62.60510580490502,62.926902770996094,6916500,0.0,0.0
2016-02-23 00:00:00-05:00,62.827301874475424,63.17974701279427,62.52848956491074,62.681724548339844,5840600,0.0,0.0
2016-02-24 00:00:00-05:00,62.26034368545555,62.55149257759647,61.80063275477035,62.490196228027344,6759800,0.0,0.0
2016-02-25 00:00:00-05:00,62.59745527759492,63.08781433105469,62.42123559820148,63.08781433105469,6789700,0.0,0.0
2016-02-26 00:00:00-05:00,63.22571705250588,63.32532505384525,62.022804297833375,62.137733459472656,9281100,0.0,0.0
2016-02-29 00:00:00-05:00,62.13773346517851,62.32928011941491,61.455827843740146,61.51712417602539,11065300,0.0,0.0
2016-03-01 00:00:00-05:00,61.70866083970671,62.336933530063924,61.700997338026774,62.23733139038086,9483900,0.0,0.0
2016-03-02 00:00:00-05:00,62.50552372207362,63.333006911037884,61.946204757623235,63.24872589111328,12096600,0.0,0.0
2016-03-03 00:00:00-05:00,63.24104519269911,63.539857510997045,62.96521753803332,63.47089767456055,8747100,0.0,0.0
2016-03-04 00:00:00-05:00,63.30234301817281,64.16046832354645,63.02651535700551,63.96892166137695,9406700,0.0,0.0
2016-03-07 00:00:00-05:00,63.73142803968766,64.12984266480042,63.593514160698184,63.67013168334961,6792400,0.0,0.0
2016-03-08 00:00:00-05:00,63.57049228217843,64.16811679284348,63.3406340032124,63.63944625854492,7788400,0.0,0.0
2016-03-09 00:00:00-05:00,63.82335748221337,64.12216984177488,63.348319601236675,63.56285095214844,8954800,0.0,0.0
2016-03-10 00:00:00-05:00,63.69310096781823,63.769724317500305,62.63576538137144,63.04184341430664,10385600,0.0,0.0
2016-03-11 00:00:00-05:00,63.401971111239284,63.440282797559796,62.398268061502066,62.63578414916992,11109500,0.0,0.0
2016-03-14 00:00:00-04:00,62.497840094329796,62.71237140486766,61.81593449488882,62.19136428833008,12389300,0.0,0.0
2016-03-15 00:00:00-04:00,62.061132789188875,62.41357802702051,61.877249588046624,62.298648834228516,9297800,0.0,0.0
2016-03-16 00:00:00-04:00,62.298632463054794,62.674068117219065,61.66270200839661,62.321617126464844,9490300,0.0,0.0
2016-03-17 00:00:00-04:00,62.28335265728246,63.769757563830005,62.27568914921071,63.40198516845703,12061500,0.0,0.0
2016-03-18 00:00:00-04:00,63.486221173039645,63.976580121899644,63.164424208888974,63.70841598510742,33635200,0.0,0.0
2016-03-21 00:00:00-04:00,63.68541861558678,64.26005844214349,63.52452016561553,63.838653564453125,8625600,0.0,0.0
2016-03-22 00:00:00-04:00,63.808040155375586,63.83868833094755,63.20275184029838,63.3942985534668,7205900,0.0,0.0
2016-03-23 00:00:00-04:00,63.37897559513974,63.968936882967085,63.27170990644386,63.45559310913086,5594600,0.0,0.0
2016-03-24 00:00:00-04:00,63.179740607845794,63.685426523868934,63.15675594721553,63.50920104980469,6645700,0.0,0.0
2016-03-28 00:00:00-04:00,63.58583826841572,63.93828348039068,63.22572955200577,63.30235290527344,4988500,0.0,0.0
2016-03-29 00:00:00-04:00,63.33298855271331,63.66244318623019,62.94989524430021,63.44025421142578,6731400,0.0,0.0
2016-03-30 00:00:00-04:00,63.66244586436252,63.869319533110676,63.32532771374439,63.34831237792969,6925400,0.0,0.0
2016-03-31 00:00:00-04:00,63.40194332205964,63.59348997862175,62.942232515418574,63.0648193359375,6819200,0.0,0.0
2016-04-01 00:00:00-04:00,62.82730431831226,64.06852877631239,62.773671487471894,63.999568939208984,8028600,0.0,0.0
2016-04-04 00:00:00-04:00,64.09152238429903,64.09152238429903,63.61648449803436,63.754398345947266,5593400,0.0,0.0
2016-04-05 00:00:00-04:00,63.71609878540039,64.02256883710348,63.585842583330894,63.71609878540039,5259100,0.0,0.0
2016-04-06 00:00:00-04:00,63.700760026711684,64.23708836381482,63.654790696542975,64.21410369873047,6292100,0.0,0.0
2016-04-07 00:00:00-04:00,63.77738189697266,64.1145059294251,63.49389654744752,63.777381896972656,6655900,0.0,0.0
2016-04-08 00:00:00-04:00,63.930627471777775,63.9382851308693,63.4172778811222,63.74673843383789,5453000,0.0,0.0
2016-04-11 00:00:00-04:00,63.6164911816669,63.854007226982496,63.33300579739772,63.38663864135742,7081500,0.0,0.0
2016-04-12 00:00:00-04:00,63.37129707481956,63.75439039954622,63.17208690921043,63.46324157714844,7081600,0.0,0.0
2016-04-13 00:00:00-04:00,63.631813210557134,63.92296207704119,62.70472208026141,63.17975997924805,11738600,0.0,0.0
2016-04-14 00:00:00-04:00,63.30335294578423,63.627791948611474,62.98664611806207,63.34970474243164,6904400,0.67,0.0
2016-04-15 00:00:00-04:00,63.38059943580362,63.674133290889486,63.22610328042232,63.57371520996094,7299300,0.0,0.0
2016-04-18 00:00:00-04:00,63.57370788411693,64.10670335184251,63.35741329150758,63.98311233520508,5628000,0.0,0.0
2016-04-19 00:00:00-04:00,64.04493423666625,64.65517504987353,63.998582431711206,64.33074188232422,6606100,0.0,0.0
2016-04-20 00:00:00-04:00,64.33845757545286,64.37707719756033,62.94030113584179,62.9943733215332,9124200,0.0,0.0
2016-04-21 00:00:00-04:00,62.60041713239051,62.80897959894231,62.22191182242727,62.4150276184082,8802100,0.0,0.0
2016-04-22 00:00:00-04:00,62.106036421117096,62.530887603759766,61.727531140072486,62.530887603759766,8027700,0.0,0.0
2016-04-25 00:00:00-04:00,62.507711682870095,62.940295019792565,62.12148013876918,62.88622283935547,7672800,0.0,0.0
2016-04-26 00:00:00-04:00,62.95573673382132,62.95573673382132,61.186795693844026,61.44943618774414,13742300,0.0,0.0
2016-04-27 00:00:00-04:00,61.387663972195305,61.912939291107044,61.10185040824572,61.71209716796875,7689700,0.0,0.0
2016-04-28 00:00:00-04:00,61.3953636707418,62.00560427279302,61.325838934079854,61.61165237426758,7615900,0.0,0.0
2016-04-29 00:00:00-04:00,61.542135677755844,61.91292057040192,61.310400276599744,61.889747619628906,9391000,0.0,0.0
2016-05-02 00:00:00-04:00,61.812512508325085,62.80127051216373,61.812512508325085,62.546356201171875,7862600,0.0,0.0
2016-05-03 00:00:00-04:00,62.41500842654859,63.11022036356958,62.330037030970544,62.64674377441406,7617500,0.0,0.0
2016-05-04 00:00:00-04:00,62.469098504449555,63.16431064076004,62.469098504449555,63.03299331665039,7365900,0.0,0.0
2016-05-05 00:00:00-04:00,63.03298201581458,63.41148725003426,62.50770692012341,62.801246643066406,6399500,0.0,0.0
2016-05-06 00:00:00-04:00,62.893949927447316,63.535095773382174,62.700834134823054,63.44239807128906,6297200,0.0,0.0
2016-05-09 00:00:00-04:00,63.50421125542249,63.905895497483485,63.31882170170154,63.4346923828125,6718800,0.0,0.0
2016-05-10 00:00:00-04:00,63.457827683318754,63.867232072658844,63.434654739533336,63.71274185180664,6222400,0.0,0.0
2016-05-11 00:00:00-04:00,63.72819702040341,64.02945711666223,63.442383590921345,63.45783615112305,5975000,0.0,0.0
2016-05-12 00:00:00-04:00,63.71275595546575,63.91359210834652,63.42694250085401,63.65868377685547,4925000,0.0,0.0
2016-05-13 00:00:00-04:00,63.666392548598076,63.666392548598076,62.569496614955284,62.74716567993164,6579000,0.0,0.0
2016-05-16 00:00:00-04:00,62.57724041441978,63.257005853736274,62.3763983485253,63.0561637878418,6497200,0.0,0.0
2016-05-17 00:00:00-04:00,63.06389945684058,63.388332608438354,62.05197448205502,62.2759895324707,10188200,0.0,0.0
2016-05-18 00:00:00-04:00,62.2528078062352,62.391851420981,61.3413068682008,61.68118667602539,8344100,0.0,0.0
2016-05-19 00:00:00-04:00,61.51896386988437,61.96699390457267,61.37219398769398,61.94382095336914,6242500,0.0,0.0
2016-05-20 00:00:00-04:00,62.13692367010648,62.18326956276665,61.63482155706378,61.81248474121094,6526800,0.0,0.0
2016-05-23 00:00:00-04:00,61.83565810575722,62.05194677691987,61.68116198819512,61.95152282714844,5620600,0.0,0.0
2016-05-24 00:00:00-04:00,62.028807189226555,62.86306309899384,62.028807189226555,62.546356201171875,6293300,0.0,0.0
2016-05-25 00:00:00-04:00,62.63129836555757,63.16429380174219,62.57722619396131,62.940284729003906,6049800,0.0,0.0
2016-05-26 00:00:00-04:00,62.94029441321663,63.03298621111512,62.6390283897697,62.73945236206055,4622300,0.0,0.0
2016-05-27 00:00:00-04:00,62.778071627512574,63.07933764926774,62.69310611105794,62.901668548583984,4322200,0.0,0.0
2016-05-31 00:00:00-04:00,63.01755660396883,63.202946143383755,62.36868437587579,62.600425720214844,6705000,0.0,0.0
2016-06-01 00:00:00-04:00,62.53087278473104,63.187471000036275,62.46135394880905,63.179744720458984,6184100,0.0,0.0
2016-06-02 00:00:00-04:00,62.97890406899189,63.30333709716797,62.824413834648425,63.30333709716797,5186300,0.0,0.0
2016-06-03 00:00:00-04:00,63.287905360096076,63.72048283303827,63.1720347102934,63.70503616333008,6306700,0.0,0.0
2016-06-06 00:00:00-04:00,63.650937219800305,63.98309646643142,63.51961995549637,63.936744689941406,5292300,0.0,0.0
2016-06-07 00:00:00-04:00,63.929061902821175,64.02948000633057,63.53510398479237,63.589176177978516,6327500,0.0,0.0
2016-06-08 00:00:00-04:00,63.62777412615858,63.921307920049856,63.357407383962574,63.84406280517578,4712600,0.0,0.0
2016-06-09 00:00:00-04:00,63.79000005678061,64.31527516629825,63.674129420643936,64.2457504272461,6144900,0.0,0.0
2016-06-10 00:00:00-04:00,63.93676915410657,64.37707289198211,63.81317812083185,64.26892852783203,6840800,0.0,0.0
2016-06-13 00:00:00-04:00,64.08353628269386,64.42342192311703,63.751376923214565,63.78227615356445,6167400,0.0,0.0
2016-06-14 00:00:00-04:00,63.76684433077618,64.40026396685246,63.550549667971026,64.38481140136719,6868600,0.0,0.0
2016-06-15 00:00:00-04:00,64.42341756189754,64.50066268583026,63.97538759229248,64.0758056640625,7082200,0.0,0.0
2016-06-16 00:00:00-04:00,63.85952538568855,64.58564261199982,63.851804997674236,64.43115234375,6630100,0.0,0.0
2016-06-17 00:00:00-04:00,64.3539026103805,64.45432659084581,63.61233869970151,64.21485900878906,11741700,0.0,0.0
2016-06-20 00:00:00-04:00,64.51611129986026,64.65515488450453,64.13760605577183,64.14533233642578,6164300,0.0,0.0
2016-06-21 00:00:00-04:00,64.18395848506874,64.71695992935476,64.18395848506874,64.43115234375,6594700,0.0,0.0
2016-06-22 00:00:00-04:00,64.5006839706119,64.70152607385364,64.33846738879527,64.55475616455078,4940100,0.0,0.0
2016-06-23 00:00:00-04:00,64.74011643178143,65.04910278320312,64.5547269782982,65.04910278320312,7361300,0.0,0.0
2016-06-24 00:00:00-04:00,63.81318089895204,64.74786059746961,63.33425162727584,63.54281997680664,12401100,0.0,0.0
2016-06-27 00:00:00-04:00,63.210642253950134,63.25698814332467,62.569496614955284,62.74716567993164,9601800,0.0,0.0
2016-06-28 00:00:00-04:00,62.90939026954597,63.7204729049402,62.53087914627019,63.69729995727539,9257100,0.0,0.0
2016-06-29 00:00:00-04:00,64.08351668809888,64.8173599243164,64.04489708203928,64.8173599243164,7927500,0.0,0.0
2016-06-30 00:00:00-04:00,64.81737418744578,65.50486579688175,64.74784945176148,65.4044418334961,10969300,0.0,0.0
2016-07-01 00:00:00-04:00,65.28857598173842,65.65163456702177,65.28085559431679,65.48941802978516,9531100,0.0,0.0
2016-07-05 00:00:00-04:00,65.25770350227754,66.39321962585723,65.23452465232795,65.999267578125,11403100,0.0,0.0
2016-07-06 00:00:00-04:00,65.94516611010063,66.04558417493251,65.45851066544084,65.68252563476562,8356500,0.0,0.0
2016-07-07 00:00:00-04:00,65.83703973583782,65.84476012440734,65.29631197122501,65.5280532836914,7905700,0.0,0.0
2016-07-08 00:00:00-04:00,65.64390979326504,66.35457435465078,65.48168737344263,66.254150390625,6827300,0.0,0.0
2016-07-11 00:00:00-04:00,66.13055652043165,66.39319110610292,65.58983478909386,66.23870086669922,6156800,0.0,0.0
2016-07-12 00:00:00-04:00,66.03785884073451,66.38547071953013,65.80612348162897,66.23870086669922,6649800,0.0,0.0
2016-07-13 00:00:00-04:00,66.28504907888617,66.54768956717105,65.97606858926878,66.34684753417969,7572100,0.0,0.0
2016-07-14 00:00:00-04:00,66.77171703183886,67.11932309436281,66.3159607056179,66.33141326904297,11342600,0.0,0.0
2016-07-15 00:00:00-04:00,66.62495710073435,66.80262624611088,66.26962470340835,66.43956756591797,8491300,0.0,0.0
2016-07-18 00:00:00-04:00,66.44726542397935,66.47044426472043,66.20007749689994,66.37774658203125,4781300,0.0,0.0
2016-07-19 00:00:00-04:00,66.17692450705032,66.5708824105068,66.0919530789827,66.56315612792969,6078200,0.0,0.0
2016-07-20 00:00:00-04:00,66.46970558850659,66.74219098793581,66.27507655440385,66.4229965209961,6289000,0.67,0.0
2016-07-21 00:00:00-04:00,66.18944882094979,66.46193425955698,66.08045702134997,66.37629699707031,5407000,0.0,0.0
2016-07-22 00:00:00-04:00,66.56313101375534,66.93682138024204,66.5242028303022,66.73440551757812,6165600,0.0,0.0
2016-07-25 00:00:00-04:00,66.5864815903544,66.79668426513672,66.29064760835712,66.79668426513672,5605300,0.0,0.0
2016-07-26 00:00:00-04:00,66.70326583151885,67.01467348813276,66.30622092084593,66.38407135009766,5379300,0.0,0.0
2016-07-27 00:00:00-04:00,66.3607207030954,66.4074357150689,65.64448720864704,65.75347900390625,7744700,0.0,0.0
2016-07-28 00:00:00-04:00,65.72234955435978,66.15832275402232,65.70678184061862,66.02597045898438,5911600,0.0,0.0
2016-07-29 00:00:00-04:00,66.08823504431311,66.788900762421,66.01817144230573,66.63319396972656,7520900,0.0,0.0
2016-08-01 00:00:00-04:00,66.51641439546911,67.4039222330823,66.50084074801278,67.27157592773438,10420600,0.0,0.0
2016-08-02 00:00:00-04:00,67.74647731891778,67.84768822657767,67.13923563138745,67.5440673828125,13083200,0.0,0.0
2016-08-03 00:00:00-04:00,67.34943078701848,67.51291845845277,66.5319864902404,66.92903137207031,8192100,0.0,0.0
2016-08-04 00:00:00-04:00,67.04583654928328,67.36502519441306,66.79671153127629,66.99134063720703,5564100,0.0,0.0
2016-08-05 00:00:00-04:00,67.01468519786003,67.29495154382383,66.58649885274642,66.7811279296875,6729700,0.0,0.0
2016-08-08 00:00:00-04:00,66.64875486000183,66.87452521148366,66.27506456867883,66.76553344726562,5388200,0.0,0.0
2016-08-09 00:00:00-04:00,66.84341323944147,67.21709775540911,66.70328006105154,66.94461822509766,4158800,0.0,0.0
2016-08-10 00:00:00-04:00,67.15481859297444,67.59078582608997,66.9524026891959,67.19374084472656,5981400,0.0,0.0
2016-08-11 00:00:00-04:00,67.49736095723355,67.73091822350264,67.2638096305725,67.52072143554688,7387100,0.0,0.0
2016-08-12 00:00:00-04:00,67.66863035602353,68.08124301411027,67.55963855726883,67.76205444335938,8063400,0.0,0.0
2016-08-15 00:00:00-04:00,68.13574098209368,68.17466917123403,67.72312831147998,67.7464828491211,6871200,0.0,0.0
2016-08-16 00:00:00-04:00,67.71533065182997,68.04230597702727,67.31828579145825,67.40392303466797,8071100,0.0,0.0
2016-08-17 00:00:00-04:00,67.30274589510614,67.81656961203907,66.92906131879968,67.69979095458984,6762100,0.0,0.0
2016-08-18 00:00:00-04:00,67.68420531128595,68.08903115166025,67.68420531128595,68.0734634399414,7082800,0.0,0.0
2016-08-19 00:00:00-04:00,67.8866146294146,68.05010826878197,67.76984194359166,67.97225189208984,6199900,0.0,0.0
2016-08-22 00:00:00-04:00,67.83989085976297,67.89438674787812,67.40392375484186,67.61412048339844,5921100,0.0,0.0
2016-08-23 00:00:00-04:00,67.83212514727498,68.12017832530952,67.7620615291523,68.04232788085938,5420100,0.0,0.0
2016-08-24 00:00:00-04:00,67.98003871768057,68.08124369192967,67.38836470454461,67.97225189208984,5713300,0.0,0.0
2016-08-25 00:00:00-04:00,67.96444829563085,68.46269805400954,67.76203247516275,68.43155670166016,10595500,0.0,0.0
2016-08-26 00:00:00-04:00,68.40824271262952,68.89870593867946,67.86327763296485,68.1824722290039,16408200,0.0,0.0
2016-08-29 00:00:00-04:00,68.03453593414986,68.82083902501678,67.98004003317537,68.74298858642578,8934500,0.0,0.0
2016-08-30 00:00:00-04:00,68.29144694544112,68.74298779955117,68.0890310557353,68.15131378173828,11619400,0.0,0.0
2016-08-31 00:00:00-04:00,68.31480094279081,68.39265137987532,67.75426829241017,67.97225189208984,11407800,0.0,0.0
2016-09-01 00:00:00-04:00,68.01119757567044,68.75078582763672,67.71536346280575,68.75078582763672,29793300,0.0,0.0
2016-09-02 00:00:00-04:00,68.88313546091355,69.18675638957079,68.54058633540943,68.66514587402344,17470400,0.0,0.0
2016-09-06 00:00:00-04:00,68.70403154200359,69.00765228271484,68.41597850662909,69.00765228271484,14472100,0.0,0.0
2016-09-07 00:00:00-04:00,68.75075577673513,68.82861213942412,68.28364729863397,68.47048950195312,17556400,0.0,0.0
2016-09-08 00:00:00-04:00,68.47051163919289,68.64957301582083,68.22138664102042,68.33816528320312,23465700,0.0,0.0
2016-09-09 00:00:00-04:00,67.80879168949306,67.86328761151164,67.13926696777344,67.13926696777344,21955000,0.0,0.0
2016-09-12 00:00:00-04:00,66.98354310676964,68.80526839618086,66.92126037731764,68.70406341552734,16105700,0.0,0.0
2016-09-13 00:00:00-04:00,68.15910986555095,68.43937623102566,67.73871031733884,67.76985168457031,19682700,0.0,0.0
2016-09-14 00:00:00-04:00,67.82433049069601,68.19801492403367,67.62970144928062,67.73869323730469,25397900,0.0,0.0
2016-09-15 00:00:00-04:00,67.53627521183137,68.71961713237538,67.53627521183137,68.5561294555664,13833600,0.0,0.0
2016-09-16 00:00:00-04:00,68.2135777082532,68.5950489055755,67.96445281250718,68.54833984375,23518300,0.0,0.0
2016-09-19 00:00:00-04:00,68.4471418735473,69.249012597437,67.92553745271127,68.79747772216797,19173900,0.0,0.0
2016-09-20 00:00:00-04:00,68.89870053963882,69.24903053942063,68.64957553233408,68.96098327636719,33986500,0.0,0.0
2016-09-21 00:00:00-04:00,68.92982191728994,69.12445095841412,67.29493915976829,68.35372161865234,55409800,0.0,0.0
2016-09-22 00:00:00-04:00,68.33036070231013,69.52149541555258,68.33036070231013,69.2801513671875,52692700,0.0,0.0
2016-09-23 00:00:00-04:00,68.99989137883387,69.2412354492495,68.11238335113113,68.32258605957031,48281400,0.0,0.0
2016-09-26 00:00:00-04:00,68.05788458690887,68.84418760978542,67.42728836735833,68.39264678955078,60276600,0.0,0.0
2016-09-27 00:00:00-04:00,68.55613849089069,69.14002567342163,68.24473674522692,68.7896957397461,65150800,0.0,0.0
2016-09-28 00:00:00-04:00,69.27237268665347,69.85625982482968,68.87532776960364,69.64605712890625,89806000,0.0,0.0
2016-09-29 00:00:00-04:00,69.41249675670488,69.4981280613297,68.1512985649784,68.6884765625,74587500,0.0,0.0
2016-09-30 00:00:00-04:00,68.74298010260115,70.23772972166373,68.73519327782074,69.871826171875,123735700,0.0,0.0
2016-10-03 00:00:00-04:00,69.56044195200849,69.63829240722035,68.82864054548615,69.02326965332031,26789500,0.0,0.0
2016-10-04 00:00:00-04:00,68.73519705589378,69.03881790334185,68.47049845527319,68.78190612792969,23317600,0.0,0.0
2016-10-05 00:00:00-04:00,68.88311826414508,69.2879440880864,68.67291555702353,69.1711654663086,64580300,0.0,0.0
2016-10-06 00:00:00-04:00,68.98431034333954,69.85625049144267,68.87531856727745,69.4592056274414,61462800,0.0,0.0
2016-10-07 00:00:00-04:00,69.29573780810978,70.10539547615788,68.74299194561318,70.06646728515625,20518800,0.0,0.0
2016-10-10 00:00:00-04:00,70.21437520492005,70.32336699344584,69.11666455527262,69.33464813232422,15492400,0.0,0.0
2016-10-11 00:00:00-04:00,69.1555799303285,69.38135029034451,68.66511103320184,68.9298095703125,11723100,0.0,0.0
2016-10-12 00:00:00-04:00,69.08552473197068,69.29572742852105,68.76633618407806,68.95317840576172,17118000,0.0,0.0
2016-10-13 00:00:00-04:00,68.54836736473777,68.95319325550342,68.19803144157463,68.69628143310547,11158100,0.0,0.0
2016-10-14 00:00:00-04:00,68.89868840502,69.25680516872255,68.68070480447128,68.84419250488281,7369000,0.0,0.0
2016-10-17 00:00:00-04:00,68.84420674408615,69.01548130554457,68.28367397553454,68.3770980834961,7610600,0.0,0.0
2016-10-18 00:00:00-04:00,68.67290405913923,68.71961312418689,68.07344927913724,68.08123016357422,10749500,0.0,0.0
2016-10-19 00:00:00-04:00,67.97925425672187,68.11262238766714,67.02997746543178,67.10842895507812,12788800,0.67,0.0
2016-10-20 00:00:00-04:00,66.98290992214254,67.09274321808587,66.52004188716214,66.62987518310547,10175100,0.0,0.0
2016-10-21 00:00:00-04:00,66.22192038961708,66.57495511049392,66.0885462638618,66.1591567993164,13974100,0.0,0.0
2016-10-24 00:00:00-04:00,66.20621986279822,66.44942126900305,65.94732456785866,65.97870635986328,10573200,0.0,0.0
2016-10-25 00:00:00-04:00,68.63825990553777,69.10113390988823,68.23030853271484,68.23030853271484,20761200,0.0,0.0
2016-10-26 00:00:00-04:00,68.18324093640389,68.83439376396137,68.08124860095106,68.56765747070312,8464100,0.0,0.0
2016-10-27 00:00:00-04:00,68.65393411587151,68.7245386467981,67.82233173257663,67.92432403564453,6598300,0.0,0.0
2016-10-28 00:00:00-04:00,68.15185199133812,68.4342821460262,67.82234615389198,68.12831115722656,7021100,0.0,0.0
2016-10-31 00:00:00-04:00,68.26171196550507,68.62259375194044,68.01066350600796,68.09696197509766,8207100,0.0,0.0
2016-11-01 00:00:00-04:00,67.92435738075919,68.24601037754658,67.84590586828422,68.13617706298828,8564500,0.0,0.0
2016-11-02 00:00:00-04:00,68.07339294136408,68.57549563789593,67.90864301918259,68.04985809326172,7773200,0.0,0.0
2016-11-03 00:00:00-04:00,68.09694194092445,68.23815703193769,67.83804660982256,67.94003295898438,6899900,0.0,0.0
2016-11-04 00:00:00-04:00,68.01063976876661,68.04202156343422,66.73970401932223,66.74755096435547,9378100,0.0,0.0
2016-11-07 00:00:00-05:00,67.4850231367553,67.91651546553527,67.15552316866905,67.9086685180664,8878500,0.0,0.0
2016-11-08 00:00:00-05:00,68.07340528856082,68.79517467891631,67.932190188868,68.61473083496094,7674600,0.0,0.0
2016-11-09 00:00:00-05:00,66.88877416557514,67.8929677749513,66.14346991906255,67.4144058227539,11972500,0.0,0.0
2016-11-10 00:00:00-05:00,67.08489656529346,67.23395260544468,64.4724205646188,65.0843505859375,22095000,0.0,0.0
2016-11-11 00:00:00-05:00,64.85684779705255,65.9473398842568,64.8411598901391,65.57077026367188,8905700,0.0,0.0
2016-11-14 00:00:00-05:00,65.5550634180061,65.727660287281,64.927445512556,65.11573028564453,12862500,0.0,0.0
2016-11-15 00:00:00-05:00,66.35527973194316,66.35527973194316,65.02158054948167,65.60213470458984,9464000,0.0,0.0
2016-11-16 00:00:00-05:00,65.88457805446433,66.05716896133116,65.24910713401539,65.26480102539062,8542900,0.0,0.0
2016-11-17 00:00:00-05:00,65.32754964685147,65.5079934600466,65.06081338482777,65.17064666748047,9083700,0.0,0.0
2016-11-18 00:00:00-05:00,65.05297831842454,65.19419341982929,64.32336795874431,64.33121490478516,14565500,0.0,0.0
2016-11-21 00:00:00-05:00,64.33121617018055,64.91961144002975,64.10370261424957,64.83331298828125,11482100,0.0,0.0
2016-11-22 00:00:00-05:00,65.1235761725501,65.25694430192726,64.84899296928388,64.92744445800781,7426500,0.0,0.0
2016-11-23 00:00:00-05:00,64.79407452436024,65.06081678579251,64.73915788016319,64.86468505859375,7693300,0.0,0.0
2016-11-25 00:00:00-05:00,65.10788729635843,65.47661590576172,65.07650550135969,65.47661590576172,3882900,0.0,0.0
2016-11-28 00:00:00-05:00,65.21771636419876,65.39816017739392,64.92744525381592,65.17064666748047,6990100,0.0,0.0
2016-11-29 00:00:00-05:00,65.44523250305588,65.4923081871302,64.87253121842775,65.02943420410156,6183100,0.0,0.0
2016-11-30 00:00:00-05:00,64.73917023306254,64.9823776913119,64.53519750739075,64.69210052490234,12115500,0.0,0.0
2016-12-01 00:00:00-05:00,64.49596540018663,64.582263850962,63.68790352971384,64.22138214111328,12516900,0.0,0.0
2016-12-02 00:00:00-05:00,64.60579079098729,64.86468611160421,64.38612421063306,64.64501953125,9079400,0.0,0.0
2016-12-05 00:00:00-05:00,64.77055563353635,65.17851307848666,64.70779801432357,65.10790252685547,8597500,0.0,0.0
2016-12-06 00:00:00-05:00,65.30400187604958,65.31184881910487,64.80975220191522,65.04511260986328,7327200,0.0,0.0
2016-12-07 00:00:00-05:00,64.91178275497444,66.11995543387349,64.88824789523417,66.04150390625,8567700,0.0,0.0
2016-12-08 00:00:00-05:00,65.73550146694147,66.0414664409267,65.50798797607422,65.50798797607422,7522800,0.0,0.0
2016-12-09 00:00:00-05:00,65.52369140028463,66.21407898038204,65.48446864216649,66.19054412841797,8004500,0.0,0.0
2016-12-12 00:00:00-05:00,66.06501790802464,66.8260100551956,66.06501790802464,66.78678131103516,7494100,0.0,0.0
2016-12-13 00:00:00-05:00,66.42588603502489,66.96721146939288,66.3160527563799,66.82599639892578,11795900,0.0,0.0
2016-12-14 00:00:00-05:00,66.91230752082352,67.2653422712163,66.0336351395477,66.19054412841797,12292200,0.0,0.0
2016-12-15 00:00:00-05:00,66.01794040555869,66.52788409208136,65.59429515762287,66.4337387084961,8768100,0.0,0.0
2016-12-16 00:00:00-05:00,66.6063355856698,66.7789324628435,66.01794040555869,66.4337387084961,21172400,0.0,0.0
2016-12-19 00:00:00-05:00,66.4886571860188,66.66910101316678,66.15131036736729,66.457275390625,6431200,0.0,0.0
2016-12-20 00:00:00-05:00,66.34746551513672,66.45729884504517,66.04934733188055,66.34746551513672,7485400,0.0,0.0
2016-12-21 00:00:00-05:00,66.04932952561052,66.4729748205328,65.9944128754613,66.11993408203125,6099300,0.0,0.0
2016-12-22 00:00:00-05:00,65.90029130250844,66.37885342056647,65.79830491121355,66.2690200805664,7864800,0.0,0.0
2016-12-23 00:00:00-05:00,66.4337528715643,66.82601640859869,66.33176650670332,66.6534194946289,5284200,0.0,0.0
2016-12-27 00:00:00-05:00,66.60633213372023,66.63771392662225,66.22975660436086,66.3709716796875,3782600,0.0,0.0
2016-12-28 00:00:00-05:00,66.21407262481533,66.39451046286442,65.8610319228433,65.9551773071289,4298800,0.0,0.0
2016-12-29 00:00:00-05:00,66.08853677716878,66.28466847960557,65.97870350264135,66.17483520507812,3718300,0.0,0.0
2016-12-30 00:00:00-05:00,66.03363250717916,66.25329909737485,65.83750076800936,65.96302795410156,6209800,0.0,0.0
2017-01-03 00:00:00-05:00,65.806118667663,66.20622908965251,65.50800058026893,66.05716705322266,8792700,0.0,0.0
2017-01-04 00:00:00-05:00,66.25329750404038,66.37097774180529,66.08854756535571,66.29252624511719,8096700,0.0,0.0
2017-01-05 00:00:00-05:00,66.2219044525747,67.02211908719876,66.19836362277826,66.73184204101562,6852400,0.0,0.0
2017-01-06 00:00:00-05:00,66.63771607047349,66.8809174914572,66.38666770464556,66.70832061767578,4799900,0.0,0.0
2017-01-09 00:00:00-05:00,65.94734611348721,66.41806716188087,65.70414462782612,66.2140884399414,11000600,0.0,0.0
2017-01-10 00:00:00-05:00,66.16698387610116,66.23759439674053,65.3040056396626,65.50013732910156,10918200,0.0,0.0
2017-01-11 00:00:00-05:00,65.42168670596638,65.70411682128906,65.33538828264756,65.70411682128906,9572300,0.0,0.0
2017-01-12 00:00:00-05:00,65.67274815162183,65.8061162923157,65.40601187023408,65.77473449707031,6545400,0.0,0.0
2017-01-13 00:00:00-05:00,65.7825767708036,65.91594490202655,65.46092386694443,65.9081039428711,6762800,0.0,0.0
2017-01-17 00:00:00-05:00,65.82179729679878,67.13980251175377,65.80610340951573,66.84952545166016,13145100,0.0,0.0
2017-01-18 00:00:00-05:00,67.05515671009698,67.4505290821308,66.88909500488758,67.15795135498047,10520400,0.67,0.0
2017-01-19 00:00:00-05:00,66.92069183826118,67.21326941816092,66.64393252370769,66.97604370117188,14074500,0.0,0.0
2017-01-20 00:00:00-05:00,68.70778925770321,69.56970390150987,68.33613837670688,69.15060424804688,22944400,0.0,0.0
2017-01-23 00:00:00-05:00,68.86593242578635,69.07152767549493,68.67615544377155,68.76313781738281,9408900,0.0,0.0
2017-01-24 00:00:00-05:00,68.96872420094711,69.54596420663242,68.96872420094711,69.47480010986328,8704700,0.0,0.0
2017-01-25 00:00:00-05:00,69.45900333622087,69.50645211498262,68.84222350844145,68.92130279541016,8082900,0.0,0.0
2017-01-26 00:00:00-05:00,68.88968337679627,68.97666578014189,68.47058360026584,68.4784927368164,6542300,0.0,0.0
2017-01-27 00:00:00-05:00,68.35985225796092,68.6761512305151,68.01983191822288,68.57335662841797,9332300,0.0,0.0
2017-01-30 00:00:00-05:00,68.62080541468609,68.68406642135635,68.39939792424182,68.59708404541016,7350000,0.0,0.0
2017-01-31 00:00:00-05:00,68.50219529848843,69.31666721819161,68.42312205341194,69.26921844482422,9712400,0.0,0.0
2017-02-01 00:00:00-05:00,68.81849170910185,69.26130669110515,68.5970842181002,69.05571746826172,8291000,0.0,0.0
2017-02-02 00:00:00-05:00,69.27712381671223,69.86227303798054,68.99245532357595,69.39573669433594,8997200,0.0,0.0
2017-02-03 00:00:00-05:00,69.68040059363078,69.71993419496464,69.10315451146585,69.11897277832031,7161900,0.0,0.0
2017-02-06 00:00:00-05:00,69.19014196696786,69.41945859000657,68.89756433766296,69.11106872558594,7483000,0.0,0.0
2017-02-07 00:00:00-05:00,69.30085950727558,69.80693559234693,69.17434350245915,69.59343719482422,6646100,0.0,0.0
2017-02-08 00:00:00-05:00,69.6408479758,69.85434627532217,69.43525277533045,69.84644317626953,6815800,0.0,0.0
2017-02-09 00:00:00-05:00,69.84646804522434,70.20230068208949,69.60924226537946,70.11531829833984,9914100,0.0,0.0
2017-02-10 00:00:00-05:00,70.02834215871553,70.16277333016211,69.56180572509766,69.56180572509766,11057600,0.0,0.0
2017-02-13 00:00:00-05:00,69.61714434628908,69.87018233713056,69.30084534951186,69.83064270019531,6905100,0.0,0.0
2017-02-14 00:00:00-05:00,69.5855038378824,69.75946856274122,68.97663333377724,69.47480010986328,20123400,0.0,0.0
2017-02-15 00:00:00-05:00,71.01676339886454,72.07636419259738,71.01676339886454,72.05264282226562,25847700,0.0,0.0
2017-02-16 00:00:00-05:00,71.89450453599724,72.05265709103143,71.59402373078693,71.79170989990234,12408500,0.0,0.0
2017-02-17 00:00:00-05:00,71.64936141423412,72.24241980402223,71.5228393952864,72.02891540527344,12152400,0.0,0.0
2017-02-21 00:00:00-05:00,71.62565527295584,72.59036475739204,71.62565527295584,72.48756408691406,9018700,0.0,0.0
2017-02-22 00:00:00-05:00,72.31357479240532,72.5903401657131,72.1554283215733,72.30567169189453,6749900,0.0,0.0
2017-02-23 00:00:00-05:00,72.4400992344437,72.59034260982361,71.88658053499353,72.06053924560547,7611600,0.0,0.0
2017-02-24 00:00:00-05:00,71.93403817760357,72.22660982241119,71.6968123813085,71.99729919433594,6643400,0.0,0.0
2017-02-27 00:00:00-05:00,71.58611238744356,71.88659921629144,71.21446143570199,71.87078094482422,11840300,0.0,0.0
2017-02-28 00:00:00-05:00,71.87867455648605,72.58243666220832,71.68098843616177,72.01309967041016,10535600,0.0,0.0
2017-03-01 00:00:00-05:00,71.99729014103957,72.66151263449895,71.72843387018565,72.47964477539062,8792200,0.0,0.0
2017-03-02 00:00:00-05:00,72.27403684477214,72.42427417315733,71.86284639269496,71.8865737915039,7031200,0.0,0.0
2017-03-03 00:00:00-05:00,71.88657074564172,71.88657074564172,71.08000814153438,71.56236267089844,8334900,0.0,0.0
2017-03-06 00:00:00-05:00,71.08001947012929,71.57028321023184,70.84279371748902,71.45957946777344,9533800,0.0,0.0
2017-03-07 00:00:00-05:00,71.27771888865296,71.55447829644952,71.21445787175585,71.39633178710938,5363000,0.0,0.0
2017-03-08 00:00:00-05:00,71.18282606671482,71.44377323198526,70.97723681489796,71.27771759033203,5503700,0.0,0.0
2017-03-09 00:00:00-05:00,71.27772079599828,71.55448021120074,71.24609028670332,71.43586730957031,5587400,0.0,0.0
2017-03-10 00:00:00-05:00,71.79960131493667,72.08426981083574,71.68098843616177,72.01309967041016,6797800,0.0,0.0
2017-03-13 00:00:00-04:00,72.00521755306158,72.3452380489126,71.83916187363256,72.2029037475586,7397500,0.0,0.0
2017-03-14 00:00:00-04:00,72.16333601799995,72.42427708638658,71.81540654961641,71.9577407836914,6686400,0.0,0.0
2017-03-15 00:00:00-04:00,71.95772605983265,72.57450560365295,71.7442277688563,72.2740249633789,7855300,0.0,0.0
2017-03-16 00:00:00-04:00,72.30567169189453,72.52707916421983,72.03681545199869,72.30567169189453,6601200,0.0,0.0
2017-03-17 00:00:00-04:00,72.31357335242836,72.74848518790779,71.89447978345784,71.9577407836914,37010100,0.0,0.0
2017-03-20 00:00:00-04:00,71.9261262167298,72.28196489719356,71.91031397961918,72.13172149658203,7772900,0.0,0.0
2017-03-21 00:00:00-04:00,72.19498409726008,72.55081675264063,71.98147967770973,72.10800170898438,8211000,0.0,0.0
2017-03-22 00:00:00-04:00,72.20289002930994,72.59035924059734,71.7600749682989,71.9498519897461,7798000,0.0,0.0
2017-03-23 00:00:00-04:00,71.8865657681159,72.32147150465983,71.64143093765647,71.7758560180664,6831400,0.0,0.0
2017-03-24 00:00:00-04:00,71.77587567399085,71.89448855567609,71.33306068412786,71.61772918701172,9252000,0.0,0.0
2017-03-27 00:00:00-04:00,71.52283574443622,71.73634013228678,71.30933738948727,71.5544662475586,10072000,0.0,0.0
2017-03-28 00:00:00-04:00,71.30143244616708,72.00519459152336,71.26980194118566,71.76797485351562,11855800,0.0,0.0
2017-03-29 00:00:00-04:00,71.60984897543601,71.85498397203402,71.47542380392031,71.6414794921875,4252800,0.0,0.0
2017-03-30 00:00:00-04:00,71.56239060234495,71.61774248635662,71.24609153674848,71.32516479492188,3691900,0.0,0.0
2017-03-31 00:00:00-04:00,71.19072750309375,71.43585637146765,71.04048411517331,71.04839324951172,6942400,0.0,0.0
2017-04-03 00:00:00-04:00,71.05632814062515,71.21447468730771,70.73211987715062,70.91399383544922,6967400,0.0,0.0
2017-04-04 00:00:00-04:00,70.96931843908585,71.13537405911768,70.70837130779223,71.09584045410156,5680800,0.0,0.0
2017-04-05 00:00:00-04:00,71.16700902977033,71.56238130215793,70.97723202823686,71.1432876586914,6320100,0.0,0.0
2017-04-06 00:00:00-04:00,70.98512988747619,71.01676039087943,70.62138814769153,70.69255828857422,7231500,0.0,0.0
2017-04-07 00:00:00-04:00,70.73998089983985,70.85859374562807,70.51857347191515,70.55811309814453,4739100,0.0,0.0
2017-04-10 00:00:00-04:00,70.47904157402574,70.91395337863925,70.17856089359317,70.76371002197266,5956000,0.0,0.0
2017-04-11 00:00:00-04:00,70.8981844509093,71.02470048677273,70.60560669156216,71.0088882446289,5186000,0.0,0.0
2017-04-12 00:00:00-04:00,70.92977006850575,71.49910700017793,70.81906633544737,71.41212463378906,6286300,0.0,0.0
2017-04-13 00:00:00-04:00,71.20654550250372,71.59400862299445,71.0009502407956,71.19072723388672,5040100,0.0,0.0
2017-04-17 00:00:00-04:00,71.34887921916103,71.63354169020677,71.26979994247422,71.47539520263672,6931700,0.0,0.0
2017-04-18 00:00:00-04:00,71.48330730207992,72.06054743526666,71.43585852751926,71.79960632324219,7087800,0.0,0.0
2017-04-19 00:00:00-04:00,71.79161866049085,72.07049721111672,71.31354027668988,71.39321899414062,6919000,0.69,0.0
2017-04-20 00:00:00-04:00,71.47292017044789,71.47292017044789,71.16216881937538,71.17810821533203,6983500,0.0,0.0
2017-04-21 00:00:00-04:00,71.05060942632502,71.13825785699942,70.60440365496282,70.61237335205078,9061200,0.0,0.0
2017-04-24 00:00:00-04:00,71.0107695462203,71.4410419809766,70.9231211199312,71.3533935546875,8338500,0.0,0.0
2017-04-25 00:00:00-04:00,71.37730548526936,71.91115972730849,71.28965704802734,71.71195983886719,9088400,0.0,0.0
2017-04-26 00:00:00-04:00,71.59240239307425,71.7119234813622,69.80757399968475,69.9111557006836,11951300,0.0,0.0
2017-04-27 00:00:00-04:00,69.78369709443734,70.3095815688331,69.50481850353829,69.87134552001953,8517500,0.0,0.0
2017-04-28 00:00:00-04:00,69.73589859403666,69.79167432309413,69.44108663148934,69.58451080322266,8295400,0.0,0.0
2017-05-01 00:00:00-04:00,69.62432969764744,69.79962653909385,69.38529352402718,69.39325714111328,4546600,0.0,0.0
2017-05-02 00:00:00-04:00,69.55262553229724,69.55262553229724,68.54068681468428,68.7000503540039,13197500,0.0,0.0
2017-05-03 00:00:00-04:00,68.76380411045915,69.02674334380931,68.44508307225796,68.86738586425781,6122000,0.0,0.0
2017-05-04 00:00:00-04:00,69.20203706370908,69.51278839003545,68.76380097537347,68.88331604003906,5986200,0.0,0.0
2017-05-05 00:00:00-04:00,68.95502944776756,69.01080516959416,68.62833873485619,68.92315673828125,4506200,0.0,0.0
2017-05-08 00:00:00-04:00,68.78768535823737,69.01875788583831,68.71597025976303,68.96298217773438,4634600,0.0,0.0
2017-05-09 00:00:00-04:00,69.16219634523664,69.17812965981474,68.70005119420385,68.84347534179688,9577600,0.0,0.0
2017-05-10 00:00:00-04:00,68.90722040329682,69.15422629211875,68.83550529032102,68.9151840209961,6178500,0.0,0.0
2017-05-11 00:00:00-04:00,69.01080337188051,69.02673668665973,68.42913707732866,68.66020965576172,6064700,0.0,0.0
2017-05-12 00:00:00-04:00,68.71599142033286,68.77973684325191,68.46101580775473,68.67615509033203,5892400,0.0,0.0
2017-05-15 00:00:00-04:00,69.04268773034156,69.09049376184329,68.72396666909992,68.78771209716797,5820700,0.0,0.0
2017-05-16 00:00:00-04:00,69.22592398810771,69.32154209671585,68.67613658112626,68.71597290039062,6554500,0.0,0.0
2017-05-17 00:00:00-04:00,68.71598657020168,69.0267378861259,68.46898067269721,68.73192596435547,7805800,0.0,0.0
2017-05-18 00:00:00-04:00,68.66817898760212,68.70005169608869,68.14228841622001,68.42117309570312,6985600,0.0,0.0
2017-05-19 00:00:00-04:00,68.52474276227083,68.8275243208852,68.26179752292083,68.71597290039062,7320700,0.0,0.0
2017-05-22 00:00:00-04:00,68.72394271024663,68.84346382643159,68.54864588372158,68.69207000732422,4260000,0.0,0.0
2017-05-23 00:00:00-04:00,68.74783550021046,68.95500499886793,68.50879938246312,68.5884780883789,4394200,0.0,0.0
2017-05-24 00:00:00-04:00,68.88331433164893,69.04267787908049,68.69208415382882,68.92315673828125,4878800,0.0,0.0
2017-05-25 00:00:00-04:00,68.98689621637895,69.30561720469734,68.96299320609708,69.20999908447266,4368000,0.0,0.0
2017-05-26 00:00:00-04:00,69.26577637250665,69.62433369306149,69.17812794675372,69.520751953125,4337000,0.0,0.0
2017-05-30 00:00:00-04:00,69.52076052928443,69.80760885275318,69.40123938132278,69.6402816772461,4594500,0.0,0.0
2017-05-31 00:00:00-04:00,69.85540915298601,70.39723304410406,69.6801122942276,70.1900634765625,10146600,0.0,0.0
2017-06-01 00:00:00-04:00,70.13425255455421,70.22987063291149,69.61633801429564,70.2219009399414,6251300,0.0,0.0
2017-06-02 00:00:00-04:00,70.43706744954223,70.6601703065863,70.12631617307414,70.58845520019531,6136400,0.0,0.0
2017-06-05 00:00:00-04:00,70.35741246621087,70.7239395806137,70.11837013637908,70.70800018310547,4115300,0.0,0.0
2017-06-06 00:00:00-04:00,70.72394088212876,70.8912680844507,70.47692884899715,70.75581359863281,6503000,0.0,0.0
2017-06-07 00:00:00-04:00,70.66017115982832,70.82749830463189,70.43706830009022,70.73188018798828,4781600,0.0,0.0
2017-06-08 00:00:00-04:00,70.73190217965396,70.75581127557132,69.60841783549321,69.99884796142578,7712100,0.0,0.0
2017-06-09 00:00:00-04:00,69.99883762084318,70.28568593848802,69.75980140887114,70.245849609375,9696900,0.0,0.0
2017-06-12 00:00:00-04:00,70.24584623195322,70.64424597851622,70.19006443150063,70.30958557128906,7867700,0.0,0.0
2017-06-13 00:00:00-04:00,70.40518754945259,70.43706025135842,69.93507279521201,70.16614532470703,6419300,0.0,0.0
2017-06-14 00:00:00-04:00,70.50879232473721,70.71596191531269,70.16616826609626,70.46895599365234,6183900,0.0,0.0
2017-06-15 00:00:00-04:00,70.30164926259606,71.40920050195128,70.30164926259606,71.21796417236328,7047500,0.0,0.0
2017-06-16 00:00:00-04:00,71.48883842520362,71.5286747451178,70.76374810106451,71.44103240966797,13855000,0.0,0.0
2017-06-19 00:00:00-04:00,71.39322565466003,71.60039520263672,71.07450467602598,71.60039520263672,5246200,0.0,0.0
2017-06-20 00:00:00-04:00,71.52867330727891,71.87926695841706,71.40118857538097,71.41712188720703,5674200,0.0,0.0
2017-06-21 00:00:00-04:00,71.40916066200536,71.67209983006714,71.14621541484692,71.2338638305664,4164500,0.0,0.0
2017-06-22 00:00:00-04:00,71.1302865686333,71.24184408807585,70.83547465304905,70.93905639648438,4536700,0.0,0.0
2017-06-23 00:00:00-04:00,70.93906554505202,71.55260462517137,70.8354837882584,71.24981689453125,8782100,0.0,0.0
2017-06-26 00:00:00-04:00,71.4171366682119,71.45697907466784,71.13028836320275,71.2020034790039,4373300,0.0,0.0
2017-06-27 00:00:00-04:00,71.20198484180702,71.20198484180702,70.60438537597656,70.60438537597656,5180400,0.0,0.0
2017-06-28 00:00:00-04:00,70.9789121244487,71.082493887326,70.325536674464,70.4131851196289,4875000,0.0,0.0
2017-06-29 00:00:00-04:00,70.13428584576899,70.29364938534418,69.2657773516996,69.31358337402344,8123500,0.0,0.0
2017-06-30 00:00:00-04:00,69.3613765893081,69.69603081264815,69.32153419548847,69.44105529785156,6070300,0.0,0.0
2017-07-03 00:00:00-04:00,69.64024690771964,70.11832518177637,69.46495012210998,69.9111557006836,3607400,0.0,0.0
2017-07-05 00:00:00-04:00,70.00677862088452,70.11833002323019,69.71196072663064,69.85538482666016,4974300,0.0,0.0
2017-07-06 00:00:00-04:00,69.83948168524263,70.07851790248229,69.60840908654227,69.61637878417969,6038900,0.0,0.0
2017-07-07 00:00:00-04:00,69.87135024862188,69.97493199536656,69.54465953496153,69.8394775390625,5142200,0.0,0.0
2017-07-10 00:00:00-04:00,69.82352954854618,70.0147657823588,69.2338996920331,69.39325714111328,5356400,0.0,0.0
2017-07-11 00:00:00-04:00,69.5048311971864,69.68012200126674,68.77177095124799,69.13829803466797,5838600,0.0,0.0
2017-07-12 00:00:00-04:00,69.51277570368502,69.69604223455525,69.18609112139042,69.2896728515625,4374200,0.0,0.0
2017-07-13 00:00:00-04:00,69.13831052848427,69.3614195613647,68.92317727422403,69.08253479003906,5448900,0.0,0.0
2017-07-14 00:00:00-04:00,69.28968604049847,69.55263134302035,69.10642555384233,69.40123748779297,4577700,0.0,0.0
2017-07-17 00:00:00-04:00,69.37733730912421,70.04665209933444,69.11439199585955,69.75980377197266,5227800,0.0,0.0
2017-07-18 00:00:00-04:00,69.80760105808481,70.72392165134433,69.6880799234688,70.62830352783203,7492300,0.0,0.0
2017-07-19 00:00:00-04:00,70.56407821945854,70.99772640030297,70.34725106564053,70.94953918457031,6008500,0.69,0.0
2017-07-20 00:00:00-04:00,70.92545343567639,71.72047209091672,70.91742121137925,71.15030670166016,7285000,0.0,0.0
2017-07-21 00:00:00-04:00,70.79693204801887,71.21451559469689,70.51585948339014,71.1583023071289,5714800,0.0,0.0
2017-07-24 00:00:00-04:00,71.11013447350312,71.15028332821558,70.6443636459508,70.81300354003906,6202000,0.0,0.0
2017-07-25 00:00:00-04:00,71.20650379097674,71.63211967985168,71.10210940607232,71.58393859863281,6766700,0.0,0.0
2017-07-26 00:00:00-04:00,71.47151519086728,71.80879502807977,71.36712080128937,71.71243286132812,6987000,0.0,0.0
2017-07-27 00:00:00-04:00,72.5074360757177,72.8768385995198,71.47150011412961,72.82062530517578,11089200,0.0,0.0
2017-07-28 00:00:00-04:00,72.7242580037964,73.07760221684615,72.24242888486744,72.44319152832031,6137500,0.0,0.0
2017-07-31 00:00:00-04:00,72.44321346268339,73.1338376554117,72.44321346268339,72.93307495117188,7835700,0.0,0.0
2017-08-01 00:00:00-04:00,73.10169990741163,73.66383904016368,72.85275616574145,73.15791320800781,8662100,0.0,0.0
2017-08-02 00:00:00-04:00,73.05350503277354,73.31851316844774,72.70016085187461,73.1097183227539,7167700,0.0,0.0
2017-08-03 00:00:00-04:00,72.96520233154297,73.67991711367395,72.93307956161898,72.96520233154297,6413200,0.0,0.0
2017-08-04 00:00:00-04:00,72.82864073250472,73.14182988974345,72.70014973118208,72.81257629394531,5824400,0.0,0.0
2017-08-07 00:00:00-04:00,72.81259397793256,73.52730849770494,72.69213516663382,73.43094635009766,5011300,0.0,0.0
2017-08-08 00:00:00-04:00,73.39883137377885,73.83247946435635,73.2623142323351,73.54338073730469,5623400,0.0,0.0
2017-08-09 00:00:00-04:00,73.49519999196345,73.8324859543653,73.49519999196345,73.81642150878906,5572800,0.0,0.0
2017-08-10 00:00:00-04:00,73.76824329683576,73.88066991308195,73.6317261380784,73.671875,6338200,0.0,0.0
2017-08-11 00:00:00-04:00,73.83248228735897,73.94490889364548,73.31049811429138,73.35064697265625,7094200,0.0,0.0
2017-08-14 00:00:00-04:00,73.51125043334797,73.84049798344786,73.27836503118478,73.5995864868164,5398400,0.0,0.0
2017-08-15 00:00:00-04:00,73.80839570375805,74.16976608236718,73.7842990352987,74.04127502441406,5293400,0.0,0.0
2017-08-16 00:00:00-04:00,74.11354234149448,74.64355256395186,74.03323850497549,74.23400115966797,7965500,0.0,0.0
2017-08-17 00:00:00-04:00,74.20188257919898,74.41870356269193,73.93687438964844,73.93687438964844,5711400,0.0,0.0
2017-08-18 00:00:00-04:00,73.86463203939522,74.50706914908696,73.76023149056064,74.25812530517578,6815000,0.0,0.0
2017-08-21 00:00:00-04:00,74.18582202776389,74.65159290775608,74.16976370942895,74.5712890625,4334300,0.0,0.0
2017-08-22 00:00:00-04:00,74.61143633461761,74.65158518969942,74.35445425350188,74.51506805419922,4731500,0.0,0.0
2017-08-23 00:00:00-04:00,74.28218223622137,74.41067327608377,74.10551011980557,74.23400115966797,3631900,0.0,0.0
2017-08-24 00:00:00-04:00,74.2340040407757,74.33839841962306,73.91278255544273,74.09748077392578,5173700,0.0,0.0
2017-08-25 00:00:00-04:00,74.40262585330004,74.57126571357236,74.20989545967292,74.29019927978516,4933000,0.0,0.0
2017-08-28 00:00:00-04:00,74.29827417821058,74.45085582540402,73.86463203939522,74.25812530517578,5386500,0.0,0.0
2017-08-29 00:00:00-04:00,74.26611003439363,74.43474989759059,74.07337351063522,74.13761901855469,3676300,0.0,0.0
2017-08-30 00:00:00-04:00,73.94489261889532,73.94489261889532,73.60761287426874,73.77625274658203,4709600,0.0,0.0
2017-08-31 00:00:00-04:00,73.7923237325941,74.19384905756274,73.75216874938114,74.09748077392578,5864400,0.0,0.0
2017-09-01 00:00:00-04:00,74.21792311325622,74.41065963772408,74.08943822373317,74.30625915527344,4960700,0.0,0.0
2017-09-05 00:00:00-04:00,74.0251914341413,74.47489772987048,73.91276486020901,74.4588394165039,6532100,0.0,0.0
2017-09-06 00:00:00-04:00,74.51505270347005,74.61142096403577,74.1697407615955,74.4588394165039,6747200,0.0,0.0
2017-09-07 00:00:00-04:00,74.47491784145055,74.97281146531066,74.14567025081968,74.65962219238281,7735400,0.0,0.0
2017-09-08 00:00:00-04:00,74.4909897829439,74.80417908739206,74.29022709410323,74.55522918701172,6070100,0.0,0.0
2017-09-11 00:00:00-04:00,74.7559748778062,75.63933540927907,74.60339943519786,75.47872161865234,10177300,0.0,0.0
2017-09-12 00:00:00-04:00,75.26190160593586,75.4706964729806,74.85234409317607,75.09326171875,5804000,0.0,0.0
2017-09-13 00:00:00-04:00,75.08524174210837,75.30206273905166,75.0450867557011,75.12539672851562,5369300,0.0,0.0
2017-09-14 00:00:00-04:00,74.86842074516505,75.2057005745394,74.82826575875781,75.12539672851562,5492300,0.0,0.0
2017-09-15 00:00:00-04:00,75.34218521866963,75.34218521866963,74.53913485133067,74.90050506591797,12428800,0.0,0.0
2017-09-18 00:00:00-04:00,74.82022701826145,75.08523520116579,74.57128327923685,74.80416870117188,6177700,0.0,0.0
2017-09-19 00:00:00-04:00,74.95673470664312,75.84812129908676,74.95673470664312,75.6232681274414,6587200,0.0,0.0
2017-09-20 00:00:00-04:00,75.62328666197443,76.02481203169093,75.35025235142686,75.80799102783203,5941500,0.0,0.0
2017-09-21 00:00:00-04:00,75.60723118028517,75.88829772427611,74.24204119594309,74.39462280273438,9376700,0.0,0.0
2017-09-22 00:00:00-04:00,74.32235231338491,74.68372271451283,73.94491746561637,74.07340240478516,6837700,0.0,0.0
2017-09-25 00:00:00-04:00,74.22595404856165,74.75596416470121,74.14565022815127,74.4588394165039,6436200,0.0,0.0
2017-09-26 00:00:00-04:00,74.53916607498529,74.56325661581064,74.04127243302915,74.40264892578125,4885200,0.0,0.0
2017-09-27 00:00:00-04:00,74.298249606191,74.298249606191,72.54759879888078,72.97322082519531,9631200,0.0,0.0
2017-09-28 00:00:00-04:00,72.96521303958674,73.17400801133851,72.78050861711542,72.98930358886719,4999800,0.0,0.0
2017-09-29 00:00:00-04:00,73.05351410417784,73.42291664517488,72.83668701105118,73.0615463256836,6634500,0.0,0.0
2017-10-02 00:00:00-04:00,73.28637919953296,74.2018561401569,73.27031476097427,73.69593048095703,7302400,0.0,0.0
2017-10-03 00:00:00-04:00,73.8485368485381,74.15369388910749,73.52731536400758,73.9770278930664,5909900,0.0,0.0
2017-10-04 00:00:00-04:00,73.97702975979533,74.52310445923975,73.8967197915435,74.21794128417969,6140700,0.0,0.0
2017-10-05 00:00:00-04:00,74.2741418888893,74.40263291469468,73.83246777295928,73.90473937988281,6912800,0.0,0.0
2017-10-06 00:00:00-04:00,73.8806522425693,74.16171871596028,73.78428396878256,74.14566040039062,5241900,0.0,0.0
2017-10-09 00:00:00-04:00,74.2018810942007,74.378553217032,73.8244463093866,73.9770278930664,5149000,0.0,0.0
2017-10-10 00:00:00-04:00,74.1777730734988,74.71581541038208,72.16211470672248,73.57548522949219,17125600,0.0,0.0
2017-10-11 00:00:00-04:00,73.14987530164404,73.66383331588645,73.13381698563168,73.44700622558594,7115400,0.0,0.0
2017-10-12 00:00:00-04:00,73.40688086847972,74.12962172937931,73.39081642053561,74.00113677978516,5984900,0.0,0.0
2017-10-13 00:00:00-04:00,74.44277995270595,75.09325503312724,74.3544439063128,74.7158203125,6956700,0.0,0.0
2017-10-16 00:00:00-04:00,74.6596178124969,74.9808392888271,74.45082293386376,74.79613494873047,4159100,0.0,0.0
2017-10-17 00:00:00-04:00,74.71583224464608,74.75598110055255,74.20188032543808,74.52310180664062,5316100,0.0,0.0
2017-10-18 00:00:00-04:00,74.50704803115292,74.64356518900443,73.88870164590186,74.49901580810547,7399700,0.0,0.0
2017-10-19 00:00:00-04:00,74.1915599566789,74.42619050223915,73.73848368812186,74.1025619506836,8585000,0.69,0.0
2017-10-20 00:00:00-04:00,72.58961530769028,72.78378998857156,70.86629572517579,71.40028381347656,19997800,0.0,0.0
2017-10-23 00:00:00-04:00,71.70771653912867,71.8938049520041,70.2837608681637,70.63166046142578,13358200,0.0,0.0
2017-10-24 00:00:00-04:00,70.68828540848001,70.7287351117424,70.21093199746366,70.37274932861328,11519000,0.0,0.0
2017-10-25 00:00:00-04:00,70.30803638526692,70.47793998725453,69.80641181794543,70.27567291259766,9024300,0.0,0.0
2017-10-26 00:00:00-04:00,70.5426935157925,71.01194861457684,70.46987413167022,70.79350280761719,6233800,0.0,0.0
2017-10-27 00:00:00-04:00,70.81774451841872,70.81774451841872,69.94394930743162,70.42130279541016,7433800,0.0,0.0
2017-10-30 00:00:00-04:00,70.31614169937845,70.45368185393497,69.7093403640619,69.79833221435547,5387100,0.0,0.0
2017-10-31 00:00:00-04:00,69.97631142357527,69.98440383445573,69.35333158519914,69.85494995117188,7119000,0.0,0.0
2017-11-01 00:00:00-04:00,69.84687333747317,70.50221673697266,69.66887730978151,70.2999496459961,4884100,0.0,0.0
2017-11-02 00:00:00-04:00,70.21094603001188,70.42130551619938,69.76596216898982,69.99250030517578,5021200,0.0,0.0
2017-11-03 00:00:00-04:00,70.21092919398076,70.51837902453873,69.95202764717918,70.04911804199219,5106500,0.0,0.0
2017-11-06 00:00:00-05:00,70.0248572933666,70.09767047066883,69.60413835995139,69.62032318115234,5186700,0.0,0.0
2017-11-07 00:00:00-05:00,69.61222330396014,70.38892797537824,69.11059883644634,70.37274932861328,6875100,0.0,0.0
2017-11-08 00:00:00-05:00,70.38084658747103,70.87437872254075,70.22712781468115,70.85820007324219,6910000,0.0,0.0
2017-11-09 00:00:00-05:00,70.6721122981181,71.33554803400088,70.63166258815392,71.02001190185547,5280000,0.0,0.0
2017-11-10 00:00:00-05:00,71.1899301756653,71.5135587856076,71.0200265443036,71.32747650146484,7227300,0.0,0.0
2017-11-13 00:00:00-05:00,71.74010885588359,72.33882404399482,71.70774537225299,72.0071029663086,6873500,0.0,0.0
2017-11-14 00:00:00-05:00,71.79673365322333,72.04754907410356,71.57828788427862,71.90191650390625,5035500,0.0,0.0
2017-11-15 00:00:00-05:00,71.78863603491871,71.95853964443656,71.19801343475535,71.38410186767578,6688100,0.0,0.0
2017-11-16 00:00:00-05:00,72.68670563167352,72.73525393547436,71.82100264843702,72.20935821533203,7205100,0.0,0.0
2017-11-17 00:00:00-05:00,71.96662651794233,72.07989559195288,71.26274101126268,71.54591369628906,5941800,0.0,0.0
2017-11-20 00:00:00-05:00,71.54591966763762,71.65109633865376,70.96338942542057,71.41646575927734,4926200,0.0,0.0
2017-11-21 00:00:00-05:00,71.34365042713446,72.17698987594616,71.214196522654,71.78054809570312,6196400,0.0,0.0
2017-11-22 00:00:00-05:00,71.6025440959647,71.93426505975785,71.24655207095766,71.46500396728516,6006900,0.0,0.0
2017-11-24 00:00:00-05:00,71.67535707984528,71.97471457028519,71.53781695154906,71.56208801269531,2196700,0.0,0.0
2017-11-27 00:00:00-05:00,71.4650053729027,72.08798525621694,71.31937283005371,71.97471618652344,6199700,0.0,0.0
2017-11-28 00:00:00-05:00,72.39543831387252,72.42779561573411,71.93426960357458,72.3307113647461,4841300,0.0,0.0
2017-11-29 00:00:00-05:00,72.33073713652804,72.66245206676474,72.03137951968202,72.3145523071289,5158900,0.0,0.0
2017-11-30 00:00:00-05:00,72.29024886276657,73.11550195685189,72.1769797985119,72.80805206298828,9789900,0.0,0.0
2017-12-01 00:00:00-05:00,72.96177408619056,73.24494673547996,72.10416372757103,73.10740661621094,7953200,0.0,0.0
2017-12-04 00:00:00-05:00,74.24008940504385,74.36145085265596,72.67858774994049,73.95691680908203,9003700,0.0,0.0
2017-12-05 00:00:00-05:00,74.04589095947023,74.30479243870026,73.68181287616798,73.94880676269531,8683000,0.0,0.0
2017-12-06 00:00:00-05:00,73.94073791953748,74.25627400501031,73.68183635779822,73.82746887207031,6737400,0.0,0.0
2017-12-07 00:00:00-05:00,73.66565979054276,73.68183843805193,72.72713774480316,72.89704132080078,7273600,0.0,0.0
2017-12-08 00:00:00-05:00,72.83233017245841,73.11550903320312,72.47634429579071,73.11550903320312,5883400,0.0,0.0
2017-12-11 00:00:00-05:00,73.00224304199219,73.08314864589357,72.61388750148289,73.00224304199219,4856000,0.0,0.0
2017-12-12 00:00:00-05:00,73.18021814057673,73.22876643128657,72.67050738337821,72.69477844238281,6558900,0.0,0.0
2017-12-13 00:00:00-05:00,72.8323151869894,73.95692564131409,72.79186548142113,73.52811431884766,7141000,0.0,0.0
2017-12-14 00:00:00-05:00,73.57667912578128,73.9731208964764,73.54431565044061,73.6252212524414,5853500,0.0,0.0
2017-12-15 00:00:00-05:00,74.08641231777234,74.65275787528559,74.0135991058222,74.3453140258789,15924000,0.0,0.0
2017-12-18 00:00:00-05:00,74.41810812170715,75.35662417990228,74.28056181359193,74.33719635009766,7405700,0.0,0.0
2017-12-19 00:00:00-05:00,74.43428613940904,74.5394627998248,74.09447892326445,74.17538452148438,5644400,0.0,0.0
2017-12-20 00:00:00-05:00,74.272483301821,74.41002345154422,73.90839880980391,74.05403137207031,6938500,0.0,0.0
2017-12-21 00:00:00-05:00,74.15921112377752,74.49901836399141,74.05402828320996,74.16729736328125,4860400,0.0,0.0
2017-12-22 00:00:00-05:00,74.33721498238121,74.78220514696206,74.20776722622328,74.53948211669922,4919400,0.0,0.0
2017-12-26 00:00:00-05:00,74.71744901662022,75.05725618818221,74.55563784140993,74.8226318359375,3431900,0.0,0.0
2017-12-27 00:00:00-05:00,74.83071860992834,75.04107807736935,74.37764237793297,74.51518249511719,4276700,0.0,0.0
2017-12-28 00:00:00-05:00,74.67700180425322,74.8711764555334,74.36146568116011,74.49091339111328,3005400,0.0,0.0
2017-12-29 00:00:00-05:00,74.62846144432756,74.80645746554599,74.33719635009766,74.33719635009766,4346700,0.0,0.0
2018-01-02 00:00:00-05:00,74.36953180918111,74.37762421783395,73.26111255901058,73.3420181274414,7558900,0.0,0.0
2018-01-03 00:00:00-05:00,73.40677672505022,73.69803566253464,73.23686693352333,73.2530517578125,5863600,0.0,0.0
2018-01-04 00:00:00-05:00,73.48767845214867,74.24819849067396,73.30968243056779,73.7708511352539,6322500,0.0,0.0
2018-01-05 00:00:00-05:00,73.84366803632854,73.86794527270267,73.27732264163562,73.81939697265625,5949700,0.0,0.0
2018-01-08 00:00:00-05:00,73.56857612627643,74.24819049251967,73.56857612627643,74.2077407836914,4860700,0.0,0.0
2018-01-09 00:00:00-05:00,74.00548717654333,74.15111973474477,73.63331645507341,73.66567993164062,6630100,0.0,0.0
2018-01-10 00:00:00-05:00,73.5524031651553,73.5524031651553,72.82424045022746,73.1964111328125,6564700,0.0,0.0
2018-01-11 00:00:00-05:00,73.13978235258898,73.23686660708377,72.75142681650433,72.93751525878906,5469700,0.0,0.0
2018-01-12 00:00:00-05:00,72.85661771005867,73.09124213282652,72.29026608118804,72.50062561035156,8111000,0.0,0.0
2018-01-16 00:00:00-05:00,72.92942892692825,73.43913982362682,72.52489470560174,72.99415588378906,9465300,0.0,0.0
2018-01-17 00:00:00-05:00,73.2692222407693,74.2158368296896,73.16404558542312,73.78702545166016,8345500,0.0,0.0
2018-01-18 00:00:00-05:00,73.56694045924692,73.90119041173483,73.10225590025317,73.51802825927734,7699800,0.69,0.0
2018-01-19 00:00:00-05:00,73.59952344399183,74.39845765997639,73.56691324948648,74.24356079101562,9364000,0.0,0.0
2018-01-22 00:00:00-05:00,74.08868827979624,74.93653495640153,73.99901177036372,74.91207885742188,8658000,0.0,0.0
2018-01-23 00:00:00-05:00,73.22451563979804,73.54245726197409,72.22992647514126,72.59678649902344,18756300,0.0,0.0
2018-01-24 00:00:00-05:00,72.60493453995532,72.68646313638911,71.4962128018494,71.9935073852539,15141900,0.0,0.0
2018-01-25 00:00:00-05:00,72.29515844171026,72.5967981247951,71.7489515899639,72.01797485351562,11264400,0.0,0.0
2018-01-26 00:00:00-05:00,71.87937536324307,71.87937536324307,71.11305755293047,71.52067565917969,11503100,0.0,0.0
2018-01-29 00:00:00-05:00,71.48807186507125,71.52882994749027,70.67283557957977,70.8114242553711,11685800,0.0,0.0
2018-01-30 00:00:00-05:00,70.77881765918481,71.2842664210228,70.62392076673649,70.88479614257812,9662900,0.0,0.0
2018-01-31 00:00:00-05:00,70.77064365053076,71.25979028495368,70.1755247822782,70.38748168945312,11798100,0.0,0.0
2018-02-01 00:00:00-05:00,70.23260283820643,70.51793427629748,69.75161022563107,69.98802947998047,8606300,0.0,0.0
2018-02-02 00:00:00-05:00,69.75162004159338,69.79238434695398,68.65105221421425,68.68366241455078,12846300,0.0,0.0
2018-02-05 00:00:00-05:00,68.47169623646126,68.78149001626957,65.30042747419684,66.08305358886719,17462200,0.0,0.0
2018-02-06 00:00:00-05:00,65.65097851151357,67.21623072115324,65.31673486142566,67.15916442871094,19955500,0.0,0.0
2018-02-07 00:00:00-05:00,67.09393958939707,67.98254403332528,66.70262348929246,66.71892547607422,11851800,0.0,0.0
2018-02-08 00:00:00-05:00,66.87383004884632,67.02872693004284,65.3411881045787,65.39825439453125,14596100,0.0,0.0
2018-02-09 00:00:00-05:00,66.01783353901948,66.05859161921792,64.0694132006699,65.15367889404297,18838800,0.0,0.0
2018-02-12 00:00:00-05:00,65.71621324764685,66.58036192740244,65.69175714837237,66.30318450927734,10769000,0.0,0.0
2018-02-13 00:00:00-05:00,66.15641814982875,66.71077900855128,65.96076320550273,66.4417495727539,9278700,0.0,0.0
2018-02-14 00:00:00-05:00,66.08306489576877,66.24611591823968,65.43902735146989,65.77327728271484,9412000,0.0,0.0
2018-02-15 00:00:00-05:00,66.00967454763169,67.1836166381836,65.62651254753443,67.1836166381836,8910700,0.0,0.0
2018-02-16 00:00:00-05:00,67.02058217355702,67.8684287566479,66.95536177029771,67.3385238647461,10371700,0.0,0.0
2018-02-20 00:00:00-05:00,67.00427327243277,67.02872936619283,66.0912063802477,66.31131744384766,7087700,0.0,0.0
2018-02-21 00:00:00-05:00,66.28686099538892,66.6944791419005,65.37380032784897,65.41455841064453,9134500,0.0,0.0
2018-02-22 00:00:00-05:00,65.6020759159326,66.2624154278564,65.35750250127029,65.9037094116211,10277700,0.0,0.0
2018-02-23 00:00:00-05:00,66.04227994548718,66.1319564164345,65.61020579624535,66.07489013671875,10321800,0.0,0.0
2018-02-26 00:00:00-05:00,66.40097150065553,66.5966326241509,66.07488206767773,66.54771423339844,9422200,0.0,0.0
2018-02-27 00:00:00-05:00,66.75969394109849,66.8493704233935,65.63467019015943,65.65912628173828,8919600,0.0,0.0
2018-02-28 00:00:00-05:00,65.77324971707921,65.86292618691458,63.99603474542239,64.01233673095703,16862000,0.0,0.0
2018-03-01 00:00:00-05:00,63.91452100020665,64.6319266359086,63.50690288951625,64.15908813476562,13504200,0.0,0.0
2018-03-02 00:00:00-05:00,63.97974862315496,64.94172772192016,63.93083021490624,64.81128692626953,9317700,0.0,0.0
2018-03-05 00:00:00-05:00,64.63193187376925,65.53684465041802,64.52595339551425,65.455322265625,8177000,0.0,0.0
2018-03-06 00:00:00-05:00,65.55314681959928,65.5612947034964,64.70530041239651,65.23519897460938,9085300,0.0,0.0
2018-03-07 00:00:00-05:00,64.83574448512599,64.92542097922167,64.32214783510854,64.53411102294922,9089500,0.0,0.0
2018-03-08 00:00:00-05:00,64.54223616656726,65.21072947443521,64.41994951591,65.19442749023438,7951700,0.0,0.0
2018-03-09 00:00:00-05:00,65.3656457764249,65.83033021148027,65.13738061110077,65.455322265625,7662200,0.0,0.0
2018-03-12 00:00:00-04:00,65.40642182412881,65.72436353574777,65.0232597050597,65.10478210449219,7182000,0.0,0.0
2018-03-13 00:00:00-04:00,65.21889624521249,65.37379311411763,64.69714557283147,64.99063110351562,9620200,0.0,0.0
2018-03-14 00:00:00-04:00,64.96617863707456,65.0884590985495,64.28953105803797,64.4036636352539,8898100,0.0,0.0
2018-03-15 00:00:00-04:00,64.47704133638165,64.5178056426709,64.02866506599928,64.1346435546875,6996900,0.0,0.0
2018-03-16 00:00:00-04:00,64.3465936019715,64.72160150810855,64.27321910959762,64.37920379638672,17715400,0.0,0.0
2018-03-19 00:00:00-04:00,64.37919366539487,64.86833406513259,63.80852468256949,64.12647247314453,8368200,0.0,0.0
2018-03-20 00:00:00-04:00,64.1917040463634,64.48518960977653,63.55582073222137,63.84115219116211,8465500,0.0,0.0
2018-03-21 00:00:00-04:00,63.62921493316602,63.78410564754131,62.675383446878335,62.805824279785156,9822800,0.0,0.0
2018-03-22 00:00:00-04:00,62.6345997124303,63.19710846973894,62.259591800971634,62.29220199584961,10481600,0.0,0.0
2018-03-23 00:00:00-04:00,62.60201128520694,62.91995302112192,61.80307678229184,61.884605407714844,11728300,0.0,0.0
2018-03-26 00:00:00-04:00,62.42263655560281,62.667209907308276,61.974254150729024,62.29220199584961,12937000,0.0,0.0
2018-03-27 00:00:00-04:00,62.39003303405617,63.94713735229652,62.20253216815081,63.417232513427734,11288200,0.0,0.0
2018-03-28 00:00:00-04:00,63.547671645002374,64.51780490175474,63.547671645002374,64.27323150634766,12857800,0.0,0.0
2018-03-29 00:00:00-04:00,64.75422181283939,65.61837033061013,64.55041273074178,64.6319351196289,10036400,0.0,0.0
2018-04-02 00:00:00-04:00,64.61563281615456,64.70530930942303,62.82210917054449,63.09929275512695,12017200,0.0,0.0
2018-04-03 00:00:00-04:00,63.22972979162865,64.24062735146504,62.91994221541028,63.963443756103516,11933100,0.0,0.0
2018-04-04 00:00:00-04:00,63.44167666407398,64.82757562505105,63.25416961370833,64.44441986083984,9030800,0.0,0.0
2018-04-05 00:00:00-04:00,64.47702887227139,64.66453593729096,64.00419659742305,64.24061584472656,7864700,0.0,0.0
2018-04-06 00:00:00-04:00,63.89006029371759,64.69714235305368,63.506898302184375,63.93897247314453,8300800,0.0,0.0
2018-04-09 00:00:00-04:00,64.24063818745614,64.2813962802821,63.23789456357293,63.71888732910156,9031200,0.0,0.0
2018-04-10 00:00:00-04:00,64.16725306012414,64.27323154766343,63.539523800490144,63.89007568359375,6779000,0.0,0.0
2018-04-11 00:00:00-04:00,63.743322358623644,64.1509404707115,63.62103568104552,63.808536529541016,7143500,0.0,0.0
2018-04-12 00:00:00-04:00,64.11018212436721,64.15909431203654,63.417232513427734,63.417232513427734,8282300,0.0,0.0
2018-04-13 00:00:00-04:00,63.63734818290801,63.94714197992411,63.360170806377624,63.89007568359375,6198500,0.0,0.0
2018-04-16 00:00:00-04:00,64.04494432634255,64.28951763775629,63.62102430228406,64.08570861816406,5962200,0.0,0.0
2018-04-17 00:00:00-04:00,64.34659055439121,64.35474465754847,63.66994304677972,63.93897247314453,6492400,0.0,0.0
2018-04-18 00:00:00-04:00,64.06128156275344,64.14280396358375,63.604744922534856,63.751487731933594,7349400,0.0,0.0
2018-04-19 00:00:00-04:00,62.029402792105024,62.30092178224093,61.05029228196869,61.66737747192383,16955600,0.717,0.0
2018-04-20 00:00:00-04:00,60.91863396694593,61.64267813104648,60.671797447861444,60.721168518066406,14085000,0.0,0.0
2018-04-23 00:00:00-04:00,60.5484066307146,60.869296761887064,59.865503669386705,60.06296920776367,13653400,0.0,0.0
2018-04-24 00:00:00-04:00,60.1123127748162,60.334466919616055,59.3635861395802,59.65155792236328,16551700,0.0,0.0
2018-04-25 00:00:00-04:00,59.57751727997273,59.857259534790565,59.19903286403191,59.48701095581055,14208800,0.0,0.0
2018-04-26 00:00:00-04:00,59.70915335488963,60.07117861823444,59.54459984099518,59.85725402832031,11204300,0.0,0.0
2018-04-27 00:00:00-04:00,59.67623499059262,60.1287665211958,59.412945630236266,59.906612396240234,8144800,0.0,0.0
2018-04-30 00:00:00-04:00,59.988914963207584,59.99713824657839,59.37182973535719,59.51992416381836,13076500,0.0,0.0
2018-05-01 00:00:00-04:00,59.28130215274878,59.5116795508729,58.96041845145972,59.20724868774414,8103800,0.0,0.0
2018-05-02 00:00:00-04:00,59.19079529044234,59.248389639429305,58.19523224234573,58.36801528930664,10830900,0.0,0.0
2018-05-03 00:00:00-04:00,58.261057146543564,59.0097900541792,58.20346279036498,58.71358871459961,9386500,0.0,0.0
2018-05-04 00:00:00-04:00,58.73003071836466,59.75028237858701,58.69711876700463,59.59395217895508,8107400,0.0,0.0
2018-05-07 00:00:00-04:00,59.79143461030544,60.24396622353312,59.14966706959319,59.22372055053711,6633600,0.0,0.0
2018-05-08 00:00:00-04:00,59.28131151751963,59.33890587614894,58.50789617822807,58.779415130615234,8084100,0.0,0.0
2018-05-09 00:00:00-04:00,59.05092076471671,59.69269446946798,59.02623836786349,59.544593811035156,7528400,0.0,0.0
2018-05-10 00:00:00-04:00,60.0135915704777,60.34269863835285,59.807896514398266,60.18637466430664,7618500,0.0,0.0
2018-05-11 00:00:00-04:00,60.58130036954702,60.968008045597465,60.10409265184962,60.36738204956055,7586200,0.0,0.0
2018-05-14 00:00:00-04:00,60.70472508078813,60.70472508078813,60.13700470665344,60.2933349609375,8646900,0.0,0.0
2018-05-15 00:00:00-04:00,60.31801380999115,60.40029685096544,59.7338406274989,60.021812438964844,11502800,0.0,0.0
2018-05-16 00:00:00-04:00,60.046513265951276,60.82815209482669,60.030054143500614,60.49903869628906,8325000,0.0,0.0
2018-05-17 00:00:00-04:00,60.49080364621883,60.88574094409117,60.39207402973729,60.85282897949219,8053600,0.0,0.0
2018-05-18 00:00:00-04:00,60.86929496711467,60.94334218782909,60.15347378029475,60.4332160949707,7042700,0.0,0.0
2018-05-21 00:00:00-04:00,60.680036899445284,61.091426980119486,60.40851793964483,60.935096740722656,6428400,0.0,0.0
2018-05-22 00:00:00-04:00,61.264211377490675,61.65914862544475,60.74586212453338,60.91041564941406,7744200,0.0,0.0
2018-05-23 00:00:00-04:00,60.902192324211036,61.1325760708676,60.655362011623296,61.03384017944336,6592500,0.0,0.0
2018-05-24 00:00:00-04:00,60.95156885853731,61.17371678746105,60.548401973825776,60.696502685546875,6508900,0.0,0.0
2018-05-25 00:00:00-04:00,60.803452445200776,61.395855139105706,60.68003417108489,61.14078903198242,7546500,0.0,0.0
2018-05-29 00:00:00-04:00,60.93511461126302,61.461693566771515,60.696507541217564,60.9268913269043,8905600,0.0,0.0
2018-05-30 00:00:00-04:00,61.15725276424935,61.72496682431535,60.92687531641797,61.61800765991211,8128600,0.0,0.0
2018-05-31 00:00:00-04:00,61.43701725349682,61.45347637847959,59.89842176540447,60.20284652709961,15526000,0.0,0.0
2018-06-01 00:00:00-04:00,60.334486467351475,60.671823157244006,59.94777868633322,60.4332160949707,7209300,0.0,0.0
2018-06-04 00:00:00-04:00,60.50726131314456,61.395865504016996,60.43320782524757,61.03384017944336,8743800,0.0,0.0
2018-06-05 00:00:00-04:00,61.116117155217886,61.198393926356324,60.55662632323513,60.86105728149414,6910100,0.0,0.0
2018-06-06 00:00:00-04:00,60.943332405497515,61.231304235356575,60.655360575638454,61.173709869384766,7002900,0.0,0.0
2018-06-07 00:00:00-04:00,61.03384125636803,62.852184916970735,60.968017327590424,62.33383560180664,13476100,0.0,0.0
2018-06-08 00:00:00-04:00,62.40787898330799,63.52686059458651,62.31737265612259,63.50217819213867,13625300,0.0,0.0
2018-06-11 00:00:00-04:00,63.329387198265735,63.92178989238012,63.25533372284434,63.79014205932617,9049400,0.0,0.0
2018-06-12 00:00:00-04:00,64.02873902007111,64.08633336868279,63.444565976348876,63.5515251159668,8786000,0.0,0.0
2018-06-13 00:00:00-04:00,63.68320822705569,63.68320822705569,62.69586791847045,62.91802215576172,8022400,0.0,0.0
2018-06-14 00:00:00-04:00,62.992051951029545,62.992051951029545,62.28446045608831,62.523067474365234,8895200,0.0,0.0
2018-06-15 00:00:00-04:00,62.662942412467274,63.773694415790196,62.46547064679432,63.66672897338867,14943500,0.0,0.0
2018-06-18 00:00:00-04:00,63.238893802321044,63.43635931493075,62.0294057676201,62.399654388427734,7384900,0.0,0.0
2018-06-19 00:00:00-04:00,62.19394883524555,63.09078246741714,62.1774959941819,62.80281066894531,8514000,0.0,0.0
2018-06-20 00:00:00-04:00,62.819272828504126,62.819272828504126,62.15282281356444,62.40788269042969,6603500,0.0,0.0
2018-06-21 00:00:00-04:00,62.14457767021517,63.39520689165903,62.14457767021517,62.893310546875,8691200,0.0,0.0
2018-06-22 00:00:00-04:00,63.181299229320345,63.872431659884874,63.16484010822188,63.70787811279297,11446400,0.0,0.0
2018-06-25 00:00:00-04:00,63.58446200601259,64.12750002930595,63.502185229629994,64.00408172607422,11300500,0.0,0.0
2018-06-26 00:00:00-04:00,64.00407390215193,64.43191685343089,63.65027815737099,64.1768569946289,9558500,0.0,0.0
2018-06-27 00:00:00-04:00,64.26736489949742,64.7610317868892,63.81483325762118,63.92179870605469,7873300,0.0,0.0
2018-06-28 00:00:00-04:00,64.06165683829683,64.44013491772674,63.897103335001646,64.21798706054688,5714400,0.0,0.0
2018-06-29 00:00:00-04:00,64.11926001312115,64.62115642772564,63.59268119735819,64.2262191772461,7679900,0.0,0.0
2018-07-02 00:00:00-04:00,63.76547178866977,64.43192180765558,63.69964785962255,64.28382110595703,6092800,0.0,0.0
2018-07-03 00:00:00-04:00,64.62115276048911,64.8021653951317,63.995838098264066,64.09457397460938,5897200,0.0,0.0
2018-07-05 00:00:00-04:00,64.2920722591806,65.20535918016708,64.27561941005072,65.17244720458984,7956100,0.0,0.0
2018-07-06 00:00:00-04:00,65.31228643738825,65.50975819423444,64.91735547832471,65.25469207763672,7244000,0.0,0.0
2018-07-09 00:00:00-04:00,64.55535064863551,64.85978166221282,63.9958597149874,64.06168365478516,9095900,0.0,0.0
2018-07-10 00:00:00-04:00,64.23445849440436,65.77305993259175,64.16863456310621,65.67432403564453,12773500,0.0,0.0
2018-07-11 00:00:00-04:00,65.51797271043407,65.69075576657193,65.02430593899535,65.13127136230469,7851600,0.0,0.0
2018-07-12 00:00:00-04:00,65.27937484259303,65.42747552239781,64.64583688178693,64.90912628173828,8556800,0.0,0.0
2018-07-13 00:00:00-04:00,65.06545615730214,65.38633991553418,64.91735547832471,65.25469207763672,6021300,0.0,0.0
2018-07-16 00:00:00-04:00,65.17240248685044,65.51796857732664,64.8597483493691,65.4356918334961,6931200,0.0,0.0
2018-07-17 00:00:00-04:00,65.5426746435079,66.2338070078702,65.45216831808214,65.84709930419922,8983400,0.0,0.0
2018-07-18 00:00:00-04:00,65.59204864501953,65.99520924743031,65.27116481981075,65.59204864501953,9105100,0.0,0.0
2018-07-19 00:00:00-04:00,65.10799833712629,65.74729237004581,64.66796823706431,65.3653793334961,8010600,0.717,0.0
2018-07-20 00:00:00-04:00,65.0249782174431,65.63935953971152,65.0249782174431,65.32386779785156,8234700,0.0,0.0
2018-07-23 00:00:00-04:00,65.16608499431423,65.53969994338077,64.95852324514901,65.18269348144531,5881600,0.0,0.0
2018-07-24 00:00:00-04:00,64.3773816436655,65.59784628752016,64.3773816436655,65.58123779296875,8297100,0.0,0.0
2018-07-25 00:00:00-04:00,65.35708124894758,66.08769673546466,65.35708124894758,65.97976684570312,6208400,0.0,0.0
2018-07-26 00:00:00-04:00,66.05446159865808,67.05905989569608,65.97974239519357,66.49449157714844,9771100,0.0,0.0
2018-07-27 00:00:00-04:00,66.14577832639289,67.10886790660075,65.97142721293085,66.90130615234375,7492900,0.0,0.0
2018-07-30 00:00:00-04:00,66.47790082020434,66.83490741130068,66.2869411548013,66.58583068847656,7090700,0.0,0.0
2018-07-31 00:00:00-04:00,66.7435940239395,67.23344332813123,65.94655720786946,67.1504135131836,9878200,0.0,0.0
2018-08-01 00:00:00-04:00,66.76851291417859,67.10061323318419,66.51113817573544,66.95947265625,7556700,0.0,0.0
2018-08-02 00:00:00-04:00,67.08398229386033,68.26293190308029,66.90962479209595,68.08027648925781,9261700,0.0,0.0
2018-08-03 00:00:00-04:00,68.19649906448039,68.99353555282485,68.01384368155674,68.354248046875,7102800,0.0,0.0
2018-08-06 00:00:00-04:00,68.24633736766032,68.85242078890649,68.20482879602872,68.51201629638672,5669200,0.0,0.0
2018-08-07 00:00:00-04:00,68.42070280199256,68.64486685067438,67.85613422150251,68.61165618896484,6418000,0.0,0.0
2018-08-08 00:00:00-04:00,68.16331064642193,68.74448763017558,68.16331064642193,68.3708724975586,4891300,0.0,0.0
2018-08-09 00:00:00-04:00,68.44558064389645,68.44558064389645,67.49909935025951,67.58212280273438,5167400,0.0,0.0
2018-08-10 00:00:00-04:00,67.49911814981883,67.88103120499868,67.25004138873905,67.60704803466797,5566000,0.0,0.0
2018-08-13 00:00:00-04:00,67.8311998287783,68.14669784719678,67.37456762813243,67.68175506591797,5068100,0.0,0.0
2018-08-14 00:00:00-04:00,67.57382944848862,67.84781258667027,67.44099316997548,67.50740814208984,6226900,0.0,0.0
2018-08-15 00:00:00-04:00,67.49912113009846,68.38748566022188,67.09229531341997,68.3293685913086,8753500,0.0,0.0
2018-08-16 00:00:00-04:00,68.46221402506656,69.7407960460247,68.33767562241283,69.4834213256836,12368000,0.0,0.0
2018-08-17 00:00:00-04:00,69.516631988677,69.90684302670547,69.40869575037685,69.4834213256836,8409300,0.0,0.0
2018-08-20 00:00:00-04:00,69.64944873652966,69.69926154988042,69.16790375985725,69.44188690185547,6795800,0.0,0.0
2018-08-21 00:00:00-04:00,69.38375464992406,69.74076118076836,68.98523322752081,69.6577377319336,8534500,0.0,0.0
2018-08-22 00:00:00-04:00,69.58303927441175,69.61624993372725,68.96035366438863,69.23433685302734,5132600,0.0,0.0
2018-08-23 00:00:00-04:00,68.91884125412277,69.40868419961343,68.77769437631838,69.10979461669922,4323200,0.0,0.0
2018-08-24 00:00:00-04:00,69.09317751224134,69.36716062637225,68.93542850696284,69.20941162109375,5356000,0.0,0.0
2018-08-27 00:00:00-04:00,69.32564593831675,69.59132480710421,68.92712446799362,69.27583312988281,3941500,0.0,0.0
2018-08-28 00:00:00-04:00,69.50832440658115,69.62455855434179,69.17622412685681,69.30906677246094,5405200,0.0,0.0
2018-08-29 00:00:00-04:00,69.33395315857366,69.54151498166364,69.15129774076902,69.31734466552734,4520400,0.0,0.0
2018-08-30 00:00:00-04:00,69.23433754795464,69.524922902025,69.06829058399603,69.25094604492188,4549700,0.0,0.0
2018-08-31 00:00:00-04:00,69.20108811322835,69.35053283076779,68.40405173111208,68.86898803710938,6674900,0.0,0.0
2018-09-04 00:00:00-04:00,68.47881176013946,68.87732698484885,68.1384072686768,68.66146087646484,5800700,0.0,0.0
2018-09-05 00:00:00-04:00,68.17159141089961,69.30072799887051,68.17159141089961,69.15128326416016,7651900,0.0,0.0
2018-09-06 00:00:00-04:00,68.8358230932749,69.16791702501563,68.48711433008998,68.61995697021484,7541100,0.0,0.0
2018-09-07 00:00:00-04:00,68.16331980815437,68.24634329291109,67.45761068629339,68.00557708740234,11110900,0.0,0.0
2018-09-10 00:00:00-04:00,68.56182046500264,68.9935462544651,68.36255656129634,68.39576721191406,6783000,0.0,0.0
2018-09-11 00:00:00-04:00,68.1882028844071,68.42897534180324,67.77307926840352,68.08857727050781,5210300,0.0,0.0
2018-09-12 00:00:00-04:00,67.9972629834533,69.05997863660072,67.83120970372093,69.00186157226562,5925200,0.0,0.0
2018-09-13 00:00:00-04:00,69.13468153241989,69.31733692984052,68.61993232254368,69.28412628173828,5328400,0.0,0.0
2018-09-14 00:00:00-04:00,69.30076566386681,69.46681264411033,68.88564187897175,69.41699981689453,5004100,0.0,0.0
2018-09-17 00:00:00-04:00,69.32567096110267,69.96495879246046,69.19282831161804,69.94835662841797,7098800,0.0,0.0
2018-09-18 00:00:00-04:00,69.98156386047499,69.98156386047499,69.39208888442538,69.74079132080078,6022800,0.0,0.0
2018-09-19 00:00:00-04:00,69.67436999931427,69.98156386047499,69.54983160509853,69.74079132080078,6157600,0.0,0.0
2018-09-20 00:00:00-04:00,69.9815317541715,71.10236411932318,69.93171895305278,70.8698959350586,10053000,0.0,0.0
2018-09-21 00:00:00-04:00,71.24351155014229,71.63372875499513,71.00273909748236,71.25181579589844,17402500,0.0,0.0
2018-09-24 00:00:00-04:00,71.09408761216218,71.16050892909044,69.93174623734473,69.96495056152344,6389400,0.0,0.0
2018-09-25 00:00:00-04:00,69.97326146218477,70.08119769602622,68.97696695068316,69.01017761230469,5657200,0.0,0.0
2018-09-26 00:00:00-04:00,69.11809956057218,69.73248089417737,68.93544410980934,69.12640380859375,6581000,0.0,0.0
2018-09-27 00:00:00-04:00,68.9437410417517,69.433583940194,68.75278136323129,68.79429626464844,6277600,0.0,0.0
2018-09-28 00:00:00-04:00,68.93544055500712,69.15130665243936,68.73618295276158,69.10149383544922,5125800,0.0,0.0
2018-10-01 00:00:00-04:00,69.16791490754933,69.50831941173406,69.05168076814125,69.46680450439453,4899900,0.0,0.0
2018-10-02 00:00:00-04:00,69.30904230275395,70.10607889212532,69.21771459971605,70.03965759277344,7390900,0.0,0.0
2018-10-03 00:00:00-04:00,70.1060919286776,70.1725069060959,68.78599527928675,68.93544006347656,7958700,0.0,0.0
2018-10-04 00:00:00-04:00,68.49540760171578,68.49540760171578,67.33306002404186,68.01386260986328,7029900,0.0,0.0
2018-10-05 00:00:00-04:00,68.06367058755781,68.45388146420063,68.06367058755781,68.2048110961914,5454600,0.0,0.0
2018-10-08 00:00:00-04:00,68.06365888916933,68.6946421137699,67.87269927232799,68.41236114501953,7192300,0.0,0.0
2018-10-09 00:00:00-04:00,68.40408693317569,68.67807011204204,68.13010375430935,68.246337890625,6268100,0.0,0.0
2018-10-10 00:00:00-04:00,67.92252096519832,68.644838304863,67.6153335571289,67.6153335571289,9295800,0.0,0.0
2018-10-11 00:00:00-04:00,67.78139561533487,68.05537877103954,65.31555988256255,65.48161315917969,12560300,0.0,0.0
2018-10-12 00:00:00-04:00,65.89673186683805,65.90502977932788,65.16611017353465,65.63935089111328,9878700,0.0,0.0
2018-10-15 00:00:00-04:00,65.59786718452551,66.86814504812754,65.52314160380888,66.52774047851562,9691500,0.0,0.0
2018-10-16 00:00:00-04:00,66.34507564496036,67.32476153843413,66.33677139700127,67.25834655761719,9462600,0.0,0.0
2018-10-17 00:00:00-04:00,67.05077945177722,68.22972919830238,66.73528139687278,67.96405029296875,10375300,0.0,0.0
2018-10-18 00:00:00-04:00,67.6013756039335,68.12905100277945,67.00669197944666,67.20771026611328,9869500,0.717,0.0
2018-10-19 00:00:00-04:00,71.07734202475592,73.50633564771927,71.07734202475592,73.12104797363281,30276400,0.0,0.0
2018-10-22 00:00:00-04:00,72.64360366574566,73.07076655508429,71.38722869421272,72.53471374511719,14124100,0.0,0.0
2018-10-23 00:00:00-04:00,72.04057689118676,73.1210606469894,72.04057689118676,73.00379943847656,16269500,0.0,0.0
2018-10-24 00:00:00-04:00,73.10431154360502,75.96884654724713,73.05405856151705,74.93024444580078,26703500,0.0,0.0
2018-10-25 00:00:00-04:00,73.79950337987289,74.82135655870661,73.12943383597172,74.54495239257812,14647000,0.0,0.0
2018-10-26 00:00:00-04:00,74.28529914232554,74.68733573298675,73.19643779462668,73.59010314941406,14335900,0.0,0.0
2018-10-29 00:00:00-04:00,73.95026033917479,74.89672755184094,73.23831552325734,73.90837860107422,12878900,0.0,0.0
2018-10-30 00:00:00-04:00,74.41930454543751,74.90510458644418,73.88325153131154,74.70408630371094,13844000,0.0,0.0
2018-10-31 00:00:00-04:00,74.35229596322239,74.81296951545201,73.09592051923903,74.27691650390625,13362400,0.0,0.0
2018-11-01 00:00:00-04:00,74.38580168320877,75.24014058212886,73.85812628582124,75.03911590576172,9732400,0.0,0.0
2018-11-02 00:00:00-04:00,75.28200400350688,75.34063459392785,74.52818395245329,75.22337341308594,11336000,0.0,0.0
2018-11-05 00:00:00-05:00,75.29040162648234,76.58865897525875,75.231771020488,76.38763427734375,12270100,0.0,0.0
2018-11-06 00:00:00-05:00,76.10285478345209,76.66403432355672,75.74269354020085,76.64728546142578,8857800,0.0,0.0
2018-11-07 00:00:00-05:00,76.71426864893539,76.73940152140598,75.90181803285638,76.46299743652344,9019800,0.0,0.0
2018-11-08 00:00:00-05:00,76.17822462515215,76.66402463891386,75.94370224340668,76.52163696289062,6614400,0.0,0.0
2018-11-09 00:00:00-05:00,76.51325723614151,77.61886728418466,76.36249193912401,77.4011001586914,10713500,0.0,0.0
2018-11-12 00:00:00-05:00,77.23357542843712,78.27217720149225,76.8482877769853,77.64398956298828,12522100,0.0,0.0
2018-11-13 00:00:00-05:00,77.03256502462844,78.37269751197361,76.71427916558314,78.2889404296875,13438700,0.0,0.0
2018-11-14 00:00:00-05:00,78.24706397949141,78.64910694798334,77.8869027500998,78.30569458007812,11623000,0.0,0.0
2018-11-15 00:00:00-05:00,78.17167756760568,78.64909995572576,77.66075106923527,78.59046936035156,12506000,0.0,0.0
2018-11-16 00:00:00-05:00,78.58209991455078,79.41130596122508,78.4564610855986,78.58209991455078,13013500,0.0,0.0
2018-11-19 00:00:00-05:00,78.49834483784322,78.89201019653306,77.8199040904667,78.13818359375,9458300,0.0,0.0
2018-11-20 00:00:00-05:00,78.09630149979255,78.55697508559251,76.94043830758957,77.1414566040039,12074000,0.0,0.0
2018-11-21 00:00:00-05:00,76.77292589567922,77.36760956271416,76.42113588102282,76.56352996826172,8911800,0.0,0.0
2018-11-23 00:00:00-05:00,76.42950902921415,77.04931914878206,75.91020485915355,76.67240905761719,4399600,0.0,0.0
2018-11-26 00:00:00-05:00,76.34574684513572,77.39272635099262,76.34574684513572,77.00743865966797,8171400,0.0,0.0
2018-11-27 00:00:00-05:00,76.99906710546357,77.77802017484912,76.93205887814398,77.66075897216797,9023400,0.0,0.0
2018-11-28 00:00:00-05:00,77.5853549370195,78.07953250987244,77.23357141141524,77.90364074707031,8093700,0.0,0.0
2018-11-29 00:00:00-05:00,77.77801857830408,78.14655743074061,77.61050440369993,77.74451446533203,6126900,0.0,0.0
2018-11-30 00:00:00-05:00,78.04605389063202,79.27730302257605,77.68589262339846,79.16004180908203,16291800,0.0,0.0
2018-12-03 00:00:00-05:00,79.29405159691228,79.29405159691228,77.27547809461416,78.16331481933594,13934700,0.0,0.0
2018-12-04 00:00:00-05:00,78.30571836312265,79.45321062627235,78.03769176614162,78.15495300292969,11123600,0.0,0.0
2018-12-06 00:00:00-05:00,77.64399821996733,78.42295123417243,76.28711685927547,78.35594940185547,14199200,0.0,0.0
2018-12-07 00:00:00-05:00,78.38944561750824,78.54858854549849,77.17495196041462,77.43460083007812,7996800,0.0,0.0
2018-12-10 00:00:00-05:00,78.10467194423185,78.23031076428447,76.53001705163918,77.92040252685547,9307600,0.0,0.0
2018-12-11 00:00:00-05:00,78.49832017695663,79.16838308761416,78.23029373464271,78.65746307373047,8743800,0.0,0.0
2018-12-12 00:00:00-05:00,78.90876092959995,79.19354271529515,77.97904249583364,78.75799560546875,9644000,0.0,0.0
2018-12-13 00:00:00-05:00,79.46156939824739,81.06972859851318,79.40293879376655,80.81845092773438,18541300,0.0,0.0
2018-12-14 00:00:00-05:00,80.78495645642728,81.16187300759196,80.42479516011831,80.94409942626953,12657300,0.0,0.0
2018-12-17 00:00:00-05:00,80.40804276540192,80.82683465480504,77.39274243975076,77.70264434814453,12427600,0.0,0.0
2018-12-18 00:00:00-05:00,78.00415446744272,78.15491976351495,76.94042616033971,77.46810150146484,12250600,0.0,0.0
2018-12-19 00:00:00-05:00,77.51836601609254,78.18842907300325,76.46300887339478,76.85667419433594,10825600,0.0,0.0
2018-12-20 00:00:00-05:00,76.64727981293487,77.25034104930914,75.49141031313219,76.20336151123047,14439200,0.0,0.0
2018-12-21 00:00:00-05:00,75.89345381566997,78.0376658802615,75.6840579065417,76.19498443603516,24030000,0.0,0.0
2018-12-24 00:00:00-05:00,75.75944881480403,75.93534702847772,72.76927503620605,73.17131805419922,7396300,0.0,0.0
2018-12-26 00:00:00-05:00,73.22156179869965,75.4579086303711,72.65200465603833,75.4579086303711,8630900,0.0,0.0
2018-12-27 00:00:00-05:00,75.0558742804707,77.09958051011974,73.87487822113066,77.07444763183594,11360100,0.0,0.0
2018-12-28 00:00:00-05:00,77.5267433037854,78.12980457526531,76.0860983530848,76.37088012695312,9611800,0.0,0.0
2018-12-31 00:00:00-05:00,76.747792098941,77.20846568985412,76.34575550165,76.99069213867188,7239500,0.0,0.0
2019-01-02 00:00:00-05:00,76.24523970468512,76.5467703341278,75.32389895483524,76.45463562011719,9843900,0.0,0.0
2019-01-03 00:00:00-05:00,76.16986439929104,77.47649293801219,75.70081317775133,75.91858673095703,9820200,0.0,0.0
2019-01-04 00:00:00-05:00,76.08608735251188,77.46810150146484,75.69242844800893,77.46810150146484,10565700,0.0,0.0
2019-01-07 00:00:00-05:00,76.98232656076436,77.47649791255895,76.55515705327181,77.15821838378906,9012500,0.0,0.0
2019-01-08 00:00:00-05:00,77.64401147584415,77.97066862883567,76.9069400724735,77.4429931640625,9551300,0.0,0.0
2019-01-09 00:00:00-05:00,77.63561488451124,77.86175961262758,76.0609538507574,76.17821502685547,15015600,0.0,0.0
2019-01-10 00:00:00-05:00,76.12798824828857,76.67241897615493,75.89346581542479,76.36251068115234,11102300,0.0,0.0
2019-01-11 00:00:00-05:00,76.78125607443043,77.04091123095681,76.31221149271026,76.8650131225586,7166600,0.0,0.0
2019-01-14 00:00:00-05:00,76.6389018928515,76.9823142473445,76.09447125709153,76.34574890136719,7952000,0.0,0.0
2019-01-15 00:00:00-05:00,76.34577080748932,77.5686424873175,76.3373931795414,77.06609344482422,7834500,0.0,0.0
2019-01-16 00:00:00-05:00,76.83992353334509,77.18333590285113,76.21173578544926,76.53002166748047,7964500,0.0,0.0
2019-01-17 00:00:00-05:00,76.57812965928117,77.29570538432138,76.27421417372099,76.51903533935547,8044500,0.717,0.0
2019-01-18 00:00:00-05:00,77.13532182692124,77.53209435436362,76.85673151635207,77.17752838134766,9100300,0.0,0.0
2019-01-22 00:00:00-05:00,77.15219981589435,77.45611533410403,75.20208060804764,76.35020446777344,13518500,0.0,0.0
2019-01-23 00:00:00-05:00,79.50753839253932,81.39012574593038,79.04322124864518,80.06471252441406,22869000,0.0,0.0
2019-01-24 00:00:00-05:00,79.60038942783265,79.82832280065706,78.67176172542649,79.60883331298828,12146400,0.0,0.0
2019-01-25 00:00:00-05:00,79.71017222263738,80.10695128399747,78.56204804368913,79.0179214477539,10618000,0.0,0.0
2019-01-28 00:00:00-05:00,78.78150883698687,79.33024545424519,78.48603725563162,78.95034790039062,9765600,0.0,0.0
2019-01-29 00:00:00-05:00,79.17830673901872,79.4568970572683,78.59580088100576,78.96725463867188,9769800,0.0,0.0
2019-01-30 00:00:00-05:00,79.02633711266837,79.91275837745329,78.99256800878345,79.79456329345703,7750200,0.0,0.0
2019-01-31 00:00:00-05:00,79.71858736290349,81.72780073108,79.42311575593605,81.4407730102539,16044400,0.0,0.0
2019-02-01 00:00:00-05:00,81.33947273839782,82.4031770563358,81.03555721898697,82.28498840332031,12720800,0.0,0.0
2019-02-04 00:00:00-05:00,82.06549324344228,82.91814548361623,81.65183295378897,82.75774383544922,11887500,0.0,0.0
2019-02-05 00:00:00-05:00,82.72396951400003,82.74929473247245,82.06548807052437,82.25965881347656,9772300,0.0,0.0
2019-02-06 00:00:00-05:00,82.09925322780585,83.00255580774464,81.98950847276953,82.66487121582031,8693900,0.0,0.0
2019-02-07 00:00:00-05:00,82.32719026670105,82.39472847623392,81.33102421888486,82.00639343261719,8732500,0.0,0.0
2019-02-08 00:00:00-05:00,81.89663620425493,82.49602323080872,81.63492729235887,82.48757934570312,7483200,0.0,0.0
2019-02-11 00:00:00-05:00,82.30184586100158,83.06163443911868,82.25119543605932,82.9603271484375,8494100,0.0,0.0
2019-02-12 00:00:00-05:00,83.05321224584642,83.86365146056959,82.71553407031054,83.7961196899414,11238800,0.0,0.0
2019-02-13 00:00:00-05:00,83.82145646740031,84.16757857729183,83.58507913561112,83.77924346923828,11587200,0.0,0.0
2019-02-14 00:00:00-05:00,83.3233586206541,83.42466593775728,82.5973389500772,83.1207504272461,7930100,0.0,0.0
2019-02-15 00:00:00-05:00,83.53439142720048,83.74544345853832,82.94344831577325,83.13761901855469,12069100,0.0,0.0
2019-02-19 00:00:00-05:00,83.20518849717328,84.42085080989165,83.12921282302827,84.41240692138672,10098200,0.0,0.0
2019-02-20 00:00:00-05:00,84.2351153807549,84.60656914777338,83.52598339731867,83.8130111694336,8947400,0.0,0.0
2019-02-21 00:00:00-05:00,83.66103791368555,84.30263799958527,83.23048989438986,84.23509979248047,7444800,0.0,0.0
2019-02-22 00:00:00-05:00,84.15914230249321,84.75852952810686,83.91432107950182,84.63189697265625,7925400,0.0,0.0
2019-02-25 00:00:00-05:00,84.72474084498516,84.8007164962248,83.85520737432098,84.05781555175781,7436100,0.0,0.0
2019-02-26 00:00:00-05:00,84.28575067775661,84.5727848390867,84.10846771375772,84.27731323242188,7115300,0.0,0.0
2019-02-27 00:00:00-05:00,83.8636442324751,84.10846539719665,83.424658777635,83.50064086914062,6013600,0.0,0.0
2019-02-28 00:00:00-05:00,83.50065473165937,83.74546949622652,82.79996022397033,83.19673919677734,10575400,0.0,0.0
2019-03-01 00:00:00-05:00,83.2473804414314,83.39089430571437,82.58889900220542,83.10386657714844,7733200,0.0,0.0
2019-03-04 00:00:00-05:00,83.21360811406767,83.47531061418945,82.63110235232783,83.46687316894531,6895300,0.0,0.0
2019-03-05 00:00:00-05:00,83.50062136591151,84.15065873084127,83.50062136591151,83.65257263183594,6274600,0.0,0.0
2019-03-06 00:00:00-05:00,83.4584380217467,83.66104622238497,83.07010295352396,83.51753234863281,4622300,0.0,0.0
2019-03-07 00:00:00-05:00,83.55130517387342,84.08315413951752,82.94347410410938,83.19673919677734,8408600,0.0,0.0
2019-03-08 00:00:00-05:00,83.42465902064491,83.7285745059571,82.52135645063306,83.07853698730469,5144500,0.0,0.0
2019-03-11 00:00:00-04:00,83.39935112130593,84.15069610467633,83.16297379271288,84.06627655029297,7544400,0.0,0.0
2019-03-12 00:00:00-04:00,84.23511097325083,84.85982336989527,84.19290441880658,84.46305084228516,7597500,0.0,0.0
2019-03-13 00:00:00-04:00,84.41237475522819,85.76310656531697,84.3870495401636,85.41698455810547,9883300,0.0,0.0
2019-03-14 00:00:00-04:00,85.21438992450497,85.92352182207668,85.02866306348427,85.53518676757812,8590200,0.0,0.0
2019-03-15 00:00:00-04:00,85.90663574800205,86.86058877873865,85.88131053031493,86.48069763183594,30802700,0.0,0.0
2019-03-18 00:00:00-04:00,86.15988252171341,86.35405323195295,85.43386299076101,85.69557189941406,8442800,0.0,0.0
2019-03-19 00:00:00-04:00,86.0332775662726,86.22744188336979,85.50986606130006,86.02483367919922,7334100,0.0,0.0
2019-03-20 00:00:00-04:00,85.88131528555502,86.37095121647897,85.30725336993537,85.87287139892578,7513800,0.0,0.0
2019-03-21 00:00:00-04:00,85.50142729131277,86.87749113068918,85.50142729131277,86.52291870117188,8221000,0.0,0.0
2019-03-22 00:00:00-04:00,86.51445502303002,87.08007294412673,83.58505167891832,85.82220458984375,11035900,0.0,0.0
2019-03-25 00:00:00-04:00,85.82222658121432,86.39628209363033,85.48454194271174,86.07548522949219,6955500,0.0,0.0
2019-03-26 00:00:00-04:00,86.48072375055442,87.35870139339455,86.44695463650673,86.9703598022461,6909400,0.0,0.0
2019-03-27 00:00:00-04:00,86.75086802588535,86.97035760043867,86.14303687001512,86.86905670166016,6037100,0.0,0.0
2019-03-28 00:00:00-04:00,87.21514814849343,87.5275075050039,87.04630908274574,87.41776275634766,6793700,0.0,0.0
2019-03-29 00:00:00-04:00,87.67948786396106,87.92430908102335,87.04633154284106,87.83988952636719,7535400,0.0,0.0
2019-04-01 00:00:00-04:00,87.99182244823797,87.99182244823797,87.07163217223093,87.49373626708984,6626500,0.0,0.0
2019-04-02 00:00:00-04:00,87.46841262390343,87.8145346386936,87.17294104035147,87.58660125732422,6088800,0.0,0.0
2019-04-03 00:00:00-04:00,87.44310915431916,87.70481170186207,86.74241462421499,87.53597259521484,5226500,0.0,0.0
2019-04-04 00:00:00-04:00,87.35868791079538,87.51908312676723,86.7761820547743,87.31647491455078,4786100,0.0,0.0
2019-04-05 00:00:00-04:00,87.46842053208606,87.5359587403749,87.0969668272955,87.50218963623047,4281800,0.0,0.0
2019-04-08 00:00:00-04:00,87.73856922250256,88.76006049663356,87.37555939443962,88.61654663085938,8468600,0.0,0.0
2019-04-09 00:00:00-04:00,88.26199495479831,88.43927795425516,87.91586640290691,88.3548583984375,5820300,0.0,0.0
2019-04-10 00:00:00-04:00,88.35484128608849,88.64186900843752,88.00026891504825,88.34639739990234,5394300,0.0,0.0
2019-04-11 00:00:00-04:00,88.28730278968509,88.68408170876344,88.11001982514331,88.43081665039062,5078400,0.0,0.0
2019-04-12 00:00:00-04:00,88.43084045560252,88.69254302978516,87.94119797936429,88.69254302978516,6707900,0.0,0.0
2019-04-15 00:00:00-04:00,88.62499953086322,89.30036237773396,88.46459787586194,89.2581558227539,5639200,0.0,0.0
2019-04-16 00:00:00-04:00,89.46920516575595,89.9081906806679,89.19061486010868,89.84065246582031,8136100,0.0,0.0
2019-04-17 00:00:00-04:00,90.34734148963409,90.55138645938328,89.56518856439483,89.99027252197266,6778100,0.746,0.0
2019-04-18 00:00:00-04:00,90.13479835230004,90.72141628182263,89.97327086115783,90.16030883789062,7248900,0.0,0.0
2019-04-22 00:00:00-04:00,90.22832826550837,91.13800777372568,89.89676326161486,90.12631225585938,9057200,0.0,0.0
2019-04-23 00:00:00-04:00,88.42598785619766,88.51100337082758,86.8276676415761,87.7033462524414,15979800,0.0,0.0
2019-04-24 00:00:00-04:00,87.83933572939365,88.97006044584536,87.38874783887549,88.15390014648438,10094800,0.0,0.0
2019-04-25 00:00:00-04:00,87.65233598788151,88.05191606083491,87.21874841018013,87.80536651611328,6085300,0.0,0.0
2019-04-26 00:00:00-04:00,88.37495540634693,90.01577980184038,88.34095439641617,89.998779296875,7747400,0.0,0.0
2019-04-29 00:00:00-04:00,89.75223807080846,89.90526857464151,89.02959654736739,89.08060455322266,4787600,0.0,0.0
2019-04-30 00:00:00-04:00,89.14861211602489,90.644909530224,88.97858111984472,90.52588653564453,8251300,0.0,0.0
2019-05-01 00:00:00-04:00,90.2453204604992,90.44935893260829,89.10609214483586,89.20811462402344,6733800,0.0,0.0
2019-05-02 00:00:00-04:00,89.4376676502757,89.91376612307668,89.31014764407323,89.74372863769531,6270300,0.0,0.0
2019-05-03 00:00:00-04:00,90.10931066450729,90.46638617848309,89.76074513353518,90.18582916259766,4793400,0.0,0.0
2019-05-06 00:00:00-04:00,89.36967969353614,89.96479481355445,89.3016646837431,89.84577178955078,4890400,0.0,0.0
2019-05-07 00:00:00-04:00,89.29315315583571,89.76074819827674,88.50249657533307,89.0125961303711,6021700,0.0,0.0
2019-05-08 00:00:00-04:00,89.25914106671355,89.92227110280959,88.55350652020496,89.32715606689453,5392600,0.0,0.0
2019-05-09 00:00:00-04:00,88.98707821709291,89.3016426952301,88.23042925669093,88.62150573730469,6901700,0.0,0.0
2019-05-10 00:00:00-04:00,88.40047223911444,90.24533525796129,88.34945774802279,90.12631225585938,5815800,0.0,0.0
2019-05-13 00:00:00-04:00,89.3866701646236,90.6194112689097,89.14012064651286,90.21133422851562,7575500,0.0,0.0
2019-05-14 00:00:00-04:00,89.92225984170578,90.54288528966738,89.75222884881398,89.7777328491211,7004000,0.0,0.0
2019-05-15 00:00:00-04:00,89.78624870647326,90.96798178269282,89.69272970162703,90.71292877197266,5535600,0.0,0.0
2019-05-16 00:00:00-04:00,90.74691926057876,92.39624705183755,90.61939277912548,91.91165161132812,9284200,0.0,0.0
2019-05-17 00:00:00-04:00,91.19750205988444,91.8181274419211,91.18900505152907,91.35053253173828,6370200,0.0,0.0
2019-05-20 00:00:00-04:00,91.34206179457841,91.92867336684718,91.08700877271006,91.24854278564453,6565300,0.0,0.0
2019-05-21 00:00:00-04:00,91.36754884703609,91.42706034292782,90.36435042609948,90.43236541748047,5226400,0.0,0.0
2019-05-22 00:00:00-04:00,90.19431708910255,91.01048405061728,90.06679708224108,90.72992706298828,4889700,0.0,0.0
2019-05-23 00:00:00-04:00,90.6959162823723,90.99347376472173,90.02428283005978,90.76393127441406,6175600,0.0,0.0
2019-05-24 00:00:00-04:00,91.09549848147839,91.34204796896175,90.57689550543866,90.70442199707031,4372100,0.0,0.0
2019-05-28 00:00:00-04:00,90.71292246615549,91.18051745788222,88.77454047548295,88.80854797363281,7615500,0.0,0.0
2019-05-29 00:00:00-04:00,88.3834685069467,89.10611004244143,88.16242300077472,88.57901000976562,7137300,0.0,0.0
2019-05-30 00:00:00-04:00,88.73203440285015,89.5822023828041,88.73203440285015,89.5481948852539,4729200,0.0,0.0
2019-05-31 00:00:00-04:00,89.1741203155502,89.1826238116396,87.06570732406871,87.49079132080078,10282300,0.0,0.0
2019-06-03 00:00:00-04:00,87.694833635801,88.38346766484135,87.05720761298073,88.24744415283203,8532900,0.0,0.0
2019-06-04 00:00:00-04:00,88.42600192460526,89.35268220815998,88.28997189054088,88.99561309814453,6906400,0.0,0.0
2019-06-05 00:00:00-04:00,89.47167132009255,90.75542671317359,89.1741138412371,90.7384262084961,6481700,0.0,0.0
2019-06-06 00:00:00-04:00,90.84044291427203,91.54608385979742,90.39835844029305,91.29103088378906,6681600,0.0,0.0
2019-06-07 00:00:00-04:00,91.59708357267425,92.99135834649321,91.59708357267425,92.4727554321289,8063400,0.0,0.0
2019-06-10 00:00:00-04:00,92.09019883181489,92.6853138459111,91.35905382234401,92.43026733398438,4767000,0.0,0.0
2019-06-11 00:00:00-04:00,92.61729405619626,93.17840150312101,92.55778256203354,92.99136352539062,8074400,0.0,0.0
2019-06-12 00:00:00-04:00,93.17839919684882,94.07958156849297,93.16139869305157,93.24641418457031,7687800,0.0,0.0
2019-06-13 00:00:00-04:00,93.50148063688074,94.32613815849666,93.39945814057752,94.2921371459961,8611400,0.0,0.0
2019-06-14 00:00:00-04:00,94.34311556393673,95.00624536627475,94.071062145381,94.53865051269531,6438100,0.0,0.0
2019-06-17 00:00:00-04:00,94.5046714189613,94.54717592424412,93.72251198381113,94.36013793945312,6020000,0.0,0.0
2019-06-18 00:00:00-04:00,94.75122292573464,94.84474192653128,93.03388638488838,93.17841339111328,7731200,0.0,0.0
2019-06-19 00:00:00-04:00,93.0933811788458,94.13909050631868,92.88934270748503,93.87553405761719,7028000,0.0,0.0
2019-06-20 00:00:00-04:00,94.18158900888947,95.23579527774952,93.94354305975324,94.99774932861328,7044200,0.0,0.0
2019-06-21 00:00:00-04:00,94.89572589464012,95.61836717959143,94.38562005936613,94.53865051269531,13799400,0.0,0.0
2019-06-24 00:00:00-04:00,95.06576410290302,95.64387847223024,94.70869517997711,95.49935150146484,5518100,0.0,0.0
2019-06-25 00:00:00-04:00,95.3123236285365,95.75440808184014,94.63218671516718,94.98075866699219,6805600,0.0,0.0
2019-06-26 00:00:00-04:00,94.7002237260524,94.74273472537368,93.22943655179294,93.28894805908203,7170300,0.0,0.0
2019-06-27 00:00:00-04:00,93.45047442911944,93.74803196187898,92.91487087015228,93.33145141601562,5613300,0.0,0.0
2019-06-28 00:00:00-04:00,95.09980270014981,95.18481821156892,92.68532196098676,93.22093200683594,12152000,0.0,0.0
2019-07-01 00:00:00-04:00,93.45046310305455,94.11359309176758,93.1869131040191,93.93505859375,6775900,0.0,0.0
2019-07-02 00:00:00-04:00,94.03709245837243,94.79374153558464,93.76503893045643,94.77674102783203,6578200,0.0,0.0
2019-07-03 00:00:00-04:00,95.18478639377912,97.14867194203643,95.08276392241898,96.98714447021484,6223300,0.0,0.0
2019-07-05 00:00:00-04:00,96.04347219852315,96.45154917307539,95.41434974576627,96.19650268554688,8694800,0.0,0.0
2019-07-08 00:00:00-04:00,96.35805247273285,97.11470807369454,96.32405145554334,96.96167755126953,5317800,0.0,0.0
2019-07-09 00:00:00-04:00,96.83412657581302,96.84263007109655,95.49085971673748,95.99246215820312,7537700,0.0,0.0
2019-07-10 00:00:00-04:00,96.4600697407284,97.34424532376802,96.40906173144825,96.70661926269531,5600700,0.0,0.0
2019-07-11 00:00:00-04:00,96.63009489626718,97.25921737994807,96.4430569044593,97.2422103881836,4625300,0.0,0.0
2019-07-12 00:00:00-04:00,96.9786503256189,97.94784119504915,96.9786503256189,97.76080322265625,7058600,0.0,0.0
2019-07-15 00:00:00-04:00,97.8288267053182,98.51746067595829,97.59078071478913,98.17739868164062,6240700,0.0,0.0
2019-07-16 00:00:00-04:00,98.38144345354992,99.06157397185353,98.15189445784371,98.52597045898438,7644300,0.0,0.0
2019-07-17 00:00:00-04:00,98.38994694103873,98.86603895243545,98.38994694103873,98.5684814453125,7861700,0.0,0.0
2019-07-18 00:00:00-04:00,98.34257341911857,99.06133615566647,98.22277962969392,98.77896881103516,5828700,0.746,0.0
2019-07-19 00:00:00-04:00,98.83031957550291,99.21537015734512,98.41104125976562,98.41104125976562,6547000,0.0,0.0
2019-07-22 00:00:00-04:00,98.43670269878751,98.78752551918777,98.04309358230985,98.6591796875,4018800,0.0,0.0
2019-07-23 00:00:00-04:00,99.01001851358112,99.30095101173988,97.40990609439106,97.41846466064453,8194600,0.0,0.0
2019-07-24 00:00:00-04:00,97.41846158204957,97.44413075172554,96.0750539667317,96.34886932373047,9635900,0.0,0.0
2019-07-25 00:00:00-04:00,95.39051790495925,96.67402860238282,95.30494530251262,96.49433135986328,7809400,0.0,0.0
2019-07-26 00:00:00-04:00,96.87082005710948,98.29979358796248,96.5884461656411,98.17144775390625,5559600,0.0,0.0
2019-07-29 00:00:00-04:00,98.17145302368615,99.43784652835065,98.07732838814414,99.2581558227539,7768700,0.0,0.0
2019-07-30 00:00:00-04:00,102.52684153332592,104.18685090898039,101.65405706950897,103.03169250488281,18788800,0.0,0.0
2019-07-31 00:00:00-04:00,102.38990913831881,103.26269336369678,100.1737110540613,101.00371551513672,12641800,0.0,0.0
2019-08-01 00:00:00-04:00,101.44868295252282,101.97064448925292,99.88280487060547,99.88280487060547,11308600,0.0,0.0
2019-08-02 00:00:00-04:00,99.69451754811116,100.18225116356184,98.99286556573875,99.6346206665039,12266100,0.0,0.0
2019-08-05 00:00:00-04:00,99.33514779592976,99.51484500170291,96.54565648431041,96.75957489013672,12974800,0.0,0.0
2019-08-06 00:00:00-04:00,97.24732770287928,98.40248601566951,96.84515997637853,97.7863998413086,9490600,0.0,0.0
2019-08-07 00:00:00-04:00,97.33288021143568,99.46350582726873,96.41730964332491,98.84741973876953,9507600,0.0,0.0
2019-08-08 00:00:00-04:00,98.84743489316595,100.53311333033372,98.69341334742796,100.4903335571289,7416600,0.0,0.0
2019-08-09 00:00:00-04:00,100.64432920211883,101.00371054026327,99.12978330408372,99.9255599975586,6939500,0.0,0.0
2019-08-12 00:00:00-04:00,99.92556104124509,100.68711001595489,98.90730737759586,99.28380584716797,4996200,0.0,0.0
2019-08-13 00:00:00-04:00,99.69456955000138,101.02941876681976,99.54910002313038,100.32776641845703,6722000,0.0,0.0
2019-08-14 00:00:00-04:00,99.65176819176918,100.91816826567963,98.9672330809111,99.0784683227539,10148300,0.0,0.0
2019-08-15 00:00:00-04:00,99.94269590782751,101.04650929267802,99.63465283773397,100.44754028320312,7758000,0.0,0.0
2019-08-16 00:00:00-04:00,101.02083772049068,102.2872377038751,100.62722859102222,101.97919464111328,8302400,0.0,0.0
2019-08-19 00:00:00-04:00,102.65519377017766,103.06591356611008,101.91931373016916,102.88622283935547,5867100,0.0,0.0
2019-08-20 00:00:00-04:00,102.72363486910734,102.9033255707137,101.64548413119665,101.73960876464844,6744300,0.0,0.0
2019-08-21 00:00:00-04:00,102.05619663994467,102.38135681547912,101.55135230380532,101.99629974365234,4037400,0.0,0.0
2019-08-22 00:00:00-04:00,101.89362151202383,102.50114903028654,101.56846134149451,102.1845474243164,4558400,0.0,0.0
2019-08-23 00:00:00-04:00,101.94493684575461,102.77494115741719,99.62606252198471,100.38761138916016,7336800,0.0,0.0
2019-08-26 00:00:00-04:00,100.75559139924515,102.33858664635999,100.3020853232457,102.0989990234375,5661500,0.0,0.0
2019-08-27 00:00:00-04:00,102.67227706805897,103.57929555536887,102.4925863890951,103.15145874023438,6996300,0.0,0.0
2019-08-28 00:00:00-04:00,103.07444127566157,103.9044457138201,102.36423061947731,103.87877655029297,4600300,0.0,0.0
2019-08-29 00:00:00-04:00,104.21249796455236,104.39218865343202,102.95465661412271,103.69053649902344,5011500,0.0,0.0
2019-08-30 00:00:00-04:00,104.35795918141937,104.39218691134032,102.26156131786928,102.87764739990234,6007100,0.0,0.0
2019-09-03 00:00:00-04:00,102.50115129432194,103.9985802399278,102.36424037143878,103.84455871582031,4959300,0.0,0.0
2019-09-04 00:00:00-04:00,104.26384211038729,105.48745579855914,103.93012987981973,105.42755889892578,5586900,0.0,0.0
2019-09-05 00:00:00-04:00,105.45320009206145,105.61578014576887,104.54618827300051,105.04248046875,7491900,0.0,0.0
2019-09-06 00:00:00-04:00,105.24785478779424,105.57300841175761,104.8542457077528,105.1366195678711,5306900,0.0,0.0
2019-09-09 00:00:00-04:00,104.99970796570018,105.05960485730697,104.20393124676917,104.53764343261719,7662400,0.0,0.0
2019-09-10 00:00:00-04:00,103.56217382491992,103.690526169411,102.32144972747288,102.5781478881836,9582200,0.0,0.0
2019-09-11 00:00:00-04:00,102.56104353419354,103.82743687200106,102.13320671201795,103.76753997802734,7565500,0.0,0.0
2019-09-12 00:00:00-04:00,104.94839448750994,105.42756973382201,104.06705150449747,105.05107116699219,6194300,0.0,0.0
2019-09-13 00:00:00-04:00,104.2381759400192,104.88848981778675,103.96436060121276,104.49488067626953,6777400,0.0,0.0
2019-09-16 00:00:00-04:00,104.22960456421828,104.35795691656824,101.8422743122877,102.4669189453125,9626700,0.0,0.0
2019-09-17 00:00:00-04:00,102.36423758369396,104.3836279433204,102.20166402753783,103.67342376708984,6377100,0.0,0.0
2019-09-18 00:00:00-04:00,103.7675440394434,104.35796096620135,103.33970720052245,103.88734436035156,5684200,0.0,0.0
2019-09-19 00:00:00-04:00,103.87022235369201,104.58899160403054,103.74187000238815,104.3066177368164,4525800,0.0,0.0
2019-09-20 00:00:00-04:00,104.50341718832496,104.90558483551031,104.1782635618825,104.59754180908203,15362000,0.0,0.0
2019-09-23 00:00:00-04:00,104.56332064443774,105.90672805525058,104.36651935469872,105.43611145019531,6060400,0.0,0.0
2019-09-24 00:00:00-04:00,105.84683629743026,106.7281857106536,105.55591036690261,105.76982879638672,7633200,0.0,0.0
2019-09-25 00:00:00-04:00,105.72704874925277,105.95808432258586,105.2050872281939,105.26498413085938,5812600,0.0,0.0
2019-09-26 00:00:00-04:00,105.79549748063015,106.95921425397519,105.70137284982486,106.3687973022461,6984800,0.0,0.0
2019-09-27 00:00:00-04:00,106.4543812913684,106.85654249626275,105.86396427643982,106.5912857055664,5589800,0.0,0.0
2019-09-30 00:00:00-04:00,106.59126813463216,107.26725111303686,106.21476963317335,106.4286880493164,5206900,0.0,0.0
2019-10-01 00:00:00-04:00,106.41158463530572,106.65117223304372,105.41899998379404,105.97518920898438,5415700,0.0,0.0
2019-10-02 00:00:00-04:00,105.41900466257621,105.80406177169283,102.86054194707604,103.60498046875,6755100,0.0,0.0
2019-10-03 00:00:00-04:00,104.10983423264793,104.85427282138559,103.39962338080004,104.16973114013672,5171000,0.0,0.0
2019-10-04 00:00:00-04:00,104.55478624547756,106.15489211216975,104.38364756436532,106.10355377197266,4377900,0.0,0.0
2019-10-07 00:00:00-04:00,105.70138657183325,106.00942967113622,104.97406512614081,105.11096954345703,4749700,0.0,0.0
2019-10-08 00:00:00-04:00,104.95693420915491,105.18796322478315,103.4338296114774,103.47661590576172,5545300,0.0,0.0
2019-10-09 00:00:00-04:00,104.2296068097364,104.72589910110335,103.904453167947,104.37507629394531,3775600,0.0,0.0
2019-10-10 00:00:00-04:00,103.81888177077795,104.55476160545568,103.36537579718457,104.3408432006836,3943400,0.0,0.0
2019-10-11 00:00:00-04:00,104.42641163483785,104.44352223516974,103.38248875125535,103.61351776123047,6292200,0.0,0.0
2019-10-14 00:00:00-04:00,104.06703256410471,104.06703256410471,102.32145751960033,102.72362518310547,7360200,0.0,0.0
2019-10-15 00:00:00-04:00,102.8434035498805,103.15999857754888,99.85709823301565,100.2849349975586,11113900,0.0,0.0
2019-10-16 00:00:00-04:00,100.68713848002551,100.7727045577709,99.69456022728731,100.56734466552734,7973100,0.0,0.0
2019-10-17 00:00:00-04:00,101.02029049729165,101.30446815931172,100.36582909200038,100.4347152709961,5956900,0.746,0.0
2019-10-18 00:00:00-04:00,100.365834111832,101.39919911816747,100.03859682284532,101.1580810546875,9016700,0.0,0.0
2019-10-21 00:00:00-04:00,101.11501493199073,102.57895626168539,101.05473542000163,102.54450988769531,6731600,0.0,0.0
2019-10-22 00:00:00-04:00,106.78130882019326,106.97076058058616,104.71457249677543,105.21403503417969,14410500,0.0,0.0
2019-10-23 00:00:00-04:00,105.05041321931876,106.54880078601825,104.92124097115867,105.920166015625,8249300,0.0,0.0
2019-10-24 00:00:00-04:00,106.57463617125637,108.3055219952277,106.21295255477894,107.46160888671875,6725600,0.0,0.0
2019-10-25 00:00:00-04:00,107.48742568286224,107.48742568286224,106.06654427905566,106.13543701171875,6093300,0.0,0.0
2019-10-28 00:00:00-04:00,106.33352661132812,106.88465546037504,105.57571951640803,106.33352661132812,5459500,0.0,0.0
2019-10-29 00:00:00-04:00,106.09240195781972,107.26355240417008,106.00628930705332,106.43685913085938,5659800,0.0,0.0
2019-10-30 00:00:00-04:00,106.77269561541142,107.78884059146873,106.35073905712557,107.59078216552734,4734500,0.0,0.0
2019-10-31 00:00:00-04:00,107.4616151764629,108.0299639156668,106.23018524321812,107.22049713134766,6399500,0.0,0.0
2019-11-01 00:00:00-04:00,107.49605047069771,107.76300162599358,106.13544841923962,106.66935729980469,6010200,0.0,0.0
2019-11-04 00:00:00-05:00,106.71243016633152,106.71243016633152,102.16561359645172,102.53590393066406,10351400,0.0,0.0
2019-11-05 00:00:00-05:00,102.32920109290114,102.98366233603133,101.82112540760603,102.38948059082031,9239600,0.0,0.0
2019-11-06 00:00:00-05:00,102.56173609926371,103.63816071527188,102.18283910201147,103.6123275756836,6756300,0.0,0.0
2019-11-07 00:00:00-05:00,103.62954415391924,103.62954415391924,102.31200151739296,103.00952911376953,8909700,0.0,0.0
2019-11-08 00:00:00-05:00,103.20757954133626,103.8448210044799,102.61339768609672,103.07840728759766,4249900,0.0,0.0
2019-11-11 00:00:00-05:00,102.88899132119273,103.33678114871456,102.55314073808185,102.75981903076172,3850400,0.0,0.0
2019-11-12 00:00:00-05:00,102.89758166940034,102.99230756269425,102.08811481303582,102.7081298828125,4759600,0.0,0.0
2019-11-13 00:00:00-05:00,103.25065248107094,104.24096446097192,103.22481934098236,103.8965072631836,7262800,0.0,0.0
2019-11-14 00:00:00-05:00,103.87065783971477,104.34428066369803,103.43147481713422,103.76731872558594,5188300,0.0,0.0
2019-11-15 00:00:00-05:00,104.18928328158798,104.18928328158798,103.31092373892253,103.80177307128906,7108600,0.0,0.0
2019-11-18 00:00:00-05:00,103.55204874187284,105.54127934296314,103.4831559892008,104.96431732177734,7493700,0.0,0.0
2019-11-19 00:00:00-05:00,104.99876867793458,105.73073614236054,104.30985425848964,104.55958557128906,5989000,0.0,0.0
2019-11-20 00:00:00-05:00,104.55956778571921,105.38626100644782,104.13761122482073,105.30876159667969,6480000,0.0,0.0
2019-11-21 00:00:00-05:00,104.86959037487073,105.52405837872544,103.57788084014335,103.62954711914062,7094200,0.0,0.0
2019-11-22 00:00:00-05:00,103.53482816661938,103.86205888472571,102.81146740820739,103.58649444580078,4414900,0.0,0.0
2019-11-25 00:00:00-05:00,103.71564517942979,104.1289884670082,103.35396159033229,103.77592468261719,5134300,0.0,0.0
2019-11-26 00:00:00-05:00,103.96538594086505,105.36042787656994,103.68982153393796,105.28292846679688,8235200,0.0,0.0
2019-11-27 00:00:00-05:00,105.42070465724743,105.43793112784479,104.16344167255406,104.85235595703125,3751400,0.0,0.0
2019-11-29 00:00:00-05:00,105.05043062757561,105.60155951241282,104.80931256170614,105.11071014404297,2927300,0.0,0.0
2019-12-02 00:00:00-05:00,105.00735125212914,105.73070526834516,104.16343166323755,105.67903900146484,6146200,0.0,0.0
2019-12-03 00:00:00-05:00,105.32599210237086,105.88573420806793,104.88681559618605,105.87712097167969,6396200,0.0,0.0
2019-12-04 00:00:00-05:00,105.704889190288,107.2807762841345,105.65322291507137,107.23771667480469,6857300,0.0,0.0
2019-12-05 00:00:00-05:00,107.013804349643,107.32381509980475,106.48851529128497,107.3152084350586,7029200,0.0,0.0
2019-12-06 00:00:00-05:00,107.40993188624645,108.02994680262296,106.68657129551445,106.94491577148438,7150900,0.0,0.0
2019-12-09 00:00:00-05:00,107.0482596842651,107.76300711644392,106.93631390343144,107.53050231933594,7452800,0.0,0.0
2019-12-10 00:00:00-05:00,107.45299221508218,107.53049819112505,106.88464352731908,107.01380920410156,4740100,0.0,0.0
2019-12-11 00:00:00-05:00,107.01381230148633,107.87495187815225,106.84158701414256,107.34966278076172,4823300,0.0,0.0
2019-12-12 00:00:00-05:00,107.45300192492336,108.29692165267775,106.67797494432729,107.27216339111328,5897800,0.0,0.0
2019-12-13 00:00:00-05:00,106.96216516367143,108.2797079004689,106.60048805356521,108.04720306396484,5471600,0.0,0.0
2019-12-16 00:00:00-05:00,108.04718778360798,108.80498827427556,107.94384866534584,108.12468719482422,8281900,0.0,0.0
2019-12-17 00:00:00-05:00,108.15051132978147,108.48636179368482,107.04825377329576,107.90939331054688,8832200,0.0,0.0
2019-12-18 00:00:00-05:00,107.9093944605605,108.39163707414232,106.51435260012933,106.7899169921875,8607600,0.0,0.0
2019-12-19 00:00:00-05:00,106.91910122380021,107.81468067090393,106.69520307703725,107.57356262207031,6629100,0.0,0.0
2019-12-20 00:00:00-05:00,108.63276999545216,109.02028021650453,107.66829120597899,107.95246887207031,16250500,0.0,0.0
2019-12-23 00:00:00-05:00,108.09023011971404,108.34857460480298,107.37548930825123,107.55632781982422,6619500,0.0,0.0
2019-12-24 00:00:00-05:00,107.46161886342063,107.90940859543038,107.28078032337972,107.8319091796875,2022100,0.0,0.0
2019-12-26 00:00:00-05:00,107.72857005538947,108.28831214788231,107.53051161295265,107.8319091796875,4760400,0.0,0.0
2019-12-27 00:00:00-05:00,108.12469747892025,108.76194558052016,107.97830530827207,108.58110046386719,5192000,0.0,0.0
2019-12-30 00:00:00-05:00,108.29692132217424,108.48637309129444,106.90187276135876,107.18605041503906,3884300,0.0,0.0
2019-12-31 00:00:00-05:00,107.15159119250569,107.63382722336699,106.73824133035802,107.55632781982422,4798900,0.0,0.0
2020-01-02 00:00:00-05:00,107.2118935215741,107.40995854497305,105.86851768104503,106.27325439453125,8130800,0.0,0.0
2020-01-03 00:00:00-05:00,105.19680990659087,106.376566877738,104.9384654152592,105.55848693847656,7970500,0.0,0.0
2020-01-06 00:00:00-05:00,105.54988199715264,106.08379092186978,105.38626336845448,105.70488739013672,6674400,0.0,0.0
2020-01-07 00:00:00-05:00,105.81683642117835,106.10101407869723,104.94709011661311,105.05042266845703,7583400,0.0,0.0
2020-01-08 00:00:00-05:00,105.22266553014163,106.2904769539124,105.05904687933108,105.49822998046875,5385100,0.0,0.0
2020-01-09 00:00:00-05:00,105.49822139699917,106.67797852429999,105.49822139699917,106.65214538574219,5944000,0.0,0.0
2020-01-10 00:00:00-05:00,106.69518314553666,107.05686015122298,106.17850077027437,106.75546264648438,3927100,0.0,0.0
2020-01-13 00:00:00-05:00,106.78130023629252,107.5563271165183,106.61768162547455,107.53910064697266,8409200,0.0,0.0
2020-01-14 00:00:00-05:00,107.34105716613006,107.81468002493725,107.19466500449734,107.37550354003906,7829700,0.0,0.0
2020-01-15 00:00:00-05:00,107.69412732438784,108.6069398616361,107.65107428195431,108.46915435791016,4843700,0.0,0.0
2020-01-16 00:00:00-05:00,108.5983272965546,109.17528931453148,108.15053097665128,108.56388092041016,6233700,0.0,0.0
2020-01-17 00:00:00-05:00,108.80500134401098,109.3647434710467,108.40026462800093,108.85667419433594,11315200,0.0,0.0
2020-01-21 00:00:00-05:00,108.85667147211002,109.03751001878857,107.50467585032274,108.58110046386719,8553100,0.0,0.0
2020-01-22 00:00:00-05:00,108.7877800620821,109.08917764359778,108.35721021135271,108.77055358886719,7396700,0.0,0.0
2020-01-23 00:00:00-05:00,107.6756109823808,109.62468675681563,107.11254332574246,108.27332305908203,11096500,0.746,0.0
2020-01-24 00:00:00-05:00,108.47256133325538,109.83258278773414,108.0827422255083,108.40325927734375,9508600,0.0,0.0
2020-01-27 00:00:00-05:00,108.06541709460231,109.4860761573458,108.06541709460231,108.87969970703125,9338400,0.0,0.0
2020-01-28 00:00:00-05:00,109.08758534273426,109.99715651117054,108.90567243084836,109.17420959472656,6200200,0.0,0.0
2020-01-29 00:00:00-05:00,109.07027661285487,109.20887411136657,108.3079672395139,108.33395385742188,5271000,0.0,0.0
2020-01-30 00:00:00-05:00,108.10006610481875,109.20020810386649,107.77954906762795,109.10491943359375,5894400,0.0,0.0
2020-01-31 00:00:00-05:00,109.1395554033933,109.97116009458712,107.8141852202717,107.95278930664062,6612900,0.0,0.0
2020-02-03 00:00:00-05:00,107.98744585368442,109.1049099644305,107.84017735213041,108.37725830078125,6052300,0.0,0.0
2020-02-04 00:00:00-05:00,108.89699228691417,110.31765096311925,108.59380414424952,108.85368347167969,6512200,0.0,0.0
2020-02-05 00:00:00-05:00,109.07026675975727,110.0664556042771,108.62847446820925,109.84989166259766,6125400,0.0,0.0
2020-02-06 00:00:00-05:00,109.92786552817944,110.95870546593451,109.66798613704364,110.1357650756836,9102700,0.0,0.0
2020-02-07 00:00:00-05:00,110.17908142887592,110.24837687261656,109.19155030874084,109.21753692626953,5915100,0.0,0.0
2020-02-10 00:00:00-05:00,109.54670905784207,109.8672260871309,108.94033263379004,109.29549407958984,5216100,0.0,0.0
2020-02-11 00:00:00-05:00,109.38213043069528,109.38213043069528,107.44171905021575,107.55433654785156,6105700,0.0,0.0
2020-02-12 00:00:00-05:00,107.13852703781914,107.3897420350099,106.41953307437741,106.93928527832031,6031700,0.0,0.0
2020-02-13 00:00:00-05:00,107.18185383108326,108.52454661610919,106.99993426187153,108.24734497070312,7159000,0.0,0.0
2020-02-14 00:00:00-05:00,108.53319223826387,109.2781727705191,108.10006432923208,109.2695083618164,5889100,0.0,0.0
2020-02-18 00:00:00-05:00,109.00096202224992,109.30415021131743,108.13470627691028,108.16935729980469,6767600,0.0,0.0
2020-02-19 00:00:00-05:00,108.15204493906533,109.55538183927415,107.97879640724057,108.66313934326172,4734000,0.0,0.0
2020-02-20 00:00:00-05:00,108.68912077673157,109.80659159800952,108.39459035587167,109.65066528320312,6094600,0.0,0.0
2020-02-21 00:00:00-05:00,109.26085020350904,110.94139531057967,109.13091711057245,109.7546157836914,8723900,0.0,0.0
2020-02-24 00:00:00-05:00,108.50719423340388,109.65930932766905,106.67072971260222,106.80933380126953,7533900,0.0,0.0
2020-02-25 00:00:00-05:00,106.56678909028905,107.38107168377944,104.71300214643396,105.18944549560547,8903200,0.0,0.0
2020-02-26 00:00:00-05:00,105.1807796330835,106.02104883236844,103.8207582657998,104.08930206298828,6894200,0.0,0.0
2020-02-27 00:00:00-05:00,103.18838202759382,103.88138262665161,98.25938494797768,98.32002258300781,13298900,0.0,0.0
2020-02-28 00:00:00-05:00,94.82036292345222,98.08615112304688,92.40350835027698,98.08615112304688,22784300,0.0,0.0
2020-03-02 00:00:00-05:00,98.0515039059652,103.76879131833758,97.49710067864473,103.56954956054688,12399800,0.0,0.0
2020-03-03 00:00:00-05:00,103.71680383247754,105.54459738428613,101.47319800379118,102.36544036865234,12510900,0.0,0.0
2020-03-04 00:00:00-05:00,103.84675697752006,108.01345243349104,103.60420637813876,107.84886169433594,9459300,0.0,0.0
2020-03-05 00:00:00-05:00,105.07681916936205,106.46282696908767,104.193234653345,105.36267852783203,9363500,0.0,0.0
2020-03-06 00:00:00-05:00,102.24416684880876,106.21161983724633,101.82836778280192,105.38867950439453,9817400,0.0,0.0
2020-03-09 00:00:00-04:00,99.85329299777496,103.97667203673537,99.7233599282017,100.53763580322266,13116500,0.0,0.0
2020-03-10 00:00:00-04:00,103.04978912422041,104.6610254401483,99.13431581810995,104.42713928222656,11419100,0.0,0.0
2020-03-11 00:00:00-04:00,101.87170489775141,102.59936337886138,95.87721492745683,96.6655044555664,16456000,0.0,0.0
2020-03-12 00:00:00-04:00,89.2243576969536,96.65683490486177,87.49184589701277,88.21949768066406,20988000,0.0,0.0
2020-03-13 00:00:00-04:00,92.25624810092819,99.29890578798164,91.31203239597475,98.81380462646484,17378700,0.0,0.0
2020-03-16 00:00:00-04:00,88.14152762417419,100.44235733696709,87.49183577436456,93.98875427246094,17367400,0.0,0.0
2020-03-17 00:00:00-04:00,96.5442086080378,103.69081913137596,95.95515438539024,102.42608642578125,19451400,0.0,0.0
2020-03-18 00:00:00-04:00,97.90423138857273,105.2500837641933,97.09861319910378,101.74174499511719,23139200,0.0,0.0
2020-03-19 00:00:00-04:00,101.01408300575767,102.21817796321398,95.10621908614236,96.00712585449219,16428100,0.0,0.0
2020-03-20 00:00:00-04:00,94.5864824702903,95.02826821442625,88.0029324381339,88.7305908203125,19922900,0.0,0.0
2020-03-23 00:00:00-04:00,86.79018362029264,89.87405261190027,81.72258114966806,84.6332015991211,17776800,0.0,0.0
2020-03-24 00:00:00-04:00,87.69108809499158,90.09061404179508,83.22120445674788,89.45824432373047,14625500,0.0,0.0
2020-03-25 00:00:00-04:00,87.06736209886571,90.69696898112734,85.41281054255757,87.42252349853516,13789100,0.0,0.0
2020-03-26 00:00:00-04:00,89.98665170486726,93.82416523061191,88.817207676134,93.01854705810547,15796000,0.0,0.0
2020-03-27 00:00:00-04:00,92.24758024078109,99.00437826716332,92.24758024078109,95.4354019165039,16073100,0.0,0.0
2020-03-30 00:00:00-04:00,98.66653524142609,100.30375814649034,95.46138487125788,99.61941528320312,14571600,0.0,0.0
2020-03-31 00:00:00-04:00,98.32003468600186,99.00437757072982,94.37856809683673,95.28813934326172,21691000,0.0,0.0
2020-04-01 00:00:00-04:00,93.51230364354026,97.1765682985585,92.68936334158683,94.7077407836914,11095800,0.0,0.0
2020-04-02 00:00:00-04:00,93.28709445863174,99.6107581885505,93.12250373250116,99.09967041015625,9168800,0.0,0.0
2020-04-03 00:00:00-04:00,98.52793447519394,100.39905020654285,97.89557143175264,99.688720703125,7768700,0.0,0.0
2020-04-06 00:00:00-04:00,101.35194654799842,103.08445845480182,99.25560872692834,102.0536117553711,16848400,0.0,0.0
2020-04-07 00:00:00-04:00,101.10071795990646,104.0026736925348,97.45378167861433,97.68766784667969,14438400,0.0,0.0
2020-04-08 00:00:00-04:00,99.09101377974167,101.61182166959006,96.89938736799502,99.7060546875,12564500,0.0,0.0
2020-04-09 00:00:00-04:00,99.84466528683991,102.78993691649761,98.92642946144133,99.32491302490234,12747300,0.0,0.0
2020-04-13 00:00:00-04:00,98.41530204674302,101.135344179466,98.0254896592468,100.44233703613281,7926700,0.0,0.0
2020-04-14 00:00:00-04:00,102.8765501928224,105.22410283530591,100.70224608279217,104.78231048583984,10474200,0.0,0.0
2020-04-15 00:00:00-04:00,104.69566237900412,106.91327481266359,103.59551396052004,105.00751495361328,14192900,0.0,0.0
2020-04-16 00:00:00-04:00,105.98640006108434,106.11633975809984,103.86407590952534,105.25008392333984,12020200,0.0,0.0
2020-04-17 00:00:00-04:00,106.07301765735347,108.27330813246314,104.41847255361392,108.01343536376953,15899800,0.0,0.0
2020-04-20 00:00:00-04:00,105.22408093441926,106.74869281691178,104.41846286907447,104.4704360961914,10832000,0.0,0.0
2020-04-21 00:00:00-04:00,103.51756612625334,104.21057339664283,102.59067270228651,103.67349243164062,9465400,0.0,0.0
2020-04-22 00:00:00-04:00,103.94204177926251,104.19325677896599,102.89387295160807,103.43095397949219,10259400,0.0,0.0
2020-04-23 00:00:00-04:00,103.46668771400675,104.3561581967734,102.94346939160978,104.12071228027344,17277000,0.791,0.0
2020-04-24 00:00:00-04:00,103.85911311749649,104.43465800313201,103.44054106710955,103.58006286621094,12751100,0.0,0.0
2020-04-27 00:00:00-04:00,103.93759954716553,103.93759954716553,101.94064348335698,102.42025756835938,10635700,0.0,0.0
2020-04-28 00:00:00-04:00,102.11505666231146,102.82140787278111,101.30406575627845,101.93193054199219,9958000,0.0,0.0
2020-04-29 00:00:00-04:00,102.48130041405504,102.9434834258147,100.35354472582118,102.09761047363281,8707900,0.0,0.0
2020-04-30 00:00:00-04:00,101.08604623523252,103.14404429062833,100.8593224847661,102.78651428222656,10026400,0.0,0.0
2020-05-01 00:00:00-04:00,102.55106470452972,103.22253374358148,101.43486368972886,101.87088012695312,7366400,0.0,0.0
2020-05-04 00:00:00-04:00,102.1063291343093,102.2022532856187,100.28378356559702,100.95524597167969,5636000,0.0,0.0
2020-05-05 00:00:00-04:00,100.98140941738708,102.25457661438834,100.46690656239427,101.16453552246094,5425200,0.0,0.0
2020-05-06 00:00:00-04:00,100.75468507600898,101.2779035010318,98.44379649131805,98.62692260742188,7892200,0.0,0.0
2020-05-07 00:00:00-04:00,99.46406719301149,99.53383141947046,97.51071542374005,97.81592559814453,8762800,0.0,0.0
2020-05-08 00:00:00-04:00,98.99316543032283,101.41742232294982,98.87980355581931,101.1122055053711,9279900,0.0,0.0
2020-05-11 00:00:00-04:00,100.93781191461218,101.1645423398755,100.21402298405684,100.55411529541016,6947500,0.0,0.0
2020-05-12 00:00:00-04:00,100.4581810780267,101.06860806134746,99.53382839135675,99.89136505126953,6734400,0.0,0.0
2020-05-13 00:00:00-04:00,99.65592764352837,100.5890026636982,99.17631349756431,99.34199523925781,9312600,0.0,0.0
2020-05-14 00:00:00-04:00,99.01060966308167,99.80415608957072,97.01365365685382,99.24605560302734,9310000,0.0,0.0
2020-05-15 00:00:00-04:00,99.35070482316377,100.10065362117932,97.71128542798799,99.94368743896484,10694800,0.0,0.0
2020-05-18 00:00:00-04:00,101.18196205666389,102.01911272426241,100.03087905708065,101.33892822265625,10020800,0.0,0.0
2020-05-19 00:00:00-04:00,100.36224246759113,100.84186312442367,97.9641524895918,98.05136108398438,8047600,0.0,0.0
2020-05-20 00:00:00-04:00,98.5397292238411,99.21119170800951,97.78105811700755,98.78389739990234,6593800,0.0,0.0
2020-05-21 00:00:00-04:00,98.36531039301119,98.71411821852996,97.17062296605265,97.33631134033203,6552700,0.0,0.0
2020-05-22 00:00:00-04:00,97.92058224971261,99.06294330267671,97.45840584364572,98.19091033935547,5571900,0.0,0.0
2020-05-26 00:00:00-04:00,99.54257540241584,99.54257540241584,97.38865267381948,97.69386291503906,10432400,0.0,0.0
2020-05-27 00:00:00-04:00,98.10369368138218,99.38558300997877,97.51071108900697,99.3158187866211,8279700,0.0,0.0
2020-05-28 00:00:00-04:00,100.74593835025098,102.01910531389561,100.19656013572401,101.20811462402344,6586700,0.0,0.0
2020-05-29 00:00:00-04:00,101.26917040791488,101.78367323851396,99.952405621517,101.08604431152344,7868000,0.0,0.0
2020-06-01 00:00:00-04:00,101.15582366487872,102.46387310882113,100.5105211353972,102.24586486816406,5105600,0.0,0.0
2020-06-02 00:00:00-04:00,102.0888835713989,103.02195843730044,101.87087536298188,102.95219421386719,6327900,0.0,0.0
2020-06-03 00:00:00-04:00,102.98707092315553,103.93759012159494,102.85626467435056,103.36204528808594,6171000,0.0,0.0
2020-06-04 00:00:00-04:00,102.89987079007655,103.62365961356005,100.78083081192032,101.19940948486328,6895800,0.0,0.0
2020-06-05 00:00:00-04:00,101.3738375860346,103.62368435242607,101.19943364496959,103.18766784667969,7337800,0.0,0.0
2020-06-08 00:00:00-04:00,102.41153266175193,103.87654801042841,101.88830766694578,103.81550598144531,6926700,0.0,0.0
2020-06-09 00:00:00-04:00,104.12073240895687,104.43466479370103,103.03069125445163,103.19637298583984,5563200,0.0,0.0
2020-06-10 00:00:00-04:00,103.77191028886821,104.54801900163918,102.99580157609724,103.97248077392578,6678200,0.0,0.0
2020-06-11 00:00:00-04:00,103.60623314156051,104.26898004950102,101.15582266966986,101.38255310058594,8937500,0.0,0.0
2020-06-12 00:00:00-04:00,101.67030627407611,102.94348008335295,100.51050764578173,100.8244400024414,7998500,0.0,0.0
2020-06-15 00:00:00-04:00,99.89136519496348,102.27201113939945,99.2024584480851,101.75751495361328,8786000,0.0,0.0
2020-06-16 00:00:00-04:00,103.36204381091807,103.74574036110724,101.96679270079663,103.01322937011719,8165200,0.0,0.0
2020-06-17 00:00:00-04:00,103.23997099192628,103.86783572309244,102.41154242629933,102.83883666992188,6320800,0.0,0.0
2020-06-18 00:00:00-04:00,102.42897564619405,104.60905772614815,102.35049588479531,104.01607513427734,6274400,0.0,0.0
2020-06-19 00:00:00-04:00,105.07123206212687,106.23103730332042,103.62366104820093,103.70214080810547,17506200,0.0,0.0
2020-06-22 00:00:00-04:00,103.58003150573249,103.84164394782916,102.32430242859776,102.68183898925781,5695600,0.0,0.0
2020-06-23 00:00:00-04:00,103.48413505269176,103.93759585314373,102.5946644873168,102.6644287109375,5340400,0.0,0.0
2020-06-24 00:00:00-04:00,102.21970084171919,102.86500334530484,101.39998776075684,101.5220718383789,6547800,0.0,0.0
2020-06-25 00:00:00-04:00,102.0191241601869,102.92603914835061,101.18197339874722,102.803955078125,5489300,0.0,0.0
2020-06-26 00:00:00-04:00,102.54234359642425,103.30973679202053,100.31866373493395,100.4843521118164,23201700,0.0,0.0
2020-06-29 00:00:00-04:00,101.60054684062594,102.94347819659394,101.46101839440887,102.60338592529297,6866900,0.0,0.0
2020-06-30 00:00:00-04:00,102.87370040330651,104.63520355939896,102.72545643856778,104.26895141601562,7818000,0.0,0.0
2020-07-01 00:00:00-04:00,104.33873055700242,104.9840329952469,103.68470592750147,104.62650299072266,6501200,0.0,0.0
2020-07-02 00:00:00-04:00,105.51599279044922,106.8850843316069,105.10613621676977,105.41134643554688,6150900,0.0,0.0
2020-07-06 00:00:00-04:00,106.18743746058797,106.74554460670352,105.41132875455529,106.06535339355469,6023300,0.0,0.0
2020-07-07 00:00:00-04:00,105.77759581263138,107.47805734468109,105.4200591221022,106.57986450195312,6866300,0.0,0.0
2020-07-08 00:00:00-04:00,106.5188134626266,107.46932607122545,106.38800720511853,107.16411590576172,6494100,0.0,0.0
2020-07-09 00:00:00-04:00,107.10309814876531,108.11465967282109,106.22234291186628,106.80661010742188,5341000,0.0,0.0
2020-07-10 00:00:00-04:00,106.8850649880164,108.56808863621109,106.79786303458776,108.03614807128906,6752600,0.0,0.0
2020-07-13 00:00:00-04:00,108.1320777623789,109.51860685633605,107.55653286467998,108.1756820678711,7681500,0.0,0.0
2020-07-14 00:00:00-04:00,108.12337605913545,109.57967630968653,107.69608172729156,109.08261108398438,6272100,0.0,0.0
2020-07-15 00:00:00-04:00,109.85870392151863,110.66097256540924,108.35880632019446,108.5680923461914,8145000,0.0,0.0
2020-07-16 00:00:00-04:00,109.07387294506776,109.45756288366145,108.05359608420017,108.7948226928711,3959300,0.0,0.0
2020-07-17 00:00:00-04:00,109.08258352901734,109.93717862991306,108.85585978339975,109.55348205566406,4868600,0.0,0.0
2020-07-20 00:00:00-04:00,109.41396465137359,109.73661255349582,108.8209820369672,109.21339416503906,4242100,0.0,0.0
2020-07-21 00:00:00-04:00,109.43139194218087,110.43423097202273,108.93433352260111,109.06513977050781,5162300,0.0,0.0
2020-07-22 00:00:00-04:00,109.44013704482956,110.22496804349683,108.31521372225372,109.99823760986328,5929200,0.0,0.0
2020-07-23 00:00:00-04:00,110.67481292717711,111.60499869427032,110.21849058081952,110.70991516113281,6664800,0.791,0.0
2020-07-24 00:00:00-04:00,111.4382616803825,112.12273848595667,109.97277860228739,110.5344009399414,6014200,0.0,0.0
2020-07-27 00:00:00-04:00,110.31501395740491,111.13112244036591,110.16583449263271,110.85031127929688,6464600,0.0,0.0
2020-07-28 00:00:00-04:00,110.89419464269112,112.72824783343845,110.82399017618857,112.21926879882812,7644400,0.0,0.0
2020-07-29 00:00:00-04:00,111.93847437371771,113.41274161055391,111.76296987627252,112.59662628173828,6702000,0.0,0.0
2020-07-30 00:00:00-04:00,114.65883746163763,115.86105729220688,113.77251768277904,115.32575988769531,10400700,0.0,0.0
2020-07-31 00:00:00-04:00,114.65882578947203,115.1414731362321,113.43905161682375,115.06248474121094,8487000,0.0,0.0
2020-08-03 00:00:00-04:00,114.4920899430562,115.76451409774349,114.4920899430562,115.21166229248047,7769400,0.0,0.0
2020-08-04 00:00:00-04:00,114.75531670440363,117.52831860206918,114.6938827944864,117.40546417236328,7773700,0.0,0.0
2020-08-05 00:00:00-04:00,117.2300136963623,118.1601995764319,116.81757076612243,117.098388671875,5680000,0.0,0.0
2020-08-06 00:00:00-04:00,116.5806334039161,117.03694236734745,115.9400226454067,116.45777893066406,3974100,0.0,0.0
2020-08-07 00:00:00-04:00,116.61574648693133,117.27389841910758,116.2296285442996,117.1949234008789,4934900,0.0,0.0
2020-08-10 00:00:00-04:00,117.32652892996748,117.97591021556062,116.87899051092343,117.67755126953125,5812700,0.0,0.0
2020-08-11 00:00:00-04:00,117.82673007575153,118.23917295357171,116.5279675119151,116.9140853881836,5329900,0.0,0.0
2020-08-12 00:00:00-04:00,117.38797212650834,119.31854828102989,117.3265381909356,118.87100982666016,5920400,0.0,0.0
2020-08-13 00:00:00-04:00,118.5375600814229,119.23080760399851,118.40592165223315,119.1518325805664,4989500,0.0,0.0
2020-08-14 00:00:00-04:00,119.00261497877696,119.02893997816072,118.07242929353225,118.5550765991211,5845200,0.0,0.0
2020-08-17 00:00:00-04:00,118.41465672735481,119.08157896696817,118.16894782906934,118.90607452392578,5603800,0.0,0.0
2020-08-18 00:00:00-04:00,119.17813939880907,120.67873156567246,118.83590095936782,119.79241180419922,8670700,0.0,0.0
2020-08-19 00:00:00-04:00,118.94122348545828,119.62571388402218,118.90612793713699,119.14306640625,6827700,0.0,0.0
2020-08-20 00:00:00-04:00,118.67795650121215,120.20486035332807,118.63407702945524,120.09078979492188,4352200,0.0,0.0
2020-08-21 00:00:00-04:00,119.8713936615862,121.18769733990464,119.26589182713836,120.6085205078125,5706600,0.0,0.0
2020-08-24 00:00:00-04:00,120.65237813564313,121.78439320243048,120.39788530542631,121.54745483398438,7420500,0.0,0.0
2020-08-25 00:00:00-04:00,121.97744034193032,122.10906531718267,120.92440036952233,122.03009033203125,4718300,0.0,0.0
2020-08-26 00:00:00-04:00,121.60014022310588,122.25829206222605,121.3193223444839,121.44217681884766,4746200,0.0,0.0
2020-08-27 00:00:00-04:00,121.83707922566725,122.58299008498692,121.25790232714623,121.28424072265625,6156100,0.0,0.0
2020-08-28 00:00:00-04:00,121.38074637240139,121.89848922996418,120.17851333908334,121.775634765625,4166300,0.0,0.0
2020-08-31 00:00:00-04:00,121.2666490282569,121.74051236967227,120.94196513488212,121.3895034790039,5596800,0.0,0.0
2020-09-01 00:00:00-04:00,120.97709191629949,121.29300535555384,120.28384449161774,121.25789642333984,5671800,0.0,0.0
2020-09-02 00:00:00-04:00,121.19647819045397,124.11867421179946,120.75771026034447,123.30255889892578,8384800,0.0,0.0
2020-09-03 00:00:00-04:00,123.50439290005117,124.34681976676336,120.30137920666625,121.32809448242188,7277900,0.0,0.0
2020-09-04 00:00:00-04:00,120.93321144400541,122.1442151828014,119.45017373840956,121.06484985351562,7437700,0.0,0.0
2020-09-08 00:00:00-04:00,121.5562573091349,121.6615573155657,118.50242322131128,119.2922134399414,6847500,0.0,0.0
2020-09-09 00:00:00-04:00,119.71338897026611,122.46884985096382,119.5817640038828,121.23152160644531,6002900,0.0,0.0
2020-09-10 00:00:00-04:00,121.20522843960165,121.73175522364957,119.79239540554318,119.9591293334961,5242500,0.0,0.0
2020-09-11 00:00:00-04:00,120.82788994227137,121.6791006232274,120.36279710300244,121.2227783203125,4398000,0.0,0.0
2020-09-14 00:00:00-04:00,121.48605993760077,122.48645022752636,121.3895304626898,121.65279388427734,4767400,0.0,0.0
2020-09-15 00:00:00-04:00,121.7931894376747,122.65318417420293,121.44218046898054,121.65279388427734,4046500,0.0,0.0
2020-09-16 00:00:00-04:00,122.47767861029165,123.004192058692,120.74893200493634,120.83667755126953,6049900,0.0,0.0
2020-09-17 00:00:00-04:00,120.27503863145424,120.99462431914786,119.51158687169357,120.6787109375,4648500,0.0,0.0
2020-09-18 00:00:00-04:00,120.14343725716154,121.03851418937403,119.57303091668763,120.5470962524414,10192800,0.0,0.0
2020-09-21 00:00:00-04:00,120.22241316325253,120.63485608984088,118.20407800146296,119.96793365478516,7092600,0.0,0.0
2020-09-22 00:00:00-04:00,119.77487110309404,122.00380623537754,119.55548714404458,121.06484985351562,4722800,0.0,0.0
2020-09-23 00:00:00-04:00,121.46846758657199,121.46846758657199,119.42380817582209,119.61686706542969,6373700,0.0,0.0
2020-09-24 00:00:00-04:00,119.93278438208979,120.35399770517847,119.0903577359124,120.15216827392578,5708200,0.0,0.0
2020-09-25 00:00:00-04:00,119.24832361920724,121.09115391252622,119.24832361920724,120.7664566040039,4969900,0.0,0.0
2020-09-28 00:00:00-04:00,121.59132031292098,122.80232362337134,120.90684367400456,121.10867309570312,5810800,0.0,0.0
2020-09-29 00:00:00-04:00,121.44215820572136,121.46848320404072,119.92402527873519,120.4505386352539,4492100,0.0,0.0
2020-09-30 00:00:00-04:00,121.2403479114089,122.72338553833549,120.93320502897868,121.96870422363281,8727800,0.0,0.0
2020-10-01 00:00:00-04:00,122.48641582440325,122.8462086198457,121.28419638465616,122.18805694580078,5713400,0.0,0.0
2020-10-02 00:00:00-04:00,121.03851201960906,122.08278181193833,120.1785306453932,121.20524597167969,6077900,0.0,0.0
2020-10-05 00:00:00-04:00,121.73176242195339,122.54786425634022,121.36319900737871,122.31970977783203,6333900,0.0,0.0
2020-10-06 00:00:00-04:00,122.34602242667854,123.53070094615988,121.81072512833886,122.51275634765625,6042900,0.0,0.0
2020-10-07 00:00:00-04:00,122.92521614788924,124.07478590044792,122.30215983986722,123.46928405761719,4640900,0.0,0.0
2020-10-08 00:00:00-04:00,123.34640685088237,124.54862638733256,123.17090240171268,124.30291748046875,4569800,0.0,0.0
2020-10-09 00:00:00-04:00,124.46965641351456,126.04922330000723,124.346801955128,125.41739654541016,6551700,0.0,0.0
2020-10-12 00:00:00-04:00,125.77716818898102,127.53223923596582,125.77716818898102,126.79511260986328,5791500,0.0,0.0
2020-10-13 00:00:00-04:00,126.20720006404972,127.10227690284738,125.89128665325845,126.5494384765625,4509400,0.0,0.0
2020-10-14 00:00:00-04:00,126.52312304839678,127.33046788149835,125.55784156643408,126.4002685546875,3860700,0.0,0.0
2020-10-15 00:00:00-04:00,125.54023624605247,126.70736015859065,125.39105680627198,126.2159423828125,4997100,0.0,0.0
2020-10-16 00:00:00-04:00,126.73371483354384,128.00613902740835,126.29494694668483,126.70738983154297,6806100,0.0,0.0
2020-10-19 00:00:00-04:00,126.77759448303968,127.58492578920827,123.84662820822764,124.5311050415039,6427600,0.0,0.0
2020-10-20 00:00:00-04:00,127.7779948845628,127.84819935895612,124.52233100901087,125.03130340576172,7582100,0.0,0.0
2020-10-21 00:00:00-04:00,125.0400631809217,126.66349614597857,125.02250871818063,125.70698547363281,5649700,0.0,0.0
2020-10-22 00:00:00-04:00,124.8519466309134,125.96377616526397,124.49015602131,124.81664276123047,4502900,0.791,0.0
2020-10-23 00:00:00-04:00,125.09020387603769,126.0785103920021,125.09020387603769,125.6373062133789,4278100,0.0,0.0
2020-10-26 00:00:00-04:00,124.86078226183628,125.3461095500969,123.5459889653635,124.6843032836914,5315500,0.0,0.0
2020-10-27 00:00:00-04:00,125.24900387302044,126.48436978782209,124.99309799207526,125.61961364746094,6806700,0.0,0.0
2020-10-28 00:00:00-04:00,123.93424138576032,124.36662629419519,121.16347989936997,121.47232818603516,8192200,0.0,0.0
2020-10-29 00:00:00-04:00,121.19876006757882,122.73414157150835,119.83102479545639,121.39289093017578,5476900,0.0,0.0
2020-10-30 00:00:00-04:00,121.04876074492199,121.76352275809276,118.84274005663156,120.97817993164062,6422000,0.0,0.0
2020-11-02 00:00:00-05:00,122.22236598851428,123.5371591726365,121.27819613065397,122.21354675292969,6682800,0.0,0.0
2020-11-03 00:00:00-05:00,122.93715306726156,125.88439409115702,122.93715306726156,124.61372375488281,6244200,0.0,0.0
2020-11-04 00:00:00-05:00,123.94307878780275,126.18439000050233,123.775419052366,124.1019058227539,5820600,0.0,0.0
2020-11-05 00:00:00-05:00,125.6902485604964,126.65207043841907,125.10785581323786,125.6373062133789,5673100,0.0,0.0
2020-11-06 00:00:00-05:00,125.89316743978247,127.12854691173953,125.63727500411916,126.38731384277344,4702300,0.0,0.0
2020-11-09 00:00:00-05:00,128.96393613375997,129.64339412872036,121.41935778463031,121.76349639892578,12664700,0.0,0.0
2020-11-10 00:00:00-05:00,121.86058705072395,124.08424618899542,121.0222884255421,123.7665786743164,7854000,0.0,0.0
2020-11-11 00:00:00-05:00,125.1696081331689,126.18437217395041,124.11070752515971,125.36373901367188,5554300,0.0,0.0
2020-11-12 00:00:00-05:00,125.55783987640827,125.78727459465298,124.4813144052921,125.4343032836914,5631700,0.0,0.0
2020-11-13 00:00:00-05:00,125.48730256198196,127.49035990480425,125.19610617871417,127.31388092041016,6466800,0.0,0.0
2020-11-16 00:00:00-05:00,127.75506119001723,127.75506119001723,124.64898048129385,125.681396484375,7976600,0.0,0.0
2020-11-17 00:00:00-05:00,125.20494045353009,126.59914748732123,125.08140380316809,125.19612121582031,6396800,0.0,0.0
2020-11-18 00:00:00-05:00,125.29313735325096,125.39020278777821,123.2371247597046,123.27241516113281,6097100,0.0,0.0
2020-11-19 00:00:00-05:00,123.42247507619695,123.64307720564722,122.16945659665771,123.1224594116211,5284100,0.0,0.0
2020-11-20 00:00:00-05:00,123.12241422588406,123.84599540788075,122.32825223711353,122.91946411132812,4726900,0.0,0.0
2020-11-23 00:00:00-05:00,122.93711491131222,123.49302291253181,121.6487930356445,122.44295501708984,4770600,0.0,0.0
2020-11-24 00:00:00-05:00,122.50473158172284,123.3959590133087,121.83410619934462,122.0458755493164,7101800,0.0,0.0
2020-11-25 00:00:00-05:00,121.91355567316874,122.99891430542404,121.80765750245966,122.37239837646484,8411300,0.0,0.0
2020-11-27 00:00:00-05:00,122.29294834683124,122.5576734978664,121.35759781572345,122.31060028076172,4252200,0.0,0.0
2020-11-30 00:00:00-05:00,121.77235571450296,122.83124307129765,120.66052600954104,122.54004669189453,11640400,0.0,0.0
2020-12-01 00:00:00-05:00,122.7959411176806,123.13124711271497,121.91353282588551,122.98123931884766,7169700,0.0,0.0
2020-12-02 00:00:00-05:00,122.98123143767091,123.48421059471237,121.32231311125466,122.09000396728516,6963000,0.0,0.0
2020-12-03 00:00:00-05:00,121.85176291174349,122.08119769453653,119.60161898005192,121.18995666503906,8742500,0.0,0.0
2020-12-04 00:00:00-05:00,121.07522046647277,121.64878034161237,119.8927833878568,121.30464172363281,6617200,0.0,0.0
2020-12-07 00:00:00-05:00,120.54578233378338,121.54290788850872,120.5016592317682,121.48995208740234,6918000,0.0,0.0
2020-12-08 00:00:00-05:00,120.90757267749537,122.46060622815939,120.38694161792934,121.81645202636719,6493500,0.0,0.0
2020-12-09 00:00:00-05:00,121.62234194545124,121.80764015495456,120.228135165954,120.36932373046875,6773400,0.0,0.0
2020-12-10 00:00:00-05:00,120.4663828922562,120.81934082062168,119.16040893544383,119.57514190673828,6800500,0.0,0.0
2020-12-11 00:00:00-05:00,118.64863135232774,120.71346363700104,118.41919656659778,120.45755767822266,6548000,0.0,0.0
2020-12-14 00:00:00-05:00,120.90759928827342,121.71058067635488,119.80458881974494,119.87518310546875,6485300,0.0,0.0
2020-12-15 00:00:00-05:00,120.35164105651319,121.36640499277121,120.21928522638532,120.58106231689453,5397000,0.0,0.0
2020-12-16 00:00:00-05:00,120.63405019975892,122.01060505714239,120.63405019975892,121.1281967163086,5382500,0.0,0.0
2020-12-17 00:00:00-05:00,121.7811675950932,122.76064137047389,121.72822525012383,121.99295043945312,7405300,0.0,0.0
2020-12-18 00:00:00-05:00,122.00177838446903,123.59894887045851,121.28702974739579,122.69005584716797,19988800,0.0,0.0
2020-12-21 00:00:00-05:00,121.73703187418677,122.1517513091069,120.20163687654879,121.34877014160156,6732400,0.0,0.0
2020-12-22 00:00:00-05:00,121.14582475604045,121.83411558994172,120.34284346803855,120.49285125732422,5023100,0.0,0.0
2020-12-23 00:00:00-05:00,121.23406458636846,121.37525313278668,120.12223507840702,120.30753326416016,6004200,0.0,0.0
2020-12-24 00:00:00-05:00,120.18401175353807,121.88706683055813,120.18401175353807,121.52527618408203,2588200,0.0,0.0
2020-12-28 00:00:00-05:00,121.90472297132702,122.99891430542404,121.72824397279125,122.37239837646484,3714700,0.0,0.0
2020-12-29 00:00:00-05:00,122.84887360563862,123.48420860192154,121.94881345015766,122.1429443359375,5139300,0.0,0.0
2020-12-30 00:00:00-05:00,122.30179748770573,122.58416114615048,121.37526606676447,121.56939697265625,3261400,0.0,0.0
2020-12-31 00:00:00-05:00,122.04585137391938,122.91060746546395,121.23403760938069,122.77825164794922,4076400,0.0,0.0
2021-01-04 00:00:00-05:00,123.2371535248937,123.41363250218674,120.3163840375726,121.613525390625,8330900,0.0,0.0
2021-01-05 00:00:00-05:00,121.76353513756106,122.58416845408611,120.24579167255258,122.3900375366211,6856400,0.0,0.0
2021-01-06 00:00:00-05:00,122.45179023225609,124.4548471607975,122.30178245332219,123.67833709716797,10578000,0.0,0.0
2021-01-07 00:00:00-05:00,123.31654664222036,123.65186606873642,121.80762268737877,122.52238464355469,7355400,0.0,0.0
2021-01-08 00:00:00-05:00,122.1870806152633,122.7076982903195,120.88993931335555,122.46944427490234,7448500,0.0,0.0
2021-01-11 00:00:00-05:00,122.4341615381567,123.04302546877187,121.41939729678688,121.63999938964844,7239900,0.0,0.0
2021-01-12 00:00:00-05:00,121.63995777402847,121.99291561605926,120.21928024346484,120.93402862548828,6333500,0.0,0.0
2021-01-13 00:00:00-05:00,120.97819439890894,121.83413160548207,120.97819439890894,121.11936950683594,6078800,0.0,0.0
2021-01-14 00:00:00-05:00,121.26935567698303,121.46348656328641,119.37218338249556,119.83103942871094,6172800,0.0,0.0
2021-01-15 00:00:00-05:00,119.34571745744509,120.18400261360293,118.82509981424494,118.93098449707031,7757600,0.0,0.0
2021-01-19 00:00:00-05:00,119.74282786374043,120.32522069114442,117.85447425794838,117.88977813720703,9184900,0.0,0.0
2021-01-20 00:00:00-05:00,116.94554981859147,118.0662119274189,115.82488770976403,116.41609954833984,12506600,0.0,0.0
2021-01-21 00:00:00-05:00,115.98201399186651,117.17158346003278,115.85773223199193,116.30159759521484,8761600,0.791,0.0
2021-01-22 00:00:00-05:00,116.31048025787324,116.70995636425303,115.39611871934119,115.40499114990234,7202800,0.0,0.0
2021-01-25 00:00:00-05:00,115.36060558446925,118.06818701846805,115.31621633885696,117.39351654052734,9640000,0.0,0.0
2021-01-26 00:00:00-05:00,117.4023807793138,118.4854132773419,116.67443513001508,118.1480712890625,5996700,0.0,0.0
2021-01-27 00:00:00-05:00,117.52668418388474,118.15697903405324,113.36322441884225,113.96688842773438,10826700,0.0,0.0
2021-01-28 00:00:00-05:00,113.48751606393657,116.86976865718317,113.13242911890282,115.72460174560547,8242000,0.0,0.0
2021-01-29 00:00:00-05:00,115.57365906427518,115.6624240046029,113.69167436270773,113.81595611572266,8344100,0.0,0.0
2021-02-01 00:00:00-05:00,114.51726194124166,115.10316746260568,113.80707466192428,114.49063110351562,6534200,0.0,0.0
2021-02-02 00:00:00-05:00,115.04989901905262,116.04415302419002,114.24206086703101,114.33082580566406,6825600,0.0,0.0
2021-02-03 00:00:00-05:00,114.47288513183594,114.69481783412554,113.4076108699853,114.47288513183594,7309400,0.0,0.0
2021-02-04 00:00:00-05:00,114.85461837228351,114.92563846370484,114.14443100376755,114.54390716552734,6613700,0.0,0.0
2021-02-05 00:00:00-05:00,114.62378761732924,115.49377348634646,114.54389510253051,115.02327728271484,5063700,0.0,0.0
2021-02-08 00:00:00-05:00,115.34284521008756,115.49377135173475,113.72718235378099,114.66817474365234,7011200,0.0,0.0
2021-02-09 00:00:00-05:00,114.92564204598744,115.3517490621,113.8337233452584,114.22432708740234,5917800,0.0,0.0
2021-02-10 00:00:00-05:00,114.29531761831988,114.65929042442058,113.59400961397843,113.82482147216797,8594100,0.0,0.0
2021-02-11 00:00:00-05:00,114.1089088597528,114.81022376374729,113.81596962164517,113.92249298095703,6139200,0.0,0.0
2021-02-12 00:00:00-05:00,113.6295334202685,113.74494274977117,112.3689574093709,113.29219818115234,8407300,0.0,0.0
2021-02-16 00:00:00-05:00,113.60291433567332,113.78045779087239,112.73293515036104,113.55852508544922,8246000,0.0,0.0
2021-02-17 00:00:00-05:00,112.91049604793902,114.95227983991107,112.83947595000885,114.03791809082031,8845200,0.0,0.0
2021-02-18 00:00:00-05:00,113.46084942815298,115.27182749535321,113.26554760628444,114.98774719238281,6936400,0.0,0.0
2021-02-19 00:00:00-05:00,114.82797781669974,114.90787033315327,112.75955677292298,112.84833526611328,8277900,0.0,0.0
2021-02-22 00:00:00-05:00,112.55538016023988,112.95485627992294,112.19140730967924,112.36895751953125,6975500,0.0,0.0
2021-02-23 00:00:00-05:00,113.43422679341802,115.34284236383691,112.91046893585874,113.20341491699219,10145300,0.0,0.0
2021-02-24 00:00:00-05:00,113.05251186927555,113.84259848325019,112.66191493717207,113.32771301269531,7263000,0.0,0.0
2021-02-25 00:00:00-05:00,113.17678896260198,114.50839183152415,112.11151479488181,112.36895751953125,7790800,0.0,0.0
2021-02-26 00:00:00-05:00,112.33344837021143,112.67966281611405,108.14335820427934,109.661376953125,17718800,0.0,0.0
2021-03-01 00:00:00-05:00,110.22065700702143,111.40133379824842,110.07861683111084,110.3360595703125,7740200,0.0,0.0
2021-03-02 00:00:00-05:00,109.96321443606702,110.84206601410123,109.57261072456365,109.9898452758789,10206500,0.0,0.0
2021-03-03 00:00:00-05:00,109.87442575572983,110.25615022763257,109.00445346255005,109.33291625976562,7537000,0.0,0.0
2021-03-04 00:00:00-05:00,109.27963591972248,110.76214440185956,107.89477834578335,108.43629455566406,10228100,0.0,0.0
2021-03-05 00:00:00-05:00,108.97783983941413,112.14703866801605,108.79141717571387,111.83633422851562,10490900,0.0,0.0
2021-03-08 00:00:00-05:00,111.64102724485315,114.42849464069003,111.25042352574995,113.01700592041016,9224700,0.0,0.0
2021-03-09 00:00:00-05:00,113.3188355712371,114.44625068327288,111.9073401072917,112.01387023925781,8859700,0.0,0.0
2021-03-10 00:00:00-05:00,111.98724505927059,114.00239105432354,111.38358782665075,113.04364013671875,9070900,0.0,0.0
2021-03-11 00:00:00-05:00,112.85719844094368,113.4963656115418,112.49323238553771,112.66190338134766,6941500,0.0,0.0
2021-03-12 00:00:00-05:00,113.3188361381072,114.35748630463954,113.3188361381072,113.75382232666016,6521900,0.0,0.0
2021-03-15 00:00:00-04:00,113.97574298647999,114.55276251791288,112.91046886538331,114.12665557861328,7172600,0.0,0.0
2021-03-16 00:00:00-04:00,114.08228085614368,115.38724622294407,114.08228085614368,114.4640121459961,6485200,0.0,0.0
2021-03-17 00:00:00-04:00,114.61491675097045,115.26295640045478,113.94024626285636,114.00238037109375,6192900,0.0,0.0
2021-03-18 00:00:00-04:00,113.81596664198817,114.55277125220168,112.77731650595025,114.25094604492188,6871300,0.0,0.0
2021-03-19 00:00:00-04:00,114.60605701661375,115.17420421315094,113.5407759434699,113.63842010498047,20262100,0.0,0.0
2021-03-22 00:00:00-04:00,113.63841461157202,116.19508364524596,113.63841461157202,115.56478881835938,8077600,0.0,0.0
2021-03-23 00:00:00-04:00,115.76897921883598,118.32563476343593,115.39613390078384,117.7131118774414,9503800,0.0,0.0
2021-03-24 00:00:00-04:00,116.23945482270427,118.19245956615323,115.95537450948521,117.67757415771484,8318000,0.0,0.0
2021-03-25 00:00:00-04:00,118.14808637956043,118.61858260978386,117.22485232752672,118.49430084228516,7517300,0.0,0.0
2021-03-26 00:00:00-04:00,118.26348265611865,120.3851584463595,117.60655707434167,120.24311828613281,10821200,0.0,0.0
2021-03-29 00:00:00-04:00,119.84362514957095,122.15173001517334,119.84362514957095,122.1250991821289,11176000,0.0,0.0
2021-03-30 00:00:00-04:00,121.2728891292334,121.61910355372643,119.96792394175314,120.24311828613281,8090600,0.0,0.0
2021-03-31 00:00:00-04:00,120.44730500812584,121.39718343897948,120.07445970823926,120.22537231445312,9202600,0.0,0.0
2021-04-01 00:00:00-04:00,119.88802415053311,120.26974181905369,118.36112638506195,119.2044677734375,9117800,0.0,0.0
2021-04-05 00:00:00-04:00,119.80816430530069,121.84106203969925,119.60397645207651,121.13087463378906,8279100,0.0,0.0
2021-04-06 00:00:00-04:00,120.73141222384388,121.6369016083186,120.4118285320116,121.17527770996094,6180600,0.0,0.0
2021-04-07 00:00:00-04:00,121.72562648192581,121.91205588479333,120.95330512510722,121.38829803466797,10244500,0.0,0.0
2021-04-08 00:00:00-04:00,121.53034616642398,122.17839943033306,121.25515177426695,121.84992980957031,6190300,0.0,0.0
2021-04-09 00:00:00-04:00,121.18411146653354,121.85879545934947,120.34077002120894,121.05982971191406,5855400,0.0,0.0
2021-04-12 00:00:00-04:00,121.17523519230454,121.6546037890035,120.4739339304182,121.54808044433594,6440900,0.0,0.0
2021-04-13 00:00:00-04:00,120.7491299727363,121.07758598722855,119.70160073450101,119.94129180908203,9161200,0.0,0.0
2021-04-14 00:00:00-04:00,120.30525403579837,120.54493154356591,119.47078510912768,120.37627410888672,7584000,0.0,0.0
2021-04-15 00:00:00-04:00,120.70473165719096,122.29376348282234,120.61595317825766,121.8321533203125,7945300,0.0,0.0
2021-04-16 00:00:00-04:00,122.16062516661171,122.4180611158231,121.51258553250376,121.8410415649414,7708500,0.0,0.0
2021-04-19 00:00:00-04:00,121.5658791712636,121.69016096316247,120.18989348157659,121.2729263305664,9149400,0.0,0.0
2021-04-20 00:00:00-04:00,119.70161981673272,123.03061037223462,118.53869461665562,122.28491973876953,10040500,0.0,0.0
2021-04-21 00:00:00-04:00,122.4092190216001,123.0128831057809,121.26405206679858,121.4859848022461,8465900,0.0,0.0
2021-04-22 00:00:00-04:00,120.94094581826165,121.31617650176881,119.7705805270552,120.27983093261719,7338300,0.87,0.0
2021-04-23 00:00:00-04:00,120.54785868424585,120.6818784236132,119.04693575632965,119.66339111328125,6708300,0.0,0.0
2021-04-26 00:00:00-04:00,119.26137347321847,119.50258449477946,117.1886545536854,117.26905822753906,9910600,0.0,0.0
2021-04-27 00:00:00-04:00,117.25119450933978,117.83190585951222,116.4024436604329,117.19757843017578,8296800,0.0,0.0
2021-04-28 00:00:00-04:00,117.67110322831621,117.79618015331411,116.92957087569927,117.39413452148438,6262800,0.0,0.0
2021-04-29 00:00:00-04:00,117.31371350511378,118.81465001556154,117.31371350511378,118.38580322265625,6786800,0.0,0.0
2021-04-30 00:00:00-04:00,118.60023864874512,119.4221746366421,118.16246261538578,119.19882202148438,9188600,0.0,0.0
2021-05-03 00:00:00-04:00,119.743780633564,121.21790216595831,119.743780633564,120.61038970947266,8070300,0.0,0.0
2021-05-04 00:00:00-04:00,120.59254279488958,121.35194715597012,119.90462654046733,120.1994400024414,9624000,0.0,0.0
2021-05-05 00:00:00-04:00,120.04754352829968,120.583595187498,119.15413318454249,119.23455047607422,8295900,0.0,0.0
2021-05-06 00:00:00-04:00,119.72593827611152,120.94097712250233,119.64553460148245,120.7354965209961,9771100,0.0,0.0
2021-05-07 00:00:00-04:00,120.68188364135011,121.53062083126214,120.39598575756087,120.74441528320312,6299100,0.0,0.0
2021-05-10 00:00:00-04:00,121.40555705943356,123.66588462246115,121.22687767890088,122.9958267211914,8852700,0.0,0.0
2021-05-11 00:00:00-04:00,123.72842908715518,123.99644134000457,121.92373600124675,122.38831329345703,10973700,0.0,0.0
2021-05-12 00:00:00-04:00,121.94160058822173,122.39723502262645,121.04819011360401,121.09284973144531,8853700,0.0,0.0
2021-05-13 00:00:00-04:00,121.40555395302351,123.7641571598488,120.95884869694022,123.04049682617188,8753600,0.0,0.0
2021-05-14 00:00:00-04:00,122.99578907092696,124.27337283376191,122.99578907092696,123.29954528808594,5989500,0.0,0.0
2021-05-17 00:00:00-04:00,123.26383900076513,124.24659593375023,122.9422106983665,123.0494155883789,7690700,0.0,0.0
2021-05-18 00:00:00-04:00,121.91478790793337,123.13875578078446,121.63781923564525,121.78971099853516,9239100,0.0,0.0
2021-05-19 00:00:00-04:00,121.5574371439143,122.24536708386529,121.13753309519801,122.03988647460938,9806800,0.0,0.0
2021-05-20 00:00:00-04:00,122.209601582195,123.92496153213712,122.14706994355252,123.29063415527344,8768200,0.0,0.0
2021-05-21 00:00:00-04:00,123.4693135072872,124.13044210533491,123.09408277835009,123.29063415527344,10161000,0.0,0.0
2021-05-24 00:00:00-04:00,123.29063611871108,124.00536717050912,123.04941149185254,123.2549057006836,6981300,0.0,0.0
2021-05-25 00:00:00-04:00,123.33531797926587,123.71947793742504,122.17388164302434,123.6748046875,8142400,0.0,0.0
2021-05-26 00:00:00-04:00,123.99641041779788,124.05895568277374,123.17447457185412,123.3978271484375,8122900,0.0,0.0
2021-05-27 00:00:00-04:00,123.39780611778211,123.540755014199,120.30661461882018,120.59249877929688,33095700,0.0,0.0
2021-05-28 00:00:00-04:00,120.74442215295858,121.61997424760665,120.28878771115274,120.47640991210938,10477100,0.0,0.0
2021-06-01 00:00:00-04:00,121.31618334210614,121.50380551061822,118.35899731563558,118.71636962890625,9993900,0.0,0.0
2021-06-02 00:00:00-04:00,118.82357571970752,119.38642859862975,118.39474257176487,119.23455047607422,8254100,0.0,0.0
2021-06-03 00:00:00-04:00,119.02907490424653,121.42342208894742,119.00227368032945,121.36981964111328,11249800,0.0,0.0
2021-06-04 00:00:00-04:00,121.23580721669109,122.05774327533746,120.96778132895874,121.45915985107422,6894400,0.0,0.0
2021-06-07 00:00:00-04:00,121.82546401507969,122.25429726508675,121.21793774790339,121.87906646728516,8418000,0.0,0.0
2021-06-08 00:00:00-04:00,122.11134030604207,122.17388558442725,120.38706458867695,120.46746826171875,6911500,0.0,0.0
2021-06-09 00:00:00-04:00,121.10178353275077,121.89691825058867,120.3781232834373,120.42278289794922,6200700,0.0,0.0
2021-06-10 00:00:00-04:00,120.62828401806514,121.81652156468277,120.27091165496863,121.31620025634766,6515500,0.0,0.0
2021-06-11 00:00:00-04:00,121.28045571573801,121.38766059600442,119.62764110571024,120.48532104492188,10641400,0.0,0.0
2021-06-14 00:00:00-04:00,120.59253805101444,120.63721129973747,119.68126921239981,120.5300064086914,6302000,0.0,0.0
2021-06-15 00:00:00-04:00,120.78908505740758,121.18218782013051,120.20837374216025,120.2977066040039,5543400,0.0,0.0
2021-06-16 00:00:00-04:00,120.7712088825765,121.1285812147554,118.5108817069421,118.62702941894531,8936400,0.0,0.0
2021-06-17 00:00:00-04:00,118.66278783950938,119.85995462448545,118.51089605971248,119.70807647705078,7875600,0.0,0.0
2021-06-18 00:00:00-04:00,119.12735103008366,119.13629385966284,117.87658180159316,117.95698547363281,13997600,0.0,0.0
2021-06-21 00:00:00-04:00,118.546653787049,119.05589073631876,118.28755708091003,118.88615417480469,8014800,0.0,0.0
2021-06-22 00:00:00-04:00,118.85929641648389,119.73484829707412,118.71636113376367,118.93077087402344,6550900,0.0,0.0
2021-06-23 00:00:00-04:00,118.77891175921944,119.1452133005546,118.21607246866846,118.76103973388672,5796000,0.0,0.0
2021-06-24 00:00:00-04:00,118.77893115773101,119.10055950444196,118.55557851785849,118.84147644042969,6056700,0.0,0.0
2021-06-25 00:00:00-04:00,119.05587575984138,121.0928505654094,118.77892069198043,120.5389404296875,24504900,0.0,0.0
2021-06-28 00:00:00-04:00,120.5210340897802,121.64673969976619,120.39595720337712,120.89627838134766,6065400,0.0,0.0
2021-06-29 00:00:00-04:00,121.06605758435947,121.35195550120521,119.55620522024296,120.07437133789062,5792300,0.0,0.0
2021-06-30 00:00:00-04:00,120.23518894931871,120.86950278192576,119.97609226540446,120.5478744506836,5776600,0.0,0.0
2021-07-01 00:00:00-04:00,120.99457326887706,121.62890070008397,120.53893883735338,120.82483673095703,5922300,0.0,0.0
2021-07-02 00:00:00-04:00,121.14644703356144,122.07558778490896,120.98562608422907,121.41445922851562,5572000,0.0,0.0
2021-07-06 00:00:00-04:00,121.07500830167378,121.77186747892702,120.93205933393877,121.48596954345703,6534400,0.0,0.0
2021-07-07 00:00:00-04:00,121.53062282570292,122.92434095114429,121.53062282570292,122.39723205566406,5532700,0.0,0.0
2021-07-08 00:00:00-04:00,122.38829158329999,122.7545794746735,121.40553472263836,122.37934875488281,7585200,0.0,0.0
2021-07-09 00:00:00-04:00,122.61165631330063,122.97794424093301,122.25428395024717,122.42403411865234,5948700,0.0,0.0
2021-07-12 00:00:00-04:00,122.30789255038339,122.8171430812212,121.88798852289473,122.5223159790039,6807300,0.0,0.0
2021-07-13 00:00:00-04:00,121.85223510345647,122.90646638808626,121.85223510345647,122.37041473388672,5603800,0.0,0.0
2021-07-14 00:00:00-04:00,122.40613418675645,123.49609578895141,121.83435216858521,123.27274322509766,5903600,0.0,0.0
2021-07-15 00:00:00-04:00,123.29955813298965,124.41632107626042,123.02260310423611,124.32698822021484,7357100,0.0,0.0
2021-07-16 00:00:00-04:00,124.45207731264372,125.77432094990796,124.28232714746466,125.53309631347656,9346300,0.0,0.0
2021-07-19 00:00:00-04:00,125.36335328136406,126.74812848895633,124.01429485900404,125.4705581665039,9544100,0.0,0.0
2021-07-20 00:00:00-04:00,125.47055675169233,126.84640274746243,124.75582571664421,124.80049896240234,8136300,0.0,0.0
2021-07-21 00:00:00-04:00,125.03278210070069,125.2561346995345,124.17511575530085,124.36272430419922,6954700,0.0,0.0
2021-07-22 00:00:00-04:00,123.4277471871226,124.36274549750587,122.9063221779136,123.88626098632812,6013800,0.87,0.0
2021-07-23 00:00:00-04:00,123.59855260035405,125.84612600087452,123.23894634351052,125.67530822753906,7906000,0.0,0.0
2021-07-26 00:00:00-04:00,125.52245164873234,126.60129765577125,125.1628454584506,126.11581420898438,5925800,0.0,0.0
2021-07-27 00:00:00-04:00,125.99897193831121,127.32054632734373,125.8641230080429,126.62830352783203,7075400,0.0,0.0
2021-07-28 00:00:00-04:00,126.46646278361654,126.46646278361654,124.70437285942285,124.74931335449219,8520000,0.0,0.0
2021-07-29 00:00:00-04:00,125.64835649306605,126.02594723242096,124.72235721648346,125.3966293334961,5430500,0.0,0.0
2021-07-30 00:00:00-04:00,127.66219981686878,129.94572890438843,127.2576392512105,127.86897277832031,14394300,0.0,0.0
2021-08-02 00:00:00-04:00,127.45540461603127,128.0487536070168,126.58334498185677,127.5542984008789,7009500,0.0,0.0
2021-08-03 00:00:00-04:00,127.53631499405404,129.649039633603,127.23064828138324,129.415283203125,8455700,0.0,0.0
2021-08-04 00:00:00-04:00,128.59712966966993,129.54111306549086,127.97681104999593,128.04872131347656,6628000,0.0,0.0
2021-08-05 00:00:00-04:00,128.8758594922166,129.05566261396825,127.18567996793345,128.11167907714844,5363300,0.0,0.0
2021-08-06 00:00:00-04:00,128.5881675500953,128.66907689970265,126.96092661241723,127.13174438476562,6030100,0.0,0.0
2021-08-09 00:00:00-04:00,127.61724742133062,128.19262580959537,127.39249002406935,127.82402038574219,4743800,0.0,0.0
2021-08-10 00:00:00-04:00,127.58129416794951,128.12070369852353,127.35653676735124,127.90494537353516,5253500,0.0,0.0
2021-08-11 00:00:00-04:00,128.32742102052117,128.77693557874593,128.084679318013,128.2195281982422,4205000,0.0,0.0
2021-08-12 00:00:00-04:00,128.69605374760457,128.69605374760457,127.97684119859261,128.51625061035156,4956100,0.0,0.0
2021-08-13 00:00:00-04:00,128.5162489450289,129.45124719558873,128.28250624143888,129.13658142089844,4888800,0.0,0.0
2021-08-16 00:00:00-04:00,129.16355438382948,130.08056822803388,128.90284188949008,130.03561401367188,6040800,0.0,0.0
2021-08-17 00:00:00-04:00,129.81981412877212,130.89866016931097,129.3613141642112,130.25135803222656,7577000,0.0,0.0
2021-08-18 00:00:00-04:00,130.08958386246374,130.25141632821402,128.72305499277522,128.83094787597656,7162000,0.0,0.0
2021-08-19 00:00:00-04:00,128.7050402080036,130.6109779686814,128.7050402080036,130.3502655029297,5787200,0.0,0.0
2021-08-20 00:00:00-04:00,130.58401828215204,131.24030589269148,130.1614733733952,130.44017028808594,5273800,0.0,0.0
2021-08-23 00:00:00-04:00,129.720964307758,130.66494805394896,129.66702473107884,129.77491760253906,4522200,0.0,0.0
2021-08-24 00:00:00-04:00,129.46924920100776,129.59511279768697,128.54324980013152,128.72305297851562,4560400,0.0,0.0
2021-08-25 00:00:00-04:00,128.62416166947432,128.6781012464735,127.8869508688804,128.26454162597656,3861500,0.0,0.0
2021-08-26 00:00:00-04:00,128.1656126967055,128.30047532033757,127.18567406823084,128.0397491455078,4749400,0.0,0.0
2021-08-27 00:00:00-04:00,128.0936749907429,128.35440113765267,127.33849376442582,127.94084167480469,4741200,0.0,0.0
2021-08-30 00:00:00-04:00,128.201608103216,128.55222904832246,127.70713915034763,128.49827575683594,3845800,0.0,0.0
2021-08-31 00:00:00-04:00,128.59715044758585,129.03767976163937,127.70712018271512,128.01278686523438,9642400,0.0,0.0
2021-09-01 00:00:00-04:00,127.95886147916978,129.63105678156046,127.86895304818405,129.31639099121094,6214200,0.0,0.0
2021-09-02 00:00:00-04:00,129.43326763272339,130.11652505835818,129.0826467051068,129.415283203125,5392500,0.0,0.0
2021-09-03 00:00:00-04:00,129.24446177979362,129.79287026325724,129.0287035030866,129.50518798828125,5466400,0.0,0.0
2021-09-07 00:00:00-04:00,129.74790905985168,129.9097277415556,128.82189630374285,129.01968383789062,6520600,0.0,0.0
2021-09-08 00:00:00-04:00,128.63315079629155,130.30534632278489,128.57021214254658,129.9996795654297,6897800,0.0,0.0
2021-09-09 00:00:00-04:00,129.97267154656038,130.25136843265088,129.14555252461014,129.45123291015625,6354700,0.0,0.0
2021-09-10 00:00:00-04:00,129.51419452564454,129.87381457580491,128.8489214395268,129.57713317871094,5750000,0.0,0.0
2021-09-13 00:00:00-04:00,130.2243988120844,132.36407920495895,130.2243988120844,130.9705810546875,9952500,0.0,0.0
2021-09-14 00:00:00-04:00,131.37513521793926,131.58190808316445,130.31427367833462,130.7458038330078,5831800,0.0,0.0
2021-09-15 00:00:00-04:00,130.67394975817103,131.05154052062477,130.12554118739487,130.4671630859375,6237100,0.0,0.0
2021-09-16 00:00:00-04:00,130.21543076678466,130.53009658211627,128.39940103597857,129.55914306640625,6142100,0.0,0.0
2021-09-17 00:00:00-04:00,129.792869442621,131.51001888042393,129.66700587597103,129.76589965820312,18737400,0.0,0.0
2021-09-20 00:00:00-04:00,129.65800614185042,130.22439898801395,127.63519022623605,128.46229553222656,10238700,0.0,0.0
2021-09-21 00:00:00-04:00,128.54323225049376,129.9367306994009,128.45333753262634,128.6601104736328,6651300,0.0,0.0
2021-09-22 00:00:00-04:00,129.2984040038695,129.77488844829455,128.43532981658902,129.10061645507812,6332500,0.0,0.0
2021-09-23 00:00:00-04:00,129.5141642767016,130.08055714960523,129.00172468729752,129.63104248046875,5171200,0.0,0.0
2021-09-24 00:00:00-04:00,129.28042139673698,129.86478497851357,128.64210453154035,129.0556640625,5009400,0.0,0.0
2021-09-27 00:00:00-04:00,128.69603593639732,128.71402036306364,127.2306275383993,127.35649108886719,5749700,0.0,0.0
2021-09-28 00:00:00-04:00,126.80812139858948,127.09580372259981,125.46856242394429,126.39456176757812,7015300,0.0,0.0
2021-09-29 00:00:00-04:00,126.10686659190704,128.27351717156503,126.02594351449584,127.68016815185547,5460000,0.0,0.0
2021-09-30 00:00:00-04:00,128.23755886150087,128.32746729280322,125.44157675244453,125.68431854248047,6934900,0.0,0.0
2021-10-01 00:00:00-04:00,125.80120149695915,126.07091311233337,124.35377705459283,125.4865493774414,5587200,0.0,0.0
2021-10-04 00:00:00-04:00,125.31569872415551,126.22371341592617,123.7064422470374,124.77627563476562,5816000,0.0,0.0
2021-10-05 00:00:00-04:00,124.78526485408541,126.33159628892518,124.71334086663963,125.26174926757812,6902700,0.0,0.0
2021-10-06 00:00:00-04:00,124.9560905642156,126.99687725075263,124.62344038634004,126.93395233154297,5332900,0.0,0.0
2021-10-07 00:00:00-04:00,127.43742151887986,128.58817809017373,127.43742151887986,127.94987487792969,5334600,0.0,0.0
2021-10-08 00:00:00-04:00,127.92285722695941,128.2195385054085,126.79907074105982,127.41940307617188,6131800,0.0,0.0
2021-10-11 00:00:00-04:00,127.99481537488458,128.35443537722668,127.45540594852206,127.94987487792969,5995600,0.0,0.0
2021-10-12 00:00:00-04:00,128.2015842903323,128.59714566105214,127.39244968554064,127.76105499267578,6734800,0.0,0.0
2021-10-13 00:00:00-04:00,128.02178565717753,128.3454368014914,126.79011972486398,128.05775451660156,5689800,0.0,0.0
2021-10-14 00:00:00-04:00,128.408371021354,129.7389306940805,128.39038659226173,129.50518798828125,6777800,0.0,0.0
2021-10-15 00:00:00-04:00,129.92773802074552,130.24239009270062,129.17254286823206,129.83782958984375,6923700,0.0,0.0
2021-10-18 00:00:00-04:00,129.05566602285097,129.19051493820191,127.75207620809475,127.96783447265625,9119000,0.0,0.0
2021-10-19 00:00:00-04:00,125.03700571221714,126.6013217456058,124.78527858750164,126.45747375488281,9555300,0.0,0.0
2021-10-20 00:00:00-04:00,125.99896736754727,127.62622213632525,125.72926951679425,126.95195007324219,7352700,0.0,0.0
2021-10-21 00:00:00-04:00,127.42230977537511,127.69369328828866,125.90257038494255,126.03826904296875,6545500,0.87,0.0
2021-10-22 00:00:00-04:00,126.09258006358911,127.55803213985735,126.0292650470696,127.39521026611328,5265000,0.0,0.0
2021-10-25 00:00:00-04:00,127.01527215234738,127.47661457377379,125.78501189206808,127.41329956054688,5382100,0.0,0.0
2021-10-26 00:00:00-04:00,128.10984750919042,129.52102570603176,127.76610782223142,129.22251892089844,6234900,0.0,0.0
2021-10-27 00:00:00-04:00,129.4848166355773,129.97329597005748,128.1731456158353,128.29978942871094,9643500,0.0,0.0
2021-10-28 00:00:00-04:00,128.35406507264847,129.24962663469276,128.19124322671706,129.06869506835938,4538500,0.0,0.0
2021-10-29 00:00:00-04:00,128.59832967581946,129.79239812282833,128.4716858435133,129.34915161132812,6239500,0.0,0.0
2021-11-01 00:00:00-04:00,129.68384680249542,130.0818742087532,128.89684685121253,129.03253173828125,5038900,0.0,0.0
2021-11-02 00:00:00-04:00,129.10488295932004,130.78744433158596,128.70685561056936,130.31704711914062,9954300,0.0,0.0
2021-11-03 00:00:00-04:00,130.3803983546431,131.26690518190836,129.82859012679435,131.21263122558594,7620100,0.0,0.0
2021-11-04 00:00:00-04:00,129.21345389690774,131.52019367717108,128.76115252050877,131.45687866210938,6402500,0.0,0.0
2021-11-05 00:00:00-04:00,131.56541622855534,132.40669009698755,130.98647106442115,132.10816955566406,6062700,0.0,0.0
2021-11-08 00:00:00-05:00,131.61968080654836,132.16244789814084,130.28087279793152,131.1221466064453,5854400,0.0,0.0
2021-11-09 00:00:00-05:00,131.19451462938756,131.9181994736322,130.7874462179813,131.52017211914062,4873100,0.0,0.0
2021-11-10 00:00:00-05:00,131.83680911662836,133.2570282496267,131.701110422899,132.81378173828125,7334900,0.0,0.0
2021-11-11 00:00:00-05:00,132.84996123155875,132.94946808679447,132.26197496171113,132.433837890625,4096300,0.0,0.0
2021-11-12 00:00:00-05:00,132.7414031660618,133.0489647666713,132.0538962904152,132.5785675048828,5687400,0.0,0.0
2021-11-15 00:00:00-05:00,133.00374134062906,133.6550564254308,132.49716600870386,133.33843994140625,5510200,0.0,0.0
2021-11-16 00:00:00-05:00,133.32943162790195,134.41495243478775,132.98567808118216,133.1485137939453,7603900,0.0,0.0
2021-11-17 00:00:00-05:00,132.94945961020122,133.68218558697322,132.4519253657444,133.0670623779297,4900200,0.0,0.0
2021-11-18 00:00:00-05:00,133.0127741710072,133.95356870336562,132.53333584701093,133.08514404296875,5509300,0.0,0.0
2021-11-19 00:00:00-05:00,133.83597345470147,134.08926111922528,132.7866309570214,132.81378173828125,6274300,0.0,0.0
2021-11-22 00:00:00-05:00,132.94948011262846,134.7315488065003,132.82283626752232,133.70030212402344,6625400,0.0,0.0
2021-11-23 00:00:00-05:00,133.72739671442426,135.2380813175817,133.5826569935717,135.18380737304688,7912800,0.0,0.0
2021-11-24 00:00:00-05:00,134.57774781612383,134.67725466545082,133.5917203807414,134.47824096679688,5665200,0.0,0.0
2021-11-26 00:00:00-05:00,134.40591960595728,135.43716650612998,133.25706989509445,133.4018096923828,6299800,0.0,0.0
2021-11-29 00:00:00-05:00,133.69123795101765,135.38285452523002,132.78663517664592,134.8039093017578,7113300,0.0,0.0
2021-11-30 00:00:00-05:00,133.70933878975617,134.36969497445813,130.37135222103691,130.7874755859375,11696400,0.0,0.0
2021-12-01 00:00:00-05:00,131.03171466204336,133.7636050455285,131.03171466204336,132.433837890625,8313500,0.0,0.0
2021-12-02 00:00:00-05:00,132.9856260785999,134.29731091894385,132.9223110728894,133.21177673339844,9468800,0.0,0.0
2021-12-03 00:00:00-05:00,133.899271612027,135.69038077335628,133.57361414604537,135.5818328857422,11200800,0.0,0.0
2021-12-06 00:00:00-05:00,135.8622710014846,137.85239402382845,135.8622710014846,137.63528442382812,11935100,0.0,0.0
2021-12-07 00:00:00-05:00,137.45438580787885,138.02428996031168,136.8392625602278,137.27346801757812,7913400,0.0,0.0
2021-12-08 00:00:00-05:00,137.20107206971497,138.09663359577047,135.9436750318144,137.88856506347656,8329300,0.0,0.0
2021-12-09 00:00:00-05:00,137.78003749101896,139.48069501441992,137.13777729229935,138.69369506835938,8334300,0.0,0.0
2021-12-10 00:00:00-05:00,139.17310596356035,140.937078151665,138.7931607509169,140.6295166015625,7172300,0.0,0.0
2021-12-13 00:00:00-05:00,140.48481890562192,143.2257643108317,140.13202436247047,142.62872314453125,8944000,0.0,0.0
2021-12-14 00:00:00-05:00,142.8367800974327,143.49715009587118,141.71508143196917,143.1533966064453,8677500,0.0,0.0
2021-12-15 00:00:00-05:00,142.60159882561223,144.41080460305116,142.60159882561223,143.70521545410156,9152600,0.0,0.0
2021-12-16 00:00:00-05:00,143.58758073729652,145.9305121885588,143.3071561126443,145.74053955078125,10852900,0.0,0.0
2021-12-17 00:00:00-05:00,145.33352388813535,146.29240087675566,142.30309826275916,142.4387969970703,24349400,0.0,0.0
2021-12-20 00:00:00-05:00,141.66080358898,143.34336534420893,141.63366660931044,142.80059814453125,9202600,0.0,0.0
2021-12-21 00:00:00-05:00,142.61062192682536,143.0629233142281,141.83266298836696,142.7101287841797,6946000,0.0,0.0
2021-12-22 00:00:00-05:00,142.71917044119908,144.3564991036043,142.2668690956444,144.12130737304688,6626300,0.0,0.0
2021-12-23 00:00:00-05:00,144.2841371312372,145.5686713665614,144.22986317530192,144.826904296875,5640900,0.0,0.0
2021-12-27 00:00:00-05:00,145.34252257237904,146.5366048310608,145.28824861573761,146.5185089111328,4548600,0.0,0.0
2021-12-28 00:00:00-05:00,146.50948560098695,147.79402000863283,146.4913896788668,147.30552673339844,5929400,0.0,0.0
2021-12-29 00:00:00-05:00,147.64019619906156,149.24133286041123,147.52259344423217,148.52670288085938,5346100,0.0,0.0
2021-12-30 00:00:00-05:00,148.71666512486354,148.8885418310714,147.0974325093369,147.24217224121094,5911500,0.0,0.0
2021-12-31 00:00:00-05:00,147.32356910506573,148.11056889192375,146.96173361305128,147.97488403320312,5327000,0.0,0.0
2022-01-03 00:00:00-05:00,146.26522535589004,147.39597882817796,144.62789653652,147.3597869873047,9317300,0.0,0.0
2022-01-04 00:00:00-05:00,146.80794327214375,148.70761416788727,146.7084364384974,147.87538146972656,9253800,0.0,0.0
2022-01-05 00:00:00-05:00,147.84826712136422,149.54892461005448,147.81207528369666,148.54481506347656,9330200,0.0,0.0
2022-01-06 00:00:00-05:00,148.66243895559916,149.4403980105288,147.0974797857697,147.29649353027344,7556000,0.0,0.0
2022-01-07 00:00:00-05:00,147.56780600943523,147.92964147780148,146.50036791241956,147.2150115966797,6098500,0.0,0.0
2022-01-10 00:00:00-05:00,147.00699891752475,147.5588071883808,144.8902316371171,145.20684814453125,8055000,0.0,0.0
2022-01-11 00:00:00-05:00,144.93542400812964,144.93542400812964,141.94119172773026,143.5242462158203,11957900,0.0,0.0
2022-01-12 00:00:00-05:00,143.16241408400273,144.15748254572716,142.77344156005495,143.8408660888672,7127500,0.0,0.0
2022-01-13 00:00:00-05:00,144.11227394233356,144.23891778579576,142.72823272337382,143.1895751953125,6551000,0.0,0.0
2022-01-14 00:00:00-05:00,142.99054492916483,145.17968164626078,142.52918875198483,144.56454467773438,10708000,0.0,0.0
2022-01-18 00:00:00-05:00,143.40668444873285,143.40668444873285,141.15421844997311,141.7783966064453,10988400,0.0,0.0
2022-01-19 00:00:00-05:00,142.57443369282151,148.52672118173314,141.99548851047575,146.54563903808594,14088300,0.0,0.0
2022-01-20 00:00:00-05:00,145.62704366539825,149.45598976986977,145.62704366539825,147.33688354492188,10799100,0.87,0.0
2022-01-21 00:00:00-05:00,148.24638159697278,150.3836816066476,147.42784884474477,147.90077209472656,10900400,0.0,0.0
2022-01-24 00:00:00-05:00,148.63743876679135,149.2649869539648,144.35376320006026,146.7002410888672,14838100,0.0,0.0
2022-01-25 00:00:00-05:00,145.92720017755892,146.70026975175082,143.59891545775628,145.0995635986328,9369600,0.0,0.0
2022-01-26 00:00:00-05:00,143.09866026567929,145.12682597019602,142.2255606452041,143.83534240722656,10707100,0.0,0.0
2022-01-27 00:00:00-05:00,144.36288140897202,146.74574701331952,144.22646389701407,144.7266845703125,9083000,0.0,0.0
2022-01-28 00:00:00-05:00,144.2537415395868,146.3819379057094,143.08050935139235,145.97267150878906,9494200,0.0,0.0
2022-01-31 00:00:00-05:00,144.92677284839706,146.10909495922826,144.49020905476206,145.9272003173828,8950100,0.0,0.0
2022-02-01 00:00:00-05:00,146.2363985463136,146.70024576605775,143.4533707385262,145.2814483642578,6284100,0.0,0.0
2022-02-02 00:00:00-05:00,145.6452396150334,148.10085160445126,145.03588502386572,147.88258361816406,7558800,0.0,0.0
2022-02-03 00:00:00-05:00,147.31869271767061,150.04715357586454,146.99127685958055,149.28318786621094,10474500,0.0,0.0
2022-02-04 00:00:00-05:00,148.36460847843958,149.60151126790615,146.80028983653568,146.909423828125,8959900,0.0,0.0
2022-02-07 00:00:00-05:00,147.21866909055336,147.57336849638583,145.21780029155812,145.80897521972656,6430500,0.0,0.0
2022-02-08 00:00:00-05:00,146.53656190630483,146.6729933023724,145.19961471534177,145.4815673828125,5048700,0.0,0.0
2022-02-09 00:00:00-05:00,145.84533414415552,146.09998939091955,144.85399665656197,145.1541290283203,8077400,0.0,0.0
2022-02-10 00:00:00-05:00,144.69027454592072,145.06316752348695,142.47112418281455,142.94406127929688,7033000,0.0,0.0
2022-02-11 00:00:00-05:00,143.70802591722034,144.22644013258372,141.49797932162528,142.14370727539062,9341400,0.0,0.0
2022-02-14 00:00:00-05:00,142.0073112375107,142.84403768061338,139.47893828096716,142.55300903320312,9472200,0.0,0.0
2022-02-15 00:00:00-05:00,143.48975749260893,144.8994650161344,141.980005851216,142.62574768066406,6659200,0.0,0.0
2022-02-16 00:00:00-05:00,142.63485031301857,144.40834721779441,142.12553980474146,143.70803833007812,9315700,0.0,0.0
2022-02-17 00:00:00-05:00,144.0445691634375,145.86354333596665,143.10779857479872,145.35423278808594,7925500,0.0,0.0
2022-02-18 00:00:00-05:00,145.06318217238976,146.48197972744163,144.44473764948853,145.42697143554688,8063200,0.0,0.0
2022-02-22 00:00:00-05:00,145.61797342686654,146.31828234734843,142.48024585196939,143.63528442382812,8179500,0.0,0.0
2022-02-23 00:00:00-05:00,143.97179364325288,144.2446425164516,141.516181539805,141.84359741210938,6273000,0.0,0.0
2022-02-24 00:00:00-05:00,141.55254104183578,141.8617632582459,136.93234590881784,138.0237274169922,13145100,0.0,0.0
2022-02-25 00:00:00-05:00,138.5421351340129,144.55384383740335,138.46937451984815,143.91720581054688,8888800,0.0,0.0
2022-02-28 00:00:00-05:00,142.14374231633693,142.96228908801228,139.89732179565453,141.7799530029297,8669200,0.0,0.0
2022-03-01 00:00:00-05:00,140.3429127477776,141.33425007759575,138.5512225539833,139.4334259033203,8311900,0.0,0.0
2022-03-02 00:00:00-05:00,139.11514832029832,141.04325646766225,138.78773242002225,139.87001037597656,6111300,0.0,0.0
2022-03-03 00:00:00-05:00,139.8518032811093,141.75262755491903,139.8518032811093,140.38839721679688,7451200,0.0,0.0
2022-03-04 00:00:00-05:00,139.26062620134007,141.28879192949498,138.7422258977038,141.09779357910156,8639100,0.0,0.0
2022-03-07 00:00:00-05:00,140.50661238523134,140.53389587739798,137.4598262350706,139.00595092773438,8374500,0.0,0.0
2022-03-08 00:00:00-05:00,138.40572001376282,139.1060288642875,133.31260132380373,133.5035858154297,9517200,0.0,0.0
2022-03-09 00:00:00-05:00,135.3589493227625,136.85050741952833,134.43126871450875,135.30438232421875,7044100,0.0,0.0
2022-03-10 00:00:00-05:00,134.42219379611504,134.85874371070446,130.91157309662765,131.82106018066406,9221000,0.0,0.0
2022-03-11 00:00:00-05:00,132.2394041228038,132.93062312385348,130.08392437571413,130.25672912597656,7086100,0.0,0.0
2022-03-14 00:00:00-04:00,131.3753838356759,132.821464719032,130.37495654253127,131.92108154296875,7964600,0.0,0.0
2022-03-15 00:00:00-04:00,133.70368817007704,136.91417639307957,133.59455416334376,136.6686248779297,9868400,0.0,0.0
2022-03-16 00:00:00-04:00,136.9960514514987,138.05104598003265,134.64046922712876,136.2047882080078,6908900,0.0,0.0
2022-03-17 00:00:00-04:00,136.41396466046922,136.8505145492328,135.05882398946196,136.63223266601562,6003800,0.0,0.0
2022-03-18 00:00:00-04:00,137.21427990006092,137.21427990006092,134.82233886417302,136.5594482421875,15570300,0.0,0.0
2022-03-21 00:00:00-04:00,136.82321038080138,137.7145036500473,135.73182888491496,137.07786560058594,6937500,0.0,0.0
2022-03-22 00:00:00-04:00,139.54255170047162,139.6971766673093,136.89595568533542,138.1328582763672,7292100,0.0,0.0
2022-03-23 00:00:00-04:00,138.42390574862713,139.1605879296756,137.0505855023312,137.1688232421875,5531900,0.0,0.0
2022-03-24 00:00:00-04:00,137.2324839570912,137.84183854217298,136.56856237598262,137.40528869628906,4203100,0.0,0.0
2022-03-25 00:00:00-04:00,137.90552082101416,139.9882399836551,137.79637294216417,138.9969024658203,5047700,0.0,0.0
2022-03-28 00:00:00-04:00,139.73360712307425,139.97006878941568,138.81503008470318,139.95188903808594,4234000,0.0,0.0
2022-03-29 00:00:00-04:00,141.3069906035237,142.30743185356081,140.07919148139118,141.38885498046875,5643400,0.0,0.0
2022-03-30 00:00:00-04:00,138.6967653422781,140.4520685636889,138.18745485062874,140.4156951904297,5779300,0.0,0.0
2022-03-31 00:00:00-04:00,140.15195565522845,140.370223658821,138.60581661553795,138.96961975097656,7538600,0.0,0.0
2022-04-01 00:00:00-04:00,139.62442004249183,141.38882668803643,138.29656318339443,141.05230712890625,5742600,0.0,0.0
2022-04-04 00:00:00-04:00,139.8881931693151,140.37932392052866,137.5689985451116,140.13375854492188,5992000,0.0,0.0
2022-04-05 00:00:00-04:00,139.70627072153823,143.1259361625663,139.64259998297345,140.62484741210938,7653000,0.0,0.0
2022-04-06 00:00:00-04:00,140.4429599855284,143.0531828464356,140.00641017620745,142.63482666015625,8884700,0.0,0.0
2022-04-07 00:00:00-04:00,143.58071246673077,144.9631366330862,142.76217969375503,144.48110961914062,6889700,0.0,0.0
2022-04-08 00:00:00-04:00,145.24506834033232,145.9999442011829,144.5356696041441,145.60887145996094,6045400,0.0,0.0
2022-04-11 00:00:00-04:00,145.47243336960764,146.6183957964419,144.27191782443532,145.0540771484375,6158400,0.0,0.0
2022-04-12 00:00:00-04:00,144.8903720694959,146.09090157342843,144.3355844431641,144.61752319335938,7221500,0.0,0.0
2022-04-13 00:00:00-04:00,144.6811849534543,145.89080425627287,144.3446792244782,145.02679443359375,5247700,0.0,0.0
2022-04-14 00:00:00-04:00,145.4996967948892,145.79073923700344,144.10818307799062,144.2173309326172,7806500,0.0,0.0
2022-04-18 00:00:00-04:00,144.1355099175008,144.59025346180687,142.3620128702415,142.8440399169922,6034500,0.0,0.0
2022-04-19 00:00:00-04:00,142.58026315688997,145.5451854124693,142.152803209798,144.98130798339844,7897000,0.0,0.0
2022-04-20 00:00:00-04:00,145.97269114885773,149.59244620873207,145.5179475627242,148.8375701904297,10196100,0.0,0.0
2022-04-21 00:00:00-04:00,149.8280645084541,150.81580892661566,148.5567716559174,148.72140502929688,9365700,0.913,0.0
2022-04-22 00:00:00-04:00,149.29757697166397,149.55366088429162,147.16658201938452,147.4775390625,9394600,0.0,0.0
2022-04-25 00:00:00-04:00,147.88912772265118,149.34332176056523,146.15141315658735,148.66653442382812,6986800,0.0,0.0
2022-04-26 00:00:00-04:00,148.78540539036857,149.66341740494295,146.10566499398348,146.14224243164062,7769500,0.0,0.0
2022-04-27 00:00:00-04:00,146.52638428838327,147.66046629313826,145.52033029494476,145.7489776611328,6754900,0.0,0.0
2022-04-28 00:00:00-04:00,146.82818277833135,149.7274435883625,145.6666642357615,149.45306396484375,9306800,0.0,0.0
2022-04-29 00:00:00-04:00,148.59333596440783,149.03233495417703,146.51721418830084,146.8373260498047,10637000,0.0,0.0
2022-05-02 00:00:00-04:00,147.7976554320315,148.1634856167757,142.8497233346386,144.85267639160156,10351600,0.0,0.0
2022-05-03 00:00:00-04:00,144.70634653747234,145.41058433437794,141.77050820893808,142.86802673339844,10344000,0.0,0.0
2022-05-04 00:00:00-04:00,142.52049414005464,144.09358931438362,141.89856597657305,143.91981506347656,7771000,0.0,0.0
2022-05-05 00:00:00-04:00,142.95034317984224,143.85577786305038,140.06023697940597,141.2675018310547,8217100,0.0,0.0
2022-05-06 00:00:00-04:00,141.55100802096499,142.89545558081815,140.727869172091,142.6759490966797,7304800,0.0,0.0
2022-05-09 00:00:00-04:00,140.8101926887126,143.37103189019894,139.70353335444193,142.3192596435547,8540800,0.0,0.0
2022-05-10 00:00:00-04:00,142.2644177191884,143.24302135252844,140.79192787755855,141.56932067871094,7447400,0.0,0.0
2022-05-11 00:00:00-04:00,140.8742158695165,142.5844937238394,139.3377122485152,139.57550048828125,7692200,0.0,0.0
2022-05-12 00:00:00-04:00,140.4077895018422,140.49009921077143,137.07868414836955,139.0084686279297,9600800,0.0,0.0
2022-05-13 00:00:00-04:00,139.54808525929715,140.59985773529937,137.57256833975885,140.49925231933594,5675500,0.0,0.0
2022-05-16 00:00:00-04:00,140.36204201987428,142.5844876532427,139.04503099764383,141.87110900878906,5971000,0.0,0.0
2022-05-17 00:00:00-04:00,141.88026538042018,143.36189581880748,139.9962133524641,141.46868896484375,6509100,0.0,0.0
2022-05-18 00:00:00-04:00,141.45955511030624,141.54186481529285,132.19475908682247,132.6520538330078,9670700,0.0,0.0
2022-05-19 00:00:00-04:00,131.16129007877828,131.17043095024349,128.59129568862576,129.5973358154297,9694100,0.0,0.0
2022-05-20 00:00:00-04:00,130.00886391354388,130.28324349570573,127.29253256563939,129.6796112060547,7786900,0.0,0.0
2022-05-23 00:00:00-04:00,130.63994515476006,133.1916573686676,129.9448622421555,132.66119384765625,7134500,0.0,0.0
2022-05-24 00:00:00-04:00,132.51489336720368,135.30439458106184,132.45087934880326,135.0208740234375,7207400,0.0,0.0
2022-05-25 00:00:00-04:00,134.54527073418848,134.57270730454704,131.24360186426014,132.80755615234375,8217800,0.0,0.0
2022-05-26 00:00:00-04:00,133.9690704345703,134.79220938481208,132.65205927860646,133.9690704345703,5702600,0.0,0.0
2022-05-27 00:00:00-04:00,134.41721441239602,136.0177459716797,134.10625734449042,136.0177459716797,6028800,0.0,0.0
2022-05-31 00:00:00-04:00,134.70989325969893,136.26470671199152,133.67641652281665,135.24951171875,12416700,0.0,0.0
2022-06-01 00:00:00-04:00,135.35923730361145,135.46898357079158,132.35024418236185,133.2008056640625,7036000,0.0,0.0
2022-06-02 00:00:00-04:00,133.5026228107471,134.68243705796766,130.447897404446,134.63671875,6479800,0.0,0.0
2022-06-03 00:00:00-04:00,133.85931679001038,134.63672342986723,132.7252208113372,133.42945861816406,4720700,0.0,0.0
2022-06-06 00:00:00-04:00,134.7830547228312,135.02999780375865,132.2404969429967,132.9081573486328,4751100,0.0,0.0
2022-06-07 00:00:00-04:00,131.3990741405613,134.60927831898937,131.17956763264502,134.38978576660156,4918600,0.0,0.0
2022-06-08 00:00:00-04:00,133.80444342362765,133.92333056600967,132.6063334403221,132.71607971191406,4369600,0.0,0.0
2022-06-09 00:00:00-04:00,132.99048537776423,134.34407416261703,130.18268843203367,130.31988525390625,4625700,0.0,0.0
2022-06-10 00:00:00-04:00,128.85649575284972,130.92346270460743,127.53948482745403,129.82595825195312,6630800,0.0,0.0
2022-06-13 00:00:00-04:00,127.58522622218874,128.4906747871102,125.87494844397544,126.35052490234375,8549500,0.0,0.0
2022-06-14 00:00:00-04:00,125.76519499281464,125.82922295538472,121.21968413829138,122.40865325927734,9980200,0.0,0.0
2022-06-15 00:00:00-04:00,122.95741815552549,123.37812152255094,118.4393436624665,121.19225311279297,12178100,0.0,0.0
2022-06-16 00:00:00-04:00,119.83865724785046,123.53360652514357,119.4453904740422,121.93307495117188,9683300,0.0,0.0
2022-06-17 00:00:00-04:00,121.2379840819323,122.79278346897375,120.20449346245358,121.05506896972656,17113300,0.0,0.0
2022-06-21 00:00:00-04:00,123.1220255529934,125.2987528789958,122.03366188999222,124.7225570678711,9017000,0.0,0.0
2022-06-22 00:00:00-04:00,124.09149008609408,127.75900271830119,124.08234921556861,126.67063903808594,8374500,0.0,0.0
2022-06-23 00:00:00-04:00,127.1736867044931,130.31072233466236,127.0364898911392,130.14610290527344,6418300,0.0,0.0
2022-06-24 00:00:00-04:00,131.883799299396,132.8349801670167,130.89604099326428,132.02099609375,19440600,0.0,0.0
2022-06-27 00:00:00-04:00,131.8106267080491,132.39596339622852,130.52106619327384,131.0149383544922,5618500,0.0,0.0
2022-06-28 00:00:00-04:00,131.28017704949664,131.7832040899717,128.572999813442,128.8839569091797,6077300,0.0,0.0
2022-06-29 00:00:00-04:00,129.50588112822015,130.65825889510538,129.0943046813418,130.05462646484375,5174600,0.0,0.0
2022-06-30 00:00:00-04:00,129.5881899812617,132.103311135246,129.1674726659809,131.50881958007812,7410100,0.0,0.0
2022-07-01 00:00:00-04:00,131.92038325731835,133.75870297160503,131.1521175366142,133.6306610107422,5937200,0.0,0.0
2022-07-05 00:00:00-04:00,132.23134869886727,133.6215286160761,130.3655783444897,132.34109497070312,5760900,0.0,0.0
2022-07-06 00:00:00-04:00,133.08190429293987,134.8928014307932,132.5880321361336,133.57579040527344,5485200,0.0,0.0
2022-07-07 00:00:00-04:00,132.8807103485491,133.70384932163313,132.24965527803917,133.5300750732422,6623400,0.0,0.0
2022-07-08 00:00:00-04:00,133.5209728217611,134.2709292171489,132.22225695225882,132.63381958007812,4294200,0.0,0.0
2022-07-11 00:00:00-04:00,132.7526510917804,134.0605212425148,132.32279294029325,133.56663513183594,5482900,0.0,0.0
2022-07-12 00:00:00-04:00,133.40203580554956,134.3714985209863,132.0392923164656,132.3868408203125,5204400,0.0,0.0
2022-07-13 00:00:00-04:00,132.07584692945494,134.40805248442214,131.8929318567277,133.2556610107422,5075600,0.0,0.0
2022-07-14 00:00:00-04:00,131.48137251680015,133.10019972879408,131.21614772034548,132.86241149902344,4867000,0.0,0.0
2022-07-15 00:00:00-04:00,132.92644879674828,133.25570161018197,131.79236662699975,132.6795196533203,6264600,0.0,0.0
2022-07-18 00:00:00-04:00,132.56059419639698,132.6977770286647,130.941766998002,131.06980895996094,6047500,0.0,0.0
2022-07-19 00:00:00-04:00,132.22221783437124,132.62462551339883,131.37164229668952,131.7374725341797,5943600,0.0,0.0
2022-07-20 00:00:00-04:00,131.70086996116368,131.90208074004644,128.6278491038488,129.4601287841797,8635300,0.0,0.0
2022-07-21 00:00:00-04:00,129.42606219227505,130.12565744147523,127.90718467963102,129.58255004882812,8310200,0.913,0.0
2022-07-22 00:00:00-04:00,129.5733780255136,131.79185151045115,129.49053396494605,131.65377807617188,5292700,0.0,0.0
2022-07-25 00:00:00-04:00,131.4512322178348,132.94248116594574,131.20268604444146,132.54666137695312,5262100,0.0,0.0
2022-07-26 00:00:00-04:00,131.34996363874183,133.0069145908248,130.44785136054463,132.8043975830078,5375700,0.0,0.0
2022-07-27 00:00:00-04:00,132.4453991451523,134.5902282530907,132.12320914994677,134.06552124023438,5500000,0.0,0.0
2022-07-28 00:00:00-04:00,134.5258028980231,136.7995055034832,133.5500466147651,136.293212890625,7115700,0.0,0.0
2022-07-29 00:00:00-04:00,130.19011723016223,131.17508778938807,127.24443385745036,127.87039947509766,18694700,0.0,0.0
2022-08-01 00:00:00-04:00,127.34567397077,132.50062966233162,127.28124439884071,131.54327392578125,12590000,0.0,0.0
2022-08-02 00:00:00-04:00,131.73660731666763,132.298129296446,130.5031046221138,130.66879272460938,7495000,0.0,0.0
2022-08-03 00:00:00-04:00,130.40183865956732,133.72494119368025,129.71144351297426,133.36593627929688,6811000,0.0,0.0
2022-08-04 00:00:00-04:00,133.3383219320531,134.82037074564062,132.56506869087139,133.15420532226562,6124700,0.0,0.0
2022-08-05 00:00:00-04:00,132.32573104486644,133.32910191267587,131.4236186896146,133.21864318847656,4580300,0.0,0.0
2022-08-08 00:00:00-04:00,133.50398309128403,134.82954375602253,133.2278222784431,133.72491455078125,4486800,0.0,0.0
2022-08-09 00:00:00-04:00,134.00109216083035,134.34168257989157,133.00692153765593,133.4119415283203,3977300,0.0,0.0
2022-08-10 00:00:00-04:00,134.29566106622292,134.8571830044002,133.8353976429997,134.67308044433594,4641300,0.0,0.0
2022-08-11 00:00:00-04:00,135.14254822474848,135.58439719168092,133.41195320558538,133.71572875976562,5954300,0.0,0.0
2022-08-12 00:00:00-04:00,134.31409170288742,135.06891650384358,133.43959390272872,135.01368713378906,5038700,0.0,0.0
2022-08-15 00:00:00-04:00,135.19780132399802,136.94681112061082,135.08734257440508,136.7534942626953,6008000,0.0,0.0
2022-08-16 00:00:00-04:00,136.569382613934,138.6313680951601,136.569382613934,138.0146026611328,7093000,0.0,0.0
2022-08-17 00:00:00-04:00,137.25056710281024,137.84890397238695,137.04805006009565,137.3794403076172,4834600,0.0,0.0
2022-08-18 00:00:00-04:00,137.03881181467167,138.06981131879007,136.71663588210993,137.86729431152344,3829000,0.0,0.0
2022-08-19 00:00:00-04:00,137.35184143876967,138.65898810835154,136.9007781469473,137.83050537109375,6502500,0.0,0.0
2022-08-22 00:00:00-04:00,137.14010547095555,138.19871992504102,137.01123225567255,137.46229553222656,6380700,0.0,0.0
2022-08-23 00:00:00-04:00,136.63379649522378,136.6430107534388,134.24043506224314,134.8111572265625,5268200,0.0,0.0
2022-08-24 00:00:00-04:00,134.9584417189262,135.55677855155116,133.58685165908776,134.23123168945312,5903200,0.0,0.0
2022-08-25 00:00:00-04:00,133.68812452682133,134.19441715669564,133.0069435758327,134.1207733154297,5097600,0.0,0.0
2022-08-26 00:00:00-04:00,134.39691105216158,134.88478912612678,130.7332183687229,130.98175048828125,6086600,0.0,0.0
2022-08-29 00:00:00-04:00,130.07045368925742,131.34998551752736,129.81270728112574,130.42945861816406,5272100,0.0,0.0
2022-08-30 00:00:00-04:00,131.09222890878496,131.09222890878496,128.79091183944794,129.03944396972656,5203700,0.0,0.0
2022-08-31 00:00:00-04:00,129.24195848434806,129.68382146628517,126.90382656762638,126.97747039794922,8406900,0.0,0.0
2022-09-01 00:00:00-04:00,126.87622224278684,128.6528323886644,125.8912517337144,128.54237365722656,7446500,0.0,0.0
2022-09-02 00:00:00-04:00,129.26038059962988,129.93236127765465,125.69794612954459,126.25946807861328,7077800,0.0,0.0
2022-09-06 00:00:00-04:00,125.08121359877747,126.97749697661253,124.53809199222692,124.85108184814453,8217200,0.0,0.0
2022-09-07 00:00:00-04:00,125.21928006960752,126.8117877625423,125.21007985669951,126.73814392089844,6609400,0.0,0.0
2022-09-08 00:00:00-04:00,126.12137046245812,127.48376022509608,125.2468728210362,126.90382385253906,7380500,0.0,0.0
2022-09-09 00:00:00-04:00,126.98667661525396,129.87713037303826,126.38833977900364,128.83694458007812,6434300,0.0,0.0
2022-09-12 00:00:00-04:00,128.3306447387158,130.5307032319506,128.05448388910435,129.88633728027344,5818700,0.0,0.0
2022-09-13 00:00:00-04:00,129.5917935487416,130.1901304969696,126.90385631934939,127.19841766357422,6350200,0.0,0.0
2022-09-14 00:00:00-04:00,127.640246563194,128.5607733423093,126.72891999526526,127.50215911865234,6137800,0.0,0.0
2022-09-15 00:00:00-04:00,127.75072992372625,127.85198845080562,125.78080279828589,126.51722717285156,5320700,0.0,0.0
2022-09-16 00:00:00-04:00,126.51721945383879,128.008468537909,126.21344389113452,127.29045867919922,9321500,0.0,0.0
2022-09-19 00:00:00-04:00,127.21680893885888,127.45615491140721,126.323896763102,127.02350616455078,6056000,0.0,0.0
2022-09-20 00:00:00-04:00,126.48961992935362,127.00511280803856,125.67955166506157,126.57246398925781,5589800,0.0,0.0
2022-09-21 00:00:00-04:00,127.1063435973141,127.21680231974297,124.9246995525974,124.94309997558594,6413900,0.0,0.0
2022-09-22 00:00:00-04:00,124.95230765828339,126.1766099365708,124.49204427754934,125.38495635986328,5061600,0.0,0.0
2022-09-23 00:00:00-04:00,124.89707507920436,125.6519138311726,123.30456757674989,124.8050308227539,6523600,0.0,0.0
2022-09-26 00:00:00-04:00,124.80502489753515,125.94648318310344,124.26191745804971,124.92469787597656,7396400,0.0,0.0
2022-09-27 00:00:00-04:00,125.15483390846829,126.05694626838664,121.2425948834261,121.49112701416016,7722200,0.0,0.0
2022-09-28 00:00:00-04:00,122.44848278258856,122.44848278258856,120.7639169992119,121.49112701416016,10455100,0.0,0.0
2022-09-29 00:00:00-04:00,121.38988579608477,121.38988579608477,118.06678290656889,118.47181701660156,7128500,0.0,0.0
2022-09-30 00:00:00-04:00,118.74796341999922,118.7847783136329,116.17969267070616,116.21651458740234,9431900,0.0,0.0
2022-10-03 00:00:00-04:00,117.1370542479599,118.84003472188184,116.61235416800749,118.29691314697266,8477700,0.0,0.0
2022-10-04 00:00:00-04:00,118.84002458227403,120.46934702960576,118.47180540645375,119.76055145263672,7211600,0.0,0.0
2022-10-05 00:00:00-04:00,118.93208312988281,119.75135158108577,117.91029761918007,118.93208312988281,5071100,0.0,0.0
2022-10-06 00:00:00-04:00,118.64671172415206,118.8031996118082,116.3085725525271,116.4282455444336,5530800,0.0,0.0
2022-10-07 00:00:00-04:00,116.44665320548464,116.52029704324455,113.92441145824243,114.39387512207031,6095400,0.0,0.0
2022-10-10 00:00:00-04:00,113.56540303976051,114.37546416104927,112.46997381168306,113.92440795898438,6923300,0.0,0.0
2022-10-11 00:00:00-04:00,113.85997031360831,115.7102242578369,113.77711924366797,114.3570556640625,5516200,0.0,0.0
2022-10-12 00:00:00-04:00,114.91855764529345,115.8114697284985,114.52273787960651,114.54114532470703,6823500,0.0,0.0
2022-10-13 00:00:00-04:00,113.69427281715645,116.67677783439473,113.15115832554034,116.27174377441406,6910500,0.0,0.0
2022-10-14 00:00:00-04:00,116.6767816783033,116.92532084498522,114.85413537140587,115.1395034790039,5516800,0.0,0.0
2022-10-17 00:00:00-04:00,115.99559139561774,118.0851842740774,115.85751096224264,117.21988677978516,6664600,0.0,0.0
2022-10-18 00:00:00-04:00,119.05174176048699,119.73293670076538,117.51446357340802,118.16802978515625,7114200,0.0,0.0
2022-10-19 00:00:00-04:00,121.17815581460002,122.43007291147971,119.21742909952827,119.26345825195312,9993700,0.0,0.0
2022-10-20 00:00:00-04:00,119.2384149564325,120.30454210668823,117.43992393489874,117.72731018066406,8168000,0.913,0.0
2022-10-21 00:00:00-04:00,117.31015207310088,119.54436259189231,117.25453074647116,119.20135498046875,6394600,0.0,0.0
2022-10-24 00:00:00-04:00,120.04498024638875,120.92568423934583,118.98813262567823,119.93372344970703,6946000,0.0,0.0
2022-10-25 00:00:00-04:00,120.14695038491726,121.61169235533978,119.09936833093536,121.3150405883789,6776000,0.0,0.0
2022-10-26 00:00:00-04:00,121.12037126896882,122.9003387398655,120.88860629207007,122.16795349121094,6612800,0.0,0.0
2022-10-27 00:00:00-04:00,122.37190855649176,123.4102111327356,121.90837859983839,122.26066589355469,6676700,0.0,0.0
2022-10-28 00:00:00-04:00,123.45654975978375,125.62586625973601,123.22478481374246,125.35702514648438,6996400,0.0,0.0
2022-10-31 00:00:00-04:00,125.33849331614375,125.77421259269249,124.4670547630463,124.84715270996094,8346300,0.0,0.0
2022-11-01 00:00:00-04:00,124.87496908665726,126.33972546586958,124.07769698520782,125.0418472290039,6428300,0.0,0.0
2022-11-02 00:00:00-04:00,124.89350495083846,126.58074653319156,123.12281723061658,123.24333953857422,7318100,0.0,0.0
2022-11-03 00:00:00-04:00,122.1215603747966,122.96518802808698,121.40773464891143,122.3996810913086,5204000,0.0,0.0
2022-11-04 00:00:00-04:00,123.5956012062971,125.1530546519784,122.85395064586454,124.63390350341797,5555400,0.0,0.0
2022-11-07 00:00:00-05:00,125.47755747560699,127.18334421983515,125.20870219505369,126.54367065429688,6746800,0.0,0.0
2022-11-08 00:00:00-05:00,126.8403267092836,127.48926573031538,125.894721766746,126.83104705810547,5266200,0.0,0.0
2022-11-09 00:00:00-05:00,126.88668402085182,127.90645556945377,126.39534340538309,126.52513122558594,5690700,0.0,0.0
2022-11-10 00:00:00-05:00,129.28774881167797,131.29946661378608,128.11964456504174,130.8822784423828,8068700,0.0,0.0
2022-11-11 00:00:00-05:00,130.90085714869147,131.2995002679022,128.9633053216345,130.68763732910156,7175200,0.0,0.0
2022-11-14 00:00:00-05:00,130.2611801338219,133.0887156292731,130.02941516117528,130.6968994140625,8516200,0.0,0.0
2022-11-15 00:00:00-05:00,131.72591712462787,132.75495401797644,129.51024487715952,130.2426300048828,7732400,0.0,0.0
2022-11-16 00:00:00-05:00,131.17894406686221,132.48610160414785,130.6968690748362,131.4014434814453,6193700,0.0,0.0
2022-11-17 00:00:00-05:00,130.81742439753367,131.35512084254992,129.65859951063956,130.5949249267578,5186300,0.0,0.0
2022-11-18 00:00:00-05:00,131.5683315680525,132.34705844323173,130.96574832683754,132.17092895507812,5671400,0.0,0.0
2022-11-21 00:00:00-05:00,132.6251665429636,134.599808351584,132.41194675972864,133.84889221191406,6377200,0.0,0.0
2022-11-22 00:00:00-05:00,134.82229997811535,135.15604207208168,134.27533809089024,134.99844360351562,5372900,0.0,0.0
2022-11-23 00:00:00-05:00,135.25801286414827,135.93477667162173,134.95209559270435,135.7678985595703,4296000,0.0,0.0
2022-11-25 00:00:00-05:00,136.08309056016253,136.46318844171273,135.72153783390493,136.01820373535156,2411100,0.0,0.0
2022-11-28 00:00:00-05:00,135.7122936252738,136.5929976714552,135.4805286580781,135.906982421875,6628200,0.0,0.0
2022-11-29 00:00:00-05:00,135.11893187005026,135.40631807244827,133.9879180668148,134.86862182617188,5634200,0.0,0.0
2022-11-30 00:00:00-05:00,135.0262688740451,138.28025817871094,134.54420791068173,138.28025817871094,12396800,0.0,0.0
2022-12-01 00:00:00-05:00,138.6232383087421,139.39269957111264,137.73326890234847,138.36366271972656,6927400,0.0,0.0
2022-12-02 00:00:00-05:00,137.64060381989066,139.772844718582,137.27905097393355,139.62451171875,4938300,0.0,0.0
2022-12-05 00:00:00-05:00,137.863058952285,138.75302837323846,137.45515040692763,138.21533203125,5402500,0.0,0.0
2022-12-06 00:00:00-05:00,138.79940335265277,139.13314546804142,137.46443489109822,138.39149475097656,6866700,0.0,0.0
2022-12-07 00:00:00-05:00,138.14116993172374,139.45759309520497,138.14116993172374,139.28146362304688,6175500,0.0,0.0
2022-12-08 00:00:00-05:00,138.5583677436947,140.33832091116142,138.1411795055705,140.28269958496094,5187100,0.0,0.0
2022-12-09 00:00:00-05:00,139.70788047082576,140.86670498393116,139.26289581861926,139.91183471679688,5868200,0.0,0.0
2022-12-12 00:00:00-05:00,140.18997597622965,141.4322326413579,140.0230978660641,141.3488006591797,6142400,0.0,0.0
2022-12-13 00:00:00-05:00,142.22024787237837,142.98042955554718,139.79134156767418,141.13558959960938,7680600,0.0,0.0
2022-12-14 00:00:00-05:00,141.64546241755372,143.1751195944751,141.07068986091,141.6918182373047,7385600,0.0,0.0
2022-12-15 00:00:00-05:00,140.65350444197674,140.91308003669542,138.81793012337786,140.08799743652344,7117200,0.0,0.0
2022-12-16 00:00:00-05:00,139.3927219409978,140.05094066965293,138.15046511623504,139.46688842773438,19966400,0.0,0.0
2022-12-19 00:00:00-05:00,139.26293033027198,140.33832313992758,138.3544156476784,139.42979431152344,5881800,0.0,0.0
2022-12-20 00:00:00-05:00,138.42859536220584,139.89333760143558,138.38223953660219,139.48544311523438,5646100,0.0,0.0
2022-12-21 00:00:00-05:00,139.75426347198157,141.49714040545547,139.72645280992057,140.76475524902344,5024700,0.0,0.0
2022-12-22 00:00:00-05:00,140.1065522725614,141.29318768635252,139.87478732227703,141.0892333984375,5904900,0.0,0.0
2022-12-23 00:00:00-05:00,141.20048297357647,141.76599004583994,140.60716523757958,141.4878692626953,3401800,0.0,0.0
2022-12-27 00:00:00-05:00,141.5620460788505,143.06389275910908,141.52496990643712,142.7208709716797,4215100,0.0,0.0
2022-12-28 00:00:00-05:00,143.026778363279,143.36978594715364,140.82037161210636,140.87600708007812,4197500,0.0,0.0
2022-12-29 00:00:00-05:00,141.6640067793456,142.06264985199394,141.04287840643778,141.46005249023438,3809100,0.0,0.0
2022-12-30 00:00:00-05:00,141.3117255275951,141.54349048908165,139.46688548748088,140.50518798828125,4532000,0.0,0.0
2023-01-03 00:00:00-05:00,139.93964822509125,140.6442225967334,138.24312740583693,140.51443481445312,6447300,0.0,0.0
2023-01-04 00:00:00-05:00,140.90384218739834,142.20172041572977,140.19926759560832,141.12632751464844,7313400,0.0,0.0
2023-01-05 00:00:00-05:00,141.10778758358765,141.35808356092593,139.17950137634975,139.37417602539062,5373800,0.0,0.0
2023-01-06 00:00:00-05:00,140.77403256106024,143.19365914082837,140.681320925191,142.6930389404297,7882200,0.0,0.0
2023-01-09 00:00:00-05:00,142.24804159415453,143.50884334279397,140.91307337255884,140.9501495361328,5727000,0.0,0.0
2023-01-10 00:00:00-05:00,141.00581551084701,141.56204295966208,139.93042263900202,140.81112670898438,4716400,0.0,0.0
2023-01-11 00:00:00-05:00,141.20976011535365,141.43224542126615,138.45639128820343,139.67083740234375,8691300,0.0,0.0
2023-01-12 00:00:00-05:00,140.63497023241868,140.66278089503103,138.61398663826614,138.88282775878906,7801600,0.0,0.0
2023-01-13 00:00:00-05:00,138.69743160698994,140.0324001205655,138.52128796341935,139.8748016357422,5535800,0.0,0.0
2023-01-17 00:00:00-05:00,139.79135089316952,141.0336218637432,139.42979811146063,139.46688842773438,9611800,0.0,0.0
2023-01-18 00:00:00-05:00,138.74376385212625,138.99405979652653,135.38779797977006,135.73081970214844,10461200,0.0,0.0
2023-01-19 00:00:00-05:00,133.690611591424,136.40528730106263,132.6924405212809,132.8603515625,12683700,0.913,0.0
2023-01-20 00:00:00-05:00,132.76707916653447,133.54135465329801,130.7427232803229,133.37344360351562,8603300,0.0,0.0
2023-01-23 00:00:00-05:00,133.73728055425516,134.05445539684942,131.24650005286472,131.58233642578125,7473100,0.0,0.0
2023-01-24 00:00:00-05:00,131.2464730517125,132.82303752704354,130.42553670134515,132.30062866210938,6822500,0.0,0.0
2023-01-25 00:00:00-05:00,130.96663847455451,132.23535212250272,129.4180588005956,132.20736694335938,6902600,0.0,0.0
2023-01-26 00:00:00-05:00,132.2166685755017,132.22600645671284,131.2931293484,131.67559814453125,5398600,0.0,0.0
2023-01-27 00:00:00-05:00,131.60095996574293,131.8714880217243,129.94042587626612,131.134521484375,6870800,0.0,0.0
2023-01-30 00:00:00-05:00,131.49835044701214,132.58047696736566,130.86398667411316,131.54498291015625,6369300,0.0,0.0
2023-01-31 00:00:00-05:00,131.7502266355076,132.90699934453477,131.31177326710232,132.8230438232422,9373400,0.0,0.0
2023-02-01 00:00:00-05:00,132.54318016532656,134.42759589427538,131.86218386754933,133.57867431640625,7207900,0.0,0.0
2023-02-02 00:00:00-05:00,132.62713623046875,133.13089783822977,131.73158218156573,132.62713623046875,6444300,0.0,0.0
2023-02-03 00:00:00-05:00,133.1961850477769,133.75591697575652,131.6942524167583,133.03759765625,5993100,0.0,0.0
2023-02-06 00:00:00-05:00,132.47785374038182,133.0655707881206,131.54497676788108,131.90879821777344,6108100,0.0,0.0
2023-02-07 00:00:00-05:00,130.57481325743936,131.33976510342265,129.46468719323,130.6214599609375,6278300,0.0,0.0
2023-02-08 00:00:00-05:00,129.72589954030846,130.17367660505545,129.11953506168393,129.268798828125,7123800,0.0,0.0
2023-02-09 00:00:00-05:00,129.5580048866277,129.97779682765278,127.80419099527717,127.85083770751953,6547400,0.0,0.0
2023-02-10 00:00:00-05:00,127.75751700711447,129.0169067958911,126.71269920192647,128.97958374023438,8108900,0.0,0.0
2023-02-13 00:00:00-05:00,129.61395036998198,131.0225897080338,129.4273777914005,130.66810607910156,5081600,0.0,0.0
2023-02-14 00:00:00-05:00,130.73338135149353,130.8266747447098,129.31540433513132,129.9311065673828,5253500,0.0,0.0
2023-02-15 00:00:00-05:00,129.77254001344966,129.9684504768157,128.80235404733483,129.6326141357422,5530300,0.0,0.0
2023-02-16 00:00:00-05:00,128.16797267199266,128.92360077749834,127.38435939477002,127.93475341796875,7595700,0.0,0.0
2023-02-17 00:00:00-05:00,127.42168351204903,130.64010675710847,127.42168351204903,130.61212158203125,8034700,0.0,0.0
2023-02-21 00:00:00-05:00,129.5486292582201,131.43304485406017,129.5486292582201,130.51882934570312,6899500,0.0,0.0
2023-02-22 00:00:00-05:00,130.58411385865347,132.0767226997246,130.49083470269454,131.0692138671875,6126300,0.0,0.0
2023-02-23 00:00:00-05:00,130.8173556304664,131.66627723296352,129.76321415568648,130.64944458007812,5835400,0.0,0.0
2023-02-24 00:00:00-05:00,129.60463962006253,130.07107828144834,128.81170243645363,129.91249084472656,5260700,0.0,0.0
2023-02-27 00:00:00-05:00,130.23899054589174,131.04126553243546,129.2314814301454,129.800537109375,5820900,0.0,0.0
2023-02-28 00:00:00-05:00,129.1568439912675,129.2874462283658,128.06537938810806,128.3265838623047,6709900,0.0,0.0
2023-03-01 00:00:00-05:00,128.78369762968643,129.04490210149024,127.34705880018929,128.4198760986328,7101800,0.0,0.0
2023-03-02 00:00:00-05:00,128.73705985266594,131.0039447261702,128.53182571993173,130.53750610351562,5924600,0.0,0.0
2023-03-03 00:00:00-05:00,131.7129092820577,131.75955598016745,130.57479817413306,131.489013671875,5259400,0.0,0.0
2023-03-06 00:00:00-05:00,131.28378964700659,131.66627267240992,130.54682300487008,130.92930603027344,4943100,0.0,0.0
2023-03-07 00:00:00-05:00,131.00393684010837,131.18118578357956,128.121349741925,128.3265838623047,5606800,0.0,0.0
2023-03-08 00:00:00-05:00,127.9907170411832,128.4478318795155,127.43099940165827,128.34521484375,5518800,0.0,0.0
2023-03-09 00:00:00-05:00,128.87695594646843,129.25943894490527,126.96456942343177,127.40302276611328,4467200,0.0,0.0
2023-03-10 00:00:00-05:00,127.75752677697938,128.72772701419706,127.19780901050096,127.9814224243164,5928000,0.0,0.0
2023-03-13 00:00:00-04:00,127.84147473404938,131.83420191821446,127.84147473404938,128.86764526367188,8337100,0.0,0.0
2023-03-14 00:00:00-04:00,129.00754487527817,130.70538772690574,128.17728497381535,130.4628448486328,9219700,0.0,0.0
2023-03-15 00:00:00-04:00,129.4926740804684,132.60848032511487,129.4926740804684,132.30996704101562,8823500,0.0,0.0
2023-03-16 00:00:00-04:00,132.41258243743272,133.51337062096084,132.10473127562182,133.29881286621094,7063400,0.0,0.0
2023-03-17 00:00:00-04:00,132.93499027442974,133.76525034605896,132.03009832467288,133.33612060546875,16018800,0.0,0.0
2023-03-20 00:00:00-04:00,133.86784893452378,135.64030953320733,133.61596815990723,135.38844299316406,8379200,0.0,0.0
2023-03-21 00:00:00-04:00,135.18320990865388,135.4817231476084,133.2521476800254,134.40892028808594,7753200,0.0,0.0
2023-03-22 00:00:00-04:00,134.3716294218988,135.9668557421908,134.17573317572592,134.3249969482422,5729100,0.0,0.0
2023-03-23 00:00:00-04:00,134.55821862249692,135.37914091662762,133.57869467066644,134.13841247558594,5788400,0.0,0.0
2023-03-24 00:00:00-04:00,134.61415864963294,136.90902817844267,134.61415864963294,136.87171936035156,6144800,0.0,0.0
2023-03-27 00:00:00-04:00,137.03031862943595,137.5247423608134,136.0787799880071,136.15341186523438,5917200,0.0,0.0
2023-03-28 00:00:00-04:00,136.71313759288515,136.96501838771925,136.0134797896816,136.535888671875,4213800,0.0,0.0
2023-03-29 00:00:00-04:00,137.20755399920185,137.4034502023111,136.44258800915026,136.95567321777344,4987700,0.0,0.0
2023-03-30 00:00:00-04:00,137.05832582298066,137.63670517119184,136.4799464747695,137.55274963378906,4117700,0.0,0.0
2023-03-31 00:00:00-04:00,137.82325758315477,138.70948791503906,137.6646701961501,138.70948791503906,7685900,0.0,0.0
2023-04-03 00:00:00-04:00,138.4669780597615,139.99691057709924,137.2169258285783,139.4744873046875,5721700,0.0,0.0
2023-04-04 00:00:00-04:00,140.00620754102277,141.52680188491692,140.00620754102277,140.14613342285156,6714300,0.0,0.0
2023-04-05 00:00:00-04:00,141.1722875970975,142.12382618666865,141.00436232384408,141.1069793701172,6094800,0.0,0.0
2023-04-06 00:00:00-04:00,141.6760507743349,142.6928977044783,141.2562588961679,142.0025634765625,5399700,0.0,0.0
2023-04-10 00:00:00-04:00,141.4708217487405,141.48948327843016,139.47446510924058,140.8271484375,4891800,0.0,0.0
2023-04-11 00:00:00-04:00,141.10697414584183,141.27489941287806,140.41665425517562,140.54725646972656,6311800,0.0,0.0
2023-04-12 00:00:00-04:00,140.22076802008033,142.1798158110766,139.86627013314785,140.9297637939453,6137900,0.0,0.0
2023-04-13 00:00:00-04:00,140.77115090264272,141.67604284259215,139.76365614527697,141.582763671875,5489500,0.0,0.0
2023-04-14 00:00:00-04:00,141.1909841823743,141.41486562287054,140.40735643690402,140.86447143554688,4478800,0.0,0.0
2023-04-17 00:00:00-04:00,141.0230277316661,141.30289370507404,140.24873804021988,140.9110870361328,4296400,0.0,0.0
2023-04-18 00:00:00-04:00,140.84580700615567,141.4148627133386,140.0248846835965,141.0603790283203,4158400,0.0,0.0
2023-04-19 00:00:00-04:00,141.02305540586738,141.70405182829066,140.5939398323975,141.08836364746094,3837600,0.0,0.0
2023-04-20 00:00:00-04:00,141.15498073723018,142.08431644817716,141.15498073723018,141.60557556152344,5370900,0.941,0.0
2023-04-21 00:00:00-04:00,145.4449055514444,148.42063859014021,145.03186752043663,146.5056610107422,14876900,0.0,0.0
2023-04-24 00:00:00-04:00,145.7077988386617,147.61339509848872,145.7077988386617,146.7685546875,8109800,0.0,0.0
2023-04-25 00:00:00-04:00,146.91870233163334,148.26107609334113,146.24282444053625,146.80606079101562,8341800,0.0,0.0
2023-04-26 00:00:00-04:00,145.78285723944995,146.43995674471932,144.8816819724413,145.1069793701172,4843700,0.0,0.0
2023-04-27 00:00:00-04:00,145.78286652409068,147.012584460205,145.51063036076553,146.88116455078125,4805600,0.0,0.0
2023-04-28 00:00:00-04:00,146.70281438649332,147.7260133351019,146.21467712735017,146.79669189453125,5754700,0.0,0.0
2023-05-01 00:00:00-04:00,146.46812104369812,147.75415970436185,146.25221998413087,146.97503662109375,3844600,0.0,0.0
2023-05-02 00:00:00-04:00,146.993810950543,147.31297155201545,146.13019232813124,146.84361267089844,5262900,0.0,0.0
2023-05-03 00:00:00-04:00,147.0407156437476,147.91373040872736,145.90486111212067,146.6558380126953,5775000,0.0,0.0
2023-05-04 00:00:00-04:00,146.53385009963677,147.00320898615232,145.58573598170958,145.97999572753906,4892600,0.0,0.0
2023-05-05 00:00:00-04:00,145.87672764374196,146.7309642047856,145.2102460852497,146.46812438964844,3989200,0.0,0.0
2023-05-08 00:00:00-04:00,145.82979091953126,146.1864938821691,145.37919613983962,145.78285217285156,4950700,0.0,0.0
2023-05-09 00:00:00-04:00,146.29915369028893,146.42117724651848,144.1682605819897,144.29029846191406,4472100,0.0,0.0
2023-05-10 00:00:00-04:00,144.04624021194297,144.86293441915805,143.09814041241344,144.5906982421875,4754900,0.0,0.0
2023-05-11 00:00:00-04:00,145.3228943845915,145.39799352436467,143.98991688193476,144.9286346435547,3495300,0.0,0.0
2023-05-12 00:00:00-04:00,145.21964170019777,146.48691646757356,144.9286414721759,146.40243530273438,5252900,0.0,0.0
2023-05-15 00:00:00-04:00,147.01257716055977,147.1439970634581,145.1633021759719,146.4493408203125,5414900,0.0,0.0
2023-05-16 00:00:00-04:00,146.31793116020285,147.30358766278755,145.43553418310216,146.19590759277344,5591500,0.0,0.0
2023-05-17 00:00:00-04:00,146.68405045992407,146.965668688064,144.46867569489348,145.5763702392578,4286900,0.0,0.0
2023-05-18 00:00:00-04:00,143.9148005494068,144.23396111254203,142.30960139007146,143.18260192871094,6997600,0.0,0.0
2023-05-19 00:00:00-04:00,143.12631709318853,143.92423302503678,142.53492024196692,143.78341674804688,4754100,0.0,0.0
2023-05-22 00:00:00-04:00,143.15446377879053,143.24834128779634,139.70937118899047,140.01914978027344,7876200,0.0,0.0
2023-05-23 00:00:00-04:00,139.67182877710925,139.7563242733569,138.0572471814941,138.50782775878906,6116000,0.0,0.0
2023-05-24 00:00:00-04:00,138.54534324381066,139.11796161929058,137.13726668020712,137.36256408691406,5755400,0.0,0.0
2023-05-25 00:00:00-04:00,136.57405634143,137.24993429571896,135.50391863442195,136.4801788330078,6510300,0.0,0.0
2023-05-26 00:00:00-04:00,136.42386019031588,137.06218142173694,135.8606237783704,136.48956298828125,4716400,0.0,0.0
2023-05-30 00:00:00-04:00,135.04392935858345,135.21289166978977,133.62647078324733,134.4055938720703,5561000,0.0,0.0
2023-05-31 00:00:00-04:00,134.38684540160588,135.15658655911196,133.20405179133738,133.7672882080078,19854800,0.0,0.0
2023-06-01 00:00:00-04:00,134.47132145919213,135.28800134101584,133.72034437338925,135.1378173828125,6091100,0.0,0.0
2023-06-02 00:00:00-04:00,135.65412239057025,137.69113857206,135.54148082298335,137.54095458984375,6124400,0.0,0.0
2023-06-05 00:00:00-04:00,137.09971947827069,138.78941416022542,136.7993229465032,136.9964599609375,4753700,0.0,0.0
2023-06-06 00:00:00-04:00,137.1185059350191,137.34378902344568,134.75293324066888,135.6353302001953,4635900,0.0,0.0
2023-06-07 00:00:00-04:00,135.18476588734546,136.22674337758184,134.6778645002814,135.92636108398438,6194400,0.0,0.0
2023-06-08 00:00:00-04:00,136.43322512779946,137.66294300540955,136.03896541828522,137.4658203125,4863700,0.0,0.0
2023-06-09 00:00:00-04:00,136.75238455255172,137.7849797285613,135.86060562255892,137.57846069335938,5569500,0.0,0.0
2023-06-12 00:00:00-04:00,137.9915048811124,138.00088690178475,135.69164933116633,136.4989471435547,5354000,0.0,0.0
2023-06-13 00:00:00-04:00,135.6540820678682,136.75237999647172,135.43818101960287,136.17037963867188,5321200,0.0,0.0
2023-06-14 00:00:00-04:00,136.40505957758666,137.88823518503796,135.95447911573268,137.44703674316406,5693300,0.0,0.0
2023-06-15 00:00:00-04:00,138.1511034379076,139.8407984225231,137.55970661236776,139.3526611328125,5863000,0.0,0.0
2023-06-16 00:00:00-04:00,139.79383884017068,140.89213683563054,139.77506047544531,140.37583923339844,11244900,0.0,0.0
2023-06-20 00:00:00-04:00,140.57297148019518,141.07049070080714,139.0334750699876,139.08041381835938,5340700,0.0,0.0
2023-06-21 00:00:00-04:00,139.17427289364508,140.4321654239753,138.80817358503634,140.28196716308594,4649700,0.0,0.0
2023-06-22 00:00:00-04:00,141.1362073319205,141.84024558401117,140.3195132193828,140.76071166992188,6666800,0.0,0.0
2023-06-23 00:00:00-04:00,141.04234378011145,141.30518360764958,138.8926864069541,139.36204528808594,13843300,0.0,0.0
2023-06-26 00:00:00-04:00,139.02411247015485,139.84079237586545,137.7286773173474,139.5028533935547,4353100,0.0,0.0
2023-06-27 00:00:00-04:00,139.3432556115847,140.96723319784607,139.2963168625423,140.82643127441406,5445400,0.0,0.0
2023-06-28 00:00:00-04:00,140.17873685490267,141.08929430617567,138.89269799687065,140.7982940673828,6733300,0.0,0.0
2023-06-29 00:00:00-04:00,139.38080766130665,140.52604446345077,138.08538690500785,140.2256622314453,7343000,0.0,0.0
2023-06-30 00:00:00-04:00,140.6480856548508,142.7508186230124,140.61052892265877,142.4410400390625,7058300,0.0,0.0
2023-07-03 00:00:00-04:00,142.196953396832,143.18260984803686,141.24885367495236,143.15444946289062,3996100,0.0,0.0
2023-07-05 00:00:00-04:00,142.33779716789638,143.11693472954818,142.15943847835345,142.91041564941406,8279800,0.0,0.0
2023-07-06 00:00:00-04:00,141.9341099695797,142.8634456268108,141.52107189969922,142.6757049560547,7958300,0.0,0.0
2023-07-07 00:00:00-04:00,142.4128700940484,142.60999279188934,139.63425936987562,139.6811981201172,9169500,0.0,0.0
2023-07-10 00:00:00-04:00,139.81261744588238,141.10805246395296,139.62487676939134,139.73751831054688,5529200,0.0,0.0
2023-07-11 00:00:00-04:00,139.61550144756575,139.9158980341396,137.95398117055868,139.00534057617188,5150300,0.0,0.0
2023-07-12 00:00:00-04:00,138.9583787726162,140.24441742681228,138.59227944575844,139.72813415527344,6764600,0.0,0.0
2023-07-13 00:00:00-04:00,139.86891445007865,140.35705158496802,139.1179375480242,139.8219757080078,5561400,0.0,0.0
2023-07-14 00:00:00-04:00,140.12240031163194,141.3990570041574,139.6154847134711,140.85459899902344,6128900,0.0,0.0
2023-07-17 00:00:00-04:00,140.47910091397847,140.95785611781702,139.84077974045462,139.85955810546875,4625300,0.0,0.0
2023-07-18 00:00:00-04:00,139.53100922520414,141.2582464900775,139.28694776072086,140.12240600585938,5351200,0.0,0.0
2023-07-19 00:00:00-04:00,140.38526818279703,141.57744395507717,139.73755052444247,141.0799102783203,6203600,0.0,0.0
2023-07-20 00:00:00-04:00,141.26978809323634,142.4033441690061,139.93785285758182,142.22386169433594,6445400,0.941,0.0
2023-07-21 00:00:00-04:00,142.78118664603434,145.16166441582814,142.3561049334865,144.46263122558594,9938400,0.0,0.0
2023-07-24 00:00:00-04:00,144.3775876470728,145.4261300067248,143.86749258121637,144.92547607421875,5549500,0.0,0.0
2023-07-25 00:00:00-04:00,144.98217137249944,145.34113628373197,144.00920118947582,145.26556396484375,5883800,0.0,0.0
2023-07-26 00:00:00-04:00,144.64208166858435,146.26685024857682,144.4248202927551,145.41668701171875,7013800,0.0,0.0
2023-07-27 00:00:00-04:00,145.62453334850701,146.04017390818439,143.50855159648862,143.6880340576172,7191600,0.0,0.0
2023-07-28 00:00:00-04:00,146.09681738016926,148.76067265005983,146.04014175522695,147.7499237060547,9397300,0.0,0.0
2023-07-31 00:00:00-04:00,147.7404964584657,148.94962473531663,146.47469254581648,147.6460418701172,7955200,0.0,0.0
2023-08-01 00:00:00-04:00,147.24929131168128,148.46786066778748,147.23983576351404,147.5988006591797,5718800,0.0,0.0
2023-08-02 00:00:00-04:00,147.33430024078442,148.99684789137632,147.33430024078442,147.9199676513672,5636000,0.0,0.0
2023-08-03 00:00:00-04:00,148.08054930176795,148.96850594087314,147.5610130849653,148.30726623535156,5792700,0.0,0.0
2023-08-04 00:00:00-04:00,148.7134486958985,148.99684125463463,146.55968831181485,146.6824951171875,4785900,0.0,0.0
2023-08-07 00:00:00-04:00,147.0508991524718,148.44895083254085,146.88087226787093,148.231689453125,4107400,0.0,0.0
2023-08-08 00:00:00-04:00,148.5717553784215,148.90238242315746,147.86328120879628,148.39227294921875,4625500,0.0,0.0
2023-08-09 00:00:00-04:00,148.60009769918616,149.33690970482866,148.09000262371995,148.20335388183594,4293200,0.0,0.0
2023-08-10 00:00:00-04:00,148.46786069197876,149.61087214660566,147.17371902005073,147.466552734375,4307800,0.0,0.0
2023-08-11 00:00:00-04:00,147.76885825092833,148.74184300779558,147.16429401441616,148.32620239257812,3862300,0.0,0.0
2023-08-14 00:00:00-04:00,148.43007911108646,148.80792626856226,146.89032383717964,147.1642608642578,4297600,0.0,0.0
2023-08-15 00:00:00-04:00,147.16425200172347,147.3342933021089,145.90790379250103,146.21961975097656,6921100,0.0,0.0
2023-08-16 00:00:00-04:00,146.1912802570878,147.1075746829012,144.40592590024454,144.72711181640625,6356800,0.0,0.0
2023-08-17 00:00:00-04:00,144.7271354568107,145.0577481464112,143.38574477278036,143.6880340576172,6419500,0.0,0.0
2023-08-18 00:00:00-04:00,143.2251325921065,144.4248195474792,142.80005097587102,144.0941925048828,5448200,0.0,0.0
2023-08-21 00:00:00-04:00,143.6691113640182,144.32090990424305,142.885064889106,143.36683654785156,4504700,0.0,0.0
2023-08-22 00:00:00-04:00,143.03622024927384,143.72579778809276,142.5733452361242,143.42352294921875,4195600,0.0,0.0
2023-08-23 00:00:00-04:00,144.02808057488858,144.98215396011926,144.02808057488858,144.764892578125,4522500,0.0,0.0
2023-08-24 00:00:00-04:00,144.10364805200737,146.11570487924035,144.03751687791058,144.0941925048828,4088900,0.0,0.0
2023-08-25 00:00:00-04:00,144.90658567580533,145.54894312007963,144.01864344222224,145.03883361816406,3541500,0.0,0.0
2023-08-28 00:00:00-04:00,145.1994471945328,145.82289360095513,144.5759863741645,145.26556396484375,3614700,0.0,0.0
2023-08-29 00:00:00-04:00,145.4261277273724,145.51114116802535,143.61243559039085,145.35055541992188,4034600,0.0,0.0
2023-08-30 00:00:00-04:00,145.5678442209178,146.2952007190007,145.19943819788065,145.5111541748047,3712200,0.0,0.0
2023-08-31 00:00:00-04:00,145.58670491669872,146.56913044185694,145.3127679304956,145.79452514648438,5451400,0.0,0.0
2023-09-01 00:00:00-04:00,146.32354519997392,146.68251010531526,145.05774131074867,145.95513916015625,4126300,0.0,0.0
2023-09-05 00:00:00-04:00,145.28445641515268,146.27632325248655,143.961962494059,143.999755859375,5097000,0.0,0.0
2023-09-06 00:00:00-04:00,143.85805872024125,144.00920336029608,143.14958443567377,143.71636962890625,3877400,0.0,0.0
2023-09-07 00:00:00-04:00,144.0469727741015,145.65284466929583,143.93360710593856,145.0860595703125,4824800,0.0,0.0
2023-09-08 00:00:00-04:00,144.92550630730744,144.9632996764811,143.91475709809134,144.46263122558594,3384700,0.0,0.0
2023-09-11 00:00:00-04:00,144.84049317706075,146.51249662509582,144.60433506800285,146.18186950683594,4288500,0.0,0.0
2023-09-12 00:00:00-04:00,146.408544305738,146.55967449740032,143.17790403412604,143.6124267578125,4537800,0.0,0.0
2023-09-13 00:00:00-04:00,143.56521185069897,145.0860704189493,143.26293701219777,144.61375427246094,4040600,0.0,0.0
2023-09-14 00:00:00-04:00,145.331684645421,146.342433707865,144.8782507648631,146.20074462890625,4606800,0.0,0.0
2023-09-15 00:00:00-04:00,145.50170905616457,146.72029277018598,144.7460003487478,144.97271728515625,10262400,0.0,0.0
2023-09-18 00:00:00-04:00,145.8984464954242,145.92678430949124,145.01048988413962,145.52059936523438,3536500,0.0,0.0
2023-09-19 00:00:00-04:00,145.23720909209214,145.5300427846809,143.3385034500545,145.09552001953125,4704200,0.0,0.0
2023-09-20 00:00:00-04:00,145.25610985218063,146.21018326675315,144.86880715771213,144.97271728515625,5446400,0.0,0.0
2023-09-21 00:00:00-04:00,144.9538357397194,145.19944938329505,143.65025285759864,143.71636962890625,5096400,0.0,0.0
2023-09-22 00:00:00-04:00,143.99974700790915,144.84991029396804,142.9984390977681,143.18736267089844,6327000,0.0,0.0
2023-09-25 00:00:00-04:00,142.80948142068016,142.90395040119265,141.7137190820257,142.3182830810547,5527000,0.0,0.0
2023-09-26 00:00:00-04:00,141.67592121974116,142.03488603754437,140.55180669151935,141.05247497558594,6366500,0.0,0.0
2023-09-27 00:00:00-04:00,141.14696595098013,141.4114618595067,138.51144800032407,139.18212890625,5403700,0.0,0.0
2023-09-28 00:00:00-04:00,139.63553856665672,139.7866687638908,137.61401182352995,138.2374725341797,6237100,0.0,0.0
2023-09-29 00:00:00-04:00,138.4264159446926,138.6436917596514,136.80166159030927,137.78407287597656,6683300,0.0,0.0
2023-10-02 00:00:00-04:00,136.7638508970629,137.53845623184336,135.93256993562898,137.15115356445312,5153800,0.0,0.0
2023-10-03 00:00:00-04:00,137.13223535617846,138.37915660257804,136.98109076620128,137.4345245361328,4670600,0.0,0.0
2023-10-04 00:00:00-04:00,137.5290051051021,138.20914147469134,136.90554436398796,137.88796997070312,4727800,0.0,0.0
2023-10-05 00:00:00-04:00,137.61403378152525,138.00133650423777,135.73422463060325,135.838134765625,5205700,0.0,0.0
2023-10-06 00:00:00-04:00,135.64916954494433,136.55600825049228,133.61820196812798,136.11203002929688,7406700,0.0,0.0
2023-10-09 00:00:00-04:00,135.4224853515625,135.99871162366125,133.75993771410378,135.4224853515625,5062200,0.0,0.0
2023-10-10 00:00:00-04:00,136.00816147779827,137.17951077875784,135.76256225625087,136.7638702392578,5988900,0.0,0.0
2023-10-11 00:00:00-04:00,137.10390968554347,137.50065345890246,134.66675700867302,135.0823974609375,5469100,0.0,0.0
2023-10-12 00:00:00-04:00,134.88403622319757,135.96091644028417,133.8166115537868,135.38470458984375,5965600,0.0,0.0
2023-10-13 00:00:00-04:00,135.2618847318268,137.00000449102288,135.2618847318268,136.6788330078125,7078900,0.0,0.0
2023-10-16 00:00:00-04:00,137.78405802280884,138.91761381913358,137.40621089534858,137.98243713378906,6509800,0.0,0.0
2023-10-17 00:00:00-04:00,138.0202219354205,138.6909171911472,137.19839647066553,138.1619110107422,6160100,0.0,0.0
2023-10-18 00:00:00-04:00,141.75152812499957,142.9228774279393,140.5329587357197,141.7231903076172,10508500,0.0,0.0
2023-10-19 00:00:00-04:00,142.21842230883587,142.85531878733653,139.90847047912757,140.9256134033203,8146000,0.941,0.0
2023-10-20 00:00:00-04:00,141.68611391446976,142.47510909445106,140.61193748191724,140.7355194091797,7284200,0.0,0.0
2023-10-23 00:00:00-04:00,140.55488516030144,142.1138593583501,140.26970394622393,140.83055114746094,5981800,0.0,0.0
2023-10-24 00:00:00-04:00,140.80203797595053,142.65570866106466,140.75451985985586,142.4940948486328,6322000,0.0,0.0
2023-10-25 00:00:00-04:00,142.2469535812274,143.72037788658332,141.75264040354432,143.15953063964844,6172900,0.0,0.0
2023-10-26 00:00:00-04:00,143.587306269642,143.90100420428524,142.34202975949304,142.39906311035156,7582100,0.0,0.0
2023-10-27 00:00:00-04:00,141.61958581564497,142.54166377950716,139.05298318120228,139.88951110839844,8131800,0.0,0.0
2023-10-30 00:00:00-04:00,140.59291785511564,142.16140745079412,140.2507032619604,141.88572692871094,5412800,0.0,0.0
2023-10-31 00:00:00-04:00,142.07587492082686,142.83633899486915,141.29638038853432,142.61770629882812,6762100,0.0,0.0
2023-11-01 00:00:00-04:00,143.2355580366019,143.2355580366019,141.8381976052553,142.2184295654297,5896900,0.0,0.0
2023-11-02 00:00:00-04:00,142.1518849479333,144.15763977921011,141.5530203192502,143.95802307128906,5859200,0.0,0.0
2023-11-03 00:00:00-04:00,144.29075591769623,144.766053243936,142.22796726240654,142.65574645996094,6587700,0.0,0.0
2023-11-06 00:00:00-05:00,142.93139573531408,143.77742429643175,142.6842463764771,143.4827423095703,6480800,0.0,0.0
2023-11-07 00:00:00-05:00,143.46370705211606,143.7774049489587,142.7032286208236,143.15000915527344,6003800,0.0,0.0
2023-11-08 00:00:00-05:00,143.50173963052916,143.72987300755284,142.12336612138586,142.59866333007812,4832600,0.0,0.0
2023-11-09 00:00:00-05:00,142.3420270279859,142.92189025878906,141.7526485689413,142.92189025878906,6581500,0.0,0.0
2023-11-10 00:00:00-05:00,143.38767381493858,143.95803632850658,142.5131285977432,143.9295196533203,5387200,0.0,0.0
2023-11-13 00:00:00-05:00,143.96751794323566,145.34587691233511,143.96751794323566,144.92762756347656,6297500,0.0,0.0
2023-11-14 00:00:00-05:00,145.01319433118576,145.91625620803632,144.18616725024344,144.60443115234375,7982600,0.0,0.0
2023-11-15 00:00:00-05:00,144.54737516777269,144.86107304522486,142.95038361520022,143.93899536132812,7672600,0.0,0.0
2023-11-16 00:00:00-05:00,144.48084684336996,145.3363759940928,143.8344351143346,145.2793426513672,7590500,0.0,0.0
2023-11-17 00:00:00-05:00,145.1747984216296,145.2888651241573,143.43520868347443,143.6063232421875,8495600,0.0,0.0
2023-11-20 00:00:00-05:00,142.7887918518417,143.56827172080833,142.26596202849365,142.8458251953125,6856500,0.0,0.0
2023-11-21 00:00:00-05:00,142.44657744448602,142.59866152560406,141.47696708964597,142.2184295654297,7310400,0.0,0.0
2023-11-22 00:00:00-05:00,142.68424687425875,143.99605748179653,142.68424687425875,143.5587921142578,4372700,0.0,0.0
2023-11-24 00:00:00-05:00,143.71087047140358,144.24321557895908,143.56828709745545,143.9010009765625,2132500,0.0,0.0
2023-11-27 00:00:00-05:00,144.03407911133155,144.14814580691373,143.29261658020616,143.76791381835938,6021300,0.0,0.0
2023-11-28 00:00:00-05:00,143.68234464080138,145.2223175059154,143.68234464080138,144.76602172851562,6110400,0.0,0.0
2023-11-29 00:00:00-05:00,144.76602388643335,144.91812248116716,143.53026269275207,143.66334533691406,5342700,0.0,0.0
2023-11-30 00:00:00-05:00,143.44470475465434,146.03983819236302,142.66522480446025,145.93527221679688,9771300,0.0,0.0
2023-12-01 00:00:00-05:00,145.75464861547735,145.90674720850834,144.70898891953956,145.1177520751953,5685400,0.0,0.0
2023-12-04 00:00:00-05:00,144.2717277827643,144.99417436324794,144.1671618101358,144.54739379882812,6578300,0.0,0.0
2023-12-05 00:00:00-05:00,144.62344999607822,145.07023058180943,138.95790026282438,139.50924682617188,11895800,0.0,0.0
2023-12-06 00:00:00-05:00,139.74689294669503,139.88949082538585,138.44458311652772,139.40467834472656,7610000,0.0,0.0
2023-12-07 00:00:00-05:00,139.32863353386062,139.83244742486156,138.80580369275026,139.2620849609375,6119600,0.0,0.0
2023-12-08 00:00:00-05:00,138.71075213297644,139.01494934506147,137.37992559240806,137.97879028320312,6385300,0.0,0.0
2023-12-11 00:00:00-05:00,137.64608172096555,138.66321025808494,137.50348384796496,138.61569213867188,8471200,0.0,0.0
2023-12-12 00:00:00-05:00,138.65370229293677,139.00541758577705,137.91223980780765,138.72975158691406,6069200,0.0,0.0
2023-12-13 00:00:00-05:00,138.6537008981173,141.30585291364227,138.26395370974927,141.23931884765625,9055500,0.0,0.0
2023-12-14 00:00:00-05:00,141.12524674131234,141.2107967535463,137.24681996592935,137.5129852294922,10565200,0.0,0.0
2023-12-15 00:00:00-05:00,136.10610295921092,137.12324595744394,135.4597057118597,136.8475799560547,14550000,0.0,0.0
2023-12-18 00:00:00-05:00,137.04722084659304,140.20320186034962,137.0282048933389,138.9484100341797,8421800,0.0,0.0
2023-12-19 00:00:00-05:00,138.47311273728303,139.11000937453386,138.2069474114147,138.9484100341797,5233600,0.0,0.0
2023-12-20 00:00:00-05:00,138.3780390737831,138.85333629199914,136.73350025521316,136.800048828125,7663800,0.0,0.0
2023-12-21 00:00:00-05:00,137.37993059368017,137.63658068268356,136.05860472854144,137.1327667236328,6104700,0.0,0.0
2023-12-22 00:00:00-05:00,137.36089347100693,138.4350698054687,137.1612622609605,138.10235595703125,4413800,0.0,0.0
2023-12-26 00:00:00-05:00,137.92174053020995,138.948384241524,137.80767384170383,138.72975158691406,3634900,0.0,0.0
2023-12-27 00:00:00-05:00,138.45409429510403,139.0814901969106,138.17842825002535,138.84384155273438,4569400,0.0,0.0
2023-12-28 00:00:00-05:00,138.78680069160336,138.7963014150845,137.8742235651644,138.53013610839844,5023000,0.0,0.0
2023-12-29 00:00:00-05:00,138.78679522202248,139.6993723124968,138.5301306489327,139.30010986328125,5300900,0.0,0.0
2024-01-02 00:00:00-05:00,139.12901412321798,142.02833030177953,139.08148149637182,141.3914337158203,7238400,0.0,0.0
2024-01-03 00:00:00-05:00,141.01121654697016,141.8287285820964,139.90852319634882,140.53591918945312,7697500,0.0,0.0
2024-01-04 00:00:00-05:00,140.73551444664767,141.89524086260167,140.4693491549455,141.3058624267578,7067400,0.0,0.0
2024-01-05 00:00:00-05:00,141.37240284020598,141.51498620077152,139.30961469614604,140.13662719726562,5294200,0.0,0.0
2024-01-08 00:00:00-05:00,140.60242483823086,141.56251998540452,140.35526100466078,141.34388732910156,8255300,0.0,0.0
2024-01-09 00:00:00-05:00,141.2298523242994,142.01883310947514,140.73553905118098,141.9237823486328,9786800,0.0,0.0
2024-01-10 00:00:00-05:00,141.97127256333079,142.58915309142614,141.8857080477377,142.53211975097656,8591100,0.0,0.0
2024-01-11 00:00:00-05:00,142.63670925713032,143.34965514028332,141.91424814571909,143.073974609375,6659400,0.0,0.0
2024-01-12 00:00:00-05:00,143.492229995748,143.82494385676782,142.48460219483576,143.15953063964844,5684700,0.0,0.0
2024-01-16 00:00:00-05:00,142.73177151647528,144.01508001161702,141.52452683384934,142.38955688476562,8120100,0.0,0.0
2024-01-17 00:00:00-05:00,141.79065731529465,143.15951550575932,141.64805945925198,142.53211975097656,6541400,0.0,0.0
2024-01-18 00:00:00-05:00,141.79650901288105,141.95912891161825,140.54336804291555,141.71041870117188,6526200,0.941,0.0
2024-01-19 00:00:00-05:00,141.81567136600535,142.1696079997058,140.91646679727882,141.16519165039062,7848100,0.0,0.0
2024-01-22 00:00:00-05:00,140.5912095387355,141.77739631610933,139.931154581831,141.4425811767578,11084100,0.0,0.0
2024-01-23 00:00:00-05:00,146.46473090373382,149.61193212774032,146.2542781608671,147.29696655273438,19101600,0.0,0.0
2024-01-24 00:00:00-05:00,147.24910956271495,147.53609185557116,145.48897290810132,145.51766967773438,11592700,0.0,0.0
2024-01-25 00:00:00-05:00,145.78552186331888,148.90404052470396,145.46028206321319,148.8657684326172,10352500,0.0,0.0
2024-01-26 00:00:00-05:00,149.04754110407268,149.3823562630345,148.59793884902246,149.36322021484375,8356600,0.0,0.0
2024-01-29 00:00:00-05:00,149.87975990238098,150.50155732822293,148.655315693264,149.38233947753906,8987400,0.0,0.0
2024-01-30 00:00:00-05:00,149.55452090251455,151.06594742422038,149.0571004750112,150.6546173095703,7794700,0.0,0.0
2024-01-31 00:00:00-05:00,151.13289241496412,151.62075204059843,149.89887307288305,150.3197784423828,8870000,0.0,0.0
2024-02-01 00:00:00-05:00,149.96585048686134,152.38604190312597,149.8223520500539,152.271240234375,7601100,0.0,0.0
2024-02-02 00:00:00-05:00,152.0704029278158,152.6730644088507,150.6928993120382,151.2285919189453,7937700,0.0,0.0
2024-02-05 00:00:00-05:00,151.30509643810785,152.09907449049044,150.72157110305687,151.34336853027344,6931900,0.0,0.0
2024-02-06 00:00:00-05:00,151.4390240874286,152.16604789500948,151.01811864020323,152.06082153320312,6185400,0.0,0.0
2024-02-07 00:00:00-05:00,152.1947609941106,152.89307350836182,151.8503851000296,152.21388244628906,7209300,0.0,0.0
2024-02-08 00:00:00-05:00,151.9077588837134,152.19474119086075,150.92246415317769,151.75469970703125,6121600,0.0,0.0
2024-02-09 00:00:00-05:00,151.39116991337934,151.46769949267275,150.1476043903049,150.58763122558594,5978000,0.0,0.0
2024-02-12 00:00:00-05:00,150.530256669482,150.7694061612296,148.7414231420983,150.29110717773438,5482000,0.0,0.0
2024-02-13 00:00:00-05:00,150.90332495029202,152.07037560415898,148.73184354068363,149.48756408691406,6046800,0.0,0.0
2024-02-14 00:00:00-05:00,149.38233141211109,149.38233141211109,148.18658403835224,148.87533569335938,5727300,0.0,0.0
2024-02-15 00:00:00-05:00,149.51625821933172,150.58764322173855,149.3727597730284,150.1954345703125,6249200,0.0,0.0
2024-02-16 00:00:00-05:00,150.22411915859777,151.57292562323408,149.87018262683037,150.67372131347656,6617600,0.0,0.0
2024-02-20 00:00:00-05:00,151.81209652784148,152.85478482302028,151.26684326935947,151.63034057617188,6622100,0.0,0.0
2024-02-21 00:00:00-05:00,152.2808182012367,153.43829345703125,152.2808182012367,153.43829345703125,7121000,0.0,0.0
2024-02-22 00:00:00-05:00,152.5391054525459,154.0983500824023,151.74512745491393,153.5913543701172,6619500,0.0,0.0
2024-02-23 00:00:00-05:00,153.62963972811326,154.7201608293956,153.20873428612242,154.0409698486328,5486500,0.0,0.0
2024-02-26 00:00:00-05:00,154.04095522749338,154.17487834664007,153.12262943806613,153.26611328125,4531900,0.0,0.0
2024-02-27 00:00:00-05:00,152.49128898475942,152.86436161674314,152.06082280885926,152.3860626220703,3868200,0.0,0.0
2024-02-28 00:00:00-05:00,152.16605365484816,153.17046989603287,151.75470891711598,153.103515625,3802900,0.0,0.0
2024-02-29 00:00:00-05:00,152.98870968094886,153.16090490950788,151.31466319684492,152.04168701171875,8348100,0.0,0.0
2024-03-01 00:00:00-05:00,151.19031561064062,152.12777755611864,150.76941015856113,151.95559692382812,4819800,0.0,0.0
2024-03-04 00:00:00-05:00,150.89376495693338,152.82608229451455,150.82679609451384,152.634765625,3841600,0.0,0.0
2024-03-05 00:00:00-05:00,152.53912027686167,153.0461160384185,151.88862606042298,152.4051971435547,4481600,0.0,0.0
2024-03-06 00:00:00-05:00,152.74955991067847,153.0461175484161,152.01298996848635,152.64434814453125,5405700,0.0,0.0
2024-03-07 00:00:00-05:00,153.0078390601688,153.926179513902,152.54867613156537,153.6487579345703,4783900,0.0,0.0
2024-03-08 00:00:00-05:00,152.9121886941841,154.25141999037368,151.41988362575322,153.39048767089844,5080200,0.0,0.0
2024-03-11 00:00:00-04:00,154.3374991351262,155.5619432591918,153.84007874483572,154.53839111328125,5170900,0.0,0.0
2024-03-12 00:00:00-04:00,154.79667423335775,155.46628982263582,154.23227039705006,154.90188598632812,4229100,0.0,0.0
2024-03-13 00:00:00-04:00,155.3323737007931,155.66717421224868,154.3279429733749,155.25584411621094,5410500,0.0,0.0
2024-03-14 00:00:00-04:00,155.19845781134782,155.5619551094001,154.13663349512836,154.49057006835938,5848100,0.0,0.0
2024-03-15 00:00:00-04:00,153.72528401740175,154.4905652786445,153.34265068504337,154.3757781982422,10956900,0.0,0.0
2024-03-18 00:00:00-04:00,154.471420941456,155.65760756253724,154.01225804796735,154.21315002441406,6086300,0.0,0.0
2024-03-19 00:00:00-04:00,154.77753187050666,155.1314683968496,154.17487056649608,154.8062286376953,6148100,0.0,0.0
2024-03-20 00:00:00-04:00,154.9784109981075,155.3514835723146,154.4618545863302,154.95928955078125,4870300,0.0,0.0
2024-03-21 00:00:00-04:00,155.0549744019447,155.40892560603936,154.12707312583848,154.8349609375,5211500,0.0,0.0
2024-03-22 00:00:00-04:00,155.16018746159807,155.36107945731263,154.46187503211468,154.6436309814453,6393200,0.0,0.0
2024-03-25 00:00:00-04:00,154.17488865451648,154.64362690113157,152.79738528175278,153.2374267578125,7145600,0.0,0.0
2024-03-26 00:00:00-04:00,153.40006166463573,154.1462069651288,153.18960892895538,153.58181762695312,5842700,0.0,0.0
2024-03-27 00:00:00-04:00,154.3566209192728,155.6767305484083,154.33748487632946,155.5523681640625,6599700,0.0,0.0
2024-03-28 00:00:00-04:00,155.75329092908967,156.05939469410563,154.68189126021662,155.20802307128906,7191500,0.0,0.0
2024-04-01 00:00:00-04:00,154.75841879789667,155.035840383931,152.86435889968539,153.61050415039062,5971900,0.0,0.0
2024-04-02 00:00:00-04:00,152.71129322303037,153.73486001621689,152.71129322303037,153.60093688964844,6771200,0.0,0.0
2024-04-03 00:00:00-04:00,153.65832607992286,153.89747555606218,148.92315477514384,149.3727569580078,9601800,0.0,0.0
2024-04-04 00:00:00-04:00,150.07108284251515,150.26239950272512,148.66488276535728,148.70314025878906,6801700,0.0,0.0
2024-04-05 00:00:00-04:00,148.55007936398204,150.24326171002147,147.9761293900287,149.32493591308594,5121200,0.0,0.0
2024-04-08 00:00:00-04:00,149.20057808472487,149.8988904761833,148.87533829654157,149.2675323486328,5476800,0.0,0.0
2024-04-09 00:00:00-04:00,149.48758407586575,149.94674706117834,148.94231617112797,149.86065673828125,4608100,0.0,0.0
2024-04-10 00:00:00-04:00,148.89444937635082,150.7406908153383,148.89444937635082,150.4154510498047,7784900,0.0,0.0
2024-04-11 00:00:00-04:00,150.71199110510105,150.75982391592794,149.00924813464007,149.07620239257812,8209800,0.0,0.0
2024-04-12 00:00:00-04:00,148.48312203947205,149.2005704395095,148.0239591504751,148.58834838867188,6770500,0.0,0.0
2024-04-15 00:00:00-04:00,149.63104138715923,150.0136893041047,148.5883531819682,148.70314025878906,5754000,0.0,0.0
2024-04-16 00:00:00-04:00,149.08580647594792,150.12849480912845,148.91361124305416,149.18145751953125,6103300,0.0,0.0
2024-04-17 00:00:00-04:00,149.5162554052015,150.30065809676398,148.98056291408065,150.14761352539062,6621900,0.0,0.0
2024-04-18 00:00:00-04:00,150.52019666324844,151.76218428271375,150.15435225824803,151.43482971191406,7819300,1.007,0.0
2024-04-19 00:00:00-04:00,149.21084744453862,152.29172413591868,147.8052043403991,152.2532196044922,12034200,0.0,0.0
2024-04-22 00:00:00-04:00,152.53238758327208,155.2859237932957,151.39632049693432,154.5638427734375,8926300,0.0,0.0
2024-04-23 00:00:00-04:00,155.66142107282215,156.0657994127068,154.44833012550043,155.48812866210938,7707300,0.0,0.0
2024-04-24 00:00:00-04:00,155.19928671175023,156.7974963220208,153.4855488325655,156.54718017578125,7217600,0.0,0.0
2024-04-25 00:00:00-04:00,156.90340232877213,158.20315411879238,156.04653338810581,156.49903869628906,7094600,0.0,0.0
2024-04-26 00:00:00-04:00,156.4508829975608,157.24036527410536,154.51571121039325,155.28591918945312,5659800,0.0,0.0
2024-04-29 00:00:00-04:00,155.1704012320429,155.7673168626744,154.43869772705023,155.6421661376953,4621000,0.0,0.0
2024-04-30 00:00:00-04:00,155.81547307155938,157.2692724493245,155.58441651725977,157.12484741210938,8106100,0.0,0.0
2024-05-01 00:00:00-04:00,157.2018545475591,158.12612473941533,156.18131569851084,157.3173828125,7543000,0.0,0.0
2024-05-02 00:00:00-04:00,157.45217720814767,158.3668249794098,156.585685803641,157.7410125732422,5647500,0.0,0.0
2024-05-03 00:00:00-04:00,157.45218590738727,158.57864536257054,156.12356665978928,158.33795166015625,5581500,0.0,0.0
2024-05-06 00:00:00-04:00,158.64600440341948,158.83855639374931,157.18258283351744,158.31866455078125,5472400,0.0,0.0
2024-05-07 00:00:00-04:00,158.83857543834998,159.85911433115743,158.4630938704156,159.58953857421875,6433000,0.0,0.0
2024-05-08 00:00:00-04:00,159.80134577401122,160.17682733155485,158.79042936807787,158.92523193359375,4579400,0.0,0.0
2024-05-09 00:00:00-04:00,158.90596281702219,160.13831322397732,158.90596281702219,159.85910034179688,4671100,0.0,0.0
2024-05-10 00:00:00-04:00,159.90725881984,161.12998689724668,159.53177724530119,160.63897705078125,4879400,0.0,0.0
2024-05-13 00:00:00-04:00,160.6389643523854,161.40917235871487,159.20442476266103,159.6954345703125,5725500,0.0,0.0
2024-05-14 00:00:00-04:00,159.36810449332845,159.88801108940802,157.8469186130162,159.58953857421875,6009800,0.0,0.0
2024-05-15 00:00:00-04:00,159.15630340130883,160.47530020579504,158.97337383468826,160.31163024902344,5102700,0.0,0.0
2024-05-16 00:00:00-04:00,160.7159857237276,162.07350167875498,160.3886458268603,161.6113739013672,6793600,0.0,0.0
2024-05-17 00:00:00-04:00,161.42846398060613,161.746181457076,160.66787828174478,161.3995819091797,4700800,0.0,0.0
2024-05-20 00:00:00-04:00,161.3129346640342,161.6306521384737,160.58121635049633,161.0818634033203,3804600,0.0,0.0
2024-05-21 00:00:00-04:00,161.5150816333922,162.2660447392413,161.06257634002463,162.0831298828125,5147100,0.0,0.0
2024-05-22 00:00:00-04:00,161.75579971543152,162.16016339567676,161.38995525660692,161.56324768066406,4536700,0.0,0.0
2024-05-23 00:00:00-04:00,161.06258796992407,161.85207034838928,159.16593515132058,159.32960510253906,4729800,0.0,0.0
2024-05-24 00:00:00-04:00,159.67622996888096,160.11909821525853,159.0022757570181,159.1755828857422,3820100,0.0,0.0
2024-05-28 00:00:00-04:00,158.36681123993438,158.62674982426864,156.21981314192846,157.03817749023438,6466200,0.0,0.0
2024-05-29 00:00:00-04:00,156.59529727189937,156.68195815888927,155.41108851798,155.6325225830078,4360400,0.0,0.0
2024-05-30 00:00:00-04:00,155.63253541031347,156.64345185512497,155.46886546260527,156.52792358398438,4748200,0.0,0.0
2024-05-31 00:00:00-04:00,156.3931444565583,158.6364115550036,155.94063911489718,158.4149627685547,10341400,0.0,0.0
2024-06-03 00:00:00-04:00,157.82765976040668,160.05168180196893,157.5388390842868,158.52085876464844,5828400,0.0,0.0
2024-06-04 00:00:00-04:00,158.655638232937,160.8989050734667,158.28015668310957,160.79299926757812,6277000,0.0,0.0
2024-06-05 00:00:00-04:00,160.79299939334734,160.79299939334734,158.83856790287376,159.86874389648438,5243300,0.0,0.0
2024-06-06 00:00:00-04:00,159.65692956555324,162.3045599789725,158.9348485437116,162.1986541748047,6302000,0.0,0.0
2024-06-07 00:00:00-04:00,162.131286095406,162.68007483595784,160.62935961293852,160.84117126464844,4558200,0.0,0.0
2024-06-10 00:00:00-04:00,160.5715574586957,161.47656799434944,159.89761813132876,161.12034606933594,4110600,0.0,0.0
2024-06-11 00:00:00-04:00,160.75450407336618,161.26477352477946,159.8398709825751,161.24551391601562,3947700,0.0,0.0
2024-06-12 00:00:00-04:00,161.26477242620854,161.39956030508293,158.10687238619926,159.0311279296875,5474500,0.0,0.0
2024-06-13 00:00:00-04:00,158.3475619522986,160.783380858303,158.3475619522986,160.21534729003906,4902200,0.0,0.0
2024-06-14 00:00:00-04:00,159.81099916476305,160.71599516382824,159.09854050257672,160.58120727539062,3695000,0.0,0.0
2024-06-17 00:00:00-04:00,159.6761980477776,162.42973441840775,159.242937657971,161.2647705078125,6759400,0.0,0.0
2024-06-18 00:00:00-04:00,160.81227977203554,162.37197030618154,160.7256335625337,162.2853240966797,5112600,0.0,0.0
2024-06-20 00:00:00-04:00,162.1023756482301,162.49711681102545,160.64859110304724,161.42843627929688,8483600,0.0,0.0
2024-06-21 00:00:00-04:00,161.245527273067,162.59342087342532,160.9566918807918,161.99649047851562,14682000,0.0,0.0
2024-06-24 00:00:00-04:00,162.47785539372765,163.10366777209225,161.24550493546593,162.1793975830078,7565200,0.0,0.0
2024-06-25 00:00:00-04:00,162.35271497465337,162.62229073633367,159.72432926210467,160.63897705078125,7968200,0.0,0.0
2024-06-26 00:00:00-04:00,159.86875025397075,161.56322852612118,159.49326868891788,161.2166290283203,5164000,0.0,0.0
2024-06-27 00:00:00-04:00,161.25515027831673,161.84244347114023,159.33922321204204,160.4175262451172,5007000,0.0,0.0
2024-06-28 00:00:00-04:00,159.8206213302737,161.01446740479437,158.4534828384141,158.78082275390625,9253100,0.0,0.0
2024-07-01 00:00:00-04:00,159.42586322818948,160.02279354757184,156.16205749722656,156.66270446777344,7638600,0.0,0.0
2024-07-02 00:00:00-04:00,156.52791212797757,157.93355495990193,155.69030284195725,157.79876708984375,5449200,0.0,0.0
2024-07-03 00:00:00-04:00,157.1344838525183,158.09725866649154,156.91303506794443,157.7313995361328,2980500,0.0,0.0
2024-07-05 00:00:00-04:00,157.90468658603612,159.46439172140848,157.41367673627252,159.06002807617188,6509200,0.0,0.0
2024-07-08 00:00:00-04:00,159.7724698753693,160.4656688838688,159.45475243890894,160.32125854492188,5144500,0.0,0.0
2024-07-09 00:00:00-04:00,160.4271482219027,160.55229893947714,158.99260867260972,159.49325561523438,4393100,0.0,0.0
2024-07-10 00:00:00-04:00,159.72432945844253,160.7063638433577,159.37772995145934,160.59083557128906,5037100,0.0,0.0
2024-07-11 00:00:00-04:00,160.1094495613809,160.42716700308154,158.64602777588084,159.3777313232422,5831500,0.0,0.0
2024-07-12 00:00:00-04:00,160.03243161616624,161.3995700964812,159.83987959048966,160.4079132080078,4684600,0.0,0.0
2024-07-15 00:00:00-04:00,160.27311970901664,160.41753005052308,158.33794767894327,158.45347595214844,5752500,0.0,0.0
2024-07-16 00:00:00-04:00,158.7711906861025,160.8507877129883,158.48235531723884,160.73524475097656,6378300,0.0,0.0
2024-07-17 00:00:00-04:00,161.50546145138603,163.83537454221775,161.10109782644267,163.13255310058594,7982300,0.0,0.0
2024-07-18 00:00:00-04:00,162.51639934199508,164.55747734459607,162.0157523012667,162.1697998046875,5926300,0.0,0.0
2024-07-19 00:00:00-04:00,162.6899018893714,163.72625899410485,161.87631064804435,162.6802215576172,6597100,1.007,0.0
2024-07-22 00:00:00-04:00,162.65115736882694,163.39695675879366,162.42839149670345,162.9611053466797,6383000,0.0,0.0
2024-07-23 00:00:00-04:00,162.8254916454229,163.12574448406215,161.09176649047436,161.38232421875,4863400,0.0,0.0
2024-07-24 00:00:00-04:00,161.09178108080025,162.99016071342132,160.3750374681632,162.71896362304688,5907000,0.0,0.0
2024-07-25 00:00:00-04:00,163.0289095929694,164.74325944048715,161.62447816044542,161.65353393554688,7338300,0.0,0.0
2024-07-26 00:00:00-04:00,161.99255054659957,163.99748786259562,161.77946499284732,163.79408264160156,5581600,0.0,0.0
2024-07-29 00:00:00-04:00,163.54224987952398,165.17911275261935,162.8255062674387,164.58828735351562,6797800,0.0,0.0
2024-07-30 00:00:00-04:00,156.70415645633395,157.27562115374343,153.07203697369087,156.6169891357422,15746300,0.0,0.0
2024-07-31 00:00:00-04:00,155.75497418667197,157.74053588841127,154.20527866709773,155.70654296875,9660900,0.0,0.0
2024-08-01 00:00:00-04:00,155.8227860375135,161.08208838226327,155.6290611593733,160.48158264160156,12532700,0.0,0.0
2024-08-02 00:00:00-04:00,162.1765848642625,164.99511358489212,159.95856193240445,164.7335968017578,11899000,0.0,0.0
2024-08-05 00:00:00-04:00,165.50843011596737,165.50843011596737,161.43076402233814,162.77706909179688,10338800,0.0,0.0
2024-08-06 00:00:00-04:00,162.62209207248756,164.97571320672182,162.57367563552407,162.80612182617188,7454900,0.0,0.0
2024-08-07 00:00:00-04:00,163.27102909088813,166.32200330197563,162.7286202101534,164.67544555664062,8385500,0.0,0.0
2024-08-08 00:00:00-04:00,164.0943320442036,166.16706120377535,163.6875363899849,165.49874877929688,6386900,0.0,0.0
2024-08-09 00:00:00-04:00,164.77231204329416,165.87647581329028,164.31708520329173,165.17910766601562,5377300,0.0,0.0
2024-08-12 00:00:00-04:00,164.07492532729074,164.31706660715932,160.9755199007992,161.56634521484375,7208100,0.0,0.0
2024-08-13 00:00:00-04:00,162.07971173780209,162.5252582730757,161.2273843342208,162.03128051757812,3770000,0.0,0.0
2024-08-14 00:00:00-04:00,161.26613216913356,164.14277246583265,160.60751481942435,163.49383544921875,5476600,0.0,0.0
2024-08-15 00:00:00-04:00,164.13306289591176,164.34613363999608,161.50824473945698,162.64146423339844,9491400,0.0,0.0
2024-08-16 00:00:00-04:00,162.54463487232385,163.05797329625298,161.55669413344006,162.6124267578125,5640800,0.0,0.0
2024-08-19 00:00:00-04:00,162.89330195140124,163.91999356428036,162.8836216190741,163.12576293945312,3885300,0.0,0.0
2024-08-20 00:00:00-04:00,163.46476098249533,165.19848627295394,162.82550437206052,165.05320739746094,4513600,0.0,0.0
2024-08-21 00:00:00-04:00,164.8401367103333,166.4866948238269,164.2686867097378,164.8110809326172,4082000,0.0,0.0
2024-08-22 00:00:00-04:00,165.5084549618145,165.85713908577304,163.82314589949237,164.8013916015625,4097300,0.0,0.0
2024-08-23 00:00:00-04:00,164.70453029370148,164.76264184636017,162.96110981827366,163.85218811035156,4771300,0.0,0.0
2024-08-26 00:00:00-04:00,163.39696034371906,165.59560767505937,163.39696034371906,164.99510192871094,6472400,0.0,0.0
2024-08-27 00:00:00-04:00,165.4600071440488,165.72152390557463,163.76501791851192,163.92967224121094,4456400,0.0,0.0
2024-08-28 00:00:00-04:00,164.0943200615012,165.81836499454243,163.28072881247488,163.74563598632812,5644800,0.0,0.0
2024-08-29 00:00:00-04:00,164.4139530557334,165.23723943924153,163.62941755897998,164.68515014648438,4413200,0.0,0.0
2024-08-30 00:00:00-04:00,164.8110797168527,166.47701326291264,164.3558528304797,166.14768981933594,7301600,0.0,0.0
2024-09-03 00:00:00-04:00,165.65372874602764,169.49893432416954,165.61499263528688,169.03402709960938,10101400,0.0,0.0
2024-09-04 00:00:00-04:00,168.17200332367523,170.4674984311813,168.17200332367523,170.37063598632812,7517500,0.0,0.0
2024-09-05 00:00:00-04:00,170.457805412178,171.00019959306672,169.179292175112,169.9541473388672,6061900,0.0,0.0
2024-09-06 00:00:00-04:00,170.235027858841,171.4747902317535,169.82823221577283,170.07037353515625,5785700,0.0,0.0
2024-09-09 00:00:00-04:00,170.02193094047917,171.28106867285962,169.16960360308335,170.5255889892578,6450200,0.0,0.0
2024-09-10 00:00:00-04:00,170.38030984537278,172.3464960417342,170.38030984537278,172.20120239257812,6396300,0.0,0.0
2024-09-11 00:00:00-04:00,171.04864363569362,171.43606385705027,168.17200341576154,168.452880859375,6828200,0.0,0.0
2024-09-12 00:00:00-04:00,168.4335048060909,169.12119269251883,167.01940770202697,168.01702880859375,4838900,0.0,0.0
2024-09-13 00:00:00-04:00,167.92016125558658,169.05338088257704,167.36808671998622,168.60784912109375,3918000,0.0,0.0
2024-09-16 00:00:00-04:00,169.218034013405,171.73629468703683,168.84029417340363,171.6685028076172,6892300,0.0,0.0
2024-09-17 00:00:00-04:00,171.07769657033023,171.40700523092426,169.84761448030682,170.3512725830078,4757100,0.0,0.0
2024-09-18 00:00:00-04:00,169.54736441445198,170.37063607961835,167.14532652794577,168.452880859375,5102900,0.0,0.0
2024-09-19 00:00:00-04:00,167.44557859066217,167.71677570010132,165.02416527128833,166.14768981933594,8692000,0.0,0.0
2024-09-20 00:00:00-04:00,166.11862039530985,169.0533719149725,166.10894006331583,168.74343872070312,28647500,0.0,0.0
2024-09-23 00:00:00-04:00,168.54003286995,169.68294754357507,167.1646719962968,168.30758666992188,10265000,0.0,0.0
2024-09-24 00:00:00-04:00,167.44558163158277,169.0146527617095,167.19374518314862,167.7942657470703,5422400,0.0,0.0
2024-09-25 00:00:00-04:00,168.5981471196413,169.18895768847187,166.6513216590922,166.84503173828125,8916500,0.0,0.0
2024-09-26 00:00:00-04:00,166.10892952300276,169.1211678448767,165.97333098802682,167.7651824951172,4957200,0.0,0.0
2024-09-27 00:00:00-04:00,167.57146418307988,168.9662004711278,167.15498823049657,168.09449768066406,4599500,0.0,0.0
2024-09-30 00:00:00-04:00,168.26883154838052,168.53034829596237,167.28090566486227,167.7554931640625,6296600,0.0,0.0
2024-10-01 00:00:00-04:00,167.79424977628017,168.5303540481867,166.7869336366892,167.60052490234375,7130600,0.0,0.0
2024-10-02 00:00:00-04:00,166.60291440161228,167.02908550458963,165.70215575324693,166.5157470703125,6212700,0.0,0.0
2024-10-03 00:00:00-04:00,165.9830302297372,165.9830302297372,164.43333462190373,164.77232360839844,4794300,0.0,0.0
2024-10-04 00:00:00-04:00,163.54226380216772,164.74327536682202,162.97079901861673,163.57131958007812,6002800,0.0,0.0
2024-10-07 00:00:00-04:00,163.8424889035937,164.24928450447584,161.62446637174304,161.86660766601562,6325300,0.0,0.0
2024-10-08 00:00:00-04:00,161.60512894380426,163.29042313559876,161.04335928682812,162.8739471435547,7473000,0.0,0.0
2024-10-09 00:00:00-04:00,163.08701320715826,164.47205435003974,162.71895370160618,163.94903564453125,8758800,0.0,0.0
2024-10-10 00:00:00-04:00,163.49382024250409,164.45269039946203,163.0773294919919,163.63909912109375,6932300,0.0,0.0
2024-10-11 00:00:00-04:00,164.13307122652003,166.02177047895043,163.65846894088054,165.71182250976562,7036500,0.0,0.0
2024-10-14 00:00:00-04:00,165.6440359329778,167.40681703198584,165.3728388408227,167.08718872070312,5909000,0.0,0.0
2024-10-15 00:00:00-04:00,167.45524429230105,169.41175022156588,167.3874524104315,168.11387634277344,7172200,0.0,0.0
2024-10-16 00:00:00-04:00,166.47700580995436,167.16467888555528,165.51812085792213,166.96128845214844,6117000,0.0,0.0
2024-10-17 00:00:00-04:00,166.76756321929238,168.22041114280216,166.36076757420562,166.8644256591797,7045600,0.0,0.0
2024-10-18 00:00:00-04:00,165.91647573054743,167.77731583959496,164.1238409550381,166.87124633789062,8372500,1.007,0.0
2024-10-21 00:00:00-04:00,166.57897748565392,167.06610750568007,164.1141007736039,165.17604064941406,5522500,0.0,0.0
2024-10-22 00:00:00-04:00,164.2309903969712,166.3353803792353,164.2309903969712,165.33189392089844,7511400,0.0,0.0
2024-10-23 00:00:00-04:00,165.18578498613655,165.78982142539823,164.38688465521705,165.2150115966797,4837800,0.0,0.0
2024-10-24 00:00:00-04:00,165.05911826915957,165.5852269649803,164.58172554384475,165.25396728515625,5861200,0.0,0.0
2024-10-25 00:00:00-04:00,164.57199365966554,165.03963428650368,163.714640122106,163.8900146484375,4877900,0.0,0.0
2024-10-28 00:00:00-04:00,164.92272560404234,165.2929491476873,164.04589758238856,164.9422149658203,5753800,0.0,0.0
2024-10-29 00:00:00-04:00,164.51352120176503,164.51352120176503,162.5357748674627,162.8670196533203,5681000,0.0,0.0
2024-10-30 00:00:00-04:00,162.78908068076032,163.01317115793714,161.68817711917555,161.88302612304688,5518100,0.0,0.0
2024-10-31 00:00:00-04:00,161.49334104732898,162.7403927259934,160.84058859568657,160.9282684326172,6056500,0.0,0.0
2024-11-01 00:00:00-04:00,161.0548975280347,162.06813612282266,160.74314209842558,160.85031127929688,5454800,0.0,0.0
2024-11-04 00:00:00-05:00,161.45435154597524,161.99019746328005,160.34369585648264,160.83082580566406,5130200,0.0,0.0
2024-11-05 00:00:00-05:00,160.1001321206448,162.0389146851574,160.1001321206448,161.49331665039062,4397400,0.0,0.0
2024-11-06 00:00:00-05:00,161.3471946289237,161.7661192813758,155.69648381561893,156.90457153320312,11473700,0.0,0.0
2024-11-07 00:00:00-05:00,157.79115290646112,159.72992075246015,157.32349741250763,159.20382690429688,9056700,0.0,0.0
2024-11-08 00:00:00-05:00,159.79812110734895,163.4321065571302,159.7104264136981,163.3931427001953,7506200,0.0,0.0
2024-11-11 00:00:00-05:00,162.7014115138193,164.1822907990674,161.512813186532,161.75637817382812,6364400,0.0,0.0
2024-11-12 00:00:00-05:00,161.86353948866397,162.75985681438715,161.30821907497767,161.57125854492188,6507500,0.0,0.0
2024-11-13 00:00:00-05:00,161.78560174279264,162.50655944341094,161.415378211931,162.29222106933594,5412300,0.0,0.0
2024-11-14 00:00:00-05:00,162.4188712526363,163.71462381186512,162.2240073836754,162.7793426513672,7444300,0.0,0.0
2024-11-15 00:00:00-05:00,163.61723350494745,166.1795421674141,162.58452024105657,165.17604064941406,9939400,0.0,0.0
2024-11-18 00:00:00-05:00,164.75710316909147,167.0368679178685,164.4843115683503,166.35488891601562,6681000,0.0,0.0
2024-11-19 00:00:00-05:00,166.2964335571432,166.764074171536,165.29294699603614,166.3646240234375,5683700,0.0,0.0
2024-11-20 00:00:00-05:00,165.63393369272043,166.66666175801518,165.1468037031772,166.4912872314453,7081100,0.0,0.0
2024-11-21 00:00:00-05:00,167.24146598785597,169.04383796930594,165.8385292862996,168.30340576171875,6240400,0.0,0.0
2024-11-22 00:00:00-05:00,169.66736005401555,172.83370481141654,169.40432057770914,171.74253845214844,10609800,0.0,0.0
2024-11-25 00:00:00-05:00,172.9116391718545,174.21715870796535,172.34656665808058,172.82395935058594,19357000,0.0,0.0
2024-11-26 00:00:00-05:00,172.63886046782133,174.84069747291795,172.63886046782133,174.69454956054688,6276700,0.0,0.0
2024-11-27 00:00:00-05:00,175.3667813542975,175.78570597406238,174.12946712336594,174.74325561523438,5522900,0.0,0.0
2024-11-29 00:00:00-05:00,174.10024506937356,175.00631452706946,173.69105768610098,174.6458282470703,3823700,0.0,0.0
2024-12-02 00:00:00-05:00,174.50942090696665,175.5226594836754,173.42799187057068,175.07449340820312,5728200,0.0,0.0
2024-12-03 00:00:00-05:00,174.16843956771453,174.99655153020706,170.69032472716867,170.9046630859375,8127300,0.0,0.0
2024-12-04 00:00:00-05:00,169.68683922064565,170.641609727645,168.99512304017574,170.60264587402344,6823500,0.0,0.0
2024-12-05 00:00:00-05:00,170.35909530454032,171.91791716960515,169.95964515753874,171.4989776611328,5022200,0.0,0.0
2024-12-06 00:00:00-05:00,170.85596199535664,172.1907082304505,169.27766563975774,169.3458709716797,5741200,0.0,0.0
2024-12-09 00:00:00-05:00,169.17050682645188,169.28741327002862,166.04312566652314,166.39385986328125,7164300,0.0,0.0
2024-12-10 00:00:00-05:00,166.03336554600668,168.478752472128,165.55597285711926,167.84548950195312,6219900,0.0,0.0
2024-12-11 00:00:00-05:00,168.55670459120512,168.9269281205337,166.0138855875058,166.23797607421875,5237500,0.0,0.0
2024-12-12 00:00:00-05:00,167.01738927646824,167.39736495834794,165.643693936715,166.45233154296875,4072800,0.0,0.0
2024-12-13 00:00:00-05:00,166.37436204808608,167.36809641126476,165.74108421340566,166.65689086914062,3884500,0.0,0.0
2024-12-16 00:00:00-05:00,167.03685094337044,168.33261834822702,166.69586891010866,166.73483276367188,5943600,0.0,0.0
2024-12-17 00:00:00-05:00,166.27693877470452,167.5239902831141,165.6436757730686,165.94569396972656,6069200,0.0,0.0
2024-12-18 00:00:00-05:00,165.3903643886837,166.16977532485075,164.6694215372016,164.72787475585938,7517100,0.0,0.0
2024-12-19 00:00:00-05:00,164.65966271658812,165.721617321049,163.04240255749664,164.8350372314453,8585200,0.0,0.0
2024-12-20 00:00:00-05:00,164.52327906942614,165.49753905537128,163.18854764581013,163.734130859375,21999300,0.0,0.0
2024-12-23 00:00:00-05:00,163.7341209445097,164.33815734208963,162.0778820419015,163.7828369140625,6983900,0.0,0.0
2024-12-24 00:00:00-05:00,163.30544618551303,164.8252893114859,163.11059717095722,164.5914764404297,2460800,0.0,0.0
2024-12-26 00:00:00-05:00,163.97768823658117,165.9164708702957,163.7438753650762,165.7800750732422,3629400,0.0,0.0
2024-12-27 00:00:00-05:00,165.05912109266765,166.36462587480713,164.90323593079293,165.16629028320312,4367900,0.0,0.0
2024-12-30 00:00:00-05:00,164.32842553706288,164.63044374585553,162.4188843419745,162.78909301757812,4354500,0.0,0.0
2024-12-31 00:00:00-05:00,163.05215741476945,163.753625817905,162.3019730374662,163.33468627929688,3957600,0.0,0.0
