Date,Open,High,Low,Close,Volume,Dividends,Stock Splits,Capital Gains
2004-01-30 00:00:00-05:00,30.775586506000128,30.805957007293728,30.76344108581543,30.76344108581543,6800,0.0,0.0,0.0
2004-02-02 00:00:00-05:00,30.78166389465332,30.78166389465332,30.78166389465332,30.78166389465332,200,0.0,0.0,0.0
2004-02-03 00:00:00-05:00,30.78166389465332,30.78166389465332,30.78166389465332,30.78166389465332,0,0.0,0.0,0.0
2004-02-04 00:00:00-05:00,30.915294053737426,31.206832885742188,30.915294053737426,31.206832885742188,3000,0.0,0.0,0.0
2004-02-05 00:00:00-05:00,31.16431804554095,31.27364540100098,31.16431804554095,31.273645401000977,600,0.0,0.0,0.0
2004-02-06 00:00:00-05:00,31.443717853840276,31.53482246398926,31.443717853840276,31.534822463989258,2600,0.0,0.0,0.0
2004-02-09 00:00:00-05:00,31.546960184777944,31.63199437095453,31.546960184777944,31.625919342041016,4800,0.0,0.0,0.0
2004-02-10 00:00:00-05:00,31.589477376240513,31.70487976074219,31.589477376240513,31.704879760742188,400,0.0,0.0,0.0
2004-02-11 00:00:00-05:00,31.69272855993918,31.69272855993918,31.619844436645504,31.619844436645508,6100,0.0,0.0,0.0
2004-02-12 00:00:00-05:00,31.72917410884298,31.747394561767575,31.704878626980403,31.747394561767578,1500,0.0,0.0,0.0
2004-02-13 00:00:00-05:00,31.789914364881678,31.802062107291153,31.638071060180668,31.638071060180664,1600,0.0,0.0,0.0
2004-02-17 00:00:00-05:00,31.862796659516924,31.868871688842773,31.862796659516924,31.868871688842773,700,0.0,0.0,0.0
2004-02-18 00:00:00-05:00,31.881017197177034,31.89923764998853,31.844573974609375,31.844573974609375,1400,0.0,0.0,0.0
2004-02-19 00:00:00-05:00,31.8931759585057,32.14827398926951,31.8931759585057,32.057167053222656,4200,0.0,0.0,0.0
2004-02-20 00:00:00-05:00,32.075376151676316,32.196848925341115,32.06322841092091,32.16040802001953,3800,0.0,0.0,0.0
2004-02-23 00:00:00-05:00,32.17255157725766,32.35476303100586,32.17255157725766,32.35476303100586,1600,0.0,0.0,0.0
2004-02-24 00:00:00-05:00,32.26973139764868,32.3243950658469,32.0389289855957,32.0389289855957,3500,0.0,0.0,0.0
2004-02-25 00:00:00-05:00,32.12395873967192,32.24543380737305,32.12395873967192,32.24543380737305,2800,0.0,0.0,0.0
2004-02-26 00:00:00-05:00,32.172564412078266,32.33655548095703,32.172564412078266,32.33655548095703,3400,0.0,0.0,0.0
2004-02-27 00:00:00-05:00,32.324405523621024,32.524837493896484,32.324405523621024,32.524837493896484,2300,0.0,0.0,0.0
2004-03-01 00:00:00-05:00,32.49446805289949,32.786006927490234,32.464099854556814,32.786006927490234,4900,0.0,0.0,0.0
2004-03-02 00:00:00-05:00,32.73741952430724,32.73741952430724,32.524837493896484,32.524837493896484,3900,0.0,0.0,0.0
2004-03-03 00:00:00-05:00,32.47016187455877,32.59770965576172,32.47016187455877,32.59770965576172,1700,0.0,0.0,0.0
2004-03-04 00:00:00-05:00,32.61594501590866,32.61594501590866,32.49446989869274,32.555206298828125,2500,0.0,0.0,0.0
2004-03-05 00:00:00-05:00,32.482315192027876,32.65237892950643,32.458019710403896,32.603790283203125,1300,0.0,0.0,0.0
2004-03-08 00:00:00-05:00,32.62201865440519,32.74349377506652,32.60987091064453,32.60987091064453,4000,0.0,0.0,0.0
2004-03-09 00:00:00-05:00,32.47624248009421,32.615938024015115,32.458019710403896,32.603790283203125,3500,0.0,0.0,0.0
2004-03-10 00:00:00-05:00,32.652379740455956,32.85888670549925,32.52483193417928,32.53697967529297,3000,0.0,0.0,0.0
2004-03-11 00:00:00-05:00,32.458023957372816,32.458023957372816,31.9599781036377,31.959978103637695,5700,0.0,0.0,0.0
2004-03-12 00:00:00-05:00,31.959978958526,31.959978958526,31.680587826653912,31.91139030456543,4600,0.0,0.0,0.0
2004-03-15 00:00:00-05:00,31.935674373922385,31.935674373922385,31.583396911621094,31.583396911621094,3500,0.0,0.0,0.0
2004-03-16 00:00:00-05:00,31.777759311900397,31.777759311900397,31.553031921386715,31.55303192138672,8100,0.0,0.0,0.0
2004-03-17 00:00:00-05:00,31.808118667114275,32.014625549316406,31.808118667114275,32.014625549316406,1400,0.0,0.0,0.0
2004-03-18 00:00:00-05:00,31.978189302946657,32.002482462013035,31.802050577286735,31.966041564941406,3100,0.0,0.0,0.0
2004-03-19 00:00:00-05:00,31.887077331542972,31.887077331542972,31.887077331542972,31.88707733154297,100,0.0,0.0,0.0
2004-03-22 00:00:00-05:00,31.389054160972723,31.53482246398926,31.389054160972723,31.534822463989258,1500,0.0,0.0,0.0
2004-03-23 00:00:00-05:00,31.43764225623257,31.565192415254295,31.425496828654655,31.522676467895508,3000,0.0,0.0,0.0
2004-03-24 00:00:00-05:00,31.455859740789545,31.51052342347748,31.328311920166016,31.328311920166016,2100,0.0,0.0,0.0
2004-03-25 00:00:00-05:00,31.650209231383577,31.856716156005863,31.60769330427995,31.85671615600586,3200,0.0,0.0,0.0
2004-03-26 00:00:00-05:00,31.795990244338338,31.8749494193914,31.71703338623047,31.71703338623047,2200,0.0,0.0,0.0
2004-03-29 00:00:00-05:00,31.826362445633894,32.11790135708616,31.826362445633894,32.02679443359375,2600,0.0,0.0,0.0
2004-03-30 00:00:00-05:00,32.08753036540055,32.20293045043945,32.08753036540055,32.20293045043945,1500,0.0,0.0,0.0
2004-03-31 00:00:00-05:00,32.19685552456326,32.324405670166016,32.19685552456326,32.324405670166016,3100,0.0,0.0,0.0
2004-04-01 00:00:00-05:00,32.28187971182968,32.330468352791016,32.27580468361927,32.2879524230957,4700,0.0,0.0,0.0
2004-04-02 00:00:00-05:00,32.54306541134848,32.54306541134848,32.275819652809936,32.28189468383789,5100,0.0,0.0,0.0
2004-04-05 00:00:00-04:00,32.342626514366266,32.45195388793945,32.342626514366266,32.45195388793945,1300,0.0,0.0,0.0
2004-04-06 00:00:00-04:00,32.360839169635994,32.54912567138672,32.360839169635994,32.54912567138672,600,0.0,0.0,0.0
2004-04-07 00:00:00-04:00,32.48838806152344,32.48838806152344,32.48838806152344,32.48838806152344,200,0.0,0.0,0.0
2004-04-08 00:00:00-04:00,32.34262494942446,32.348697662353516,32.34262494942446,32.348697662353516,200,0.0,0.0,0.0
2004-04-12 00:00:00-04:00,32.50660639875236,32.50660639875236,32.45801544189453,32.45801544189453,1200,0.0,0.0,0.0
2004-04-13 00:00:00-04:00,32.55519207099283,32.55519207099283,32.19076919555664,32.19076919555664,1100,0.0,0.0,0.0
2004-04-14 00:00:00-04:00,32.14217758178711,32.14217758178711,32.14217758178711,32.14217758178711,300,0.0,0.0,0.0
2004-04-15 00:00:00-04:00,32.433731685662956,32.470172596929245,32.40943620018874,32.4640998840332,1600,0.0,0.0,0.0
2004-04-16 00:00:00-04:00,32.62201167153838,32.65845489501953,32.62201167153838,32.65845489501953,5100,0.0,0.0,0.0
2004-04-19 00:00:00-04:00,32.585574361432926,32.76778586505971,32.585574361432926,32.755638122558594,3500,0.0,0.0,0.0
2004-04-20 00:00:00-04:00,32.810307468670736,32.86497116088867,32.810307468670736,32.86497116088867,400,0.0,0.0,0.0
2004-04-21 00:00:00-04:00,32.50661653860295,32.63416436472446,32.50661653860295,32.615943908691406,2200,0.0,0.0,0.0
2004-04-22 00:00:00-04:00,32.54304953843331,32.89532470703125,32.54304953843331,32.89532470703125,2200,0.0,0.0,0.0
2004-04-23 00:00:00-04:00,32.77385815964102,32.98036514563499,32.77385815964102,32.94999694824219,1700,0.0,0.0,0.0
2004-04-26 00:00:00-04:00,32.992515243506894,33.07147441592148,32.96821975708008,32.96821975708008,1500,0.0,0.0,0.0
2004-04-27 00:00:00-04:00,32.9682180470809,33.15043186888581,32.962145334261734,32.99858856201172,2700,0.0,0.0,0.0
2004-04-28 00:00:00-04:00,32.94998247636703,32.94998247636703,32.6159278178756,32.66451644897461,2800,0.0,0.0,0.0
2004-04-29 00:00:00-04:00,32.77993885650882,32.77993885650882,32.719200134277344,32.719200134277344,1900,0.0,0.0,0.0
2004-04-30 00:00:00-04:00,32.90140651042492,32.98036567847785,32.786006431689856,32.877113342285156,1400,0.0,0.0,0.0
2004-05-03 00:00:00-04:00,32.85888304312643,33.01680134305849,32.85888304312643,32.9803581237793,6100,0.0,0.0,0.0
2004-05-04 00:00:00-04:00,32.84066626554448,32.85888671875,32.83459355345754,32.85888671875,600,0.0,0.0,0.0
2004-05-05 00:00:00-04:00,32.94391900353671,32.98643493652344,32.931771263119856,32.98643493652344,1500,0.0,0.0,0.0
2004-05-06 00:00:00-04:00,32.840668576485854,32.840668576485854,32.725268503155824,32.79207992553711,1100,0.0,0.0,0.0
2004-05-07 00:00:00-04:00,32.8406654366753,32.8406654366753,32.579494801579145,32.603790283203125,2000,0.0,0.0,0.0
2004-05-10 00:00:00-04:00,32.46409117008738,32.46409117008738,32.28187971182968,32.2879524230957,3200,0.0,0.0,0.0
2004-05-11 00:00:00-04:00,32.28796233593602,32.28796233593602,32.154339477615636,32.20293045043945,28900,0.0,0.0,0.0
2004-05-12 00:00:00-04:00,32.105758036966485,32.105758036966485,31.674523482495385,32.057167053222656,44400,0.0,0.0,0.0
2004-05-13 00:00:00-04:00,32.02073326638871,32.02073326638871,31.917478561401367,31.917478561401367,1100,0.0,0.0,0.0
2004-05-14 00:00:00-04:00,31.771684555684523,32.081443786621094,31.771684555684523,32.081443786621094,4800,0.0,0.0,0.0
2004-05-17 00:00:00-04:00,31.91138661360571,31.92960706711537,31.820279712167917,31.905311584472656,1700,0.0,0.0,0.0
2004-05-18 00:00:00-04:00,31.947822099617213,32.045001696753566,31.947822099617213,32.0389289855957,2100,0.0,0.0,0.0
2004-05-19 00:00:00-04:00,32.11181741209252,32.11789244100972,31.929605932635774,31.947826385498047,7900,0.0,0.0,0.0
2004-05-20 00:00:00-04:00,31.826347337842716,31.9356746673584,31.826347337842716,31.9356746673584,500,0.0,0.0,0.0
2004-05-21 00:00:00-04:00,32.05716669091678,32.123978134336625,31.887102883626696,31.92961883544922,22000,0.0,0.0,0.0
2004-05-24 00:00:00-04:00,32.06932142755945,32.06932142755945,31.674530029296875,31.674530029296875,700,0.0,0.0,0.0
2004-05-25 00:00:00-04:00,31.899246215820312,31.899246215820312,31.899246215820312,31.899246215820312,100,0.0,0.0,0.0
2004-05-26 00:00:00-04:00,32.196839376644206,32.28187353671327,32.136103007824545,32.26972579956055,1500,0.0,0.0,0.0
2004-05-27 00:00:00-04:00,32.622011871407054,32.622011871407054,32.51875954632826,32.561275482177734,3200,0.0,0.0,0.0
2004-05-28 00:00:00-04:00,32.62809215254059,32.62809215254059,32.47017380801316,32.524837493896484,1300,0.0,0.0,0.0
2004-06-01 00:00:00-04:00,32.43372519391896,32.48838886682226,32.42157745361328,32.42157745361328,1400,0.0,0.0,0.0
2004-06-02 00:00:00-04:00,32.634163014492415,32.755638122558594,32.57949933170988,32.755638122558594,2500,0.0,0.0,0.0
2004-06-03 00:00:00-04:00,32.77993678555932,32.919632362448105,32.70705032348633,32.70705032348633,22900,0.0,0.0,0.0
2004-06-04 00:00:00-04:00,32.82852429719485,32.8588924968591,32.71919692484747,32.74956512451172,22800,0.0,0.0,0.0
2004-06-07 00:00:00-04:00,32.80421619200988,33.01072311401367,32.80421619200988,33.01072311401367,3400,0.0,0.0,0.0
2004-06-08 00:00:00-04:00,32.98036824219459,33.13828659057617,32.98036824219459,33.13828659057617,2400,0.0,0.0,0.0
2004-06-09 00:00:00-04:00,33.19294870589337,33.19294870589337,33.035030364990234,33.035030364990234,5400,0.0,0.0,0.0
2004-06-10 00:00:00-04:00,33.03502594009962,33.03502594009962,32.9803622627928,33.00465774536133,2700,0.0,0.0,0.0
2004-06-14 00:00:00-04:00,32.85282370035382,32.96215108573499,32.85282370035382,32.87104415893555,3800,0.0,0.0,0.0
2004-06-15 00:00:00-04:00,33.05932142266815,33.05932142266815,33.00465774536133,33.00465774536133,400,0.0,0.0,0.0
2004-06-16 00:00:00-04:00,33.02895825746473,33.065399169921875,33.01681051433065,33.065399169921875,2000,0.0,0.0,0.0
2004-06-17 00:00:00-04:00,32.84673353483903,32.974281311035156,32.84673353483903,32.974281311035156,600,0.0,0.0,0.0
2004-06-18 00:00:00-04:00,32.88317748100448,33.02287300839957,32.82244110107422,32.82244110107422,5100,0.0,0.0,0.0
2004-06-21 00:00:00-04:00,33.02287470907631,33.02894973754883,32.962138326018135,33.02894973754883,2200,0.0,0.0,0.0
2004-06-22 00:00:00-04:00,32.79815722287795,33.04718017578125,32.79208450951478,33.04718017578125,800,0.0,0.0,0.0
2004-06-23 00:00:00-04:00,33.04718017578125,33.04718017578125,33.04718017578125,33.04718017578125,0,0.0,0.0,0.0
2004-06-24 00:00:00-04:00,33.08361567967505,33.08361567967505,32.94392013549805,32.94392013549805,8400,0.0,0.0,0.0
2004-06-25 00:00:00-04:00,32.94999012152636,32.94999012152636,32.8831787109375,32.8831787109375,1200,0.0,0.0,0.0
2004-06-28 00:00:00-04:00,32.89533576224463,32.99859042154902,32.76778793334961,32.76778793334961,3700,0.0,0.0,0.0
2004-06-29 00:00:00-04:00,32.79207992553711,32.88318451492033,32.79207992553711,32.79207992553711,3000,0.0,0.0,0.0
2004-06-30 00:00:00-04:00,32.88317696784589,32.89532470703125,32.84673606723417,32.89532470703125,3600,0.0,0.0,0.0
2004-07-01 00:00:00-04:00,32.91355941152738,32.91355941152738,32.62809552634815,32.719200134277344,8700,0.0,0.0,0.0
2004-07-02 00:00:00-04:00,32.70097579277242,32.84674639187206,32.59164842268396,32.615943908691406,3600,0.0,0.0,0.0
2004-07-06 00:00:00-04:00,32.52482554035207,32.62200513321302,32.52482554035207,32.59770965576172,3100,0.0,0.0,0.0
2004-07-07 00:00:00-04:00,32.68274801870235,32.71918892260892,32.62808434589793,32.64023208618164,3500,0.0,0.0,0.0
2004-07-08 00:00:00-04:00,32.561268756529024,32.77992341970223,32.561268756529024,32.59770965576172,2800,0.0,0.0,0.0
2004-07-09 00:00:00-04:00,32.694898443185316,32.694898443185316,32.59771651293716,32.6827507019043,2500,0.0,0.0,0.0
2004-07-12 00:00:00-04:00,32.76777414957073,32.76777414957073,32.53089904785156,32.53089904785156,3600,0.0,0.0,0.0
2004-07-13 00:00:00-04:00,32.67668625008176,32.7374249761477,32.67668625008176,32.73134994506836,1500,0.0,0.0,0.0
2004-07-14 00:00:00-04:00,32.84067082429171,32.84067082429171,32.68882751464844,32.68882751464844,1600,0.0,0.0,0.0
2004-07-15 00:00:00-04:00,32.688822151942404,32.688822151942404,32.603790283203125,32.603790283203125,1700,0.0,0.0,0.0
2004-07-16 00:00:00-04:00,32.66451953370044,32.66451953370044,32.50660357153571,32.53089904785156,2900,0.0,0.0,0.0
2004-07-19 00:00:00-04:00,32.58556554517416,32.58556554517416,32.409426801981056,32.45801544189453,6300,0.0,0.0,0.0
2004-07-20 00:00:00-04:00,32.43372228040997,32.50660639875236,32.43372228040997,32.45801544189453,4900,0.0,0.0,0.0
2004-07-21 00:00:00-04:00,32.42764362906981,32.42764362906981,32.14217758178711,32.14217758178711,10600,0.0,0.0,0.0
2004-07-22 00:00:00-04:00,31.753480312649184,31.78385083592075,31.723112106323242,31.723112106323242,1600,0.0,0.0,0.0
2004-07-23 00:00:00-04:00,31.559105955116898,31.680581039411052,31.35867403543439,31.41333770751953,10900,0.0,0.0,0.0
2004-07-26 00:00:00-04:00,31.316160325596123,31.316160325596123,31.23112613869522,31.31008529663086,1700,0.0,0.0,0.0
2004-07-27 00:00:00-04:00,31.431571569646863,31.546971674642766,31.431571569646863,31.516603469848633,2200,0.0,0.0,0.0
2004-07-28 00:00:00-04:00,31.40726710164503,31.443710327148438,31.164319215790186,31.443710327148438,3200,0.0,0.0,0.0
2004-07-29 00:00:00-04:00,31.46192980308544,31.46192980308544,31.097506827162874,31.17646598815918,4900,0.0,0.0,0.0
2004-07-30 00:00:00-04:00,31.067143376560146,31.200763919101036,31.067143376560146,31.10358428955078,3500,0.0,0.0,0.0
2004-08-02 00:00:00-04:00,31.24936002393656,31.522678500974767,31.24936002393656,31.516603469848633,8200,0.0,0.0,0.0
2004-08-03 00:00:00-04:00,31.382974002763625,31.48015594482422,31.382974002763625,31.48015594482422,400,0.0,0.0,0.0
2004-08-04 00:00:00-04:00,31.27970981090001,31.334373474121094,31.27970981090001,31.334373474121094,300,0.0,0.0,0.0
2004-08-05 00:00:00-04:00,31.370829019859908,31.370829019859908,31.158246994018555,31.158246994018555,1400,0.0,0.0,0.0
2004-08-06 00:00:00-04:00,30.757365847625664,30.933504559365936,30.70270218939399,30.733070373535156,4800,0.0,0.0,0.0
2004-08-09 00:00:00-04:00,30.757378233073464,30.818116942758124,30.757378233073464,30.78774642944336,1500,0.0,0.0,0.0
2004-08-10 00:00:00-04:00,30.866690352022164,30.915281295776367,30.866690352022164,30.915281295776367,1400,0.0,0.0,0.0
2004-08-11 00:00:00-04:00,30.99424755322408,31.285786353800006,30.99424755322408,31.22504997253418,1700,0.0,0.0,0.0
2004-08-12 00:00:00-04:00,31.376893242643167,31.376893242643167,31.225049972534183,31.22504997253418,1800,0.0,0.0,0.0
2004-08-13 00:00:00-04:00,31.21898192478532,31.279718315124157,31.10357953941885,31.17646598815918,2200,0.0,0.0,0.0
2004-08-16 00:00:00-04:00,31.176465709910442,31.431561327390565,31.176465709910442,31.364749908447266,2200,0.0,0.0,0.0
2004-08-17 00:00:00-04:00,31.52266229454997,31.571250933851097,31.401187220880676,31.461923599243164,6900,0.0,0.0,0.0
2004-08-18 00:00:00-04:00,31.52874369544034,31.638071060180668,31.52874369544034,31.638071060180664,500,0.0,0.0,0.0
2004-08-19 00:00:00-04:00,31.57732740061642,31.613768302516547,31.461925032747548,31.55303192138672,3100,0.0,0.0,0.0
2004-08-20 00:00:00-04:00,31.577317197033228,31.613758087158203,31.577317197033228,31.613758087158203,600,0.0,0.0,0.0
2004-08-23 00:00:00-04:00,31.723092415381277,31.723092415381277,31.692724227905273,31.692724227905273,700,0.0,0.0,0.0
2004-08-24 00:00:00-04:00,31.759548689294153,31.759548689294153,31.63807357249825,31.668441772460938,2000,0.0,0.0,0.0
2004-08-25 00:00:00-04:00,31.832414004143867,31.832414004143867,31.802045822143555,31.802045822143555,500,0.0,0.0,0.0
2004-08-26 00:00:00-04:00,31.856720420121754,31.874940872192383,31.856720420121754,31.874940872192383,700,0.0,0.0,0.0
2004-08-27 00:00:00-04:00,31.874940872192383,31.874940872192383,31.874940872192383,31.874940872192383,0,0.0,0.0,0.0
2004-08-30 00:00:00-04:00,31.808137345845427,31.814212376005052,31.66844177246094,31.668441772460938,1300,0.0,0.0,0.0
2004-08-31 00:00:00-04:00,31.72917524347357,31.72917524347357,31.540888727722507,31.704879760742188,900,0.0,0.0,0.0
2004-09-01 00:00:00-04:00,31.765623126966272,31.820286816644696,31.72310718132142,31.783845901489258,10600,0.0,0.0,0.0
2004-09-02 00:00:00-04:00,31.90531788515358,32.063236236572266,31.90531788515358,32.063236236572266,1100,0.0,0.0,0.0
2004-09-03 00:00:00-04:00,32.190777236157516,32.31832504272461,32.190777236157516,32.31832504272461,1100,0.0,0.0,0.0
2004-09-07 00:00:00-04:00,32.26366980852905,32.342628988136795,32.251522064208984,32.251522064208984,2000,0.0,0.0,0.0
2004-09-08 00:00:00-04:00,32.002482627575844,32.02070539315005,31.978189468383786,31.97818946838379,900,0.0,0.0,0.0
2004-09-09 00:00:00-04:00,31.96604282558827,31.96604282558827,31.789904092981953,31.808124542236328,10100,0.0,0.0,0.0
2004-09-10 00:00:00-04:00,31.717034467777268,31.783845901489258,31.717034467777268,31.783845901489258,2500,0.0,0.0,0.0
2004-09-13 00:00:00-04:00,31.947828534520234,31.978199047259835,31.850648917810048,31.868871688842773,6900,0.0,0.0,0.0
2004-09-14 00:00:00-04:00,31.86280710894865,31.9539140431564,31.86280710894865,31.923545837402344,5900,0.0,0.0,0.0
2004-09-15 00:00:00-04:00,31.625925829124146,31.66844177246094,31.625925829124146,31.668441772460938,300,0.0,0.0,0.0
2004-09-16 00:00:00-04:00,31.625921983257413,31.644142437630304,31.45585823059082,31.45585823059082,1900,0.0,0.0,0.0
2004-09-17 00:00:00-04:00,31.480137628460493,31.61983311347482,31.480137628460493,31.613758087158203,800,0.0,0.0,0.0
2004-09-20 00:00:00-04:00,31.279712882887377,31.279712882887377,31.03069001863343,31.073205947875977,2200,0.0,0.0,0.0
2004-09-21 00:00:00-04:00,31.073214321269475,31.073214321269475,30.891002815851124,30.90315055847168,1900,0.0,0.0,0.0
2004-09-22 00:00:00-04:00,30.87885341764607,30.87885341764607,30.690566892540012,30.69664192199707,3100,0.0,0.0,0.0
2004-09-23 00:00:00-04:00,30.702715242509093,30.72701072692871,30.702715242509093,30.72701072692871,2900,0.0,0.0,0.0
2004-09-24 00:00:00-04:00,30.72701072692871,30.72701072692871,30.72701072692871,30.72701072692871,800,0.0,0.0,0.0
2004-09-27 00:00:00-04:00,30.72701072692871,30.72701072692871,30.72701072692871,30.72701072692871,0,0.0,0.0,0.0
2004-09-28 00:00:00-04:00,30.635897337948737,30.684488296508786,30.635897337948737,30.68448829650879,1500,0.0,0.0,0.0
2004-09-29 00:00:00-04:00,30.733083199858477,30.733083199858477,30.611610412597653,30.611610412597656,200,0.0,0.0,0.0
2004-09-30 00:00:00-04:00,30.951738196323486,30.963885938545413,30.903149544380703,30.939590454101562,2800,0.0,0.0,0.0
2004-10-01 00:00:00-04:00,31.13394939540926,31.340456377299972,31.13394939540926,31.25542449951172,500,0.0,0.0,0.0
2004-10-04 00:00:00-04:00,31.328304126787263,31.37082005641864,31.304008647870937,31.3161563873291,2900,0.0,0.0,0.0
2004-10-05 00:00:00-04:00,31.20683796573488,31.255426620506157,31.158246994018555,31.158246994018555,4800,0.0,0.0,0.0
2004-10-06 00:00:00-04:00,31.23720181436936,31.243274526515663,31.164317683890054,31.23112678527832,5700,0.0,0.0,0.0
2004-10-07 00:00:00-04:00,31.273651788307536,31.37083142223715,31.19469261169434,31.194692611694336,4900,0.0,0.0,0.0
2004-10-08 00:00:00-04:00,30.91530409626487,30.98211321778402,30.775606188414148,30.7938289642334,12200,0.0,0.0,0.0
2004-10-11 00:00:00-04:00,30.830249786376953,30.830249786376953,30.830249786376953,30.830249786376953,800,0.0,0.0,0.0
2004-10-12 00:00:00-04:00,30.83025505704599,30.83025505704599,30.7027072723706,30.812034606933594,1100,0.0,0.0,0.0
2004-10-13 00:00:00-04:00,30.660198211669922,30.660198211669922,30.660198211669922,30.660198211669922,100,0.0,0.0,0.0
2004-10-14 00:00:00-04:00,30.57516333665642,30.5933837890625,30.57516333665642,30.5933837890625,300,0.0,0.0,0.0
2004-10-15 00:00:00-04:00,30.611611048191236,30.85455894470215,30.611611048191236,30.85455894470215,4600,0.0,0.0,0.0
2004-10-18 00:00:00-04:00,30.733083837974217,30.85455894470215,30.733083837974217,30.85455894470215,1500,0.0,0.0,0.0
2004-10-19 00:00:00-04:00,30.88493156433106,30.88493156433106,30.88493156433106,30.884931564331055,200,0.0,0.0,0.0
2004-10-20 00:00:00-04:00,30.714870294539324,30.733090753717857,30.617690650678025,30.702722549438477,2500,0.0,0.0,0.0
2004-10-21 00:00:00-04:00,30.70270218939399,30.86062045403835,30.70270218939399,30.733070373535156,4000,0.0,0.0,0.0
2004-10-22 00:00:00-04:00,30.836324979947843,30.836324979947843,30.68448174229808,30.733070373535156,2800,0.0,0.0,0.0
2004-10-25 00:00:00-04:00,30.641979476311917,30.641979476311917,30.338292865678387,30.43547248840332,3400,0.0,0.0,0.0
2004-10-26 00:00:00-04:00,30.30791737452695,30.569087982177734,30.30791737452695,30.569087982177734,1100,0.0,0.0,0.0
2004-10-27 00:00:00-04:00,30.617680583400706,31.012474060058594,30.617680583400706,31.012474060058594,2200,0.0,0.0,0.0
2004-10-28 00:00:00-04:00,31.00640492173518,31.243280125954385,31.00640492173518,31.237207412719727,3900,0.0,0.0,0.0
2004-10-29 00:00:00-04:00,31.109660846314398,31.206840480633517,31.06714490110886,31.188617706298828,5000,0.0,0.0,0.0
2004-11-01 00:00:00-05:00,31.158241918324133,31.158241918324133,31.07321004861735,31.079282760620117,4300,0.0,0.0,0.0
2004-11-02 00:00:00-05:00,31.297939902876244,31.474078684963708,31.297939902876244,31.45585823059082,4500,0.0,0.0,0.0
2004-11-03 00:00:00-05:00,31.6441318296759,31.6441318296759,31.565175009231897,31.60161590576172,4100,0.0,0.0,0.0
2004-11-04 00:00:00-05:00,31.729168243234312,32.49445724487305,31.72309321541939,32.49445724487305,2800,0.0,0.0,0.0
2004-11-05 00:00:00-05:00,32.5673449923312,32.652376855669885,32.5126813206214,32.59164047241211,10600,0.0,0.0,0.0
2004-11-08 00:00:00-05:00,32.49446086903297,32.59164047241211,32.482313128992516,32.59164047241211,1800,0.0,0.0,0.0
2004-11-09 00:00:00-05:00,32.58556776086414,32.59164047241211,32.42764945728271,32.59164047241211,4600,0.0,0.0,0.0
2004-11-10 00:00:00-05:00,32.59772320157586,32.65846192044377,32.57343003097391,32.62809371948242,1800,0.0,0.0,0.0
2004-11-11 00:00:00-05:00,32.64630913432229,32.889259338378906,32.64630913432229,32.889259338378906,2700,0.0,0.0,0.0
2004-11-12 00:00:00-05:00,32.79208450951478,33.04718017578125,32.79208450951478,33.04718017578125,5100,0.0,0.0,0.0
2004-11-15 00:00:00-05:00,32.93177948365025,33.0714750578985,32.93177948365025,33.01681137084961,9600,0.0,0.0,0.0
2004-11-16 00:00:00-05:00,32.980371259150814,32.980371259150814,32.858896130117024,32.86497116088867,2400,0.0,0.0,0.0
2004-11-17 00:00:00-05:00,32.91963110117156,33.126138101909255,32.91963110117156,32.96821975708008,4200,0.0,0.0,0.0
2004-11-18 00:00:00-05:00,33.1018408985525,33.13828412630249,32.99858856201172,32.99858856201172,5400,0.0,0.0,0.0
2004-11-19 00:00:00-05:00,32.95606849403765,32.95606849403765,32.652381896972656,32.652381896972656,3300,0.0,0.0,0.0
2004-11-22 00:00:00-05:00,32.68882964756968,32.804229736328125,32.60379775933239,32.804229736328125,1100,0.0,0.0,0.0
2004-11-23 00:00:00-05:00,32.707053570029046,32.74956951865255,32.579505724158544,32.694908142089844,1200,0.0,0.0,0.0
2004-11-24 00:00:00-05:00,32.804227383106834,32.85889106690166,32.773859184764156,32.786006927490234,1200,0.0,0.0,0.0
2004-11-26 00:00:00-05:00,32.73741365649808,32.895329655775754,32.73741365649808,32.852813720703125,1700,0.0,0.0,0.0
2004-11-29 00:00:00-05:00,32.682757407990934,32.73134606614005,32.506618598691816,32.62809371948242,2900,0.0,0.0,0.0
2004-11-30 00:00:00-05:00,32.45194418751367,32.500532829608275,32.39728051706695,32.439796447753906,4700,0.0,0.0,0.0
2004-12-01 00:00:00-05:00,32.65845489501953,32.65845489501953,32.65845489501953,32.65845489501953,200,0.0,0.0,0.0
2004-12-02 00:00:00-05:00,32.76777911989856,33.10790657213556,32.73133589989696,33.02894973754883,1800,0.0,0.0,0.0
2004-12-03 00:00:00-05:00,33.12613581337591,33.18079949558722,33.05324935913086,33.05324935913086,1600,0.0,0.0,0.0
2004-12-06 00:00:00-05:00,32.85281899723311,32.88926222612485,32.80422802537745,32.834598541259766,2800,0.0,0.0,0.0
2004-12-07 00:00:00-05:00,32.82852079704471,32.82852079704471,32.67060478546044,32.77385711669922,3100,0.0,0.0,0.0
2004-12-08 00:00:00-05:00,32.591649131383086,32.76778793334961,32.585576418221706,32.76778793334961,3900,0.0,0.0,0.0
2004-12-09 00:00:00-05:00,32.71312483632326,33.13828659057617,32.71312483632326,33.13828659057617,700,0.0,0.0,0.0
2004-12-10 00:00:00-05:00,33.12005219516962,33.26582274891419,33.04716807676951,33.23545455932617,2800,0.0,0.0,0.0
2004-12-13 00:00:00-05:00,33.217234474024316,33.27797317504883,33.15042537831416,33.27797317504883,600,0.0,0.0,0.0
2004-12-14 00:00:00-05:00,33.393384642437844,33.63025986501477,33.393384642437844,33.599891662597656,700,0.0,0.0,0.0
2004-12-15 00:00:00-05:00,33.59988581635368,33.605960845947266,33.39945386171883,33.605960845947266,2800,0.0,0.0,0.0
2004-12-16 00:00:00-05:00,33.460206264663256,33.61812235547595,33.454133549109166,33.52094268798828,42600,0.0,0.0,0.0
2004-12-17 00:00:00-05:00,33.44804432171631,33.53915123498536,33.205094097628894,33.356937408447266,21700,0.0,0.0,0.0
2004-12-20 00:00:00-05:00,33.43590210075244,33.43590210075244,33.24154281616211,33.24154281616211,1400,0.0,0.0,0.0
2004-12-21 00:00:00-05:00,33.38729817260388,33.56343460083008,33.33870721520053,33.56343460083008,2700,0.0,0.0,0.0
2004-12-22 00:00:00-05:00,33.61549127792783,33.720829010009766,33.60309818643457,33.720829010009766,2300,1.094,0.0,0.0
2004-12-23 00:00:00-05:00,33.770403504100884,33.770403504100884,33.57211875519441,33.66506576538086,3100,0.0,0.0,0.0
2004-12-27 00:00:00-05:00,33.770403504100884,33.770403504100884,33.61549339628391,33.66506576538086,1500,0.0,0.0,0.0
2004-12-28 00:00:00-05:00,33.70844257240732,33.80138722482528,33.696049479336764,33.782798767089844,5400,0.0,0.0,0.0
2004-12-29 00:00:00-05:00,33.7827940923322,33.7827940923322,33.70843790793886,33.77040100097656,2100,0.0,0.0,0.0
2004-12-30 00:00:00-05:00,33.84474994953611,33.91291075554945,33.83855458705307,33.906715393066406,2400,0.0,0.0,0.0
2004-12-31 00:00:00-05:00,33.86334647206628,33.86334647206628,33.7580063821799,33.81377410888672,1600,0.0,0.0,0.0
2005-01-03 00:00:00-05:00,33.906722934571555,33.96249066428265,33.578311920166016,33.578311920166016,5200,0.0,0.0,0.0
2005-01-04 00:00:00-05:00,33.67125001015207,33.69603618651524,33.39860916137695,33.39860916137695,1000,0.0,0.0,0.0
2005-01-05 00:00:00-05:00,33.46676760076583,33.5411261298553,33.380018347234646,33.39860916137695,3800,0.0,0.0,0.0
2005-01-06 00:00:00-05:00,33.30566037689181,33.448177337646484,33.30566037689181,33.448177337646484,2200,0.0,0.0,0.0
2005-01-07 00:00:00-05:00,33.541137767230445,33.751815611933964,33.4481907554898,33.68365478515625,46700,0.0,0.0,0.0
2005-01-10 00:00:00-05:00,33.69603761254335,34.03064155264705,33.69603761254335,33.906715393066406,12800,0.0,0.0,0.0
2005-01-11 00:00:00-05:00,33.85095547856559,33.86954393403941,33.70843847120502,33.78899002075195,9400,0.0,0.0,0.0
2005-01-12 00:00:00-05:00,33.646470928766256,33.81377410888672,33.61548938364922,33.81377410888672,2800,0.0,0.0,0.0
2005-01-13 00:00:00-05:00,33.764198303222656,33.807572931675715,33.75180521455893,33.764198303222656,600,0.0,0.0,0.0
2005-01-14 00:00:00-05:00,33.70844851638286,33.900535583496094,33.677464596372516,33.900535583496094,10500,0.0,0.0,0.0
2005-01-18 00:00:00-05:00,33.78899394842514,34.25992202758789,33.70844238951479,34.25992202758789,10000,0.0,0.0,0.0
2005-01-19 00:00:00-05:00,34.278503983635225,34.37145098166047,34.278503983635225,34.29709243774414,3400,0.0,0.0,0.0
2005-01-20 00:00:00-05:00,34.24134035009767,34.24134035009767,34.074039459228516,34.074039459228516,5500,0.0,0.0,0.0
2005-01-21 00:00:00-05:00,34.17317895164324,34.197962778413796,33.83857247095787,33.900535583496094,11600,0.0,0.0,0.0
2005-01-24 00:00:00-05:00,33.92530286118396,33.95628440018135,33.75180435180664,33.75180435180664,7700,0.0,0.0,0.0
2005-01-25 00:00:00-05:00,33.84475823539442,33.95629369731504,33.84475823539442,33.850955963134766,10400,0.0,0.0,0.0
2005-01-26 00:00:00-05:00,33.90053120763727,33.96869204087591,33.801388822128615,33.88194274902344,3700,0.0,0.0,0.0
2005-01-27 00:00:00-05:00,33.739416988547866,34.067825612378215,33.739416988547866,34.06163024902344,3200,0.0,0.0,0.0
2005-01-28 00:00:00-05:00,33.9686866549857,34.14838293889753,33.88193737688773,34.14218521118164,58600,0.0,0.0,0.0
2005-01-31 00:00:00-05:00,34.30948888881932,34.32188198068587,34.123597238302125,34.20415115356445,14200,0.0,0.0,0.0
2005-02-01 00:00:00-05:00,34.14838066523908,34.28470230102539,34.08641521090877,34.28470230102539,19700,0.0,0.0,0.0
2005-02-02 00:00:00-05:00,34.31568581221422,34.5511474609375,34.31568581221422,34.5511474609375,8500,0.0,0.0,0.0
2005-02-03 00:00:00-05:00,34.53255644908943,34.53255644908943,34.42102099690223,34.48298645019531,5400,0.0,0.0,0.0
2005-02-04 00:00:00-05:00,34.46439930468227,34.77421951293945,34.46439930468227,34.77421951293945,2900,0.0,0.0,0.0
2005-02-07 00:00:00-05:00,34.82379484138446,34.84858102744997,34.70606163944372,34.7618293762207,6600,0.0,0.0,0.0
2005-02-08 00:00:00-05:00,34.69986485558495,34.7308464050293,34.67507867053319,34.7308464050293,4000,0.0,0.0,0.0
2005-02-09 00:00:00-05:00,34.66887615155795,34.66887615155795,34.35905599357038,34.390037536621094,5000,0.0,0.0,0.0
2005-02-10 00:00:00-05:00,34.5263592633327,34.532554626464844,34.371449183886654,34.532554626464844,8700,0.0,0.0,0.0
2005-02-11 00:00:00-05:00,34.43342385555782,34.656494823212505,34.346674560079,34.60072708129883,6500,0.0,0.0,0.0
2005-02-14 00:00:00-05:00,34.62550582423379,34.6812735541559,34.575933458196126,34.668880462646484,3300,0.0,0.0,0.0
2005-02-15 00:00:00-05:00,34.625504003094626,34.74323482063121,34.625504003094626,34.718448638916016,8700,0.0,0.0,0.0
2005-02-16 00:00:00-05:00,34.724656008484324,34.83619149343324,34.6626905369899,34.7370491027832,10100,0.0,0.0,0.0
2005-02-17 00:00:00-05:00,34.71224734704398,34.71224734704398,34.513962654667154,34.5263557434082,4700,0.0,0.0,0.0
2005-02-18 00:00:00-05:00,34.4458119293875,34.532561212222944,34.42722347270581,34.45200729370117,4700,0.0,0.0,0.0
2005-02-22 00:00:00-05:00,34.50779170298408,34.50779170298408,33.91293716430664,33.91293716430664,4800,0.0,0.0,0.0
2005-02-23 00:00:00-05:00,34.01824827061361,34.129783696844335,33.86953358105939,34.08640670776367,3800,0.0,0.0,0.0
2005-02-24 00:00:00-05:00,34.049235735348226,34.31568125953239,33.956288742729484,34.247520446777344,9200,0.0,0.0,0.0
2005-02-25 00:00:00-05:00,34.25991363756396,34.42101907967181,34.19175282460826,34.390037536621094,3300,0.0,0.0,0.0
2005-02-28 00:00:00-05:00,34.42101907967181,34.50776834570989,34.290895180614676,34.390037536621094,4700,0.0,0.0,0.0
2005-03-01 00:00:00-05:00,34.49536958449711,34.699851989746094,34.49536958449711,34.699851989746094,5100,0.0,0.0,0.0
2005-03-02 00:00:00-05:00,34.48918418137073,34.71225510105918,34.48918418137073,34.668880462646484,3600,0.0,0.0,0.0
2005-03-03 00:00:00-05:00,34.75562791148881,34.792807184061594,34.60691318493804,34.718448638916016,6000,0.0,0.0,0.0
2005-03-04 00:00:00-05:00,34.76800961622596,34.92291965560409,34.76800961622596,34.90433120727539,2500,0.0,0.0,0.0
2005-03-07 00:00:00-05:00,34.88575583889756,34.88575583889756,34.73084573094176,34.78661346435547,7900,0.0,0.0,0.0
2005-03-08 00:00:00-05:00,34.79280815071107,34.79280815071107,34.63789805629782,34.65648651123047,3800,0.0,0.0,0.0
2005-03-09 00:00:00-05:00,34.495375255741564,34.53875225250082,34.328074450519665,34.390037536621094,3200,0.0,0.0,0.0
2005-03-10 00:00:00-05:00,34.45200998511531,34.569743189938535,34.390046882175305,34.414833068847656,3000,0.0,0.0,0.0
2005-03-11 00:00:00-05:00,34.4396123912406,34.52636166356265,34.24132530112397,34.28470230102539,1600,0.0,0.0,0.0
2005-03-14 00:00:00-05:00,34.35286035776363,34.37764653920902,34.32807654005861,34.36525344848633,2200,0.0,0.0,0.0
2005-03-15 00:00:00-05:00,34.396239598238225,34.43961660344495,34.23513412475586,34.23513412475586,2400,0.0,0.0,0.0
2005-03-16 00:00:00-05:00,34.20414647734155,34.20414647734155,33.97488021850586,33.97488021850586,4800,0.0,0.0,0.0
2005-03-17 00:00:00-05:00,34.01206282127821,34.16697292876353,33.99347436477698,34.098812103271484,1900,0.0,0.0,0.0
2005-03-18 00:00:00-05:00,34.142201310046495,34.142201310046495,33.99348886711151,34.01207733154297,1300,0.0,0.0,0.0
2005-03-21 00:00:00-05:00,34.06782081876523,34.06782081876523,33.81996613586397,33.906715393066406,7500,0.0,0.0,0.0
2005-03-22 00:00:00-05:00,33.91912550746995,33.98728398395544,33.74562454223633,33.74562454223633,5600,0.0,0.0,0.0
2005-03-23 00:00:00-05:00,33.733227988889986,33.95010358226207,33.70224643661995,33.88194274902344,9800,0.0,0.0,0.0
2005-03-24 00:00:00-05:00,33.88812609994135,33.993466176803345,33.86334228515625,33.86334228515625,13200,0.0,0.0,0.0
2005-03-28 00:00:00-05:00,33.92530955171888,34.07402427747081,33.90052337013683,34.03064727783203,9400,0.0,0.0,0.0
2005-03-29 00:00:00-05:00,33.86954708020325,34.08022492885855,33.84476089477539,33.84476089477539,4600,0.0,0.0,0.0
2005-03-30 00:00:00-05:00,34.018254950084895,34.33427047729492,34.018254950084895,34.33427047729492,14900,0.0,0.0,0.0
2005-03-31 00:00:00-05:00,34.235132701360556,34.25991888509367,34.166971877964784,34.20415115356445,10500,0.0,0.0,0.0
2005-04-01 00:00:00-05:00,34.266105787751385,34.266105787751385,33.75800096539291,33.93149948120117,24000,0.0,0.0,0.0
2005-04-04 00:00:00-04:00,33.95630622612768,34.074039459228516,33.850968453081066,34.074039459228516,4700,0.0,0.0,0.0
2005-04-05 00:00:00-04:00,34.08022751777448,34.24753073651065,34.08022751777448,34.2413330078125,1100,0.0,0.0,0.0
2005-04-06 00:00:00-04:00,34.328080384229764,34.328080384229764,34.14838409423828,34.14838409423828,6800,0.0,0.0,0.0
2005-04-07 00:00:00-04:00,34.16077071833806,34.39003696962161,34.11739608603414,34.3714485168457,4200,0.0,0.0,0.0
2005-04-08 00:00:00-04:00,34.45820753380804,34.470600627079534,34.31569050679717,34.34667205810547,5200,0.0,0.0,0.0
2005-04-11 00:00:00-04:00,34.38385400142689,34.41483555513514,34.32808625925562,34.340476989746094,3800,0.0,0.0,0.0
2005-04-12 00:00:00-04:00,34.32808157545689,34.563543242505546,34.092617544667526,34.513973236083984,6600,0.0,0.0,0.0
2005-04-13 00:00:00-04:00,34.482993720351026,34.55115218773295,34.2661181337112,34.34667205810547,9800,0.0,0.0,0.0
2005-04-14 00:00:00-04:00,34.4024325264221,34.458200252489185,34.29709243774414,34.29709243774414,7000,0.0,0.0,0.0
2005-04-15 00:00:00-04:00,34.25372511797501,34.278511304574096,33.91912105385075,33.943904876708984,8000,0.0,0.0,0.0
2005-04-18 00:00:00-04:00,33.94390011967525,33.9686863028007,33.727026926678846,33.78899002075195,3100,0.0,0.0,0.0
2005-04-19 00:00:00-04:00,33.82617967250187,33.906733610501355,33.64648333532659,33.89434051513672,14100,0.0,0.0,0.0
2005-04-20 00:00:00-04:00,33.84476167040299,33.87574322102745,33.355247497558594,33.355247497558594,6700,0.0,0.0,0.0
2005-04-21 00:00:00-04:00,33.7332147877803,33.956285658813776,33.63407244106987,33.93149948120117,45300,0.0,0.0,0.0
2005-04-22 00:00:00-04:00,33.7889891792399,33.83856154425621,33.559722900390625,33.559722900390625,4000,0.0,0.0,0.0
2005-04-25 00:00:00-04:00,33.677462509355394,33.93151503700426,33.677462509355394,33.92531967163086,3900,0.0,0.0,0.0
2005-04-26 00:00:00-04:00,33.78898211681014,33.943892179496764,33.764198303222656,33.764198303222656,3000,0.0,0.0,0.0
2005-04-27 00:00:00-04:00,33.45438600352044,33.86334857012831,33.45438600352044,33.78899002075195,36700,0.0,0.0,0.0
2005-04-28 00:00:00-04:00,33.788984375915014,33.93150135946649,33.621681213378906,33.621681213378906,3400,0.0,0.0,0.0
2005-04-29 00:00:00-04:00,33.683652288079564,33.78899002075195,33.42340209274336,33.78899002075195,7200,0.0,0.0,0.0
2005-05-02 00:00:00-04:00,33.81998111159923,34.055442810058594,33.81998111159923,34.055442810058594,185000,0.0,0.0,0.0
2005-05-03 00:00:00-04:00,33.92531201593671,34.25372067266205,33.92531201593671,34.14218521118164,2100,0.0,0.0,0.0
2005-05-04 00:00:00-04:00,34.21653626938992,34.52015867625267,34.21653626938992,34.47058868408203,51500,0.0,0.0,0.0
2005-05-05 00:00:00-04:00,34.43342152698148,34.43342152698148,34.111208191463554,34.414833068847656,2900,0.0,0.0,0.0
2005-05-06 00:00:00-04:00,34.52635578827573,34.52635578827573,34.26610565185547,34.26610565185547,3700,0.0,0.0,0.0
2005-05-09 00:00:00-04:00,34.266110422391435,34.47059286974259,34.266110422391435,34.4210205078125,4100,0.0,0.0,0.0
2005-05-10 00:00:00-04:00,34.30948028063552,34.37764108692987,34.14217712802392,34.26610565185547,5500,0.0,0.0,0.0
2005-05-11 00:00:00-04:00,34.32807587480405,34.43341359829502,34.08021879263422,34.4210205078125,40700,0.0,0.0,0.0
2005-05-12 00:00:00-04:00,34.42102157307131,34.44580775480344,34.20414839226618,34.28470230102539,9000,0.0,0.0,0.0
2005-05-13 00:00:00-04:00,34.204145883865316,34.228932063779716,33.78279028028132,33.98727035522461,6400,0.0,0.0,0.0
2005-05-16 00:00:00-04:00,34.018259288443716,34.35286331176758,34.01206156067924,34.35286331176758,6200,0.0,0.0,0.0
2005-05-17 00:00:00-04:00,34.24132414211,34.49537658691406,34.222735688310294,34.49537658691406,6400,0.0,0.0,0.0
2005-05-18 00:00:00-04:00,34.71225507805599,34.916735178474546,34.582131162904126,34.8857536315918,9600,0.0,0.0,0.0
2005-05-19 00:00:00-04:00,34.898149189665,34.997291564941406,34.79900681438859,34.997291564941406,5100,0.0,0.0,0.0
2005-05-20 00:00:00-04:00,35.01588572683471,35.09643965854054,34.84858486183646,35.09024429321289,14300,0.0,0.0,0.0
2005-05-23 00:00:00-04:00,35.04686621601121,35.20797169992063,34.916739919450364,35.04066848754883,5700,0.0,0.0,0.0
2005-05-24 00:00:00-04:00,35.04066668663338,35.08404132867748,34.84857966150687,35.05925750732422,5600,0.0,0.0,0.0
2005-05-25 00:00:00-04:00,34.991088667976015,35.009677120669785,34.73083851156243,34.92292785644531,9800,0.0,0.0,0.0
2005-05-26 00:00:00-04:00,34.966312408447266,35.0282755108321,34.916740035546724,34.966312408447266,5600,0.0,0.0,0.0
2005-05-27 00:00:00-04:00,34.92911501713378,34.9477058292021,34.84236577328037,34.90433120727539,54200,0.0,0.0,0.0
2005-05-31 00:00:00-04:00,34.76181736360865,34.823782807359066,34.69365892109317,34.743228912353516,5700,0.0,0.0,0.0
2005-06-01 00:00:00-04:00,34.65028091220149,35.059245737738124,34.65028091220149,34.848567962646484,3800,0.0,0.0,0.0
2005-06-02 00:00:00-04:00,34.82997916438787,35.115013122558594,34.82997916438787,35.115013122558594,8100,0.0,0.0,0.0
2005-06-03 00:00:00-04:00,35.02206386782097,35.03445695528579,34.650278335095464,34.81138610839844,10100,0.0,0.0,0.0
2005-06-06 00:00:00-04:00,34.79899921923985,34.879553120239386,34.625500691308694,34.78041076660156,7500,0.0,0.0,0.0
2005-06-07 00:00:00-04:00,34.93532399267617,35.11501789977978,34.88575162951629,35.05305480957031,5100,0.0,0.0,0.0
2005-06-08 00:00:00-04:00,35.07784924904816,35.102635436463174,34.78042209129082,34.85477828979492,7300,0.0,0.0,0.0
2005-06-09 00:00:00-04:00,34.79281450680603,34.98490154617582,34.76802831987416,34.910545349121094,12700,0.0,0.0,0.0
2005-06-10 00:00:00-04:00,34.94771420521306,34.972498021011454,34.63789405220138,34.80519485473633,7200,0.0,0.0,0.0
2005-06-13 00:00:00-04:00,34.82379759403815,35.01588464187736,34.68128055850741,34.86717224121094,12800,0.0,0.0,0.0
2005-06-14 00:00:00-04:00,34.86097297525735,34.97870618131329,34.79281450680603,34.910545349121094,4700,0.0,0.0,0.0
2005-06-15 00:00:00-04:00,34.960110006247895,34.960110006247895,34.66268289982932,34.953914642333984,21900,0.0,0.0,0.0
2005-06-16 00:00:00-04:00,34.85477227352779,34.98489618938457,34.83618381804555,34.953914642333984,5000,0.0,0.0,0.0
2005-06-17 00:00:00-04:00,35.077844918846445,35.102631103201716,34.90434635584085,34.978702545166016,4800,0.0,0.0,0.0
2005-06-20 00:00:00-04:00,34.885749350898166,35.00967788696289,34.71844618177182,35.00967788696289,4200,0.0,0.0,0.0
2005-06-21 00:00:00-04:00,35.00968447235468,35.00968447235468,34.8299881794466,34.92913055419922,6800,0.0,0.0,0.0
2005-06-22 00:00:00-04:00,35.0406708299021,35.0406708299021,34.829992959173836,34.86717224121094,9300,0.0,0.0,0.0
2005-06-23 00:00:00-04:00,34.910534928503665,34.93532110803699,34.45200006209792,34.588321685791016,8600,0.0,0.0,0.0
2005-06-24 00:00:00-04:00,34.482987700058324,34.495378427425706,34.20414905948359,34.22893524169922,19600,0.0,0.0,0.0
2005-06-27 00:00:00-04:00,34.1917580616979,34.228937337297566,34.080222598639466,34.20415115356445,11900,0.0,0.0,0.0
2005-06-28 00:00:00-04:00,34.390034130996646,34.55733728339084,34.3776410422556,34.5263557434082,6300,0.0,0.0,0.0
2005-06-29 00:00:00-04:00,34.56353463205732,34.613106989870154,34.35905456542969,34.35905456542969,14600,0.0,0.0,0.0
2005-06-30 00:00:00-04:00,34.45199677301769,34.507764489773514,34.173160552978516,34.173160552978516,5700,0.0,0.0,0.0
2005-07-01 00:00:00-04:00,34.27850895060107,34.40863287569913,34.21654585209934,34.30329513549805,8700,0.0,0.0,0.0
2005-07-05 00:00:00-04:00,34.328075775236044,34.582128220040104,34.328075775236044,34.49537658691406,6000,0.0,0.0,0.0
2005-07-06 00:00:00-04:00,34.482991244911,34.482991244911,34.204152575671635,34.23513412475586,25100,0.0,0.0,0.0
2005-07-07 00:00:00-04:00,34.08022751777448,34.2413330078125,33.98728049722964,34.2413330078125,4300,0.0,0.0,0.0
2005-07-08 00:00:00-04:00,34.111207698094965,34.538761138916016,34.111207698094965,34.538761138916016,9700,0.0,0.0,0.0
2005-07-11 00:00:00-04:00,34.56354167677494,34.80520106101705,34.56354167677494,34.77421951293945,34900,0.0,0.0,0.0
2005-07-12 00:00:00-04:00,34.88575591297874,34.9725051954197,34.792811266252286,34.92913055419922,3800,0.0,0.0,0.0
2005-07-13 00:00:00-04:00,34.92912845919731,34.97870082547067,34.867165365096135,34.953914642333984,3700,0.0,0.0,0.0
2005-07-14 00:00:00-04:00,35.08403558758635,35.18317794799805,35.065447133678006,35.18317794799805,2800,0.0,0.0,0.0
2005-07-15 00:00:00-04:00,35.133612431289386,35.133612431289386,35.07784469871033,35.12741470336914,3200,0.0,0.0,0.0
2005-07-18 00:00:00-04:00,35.046871447111236,35.1212276535724,35.01588752765633,35.0716552734375,4000,0.0,0.0,0.0
2005-07-19 00:00:00-04:00,35.071650155249664,35.071650155249664,34.891956212837286,34.966312408447266,34700,0.0,0.0,0.0
2005-07-20 00:00:00-04:00,34.83617233072697,35.02825927734375,34.743225356484196,35.02825927734375,8100,0.0,0.0,0.0
2005-07-21 00:00:00-04:00,35.07164527662881,35.07164527662881,34.85477208470905,34.8857536315918,5600,0.0,0.0,0.0
2005-07-22 00:00:00-04:00,34.92292501983518,35.09022817171042,34.87955039124605,35.07783508300781,5100,0.0,0.0,0.0
2005-07-25 00:00:00-04:00,35.03447745009642,35.03447745009642,34.879567311774885,34.916744232177734,6700,0.0,0.0,0.0
2005-07-26 00:00:00-04:00,35.00967427701346,35.13979816278087,34.953906559721716,35.07783508300781,37300,0.0,0.0,0.0
2005-07-27 00:00:00-04:00,35.108829498291016,35.15220414278685,34.98490092955682,35.108829498291016,22200,0.0,0.0,0.0
2005-07-28 00:00:00-04:00,35.15839177734925,35.43103265929693,35.15839177734925,35.40005111694336,6800,0.0,0.0,0.0
2005-07-29 00:00:00-04:00,35.40005597629801,35.44343061429507,35.294715881347656,35.294715881347656,3900,0.0,0.0,0.0
2005-08-01 00:00:00-04:00,35.294709368955814,35.294709368955814,35.115013122558594,35.115013122558594,1700,0.0,0.0,0.0
2005-08-02 00:00:00-04:00,35.195579146279734,35.276133071339736,35.195579146279734,35.24515151977539,6100,0.0,0.0,0.0
2005-08-03 00:00:00-04:00,35.21416291033664,35.26373291015625,35.108822819641816,35.26373291015625,6600,0.0,0.0,0.0
2005-08-04 00:00:00-04:00,35.24514868500277,35.24514868500277,34.97250538018714,34.997291564941406,2100,0.0,0.0,0.0
2005-08-05 00:00:00-04:00,34.90434263803957,34.90434263803957,34.71225327535741,34.718448638916016,2900,0.0,0.0,0.0
2005-08-08 00:00:00-04:00,34.730837712864016,34.81139161225148,34.606909182361804,34.65028381347656,5300,0.0,0.0,0.0
2005-08-09 00:00:00-04:00,34.74943722568847,34.76182795447364,34.64409712108885,34.7308464050293,5400,0.0,0.0,0.0
2005-08-10 00:00:00-04:00,34.84857674392223,34.997289114554185,34.613112732724375,34.668880462646484,2800,0.0,0.0,0.0
2005-08-11 00:00:00-04:00,34.6378994793182,34.805200308066084,34.569738656777666,34.687469482421875,2500,0.0,0.0,0.0
2005-08-12 00:00:00-04:00,34.74942442651633,34.74942442651633,34.5077627568834,34.62549591064453,5200,0.0,0.0,0.0
2005-08-15 00:00:00-04:00,34.66887532329149,34.84237385122264,34.557339879981406,34.78041076660156,5700,0.0,0.0,0.0
2005-08-16 00:00:00-04:00,34.848574351533294,34.848574351533294,34.47059335953669,34.48298645019531,5600,0.0,0.0,0.0
2005-08-17 00:00:00-04:00,34.482991206491555,34.52016811985493,34.4148303803378,34.45200729370117,3700,0.0,0.0,0.0
2005-08-18 00:00:00-04:00,34.50158180787614,34.891955968642925,34.50158180787614,34.75563430786133,3700,0.0,0.0,0.0
2005-08-19 00:00:00-04:00,34.92293271616668,34.92293271616668,34.78661107413535,34.81759262084961,4900,0.0,0.0,0.0
2005-08-22 00:00:00-04:00,34.93533191976663,35.05926049204628,34.780421795352304,34.8609733581543,12500,0.0,0.0,0.0
2005-08-23 00:00:00-04:00,34.86096257682804,34.88574875636662,34.7742133121832,34.80519485473633,6100,0.0,0.0,0.0
2005-08-24 00:00:00-04:00,34.81139458492087,34.817589948291975,34.4210205078125,34.4210205078125,6100,0.0,0.0,0.0
2005-08-25 00:00:00-04:00,34.631708073676215,34.631708073676215,34.4767979446197,34.58213806152344,1400,0.0,0.0,0.0
2005-08-26 00:00:00-04:00,34.575935853640665,34.575935853640665,34.45200729370117,34.45200729370117,1700,0.0,0.0,0.0
2005-08-29 00:00:00-04:00,34.470586629849066,34.74942520587946,34.352853473447404,34.71224594116211,8800,0.0,0.0,0.0
2005-08-30 00:00:00-04:00,34.526372806591155,34.526372806591155,34.28471336606082,34.507781982421875,17600,0.0,0.0,0.0
2005-08-31 00:00:00-04:00,34.52016087394447,34.588321685791016,34.3900369770048,34.588321685791016,7200,0.0,0.0,0.0
2005-09-01 00:00:00-04:00,34.68126145460065,34.867153034907226,34.66267064195221,34.72463607788086,8400,0.0,0.0,0.0
2005-09-02 00:00:00-04:00,34.811389718608986,34.885745887369495,34.68126583234309,34.743228912353516,3100,0.0,0.0,0.0
2005-09-06 00:00:00-04:00,34.8981383452375,35.02826222915104,34.891942982844455,35.015869140625,6300,0.0,0.0,0.0
2005-09-07 00:00:00-04:00,34.966317511262616,35.108834558538675,34.86717511473401,35.0716552734375,6900,0.0,0.0,0.0
2005-09-08 00:00:00-04:00,34.97251197652313,35.03447745009642,34.867174217060224,34.916744232177734,33900,0.0,0.0,0.0
2005-09-09 00:00:00-04:00,35.00348242702437,35.21416022862961,35.00348242702437,35.08403396606445,6500,0.0,0.0,0.0
2005-09-12 00:00:00-04:00,35.084035317322076,35.195570767393576,35.02207222894471,35.15839385986328,4100,0.0,0.0,0.0
2005-09-13 00:00:00-04:00,35.18318027302914,35.18318027302914,34.792808532714844,34.792808532714844,7500,0.0,0.0,0.0
2005-09-14 00:00:00-04:00,34.86096698329617,34.86096698329617,34.60691452026367,34.60691452026367,2500,0.0,0.0,0.0
2005-09-15 00:00:00-04:00,34.737042600742576,34.786612604918616,34.62550713667074,34.77421951293945,3200,0.0,0.0,0.0
2005-09-16 00:00:00-04:00,34.88575325708596,35.00968180702707,34.84237861916764,34.935325622558594,10200,0.0,0.0,0.0
2005-09-19 00:00:00-04:00,34.82378137157427,34.86715599854123,34.6378897754673,34.71224594116211,7300,0.0,0.0,0.0
2005-09-20 00:00:00-04:00,34.761822122164695,34.786608303057854,34.41482504462178,34.49537658691406,5500,0.0,0.0,0.0
2005-09-21 00:00:00-04:00,34.179370648795825,34.179370648795825,33.968692779541016,33.968692779541016,10700,0.0,0.0,0.0
2005-09-22 00:00:00-04:00,33.92530955171888,34.19795045790031,33.813774098340026,34.03064727783203,7600,0.0,0.0,0.0
2005-09-23 00:00:00-04:00,34.15457021678107,34.27230337810404,34.07401868546955,34.26610565185547,2400,0.0,0.0,0.0
2005-09-26 00:00:00-04:00,34.2723169238214,34.439620142557565,34.09262061142986,34.2413330078125,6800,0.0,0.0,0.0
2005-09-27 00:00:00-04:00,34.27850920529462,34.588329427586686,34.27850920529462,34.513973236083984,6500,0.0,0.0,0.0
2005-09-28 00:00:00-04:00,34.56353550625769,34.74323176226401,34.50157242116457,34.588321685791016,42700,0.0,0.0,0.0
2005-09-29 00:00:00-04:00,34.58833268443588,34.85477828979492,34.49538566350006,34.85477828979492,6200,0.0,0.0,0.0
2005-09-30 00:00:00-04:00,34.78041390341212,35.05305480957031,34.73703926751741,35.05305480957031,8000,0.0,0.0,0.0
2005-10-03 00:00:00-04:00,35.13362074860612,35.19558386003356,35.00969216201006,35.0716552734375,18500,0.0,0.0,0.0
2005-10-04 00:00:00-04:00,35.04066362333629,35.18318062955657,34.879558161790925,34.96010971069336,14500,0.0,0.0,0.0
2005-10-05 00:00:00-04:00,34.91672520464244,34.91672520464244,34.56353047083872,34.62549591064453,11700,0.0,0.0,0.0
2005-10-06 00:00:00-04:00,34.66888613836927,34.66888613836927,34.21035113241515,34.43342208862305,65100,0.0,0.0,0.0
2005-10-07 00:00:00-04:00,34.54494435474254,34.54494435474254,34.29089194372363,34.40862274169922,4000,0.0,0.0,0.0
2005-10-10 00:00:00-04:00,34.452007517398485,34.482991430390044,34.23513430890172,34.30329513549805,7800,0.0,0.0,0.0
2005-10-11 00:00:00-04:00,34.30329495098555,34.37765114153582,34.23513412475586,34.23513412475586,2000,0.0,0.0,0.0
2005-10-12 00:00:00-04:00,34.253727589677545,34.28471150703259,33.95630042024912,34.055442810058594,16600,0.0,0.0,0.0
2005-10-13 00:00:00-04:00,33.94389572224451,34.01825426198772,33.88193263619872,33.98727035522461,16600,0.0,0.0,0.0
2005-10-14 00:00:00-04:00,34.01826262337526,34.27231512059121,33.95010179372743,34.25992202758789,6200,0.0,0.0,0.0
2005-10-17 00:00:00-04:00,34.25992802642188,34.56974831453116,34.16078562877656,34.52017593383789,19700,0.0,0.0,0.0
2005-10-18 00:00:00-04:00,34.53876145820231,34.53876145820231,34.33427896483398,34.34667205810547,15900,0.0,0.0,0.0
2005-10-19 00:00:00-04:00,34.18556104336697,34.693668365478516,34.173170314983835,34.693668365478516,6500,0.0,0.0,0.0
2005-10-20 00:00:00-04:00,34.699857122501086,34.83617874616492,34.31568079477779,34.3714485168457,14800,0.0,0.0,0.0
2005-10-21 00:00:00-04:00,34.47678776522701,34.47678776522701,34.28470077470551,34.32807540893555,8500,0.0,0.0,0.0
2005-10-24 00:00:00-04:00,34.45200699011115,34.668882559029335,34.45200699011115,34.64409637451172,3600,0.0,0.0,0.0
2005-10-25 00:00:00-04:00,34.594521310486684,34.594521310486684,34.26611032300316,34.49537658691406,15300,0.0,0.0,0.0
2005-10-26 00:00:00-04:00,34.53255519314048,34.67507218492071,34.328075114061114,34.33427047729492,4800,0.0,0.0,0.0
2005-10-27 00:00:00-04:00,34.14218226486307,34.166968446106566,33.93770217895508,33.93770217895508,5800,0.0,0.0,0.0
2005-10-28 00:00:00-04:00,34.247529359080325,34.544956503624064,34.2041547149015,34.538761138916016,9600,0.0,0.0,0.0
2005-10-31 00:00:00-05:00,34.67508038433213,34.86716978236612,34.67508038433213,34.75563430786133,8500,0.0,0.0,0.0
2005-11-01 00:00:00-05:00,34.75562992633146,34.75562992633146,34.52636364152594,34.5511474609375,29900,0.0,0.0,0.0
2005-11-02 00:00:00-05:00,34.55113815779349,34.71224594116211,34.52635434505514,34.71224594116211,3300,0.0,0.0,0.0
2005-11-03 00:00:00-05:00,34.83619149343324,34.94152924936219,34.7370491027832,34.7370491027832,4000,0.0,0.0,0.0
2005-11-04 00:00:00-05:00,34.73085854378237,34.78043093121189,34.5883414755348,34.67509078979492,7800,0.0,0.0,0.0
2005-11-07 00:00:00-05:00,34.74943389490215,34.82379007918956,34.71844998468695,34.792808532714844,10500,0.0,0.0,0.0
2005-11-08 00:00:00-05:00,34.730841729773616,34.730841729773616,34.67507400278462,34.718448638916016,3400,0.0,0.0,0.0
2005-11-09 00:00:00-05:00,34.699859148074935,34.86716232404485,34.699859148074935,34.823787689208984,6700,0.0,0.0,0.0
2005-11-10 00:00:00-05:00,34.860970836967375,35.17079106338946,34.755633094579416,35.15220260620117,16400,0.0,0.0,0.0
2005-11-11 00:00:00-05:00,35.127428710584006,35.17080336835903,35.090251783200586,35.164608001708984,2100,0.0,0.0,0.0
2005-11-14 00:00:00-05:00,35.145995388278486,35.18317229011667,35.0034784158389,35.015869140625,46800,0.0,0.0,0.0
2005-11-15 00:00:00-05:00,35.07164711496568,35.07164711496568,34.76802463036314,34.836185455322266,9200,0.0,0.0,0.0
2005-11-16 00:00:00-05:00,34.873366451756354,34.873366451756354,34.74944024321762,34.8609733581543,3400,0.0,0.0,0.0
2005-11-17 00:00:00-05:00,34.88575325708596,34.95391407774059,34.81139707261748,34.935325622558594,22600,0.0,0.0,0.0
2005-11-18 00:00:00-05:00,34.95391340849214,34.99728804557998,34.84237795205471,34.991092681884766,7200,0.0,0.0,0.0
2005-11-21 00:00:00-05:00,34.94772572081106,35.13361740112305,34.94772572081106,35.13361740112305,7800,0.0,0.0,0.0
2005-11-22 00:00:00-05:00,35.195572656052086,35.331894294285924,35.15839574652681,35.28232192993164,10000,0.0,0.0,0.0
2005-11-23 00:00:00-05:00,35.313311556469365,35.5053985900885,35.26993454876676,35.375274658203125,24700,0.0,0.0,0.0
2005-11-25 00:00:00-05:00,35.45582312069948,35.530179304076135,35.42483921086379,35.49300003051758,3100,0.0,0.0,0.0
2005-11-28 00:00:00-05:00,35.536383798660104,35.536383798660104,35.30092209684348,35.3071174621582,5800,0.0,0.0,0.0
2005-11-29 00:00:00-05:00,35.462027033334195,35.47442012750801,35.28852844238281,35.28852844238281,6900,0.0,0.0,0.0
2005-11-30 00:00:00-05:00,35.44342658131932,35.44342658131932,35.00967788696289,35.00967788696289,6100,0.0,0.0,0.0
2005-12-01 00:00:00-05:00,35.24514464793564,35.41864319386123,35.17078610219004,35.33189392089844,4100,0.0,0.0,0.0
2005-12-02 00:00:00-05:00,35.2575406879493,35.36907615215649,35.2389498680877,35.31950378417969,15500,0.0,0.0,0.0
2005-12-05 00:00:00-05:00,35.22655954375086,35.26373882265453,35.16459644265219,35.23895263671875,10700,0.0,0.0,0.0
2005-12-06 00:00:00-05:00,35.15840462117606,35.36908249537999,35.15840462117606,35.21417236328125,11800,0.0,0.0,0.0
2005-12-07 00:00:00-05:00,35.133612837870494,35.2265574840841,35.02827273567296,35.0468635559082,4200,0.0,0.0,0.0
2005-12-08 00:00:00-05:00,35.084026989141464,35.27611629949799,35.009670827991094,35.02825927734375,1600,0.0,0.0,0.0
2005-12-09 00:00:00-05:00,35.10883121341719,35.17079431894087,35.03447501404059,35.13361740112305,6000,0.0,0.0,0.0
2005-12-12 00:00:00-05:00,35.22656051853568,35.3380959945923,35.17079278050736,35.1769905090332,9300,0.0,0.0,0.0
2005-12-13 00:00:00-05:00,35.28851492093051,35.60453042818202,35.28851492093051,35.530174255371094,6500,0.0,0.0,0.0
2005-12-14 00:00:00-05:00,35.660309756521066,35.889576076165014,35.660309756521066,35.81521987915039,6900,0.0,0.0,0.0
2005-12-15 00:00:00-05:00,35.69748437799251,35.82141293267013,35.68509128615069,35.80282211303711,7100,0.0,0.0,0.0
2005-12-16 00:00:00-05:00,35.75325677559501,36.03209546907596,35.75325677559501,35.81521987915039,7300,0.0,0.0,0.0
2005-12-19 00:00:00-05:00,35.79042387789295,35.85858469135754,35.641711524643135,35.697479248046875,9300,0.0,0.0,0.0
2005-12-20 00:00:00-05:00,35.6355109015373,35.654101716987775,35.44961929321289,35.44961929321289,8900,0.0,0.0,0.0
2005-12-21 00:00:00-05:00,35.65411347319104,35.69129038887021,35.56736418495187,35.660308837890625,9700,0.0,0.0,0.0
2005-12-22 00:00:00-05:00,35.65592212132178,35.67474045586563,35.52418899357011,35.6684684753418,11400,0.703,0.0,0.0
2005-12-23 00:00:00-05:00,35.63081321665323,35.69354495823748,35.599448542346735,35.60572052001953,27600,0.0,0.0,0.0
2005-12-27 00:00:00-05:00,35.6935638533912,35.712382189342726,35.34854507446289,35.34854507446289,17500,0.0,0.0,0.0
2005-12-28 00:00:00-05:00,35.42381281344725,35.511634879423845,35.379901780458944,35.46772384643555,8200,0.0,0.0,0.0
2005-12-29 00:00:00-05:00,35.517917276944274,35.517917276944274,35.34854507446289,35.34854507446289,7800,0.0,0.0,0.0
2005-12-30 00:00:00-05:00,35.32972329382458,35.32972329382458,35.08507537841797,35.08507537841797,9400,0.0,0.0,0.0
2006-01-03 00:00:00-05:00,35.19171260341757,35.317173736417,34.89060732000218,35.223079681396484,27800,0.0,0.0,0.0
2006-01-04 00:00:00-05:00,35.31090128459129,35.448906375371024,35.31090128459129,35.43008804321289,109000,0.0,0.0,0.0
2006-01-05 00:00:00-05:00,35.37990061822443,35.417537277851274,35.248165130615234,35.248165130615234,7600,0.0,0.0,0.0
2006-01-06 00:00:00-05:00,35.33599047708544,35.41126619120769,35.14779760232209,35.35480880737305,5500,0.0,0.0,0.0
2006-01-09 00:00:00-05:00,35.4049989666028,35.58064552564288,35.3548159447144,35.561824798583984,9400,0.0,0.0,0.0
2006-01-10 00:00:00-05:00,35.39244498718515,35.499087774300556,35.36108030614125,35.417537689208984,46200,0.0,0.0,0.0
2006-01-11 00:00:00-05:00,35.524177361874855,35.524177361874855,35.38616990581484,35.51163101196289,4100,0.0,0.0,0.0
2006-01-12 00:00:00-05:00,35.473998518306516,35.473998518306516,35.329719057111475,35.39244842529297,16900,0.0,0.0,0.0
2006-01-13 00:00:00-05:00,35.4865414752853,35.4865414752853,35.32971567686422,35.373626708984375,5700,0.0,0.0,0.0
2006-01-17 00:00:00-05:00,35.14152478893994,35.2983505855384,35.14152478893994,35.204254150390625,17500,0.0,0.0,0.0
2006-01-18 00:00:00-05:00,35.19799084904566,35.4238204346983,35.19799084904566,35.32345199584961,7900,0.0,0.0,0.0
2006-01-19 00:00:00-05:00,35.43009148659446,35.48027690118965,35.25444732145589,35.404998779296875,7700,0.0,0.0,0.0
2006-01-20 00:00:00-05:00,35.329714903055695,35.329714903055695,34.93451322965836,34.990970611572266,14400,0.0,0.0,0.0
2006-01-23 00:00:00-05:00,35.003517476034695,35.11016026253569,35.003517476034695,35.0725212097168,75900,0.0,0.0,0.0
2006-01-24 00:00:00-05:00,35.097622226532806,35.216808999238076,35.03489045697293,35.1666259765625,11600,0.0,0.0,0.0
2006-01-25 00:00:00-05:00,35.18542847055427,35.19797481881791,35.05369540324292,35.128971099853516,40100,0.0,0.0,0.0
2006-01-26 00:00:00-05:00,35.28580517726739,35.39871994527239,35.19170873960595,35.26698684692383,64500,0.0,0.0,0.0
2006-01-27 00:00:00-05:00,35.26697877154804,35.52417293022935,35.26697877154804,35.51789855957031,10000,0.0,0.0,0.0
2006-01-30 00:00:00-05:00,35.593188664582215,35.59946064438717,35.373631083855614,35.41127014160156,7600,0.0,0.0,0.0
2006-01-31 00:00:00-05:00,35.37989759789973,35.39871592610666,35.25443649291992,35.25443649291992,12100,0.0,0.0,0.0
2006-02-01 00:00:00-05:00,35.298354373020736,35.43008748198507,35.16034689145505,35.39244842529297,8900,0.0,0.0,0.0
2006-02-02 00:00:00-05:00,35.43009123642438,35.505366964813355,35.241900718965816,35.292083740234375,10500,0.0,0.0,0.0
2006-02-03 00:00:00-05:00,35.25444046517786,35.279533167595424,35.10388664364428,35.12270736694336,6200,0.0,0.0,0.0
2006-02-06 00:00:00-05:00,35.18543673001546,35.204255060342724,35.003518226945836,35.12270736694336,9100,0.0,0.0,0.0
2006-02-07 00:00:00-05:00,35.02861321857972,35.12898164183752,34.87805938720703,34.87805938720703,5200,0.0,0.0,0.0
2006-02-08 00:00:00-05:00,34.972157157754125,35.122710994838705,34.92824612047363,35.110164642333984,11800,0.0,0.0,0.0
2006-02-09 00:00:00-05:00,35.09761466452579,35.21052943243303,35.0913402924355,35.12270736694336,6200,0.0,0.0,0.0
2006-02-10 00:00:00-05:00,35.110160587401275,35.17916432172185,34.909423756453315,35.14152526855469,19900,0.0,0.0,0.0
2006-02-13 00:00:00-05:00,35.053706430444116,35.053706430444116,34.896880617271194,34.95960998535156,16800,0.0,0.0,0.0
2006-02-14 00:00:00-05:00,35.04743711624757,35.41754618447238,35.03489076222629,35.37990951538086,92800,0.0,0.0,0.0
2006-02-15 00:00:00-05:00,35.31716168764577,35.60572052001953,35.29834336165613,35.60572052001953,7700,0.0,0.0,0.0
2006-02-16 00:00:00-05:00,35.6308336880788,35.89430236816406,35.58065065895039,35.89430236816406,10700,0.0,0.0,0.0
2006-02-17 00:00:00-05:00,35.8817436849394,35.8817436849394,35.71864351211907,35.78764724731445,20500,0.0,0.0,0.0
2006-02-21 00:00:00-05:00,35.78765136384472,35.83156240166147,35.68728293555325,35.71237564086914,11100,0.0,0.0,0.0
2006-02-22 00:00:00-05:00,35.73746787397927,35.99466211763855,35.73746787397927,35.91938400268555,21000,0.0,0.0,0.0
2006-02-23 00:00:00-05:00,35.900566043605835,36.1075772724203,35.85038302608759,35.94447708129883,10200,0.0,0.0,0.0
2006-02-24 00:00:00-05:00,35.9131165175857,35.944481206255496,35.793929743451535,35.869205474853516,4900,0.0,0.0,0.0
2006-02-27 00:00:00-05:00,35.91311246771349,36.1389420294253,35.91311246771349,36.04484558105469,3400,0.0,0.0,0.0
2006-02-28 00:00:00-05:00,35.919383782467754,35.957022839713495,35.612006523696365,35.61827850341797,30100,0.0,0.0,0.0
2006-03-01 00:00:00-05:00,35.75629068354485,35.844112769014814,35.693561306201254,35.72492599487305,5300,0.0,0.0,0.0
2006-03-02 00:00:00-05:00,35.72492199352708,35.737468346185025,35.56809617476092,35.71237564086914,16200,0.0,0.0,0.0
2006-03-03 00:00:00-05:00,35.624545340027844,35.90055785585893,35.624545340027844,35.7186393737793,6700,0.0,0.0,0.0
2006-03-06 00:00:00-05:00,35.78765902637619,35.78765902637619,35.5241927430646,35.5681037902832,12700,0.0,0.0,0.0
2006-03-07 00:00:00-05:00,35.68101513708886,35.76883722301406,35.64337607470419,35.73747253417969,6800,0.0,0.0,0.0
2006-03-08 00:00:00-05:00,35.731190720749275,36.138938769612714,35.731190720749275,36.082481384277344,4200,0.0,0.0,0.0
2006-03-09 00:00:00-05:00,36.05111265293606,36.289486126048885,36.05111265293606,36.11384201049805,10400,0.0,0.0,0.0
2006-03-10 00:00:00-05:00,36.25812533292448,36.42749748805878,36.25812533292448,36.40240478515625,14300,0.0,0.0,0.0
2006-03-13 00:00:00-05:00,36.44631982474984,36.590601685812224,36.38359045357046,36.414955139160156,9400,0.0,0.0,0.0
2006-03-14 00:00:00-05:00,36.2894899089161,36.49022674560547,36.245578875451045,36.49022674560547,11300,0.0,0.0,0.0
2006-03-15 00:00:00-05:00,36.4902315413212,36.4902315413212,36.28322269820441,36.36477279663086,6800,0.0,0.0,0.0
2006-03-16 00:00:00-05:00,36.45258693871081,36.45258693871081,36.30830749935145,36.440040588378906,7000,0.0,0.0,0.0
2006-03-17 00:00:00-05:00,36.49650154711845,36.5529589326622,36.37731479673581,36.47140884399414,12300,0.0,0.0,0.0
2006-03-20 00:00:00-05:00,36.546672972932754,36.615676688160384,36.42748626033937,36.60313034057617,33600,0.0,0.0,0.0
2006-03-21 00:00:00-05:00,36.55922794557238,36.69096342980014,36.39613017444176,36.43376922607422,38100,0.0,0.0,0.0
2006-03-22 00:00:00-05:00,36.50277355280547,36.61568832397461,36.38985878163633,36.61568832397461,3100,0.0,0.0,0.0
2006-03-23 00:00:00-05:00,36.647048766655836,36.647048766655836,36.446311950683594,36.446311950683594,13500,0.0,0.0,0.0
2006-03-24 00:00:00-05:00,36.49650899645103,36.52160170469703,36.34595513994739,36.45886993408203,14700,0.0,0.0,0.0
2006-03-27 00:00:00-05:00,36.458862842471284,36.49022752519186,36.35222244262695,36.35222244262695,10100,0.0,0.0,0.0
2006-03-28 00:00:00-05:00,36.3459544628585,36.3522288362893,36.07621383666992,36.07621383666992,13400,0.0,0.0,0.0
2006-03-29 00:00:00-05:00,36.1012882190947,36.358482360839844,36.07619552405344,36.358482360839844,5100,0.0,0.0,0.0
2006-03-30 00:00:00-05:00,36.33339791528067,36.38985529545658,36.0762037151397,36.16402816772461,11000,0.0,0.0,0.0
2006-03-31 00:00:00-05:00,36.220485077891816,36.23930340671571,36.019745867559955,36.03856658935547,8000,0.0,0.0,0.0
2006-04-03 00:00:00-04:00,36.164031848813245,36.289490579332956,36.082481759597925,36.107574462890625,7700,0.0,0.0,0.0
2006-04-04 00:00:00-04:00,36.1326647191879,36.20166845665371,36.06993535402184,36.151485443115234,8800,0.0,0.0,0.0
2006-04-05 00:00:00-04:00,36.145207445684875,36.22675752659933,36.069931736440886,36.16402816772461,10300,0.0,0.0,0.0
2006-04-06 00:00:00-04:00,36.16402807770144,36.17030005638463,35.99465593759535,36.06365966796875,9400,0.0,0.0,0.0
2006-04-07 00:00:00-04:00,36.14521379220965,36.19539920249851,35.74374008178711,35.74374008178711,11600,0.0,0.0,0.0
2006-04-10 00:00:00-04:00,35.86920547714119,35.86920547714119,35.72492599487305,35.72492599487305,2600,0.0,0.0,0.0
2006-04-11 00:00:00-04:00,35.819018877817996,35.819018877817996,35.386180445309826,35.404998779296875,9100,0.0,0.0,0.0
2006-04-12 00:00:00-04:00,35.543011079594685,35.5681037902832,35.43637064862741,35.5681037902832,7700,0.0,0.0,0.0
2006-04-13 00:00:00-04:00,35.56808418695745,35.593176883816135,35.43635111790625,35.486534118652344,4200,0.0,0.0,0.0
2006-04-17 00:00:00-04:00,35.51790972414599,35.51790972414599,35.26071548461914,35.26071548461914,5900,0.0,0.0,0.0
2006-04-18 00:00:00-04:00,35.34853790892028,35.6810102654942,35.34853790892028,35.61827850341797,5700,0.0,0.0,0.0
2006-04-19 00:00:00-04:00,35.67472834610098,35.72491374514565,35.59318066211069,35.7186393737793,17500,0.0,0.0,0.0
2006-04-20 00:00:00-04:00,35.71864762071207,35.89429416495119,35.71237564086914,35.71237564086914,6300,0.0,0.0,0.0
2006-04-21 00:00:00-04:00,35.756286434359325,35.95702328957059,35.63082530160926,35.74374008178711,4400,0.0,0.0,0.0
2006-04-24 00:00:00-04:00,35.743740711708476,35.919384864870736,35.70610165332851,35.88174819946289,8800,0.0,0.0,0.0
2006-04-25 00:00:00-04:00,35.850383513965646,36.01348131433459,35.837837161172324,35.88174819946289,8100,0.0,0.0,0.0
2006-04-26 00:00:00-04:00,35.88174121770975,36.239303827343626,35.88174121770975,36.20793914794922,10000,0.0,0.0,0.0
2006-04-27 00:00:00-04:00,36.11383468508105,36.40866787035524,36.057377317538574,36.226749420166016,143200,0.0,0.0,0.0
2006-04-28 00:00:00-04:00,36.18284634850937,36.34594411669822,36.132660947237945,36.29576110839844,23000,0.0,0.0,0.0
2006-05-01 00:00:00-04:00,36.32086181640625,36.559235346082914,36.276950777098854,36.32086181640625,11400,0.0,0.0,0.0
2006-05-02 00:00:00-04:00,36.32085711775804,36.54668426513672,36.251853381209614,36.54668426513672,8700,0.0,0.0,0.0
2006-05-03 00:00:00-04:00,36.25183780752458,36.35847815967114,36.08873770157347,36.3333854675293,15000,0.0,0.0,0.0
2006-05-04 00:00:00-04:00,36.364767989218194,36.45886203529673,36.31458258359882,36.345947265625,6300,0.0,0.0,0.0
2006-05-05 00:00:00-04:00,36.40867977103899,36.79760710069621,36.40867977103899,36.72860336303711,8000,0.0,0.0,0.0
2006-05-08 00:00:00-04:00,36.77252656752801,36.941898781572164,36.72861551866168,36.92308044433594,8900,0.0,0.0,0.0
2006-05-09 00:00:00-04:00,36.97952651977539,37.00461922371796,36.92306913239059,36.97952651977539,15100,0.0,0.0,0.0
2006-05-10 00:00:00-04:00,36.998344100504745,36.998344100504745,36.810153610698,36.92934036254883,15700,0.0,0.0,0.0
2006-05-11 00:00:00-04:00,36.72232805914396,36.72232805914396,36.45885948402265,36.47768020629883,22700,0.0,0.0,0.0
2006-05-12 00:00:00-04:00,36.47141592049998,36.49023425500857,36.13894591499573,36.14521789550781,15200,0.0,0.0,0.0
2006-05-15 00:00:00-04:00,36.07620350998929,36.527862548828125,36.07620350998929,36.527862548828125,14800,0.0,0.0,0.0
2006-05-16 00:00:00-04:00,36.540412607519144,36.709784764272854,36.50904792507702,36.61568832397461,24200,0.0,0.0,0.0
2006-05-17 00:00:00-04:00,36.45886603646204,36.546688112962094,36.17657908130323,36.21421813964844,32800,0.0,0.0,0.0
2006-05-18 00:00:00-04:00,36.30831885255043,36.34595552234303,36.038578218498905,36.051124572753906,12600,0.0,0.0,0.0
2006-05-19 00:00:00-04:00,36.057388681245655,36.13266439736886,35.88801652523954,36.082481384277344,27200,0.0,0.0,0.0
2006-05-22 00:00:00-04:00,35.969550722117674,36.251837524079114,35.969550722117674,36.17655944824219,21300,0.0,0.0,0.0
2006-05-23 00:00:00-04:00,36.40240164582585,36.414947996195124,36.13893546698606,36.16402816772461,8900,0.0,0.0,0.0
2006-05-24 00:00:00-04:00,36.20166776099583,36.48395468476242,36.126392045648686,36.38985824584961,14200,0.0,0.0,0.0
2006-05-25 00:00:00-04:00,36.465140886189275,36.772518157958984,36.465140886189275,36.772518157958984,99600,0.0,0.0,0.0
2006-05-26 00:00:00-04:00,36.8226932508472,36.84778594970703,36.70350412774873,36.84778594970703,23400,0.0,0.0,0.0
2006-05-30 00:00:00-04:00,36.59059739274865,36.59059739274865,36.258125064183986,36.28948974609375,34800,0.0,0.0,0.0
2006-05-31 00:00:00-04:00,36.35222951349508,36.47141628820503,36.276953781729446,36.45886993408203,15800,0.0,0.0,0.0
2006-06-01 00:00:00-04:00,36.49023193021956,36.67842483520508,36.42750255720585,36.67842483520508,16500,0.0,0.0,0.0
2006-06-02 00:00:00-04:00,36.69722713513946,36.72231983057058,36.42121466431058,36.62822341918945,13100,0.0,0.0,0.0
2006-06-05 00:00:00-04:00,36.458854456390405,36.49021913189664,36.05738086677941,36.06992721557617,21600,0.0,0.0,0.0
2006-06-06 00:00:00-04:00,36.01975000136618,36.107574462890625,35.82528753327749,36.107574462890625,12700,0.0,0.0,0.0
2006-06-07 00:00:00-04:00,36.17658264641977,36.483962337433596,36.05112389218295,36.1013069152832,22700,0.0,0.0,0.0
2006-06-08 00:00:00-04:00,36.164035121493605,36.23931084521192,35.81274442252129,36.21421813964844,16500,0.0,0.0,0.0
2006-06-09 00:00:00-04:00,36.289486835780345,36.36476493789291,36.13893541749853,36.20793914794922,6100,0.0,0.0,0.0
2006-06-12 00:00:00-04:00,36.19540337571464,36.283225460873666,35.91938837324643,35.957027435302734,10500,0.0,0.0,0.0
2006-06-13 00:00:00-04:00,35.8942939196816,36.03857338480395,35.71237539684262,35.74374008178711,28700,0.0,0.0,0.0
2006-06-14 00:00:00-04:00,35.71237963853218,35.869205474853516,35.655922241737606,35.869205474853516,19300,0.0,0.0,0.0
2006-06-15 00:00:00-04:00,35.93820915913403,36.207949788544816,35.86293103489915,36.20167541503906,33400,0.0,0.0,0.0
2006-06-16 00:00:00-04:00,36.24557876586914,36.31458250195471,36.17657502978357,36.24557876586914,20000,0.0,0.0,0.0
2006-06-19 00:00:00-04:00,36.35222523848956,36.39613627626996,36.00720891608411,36.04484558105469,11200,0.0,0.0,0.0
2006-06-20 00:00:00-04:00,36.1326567264118,36.3961252663665,36.1326567264118,36.3145751953125,11600,0.0,0.0,0.0
2006-06-21 00:00:00-04:00,36.295753509782614,36.546673284694066,36.295753509782614,36.483943939208984,20600,0.0,0.0,0.0
2006-06-22 00:00:00-04:00,36.43376879857597,36.45258712768555,36.30830768757823,36.45258712768555,8600,0.0,0.0,0.0
2006-06-23 00:00:00-04:00,36.295769110238545,36.53414503288738,36.295769110238545,36.32086181640625,10000,0.0,0.0,0.0
2006-06-26 00:00:00-04:00,36.40238984169252,36.51530456542969,36.289475117955355,36.51530456542969,9300,0.0,0.0,0.0
2006-06-27 00:00:00-04:00,36.52159062817657,36.52159062817657,36.239303728453905,36.29576110839844,15000,0.0,0.0,0.0
2006-06-28 00:00:00-04:00,36.320854464148525,36.43376922607422,36.29576176306022,36.43376922607422,10600,0.0,0.0,0.0
2006-06-29 00:00:00-04:00,36.527859374051594,37.086158752441406,36.527859374051594,37.086158752441406,15900,0.0,0.0,0.0
2006-06-30 00:00:00-04:00,37.10499493079613,37.13635962039574,36.95444107055664,36.95444107055664,12500,0.0,0.0,0.0
2006-07-03 00:00:00-04:00,36.998337269330655,37.12379837036133,36.960698221130016,37.12379837036133,9100,0.0,0.0,0.0
2006-07-05 00:00:00-04:00,37.01088691873753,37.01088691873753,36.75369271552958,36.854061126708984,50900,0.0,0.0,0.0
2006-07-06 00:00:00-04:00,36.85406530527674,37.37472814247145,36.85406530527674,37.21162796020508,46900,0.0,0.0,0.0
2006-07-07 00:00:00-04:00,37.07360873993834,37.26180156648345,37.04224406650455,37.14261245727539,5800,0.0,0.0,0.0
2006-07-10 00:00:00-04:00,37.24926679650524,37.493914675491034,37.24926679650524,37.387271881103516,7200,0.0,0.0,0.0
2006-07-11 00:00:00-04:00,37.42490434439498,37.61309480331382,37.268078563134026,37.55036544799805,65600,0.0,0.0,0.0
2006-07-12 00:00:00-04:00,37.588016273469854,37.588016273469854,37.324550010259486,37.3308219909668,12700,0.0,0.0,0.0
2006-07-13 00:00:00-04:00,37.13635176499401,37.13635176499401,36.872883163549155,36.94188690185547,9300,0.0,0.0,0.0
2006-07-14 00:00:00-04:00,36.81642194738668,36.822696319110186,36.465133705963694,36.609413146972656,49900,0.0,0.0,0.0
2006-07-17 00:00:00-04:00,36.609408481839715,36.72232322875744,36.496493734922,36.64704513549805,14200,0.0,0.0,0.0
2006-07-18 00:00:00-04:00,36.697242374846375,36.816429138183594,36.433776142320255,36.816429138183594,14500,0.0,0.0,0.0
2006-07-19 00:00:00-04:00,36.94815748638157,37.311992078826314,36.94815748638157,37.27435302734375,18400,0.0,0.0,0.0
2006-07-20 00:00:00-04:00,37.34963982717489,37.41864357447461,37.249271392822266,37.249271392822266,15000,0.0,0.0,0.0
2006-07-21 00:00:00-04:00,37.26808551354719,37.26808551354719,37.07989501953125,37.07989501953125,10600,0.0,0.0,0.0
2006-07-24 00:00:00-04:00,37.14262498715187,37.45000463362682,37.14262498715187,37.40609359741211,24100,0.0,0.0,0.0
2006-07-25 00:00:00-04:00,37.30573245973564,37.700931862862554,37.30573245973564,37.62565612792969,12200,0.0,0.0,0.0
2006-07-26 00:00:00-04:00,37.569190659439165,37.581737011395376,37.3935465179962,37.500186920166016,17600,0.0,0.0,0.0
2006-07-27 00:00:00-04:00,37.62565155149987,37.62565155149987,37.255542509718836,37.28690719604492,20100,0.0,0.0,0.0
2006-07-28 00:00:00-04:00,37.44373757495048,37.663295191882355,37.44373757495048,37.62565612792969,12400,0.0,0.0,0.0
2006-07-31 00:00:00-04:00,37.60683014658358,37.60683014658358,37.45627631435452,37.48136901855469,49200,0.0,0.0,0.0
2006-08-01 00:00:00-04:00,37.38727970253335,37.38727970253335,37.1614525005916,37.25554656982422,13900,0.0,0.0,0.0
2006-08-02 00:00:00-04:00,37.55037664599658,37.631926746603575,37.45628019199064,37.58174133300781,12400,0.0,0.0,0.0
2006-08-03 00:00:00-04:00,37.52527621911568,37.75110574789218,37.52527621911568,37.6695556640625,38400,0.0,0.0,0.0
2006-08-04 00:00:00-04:00,37.876567672495014,37.876567672495014,37.550369723177404,37.67583084106445,33200,0.0,0.0,0.0
2006-08-07 00:00:00-04:00,37.575462341308594,37.594280671409436,37.50018423496166,37.575462341308594,8900,0.0,0.0,0.0
2006-08-08 00:00:00-04:00,37.73229142666899,37.763656110559616,37.61310227772384,37.682106018066406,21600,0.0,0.0,0.0
2006-08-09 00:00:00-04:00,37.776199087348076,37.813835747465134,37.45627311852243,37.475093841552734,25200,0.0,0.0,0.0
2006-08-10 00:00:00-04:00,37.51900904336603,37.882843691772614,37.51900904336603,37.83266067504883,328300,0.0,0.0,0.0
2006-08-11 00:00:00-04:00,37.807575291106055,37.807575291106055,37.63820309004415,37.76366424560547,14300,0.0,0.0,0.0
2006-08-14 00:00:00-04:00,37.958123365335084,38.17768096615539,37.84521096770774,37.889122009277344,19400,0.0,0.0,0.0
2006-08-15 00:00:00-04:00,38.146304088987385,38.15257606736219,38.03338933446871,38.12748336791992,27800,0.0,0.0,0.0
2006-08-16 00:00:00-04:00,38.196502935453296,38.196502935453296,38.002040416558565,38.165138244628906,24800,0.0,0.0,0.0
2006-08-17 00:00:00-04:00,38.14002246980175,38.2654835501999,38.114929775127905,38.15256881713867,24800,0.0,0.0,0.0
2006-08-18 00:00:00-04:00,38.30941028203866,38.321956634521484,38.11494540801301,38.321956634521484,30800,0.0,0.0,0.0
2006-08-21 00:00:00-04:00,38.3470452816505,38.44113932585667,38.30313424909326,38.35331726074219,29700,0.0,0.0,0.0
2006-08-22 00:00:00-04:00,38.34076690673828,38.434863334092405,38.296855878765435,38.34076690673828,18300,0.0,0.0,0.0
2006-08-23 00:00:00-04:00,38.35959513039644,38.3909598146583,38.19649494347955,38.28431701660156,26800,0.0,0.0,0.0
2006-08-24 00:00:00-04:00,38.390953253116685,38.41604595342629,38.30313119500467,38.403499603271484,28200,0.0,0.0,0.0
2006-08-25 00:00:00-04:00,38.29058484484987,38.42858991060948,38.29058484484987,38.403499603271484,46600,0.0,0.0,0.0
2006-08-28 00:00:00-04:00,38.403503953668256,38.69206286100221,38.403503953668256,38.62933349609375,20500,0.0,0.0,0.0
2006-08-29 00:00:00-04:00,38.6857838568324,38.817519336122345,38.62932887095734,38.81124496459961,27700,0.0,0.0,0.0
2006-08-30 00:00:00-04:00,38.836346418226974,38.93044286850405,38.792435379556906,38.886531829833984,23000,0.0,0.0,0.0
2006-08-31 00:00:00-04:00,38.899059910754126,38.93042697669021,38.830058587419764,38.89278793334961,20300,0.0,0.0,0.0
2006-09-01 00:00:00-04:00,38.93670278404456,39.12489323331632,38.93670278404456,39.08098220825195,32100,0.0,0.0,0.0
2006-09-05 00:00:00-04:00,39.062179690652975,39.062179690652975,38.93671854270409,38.97435760498047,41300,0.0,0.0,0.0
2006-09-06 00:00:00-04:00,38.94298822901758,38.94298822901758,38.830073448751364,38.86771011352539,12000,0.0,0.0,0.0
2006-09-07 00:00:00-04:00,38.830074053264326,38.917896129733705,38.68579219281079,38.717159271240234,26800,0.0,0.0,0.0
2006-09-08 00:00:00-04:00,38.84261833987817,38.93671479001399,38.76107063559741,38.930442810058594,14800,0.0,0.0,0.0
2006-09-11 00:00:00-04:00,38.930446927948736,39.16254849840305,38.86771515689867,39.14373016357422,27000,0.0,0.0,0.0
2006-09-12 00:00:00-04:00,39.21900496655129,39.2942806970553,39.1060901743091,39.225276947021484,46300,0.0,0.0,0.0
2006-09-13 00:00:00-04:00,39.19389695640929,39.22526163245935,38.99316015812323,39.08098220825195,66100,0.0,0.0,0.0
2006-09-14 00:00:00-04:00,39.04335705822216,39.25036589552438,38.96180696208633,39.18136215209961,20700,0.0,0.0,0.0
2006-09-15 00:00:00-04:00,39.33191224321963,39.388369628552795,39.14372175643302,39.2817268371582,30700,0.0,0.0,0.0
2006-09-18 00:00:00-04:00,39.20019509004231,39.31938188847055,39.0308228651351,39.0872802734375,32700,0.0,0.0,0.0
2006-09-19 00:00:00-04:00,39.14999083666845,39.206448217820984,39.049622424949696,39.20017623901367,21600,0.0,0.0,0.0
2006-09-20 00:00:00-04:00,39.357013760519266,39.50756522647682,39.30055636254208,39.45738220214844,52100,0.0,0.0,0.0
2006-09-21 00:00:00-04:00,39.43228875832596,39.444835112417245,39.005722291111745,39.11863708496094,23100,0.0,0.0,0.0
2006-09-22 00:00:00-04:00,39.09355225526095,39.09355225526095,38.94927274359323,39.0872802734375,27600,0.0,0.0,0.0
2006-09-25 00:00:00-04:00,38.930434991720674,39.06844005977316,38.69205912076217,38.91788864135742,45400,0.0,0.0,0.0
2006-09-26 00:00:00-04:00,38.811253109341,39.06217537753274,38.74224936593967,39.03708267211914,30200,0.0,0.0,0.0
2006-09-27 00:00:00-04:00,39.03707963227482,39.28800188092707,39.01198692881521,39.231544494628906,29700,0.0,0.0,0.0
2006-09-28 00:00:00-04:00,39.26918428607745,39.288005011657866,38.974353372334654,39.137451171875,25100,0.0,0.0,0.0
2006-09-29 00:00:00-04:00,39.162531988002335,39.162531988002335,38.96806716918945,38.96806716918945,25800,0.0,0.0,0.0
2006-10-02 00:00:00-04:00,38.91161687223362,38.91161687223362,38.6920617086212,38.742244720458984,81600,0.0,0.0,0.0
2006-10-03 00:00:00-04:00,38.748512458318736,38.88024553393185,38.64814405885569,38.76105880737305,60500,0.0,0.0,0.0
2006-10-04 00:00:00-04:00,38.69206338876342,39.1876335144043,38.58542059539816,39.1876335144043,26400,0.0,0.0,0.0
2006-10-05 00:00:00-04:00,39.14372954535914,39.175094233902634,38.99317569018912,39.150001525878906,34700,0.0,0.0,0.0
2006-10-06 00:00:00-04:00,39.06216339870139,39.06216339870139,38.79869485859831,38.95552062988281,19800,0.0,0.0,0.0
2006-10-09 00:00:00-04:00,38.924171941303946,39.01199402641847,38.82380350217701,39.00572204589844,9500,0.0,0.0,0.0
2006-10-10 00:00:00-04:00,39.143726081889575,39.143726081889575,38.7673426737534,38.886531829833984,48800,0.0,0.0,0.0
2006-10-11 00:00:00-04:00,38.81751999372537,39.01825681236492,38.79242729315252,38.94925308227539,17700,0.0,0.0,0.0
2006-10-12 00:00:00-04:00,39.106082916259766,39.14372197101216,38.98062179339031,39.106082916259766,25400,0.0,0.0,0.0
2006-10-13 00:00:00-04:00,39.03707829340044,39.03707829340044,38.84261343771601,38.99943923950195,25700,0.0,0.0,0.0
2006-10-16 00:00:00-04:00,38.936710572362344,39.10608272847701,38.89279953851467,39.093536376953125,28800,0.0,0.0,0.0
2006-10-17 00:00:00-04:00,38.91790020805209,39.04963333656085,38.81753176828745,38.97435760498047,13000,0.0,0.0,0.0
2006-10-18 00:00:00-04:00,39.14371824234492,39.23781228080509,39.05589378962177,39.20644760131836,23900,0.0,0.0,0.0
2006-10-19 00:00:00-04:00,39.18135490054032,39.26290498158313,39.12489752027555,39.20644760131836,11400,0.0,0.0,0.0
2006-10-20 00:00:00-04:00,39.27545555368029,39.375823974609375,39.18135911213406,39.375823974609375,16400,0.0,0.0,0.0
2006-10-23 00:00:00-04:00,39.30682009908717,39.75220481584178,39.30682009908717,39.65183639526367,15000,0.0,0.0,0.0
2006-10-24 00:00:00-04:00,39.54519186355153,39.60792122249428,39.444823453460145,39.582828521728516,41300,0.0,0.0,0.0
2006-10-25 00:00:00-04:00,39.57028909637647,39.85884800931694,39.57028909637647,39.82120895385742,15900,0.0,0.0,0.0
2006-10-26 00:00:00-04:00,39.80866238443087,40.03449193000962,39.77729770153869,39.99685287475586,24200,0.0,0.0,0.0
2006-10-27 00:00:00-04:00,39.90903121146546,39.971762970859906,39.8149371618317,39.83375549316406,11300,0.0,0.0,0.0
2006-10-30 00:00:00-05:00,39.73964710282091,39.80865082092284,39.66437140715117,39.752193450927734,12300,0.0,0.0,0.0
2006-10-31 00:00:00-05:00,39.83375560313759,39.83375560313759,39.63301875846505,39.745933532714844,7200,0.0,0.0,0.0
2006-11-01 00:00:00-05:00,39.72712165543218,39.72712165543218,39.37583092369826,39.4260139465332,20400,0.0,0.0,0.0
2006-11-02 00:00:00-05:00,39.36327705980577,39.40718809377338,39.237815937196075,39.33818435668945,30300,0.0,0.0,0.0
2006-11-03 00:00:00-05:00,39.319373715580554,39.38837746615963,39.030814752224714,39.150001525878906,13900,0.0,0.0,0.0
2006-11-06 00:00:00-05:00,39.21273046945773,39.3758306768365,39.17509380081057,39.3130989074707,24600,0.0,0.0,0.0
2006-11-07 00:00:00-05:00,39.33819555036495,39.49502140000886,39.33819555036495,39.36956024169922,21000,0.0,0.0,0.0
2006-11-08 00:00:00-05:00,39.38209236503984,39.64556094157582,39.38209236503984,39.53264617919922,70200,0.0,0.0,0.0
2006-11-09 00:00:00-05:00,39.4636424602207,39.53891817083896,39.262905636590865,39.34445571899414,25600,0.0,0.0,0.0
2006-11-10 00:00:00-05:00,39.33819555036495,39.42601764328993,39.256647831490355,39.36956024169922,15200,0.0,0.0,0.0
2006-11-13 00:00:00-05:00,39.35073803106391,39.426013761449106,39.206458550753815,39.269187927246094,25300,0.0,0.0,0.0
2006-11-14 00:00:00-05:00,39.363274461798554,39.532646607197165,39.218995017860124,39.51382827758789,105200,0.0,0.0,0.0
2006-11-15 00:00:00-05:00,39.52010329193714,39.76475116753553,39.52010329193714,39.65183639526367,27300,0.0,0.0,0.0
2006-11-16 00:00:00-05:00,39.764766368291774,39.89649952197554,39.68949062232574,39.84004211425781,22100,0.0,0.0,0.0
2006-11-17 00:00:00-05:00,39.84003485506905,39.86512756347656,39.727122453179994,39.86512756347656,18900,0.0,0.0,0.0
2006-11-20 00:00:00-05:00,39.871391347726856,39.978031740677885,39.80865959336883,39.82748031616211,30200,0.0,0.0,0.0
2006-11-21 00:00:00-05:00,39.85884749999235,39.85884749999235,39.733386376369076,39.73965835571289,14500,0.0,0.0,0.0
2006-11-22 00:00:00-05:00,39.752201545048685,39.88393703050799,39.69574416355804,39.877662658691406,24800,0.0,0.0,0.0
2006-11-24 00:00:00-05:00,39.739655107033954,39.84002351913317,39.727111149371794,39.77729415893555,11200,0.0,0.0,0.0
2006-11-27 00:00:00-05:00,39.55774530799129,39.57656364045455,39.21272659301758,39.21272659301758,27800,0.0,0.0,0.0
2006-11-28 00:00:00-05:00,39.24409798110355,39.457381213342195,39.14372954198963,39.438560485839844,20600,0.0,0.0,0.0
2006-11-29 00:00:00-05:00,39.46992639984372,39.72712307559173,39.43228972961517,39.714576721191406,33900,0.0,0.0,0.0
2006-11-30 00:00:00-05:00,39.64556441590275,39.758479188174604,39.46991788516213,39.65183639526367,184400,0.0,0.0,0.0
2006-12-01 00:00:00-05:00,39.57656471989089,39.607929405842484,39.269185054432114,39.4761962890625,21900,0.0,0.0,0.0
2006-12-04 00:00:00-05:00,39.633012047537996,40.084671068059265,39.633012047537996,40.0407600402832,15600,0.0,0.0,0.0
2006-12-05 00:00:00-05:00,40.04075857878941,40.329317434491536,40.04075857878941,40.272857666015625,28700,0.0,0.0,0.0
2006-12-06 00:00:00-05:00,40.34186295709085,40.39204835636386,40.222678616246306,40.32931900024414,9700,0.0,0.0,0.0
2006-12-07 00:00:00-05:00,40.4861418077853,40.53632720336969,40.27285626952302,40.29167938232422,21000,0.0,0.0,0.0
2006-12-08 00:00:00-05:00,40.254047658514345,40.44851491685542,40.254047658514345,40.36696243286133,12800,0.0,0.0,0.0
2006-12-11 00:00:00-05:00,40.38577657023983,40.454780302171685,40.279136179415474,40.34186553955078,12800,0.0,0.0,0.0
2006-12-12 00:00:00-05:00,40.36069342086158,40.45478987630534,40.25405300479944,40.42342758178711,13000,0.0,0.0,0.0
2006-12-13 00:00:00-05:00,40.542613429460445,40.542613429460445,40.28542154692341,40.360694885253906,16100,0.0,0.0,0.0
2006-12-14 00:00:00-05:00,40.42969624541037,40.58025248505838,40.42969624541037,40.504974365234375,17100,0.0,0.0,0.0
2006-12-15 00:00:00-05:00,40.58650207519531,40.724509500570555,40.561414166892604,40.58650207519531,12800,0.0,0.0,0.0
2006-12-18 00:00:00-05:00,40.54831852597568,40.650198625628356,40.491010818107725,40.52921676635742,55400,0.96,0.0,0.0
2006-12-19 00:00:00-05:00,40.37003119325673,40.59289316451541,40.37003119325673,40.54832077026367,10100,0.0,0.0,0.0
2006-12-20 00:00:00-05:00,40.5610466003418,40.60561898416862,40.51010534510385,40.5610466003418,21900,0.0,0.0,0.0
2006-12-21 00:00:00-05:00,40.675666499471994,40.69476825779491,40.54831577628884,40.5992546081543,12900,0.0,0.0,0.0
2006-12-22 00:00:00-05:00,40.65019154979392,40.65019154979392,40.4782684561161,40.54194259643555,24700,0.0,0.0,0.0
2006-12-26 00:00:00-05:00,40.59289647044138,40.70751190185547,40.51011811908376,40.70751190185547,14900,0.0,0.0,0.0
2006-12-27 00:00:00-05:00,40.79664856977767,40.86669158935547,40.752076180775994,40.86669158935547,16400,0.0,0.0,0.0
2006-12-28 00:00:00-05:00,40.86032820247528,40.9176383434716,40.7902851734946,40.87306594848633,14600,0.0,0.0,0.0
2006-12-29 00:00:00-05:00,40.81575031610907,40.89853107996341,40.62472544487089,40.65019607543945,9200,0.0,0.0,0.0
2007-01-03 00:00:00-05:00,40.86032485961914,41.05135216994301,40.72660768560295,40.86032485961914,140300,0.0,0.0,0.0
2007-01-04 00:00:00-05:00,40.82848457681969,40.95583286077079,40.66292792126275,40.94309997558594,16700,0.0,0.0,0.0
2007-01-05 00:00:00-05:00,40.80300926565028,40.80300926565028,40.54830786895336,40.59288024902344,46400,0.0,0.0,0.0
2007-01-08 00:00:00-05:00,40.58014818231151,40.75207127448226,40.45279747377621,40.726600646972656,51200,0.0,0.0,0.0
2007-01-09 00:00:00-05:00,40.85395546253978,40.85395546253978,40.605620477640194,40.73297119140625,42300,0.0,0.0,0.0
2007-01-10 00:00:00-05:00,40.75207180896631,41.00677322937746,40.66292704052624,41.000404357910156,54600,0.0,0.0,0.0
2007-01-11 00:00:00-05:00,41.121397328731355,41.36972993023314,41.03225254142438,41.286949157714844,52700,0.0,0.0,0.0
2007-01-12 00:00:00-05:00,41.21053225686634,41.33151652127872,41.178692758434,41.26783752441406,24400,0.0,0.0,0.0
2007-01-16 00:00:00-05:00,41.388818289866464,41.388818289866464,41.204159902225605,41.34424591064453,28700,0.0,0.0,0.0
2007-01-17 00:00:00-05:00,41.376091262456875,41.47796891880104,41.28694163337043,41.31241226196289,61200,0.0,0.0,0.0
2007-01-18 00:00:00-05:00,41.35697879412581,41.427021798335275,41.274202906435065,41.34424591064453,43100,0.0,0.0,0.0
2007-01-19 00:00:00-05:00,41.34424848034499,41.44612612860221,41.26783660063311,41.439762115478516,18400,0.0,0.0,0.0
2007-01-22 00:00:00-05:00,41.34424140713944,41.401546663600556,41.229626036192755,41.30603790283203,34700,0.0,0.0,0.0
2007-01-23 00:00:00-05:00,41.33151214827359,41.54163629840883,41.27420202876406,41.40155029296875,26300,0.0,0.0,0.0
2007-01-24 00:00:00-05:00,41.49706728729155,41.56074142456055,41.401553652375426,41.56074142456055,39000,0.0,0.0,0.0
2007-01-25 00:00:00-05:00,41.5352738369197,41.5352738369197,41.236000061035156,41.236000061035156,26400,0.0,0.0,0.0
2007-01-26 00:00:00-05:00,41.337890424183556,41.344259296998786,41.13413021633525,41.286949157714844,45700,0.0,0.0,0.0
2007-01-29 00:00:00-05:00,41.38882425291985,41.528910281521526,41.29967948163253,41.33788299560547,30500,0.0,0.0,0.0
2007-01-30 00:00:00-05:00,41.255103395985195,41.39518941202313,41.255103395985195,41.36334991455078,21400,0.0,0.0,0.0
2007-01-31 00:00:00-05:00,41.31240665247329,41.60531155447679,41.31240665247329,41.5416374206543,21800,0.0,0.0,0.0
2007-02-01 00:00:00-05:00,41.68173383396877,41.83455276489258,41.58622018038156,41.83455276489258,32000,0.0,0.0,0.0
2007-02-02 00:00:00-05:00,41.82819728534051,41.866400811360116,41.70721297557547,41.77725601196289,18800,0.0,0.0,0.0
2007-02-05 00:00:00-05:00,41.6498908996582,41.72629792090175,41.61805140212322,41.6498908996582,23200,0.0,0.0,0.0
2007-02-06 00:00:00-05:00,41.764515056458436,41.764515056458436,41.56712370981683,41.64353561401367,21100,0.0,0.0,0.0
2007-02-07 00:00:00-05:00,41.67536624340547,41.67536624340547,41.516178435206015,41.59259033203125,16600,0.0,0.0,0.0
2007-02-08 00:00:00-05:00,41.49706367127165,41.49706367127165,41.38881716154434,41.46522903442383,29300,0.0,0.0,0.0
2007-02-09 00:00:00-05:00,41.560747181813795,41.6116884418958,41.29331285342219,41.35698699951172,44400,0.0,0.0,0.0
2007-02-12 00:00:00-05:00,41.39519657669467,41.46523959683667,41.31878468435083,41.376094818115234,43200,0.0,0.0,0.0
2007-02-13 00:00:00-05:00,41.388820408985985,41.605313445427036,41.388820408985985,41.59894943237305,12800,0.0,0.0,0.0
2007-02-14 00:00:00-05:00,41.61805443208722,41.75814045859956,41.61805443208722,41.732669830322266,43100,0.0,0.0,0.0
2007-02-15 00:00:00-05:00,41.80271909696521,41.99374155058213,41.75814670531863,41.94916915893555,17800,0.0,0.0,0.0
2007-02-16 00:00:00-05:00,41.96190126058824,42.031944274902344,41.94279950359815,42.031944274902344,15100,0.0,0.0,0.0
2007-02-20 00:00:00-05:00,42.05742651062057,42.24208011783611,41.904602696472026,42.229347229003906,27500,0.0,0.0,0.0
2007-02-21 00:00:00-05:00,42.235711210376515,42.235711210376515,42.07015452657179,42.089256286621094,15700,0.0,0.0,0.0
2007-02-22 00:00:00-05:00,42.03830189650266,42.12745151227708,41.809075989450406,41.936424255371094,21800,0.0,0.0,0.0
2007-02-23 00:00:00-05:00,41.89822952339687,41.930064167532805,41.74540574265093,41.81544876098633,249200,0.0,0.0,0.0
2007-02-26 00:00:00-05:00,41.87275585949636,41.94279887275698,41.751771589677894,41.879119873046875,17400,0.0,0.0,0.0
2007-02-27 00:00:00-05:00,41.707202742130825,41.732673372570055,40.5992546081543,40.5992546081543,58900,0.0,0.0,0.0
2007-02-28 00:00:00-05:00,40.815746833609204,41.14049127311783,40.72023562064587,40.94309997558594,35800,0.0,0.0,0.0
2007-03-01 00:00:00-05:00,40.522844479417586,41.02587849176108,40.45280146136812,40.92399597167969,55900,0.0,0.0,0.0
2007-03-02 00:00:00-05:00,40.72024331364647,40.89853531708459,40.382763496182385,40.46554183959961,18300,0.0,0.0,0.0
2007-03-05 00:00:00-05:00,40.28089204474631,40.56106421218181,40.14717483520508,40.14717483520508,25600,0.0,0.0,0.0
2007-03-06 00:00:00-05:00,40.40186165603174,40.777544938226704,40.37639102662563,40.66292953491211,29200,0.0,0.0,0.0
2007-03-07 00:00:00-05:00,40.7266099593539,40.73297883219395,40.49101267355115,40.516483306884766,21400,0.0,0.0,0.0
2007-03-08 00:00:00-05:00,40.78391166580853,40.85395467848627,40.707499781607666,40.81574630737305,13900,0.0,0.0,0.0
2007-03-09 00:00:00-05:00,41.00677458747769,41.00677458747769,40.76480604396188,40.930362701416016,30100,0.0,0.0,0.0
2007-03-12 00:00:00-04:00,40.91763941070457,41.1341325182721,40.91127053753292,41.013153076171875,20100,0.0,0.0,0.0
2007-03-13 00:00:00-04:00,40.89852879533491,40.95583406739352,40.38275705667856,40.41459655761719,13900,0.0,0.0,0.0
2007-03-14 00:00:00-04:00,40.51010698790993,40.54831293088775,39.99434011727998,40.497371673583984,46300,0.0,0.0,0.0
2007-03-15 00:00:00-04:00,40.47190778224617,40.83485334861383,40.47190778224617,40.77117919921875,19200,0.0,0.0,0.0
2007-03-16 00:00:00-04:00,40.72023420460162,40.89852616815614,40.650191193456564,40.726600646972656,47300,0.0,0.0,0.0
2007-03-19 00:00:00-04:00,40.94310044477247,41.05771584485215,40.88579031571979,40.930362701416016,11100,0.0,0.0,0.0
2007-03-20 00:00:00-04:00,41.04497437192829,41.36334991455078,40.99403311918263,41.36334991455078,23500,0.0,0.0,0.0
2007-03-21 00:00:00-04:00,41.35062089891916,41.866387771651894,41.27420901265199,41.79634475708008,20000,0.0,0.0,0.0
2007-03-22 00:00:00-04:00,41.821820755216,41.955537929831834,41.777248363677394,41.92369842529297,19200,0.0,0.0,0.0
2007-03-23 00:00:00-04:00,41.879126135201446,42.00011042311059,41.86639324817085,41.94916915893555,16200,0.0,0.0,0.0
2007-03-26 00:00:00-04:00,41.90460372162942,41.942812105114804,41.68811059999655,41.910972595214844,15200,0.0,0.0,0.0
2007-03-27 00:00:00-04:00,41.70720605263722,41.70720605263722,41.598959508197936,41.669002532958984,15200,0.0,0.0,0.0
2007-03-28 00:00:00-04:00,41.471604009254946,41.777246723539236,41.471604009254946,41.624427795410156,11900,0.0,0.0,0.0
2007-03-29 00:00:00-04:00,41.83453648014413,41.83453648014413,41.54163161904704,41.71992111206055,12500,0.0,0.0,0.0
2007-03-30 00:00:00-04:00,41.82182469221919,41.974643640733795,41.52255081027576,41.8027229309082,28800,0.0,0.0,0.0
2007-04-02 00:00:00-04:00,41.92368955066373,42.08287732360767,41.85365139995167,42.019203186035156,10900,0.0,0.0,0.0
2007-04-03 00:00:00-04:00,42.27391376475205,42.40763094006894,42.24844313259269,42.26118087768555,44400,0.0,0.0,0.0
2007-04-04 00:00:00-04:00,42.356683027693556,42.47766729695496,42.337581271078726,42.375789642333984,29200,0.0,0.0,0.0
2007-04-05 00:00:00-04:00,42.42036302179644,42.55408017926131,42.39489239303756,42.49040603637695,12800,0.0,0.0,0.0
2007-04-09 00:00:00-04:00,42.503149465913836,42.56682362459447,42.4585770690347,42.54772186279297,15100,0.0,0.0,0.0
2007-04-10 00:00:00-04:00,42.56681442260742,42.59865392407821,42.5349797791625,42.56681442260742,11400,0.0,0.0,0.0
2007-04-11 00:00:00-04:00,42.554089469290986,42.554089469290986,42.273917349804265,42.356693267822266,70600,0.0,0.0,0.0
2007-04-12 00:00:00-04:00,42.394893069892454,42.55408085865772,42.30574829682597,42.52861022949219,13100,0.0,0.0,0.0
2007-04-13 00:00:00-04:00,42.53498155311231,42.61775745915238,42.45856966121113,42.598655700683594,13300,0.0,0.0,0.0
2007-04-16 00:00:00-04:00,42.757856796254295,42.80879807336441,42.66234311617972,42.80242919921875,9700,0.0,0.0,0.0
2007-04-17 00:00:00-04:00,42.91066010319903,43.076216764349624,42.83424821543125,42.9870719909668,21400,0.0,0.0,0.0
2007-04-18 00:00:00-04:00,42.987079520436026,43.031651914934585,42.897934731438895,42.96160888671875,18700,0.0,0.0,0.0
2007-04-19 00:00:00-04:00,42.78966834272232,43.044369732695955,42.78330433004106,43.012535095214844,13300,0.0,0.0,0.0
2007-04-20 00:00:00-04:00,43.30544156822862,43.40095520019531,43.152617813871856,43.40095520019531,12200,0.0,0.0,0.0
2007-04-23 00:00:00-04:00,43.27998195007026,43.45827151747311,43.27361307751262,43.2990837097168,22000,0.0,0.0,0.0
2007-04-24 00:00:00-04:00,43.248135036244754,43.42006055966287,43.07621437085216,43.35001754760742,23900,0.0,0.0,0.0
2007-04-25 00:00:00-04:00,43.62382251221881,43.62382251221881,43.394591710283656,43.5283088684082,11700,0.0,0.0,0.0
2007-04-26 00:00:00-04:00,43.52194476893123,43.52194476893123,43.3372863327895,43.356388092041016,8700,0.0,0.0,0.0
2007-04-27 00:00:00-04:00,43.1844604730713,43.305444739624186,43.17809160166707,43.24813461303711,17700,0.0,0.0,0.0
2007-04-30 00:00:00-04:00,43.36275620096556,43.451900981253864,43.146263122558594,43.146263122558594,13600,0.0,0.0,0.0
2007-05-01 00:00:00-04:00,42.872449087828095,43.044369732695955,42.78966834272232,43.012535095214844,15900,0.0,0.0,0.0
2007-05-02 00:00:00-04:00,43.057112292423525,43.241770699368026,43.057112292423525,43.12715530395508,19400,0.0,0.0,0.0
2007-05-03 00:00:00-04:00,43.26087832846177,43.26087832846177,43.08895278298993,43.09532165527344,66500,0.0,0.0,0.0
2007-05-04 00:00:00-04:00,43.26723940293346,43.26723940293346,43.04437746841426,43.18446350097656,71800,0.0,0.0,0.0
2007-05-07 00:00:00-04:00,43.337288700820245,43.36275933388944,43.222673281022104,43.254512786865234,13900,0.0,0.0,0.0
2007-05-08 00:00:00-04:00,43.16534771534999,43.16534771534999,43.03163059809455,43.08893585205078,11000,0.0,0.0,0.0
2007-05-09 00:00:00-04:00,43.08896284469271,43.20357828242907,43.06986108140786,43.165374755859375,18700,0.0,0.0,0.0
2007-05-10 00:00:00-04:00,43.00617380365124,43.01890668928266,42.71963286767334,42.72600173950195,16100,0.0,0.0,0.0
2007-05-11 00:00:00-04:00,42.77058811319151,42.83426227822309,42.675074436630425,42.821529388427734,18600,0.0,0.0,0.0
2007-05-14 00:00:00-04:00,42.8278762502251,42.89155038253029,42.7196248814789,42.76420211791992,12300,0.0,0.0,0.0
2007-05-15 00:00:00-04:00,42.91065529281485,43.08894481959384,42.87245178222656,42.87245178222656,8600,0.0,0.0,0.0
2007-05-16 00:00:00-04:00,42.942493902753625,43.337276458740234,42.942493902753625,43.337276458740234,13300,0.0,0.0,0.0
2007-05-17 00:00:00-04:00,43.2163092662747,43.318186940524974,43.2163092662747,43.254512786865234,13400,0.0,0.0,0.0
2007-05-18 00:00:00-04:00,43.29270685356852,43.50920475836652,43.29270685356852,43.483734130859375,6100,0.0,0.0,0.0
2007-05-21 00:00:00-04:00,43.5028330979097,43.5028330979097,43.286340065017065,43.337276458740234,15000,0.0,0.0,0.0
2007-05-22 00:00:00-04:00,43.31181570111207,43.44553773192518,43.27998105503496,43.356388092041016,17100,0.0,0.0,0.0
2007-05-23 00:00:00-04:00,43.43280256206138,43.553786855195405,43.30545425415039,43.30545425415039,11100,0.0,0.0,0.0
2007-05-24 00:00:00-04:00,43.33091782947697,43.52194026022919,43.13989054069899,43.171730041503906,16400,0.0,0.0,0.0
2007-05-25 00:00:00-04:00,43.33091433201438,43.445529724424816,43.29270596252733,43.394588470458984,12400,0.0,0.0,0.0
2007-05-29 00:00:00-04:00,43.41369424779523,43.70023032635174,43.41369424779523,43.591983795166016,17100,0.0,0.0,0.0
2007-05-30 00:00:00-04:00,43.5537754392024,43.751166722133654,43.515567070422755,43.738433837890625,6700,0.0,0.0,0.0
2007-05-31 00:00:00-04:00,43.85942361441738,43.9422043846639,43.744808197021484,43.744808197021484,12900,0.0,0.0,0.0
2007-06-01 00:00:00-04:00,43.872159909459526,44.10139073667387,43.872159909459526,44.07592010498047,12600,0.0,0.0,0.0
2007-06-04 00:00:00-04:00,44.063182360120635,44.07592010498047,43.942202932109815,44.07592010498047,9500,0.0,0.0,0.0
2007-06-05 00:00:00-04:00,43.942194783973065,43.942194783973065,43.75753638195654,43.80210876464844,20300,0.0,0.0,0.0
2007-06-06 00:00:00-04:00,43.66840302538209,43.68750478609409,43.496477462920815,43.51557922363281,29300,0.0,0.0,0.0
2007-06-07 00:00:00-04:00,43.4837434484585,43.4837434484585,43.05712127685547,43.05712127685547,32200,0.0,0.0,0.0
2007-06-08 00:00:00-04:00,43.09532807175961,43.362762451171875,42.94250912038501,43.362762451171875,13500,0.0,0.0,0.0
2007-06-11 00:00:00-04:00,43.27997453555197,43.48373470025178,43.248135036244754,43.35001754760742,12000,0.0,0.0,0.0
2007-06-12 00:00:00-04:00,43.235405130681606,43.35638454872954,42.96797080696405,42.99980545043945,21000,0.0,0.0,0.0
2007-06-13 00:00:00-04:00,43.17172655689019,43.394588470458984,43.13988705865521,43.394588470458984,13000,0.0,0.0,0.0
2007-06-14 00:00:00-04:00,43.37549658360594,43.47737425669164,43.34365707812677,43.413700103759766,688000,0.0,0.0,0.0
2007-06-15 00:00:00-04:00,43.70022796739639,43.74480035183305,43.50920554467878,43.54740905761719,10800,0.0,0.0,0.0
2007-06-18 00:00:00-04:00,43.54104663052204,43.560153247844724,43.381858825683594,43.381858825683594,27400,0.0,0.0,0.0
2007-06-19 00:00:00-04:00,43.22266926340254,43.235407007766405,43.06985033721863,43.20356750488281,9800,0.0,0.0,0.0
2007-06-20 00:00:00-04:00,43.2990791708253,43.37549105942783,42.974334716796875,42.974334716796875,8000,0.0,0.0,0.0
2007-06-21 00:00:00-04:00,42.89156290762,43.27998154353907,42.84062164369015,43.197200775146484,25900,0.0,0.0,0.0
2007-06-22 00:00:00-04:00,43.139888120733126,43.139888120733126,42.75146955122545,42.840614318847656,12000,0.0,0.0,0.0
2007-06-25 00:00:00-04:00,42.90429501454516,43.04438105879219,42.61775891169532,42.70053482055664,13700,0.0,0.0,0.0
2007-06-26 00:00:00-04:00,42.815141321839235,42.98069796312946,42.64958953857422,42.64958953857422,14100,0.0,0.0,0.0
2007-06-27 00:00:00-04:00,42.47766968878931,42.99980545043945,42.47766968878931,42.99980545043945,8500,0.0,0.0,0.0
2007-06-28 00:00:00-04:00,42.93612379570687,43.17808744750786,42.93612379570687,43.0252685546875,18600,0.0,0.0,0.0
2007-06-29 00:00:00-04:00,43.07622430943315,43.24814501449143,42.70690740757268,42.96160888671875,18800,0.0,0.0,0.0
2007-07-02 00:00:00-04:00,43.19720284859685,43.30545425415039,43.19083883381988,43.30545425415039,125900,0.0,0.0,0.0
2007-07-03 00:00:00-04:00,43.27360602672653,43.33728016784904,43.203563014084104,43.31180953979492,12000,0.0,0.0,0.0
2007-07-05 00:00:00-04:00,43.2863524937664,43.3754972809094,43.19720284859685,43.30545425415039,16000,0.0,0.0,0.0
2007-07-06 00:00:00-04:00,43.18446089565585,43.426424573103894,43.158990267815184,43.35001754760742,11900,0.0,0.0,0.0
2007-07-09 00:00:00-04:00,43.49646847830686,43.49646847830686,43.33728069455311,43.43916320800781,25000,0.0,0.0,0.0
2007-07-10 00:00:00-04:00,43.27997868104275,43.299080439246495,42.87882232666015,42.878822326660156,15500,0.0,0.0,0.0
2007-07-11 00:00:00-04:00,42.9488573618596,43.06984161869543,42.94249334899199,43.063472747802734,20600,0.0,0.0,0.0
2007-07-12 00:00:00-04:00,43.2863513854643,43.744808197021484,43.2863513854643,43.744808197021484,17200,0.0,0.0,0.0
2007-07-13 00:00:00-04:00,43.59198451643251,43.98040311878524,43.52831037103594,43.91672897338867,16600,0.0,0.0,0.0
2007-07-16 00:00:00-04:00,43.77027161718218,43.96129890070708,43.719335218531086,43.846683502197266,16700,0.0,0.0,0.0
2007-07-17 00:00:00-04:00,43.78936900881919,43.878518628129456,43.5728759765625,43.5728759765625,10200,0.0,0.0,0.0
2007-07-18 00:00:00-04:00,43.534685842371445,43.630194645931454,43.381862040622174,43.51557922363281,14300,0.0,0.0,0.0
2007-07-19 00:00:00-04:00,43.63019290257141,43.78938071284616,43.59198938267393,43.62382888793945,58400,0.0,0.0,0.0
2007-07-20 00:00:00-04:00,43.566511750102855,43.58561350698246,43.190830910068925,43.229034423828125,13700,0.0,0.0,0.0
2007-07-23 00:00:00-04:00,43.29908399265926,43.655663129795066,43.29908399265926,43.52194595336914,10900,0.0,0.0,0.0
2007-07-24 00:00:00-04:00,43.45189887945954,43.56015027145302,42.99343725556653,43.03800964355469,22100,0.0,0.0,0.0
2007-07-25 00:00:00-04:00,43.260869783536364,43.29907329363916,42.974328883689815,43.152618408203125,10300,0.0,0.0,0.0
2007-07-26 00:00:00-04:00,42.76420711186981,43.03164141359717,42.1974941515064,42.38215255737305,41200,0.0,0.0,0.0
2007-07-27 00:00:00-04:00,42.38216567007936,42.47131046490251,41.78362274169922,41.78362274169922,30600,0.0,0.0,0.0
2007-07-30 00:00:00-04:00,41.86639452315996,42.24844430005498,41.64353255814007,42.14019775390625,13300,0.0,0.0,0.0
2007-07-31 00:00:00-04:00,42.36305108422315,42.67505777165584,41.758139465605126,41.764503479003906,24100,0.0,0.0,0.0
2007-08-01 00:00:00-04:00,41.88548403236851,42.350314444619,41.77086864702079,42.19749069213867,25300,0.0,0.0,0.0
2007-08-02 00:00:00-04:00,42.37579131252475,42.5668137442276,42.28027766766043,42.52861022949219,28100,0.0,0.0,0.0
2007-08-03 00:00:00-04:00,42.47130121458594,42.61775612162698,41.917330804273,41.97463607788086,15600,0.0,0.0,0.0
2007-08-06 00:00:00-04:00,42.28664381550271,43.07621383666992,42.15292180649109,43.07621383666992,44100,0.0,0.0,0.0
2007-08-07 00:00:00-04:00,42.89156274333935,43.4901104471568,42.88519387086593,43.28635025024414,14700,0.0,0.0,0.0
2007-08-08 00:00:00-04:00,43.46463159664683,43.712964137864105,43.27360432277568,43.56650924682617,91200,0.0,0.0,0.0
2007-08-09 00:00:00-04:00,43.248133849144736,43.49010237797662,42.776939392089844,42.776939392089844,26200,0.0,0.0,0.0
2007-08-10 00:00:00-04:00,42.369410761942575,42.95522049719887,42.292998895508276,42.85970687866211,13300,0.0,0.0,0.0
2007-08-13 00:00:00-04:00,42.974327860696214,42.974327860696214,42.687791825695776,42.89155197143555,59500,0.0,0.0,0.0
2007-08-14 00:00:00-04:00,42.636863528294136,42.636863528294136,42.11472769257889,42.152931213378906,12500,0.0,0.0,0.0
2007-08-15 00:00:00-04:00,42.10198507266393,42.541340034382145,41.75177001953125,41.75177001953125,23400,0.0,0.0,0.0
2007-08-16 00:00:00-04:00,41.656251451022406,41.917321706643044,41.29330355620154,41.87274932861328,30900,0.0,0.0,0.0
2007-08-17 00:00:00-04:00,42.51586699938537,42.80240789700131,42.0319396817665,42.52223587036133,25900,0.0,0.0,0.0
2007-08-20 00:00:00-04:00,42.49676266794069,42.68778992143616,42.184756021387955,42.426719665527344,22600,0.0,0.0,0.0
2007-08-21 00:00:00-04:00,42.32484692737745,42.56044172820861,42.32484692737745,42.42036056518555,8900,0.0,0.0,0.0
2007-08-22 00:00:00-04:00,42.662319619811704,42.76420211791992,42.56680599234147,42.76420211791992,16300,0.0,0.0,0.0
2007-08-23 00:00:00-04:00,42.91702666637742,42.91702666637742,42.50313746477821,42.681427001953125,16400,0.0,0.0,0.0
2007-08-24 00:00:00-04:00,42.69417760708882,43.06985855102539,42.69417760708882,43.06985855102539,10800,0.0,0.0,0.0
2007-08-27 00:00:00-04:00,43.12079051694862,43.12079051694862,42.917030334472656,42.917030334472656,15600,0.0,0.0,0.0
2007-08-28 00:00:00-04:00,42.84699301611229,42.84699301611229,42.24844527507982,42.25481414794922,29100,0.0,0.0,0.0
2007-08-29 00:00:00-04:00,42.46493670471681,42.8342486879371,42.293011169849265,42.827884674072266,68500,0.0,0.0,0.0
2007-08-30 00:00:00-04:00,42.47130155514352,42.73237186951959,42.47130155514352,42.630489349365234,12000,0.0,0.0,0.0
2007-08-31 00:00:00-04:00,42.764224097307526,43.03802252114062,42.62413801942159,42.821529388427734,7900,0.0,0.0,0.0
2007-09-04 00:00:00-04:00,42.85972945118273,43.088960313188,42.85972945118273,43.06985855102539,10600,0.0,0.0,0.0
2007-09-05 00:00:00-04:00,42.802415887727356,42.802415887727356,42.484040291844856,42.598655700683594,10200,0.0,0.0,0.0
2007-09-06 00:00:00-04:00,42.73873677215079,42.955229820332946,42.60501962038671,42.866085052490234,14400,0.0,0.0,0.0
2007-09-07 00:00:00-04:00,42.55407751037985,42.655955161000186,42.36305023568179,42.515869140625,14600,0.0,0.0,0.0
2007-09-10 00:00:00-04:00,42.579551696777344,42.662327598452215,42.318481390068754,42.579551696777344,8600,0.0,0.0,0.0
2007-09-11 00:00:00-04:00,42.70690527739495,43.03801378315083,42.69417239018474,42.96797561645508,6700,0.0,0.0,0.0
2007-09-12 00:00:00-04:00,43.05074576807614,43.29907832867205,42.98707162449207,43.171730041503906,6300,0.0,0.0,0.0
2007-09-13 00:00:00-04:00,43.26088390258998,43.50284764225271,43.26088390258998,43.273616790771484,9000,0.0,0.0,0.0
2007-09-14 00:00:00-04:00,43.152617813871856,43.40095520019531,43.152617813871856,43.40095520019531,6400,0.0,0.0,0.0
2007-09-17 00:00:00-04:00,43.273616019840354,43.29908665377637,43.139898835196306,43.20994186401367,8600,0.0,0.0,0.0
2007-09-18 00:00:00-04:00,43.89125834362486,44.03134437831285,43.40732609416434,43.91672897338867,16100,0.0,0.0,0.0
2007-09-19 00:00:00-04:00,44.19051731309461,44.27966205828277,43.93581595911806,44.16504669189453,25500,0.0,0.0,0.0
2007-09-20 00:00:00-04:00,44.107750254652174,44.17779327016214,43.95493133809667,44.03771209716797,17200,0.0,0.0,0.0
2007-09-21 00:00:00-04:00,44.279678827099126,44.32425121657287,44.10775328339604,44.12049102783203,16200,0.0,0.0,0.0
2007-09-24 00:00:00-04:00,44.06955123255055,44.26694255564158,44.063182360120635,44.07592010498047,14100,0.0,0.0,0.0
2007-09-25 00:00:00-04:00,43.884892796293094,44.133225382770924,43.82121864607272,44.07592010498047,16200,0.0,0.0,0.0
2007-09-26 00:00:00-04:00,44.22873514796151,44.57258135854769,44.22873514796151,44.483436584472656,10700,0.0,0.0,0.0
2007-09-27 00:00:00-04:00,44.50890471161763,44.693563121256,44.49616696859398,44.674461364746094,13900,0.0,0.0,0.0
2007-09-28 00:00:00-04:00,44.58530996139785,44.68719246942581,44.55984419241622,44.64262008666992,16800,0.0,0.0,0.0
2007-10-01 00:00:00-04:00,44.604411091213315,44.763598846916395,44.489795712786105,44.63624572753906,26700,0.0,0.0,0.0
2007-10-02 00:00:00-04:00,44.648997466437,44.73814224893661,44.5598526839374,44.731773376464844,10700,0.0,0.0,0.0
2007-10-03 00:00:00-04:00,44.61714284569589,44.693554715389695,44.45158622370495,44.496158599853516,12100,0.0,0.0,0.0
2007-10-04 00:00:00-04:00,44.636259314308205,44.71267120919351,44.57895403666391,44.62989044189453,13900,0.0,0.0,0.0
2007-10-05 00:00:00-04:00,44.84002481104095,44.94190734960094,44.72540938417438,44.871864318847656,7700,0.0,0.0,0.0
2007-10-08 00:00:00-04:00,44.73178257996957,44.757253217070904,44.636268905346384,44.71268081665039,14700,0.0,0.0,0.0
2007-10-09 00:00:00-04:00,44.69356625374147,44.84638517455707,44.5789508486233,44.782711029052734,10600,0.0,0.0,0.0
2007-10-10 00:00:00-04:00,44.96101045179137,45.01831573792006,44.89096741894943,44.948272705078125,12500,0.0,0.0,0.0
2007-10-11 00:00:00-04:00,45.24116753667752,45.24116753667752,44.85911299077687,44.87821960449219,11400,0.0,0.0,0.0
2007-10-12 00:00:00-04:00,44.827281378793394,45.126555192886855,44.827281378793394,45.10744857788086,9700,0.0,0.0,0.0
2007-10-15 00:00:00-04:00,45.177495910886805,45.177495910886805,44.655360118733434,44.801815032958984,14800,0.0,0.0,0.0
2007-10-16 00:00:00-04:00,44.750868289397474,44.929157827120086,44.71903364796161,44.795440673828125,10300,0.0,0.0,0.0
2007-10-17 00:00:00-04:00,45.03740921047357,45.05014209544281,44.70629590496682,44.795440673828125,13600,0.0,0.0,0.0
2007-10-18 00:00:00-04:00,44.88458241213294,44.9546254197984,44.782704765181066,44.85911178588867,9800,0.0,0.0,0.0
2007-10-19 00:00:00-04:00,44.73177089826402,44.82091567582488,44.228736877441406,44.228736877441406,19900,0.0,0.0,0.0
2007-10-22 00:00:00-04:00,44.15868368472759,44.578941703287256,44.15868368472759,44.540733337402344,24600,0.0,0.0,0.0
2007-10-23 00:00:00-04:00,44.57257885265918,44.674461364746094,44.47069634057225,44.674461364746094,13200,0.0,0.0,0.0
2007-10-24 00:00:00-04:00,44.6553602952695,44.680830926454036,44.25420878467197,44.56621551513672,13800,0.0,0.0,0.0
2007-10-25 00:00:00-04:00,44.83364644604604,45.08834299487192,44.74449682432666,44.960994720458984,11900,0.0,0.0,0.0
2007-10-26 00:00:00-04:00,45.04377360725419,45.30484390258789,44.992837208918246,45.30484390258789,10300,0.0,0.0,0.0
2007-10-29 00:00:00-04:00,45.336691629566616,45.4767776959803,45.241182818854554,45.45767593383789,9300,0.0,0.0,0.0
2007-10-30 00:00:00-04:00,45.13928954345664,45.28574444843593,45.02467413982854,45.0628776550293,38500,0.0,0.0,0.0
2007-10-31 00:00:00-04:00,45.28575521652918,45.45767593383789,44.999214210312005,45.45767593383789,22100,0.0,0.0,0.0
2007-11-01 00:00:00-04:00,45.0628666071815,45.20932147625514,44.489794587564184,44.496158599853516,274200,0.0,0.0,0.0
2007-11-02 00:00:00-04:00,44.604418352192724,44.71903374927773,44.362449814999074,44.674461364746094,25300,0.0,0.0,0.0
2007-11-05 00:00:00-05:00,44.69993309546016,44.9227999058631,44.52801240591988,44.66809844970703,31400,0.0,0.0,0.0
2007-11-06 00:00:00-05:00,44.77634189017715,44.99283981323242,44.636255856087125,44.99283981323242,14300,0.0,0.0,0.0
2007-11-07 00:00:00-05:00,44.68083015710663,44.87822633088131,44.3560905456543,44.3560905456543,16800,0.0,0.0,0.0
2007-11-08 00:00:00-05:00,44.54710277387316,44.948254185573184,44.126849608000526,44.814537048339844,27100,0.0,0.0,0.0
2007-11-09 00:00:00-05:00,44.54074724954641,44.88459350176032,44.46434020996094,44.46434020996094,19900,0.0,0.0,0.0
2007-11-12 00:00:00-05:00,44.40066214519472,44.78271188353643,44.38155552895554,44.438865661621094,32500,0.0,0.0,0.0
2007-11-13 00:00:00-05:00,44.534380607818534,45.209335327148445,44.534380607818534,45.20933532714844,20900,0.0,0.0,0.0
2007-11-14 00:00:00-05:00,45.27300623034166,45.5659111792055,45.1074495694966,45.22206497192383,26900,0.0,0.0,0.0
2007-11-15 00:00:00-05:00,45.152034459158365,45.4576723453636,44.948269390986056,45.07562255859375,21700,0.0,0.0,0.0
2007-11-16 00:00:00-05:00,45.27937182260735,45.502233739511446,45.101082289084076,45.49586486816406,61300,0.0,0.0,0.0
2007-11-19 00:00:00-05:00,45.49587121799462,45.49587121799462,45.05014732197703,45.15839385986328,29800,0.0,0.0,0.0
2007-11-20 00:00:00-05:00,45.83972714119287,45.83972714119287,44.95464317621645,45.38763427734375,35100,0.0,0.0,0.0
2007-11-21 00:00:00-05:00,45.27937152068459,45.438559297129686,44.85911345901735,44.865482330322266,58800,0.0,0.0,0.0
2007-11-23 00:00:00-05:00,45.16475709261416,45.317576001020484,45.03103994050544,45.24116897583008,13700,0.0,0.0,0.0
2007-11-26 00:00:00-05:00,45.57864999292175,45.57864999292175,44.7381386413971,44.782711029052734,38900,0.0,0.0,0.0
2007-11-27 00:00:00-05:00,45.24115844481687,45.48312206497258,45.04376234029768,45.33030319213867,34000,0.0,0.0,0.0
2007-11-28 00:00:00-05:00,45.712363482369014,46.1135149390325,45.41945855016664,46.08168029785156,32800,0.0,0.0,0.0
2007-11-29 00:00:00-05:00,46.08169134048916,46.30455331426257,45.82062098690697,46.26634979248047,24900,0.0,0.0,0.0
2007-11-30 00:00:00-05:00,46.60380709498698,46.60380709498698,46.126243846519785,46.32363510131836,101500,0.0,0.0,0.0
2007-12-03 00:00:00-05:00,46.559239583702116,46.559239583702116,46.10077803999215,46.17718505859375,45200,0.0,0.0,0.0
2007-12-04 00:00:00-05:00,46.02437017088506,46.24723209125366,46.02437017088506,46.08168029785156,40600,0.0,0.0,0.0
2007-12-05 00:00:00-05:00,46.463732995071894,46.463732995071894,46.25360394601742,46.42552947998047,29400,0.0,0.0,0.0
2007-12-06 00:00:00-05:00,46.368210541354195,46.85850670465364,46.30453640895523,46.813934326171875,25200,0.0,0.0,0.0
2007-12-07 00:00:00-05:00,47.004968770933274,47.06864291307138,46.80120860127595,46.82667922973633,51600,0.0,0.0,0.0
2007-12-10 00:00:00-05:00,47.06228654496236,47.06228654496236,46.852157469547095,46.97313690185547,33200,0.0,0.0,0.0
2007-12-11 00:00:00-05:00,47.138680069202444,47.138680069202444,46.29179999572778,46.33637237548828,63900,0.0,0.0,0.0
2007-12-12 00:00:00-05:00,47.635360116882005,49.157195236791765,46.00527844890121,46.58472442626953,63900,0.0,0.0,0.0
2007-12-13 00:00:00-05:00,45.788775337878576,46.635650634765625,45.788775337878576,46.635650634765625,22700,0.0,0.0,0.0
2007-12-14 00:00:00-05:00,46.81616889411369,46.81616889411369,46.130361482396026,46.1432991027832,27100,1.159,0.0,0.0
2007-12-17 00:00:00-05:00,46.06565757903487,46.09800903351396,45.70981626045952,45.729225158691406,17000,0.0,0.0,0.0
2007-12-18 00:00:00-05:00,46.09153832228032,46.09153832228032,45.509246687467474,45.768043518066406,21700,0.0,0.0,0.0
2007-12-19 00:00:00-05:00,45.845672630184204,46.10446939632958,45.74215194927095,45.92331314086914,708800,0.0,0.0,0.0
2007-12-20 00:00:00-05:00,46.3438729805689,46.3438729805689,45.77452379029365,46.02037811279297,27300,0.0,0.0,0.0
2007-12-21 00:00:00-05:00,46.80967917331918,46.80967917331918,46.4279578205541,46.61558532714844,30800,0.0,0.0,0.0
2007-12-24 00:00:00-05:00,46.719115507828214,46.82910254829036,46.7061778885368,46.7838134765625,13800,0.0,0.0,0.0
2007-12-26 00:00:00-05:00,46.82910495690305,46.82910495690305,46.51855271655007,46.686771392822266,91200,0.0,0.0,0.0
2007-12-27 00:00:00-05:00,46.64147465373516,46.64147465373516,46.19505521732941,46.22740173339844,25600,0.0,0.0,0.0
2007-12-28 00:00:00-05:00,46.628527512343645,46.628527512343645,46.20798340021863,46.29209518432617,29700,0.0,0.0,0.0
2007-12-31 00:00:00-05:00,46.00742861537338,46.27916304949636,45.800392150878906,45.800392150878906,26000,0.0,0.0,0.0
2008-01-02 00:00:00-05:00,46.046246659578486,46.046246659578486,45.127522651911775,45.282798767089844,311700,0.0,0.0,0.0
2008-01-03 00:00:00-05:00,45.47690074272188,45.47690074272188,44.99165853027646,45.043418884277344,43900,0.0,0.0,0.0
2008-01-04 00:00:00-05:00,45.06281612289162,45.14692297427594,44.64874327030489,44.765201568603516,45500,0.0,0.0,0.0
2008-01-07 00:00:00-05:00,44.79755366852979,45.45748575327077,44.79755366852979,45.418663024902344,237200,0.0,0.0,0.0
2008-01-08 00:00:00-05:00,45.593366617168364,45.94920800350577,45.1275332263399,45.22458267211914,145300,0.0,0.0,0.0
2008-01-09 00:00:00-05:00,45.44455871568254,45.593368530273445,45.036956949674526,45.59336853027344,85100,0.0,0.0,0.0
2008-01-10 00:00:00-05:00,45.46395369728123,46.07859673404225,45.46395369728123,45.949195861816406,71500,0.0,0.0,0.0
2008-01-11 00:00:00-05:00,45.72922457261159,45.72922457261159,44.926958860429316,45.07576370239258,71000,0.0,0.0,0.0
2008-01-14 00:00:00-05:00,45.14694430658041,45.20517595131354,44.84285833199876,44.952850341796875,79200,0.0,0.0,0.0
2008-01-15 00:00:00-05:00,44.648754538346815,44.70698123412196,44.29937955527889,44.33172607421875,69600,0.0,0.0,0.0
2008-01-16 00:00:00-05:00,44.286432056101226,44.63580700017635,44.25408554077148,44.254085540771484,159000,0.0,0.0,0.0
2008-01-17 00:00:00-05:00,44.318782871461714,44.46112135805731,43.62650427076909,43.67826461791992,87100,0.0,0.0,0.0
2008-01-18 00:00:00-05:00,43.937074301807286,44.02765246781353,42.985998622601905,43.115394592285156,137200,0.0,0.0,0.0
2008-01-22 00:00:00-05:00,42.448988456329445,42.95363955936723,35.48737891171889,42.65602493286133,155600,0.0,0.0,0.0
2008-01-23 00:00:00-05:00,41.87316193878355,43.303008165657296,41.82140159323398,43.16714096069336,140000,0.0,0.0,0.0
2008-01-24 00:00:00-05:00,43.270670743133024,43.32890238478837,42.830717535614205,43.115394592285156,37400,0.0,0.0,0.0
2008-01-25 00:00:00-05:00,43.27714053528062,44.33820324586832,42.448994511030676,42.584861755371094,67200,0.0,0.0,0.0
2008-01-28 00:00:00-05:00,42.714244762496385,43.08302858129755,42.58484883651422,43.050682067871094,45300,0.0,0.0,0.0
2008-01-29 00:00:00-05:00,43.25771525256444,43.25771525256444,42.817762226772864,43.08949661254883,46100,0.0,0.0,0.0
2008-01-30 00:00:00-05:00,43.018345517801805,43.45829872911334,42.597801208496094,42.597801208496094,68600,0.0,0.0,0.0
2008-01-31 00:00:00-05:00,42.63014087352077,43.61356774958087,42.597789421702785,43.37417984008789,95400,0.0,0.0,0.0
2008-02-01 00:00:00-05:00,43.484174059201905,43.995296478271484,43.484174059201905,43.995296478271484,53600,0.0,0.0,0.0
2008-02-04 00:00:00-05:00,43.768853234376415,44.00823625900829,43.64592361450195,43.64592361450195,62800,0.0,0.0,0.0
2008-02-05 00:00:00-05:00,43.34829763613883,43.49710739693985,42.86305549842086,43.005393981933594,51800,0.0,0.0,0.0
2008-02-06 00:00:00-05:00,43.12186237413355,43.17362273226466,42.72072700282656,42.75307846069336,53500,0.0,0.0,0.0
2008-02-07 00:00:00-05:00,42.83071275925982,43.28360847492527,42.811303859585735,43.238319396972656,42600,0.0,0.0,0.0
2008-02-08 00:00:00-05:00,43.180075415245796,43.3353564405172,42.86305196022463,42.94715881347656,38300,0.0,0.0,0.0
2008-02-11 00:00:00-05:00,42.927749456217484,43.36770248413086,42.8177624332736,43.36770248413086,31500,0.0,0.0,0.0
2008-02-12 00:00:00-05:00,43.723569224300476,43.87237410506221,43.53594160131122,43.77532958984375,43500,0.0,0.0,0.0
2008-02-13 00:00:00-05:00,44.0082210804353,44.0082210804353,43.77530941511288,43.92411422729492,11000,0.0,0.0,0.0
2008-02-14 00:00:00-05:00,43.99528750648885,43.99528750648885,43.303008915229334,43.48416519165039,98600,0.0,0.0,0.0
2008-02-15 00:00:00-05:00,43.49710382880987,43.66531753540039,43.34829408021592,43.66531753540039,64000,0.0,0.0,0.0
2008-02-19 00:00:00-05:00,44.9204940853912,44.9204940853912,43.53593655258247,43.64592361450195,51500,0.0,0.0,0.0
2008-02-20 00:00:00-05:00,43.42594218761378,43.7947260490783,43.328892763830744,43.74296569824219,57200,0.0,0.0,0.0
2008-02-21 00:00:00-05:00,43.90470708212378,43.930587253998944,43.44534513765022,43.477691650390625,94600,0.0,0.0,0.0
2008-02-22 00:00:00-05:00,43.65886164956949,43.78825759887695,43.23831741011161,43.78825759887695,74800,0.0,0.0,0.0
2008-02-25 00:00:00-05:00,43.91765424506356,44.13116200733395,43.76237811620288,44.105281829833984,109700,0.0,0.0,0.0
2008-02-26 00:00:00-05:00,44.40935742792764,44.48699794238979,44.111742860029686,44.415828704833984,54400,0.0,0.0,0.0
2008-02-27 00:00:00-05:00,44.357593964825234,44.48699481316006,44.182908989745265,44.35112762451172,26000,0.0,0.0,0.0
2008-02-28 00:00:00-05:00,44.150564266683965,44.234676064944196,43.99528816117503,44.13762664794922,39700,0.0,0.0,0.0
2008-02-29 00:00:00-05:00,43.781775341444884,43.81412678872853,43.257715461186976,43.36770248413086,28400,0.0,0.0,0.0
2008-03-03 00:00:00-05:00,43.35477307195548,43.56180953979492,43.14773660411603,43.56180953979492,88700,0.0,0.0,0.0
2008-03-04 00:00:00-05:00,43.34830488386473,43.71061749437431,43.18008619921138,43.62651062011719,82700,0.0,0.0,0.0
2008-03-05 00:00:00-05:00,43.62002145885657,44.00821408756089,43.4712166703195,43.781768798828125,63900,0.0,0.0,0.0
2008-03-06 00:00:00-05:00,43.69119832427166,43.69119832427166,43.21889877319336,43.21889877319336,50100,0.0,0.0,0.0
2008-03-07 00:00:00-05:00,42.81777177249769,43.34830304515704,42.81777177249769,42.99892807006836,467700,0.0,0.0,0.0
2008-03-10 00:00:00-04:00,42.95363941748178,43.18008479166882,42.778954396291475,42.837181091308594,98800,0.0,0.0,0.0
2008-03-11 00:00:00-04:00,43.29655084547609,43.57475662231445,43.141274694910905,43.57475662231445,47200,0.0,0.0,0.0
2008-03-12 00:00:00-04:00,43.78177183665554,43.91117267929359,43.497099855126656,43.542388916015625,45400,0.0,0.0,0.0
2008-03-13 00:00:00-04:00,43.11537353951616,43.62002448546103,42.9471549121554,43.542388916015625,79100,0.0,0.0,0.0
2008-03-14 00:00:00-04:00,43.814134180231434,43.814134180231434,42.623670812517496,42.888938903808594,73600,0.0,0.0,0.0
2008-03-17 00:00:00-04:00,39.7898631520027,42.86953524312223,39.7898631520027,42.681907653808594,427400,0.0,0.0,0.0
2008-03-18 00:00:00-04:00,43.71062159585814,43.71062159585814,42.960116127075075,43.64592361450195,104500,0.0,0.0,0.0
2008-03-19 00:00:00-04:00,43.99529651278619,44.13763502658044,43.45829391479492,43.45829391479492,90600,0.0,0.0,0.0
2008-03-20 00:00:00-04:00,43.03128424373047,44.20880524321968,43.03128424373047,44.02764892578125,71100,0.0,0.0,0.0
2008-03-24 00:00:00-04:00,44.409374339961055,44.64229103590917,44.34467635467322,44.60993957519531,42300,0.0,0.0,0.0
2008-03-25 00:00:00-04:00,44.70696866498204,44.816955683505476,44.51934113778097,44.71343994140625,32800,0.0,0.0,0.0
2008-03-26 00:00:00-04:00,44.6422802881152,44.71992081345228,44.52582196817892,44.545230865478516,48400,0.0,0.0,0.0
2008-03-27 00:00:00-04:00,44.7134405852387,44.901068115141435,44.48699526850702,44.49346160888672,27800,0.0,0.0,0.0
2008-03-28 00:00:00-04:00,44.318793250635096,44.73933753148217,44.318793250635096,44.44172286987305,26600,0.0,0.0,0.0
2008-03-31 00:00:00-04:00,45.211622872732256,45.211622872732256,44.402886026536244,44.519344329833984,61900,0.0,0.0,0.0
2008-04-01 00:00:00-04:00,44.810492846031,45.25691223144531,44.68109198811975,45.25691223144531,98000,0.0,0.0,0.0
2008-04-02 00:00:00-04:00,45.218083168434624,45.24396333356447,44.84282817825702,44.97222900390625,40600,0.0,0.0,0.0
2008-04-03 00:00:00-04:00,44.96578089331498,45.01106997158929,44.823442379841616,44.991661071777344,52400,0.0,0.0,0.0
2008-04-04 00:00:00-04:00,45.02400660069917,45.179287668051934,44.855792848609155,45.036949157714844,208700,0.0,0.0,0.0
2008-04-07 00:00:00-04:00,45.28927216321574,45.28927216321574,44.96577736204992,45.01106643676758,107800,0.0,0.0,0.0
2008-04-08 00:00:00-04:00,44.87520205066304,44.946371306311605,44.67463684082031,44.67463684082031,36900,0.0,0.0,0.0
2008-04-09 00:00:00-04:00,44.933428467827355,44.933428467827355,44.4158397181527,44.49994659423828,19800,0.0,0.0,0.0
2008-04-10 00:00:00-04:00,44.53228775588799,44.836373605796055,44.49993630695128,44.65521240234375,25600,0.0,0.0,0.0
2008-04-11 00:00:00-04:00,44.4869947885958,44.55816402110625,44.182908965348915,44.27348709106445,98200,0.0,0.0,0.0
2008-04-14 00:00:00-04:00,44.31877842071985,44.370538762672616,44.228200290371454,44.27996063232422,22500,0.0,0.0,0.0
2008-04-15 00:00:00-04:00,44.642278165937995,44.642278165937995,44.27349432636057,44.512882232666016,45300,0.0,0.0,0.0
2008-04-16 00:00:00-04:00,44.73933212860127,44.8363815564828,44.54523327283822,44.82991027832031,31000,0.0,0.0,0.0
2008-04-17 00:00:00-04:00,44.85578320095436,44.85578320095436,44.09233539382743,44.59051513671875,243400,0.0,0.0,0.0
2008-04-18 00:00:00-04:00,45.26986183345205,45.26986183345205,44.62934352951641,44.75873947143555,95600,0.0,0.0,0.0
2008-04-21 00:00:00-04:00,44.64227481968313,44.85578253610258,44.54522540893446,44.81049346923828,25800,0.0,0.0,0.0
2008-04-22 00:00:00-04:00,44.64227432161098,44.700501005727695,44.228201447432,44.435237884521484,66500,0.0,0.0,0.0
2008-04-23 00:00:00-04:00,44.59699686378713,44.914020410820996,44.51288998612407,44.79109573364258,15700,0.0,0.0,0.0
2008-04-24 00:00:00-04:00,44.93990158572512,44.93990158572512,44.4870107942056,44.74580764770508,32600,0.0,0.0,0.0
2008-04-25 00:00:00-04:00,44.91401500718871,44.91401500718871,44.25408781412721,44.564640045166016,22200,0.0,0.0,0.0
2008-04-28 00:00:00-04:00,44.68110883985389,44.79110084459707,44.55171286927822,44.60993957519531,92300,0.0,0.0,0.0
2008-04-29 00:00:00-04:00,44.66168369701257,44.79755089755195,44.40935819084828,44.732852935791016,33800,0.0,0.0,0.0
2008-04-30 00:00:00-04:00,45.00458685248307,45.17280550016141,44.435237884521484,44.435237884521484,71400,0.0,0.0,0.0
2008-05-01 00:00:00-04:00,44.51934523699229,44.862248876984566,44.499936342070164,44.81049346923828,47600,0.0,0.0,0.0
2008-05-02 00:00:00-04:00,45.06281482624917,45.06281482624917,44.64227070915282,44.71343994140625,56500,0.0,0.0,0.0
2008-05-05 00:00:00-04:00,44.58405769605736,44.79756052212484,44.58405769605736,44.64228439331055,37100,0.0,0.0,0.0
2008-05-06 00:00:00-04:00,44.48052744714805,44.84931125908252,44.4481759981858,44.81049346923828,41100,0.0,0.0,0.0
2008-05-07 00:00:00-04:00,44.8104939589992,44.91400971176124,44.389949798583984,44.389949798583984,17800,0.0,0.0,0.0
2008-05-08 00:00:00-04:00,44.6811003485503,44.6811003485503,44.35113920544699,44.474063873291016,29800,0.0,0.0,0.0
2008-05-09 00:00:00-04:00,44.28643459631925,44.28643459631925,44.10527830443868,44.202327728271484,27700,0.0,0.0,0.0
2008-05-12 00:00:00-04:00,44.273488869393276,44.62933504623876,44.273488869393276,44.62286376953125,26500,0.0,0.0,0.0
2008-05-13 00:00:00-04:00,44.655226546600595,44.668169104729984,44.448190041787115,44.57759094238281,54400,0.0,0.0,0.0
2008-05-14 00:00:00-04:00,44.71991250460615,45.01105578228383,44.71991250460615,44.765201568603516,54800,0.0,0.0,0.0
2008-05-15 00:00:00-04:00,44.82343970203272,45.218103761762286,44.66816357667423,45.146934509277344,108000,0.0,0.0,0.0
2008-05-16 00:00:00-04:00,45.15340381195869,45.26339085693627,44.99165641541327,45.237510681152344,40900,0.0,0.0,0.0
2008-05-19 00:00:00-04:00,45.289273296047185,45.386322726052235,45.07576553726387,45.166343688964844,23300,0.0,0.0,0.0
2008-05-20 00:00:00-04:00,45.14046436927835,45.14046436927835,44.739333957309064,44.84284973144531,27900,0.0,0.0,0.0
2008-05-21 00:00:00-04:00,44.84931075870046,44.939888891418484,44.331717197907736,44.435237884521484,78400,0.0,0.0,0.0
2008-05-22 00:00:00-04:00,44.42877648454654,44.91401870461229,44.42877648454654,44.82344055175781,112300,0.0,0.0,0.0
2008-05-23 00:00:00-04:00,44.70697062217753,44.79108241096164,44.60992121611623,44.62286376953125,36000,0.0,0.0,0.0
2008-05-27 00:00:00-04:00,44.752264247191924,44.972243252422984,44.60992576194918,44.86225128173828,67200,0.0,0.0,0.0
2008-05-28 00:00:00-04:00,44.96576983317248,45.00458762324843,44.65521270415052,44.752262115478516,23000,0.0,0.0,0.0
2008-05-29 00:00:00-04:00,44.810492988584656,45.3927845106927,44.810492988584656,45.23103713989258,31800,0.0,0.0,0.0
2008-05-30 00:00:00-04:00,45.26985166051059,45.30866944713552,45.12104191821888,45.19221115112305,40800,0.0,0.0,0.0
2008-06-02 00:00:00-04:00,45.15987593008462,45.16634227204679,44.62287337889019,44.91401672363281,35200,0.0,0.0,0.0
2008-06-03 00:00:00-04:00,44.9075549092078,45.06283104631606,44.635815499094086,44.84932327270508,54300,0.0,0.0,0.0
2008-06-04 00:00:00-04:00,44.91401602353356,45.10811487442905,44.765211182500664,45.05635452270508,79400,0.0,0.0,0.0
2008-06-05 00:00:00-04:00,45.14692960796005,45.535122347282154,45.11458309243066,45.528656005859375,125800,0.0,0.0,0.0
2008-06-06 00:00:00-04:00,45.05634819092991,45.095165981198406,44.389949798583984,44.389949798583984,32300,0.0,0.0,0.0
2008-06-09 00:00:00-04:00,44.532301030530625,44.64875937082459,44.2540952696139,44.44172286987305,161600,0.0,0.0,0.0
2008-06-10 00:00:00-04:00,44.25409145722408,44.97225033781252,44.25409145722408,44.82344055175781,77400,0.0,0.0,0.0
2008-06-11 00:00:00-04:00,44.732847604952475,44.732847604952475,44.38347272971295,44.40288162231445,29900,0.0,0.0,0.0
2008-06-12 00:00:00-04:00,44.71344699128791,44.88166565187668,44.40936112119457,44.596988677978516,166000,0.0,0.0,0.0
2008-06-13 00:00:00-04:00,44.76520092510243,44.76520092510243,44.351128078468015,44.49346160888672,95500,0.0,0.0,0.0
2008-06-16 00:00:00-04:00,44.338192392345846,44.338192392345846,43.95647093304127,44.17644500732422,30500,0.0,0.0,0.0
2008-06-17 00:00:00-04:00,44.480538718840656,44.480538718840656,43.995296478271484,43.995296478271484,49600,0.0,0.0,0.0
2008-06-18 00:00:00-04:00,43.937067527302894,43.956476426148804,43.46476293211635,43.52946090698242,58700,0.0,0.0,0.0
2008-06-19 00:00:00-04:00,43.45182460784498,43.78178575515954,43.45182460784498,43.67179870605469,34700,0.0,0.0,0.0
2008-06-20 00:00:00-04:00,43.3612364101685,43.40652548011695,43.09597326793857,43.16067123413086,33900,0.0,0.0,0.0
2008-06-23 00:00:00-04:00,43.432414207059765,43.432414207059765,42.90835416071796,42.914825439453125,37800,0.0,0.0,0.0
2008-06-24 00:00:00-04:00,42.973054523783375,43.23832266910854,42.77248929712071,43.04422378540039,52100,0.0,0.0,0.0
2008-06-25 00:00:00-04:00,43.17361957714951,43.92412497064623,43.17361957714951,43.52946090698242,218700,0.0,0.0,0.0
2008-06-26 00:00:00-04:00,43.341817851424615,43.425929631247534,42.68189084556397,42.68836212158203,126500,0.0,0.0,0.0
2008-06-27 00:00:00-04:00,42.707779853542775,42.78541543728004,42.1643060866903,42.203128814697266,155600,0.0,0.0,0.0
2008-06-30 00:00:00-04:00,42.19666233974352,42.675433259786104,42.10608419098246,42.15784454345703,126200,0.0,0.0,0.0
2008-07-01 00:00:00-04:00,41.81492795639894,42.338992787273554,41.80199033881073,42.319583892822266,373100,0.0,0.0,0.0
2008-07-02 00:00:00-04:00,42.429588789042526,42.436055132491106,42.19020080566406,42.19020080566406,129700,0.0,0.0,0.0
2008-07-03 00:00:00-04:00,42.41015751231097,42.565433587539324,41.6337672638943,42.38427734375,222600,0.0,0.0,0.0
2008-07-07 00:00:00-04:00,42.59132172112906,42.72718892937967,42.15783992297643,42.4813346862793,239200,0.0,0.0,0.0
2008-07-08 00:00:00-04:00,42.48778898567115,43.12184071394323,42.48778898567115,43.1088981628418,416200,0.0,0.0,0.0
2008-07-09 00:00:00-04:00,43.14126443954767,43.30301183097727,42.888938903808594,42.888938903808594,118800,0.0,0.0,0.0
2008-07-10 00:00:00-04:00,42.83069049145527,43.02478925956212,42.56542744025508,42.89539337158203,167700,0.0,0.0,0.0
2008-07-11 00:00:00-04:00,42.604265141068815,43.018338099588625,42.44251773739267,42.69484329223633,81800,0.0,0.0,0.0
2008-07-14 00:00:00-04:00,42.79835703648405,43.12832306841561,42.50074245447962,42.55249786376953,58200,0.0,0.0,0.0
2008-07-15 00:00:00-04:00,42.51369078417405,43.01834193890062,42.01551090829101,42.77248764038086,241600,0.0,0.0,0.0
2008-07-16 00:00:00-04:00,42.68836760275017,43.238307667602335,42.565438023309376,43.21889877319336,274500,0.0,0.0,0.0
2008-07-17 00:00:00-04:00,43.21242774301476,43.218899019900675,42.533086817994935,43.08302688598633,254800,0.0,0.0,0.0
2008-07-18 00:00:00-04:00,43.16067717394441,43.16067717394441,42.617208259770315,42.811302185058594,78600,0.0,0.0,0.0
2008-07-21 00:00:00-04:00,42.927753265361325,42.927753265361325,42.442511129876145,42.6495475769043,249300,0.0,0.0,0.0
2008-07-22 00:00:00-04:00,42.53957575058409,43.38713073730469,42.53957575058409,43.38713073730469,117300,0.0,0.0,0.0
2008-07-23 00:00:00-04:00,43.35477419299156,43.63944625854492,43.15420406173617,43.63944625854492,73500,0.0,0.0,0.0
2008-07-24 00:00:00-04:00,43.6717935584853,43.6717935584853,43.141262337887014,43.16067123413086,245500,0.0,0.0,0.0
2008-07-25 00:00:00-04:00,43.13479402701719,43.28360380201842,43.076567334281116,43.102447509765625,123000,0.0,0.0,0.0
2008-07-28 00:00:00-04:00,43.49711482740776,43.49711482740776,42.79836484505555,42.830711364746094,45000,0.0,0.0,0.0
2008-07-29 00:00:00-04:00,42.99245666279992,43.658860092773935,42.99245666279992,43.63944625854492,112500,0.0,0.0,0.0
2008-07-30 00:00:00-04:00,43.84001078282271,44.27996384910647,43.74943264589413,44.08586502075195,131200,0.0,0.0,0.0
2008-07-31 00:00:00-04:00,43.85942101825494,43.969408054151216,43.4453481121785,43.497108459472656,221800,0.0,0.0,0.0
2008-08-01 00:00:00-04:00,43.56828025805481,43.81413948190642,43.38065760509545,43.52299118041992,147400,0.0,0.0,0.0
2008-08-04 00:00:00-04:00,43.59416083985537,44.131163434027144,43.5424054193214,43.89824676513672,101700,0.0,0.0,0.0
2008-08-05 00:00:00-04:00,44.267021850941546,44.99812316894531,44.176443712874615,44.99812316894531,330500,0.0,0.0,0.0
2008-08-06 00:00:00-04:00,44.926960409697735,45.1728146861936,44.681101197062844,45.146934509277344,158700,0.0,0.0,0.0
2008-08-07 00:00:00-04:00,44.96577649269168,44.96577649269168,44.2864354489221,44.33819580078125,251700,0.0,0.0,0.0
2008-08-08 00:00:00-04:00,44.37053898173623,45.37336969729827,44.27996085094063,45.27632522583008,249200,0.0,0.0,0.0
2008-08-11 00:00:00-04:00,45.392793583757445,45.735697288610865,45.172814548708324,45.48337173461914,200100,0.0,0.0,0.0
2008-08-12 00:00:00-04:00,45.696873704212315,45.86509238245351,45.353970005745246,45.729225158691406,220600,0.0,0.0,0.0
2008-08-13 00:00:00-04:00,45.690405515218345,45.768041105007505,45.28279892427037,45.561004638671875,329000,0.0,0.0,0.0
2008-08-14 00:00:00-04:00,45.315139306881356,46.020355401253994,45.21808990721551,45.658042907714844,251900,0.0,0.0,0.0
2008-08-15 00:00:00-04:00,45.819795728284184,46.15622809297449,45.78097793824171,46.110939025878906,134500,0.0,0.0,0.0
2008-08-18 00:00:00-04:00,46.091535180393045,46.091535180393045,45.509243585272834,45.625701904296875,87100,0.0,0.0,0.0
2008-08-19 00:00:00-04:00,45.54159017016346,45.54806144723384,45.21162414550781,45.21162414550781,215600,0.0,0.0,0.0
2008-08-20 00:00:00-04:00,45.334561101472744,45.360441277824776,44.89460797576596,45.26986312866211,155400,0.0,0.0,0.0
2008-08-21 00:00:00-04:00,44.99813135894625,45.101647134375554,44.66816526099564,45.036949157714844,319400,0.0,0.0,0.0
2008-08-22 00:00:00-04:00,45.328095309736405,45.5804208895359,45.23751714961041,45.541603088378906,64100,0.0,0.0,0.0
2008-08-25 00:00:00-04:00,45.37338159803408,45.399261775926206,44.77168103642494,45.036949157714844,134000,0.0,0.0,0.0
2008-08-26 00:00:00-04:00,44.81049571943108,44.965771822743406,44.58405037373846,44.73932647705078,228900,0.0,0.0,0.0
2008-08-27 00:00:00-04:00,44.62934998081928,45.06283187866211,44.59699852259361,45.06283187866211,87700,0.0,0.0,0.0
2008-08-28 00:00:00-04:00,45.05635608071966,45.25692128041192,44.83638198249447,45.20516586303711,138000,0.0,0.0,0.0
2008-08-29 00:00:00-04:00,45.0304777490103,45.25045679238776,44.674636410335616,44.68110275268555,47400,0.0,0.0,0.0
2008-09-02 00:00:00-04:00,45.21162738229652,45.60629139749636,45.06282255199141,45.09516906738281,147100,0.0,0.0,0.0
2008-09-03 00:00:00-04:00,44.93342211006107,45.276330716673634,44.90107559436152,45.08870315551758,133700,0.0,0.0,0.0
2008-09-04 00:00:00-04:00,44.90107710310013,45.159873918085054,44.545230865478516,44.545230865478516,51000,0.0,0.0,0.0
2008-09-05 00:00:00-04:00,44.54523159123194,45.06282522963468,44.27996843025113,44.93989562988281,63100,0.0,0.0,0.0
2008-09-08 00:00:00-04:00,45.832742486756686,45.89097411957173,45.347500269900706,45.87803649902344,90900,0.0,0.0,0.0
2008-09-09 00:00:00-04:00,46.01388133241854,46.10445944058944,45.56098585542738,45.58039474487305,69400,0.0,0.0,0.0
2008-09-10 00:00:00-04:00,45.64511828326008,45.87803493429818,45.5868866524311,45.65158462524414,68900,0.0,0.0,0.0
2008-09-11 00:00:00-04:00,45.535140635690276,46.253299713134766,45.32810409582325,46.253299713134766,65600,0.0,0.0,0.0
2008-09-12 00:00:00-04:00,45.9362568669623,46.24034273741307,45.89096779707421,46.23387145996094,81300,0.0,0.0,0.0
2008-09-15 00:00:00-04:00,45.83273183170745,46.22092946385654,45.28926304451943,45.55453109741211,157600,0.0,0.0,0.0
2008-09-16 00:00:00-04:00,44.88168206413441,45.774526168574575,44.78463261153129,45.48984909057617,120900,0.0,0.0,0.0
2008-09-17 00:00:00-04:00,45.15340290843712,45.27633250691624,44.08586912537093,44.182918548583984,130200,0.0,0.0,0.0
2008-09-18 00:00:00-04:00,44.545235650042834,45.40573305443404,44.10528249815509,45.036949157714844,178900,0.0,0.0,0.0
2008-09-19 00:00:00-04:00,48.52422565481071,52.03090851079155,44.810506300148255,45.06283187866211,70000,0.0,0.0,0.0
2008-09-22 00:00:00-04:00,45.062817085171005,45.062817085171005,43.90470535406463,44.00175476074219,153400,0.0,0.0,0.0
2008-09-23 00:00:00-04:00,44.00175668780831,44.57110566317335,43.63943921608684,43.755897521972656,199800,0.0,0.0,0.0
2008-09-24 00:00:00-04:00,43.41299809243853,43.9370629878284,43.37418029875727,43.74943542480469,114200,0.0,0.0,0.0
2008-09-25 00:00:00-04:00,43.348304586321326,44.642283827704055,43.348304586321326,44.448184967041016,80300,0.0,0.0,0.0
2008-09-26 00:00:00-04:00,44.42230074488331,44.732852935791016,44.08586344590554,44.732852935791016,79300,0.0,0.0,0.0
2008-09-29 00:00:00-04:00,45.01107420186933,45.17929290961477,42.88894872990449,43.27714157104492,173500,0.0,0.0,0.0
2008-09-30 00:00:00-04:00,43.9241224206262,43.99529166968886,42.9795182212313,43.96294021606445,133500,0.0,0.0,0.0
2008-10-01 00:00:00-04:00,44.551711775292205,44.551711775292205,43.548875751466255,44.37702178955078,259500,0.0,0.0,0.0
2008-10-02 00:00:00-04:00,44.2864320067697,44.38995270244189,43.64591374474803,43.79472351074219,128900,0.0,0.0,0.0
2008-10-03 00:00:00-04:00,44.241139880822786,44.435238703732985,43.35476743200689,43.47122573852539,247700,0.0,0.0,0.0
2008-10-06 00:00:00-04:00,42.701306667667446,43.380647611835585,40.61153089509989,41.95726776123047,532200,0.0,0.0,0.0
2008-10-07 00:00:00-04:00,42.338990854445036,42.526618385805335,40.5274184342432,40.58564758300781,133300,0.0,0.0,0.0
2008-10-08 00:00:00-04:00,38.65115699060151,40.96737830745072,38.65115699060151,39.861026763916016,148800,0.0,0.0,0.0
2008-10-09 00:00:00-04:00,40.986794061113216,40.986794061113216,37.124267460969726,37.71302795410156,153000,0.0,0.0,0.0
2008-10-10 00:00:00-04:00,35.59088809336451,38.86465555608004,34.45218776219803,37.07249450683594,361100,0.0,0.0,0.0
2008-10-13 00:00:00-04:00,39.14287178063869,39.77045249814358,37.590095714509516,39.731632232666016,251300,0.0,0.0,0.0
2008-10-14 00:00:00-04:00,42.55896951033814,42.55896951033814,38.03004290497417,38.80643081665039,333400,0.0,0.0,0.0
2008-10-15 00:00:00-04:00,39.12993012058581,39.39519575385492,36.160247802734375,36.160247802734375,234900,0.0,0.0,0.0
2008-10-16 00:00:00-04:00,36.60020179426088,38.004170521920805,35.260933508007795,37.82948303222656,155000,0.0,0.0,0.0
2008-10-17 00:00:00-04:00,37.661270509025165,39.058768186954865,37.18896831586192,38.03652572631836,192100,0.0,0.0,0.0
2008-10-20 00:00:00-04:00,38.3859008844273,39.14287766450534,38.03652584682056,39.05229949951172,184600,0.0,0.0,0.0
2008-10-21 00:00:00-04:00,38.935837098429104,39.26580073197833,38.37942560791075,38.49588394165039,200400,0.0,0.0,0.0
2008-10-22 00:00:00-04:00,37.713017027080824,38.042980572829215,36.438446973678126,37.1630744934082,190000,0.0,0.0,0.0
2008-10-23 00:00:00-04:00,37.3507189144683,37.72597416361742,35.52620797084349,37.23426055908203,273400,0.0,0.0,0.0
2008-10-24 00:00:00-04:00,34.12223313959588,36.503152635324135,34.12223313959588,35.856163024902344,246300,0.0,0.0,0.0
2008-10-27 00:00:00-04:00,35.416209720591034,36.373753976473644,34.976256620851814,35.04095458984375,107200,0.0,0.0,0.0
2008-10-28 00:00:00-04:00,35.707344267656346,37.958867094217595,35.03447716418205,37.913578033447266,165700,0.0,0.0,0.0
2008-10-29 00:00:00-04:00,37.661277680490535,38.74822080008614,37.10486602783203,37.10486602783203,215000,0.0,0.0,0.0
2008-10-30 00:00:00-04:00,38.44411665240884,38.56057496514678,37.70654898378134,38.353538513183594,186900,0.0,0.0,0.0
2008-10-31 00:00:00-04:00,38.444124262828424,39.421080027743265,38.437655452204275,38.89054870605469,217100,0.0,0.0,0.0
2008-11-03 00:00:00-05:00,38.787028202661546,39.17522098733412,38.677038683893606,38.88407516479492,326800,0.0,0.0,0.0
2008-11-04 00:00:00-05:00,39.74457111780589,39.80280028022445,39.252857642255876,39.62811279296875,410100,0.0,0.0,0.0
2008-11-05 00:00:00-05:00,39.36931218048073,39.69927822513903,38.321189825826266,38.45058822631836,579800,0.0,0.0,0.0
2008-11-06 00:00:00-05:00,38.482942967533866,38.825846682286944,37.30542203619769,37.49304962158203,205100,0.0,0.0,0.0
2008-11-07 00:00:00-05:00,37.69360839001087,38.31472020561509,37.67419949417201,38.18532180786133,413800,0.0,0.0,0.0
2008-11-10 00:00:00-05:00,38.871134825585976,38.890543723041255,37.68067390963152,38.198265075683594,207200,0.0,0.0,0.0
2008-11-11 00:00:00-05:00,37.81654792358665,38.127102679024546,37.11132906184127,37.5254020690918,177900,0.0,0.0,0.0
2008-11-12 00:00:00-05:00,36.93662443885977,36.96250460684182,36.12788769993577,36.257286071777344,461400,0.0,0.0,0.0
2008-11-13 00:00:00-05:00,36.347870022637395,38.010632827163086,35.35150560810795,37.9847526550293,412100,0.0,0.0,0.0
2008-11-14 00:00:00-05:00,37.273061555507994,38.12061613147959,36.826637268066406,36.826637268066406,79900,0.0,0.0,0.0
2008-11-17 00:00:00-05:00,36.496685177477126,37.240724244258764,36.12790128331777,36.315528869628906,125300,0.0,0.0,0.0
2008-11-18 00:00:00-05:00,35.920863885068705,36.930168577584624,35.72029621499741,36.7684211730957,157600,0.0,0.0,0.0
2008-11-19 00:00:00-05:00,36.60666731730531,37.26659443941802,35.584422716415126,35.61677169799805,153500,0.0,0.0,0.0
2008-11-20 00:00:00-05:00,35.37738609082271,36.34787034173833,33.856961751615884,34.10928726196289,208800,0.0,0.0,0.0
2008-11-21 00:00:00-05:00,34.82097024659312,35.73969650268555,33.41700439552544,35.73969650268555,337600,0.0,0.0,0.0
2008-11-24 00:00:00-05:00,36.15376994345408,37.31187914434646,35.69440557364161,36.62607192993164,291300,0.0,0.0,0.0
2008-11-25 00:00:00-05:00,37.44775140689582,37.44775140689582,36.01143398634048,36.651954650878906,268900,0.0,0.0,0.0
2008-11-26 00:00:00-05:00,35.90144634415128,37.30541229248047,35.84968600250115,37.30541229248047,141600,0.0,0.0,0.0
2008-11-28 00:00:00-05:00,37.20189954282422,37.790659941213974,37.20189954282422,37.7841911315918,34800,0.0,0.0,0.0
2008-12-01 00:00:00-05:00,37.0660309691827,37.240718439408404,35.54560408450825,35.63618469238281,154000,0.0,0.0,0.0
2008-12-02 00:00:00-05:00,36.10849499966424,36.199073160149574,35.26740643956953,36.13437271118164,206800,0.0,0.0,0.0
2008-12-03 00:00:00-05:00,35.68147408910647,36.70371627807617,35.68147408910647,36.70371627807617,114600,0.0,0.0,0.0
2008-12-04 00:00:00-05:00,36.38022450069441,36.96251612134165,35.726766098029785,35.97909164428711,95800,0.0,0.0,0.0
2008-12-05 00:00:00-05:00,35.57796434948789,37.37659490854413,35.383865466884,37.266605377197266,142200,0.0,0.0,0.0
2008-12-08 00:00:00-05:00,37.90711908189268,37.91358789165529,37.07897322039552,37.383056640625,293400,0.0,0.0,0.0
2008-12-09 00:00:00-05:00,37.60949881881673,37.60949881881673,36.39962672529397,36.52255630493164,209700,0.0,0.0,0.0
2008-12-10 00:00:00-05:00,36.80724080456512,36.968988217113264,36.39316782333301,36.7813606262207,81500,0.0,0.0,0.0
2008-12-11 00:00:00-05:00,36.48373898188717,37.07249935191539,36.17965311483804,36.309051513671875,75400,0.0,0.0,0.0
2008-12-12 00:00:00-05:00,35.58442664537995,36.62608025661762,35.37739017870692,36.483741760253906,95200,0.0,0.0,0.0
2008-12-15 00:00:00-05:00,36.68430727587673,36.74253643298405,35.959679684817345,36.37375259399414,133200,0.0,0.0,0.0
2008-12-16 00:00:00-05:00,37.35717010498047,37.42833686782787,36.47079282474838,37.35717010498047,172500,0.0,0.0,0.0
2008-12-17 00:00:00-05:00,37.10484979406922,37.49951381540478,36.90428461265357,37.227779388427734,93700,0.0,0.0,0.0
2008-12-18 00:00:00-05:00,37.3959987069145,37.848891924410225,36.95604557769801,37.29248046875,136600,0.0,0.0,0.0
2008-12-19 00:00:00-05:00,37.590091317707646,38.0494557672183,37.07250017889553,37.240718841552734,131800,0.0,0.0,0.0
2008-12-22 00:00:00-05:00,37.18985910930011,37.295530777523304,36.54922320352816,37.104000091552734,108500,1.173,0.0,0.0
2008-12-23 00:00:00-05:00,37.27572082080084,37.42102032970771,36.70773709929836,36.833221435546875,155300,0.0,0.0,0.0
2008-12-24 00:00:00-05:00,36.89265953171514,37.18325601134691,36.88605363478516,37.09079360961914,64700,0.0,0.0,0.0
2008-12-26 00:00:00-05:00,37.335178161651974,37.34838744291937,37.03797815108033,37.2162971496582,76900,0.0,0.0,0.0
2008-12-29 00:00:00-05:00,37.222888694788196,37.38139497004255,36.681320968747464,37.0379638671875,88100,0.0,0.0,0.0
2008-12-30 00:00:00-05:00,37.37478908814413,37.72482606534475,37.341767159629065,37.69841003417969,156900,0.0,0.0,0.0
2008-12-31 00:00:00-05:00,37.88994367647486,38.29281781276825,37.83050318883465,38.20695877075195,121800,0.0,0.0,0.0
2009-01-02 00:00:00-05:00,38.1012806771738,38.847588336849,38.041840199510965,38.74191665649414,176700,0.0,0.0,0.0
2009-01-05 00:00:00-05:00,38.66927439556576,38.82778320651301,38.43151243885092,38.6824836730957,103700,0.0,0.0,0.0
2009-01-06 00:00:00-05:00,38.92022772662321,39.03250275486344,38.13429497070882,38.345638275146484,145700,0.0,0.0,0.0
2009-01-07 00:00:00-05:00,37.77767090006904,38.233379653454236,37.69841775152643,37.88994598388672,153600,0.0,0.0,0.0
2009-01-08 00:00:00-05:00,37.44744314072692,37.51348700533753,37.170053366656084,37.47386169433594,112500,0.0,0.0,0.0
2009-01-09 00:00:00-05:00,37.49367021635146,37.50027359431976,36.886056147390036,36.95870590209961,98400,0.0,0.0,0.0
2009-01-12 00:00:00-05:00,36.82662100304587,37.018151744224845,36.60206832841825,36.74736785888672,69500,0.0,0.0,0.0
2009-01-13 00:00:00-05:00,36.72754886677639,37.09079511087139,36.72754886677639,36.94549560546875,151300,0.0,0.0,0.0
2009-01-14 00:00:00-05:00,36.31808116652871,36.48979674856881,35.89539181186794,36.10673522949219,172000,0.0,0.0,0.0
2009-01-15 00:00:00-05:00,35.92180884270845,36.324683002754035,35.54535323859652,36.25203323364258,230100,0.0,0.0,0.0
2009-01-16 00:00:00-05:00,36.661510589475135,36.82001940487154,36.28505498724736,36.720951080322266,136600,0.0,0.0,0.0
2009-01-20 00:00:00-05:00,36.62187748160829,36.93889252552432,36.00105414945425,36.067100524902344,193300,0.0,0.0,0.0
2009-01-21 00:00:00-05:00,36.35769285462178,36.3973206753521,35.61799117020183,36.35108947753906,169000,0.0,0.0,0.0
2009-01-22 00:00:00-05:00,35.94160535599443,36.38410715118113,35.61798700911006,36.238807678222656,143500,0.0,0.0,0.0
2009-01-23 00:00:00-05:00,35.58498701542448,36.11994900565616,35.51894061456017,35.941627502441406,240100,0.0,0.0,0.0
2009-01-26 00:00:00-05:00,36.007659297788734,36.56243624295599,35.935009546012665,36.17277145385742,266000,0.0,0.0,0.0
2009-01-27 00:00:00-05:00,36.45676866043838,36.701133973443746,36.24542527847506,36.35770034790039,169300,0.0,0.0,0.0
2009-01-28 00:00:00-05:00,36.853032929655235,36.95870460933336,36.60206174564035,36.82661437988281,108400,0.0,0.0,0.0
2009-01-29 00:00:00-05:00,36.98511591097621,36.99832518327375,36.403920526940055,36.469966888427734,103800,0.0,0.0,0.0
2009-01-30 00:00:00-05:00,36.32468625810463,36.40393941359593,35.20192272442619,35.30099105834961,119200,0.0,0.0,0.0
2009-02-02 00:00:00-05:00,34.87829553315902,35.35381686731451,34.739599396260736,35.162288665771484,112900,0.0,0.0,0.0
2009-02-03 00:00:00-05:00,35.2877631649933,36.02086139496448,34.9971667352058,35.88216781616211,248500,0.0,0.0,0.0
2009-02-04 00:00:00-05:00,35.79631852309257,35.84254972857551,34.937735753451435,35.04340744018555,148300,0.0,0.0,0.0
2009-02-05 00:00:00-05:00,34.93773390651127,35.6444137465776,34.81885295029341,35.53874206542969,138100,0.0,0.0,0.0
2009-02-06 00:00:00-05:00,35.505716932469454,36.2718372358517,35.505716932469454,36.17277145385742,113600,0.0,0.0,0.0
2009-02-09 00:00:00-05:00,36.10672528950619,36.10672528950619,35.617994715574596,35.7632942199707,144700,0.0,0.0,0.0
2009-02-10 00:00:00-05:00,35.512325495193444,35.57836935481365,34.41598079738047,34.640533447265625,230500,0.0,0.0,0.0
2009-02-11 00:00:00-05:00,34.69996760228441,34.997169955213714,34.62731785830044,34.838661193847656,162400,0.0,0.0,0.0
2009-02-12 00:00:00-05:00,34.541461685349816,35.28776931762695,34.42258073438845,35.28776931762695,166600,0.0,0.0,0.0
2009-02-13 00:00:00-05:00,35.25474641677815,35.25474641677815,34.805641174316406,34.805641174316406,109600,0.0,0.0,0.0
2009-02-17 00:00:00-05:00,34.36973879715922,34.55466356154534,33.9206336384407,34.138580322265625,262100,0.0,0.0,0.0
2009-02-18 00:00:00-05:00,34.21123240172147,34.40276307477058,33.98007643039401,34.28388214111328,134900,0.0,0.0,0.0
2009-02-19 00:00:00-05:00,34.28389245114381,34.89810995328019,34.28389245114381,34.607513427734375,121500,0.0,0.0,0.0
2009-02-20 00:00:00-05:00,34.0989597172438,34.51504049434726,33.78194471208395,34.09235382080078,212400,0.0,0.0,0.0
2009-02-23 00:00:00-05:00,34.21125053255105,34.270691030881196,33.12811480245722,33.220577239990234,306800,0.0,0.0,0.0
2009-02-24 00:00:00-05:00,33.37247263342681,33.98008675896663,33.20075707673342,33.80836868286133,140400,0.0,0.0,0.0
2009-02-25 00:00:00-05:00,33.663069393896926,33.933853246837366,33.293217233051465,33.53097915649414,184500,0.0,0.0,0.0
2009-02-26 00:00:00-05:00,33.709302911274946,33.742324843037764,32.68560791015625,32.68560791015625,102300,0.0,0.0,0.0
2009-02-27 00:00:00-05:00,32.38180410093836,33.17434317077187,32.38180410093836,32.71202850341797,185900,0.0,0.0,0.0
2009-03-02 00:00:00-05:00,32.21668056621782,32.50067365399755,31.741159307130765,31.813806533813477,667300,0.0,0.0,0.0
2009-03-03 00:00:00-05:00,31.985521309397818,32.13082078675796,31.371303997989557,31.549625396728516,278700,0.0,0.0,0.0
2009-03-04 00:00:00-05:00,31.780792861557142,32.533704026746555,31.543030910568483,32.07799530029297,87400,0.0,0.0,0.0
2009-03-05 00:00:00-05:00,31.675111785453566,31.96571075925396,30.97503793637722,31.173171997070312,133300,0.0,0.0,0.0
2009-03-06 00:00:00-05:00,31.371311316021004,31.701535645663327,30.823137719497126,31.496795654296875,173400,0.0,0.0,0.0
2009-03-09 00:00:00-04:00,31.093919188841056,31.42414346644857,30.743879741377405,30.889179229736328,98500,0.0,0.0,0.0
2009-03-10 00:00:00-04:00,31.1335506619028,31.68172428072316,31.107132109798055,31.628887176513672,65400,0.0,0.0,0.0
2009-03-11 00:00:00-04:00,31.932693863144763,32.02515879810487,31.483588542414598,31.615678787231445,93500,0.0,0.0,0.0
2009-03-12 00:00:00-04:00,31.496785479978804,32.53368933855464,31.430741643148973,32.441226959228516,130800,0.0,0.0,0.0
2009-03-13 00:00:00-04:00,32.6723888104585,33.11488810574688,32.52048595449035,33.00261306762695,264400,0.0,0.0,0.0
2009-03-16 00:00:00-04:00,33.36586645652308,33.81497174487039,33.29321670114165,33.35926055908203,189800,0.0,0.0,0.0
2009-03-17 00:00:00-04:00,33.392288195282255,33.947065220943365,33.359263743747675,33.92064666748047,56600,0.0,0.0,0.0
2009-03-18 00:00:00-04:00,33.76211856087312,34.30368600013352,33.431894389645535,33.8017463684082,87600,0.0,0.0,0.0
2009-03-19 00:00:00-04:00,34.039521680032635,34.039521680032635,33.27340139960161,33.431907653808594,55300,0.0,0.0,0.0
2009-03-20 00:00:00-04:00,33.63665133438141,33.8281820554455,33.352658201606864,33.37247085571289,56400,0.0,0.0,0.0
2009-03-23 00:00:00-04:00,33.814975445554566,34.79243926263285,33.79516027047455,34.752811431884766,124800,0.0,0.0,0.0
2009-03-24 00:00:00-04:00,34.587702963526134,34.91792736364989,34.3631502706655,34.56128692626953,57500,0.0,0.0,0.0
2009-03-25 00:00:00-04:00,34.68015839384574,35.26795982375136,34.37635261170017,34.92452621459961,94900,0.0,0.0,0.0
2009-03-26 00:00:00-04:00,35.13586366659331,35.386834823190696,34.85847396310961,35.36701965332031,59500,0.0,0.0,0.0
2009-03-27 00:00:00-04:00,35.0962361541695,35.30757949229157,34.91791474023939,35.01698303222656,134800,0.0,0.0,0.0
2009-03-30 00:00:00-04:00,34.4820286008811,34.6075154756885,33.90083551539646,34.23766326904297,101200,0.0,0.0,0.0
2009-03-31 00:00:00-04:00,34.44239505247137,34.66694767434467,33.9338493347168,33.9338493347168,144600,0.0,0.0,0.0
2009-04-01 00:00:00-04:00,33.89422686539274,34.8452720803141,33.80836782950725,34.71318435668945,126500,0.0,0.0,0.0
2009-04-02 00:00:00-04:00,35.36040631267776,35.961414228231135,35.228316134877005,35.492496490478516,84700,0.0,0.0,0.0
2009-04-03 00:00:00-04:00,35.558554446226445,35.70385395147231,35.19530820252337,35.485904693603516,242800,0.0,0.0,0.0
2009-04-06 00:00:00-04:00,35.33399685020682,35.545340181215906,35.063213049888226,35.41324996948242,128200,0.0,0.0,0.0
2009-04-07 00:00:00-04:00,35.00377730240733,35.261351864356925,34.832061767578125,34.832061767578125,95800,0.0,0.0,0.0
2009-04-08 00:00:00-04:00,34.92452382859806,35.30758271917415,34.891501901388125,35.24814224243164,52900,0.0,0.0,0.0
2009-04-09 00:00:00-04:00,35.59819954231768,35.82275228691141,35.13588477175262,35.38685607910156,108100,0.0,0.0,0.0
2009-04-13 00:00:00-04:00,35.182107278652225,35.40005406884298,35.07643557322989,35.3141975402832,149600,0.0,0.0,0.0
2009-04-14 00:00:00-04:00,34.99057172980359,35.036802937126616,34.58769762077846,34.77262496948242,70600,0.0,0.0,0.0
2009-04-15 00:00:00-04:00,34.62732358571794,35.26795959472656,34.62732358571794,35.26795959472656,67000,0.0,0.0,0.0
2009-04-16 00:00:00-04:00,35.37362740590116,35.8689638486604,35.09623768786204,35.736873626708984,83700,0.0,0.0,0.0
2009-04-17 00:00:00-04:00,35.61799686999462,36.10012409534855,35.61799686999462,35.98124313354492,75300,0.0,0.0,0.0
2009-04-20 00:00:00-04:00,35.340616376389065,35.9086027828036,35.267969120179266,35.30099105834961,61300,0.0,0.0,0.0
2009-04-21 00:00:00-04:00,35.17550891657129,35.59819834823796,35.05002452681238,35.446292877197266,95600,0.0,0.0,0.0
2009-04-22 00:00:00-04:00,35.340611299997484,35.604791806237635,35.083036692089955,35.10285186767578,183000,0.0,0.0,0.0
2009-04-23 00:00:00-04:00,35.10284471318649,35.16888856657978,34.719783309153165,35.010379791259766,79800,0.0,0.0,0.0
2009-04-24 00:00:00-04:00,35.34721322461966,35.40665370587083,34.990570337112615,35.04340744018555,77800,0.0,0.0,0.0
2009-04-27 00:00:00-04:00,34.84527182274442,35.591579548883914,34.84527182274442,35.18870544433594,51400,0.0,0.0,0.0
2009-04-28 00:00:00-04:00,34.77262309305076,35.611390677455894,34.7263918882225,35.33400344848633,104500,0.0,0.0,0.0
2009-04-29 00:00:00-04:00,35.51892755719895,36.291653787062266,35.51892755719895,35.9019889831543,119800,0.0,0.0,0.0
2009-04-30 00:00:00-04:00,36.22560562374981,36.23221152078827,35.78310625981092,35.92840576171875,120800,0.0,0.0,0.0
2009-05-01 00:00:00-04:00,36.020878856179635,36.034088134765625,35.591586120077935,36.034088134765625,156900,0.0,0.0,0.0
2009-05-04 00:00:00-04:00,36.35768950271705,36.661495208740234,36.1793681049875,36.661495208740234,195000,0.0,0.0,0.0
2009-05-05 00:00:00-04:00,36.38412499425382,36.90588015810403,36.324684500658066,36.50300598144531,65000,0.0,0.0,0.0
2009-05-06 00:00:00-04:00,36.64169018754974,36.793593072182716,36.410534171676005,36.595458984375,107700,0.0,0.0,0.0
2009-05-07 00:00:00-04:00,36.635086944137974,37.018145846050366,36.59545911866636,36.65489959716797,69000,0.0,0.0,0.0
2009-05-08 00:00:00-04:00,37.30875245976407,37.30875245976407,36.859647090591494,37.05778121948242,64600,0.0,0.0,0.0
2009-05-11 00:00:00-04:00,36.661512996098025,37.051177901805836,36.43035691619183,36.859649658203125,70800,0.0,0.0,0.0
2009-05-12 00:00:00-04:00,36.82660865183767,37.48705717695206,36.82660865183767,37.26250457763672,54200,0.0,0.0,0.0
2009-05-13 00:00:00-04:00,36.98512432239876,37.01814625094714,36.70113120194169,36.833221435546875,94400,0.0,0.0,0.0
2009-05-14 00:00:00-04:00,36.63508950440372,37.0907981918224,36.63508950440372,36.91908264160156,73600,0.0,0.0,0.0
2009-05-15 00:00:00-04:00,36.84644102400152,37.130434223947006,36.65491025763599,36.760581970214844,47400,0.0,0.0,0.0
2009-05-18 00:00:00-04:00,37.02475636063035,37.48046507303222,36.846434902887374,37.47386169433594,62200,0.0,0.0,0.0
2009-05-19 00:00:00-04:00,37.71161241583429,37.71161241583429,37.34836620547875,37.52668762207031,374900,0.0,0.0,0.0
2009-05-20 00:00:00-04:00,37.652176043045294,38.00881891505818,37.57952880859375,37.57952880859375,133800,0.0,0.0,0.0
2009-05-21 00:00:00-04:00,37.26911633293905,37.40120656261043,36.99172659868798,37.2889289855957,52000,0.0,0.0,0.0
2009-05-22 00:00:00-04:00,37.5927303036611,37.804076157783584,37.29553047131872,37.454036712646484,78200,0.0,0.0,0.0
2009-05-26 00:00:00-04:00,37.2162814369708,37.9757984129954,37.2162814369708,37.83710479736328,61000,0.0,0.0,0.0
2009-05-27 00:00:00-04:00,37.95598337480118,37.96919264966183,37.110607419600356,37.16344451904297,58900,0.0,0.0,0.0
2009-05-28 00:00:00-04:00,37.30214626072108,37.57953605446413,36.92569066303646,37.46725845336914,46100,0.0,0.0,0.0
2009-05-29 00:00:00-04:00,37.61915261506686,37.85691452026367,37.41441515624525,37.85691452026367,41400,0.0,0.0,0.0
2009-06-01 00:00:00-04:00,38.23998421319693,38.748527541333345,38.02203491307097,38.6824836730957,56700,0.0,0.0,0.0
2009-06-02 00:00:00-04:00,38.76832567918306,39.26366203150802,38.72209448785227,39.111759185791016,93800,0.0,0.0,0.0
2009-06-03 00:00:00-04:00,38.6692681889766,38.946657933758985,38.60982770933835,38.87400817871094,179900,0.0,0.0,0.0
2009-06-04 00:00:00-04:00,38.94665704272166,38.98628234863281,38.53717707262123,38.98628234863281,82900,0.0,0.0,0.0
2009-06-05 00:00:00-04:00,39.4353873516837,39.4353873516837,38.702288964462284,38.867401123046875,72400,0.0,0.0,0.0
2009-06-08 00:00:00-04:00,38.90703952356467,39.065548347431864,38.497561964408504,38.847599029541016,50500,0.0,0.0,0.0
2009-06-09 00:00:00-04:00,39.131579383086795,39.131579383086795,38.58340583810749,38.649452209472656,73000,0.0,0.0,0.0
2009-06-10 00:00:00-04:00,38.900429384144786,38.900429384144786,38.09468116504363,38.339046478271484,57900,0.0,0.0,0.0
2009-06-11 00:00:00-04:00,38.398483278416094,38.79475397150291,38.31262425033554,38.33243942260742,213200,0.0,0.0,0.0
2009-06-12 00:00:00-04:00,38.37866052590845,38.59660720825195,38.14089867650759,38.59660720825195,48600,0.0,0.0,0.0
2009-06-15 00:00:00-04:00,38.17393905631593,38.23337954741106,37.67199909105536,37.764461517333984,60000,0.0,0.0,0.0
2009-06-16 00:00:00-04:00,37.84370220139017,37.84370220139017,37.27571603342338,37.28232192993164,101300,0.0,0.0,0.0
2009-06-17 00:00:00-04:00,37.25591240617943,37.665389909471486,37.24270312937492,37.47386169433594,72100,0.0,0.0,0.0
2009-06-18 00:00:00-04:00,37.52669812928386,38.21356544045578,37.52669812928386,38.101287841796875,49100,0.0,0.0,0.0
2009-06-19 00:00:00-04:00,38.28621304995341,38.3786754675155,37.843711098090935,37.883338928222656,32900,0.0,0.0,0.0
2009-06-22 00:00:00-04:00,37.65878194034829,37.78426627557728,37.54650436090203,37.57952880859375,42800,0.0,0.0,0.0
2009-06-23 00:00:00-04:00,37.75785232769112,37.75785232769112,37.37479337800808,37.47386169433594,67400,0.0,0.0,0.0
2009-06-24 00:00:00-04:00,37.55971732055659,37.78426998206521,37.368189109979255,37.52009201049805,59800,0.0,0.0,0.0
2009-06-25 00:00:00-04:00,37.44743688402936,38.2003479002069,37.374787133448805,38.13430404663086,44500,0.0,0.0,0.0
2009-06-26 00:00:00-04:00,37.975803622719035,38.279609447041885,37.896550477115696,38.09468460083008,17800,0.0,0.0,0.0
2009-06-29 00:00:00-04:00,38.23997891679969,38.40509108393715,38.06826085210617,38.36546325683594,30900,0.0,0.0,0.0
2009-06-30 00:00:00-04:00,38.39849042515293,38.39849042515293,37.88994457865837,38.09468460083008,30300,0.0,0.0,0.0
2009-07-01 00:00:00-04:00,37.982397851122485,38.90042352079157,37.982397851122485,38.708892822265625,49000,0.0,0.0,0.0
2009-07-02 00:00:00-04:00,38.35886601475303,38.385282050967746,38.04184838605519,38.04845428466797,34200,0.0,0.0,0.0
2009-07-06 00:00:00-04:00,37.790876613656096,38.53718185424805,37.78427071557684,38.53718185424805,36800,0.0,0.0,0.0
2009-07-07 00:00:00-04:00,38.43811914619126,38.56360350624823,38.101288860619825,38.114498138427734,35800,0.0,0.0,0.0
2009-07-08 00:00:00-04:00,38.21356786309347,38.30603029172617,37.98240927209952,38.239986419677734,39700,0.0,0.0,0.0
2009-07-09 00:00:00-04:00,38.26640555784136,38.26640555784136,37.889949913951604,37.94939041137695,21000,0.0,0.0,0.0
2009-07-10 00:00:00-04:00,37.85690968191509,38.12109010268354,37.71161019855133,37.84370040893555,29900,0.0,0.0,0.0
2009-07-13 00:00:00-04:00,37.810690045758605,38.40509491450476,37.78427149172278,38.29942321777344,58900,0.0,0.0,0.0
2009-07-14 00:00:00-04:00,38.391871688700604,38.5635871887207,38.28620003036261,38.5635871887207,41400,0.0,0.0,0.0
2009-07-15 00:00:00-04:00,38.84758866250405,39.32311248779297,38.66926722802071,39.32311248779297,56100,0.0,0.0,0.0
2009-07-16 00:00:00-04:00,39.05233720246954,39.54106789049616,39.05233720246954,39.46841812133789,57200,0.0,0.0,0.0
2009-07-17 00:00:00-04:00,39.2702680794006,39.574073791503906,39.2702680794006,39.574073791503906,39100,0.0,0.0,0.0
2009-07-20 00:00:00-04:00,39.481617247664104,39.79863227932369,39.24385534406654,39.60049819946289,49500,0.0,0.0,0.0
2009-07-21 00:00:00-04:00,39.858070971049415,39.92411734098758,39.24385358738719,39.56087112426758,64500,0.0,0.0,0.0
2009-07-22 00:00:00-04:00,39.55425951286399,39.778812099388134,39.50142494395828,39.59388732910156,40500,0.0,0.0,0.0
2009-07-23 00:00:00-04:00,39.77881503849498,40.379823105743604,39.61370290442216,40.109039306640625,55600,0.0,0.0,0.0
2009-07-24 00:00:00-04:00,40.175083612075426,40.41944885253906,40.00997148646817,40.41944885253906,45000,0.0,0.0,0.0
2009-07-27 00:00:00-04:00,40.28737257755792,40.45248476025282,40.01658869871474,40.353416442871094,40100,0.0,0.0,0.0
2009-07-28 00:00:00-04:00,40.24113403270487,40.47229003857728,40.12885645884433,40.406246185302734,30900,0.0,0.0,0.0
2009-07-29 00:00:00-04:00,40.15528838229684,40.657230904245,40.15528838229684,40.498722076416016,33600,0.0,0.0,0.0
2009-07-30 00:00:00-04:00,40.9213920065319,41.11292269281174,40.644004821777344,40.644004821777344,59000,0.0,0.0,0.0
2009-07-31 00:00:00-04:00,40.564754756744875,41.00725666106332,40.564754756744875,40.617591857910156,58000,0.0,0.0,0.0
2009-08-03 00:00:00-04:00,40.710048669744246,40.974229100434464,40.3864302875306,40.644004821777344,56100,0.0,0.0,0.0
2009-08-04 00:00:00-04:00,40.597782255981116,40.94781925956887,40.538341772408494,40.7232666015625,25900,0.0,0.0,0.0
2009-08-05 00:00:00-04:00,40.65061530927393,40.65061530927393,40.26095049152326,40.340206146240234,29000,0.0,0.0,0.0
2009-08-06 00:00:00-04:00,40.406254081416414,40.49211312298093,39.957148737033975,40.06282043457031,26500,0.0,0.0,0.0
2009-08-07 00:00:00-04:00,40.247743876818426,40.41285605594464,40.10905025101126,40.26755905151367,25300,0.0,0.0,0.0
2009-08-10 00:00:00-04:00,40.16187887173915,40.379825592041016,40.10904177626513,40.379825592041016,67800,0.0,0.0,0.0
2009-08-11 00:00:00-04:00,40.32038572341278,40.386432093744794,40.181692124832665,40.21471405029297,45700,0.0,0.0,0.0
2009-08-12 00:00:00-04:00,40.122246083471055,40.51851417282733,40.10903681123771,40.241127014160156,68600,0.0,0.0,0.0
2009-08-13 00:00:00-04:00,40.406252657065615,40.406252657065615,40.056215643705315,40.3996467590332,70100,0.0,0.0,0.0
2009-08-14 00:00:00-04:00,40.419448410193795,40.56474536593853,40.02978369724866,40.241127014160156,26800,0.0,0.0,0.0
2009-08-17 00:00:00-04:00,39.626924869023675,40.11565805094959,39.19102879624089,39.90431213378906,38900,0.0,0.0,0.0
2009-08-18 00:00:00-04:00,39.864675942270246,40.14206313133665,39.78542281959575,40.00997543334961,29800,0.0,0.0,0.0
2009-08-19 00:00:00-04:00,39.924119607571576,40.38643414573978,39.86467913095835,40.30717849731445,20700,0.0,0.0,0.0
2009-08-20 00:00:00-04:00,40.39304200340006,40.597782005422566,40.234533208380725,40.5383415222168,29100,0.0,0.0,0.0
2009-08-21 00:00:00-04:00,40.736471716565255,41.106323856504254,40.7100531666957,41.00725555419922,39200,0.0,0.0,0.0
2009-08-24 00:00:00-04:00,40.901582991084965,41.2119946468216,40.835539137248524,40.98744201660156,67700,0.0,0.0,0.0
2009-08-25 00:00:00-04:00,40.96762759275428,41.344083109199275,40.92139639034256,41.013858795166016,62600,0.0,0.0,0.0
2009-08-26 00:00:00-04:00,40.68363764207593,41.31106439136979,40.68363764207593,41.17897415161133,35700,0.0,0.0,0.0
2009-08-27 00:00:00-04:00,41.07989693285984,41.165755942728495,40.82892579908051,41.112918853759766,40600,0.0,0.0,0.0
2009-08-28 00:00:00-04:00,41.37050241822435,41.37050241822435,40.79591280669668,40.90818786621094,25200,0.0,0.0,0.0
2009-08-31 00:00:00-04:00,40.47229778029133,40.99405288696289,40.47229778029133,40.99405288696289,32200,0.0,0.0,0.0
2009-09-01 00:00:00-04:00,40.82893433434606,41.15255527340464,40.478897364691925,40.5977783203125,69800,0.0,0.0,0.0
2009-09-02 00:00:00-04:00,40.45248363213266,40.736476780001,40.379833870667014,40.610992431640625,28500,0.0,0.0,0.0
2009-09-03 00:00:00-04:00,40.88178023373078,40.88178023373078,40.52513729010544,40.80252456665039,23700,0.0,0.0,0.0
2009-09-04 00:00:00-04:00,40.87516444163334,41.132738998770634,40.78270203849805,41.119529724121094,38300,0.0,0.0,0.0
2009-09-08 00:00:00-04:00,41.37049600968056,41.482773571213954,41.192174602123686,41.443145751953125,57900,0.0,0.0,0.0
2009-09-09 00:00:00-04:00,41.535619878915746,41.542225777031156,41.278045279477716,41.495994567871094,34100,0.0,0.0,0.0
2009-09-10 00:00:00-04:00,41.60825684083357,41.79978751666434,41.52239782763164,41.76676559448242,25300,0.0,0.0,0.0
2009-09-11 00:00:00-04:00,41.879050456132056,42.00453479761903,41.786588044572,41.918678283691406,28200,0.0,0.0,0.0
2009-09-14 00:00:00-04:00,41.69412272038958,41.97811583286331,41.628076345737796,41.87244415283203,36100,0.0,0.0,0.0
2009-09-15 00:00:00-04:00,41.852640824551514,41.925290597521744,41.51581303644951,41.65450668334961,649700,0.0,0.0,0.0
2009-09-16 00:00:00-04:00,41.68091912568234,41.97151565551758,41.56203815451975,41.97151565551758,32400,0.0,0.0,0.0
2009-09-17 00:00:00-04:00,41.964911127938024,42.123417405540586,41.84603016003018,41.89886474609375,41100,0.0,0.0,0.0
2009-09-18 00:00:00-04:00,42.14983685663252,42.433830006086126,42.103605648062114,42.31494903564453,25600,0.0,0.0,0.0
2009-09-21 00:00:00-04:00,42.07717672629921,42.34796305178843,42.050758179508364,42.26210403442383,25000,0.0,0.0,0.0
2009-09-22 00:00:00-04:00,42.46023529286007,42.46023529286007,42.11680176549007,42.27531051635742,60600,0.0,0.0,0.0
2009-09-23 00:00:00-04:00,42.3149519693874,42.72443201570347,42.26872075761173,42.29513931274414,15800,0.0,0.0,0.0
2009-09-24 00:00:00-04:00,42.36777246335628,42.43381630587336,41.98471112240617,42.096988677978516,40300,0.0,0.0,0.0
2009-09-25 00:00:00-04:00,42.044165417829376,42.20927759784275,41.93849372339729,41.97151565551758,37500,0.0,0.0,0.0
2009-09-28 00:00:00-04:00,42.017742693356034,42.40740750028287,42.017742693356034,42.18946075439453,19600,0.0,0.0,0.0
2009-09-29 00:00:00-04:00,42.42061383170358,42.54609563349623,42.32154553852422,42.40740203857422,53300,0.0,0.0,0.0
2009-09-30 00:00:00-04:00,42.460249972823696,42.53289973711328,42.004538731157,42.44043731689453,26100,0.0,0.0,0.0
2009-10-01 00:00:00-04:00,42.328158993188545,42.328158993188545,41.94510001901293,42.01774978637695,30500,0.0,0.0,0.0
2009-10-02 00:00:00-04:00,41.76677401862542,42.30173833575227,41.76677401862542,42.18946075439453,41700,0.0,0.0,0.0
2009-10-05 00:00:00-04:00,42.24890810096847,42.33476462603067,41.87245250827396,42.29513931274414,57700,0.0,0.0,0.0
2009-10-06 00:00:00-04:00,42.4470293273829,42.78385952443159,42.4470293273829,42.70460891723633,55600,0.0,0.0,0.0
2009-10-07 00:00:00-04:00,42.691400655061095,42.8565128188071,42.65177534818553,42.84990692138672,29100,0.0,0.0,0.0
2009-10-08 00:00:00-04:00,43.14711087244931,43.16031762817073,42.856511858345506,43.10087966918945,37500,0.0,0.0,0.0
2009-10-09 00:00:00-04:00,43.114091994377816,43.23297296652063,43.00181692036068,43.2065544128418,23900,0.0,0.0,0.0
2009-10-12 00:00:00-04:00,43.34525036233599,43.49715579442018,43.21976852416992,43.21976852416992,12800,0.0,0.0,0.0
2009-10-13 00:00:00-04:00,43.22635534012316,43.23956713278988,43.054642346036125,43.15370559692383,44900,0.0,0.0,0.0
2009-10-14 00:00:00-04:00,43.43110247955487,43.46412188712225,43.226359981815584,43.378265380859375,39400,0.0,0.0,0.0
2009-10-15 00:00:00-04:00,43.173524695652944,43.748111724853516,43.173524695652944,43.748111724853516,33900,0.0,0.0,0.0
2009-10-16 00:00:00-04:00,43.569793379180076,44.02550450919238,43.569793379180076,43.85378646850586,46500,0.0,0.0,0.0
2009-10-19 00:00:00-04:00,43.93304698020073,44.33592110565094,43.93304698020073,44.197227478027344,24400,0.0,0.0,0.0
2009-10-20 00:00:00-04:00,44.13118185858236,44.276481378550955,43.96606968385871,44.091556549072266,174700,0.0,0.0,0.0
2009-10-21 00:00:00-04:00,44.00568804351542,44.34251823762642,43.71509408829565,43.72169494628906,176200,0.0,0.0,0.0
2009-10-22 00:00:00-04:00,43.6424378937395,43.95284949355998,43.42448868039889,43.79433822631836,32300,0.0,0.0,0.0
2009-10-23 00:00:00-04:00,43.85378595136363,43.85378595136363,43.2065441372225,43.345237731933594,42900,0.0,0.0,0.0
2009-10-26 00:00:00-04:00,43.37827458154175,43.688686303688364,42.92916922501935,43.03484344482422,56700,0.0,0.0,0.0
2009-10-27 00:00:00-04:00,43.107475825456184,43.25938121321051,42.83008863615457,43.08106231689453,91300,0.0,0.0,0.0
2009-10-28 00:00:00-04:00,42.909347874024824,43.226360391556625,42.816885469842795,42.823486328125,64800,0.0,0.0,0.0
2009-10-29 00:00:00-04:00,43.12068151251495,43.5895993248356,43.05463767281747,43.53676223754883,49300,0.0,0.0,0.0
2009-10-30 00:00:00-04:00,43.4178848037822,43.58960283186892,42.75083541870117,42.75083541870117,84200,0.0,0.0,0.0
2009-11-02 00:00:00-05:00,42.902738996906685,43.24617507900479,42.83008925026373,43.18012619018555,39400,0.0,0.0,0.0
2009-11-03 00:00:00-05:00,42.955586085998796,43.285810451630255,42.72443003782156,42.98860549926758,68500,0.0,0.0,0.0
2009-11-04 00:00:00-05:00,43.15371029718288,43.49714640040874,43.00841583378141,43.107479095458984,48400,0.0,0.0,0.0
2009-11-05 00:00:00-05:00,42.915953364331436,43.39807803316442,42.75744206824494,43.378265380859375,42600,0.0,0.0,0.0
2009-11-06 00:00:00-05:00,43.140524677624114,43.52358627319336,43.133918777334834,43.52358627319336,28600,0.0,0.0,0.0
2009-11-09 00:00:00-05:00,43.741506772151624,44.11135632311125,43.60941404765016,44.09814453125,37400,0.0,0.0,0.0
2009-11-10 00:00:00-05:00,44.16419982910156,44.37554318018571,44.051919737257684,44.16419982910156,79700,0.0,0.0,0.0
2009-11-11 00:00:00-05:00,44.355731691147085,44.42177554531295,44.16420098688992,44.302894592285156,120200,0.0,0.0,0.0
2009-11-12 00:00:00-05:00,44.28969732987913,44.47462219774777,43.97928557074617,44.01231002807617,58100,0.0,0.0,0.0
2009-11-13 00:00:00-05:00,44.131183865723976,44.3953643650618,43.94625902783467,44.31610870361328,103300,0.0,0.0,0.0
2009-11-16 00:00:00-05:00,44.401949153609465,44.80481805100808,44.401949153609465,44.692543029785156,135100,0.0,0.0,0.0
2009-11-17 00:00:00-05:00,44.61990527589733,44.81143597229102,44.593486727551,44.7982292175293,125400,0.0,0.0,0.0
2009-11-18 00:00:00-05:00,44.71237032682423,44.818044526475255,44.487820210800564,44.7916259765625,49600,0.0,0.0,0.0
2009-11-19 00:00:00-05:00,44.5604717392715,44.626515597273915,44.24345416650715,44.56707763671875,44900,0.0,0.0,0.0
2009-11-20 00:00:00-05:00,44.46799703805471,44.71235974899704,44.45478524681232,44.61329650878906,38600,0.0,0.0,0.0
2009-11-23 00:00:00-05:00,45.01619045596025,45.201115304831276,44.78502935604724,45.03600311279297,46000,0.0,0.0,0.0
2009-11-24 00:00:00-05:00,44.96336271272351,45.13507580026411,44.798250486286214,45.07563781738281,45700,0.0,0.0,0.0
2009-11-25 00:00:00-05:00,45.04919371968101,45.14826200715009,45.002962524038416,45.01617431640625,31100,0.0,0.0,0.0
2009-11-27 00:00:00-05:00,44.25005979184751,44.745396282054756,42.95558103543137,44.580284118652344,42000,0.0,0.0,0.0
2009-11-30 00:00:00-05:00,44.59347795040861,44.67273357984804,44.21702252850963,44.38874053955078,31300,0.0,0.0,0.0
2009-12-01 00:00:00-05:00,44.61332246534384,45.07563465136635,44.61332246534384,44.976566314697266,38100,0.0,0.0,0.0
2009-12-02 00:00:00-05:00,44.9765557532867,45.181298278011745,44.94353634136725,44.996368408203125,49400,0.0,0.0,0.0
2009-12-03 00:00:00-05:00,45.06242003552037,45.088833551124196,44.6595458984375,44.6595458984375,28700,0.0,0.0,0.0
2009-12-04 00:00:00-05:00,45.07561580911811,45.253934709522696,44.69916031819927,44.963340759277344,31300,0.0,0.0,0.0
2009-12-07 00:00:00-05:00,44.936924865149166,45.08222436826427,44.85106835822801,45.02278137207031,34300,0.0,0.0,0.0
2009-12-08 00:00:00-05:00,44.77182045931982,44.77182045931982,44.34913367099657,44.48782730102539,39200,0.0,0.0,0.0
2009-12-09 00:00:00-05:00,44.36233193776627,44.52084323216666,44.217032437310756,44.4680061340332,31500,0.0,0.0,0.0
2009-12-10 00:00:00-05:00,44.824639819269386,44.87747186777298,44.58687796512627,44.61329650878906,34100,0.0,0.0,0.0
2009-12-11 00:00:00-05:00,44.75859887789833,45.03599111613755,44.725579471580886,44.86427307128906,32700,0.0,0.0,0.0
2009-12-14 00:00:00-05:00,45.05580111335801,45.220913251686746,44.910501625417105,45.00296401977539,46900,0.0,0.0,0.0
2009-12-15 00:00:00-05:00,44.86427572911679,44.930319584487094,44.758601529465764,44.7916259765625,34200,0.0,0.0,0.0
2009-12-16 00:00:00-05:00,44.86428516620108,45.04260411709214,44.652941761266675,44.69917297363281,22700,0.0,0.0,0.0
2009-12-17 00:00:00-05:00,44.43499327421371,44.47461858873442,44.11137478170449,44.131187438964844,41600,0.0,0.0,0.0
2009-12-18 00:00:00-05:00,44.461398852896785,44.461398852896785,43.569794264649666,44.00568771362305,128500,0.0,0.0,0.0
2009-12-21 00:00:00-05:00,44.11137816246312,44.59350298883023,44.09156550368429,44.415184020996094,50700,0.0,0.0,0.0
2009-12-22 00:00:00-05:00,44.63755217278227,44.759587006626525,44.407044804688546,44.60365676879883,80300,1.738,0.0,0.0
2009-12-23 00:00:00-05:00,44.766364001712745,44.80026457505167,44.55619493001497,44.77992630004883,65700,0.0,0.0,0.0
2009-12-24 00:00:00-05:00,44.83416356084343,44.93586011649062,44.77992988066639,44.89518356323242,13500,0.0,0.0,0.0
2009-12-28 00:00:00-05:00,45.098565008865926,45.11890845506772,44.88839595062249,45.0172119140625,47600,0.0,0.0,0.0
2009-12-29 00:00:00-05:00,45.11890411376953,45.21381949690815,45.07144642220022,45.11890411376953,62400,0.0,0.0,0.0
2009-12-30 00:00:00-05:00,44.942620840466425,45.13245156606512,44.93583969383809,45.07821273803711,55800,0.0,0.0,0.0
2009-12-31 00:00:00-05:00,45.16637443182096,45.803662872123056,44.53586196899414,44.53586196899414,44100,0.0,0.0,0.0
2010-01-04 00:00:00-05:00,44.62400391568618,45.098581045801,44.610446785898375,44.990108489990234,85000,0.0,0.0,0.0
2010-01-05 00:00:00-05:00,44.91551568138122,45.051107621985,44.80026201461791,45.03076934814453,72900,0.0,0.0,0.0
2010-01-06 00:00:00-05:00,44.83415088569956,45.04432508728548,44.81381261482033,45.02398681640625,42800,0.0,0.0,0.0
2010-01-07 00:00:00-05:00,45.017205668613094,45.030762791699175,44.7324595313034,45.02398681640625,26100,0.0,0.0,0.0
2010-01-08 00:00:00-05:00,44.95619479840767,44.95619479840767,44.6036526291887,44.77992630004883,65800,0.0,0.0,0.0
2010-01-11 00:00:00-05:00,44.88160558765242,44.990083255121014,44.50872524385388,44.93584442138672,51600,0.0,0.0,0.0
2010-01-12 00:00:00-05:00,44.87483998434695,45.13924789428711,44.87483998434695,45.13924789428711,38900,0.0,0.0,0.0
2010-01-13 00:00:00-05:00,45.15957594338228,45.53246146143299,45.15957594338228,45.45110321044922,66300,0.0,0.0,0.0
2010-01-14 00:00:00-05:00,45.41720719423246,45.48500315725817,45.3019535398387,45.423988342285156,45400,0.0,0.0,0.0
2010-01-15 00:00:00-05:00,45.40365506006444,45.48500815563507,45.003650041005194,45.16636657714844,38000,0.0,0.0,0.0
2010-01-19 00:00:00-05:00,45.15957594338228,45.48499860231753,45.146013648635034,45.45110321044922,39200,0.0,0.0,0.0
2010-01-20 00:00:00-05:00,45.23415638125227,45.23415638125227,44.746017184368206,45.11212158203125,28400,0.0,0.0,0.0
2010-01-21 00:00:00-05:00,45.220591414255814,45.24771083164742,44.366353042670156,44.41381072998047,35500,0.0,0.0,0.0
2010-01-22 00:00:00-05:00,44.31889702328008,44.617200280814274,44.190081078947024,44.244319915771484,150900,0.0,0.0,0.0
2010-01-25 00:00:00-05:00,44.36635524794605,44.64432023815158,44.12228565178985,44.332454681396484,56700,0.0,0.0,0.0
2010-01-26 00:00:00-05:00,44.20364370414105,44.427375054515736,44.074832916274474,44.26466369628906,35300,0.0,0.0,0.0
2010-01-27 00:00:00-05:00,44.40026136002805,44.40026136002805,44.00026147518616,44.35958480834961,52200,0.0,0.0,0.0
2010-01-28 00:00:00-05:00,44.630767169076975,44.73923968138828,44.2104238991815,44.21720504760742,43900,0.0,0.0,0.0
2010-01-29 00:00:00-05:00,44.42736554424169,44.65109684672369,44.08838060320826,44.10871887207031,37400,0.0,0.0,0.0
2010-02-01 00:00:00-05:00,44.35958046631341,44.46127700805664,44.0816102637153,44.46127700805664,36500,0.0,0.0,0.0
2010-02-02 00:00:00-05:00,44.562967043976165,45.05788221037156,44.41381282752817,45.02398681640625,41000,0.0,0.0,0.0
2010-02-03 00:00:00-05:00,44.80703842751741,45.13924747848552,44.651108211553705,44.800262451171875,142700,0.0,0.0,0.0
2010-02-04 00:00:00-05:00,44.46805147888073,44.46805147888073,43.735847782620226,43.74940490722656,51100,0.0,0.0,0.0
2010-02-05 00:00:00-05:00,43.66804981462437,43.73584577955265,43.234146845832456,43.71550750732422,64800,0.0,0.0,0.0
2010-02-08 00:00:00-05:00,43.74940172498402,43.95957076235015,43.59347152709961,43.59347152709961,64200,0.0,0.0,0.0
2010-02-09 00:00:00-05:00,43.9121220742102,44.373141959326645,43.7900872466058,44.16975402832031,23300,0.0,0.0,0.0
2010-02-10 00:00:00-05:00,44.027378907389824,44.162970855180795,43.85110523726057,44.12907028198242,17600,0.0,0.0,0.0
2010-02-11 00:00:00-05:00,43.98668210064885,44.55617946557529,43.87142846730046,44.5155029296875,61500,0.0,0.0,0.0
2010-02-12 00:00:00-05:00,44.244320362334804,44.52906649978695,44.07482787492278,44.39347457885742,29300,0.0,0.0,0.0
2010-02-16 00:00:00-05:00,44.59009650934352,44.969763327842024,44.53586282598829,44.962982177734375,45000,0.0,0.0,0.0
2010-02-17 00:00:00-05:00,45.04432912524514,45.30873701537822,45.01042855574062,45.28839874267578,33700,0.0,0.0,0.0
2010-02-18 00:00:00-05:00,45.24094767737357,45.62739043284185,45.213828252296665,45.620609283447266,89000,0.0,0.0,0.0
2010-02-19 00:00:00-05:00,45.61381934239539,45.803650108844046,45.39686915609685,45.68839645385742,32200,0.0,0.0,0.0
2010-02-22 00:00:00-05:00,45.823998601072006,45.823998601072006,45.54603353748999,45.62739181518555,121000,0.0,0.0,0.0
2010-02-23 00:00:00-05:00,45.6273905586472,45.64094768497231,45.220604353873554,45.36975860595703,47700,0.0,0.0,0.0
2010-02-24 00:00:00-05:00,45.50534925716239,45.681617736816406,45.35619502630075,45.681617736816406,24400,0.0,0.0,0.0
2010-02-25 00:00:00-05:00,45.13924242627373,45.68839645385742,45.071446462899274,45.68839645385742,34800,0.0,0.0,0.0
2010-02-26 00:00:00-05:00,45.62737683466409,45.63415280953781,45.29516785585531,45.45110321044922,25700,0.0,0.0,0.0
2010-03-01 00:00:00-05:00,45.579924166158996,45.76975493352058,45.49856590621812,45.76297378540039,52000,0.0,0.0,0.0
2010-03-02 00:00:00-05:00,45.90535544208238,46.10196739431714,45.84434061509648,46.00027084350586,133900,0.0,0.0,0.0
2010-03-03 00:00:00-05:00,46.04094483932409,46.18331791756188,45.95280542958124,46.061283111572266,58100,0.0,0.0,0.0
2010-03-04 00:00:00-05:00,46.08840738781879,46.3528152999035,46.08840738781879,46.23755645751953,33900,0.0,0.0,0.0
2010-03-05 00:00:00-05:00,46.42062184485296,46.51553726196289,46.224009860124596,46.51553726196289,36800,0.0,0.0,0.0
2010-03-08 00:00:00-05:00,46.495197209625715,46.54265491637065,46.28502293189632,46.35960006713867,51600,0.0,0.0,0.0
2010-03-09 00:00:00-05:00,46.29178958173471,46.501958621128786,46.24433188985539,46.33246612548828,37900,0.0,0.0,0.0
2010-03-10 00:00:00-05:00,46.318914727584485,46.318914727584485,46.122302787636684,46.23755645751953,29800,0.0,0.0,0.0
2010-03-11 00:00:00-05:00,46.16297586248995,46.29179182060698,45.952806812931186,46.257896423339844,30900,0.0,0.0,0.0
2010-03-12 00:00:00-05:00,46.45450157694961,46.45450157694961,46.29857137538653,46.36636734008789,20000,0.0,0.0,0.0
2010-03-15 00:00:00-04:00,46.33925046883179,46.69857375676591,46.33925046883179,46.68501663208008,34400,0.0,0.0,0.0
2010-03-16 00:00:00-04:00,46.72570172502417,46.92231369018555,46.67824402119224,46.92231369018555,53900,0.0,0.0,0.0
2010-03-17 00:00:00-04:00,46.956208005759414,47.139257646845856,46.90196915932599,47.118919372558594,20300,0.0,0.0,0.0
2010-03-18 00:00:00-04:00,47.179923159172276,47.179923159172276,47.023992977777475,47.07823181152344,28400,0.0,0.0,0.0
2010-03-19 00:00:00-04:00,46.969757080078125,47.22738897022591,46.779926322600936,46.969757080078125,87100,0.0,0.0,0.0
2010-03-22 00:00:00-04:00,46.79348536787341,47.295186873244276,46.78670939232816,47.2545051574707,59000,0.0,0.0,0.0
2010-03-23 00:00:00-04:00,47.24094660329621,47.715523502112944,47.22060833227553,47.68840408325195,41900,0.0,0.0,0.0
2010-03-24 00:00:00-04:00,47.55281360147496,47.60027129279378,47.24094803387979,47.2545051574707,175400,0.0,0.0,0.0
2010-03-25 00:00:00-04:00,47.49858255629316,47.5189208312671,47.18671693752304,47.200279235839844,237300,0.0,0.0,0.0
2010-03-26 00:00:00-04:00,47.29519940311049,47.36977653386919,47.112144564883934,47.24774169921875,29600,0.0,0.0,0.0
2010-03-29 00:00:00-04:00,47.41044045247353,47.55281352620464,47.3087439219512,47.50535583496094,33800,0.0,0.0,0.0
2010-03-30 00:00:00-04:00,47.59348785876471,47.688403236843435,47.423995373266976,47.58671188354492,52500,0.0,0.0,0.0
2010-03-31 00:00:00-04:00,47.47145907945134,47.4918025251898,47.30196657246994,47.315528869628906,34200,0.0,0.0,0.0
2010-04-01 00:00:00-04:00,47.44433712561528,47.61382960507268,47.38331714331062,47.56637191772461,25400,0.0,0.0,0.0
2010-04-05 00:00:00-04:00,47.735866098382964,47.735866098382964,47.48501535774625,47.58671188354492,30500,0.0,0.0,0.0
2010-04-06 00:00:00-04:00,47.437552020936046,47.51890509388921,47.390094337546856,47.43077087402344,36000,0.0,0.0,0.0
2010-04-07 00:00:00-04:00,47.3697745071207,47.3697745071207,47.07146599684923,47.20705795288086,32300,0.0,0.0,0.0
2010-04-08 00:00:00-04:00,47.064672704090995,47.26806575816236,47.03077731007926,47.23416519165039,22100,0.0,0.0,0.0
2010-04-09 00:00:00-04:00,47.1934861685611,47.49857056112759,47.1934861685611,47.49179458618164,44900,0.0,0.0,0.0
2010-04-12 00:00:00-04:00,47.46467782113699,47.6070508904569,47.430777254513096,47.559593200683594,26700,0.0,0.0,0.0
2010-04-13 00:00:00-04:00,47.49859057902911,47.60706829388091,47.254520893114716,47.53927230834961,38400,0.0,0.0,0.0
2010-04-14 00:00:00-04:00,47.478255226792506,47.620628356933594,47.32232496771045,47.620628356933594,95900,0.0,0.0,0.0
2010-04-15 00:00:00-04:00,47.49181460122748,47.54604828615124,47.34266032955733,47.53927230834961,35600,0.0,0.0,0.0
2010-04-16 00:00:00-04:00,47.43076990776419,47.71551600229849,47.24093917807465,47.3833122253418,45700,0.0,0.0,0.0
2010-04-19 00:00:00-04:00,47.32907670273303,47.48501205444336,47.17992249827093,47.48501205444336,163400,0.0,0.0,0.0
2010-04-20 00:00:00-04:00,47.539256842887745,47.654510498046875,47.47145570691136,47.654510498046875,80100,0.0,0.0,0.0
2010-04-21 00:00:00-04:00,47.62738842486433,47.71552265522309,47.491796505466205,47.58671188354492,36200,0.0,0.0,0.0
2010-04-22 00:00:00-04:00,47.43077206924357,47.573145122998845,47.240941330903205,47.55280685424805,88500,0.0,0.0,0.0
2010-04-23 00:00:00-04:00,47.52569410656532,47.546032378169706,47.234166811068185,47.50535583496094,26800,0.0,0.0,0.0
2010-04-26 00:00:00-04:00,47.546026632210214,47.64094200322705,47.39687760096932,47.41043472290039,47000,0.0,0.0,0.0
2010-04-27 00:00:00-04:00,47.186697022985165,47.28161238113995,46.542627782292115,46.596866607666016,68200,0.0,0.0,0.0
2010-04-28 00:00:00-04:00,46.712133939504945,47.01043722159789,46.603656256925255,46.89518356323242,48700,0.0,0.0,0.0
2010-04-29 00:00:00-04:00,47.05790316847981,47.2884105003045,46.88162950899562,47.11213684082031,32100,0.0,0.0,0.0
2010-04-30 00:00:00-04:00,47.39688872748553,47.39688872748553,46.82061004638672,46.82061004638672,55800,0.0,0.0,0.0
2010-05-03 00:00:00-04:00,46.86130168148786,47.20028677856097,46.80028167431361,47.06468963623047,50400,0.0,0.0,0.0
2010-05-04 00:00:00-04:00,46.73926152510565,46.96976888210428,46.549430719929944,46.60366439819336,86100,0.0,0.0,0.0
2010-05-05 00:00:00-04:00,46.53586239803177,46.854509139407554,46.53586239803177,46.68501663208008,45000,0.0,0.0,0.0
2010-05-06 00:00:00-04:00,46.712142886437526,46.712142886437526,20.339103854254226,45.49179458618164,299200,0.0,0.0,0.0
2010-05-07 00:00:00-04:00,45.207043124933755,45.58670469759935,44.813819254672396,45.16636657714844,214400,0.0,0.0,0.0
2010-05-10 00:00:00-04:00,46.90873791727775,46.90873791727775,45.84432540656736,46.44093704223633,106200,0.0,0.0,0.0
2010-05-11 00:00:00-04:00,46.36638036346707,46.83418144455329,46.244345523727276,46.44773864746094,45600,0.0,0.0,0.0
2010-05-12 00:00:00-04:00,46.59009028412598,46.88839868206263,46.46805550065186,46.83415985107422,56200,0.0,0.0,0.0
2010-05-13 00:00:00-04:00,46.84094693753976,47.04434001574696,46.62399673461914,46.62399673461914,37000,0.0,0.0,0.0
2010-05-14 00:00:00-04:00,46.37992579511997,46.52229886095098,45.98670199091998,46.17653274536133,31300,0.0,0.0,0.0
2010-05-17 00:00:00-04:00,46.23756034612264,46.617227132521485,46.02739126307258,46.56298828125,75400,0.0,0.0,0.0
2010-05-18 00:00:00-04:00,46.868065084162154,46.98332391734376,46.35281159905904,46.37314987182617,81500,0.0,0.0,0.0
2010-05-19 00:00:00-04:00,46.101955862689685,46.3731448728526,45.90534395963408,46.2511100769043,58300,0.0,0.0,0.0
2010-05-20 00:00:00-04:00,45.4036568877901,45.525691708559556,44.74602508544922,44.74602508544922,111400,0.0,0.0,0.0
2010-05-21 00:00:00-04:00,43.53923311072254,44.942630767822266,43.53923311072254,44.942630767822266,225300,0.0,0.0,0.0
2010-05-24 00:00:00-04:00,44.69855592028552,44.949406646543714,44.5358445918342,44.556182861328125,88100,0.0,0.0,0.0
2010-05-25 00:00:00-04:00,43.87822771547135,44.156192779541016,43.532461500285635,44.156192779541016,60700,0.0,0.0,0.0
2010-05-26 00:00:00-04:00,44.44771482635667,44.50873482056207,43.823983621706994,43.83076477050781,83400,0.0,0.0,0.0
2010-05-27 00:00:00-04:00,44.447707333769316,44.73923461304969,44.237538308881184,44.725677490234375,335400,0.0,0.0,0.0
2010-05-28 00:00:00-04:00,44.77993345036538,44.854510585618236,44.495182037353516,44.495182037353516,42200,0.0,0.0,0.0
2010-06-01 00:00:00-04:00,44.047708764709604,44.93584774976831,44.047708764709604,44.40703201293945,57200,0.0,0.0,0.0
2010-06-02 00:00:00-04:00,44.52907201653227,45.17314147949219,44.468052023804,45.17314147949219,28500,0.0,0.0,0.0
2010-06-03 00:00:00-04:00,45.36296725015936,45.36296725015936,44.99008174636576,45.24093246459961,41300,0.0,0.0,0.0
2010-06-04 00:00:00-04:00,44.562974310026334,44.6307702815114,43.93246194746317,44.05449676513672,24200,0.0,0.0,0.0
2010-06-07 00:00:00-04:00,44.061271364666,44.28500271882631,43.668052673339844,43.668052673339844,53900,0.0,0.0,0.0
2010-06-08 00:00:00-04:00,43.66127788112615,44.31890974197528,43.66127788112615,44.30534744262695,54300,0.0,0.0,0.0
2010-06-09 00:00:00-04:00,44.48839504666375,44.73924064632553,44.1900865794975,44.26466369628906,28200,0.0,0.0,0.0
2010-06-10 00:00:00-04:00,44.874835850270244,45.01720892923726,44.739238747086944,44.92906951904297,15900,0.0,0.0,0.0
2010-06-11 00:00:00-04:00,44.69856802753617,44.77992630004883,44.393483557490924,44.77992630004883,22500,0.0,0.0,0.0
2010-06-14 00:00:00-04:00,45.15957263326623,45.20703031640322,44.908721923828125,44.908721923828125,46000,0.0,0.0,0.0
2010-06-15 00:00:00-04:00,45.308725618725035,45.47821807861328,45.132452012141435,45.47821807861328,53400,0.0,0.0,0.0
2010-06-16 00:00:00-04:00,45.22738447600063,45.329081024884125,45.11891195035922,45.19348907470703,36100,0.0,0.0,0.0
2010-06-17 00:00:00-04:00,45.471446899791985,45.53924286410908,45.132461905706016,45.532466888427734,18800,0.0,0.0,0.0
2010-06-18 00:00:00-04:00,45.6680596496814,45.75619388765043,45.44432830810547,45.44432830810547,19700,0.0,0.0,0.0
2010-06-21 00:00:00-04:00,45.95280967447,45.95280967447,45.13246652551086,45.25450134277344,49900,0.0,0.0,0.0
2010-06-22 00:00:00-04:00,45.24094327432873,45.39009233898367,44.80026171159569,44.8273811340332,23900,0.0,0.0,0.0
2010-06-23 00:00:00-04:00,44.80025842742608,45.01720861852134,44.72568131431515,44.91551208496094,14200,0.0,0.0,0.0
2010-06-24 00:00:00-04:00,44.70534833972207,44.813820861873495,44.420596977509575,44.48161697387695,31300,0.0,0.0,0.0
2010-06-25 00:00:00-04:00,44.461272089955855,44.501948633153305,44.00703344924963,44.08838653564453,24700,0.0,0.0,0.0
2010-06-28 00:00:00-04:00,44.271440400910706,44.54262424656689,44.00025138275422,44.420589447021484,46700,0.0,0.0,0.0
2010-06-29 00:00:00-04:00,43.898562448547494,44.08161209328184,43.55279626127018,43.66127395629883,34000,0.0,0.0,0.0
2010-06-30 00:00:00-04:00,43.62738465395625,43.70874294624543,43.23416325289696,43.329078674316406,56300,0.0,0.0,0.0
2010-07-01 00:00:00-04:00,43.268033124456174,43.47820211063407,42.96972733871197,43.3832893371582,65700,0.0,0.0,0.0
2010-07-02 00:00:00-04:00,43.53923009621805,43.53923009621805,43.1460062921304,43.27482223510742,24000,0.0,0.0,0.0
2010-07-06 00:00:00-04:00,43.53246043618576,43.8578883670826,43.22059480418125,43.464664459228516,35200,0.0,0.0,0.0
2010-07-07 00:00:00-04:00,43.55278883942507,44.37313187140479,43.45787345870017,44.366355895996094,27300,0.0,0.0,0.0
2010-07-08 00:00:00-04:00,44.68500288099044,45.01042556762695,44.59008232717942,45.01042556762695,21700,0.0,0.0,0.0
2010-07-09 00:00:00-04:00,44.96296809795636,45.08500289916992,44.874833864163385,45.08500289916992,16900,0.0,0.0,0.0
2010-07-12 00:00:00-04:00,45.098561289711654,45.159581278283014,44.962969361220544,45.146018981933594,30000,0.0,0.0,0.0
2010-07-13 00:00:00-04:00,45.56636428833008,45.66127967704846,45.30873754359459,45.56636428833008,83400,0.0,0.0,0.0
2010-07-14 00:00:00-04:00,45.44432451672586,45.65449354415658,45.349409138370035,45.6341552734375,25500,0.0,0.0,0.0
2010-07-15 00:00:00-04:00,45.7087287902832,45.79008703926835,45.34262442859971,45.7087287902832,16600,0.0,0.0,0.0
2010-07-16 00:00:00-04:00,45.72229772777703,45.810431964274635,45.01720831829464,45.0917854309082,17400,0.0,0.0,0.0
2010-07-19 00:00:00-04:00,45.26805316405848,45.281615460221396,44.98330701464261,45.11890411376953,29600,0.0,0.0,0.0
2010-07-20 00:00:00-04:00,44.87483923029687,45.74264006603141,44.87483923029687,45.73585891723633,129600,0.0,0.0,0.0
2010-07-21 00:00:00-04:00,45.91212850795461,45.91212850795461,45.15280025775642,45.2816162109375,14800,0.0,0.0,0.0
2010-07-22 00:00:00-04:00,45.81044198626516,45.905357391719775,45.64094945188169,45.71552658081055,16800,0.0,0.0,0.0
2010-07-23 00:00:00-04:00,45.62059740853267,46.291786193847656,45.58669684288541,46.291786193847656,17600,0.0,0.0,0.0
2010-07-26 00:00:00-04:00,46.407042940202366,46.51552061951788,46.244331593729534,46.50873947143555,75300,0.0,0.0,0.0
2010-07-27 00:00:00-04:00,46.69858021003905,46.76638136034014,46.55620710490954,46.7528190612793,32100,0.0,0.0,0.0
2010-07-28 00:00:00-04:00,46.57652895000209,46.671444319938075,46.379922235491655,46.44093704223633,92500,0.0,0.0,0.0
2010-07-29 00:00:00-04:00,46.28501482514606,46.37315424545068,45.66128359645754,45.89179611206055,39500,0.0,0.0,0.0
2010-07-30 00:00:00-04:00,45.46466483985289,46.129077690837356,45.46466483985289,46.054500579833984,17600,0.0,0.0,0.0
2010-08-02 00:00:00-04:00,46.46806081009978,46.56975733669801,46.30534947104274,46.529075622558594,107300,0.0,0.0,0.0
2010-08-03 00:00:00-04:00,46.40705079671306,46.40705079671306,46.05450862425468,46.20366287231445,44800,0.0,0.0,0.0
2010-08-04 00:00:00-04:00,46.31212988102406,46.468065259739944,46.108741980852,46.37314987182617,25000,0.0,0.0,0.0
2010-08-05 00:00:00-04:00,46.142642974853516,46.18332469782299,46.04095159868314,46.142642974853516,27600,0.0,0.0,0.0
2010-08-06 00:00:00-04:00,46.1155108732637,46.271446228027344,45.796869361355235,46.271446228027344,18700,0.0,0.0,0.0
2010-08-09 00:00:00-04:00,46.400273836964935,46.624000031813495,46.352816138360545,46.535865783691406,66700,0.0,0.0,0.0
2010-08-10 00:00:00-04:00,46.291798765047346,46.77993807692858,46.237559914282436,46.60366439819336,16300,0.0,0.0,0.0
2010-08-11 00:00:00-04:00,46.25789414816493,46.25789414816493,45.729073217299906,45.76297378540039,22700,0.0,0.0,0.0
2010-08-12 00:00:00-04:00,45.125673318539015,45.735847241806454,44.766350111642545,45.66127014160156,654700,0.0,0.0,0.0
2010-08-13 00:00:00-04:00,45.485002746972185,45.783311188595015,45.485002746972185,45.65449523925781,53500,0.0,0.0,0.0
2010-08-16 00:00:00-04:00,45.44431998805088,45.69517070442184,45.25448925025649,45.66127014160156,22200,0.0,0.0,0.0
2010-08-17 00:00:00-04:00,45.905335603490705,46.33923587176848,45.81042024308614,46.0883903503418,20700,0.0,0.0,0.0
2010-08-18 00:00:00-04:00,46.12908584886457,46.28501607399337,45.8578967765738,46.142642974853516,60300,0.0,0.0,0.0
2010-08-19 00:00:00-04:00,45.94602649279186,45.94602649279186,45.423991847460215,45.60026550292969,24200,0.0,0.0,0.0
2010-08-20 00:00:00-04:00,45.444328098433154,45.6070394495101,45.396870405514846,45.5595817565918,29600,0.0,0.0,0.0
2010-08-23 00:00:00-04:00,45.74942664547808,45.89857572916753,45.607048366385456,45.62739181518555,80300,0.0,0.0,0.0
2010-08-24 00:00:00-04:00,45.22059010482863,45.634152156200365,45.12567473295641,45.41720199584961,23200,0.0,0.0,0.0
2010-08-25 00:00:00-04:00,45.17313329179735,45.661272455144086,45.1663573168897,45.52568054199219,41100,0.0,0.0,0.0
2010-08-26 00:00:00-04:00,45.57315067320398,45.57315067320398,45.13925022563565,45.19348907470703,20900,0.0,0.0,0.0
2010-08-27 00:00:00-04:00,45.5528079026489,45.573146175918296,44.90873327161341,45.53924560546875,31700,0.0,0.0,0.0
2010-08-30 00:00:00-04:00,45.647723606542385,45.647723606542385,45.16636550335639,45.17314147949219,90800,0.0,0.0,0.0
2010-08-31 00:00:00-04:00,44.99687773928075,45.43077819276096,44.94942003882202,45.220603942871094,28600,0.0,0.0,0.0
2010-09-01 00:00:00-04:00,45.81721423375312,46.06805982550083,45.64772173230168,46.03416442871094,61400,0.0,0.0,0.0
2010-09-02 00:00:00-04:00,46.06804866038443,46.298561096191406,46.013815004164606,46.298561096191406,29000,0.0,0.0,0.0
2010-09-03 00:00:00-04:00,46.623980847853886,46.623980847853886,46.332453627093024,46.596866607666016,16800,0.0,0.0,0.0
2010-09-07 00:00:00-04:00,46.56298095856825,46.596881528406975,46.35281190857022,46.3867073059082,17000,0.0,0.0,0.0
2010-09-08 00:00:00-04:00,46.501965851492365,46.67823952266655,46.47485159977444,46.569766998291016,29900,0.0,0.0,0.0
2010-09-09 00:00:00-04:00,46.94942687689296,46.94942687689296,46.63756126851914,46.7392578125,20900,0.0,0.0,0.0
2010-09-10 00:00:00-04:00,46.82738401197023,47.03755304024852,46.773145174833836,46.969757080078125,32600,0.0,0.0,0.0
2010-09-13 00:00:00-04:00,47.50536499143509,47.50536499143509,46.91552913871732,47.07146453857422,25600,0.0,0.0,0.0
2010-09-14 00:00:00-04:00,46.983316438717935,47.254500262448005,46.95619702184496,47.07823181152344,63700,0.0,0.0,0.0
2010-09-15 00:00:00-04:00,47.105355083081356,47.47145430957524,47.03755394910072,47.4578971862793,21800,0.0,0.0,0.0
2010-09-16 00:00:00-04:00,47.329082708861655,47.410440968665405,47.17315250986337,47.40365982055664,15200,0.0,0.0,0.0
2010-09-17 00:00:00-04:00,47.55281552442545,47.681631480000085,47.349422454833984,47.349422454833984,17000,0.0,0.0,0.0
2010-09-20 00:00:00-04:00,47.410450139645754,47.92570887307253,47.403668990225256,47.864688873291016,20400,0.0,0.0,0.0
2010-09-21 00:00:00-04:00,47.8308009014838,47.9189351676356,47.5663929305261,47.79011917114258,62200,0.0,0.0,0.0
2010-09-22 00:00:00-04:00,47.73587119687537,47.946040246139894,47.73587119687537,47.837562561035156,39100,0.0,0.0,0.0
2010-09-23 00:00:00-04:00,47.52568817138672,47.77653889234794,47.43077280075269,47.52568817138672,33400,0.0,0.0,0.0
2010-09-24 00:00:00-04:00,48.020618224088565,48.23078727712822,47.837563420311405,48.13587188720703,21900,0.0,0.0,0.0
2010-09-27 00:00:00-04:00,48.23755167998802,48.26467109233681,47.92568619672551,47.93924331665039,31400,0.0,0.0,0.0
2010-09-28 00:00:00-04:00,48.00705045383228,48.37315484714743,47.762980858288834,48.30535888671875,35000,0.0,0.0,0.0
2010-09-29 00:00:00-04:00,48.129087661545405,48.257903613560195,47.98671458576614,48.10874938964844,30600,0.0,0.0,0.0
2010-09-30 00:00:00-04:00,48.35282668345568,48.40028438292586,47.742652567052446,47.91892623901367,76200,0.0,0.0,0.0
2010-10-01 00:00:00-04:00,48.19688340503787,48.19688340503787,47.776545327754114,48.03417205810547,49300,0.0,0.0,0.0
2010-10-04 00:00:00-04:00,48.08841332846432,48.12908987412823,47.701970627154964,47.837562561035156,26900,0.0,0.0,0.0
2010-10-05 00:00:00-04:00,48.30535815132142,48.40027352897664,48.11552739601099,48.33247756958008,24900,0.0,0.0,0.0
2010-10-06 00:00:00-04:00,48.33249185116468,48.52910381226094,48.33249185116468,48.4748649597168,15600,0.0,0.0,0.0
2010-10-07 00:00:00-04:00,48.65791805472333,48.65791805472333,48.156221564544566,48.325714111328125,26900,0.0,0.0,0.0
2010-10-08 00:00:00-04:00,48.31891783501422,48.5290920445326,48.22400245232866,48.46129608154297,17200,0.0,0.0,0.0
2010-10-11 00:00:00-04:00,48.569771980909444,48.569771980909444,48.40706062386725,48.501976013183594,17300,0.0,0.0,0.0
2010-10-12 00:00:00-04:00,48.5223261294905,48.718938104634695,48.37995301076582,48.65114212036133,30600,0.0,0.0,0.0
2010-10-13 00:00:00-04:00,48.827401580642,49.247744881107515,48.78672503212959,49.02401351928711,34400,0.0,0.0,0.0
2010-10-14 00:00:00-04:00,49.03757710071599,49.207069620622384,48.901979981290154,49.09181594848633,44200,0.0,0.0,0.0
2010-10-15 00:00:00-04:00,49.23418392979554,49.47825354690557,49.05112913071268,49.21384048461914,43600,0.0,0.0,0.0
2010-10-18 00:00:00-04:00,49.39010948103383,49.39010948103383,49.186721600942185,49.30197525024414,48300,0.0,0.0,0.0
2010-10-19 00:00:00-04:00,49.05792987651361,49.12572587001571,48.644367591897264,48.793521881103516,35400,0.0,0.0,0.0
2010-10-20 00:00:00-04:00,48.881637788752265,49.34265761284802,48.881637788752265,49.14604568481445,23000,0.0,0.0,0.0
2010-10-21 00:00:00-04:00,49.32910091846076,49.56638939488082,49.07146899620396,49.29520034790039,18800,0.0,0.0,0.0
2010-10-22 00:00:00-04:00,49.532475355157075,49.532475355157075,49.34942577240919,49.45112228393555,30800,0.0,0.0,0.0
2010-10-25 00:00:00-04:00,49.60028879439865,49.81723899236073,49.55282592773437,49.552825927734375,50300,0.0,0.0,0.0
2010-10-26 00:00:00-04:00,49.3426625031463,49.376563076770864,49.1799511292513,49.329105377197266,27300,0.0,0.0,0.0
2010-10-27 00:00:00-04:00,49.152828216552734,49.166385341539645,48.79350492063878,49.152828216552734,20100,0.0,0.0,0.0
2010-10-28 00:00:00-04:00,49.403673252500575,49.403673252500575,49.05112597380887,49.247737884521484,29100,0.0,0.0,0.0
2010-10-29 00:00:00-04:00,49.22060370234268,49.41721555408502,49.22060370234268,49.39687728881836,10400,0.0,0.0,0.0
2010-11-01 00:00:00-04:00,49.559607814591416,49.654523204332705,49.132488560755625,49.33587646484375,118200,0.0,0.0,0.0
2010-11-02 00:00:00-04:00,49.559618215171064,49.600299942526796,49.485041082937755,49.53927993774414,28200,0.0,0.0,0.0
2010-11-03 00:00:00-04:00,49.70197720247172,49.70197720247172,49.369773363085855,49.66130065917969,19800,0.0,0.0,0.0
2010-11-04 00:00:00-04:00,50.10197526126481,50.28502485331117,49.973159328621264,50.264686584472656,33000,0.0,0.0,0.0
2010-11-05 00:00:00-04:00,50.37317881150925,50.37317881150925,49.91893492862528,50.10198974609375,133300,0.0,0.0,0.0
2010-11-08 00:00:00-05:00,49.837573490454616,50.020623104792286,49.78333465194704,49.93927001953125,57500,0.0,0.0,0.0
2010-11-09 00:00:00-05:00,50.06130313078034,50.06130313078034,49.62062676161909,49.72909927368164,31300,0.0,0.0,0.0
2010-11-10 00:00:00-05:00,49.7494449734455,49.7494449734455,49.39012164156305,49.6545295715332,19200,0.0,0.0,0.0
2010-11-11 00:00:00-05:00,49.512151715354165,49.62062940569773,49.430798620097455,49.6070671081543,17600,0.0,0.0,0.0
2010-11-12 00:00:00-05:00,49.45790311965804,49.5257042490064,49.261296396547635,49.437564849853516,27600,0.0,0.0,0.0
2010-11-15 00:00:00-05:00,49.5663971647937,49.640974293716376,49.4104617572731,49.43080520629883,25800,0.0,0.0,0.0
2010-11-16 00:00:00-05:00,49.26807953489443,49.41723376514743,48.74604490150966,48.908756256103516,22000,0.0,0.0,0.0
2010-11-17 00:00:00-05:00,48.88163545217891,49.02400852998373,48.84774005603522,48.901973724365234,23200,0.0,0.0,0.0
2010-11-18 00:00:00-05:00,49.322329691020485,49.63419534740437,49.28165313616664,49.53927993774414,18900,0.0,0.0,0.0
2010-11-19 00:00:00-05:00,49.647743535582485,49.66130065917969,49.369773363085855,49.66130065917969,54900,0.0,0.0,0.0
2010-11-22 00:00:00-05:00,49.444346029024615,49.68163446439633,49.240952985848885,49.62739562988281,27300,0.0,0.0,0.0
2010-11-23 00:00:00-05:00,49.21383613560349,49.227398431189265,48.98332883564761,49.125701904296875,26100,0.0,0.0,0.0
2010-11-24 00:00:00-05:00,49.43080814395177,49.51216125488281,49.29521100489676,49.51216125488281,9900,0.0,0.0,0.0
2010-11-26 00:00:00-05:00,49.186728261745635,49.40367846672263,49.159608839560896,49.25452423095703,6800,0.0,0.0,0.0
2010-11-29 00:00:00-05:00,49.1053740235308,49.200289422713276,48.75960782793675,49.13927459716797,65200,0.0,0.0,0.0
2010-11-30 00:00:00-05:00,48.72569691824787,49.11891551577711,48.72569691824787,48.92908477783203,30600,0.0,0.0,0.0
2010-12-01 00:00:00-05:00,49.51215922461619,49.783348319104036,49.363004964022785,49.668094635009766,35000,0.0,0.0,0.0
2010-12-02 00:00:00-05:00,49.722315694564905,49.762997410537714,49.57994261991117,49.735877990722656,49700,0.0,0.0,0.0
2010-12-03 00:00:00-05:00,49.60028732669839,49.8104563699893,49.60028732669839,49.79689407348633,28900,0.0,0.0,0.0
2010-12-06 00:00:00-05:00,49.796899801954844,49.796899801954844,49.668089005362084,49.70198440551758,36700,0.0,0.0,0.0
2010-12-07 00:00:00-05:00,50.068095454382025,50.08843373165196,49.87148348660291,49.9053840637207,26300,0.0,0.0,0.0
2010-12-08 00:00:00-05:00,49.966388179755164,50.068084716796875,49.857915666744546,50.068084716796875,25700,0.0,0.0,0.0
2010-12-09 00:00:00-05:00,50.33249717492803,50.33249717492803,50.10198983105973,50.23080062866211,29900,0.0,0.0,0.0
2010-12-10 00:00:00-05:00,50.29860198359341,50.39351738116917,50.21724371174223,50.30537796020508,26300,0.0,0.0,0.0
2010-12-13 00:00:00-05:00,50.495222665541995,50.495222665541995,50.27149125861273,50.29861068725586,45400,0.0,0.0,0.0
2010-12-14 00:00:00-05:00,50.37995021612127,50.57656214139253,50.37995021612127,50.508766174316406,71600,0.0,0.0,0.0
2010-12-15 00:00:00-05:00,50.45452416729698,50.65791722826986,50.45452416729698,50.54266357421875,39300,0.0,0.0,0.0
2010-12-16 00:00:00-05:00,50.6782426878968,50.97655105590821,50.427391999114555,50.9765510559082,21200,0.0,0.0,0.0
2010-12-17 00:00:00-05:00,50.9426745204562,51.098609924316406,50.87487854280019,51.098609924316406,36600,0.0,0.0,0.0
2010-12-20 00:00:00-05:00,51.2477531480191,51.2477531480191,50.96978811965323,51.05792236328125,41800,0.0,0.0,0.0
2010-12-21 00:00:00-05:00,51.179951434072436,51.22063314945114,50.89520528892336,50.9630012512207,45100,0.0,0.0,0.0
2010-12-22 00:00:00-05:00,51.148029772710856,51.15498733520508,50.93935066147124,51.15498733520508,26000,1.906,0.0,0.0
2010-12-23 00:00:00-05:00,51.10629164616194,51.22454366544984,51.092376522089914,51.16194152832031,23000,0.0,0.0,0.0
2010-12-27 00:00:00-05:00,51.13411361507047,51.13411361507047,50.92542922263877,50.9810791015625,21300,0.0,0.0,0.0
2010-12-28 00:00:00-05:00,50.98110415060965,51.07848883304287,50.89067703322657,51.064579010009766,44100,0.0,0.0,0.0
2010-12-29 00:00:00-05:00,51.189785278122095,51.189785278122095,51.03675599069093,51.071533203125,52700,0.0,0.0,0.0
2010-12-30 00:00:00-05:00,51.113273287940196,51.12718311150035,50.96719095168805,51.071533203125,36400,0.0,0.0,0.0
2010-12-31 00:00:00-05:00,51.036745544277196,51.141082467290666,50.953270698800154,51.050655364990234,22200,0.0,0.0,0.0
2011-01-03 00:00:00-05:00,51.34280005642714,51.34280005642714,51.07847105426531,51.13412094116211,60200,0.0,0.0,0.0
2011-01-04 00:00:00-05:00,51.224548996090626,51.224548996090626,50.82109526905462,50.918479919433594,58400,0.0,0.0,0.0
2011-01-05 00:00:00-05:00,50.758484892932145,51.06455391994809,50.758484892932145,50.9810791015625,23800,0.0,0.0,0.0
2011-01-06 00:00:00-05:00,51.02979864263882,51.02979864263882,50.71677719406265,50.79328918457031,92200,0.0,0.0,0.0
2011-01-07 00:00:00-05:00,50.75154247668168,50.75154247668168,50.39678102650497,50.577640533447266,100200,0.0,0.0,0.0
2011-01-10 00:00:00-05:00,50.49416569015094,50.619375301562364,50.35504625838987,50.577640533447266,78300,0.0,0.0,0.0
2011-01-11 00:00:00-05:00,50.75849576577072,50.75849576577072,50.48720918173669,50.5706787109375,33400,0.0,0.0,0.0
2011-01-12 00:00:00-05:00,50.74458027531528,51.0576069287687,50.71676063715847,50.9671745300293,50300,0.0,0.0,0.0
2011-01-13 00:00:00-05:00,50.95327242377664,51.154999326875746,50.95327242377664,51.127174377441406,41100,0.0,0.0,0.0
2011-01-14 00:00:00-05:00,51.16194400669923,51.16194400669923,50.98804209682883,51.14107131958008,50600,0.0,0.0,0.0
2011-01-18 00:00:00-05:00,51.16194489769929,51.27323936228072,51.085427631458536,51.15498733520508,46200,0.0,0.0,0.0
2011-01-19 00:00:00-05:00,51.16890140259289,51.16890140259289,50.869789875283516,50.9671745300293,37400,0.0,0.0,0.0
2011-01-20 00:00:00-05:00,50.95327424822043,51.273253217572865,50.95327424822043,51.16891098022461,25500,0.0,0.0,0.0
2011-01-21 00:00:00-05:00,51.44021194965854,51.44021194965854,51.1063230655681,51.18979263305664,36400,0.0,0.0,0.0
2011-01-24 00:00:00-05:00,51.224562344152815,51.37759692235898,51.1271776683974,51.36368179321289,42200,0.0,0.0,0.0
2011-01-25 00:00:00-05:00,51.28716525031328,51.495844405345984,51.210647968014726,51.46106719970703,47800,0.0,0.0,0.0
2011-01-26 00:00:00-05:00,51.5654138718188,51.5654138718188,51.342819546797344,51.384559631347656,28900,0.0,0.0,0.0
2011-01-27 00:00:00-05:00,51.259344362348294,51.259344362348294,50.807198196692084,50.93936538696289,44700,0.0,0.0,0.0
2011-01-28 00:00:00-05:00,50.92544833024208,51.07848290116974,50.2715752752117,50.33418273925781,37400,0.0,0.0,0.0
2011-01-31 00:00:00-05:00,50.34809902631503,50.36897172172188,50.08376992890115,50.2298469543457,85000,0.0,0.0,0.0
2011-02-01 00:00:00-05:00,50.29938779440326,50.73066645070047,50.29938779440326,50.5984992980957,51900,0.0,0.0,0.0
2011-02-02 00:00:00-05:00,50.549825577074586,50.549825577074586,50.25071396330805,50.38288116455078,97200,0.0,0.0,0.0
2011-02-03 00:00:00-05:00,50.35504753971392,50.68894161432928,50.35504753971392,50.64720153808594,44300,0.0,0.0,0.0
2011-02-04 00:00:00-05:00,50.67503155297022,50.9254508072017,50.60547182836521,50.91154098510742,26000,0.0,0.0,0.0
2011-02-07 00:00:00-05:00,50.98804712064576,51.12716653942338,50.883704903029724,51.001956939697266,48200,0.0,0.0,0.0
2011-02-08 00:00:00-05:00,51.071524225176574,51.25238374206919,51.00196450546909,51.245426177978516,195600,0.0,0.0,0.0
2011-02-09 00:00:00-05:00,51.182832695067695,51.39846945481954,51.182832695067695,51.384559631347656,26300,0.0,0.0,0.0
2011-02-10 00:00:00-05:00,51.33584591656963,51.33584591656963,50.953259592028694,51.14107131958008,36100,0.0,0.0,0.0
2011-02-11 00:00:00-05:00,51.00892720856496,51.49585060263996,50.95327730436583,51.47498321533203,35400,0.0,0.0,0.0
2011-02-14 00:00:00-05:00,51.42626939420649,51.447136772797734,51.18976005368805,51.26627731323242,34600,0.0,0.0,0.0
2011-02-15 00:00:00-05:00,51.2454266216401,51.314986341949805,51.12717456640695,51.252384185791016,20100,0.0,0.0,0.0
2011-02-16 00:00:00-05:00,51.37760344771306,51.47498813583708,51.294128583434976,51.41933822631836,28900,0.0,0.0,0.0
2011-02-17 00:00:00-05:00,51.35672142092286,51.794952392578125,51.32889647409406,51.794952392578125,52700,0.0,0.0,0.0
2011-02-18 00:00:00-05:00,51.77408337759129,51.91320280028508,51.66974115703805,51.87842559814453,56000,0.0,0.0,0.0
2011-02-22 00:00:00-05:00,51.4680174764259,51.815821361832064,51.39150019707125,51.50279998779297,42600,0.0,0.0,0.0
2011-02-23 00:00:00-05:00,51.419317408222746,51.61408670561471,51.30106537867267,51.34280014038086,28000,0.0,0.0,0.0
2011-02-24 00:00:00-05:00,51.2175894764574,51.41236407683901,50.946302916900244,51.15498733520508,23500,0.0,0.0,0.0
2011-02-25 00:00:00-05:00,51.15497777858236,51.47495660169111,51.15497777858236,51.4401741027832,44200,0.0,0.0,0.0
2011-02-28 00:00:00-05:00,51.621047874737016,51.82277474886235,51.53062078236319,51.65583038330078,20300,0.0,0.0,0.0
2011-03-01 00:00:00-05:00,51.94103277645588,51.95494790431234,51.32889982742919,51.33585739135742,39000,0.0,0.0,0.0
2011-03-02 00:00:00-05:00,51.24540764186837,51.335840021137365,51.08542087511702,51.21758270263672,38400,0.0,0.0,0.0
2011-03-03 00:00:00-05:00,51.60714305111549,51.822779765300524,51.44715092612691,51.76017761230469,21900,0.0,0.0,0.0
2011-03-04 00:00:00-05:00,51.8158323204154,51.8158323204154,51.287174123879176,51.530635833740234,50800,0.0,0.0,0.0
2011-03-07 00:00:00-05:00,51.55844356408015,51.66278047126143,51.2106397213013,51.32889175415039,22500,0.0,0.0,0.0
2011-03-08 00:00:00-05:00,51.39150196871391,51.82278071202903,51.39150196871391,51.78799819946289,33400,0.0,0.0,0.0
2011-03-09 00:00:00-05:00,51.80190655962322,52.10797564760648,51.69756434262297,52.04536819458008,24400,0.0,0.0,0.0
2011-03-10 00:00:00-05:00,51.79493767085369,52.05926662999792,51.69059547666944,51.767112731933594,18500,0.0,0.0,0.0
2011-03-11 00:00:00-05:00,51.61409570610934,51.91320726699634,51.51671104043137,51.81582260131836,23700,0.0,0.0,0.0
2011-03-14 00:00:00-04:00,51.565415258504395,51.565415258504395,51.18283407146501,51.41933822631836,19000,0.0,0.0,0.0
2011-03-15 00:00:00-04:00,50.814156309247046,51.11326790140872,50.49417202334375,50.91154098510742,36000,0.0,0.0,0.0
2011-03-16 00:00:00-04:00,50.744592027625295,50.779374543975315,50.007249383193354,50.20201873779297,105100,0.0,0.0,0.0
2011-03-17 00:00:00-04:00,50.883708800982966,50.883708800982966,50.3620029800031,50.515037536621094,26600,0.0,0.0,0.0
2011-03-18 00:00:00-04:00,51.03675027405293,51.064575225123924,50.63329644412363,50.86980056762695,28000,0.0,0.0,0.0
2011-03-21 00:00:00-04:00,51.37063083985565,51.63496517913318,51.16890395722077,51.544532775878906,71900,0.0,0.0,0.0
2011-03-22 00:00:00-04:00,51.551487067149424,51.61408921275258,51.44714485074525,51.51670455932617,34000,0.0,0.0,0.0
2011-03-23 00:00:00-04:00,51.38453567343656,51.69755697274819,51.32192822933533,51.68364715576172,18000,0.0,0.0,0.0
2011-03-24 00:00:00-04:00,51.94798255489718,52.135794296281475,51.87146528435326,52.06623458862305,17800,0.0,0.0,0.0
2011-03-25 00:00:00-04:00,52.17753709889839,52.27492175613301,52.08015244166378,52.12188720703125,63300,0.0,0.0,0.0
2011-03-28 00:00:00-04:00,52.254060184768186,52.518389239935225,52.08015823364258,52.08015823364258,74500,0.0,0.0,0.0
2011-03-29 00:00:00-04:00,52.03843371054468,52.35146050037245,52.03843371054468,52.33059310913086,89000,0.0,0.0,0.0
2011-03-30 00:00:00-04:00,52.49752582960367,52.73402995364875,52.49752582960367,52.65751266479492,43200,0.0,0.0,0.0
2011-03-31 00:00:00-04:00,52.58795121666606,52.72707596777925,52.56708383076573,52.58099365234375,44100,0.0,0.0,0.0
2011-04-01 00:00:00-04:00,52.83836255904965,52.97748728935522,52.72706808187101,52.894012451171875,41500,0.0,0.0,0.0
2011-04-04 00:00:00-04:00,53.00530723275274,53.00530723275274,52.87314537203573,52.984439849853516,23500,0.0,0.0,0.0
2011-04-05 00:00:00-04:00,52.880090773301326,53.18615983498891,52.880090773301326,53.081817626953125,12800,0.0,0.0,0.0
2011-04-06 00:00:00-04:00,53.1583558835675,53.353125251710146,53.1583558835675,53.283565521240234,33800,0.0,0.0,0.0
2011-04-07 00:00:00-04:00,53.213998067419155,53.32529786567103,53.05400593419871,53.31834030151367,30600,0.0,0.0,0.0
2011-04-08 00:00:00-04:00,53.47137667525192,53.47137667525192,52.98444800206571,53.151397705078125,196500,0.0,0.0,0.0
2011-04-11 00:00:00-04:00,53.25572507936462,53.58961911840849,53.25572507936462,53.40180206298828,28600,0.0,0.0,0.0
2011-04-12 00:00:00-04:00,53.17225954503673,53.60353296516802,53.17225954503673,53.527015686035156,46500,0.0,0.0,0.0
2011-04-13 00:00:00-04:00,53.68700149465118,53.68700149465118,53.4435398656156,53.547882080078125,49300,0.0,0.0,0.0
2011-04-14 00:00:00-04:00,53.36701866300391,53.95828409196879,53.35310353833269,53.87480926513672,51900,0.0,0.0,0.0
2011-04-15 00:00:00-04:00,53.958281082709846,54.2017426802275,53.860896443702785,54.16696548461914,36500,0.0,0.0,0.0
2011-04-18 00:00:00-04:00,53.92352466098875,53.92352466098875,53.54790104717948,53.79136276245117,193800,0.0,0.0,0.0
2011-04-19 00:00:00-04:00,53.79135062652649,53.90264511108398,53.61049111867112,53.902645111083984,27900,0.0,0.0,0.0
2011-04-20 00:00:00-04:00,54.3687052075948,54.3687052075948,54.14610562904392,54.20175552368164,40000,0.0,0.0,0.0
2011-04-21 00:00:00-04:00,54.44521618514661,54.44521618514661,54.13915238435759,54.22262191772461,31400,0.0,0.0,0.0
2011-04-25 00:00:00-04:00,54.1461150582312,54.16003018784689,53.88178597326996,54.034820556640625,119200,0.0,0.0,0.0
2011-04-26 00:00:00-04:00,54.187854680193645,54.48696627958898,54.01395271094211,54.43131637573242,45600,0.0,0.0,0.0
2011-04-27 00:00:00-04:00,54.50782759611654,54.79998159822526,54.50782759611654,54.78607177734375,42300,0.0,0.0,0.0
2011-04-28 00:00:00-04:00,54.75824932248212,55.21734773141029,54.605214750483874,55.16865539550781,77000,0.0,0.0,0.0
2011-04-29 00:00:00-04:00,55.2103983715482,55.40516772537934,55.175615855335415,55.349517822265625,76000,0.0,0.0,0.0
2011-05-02 00:00:00-04:00,55.565146801797084,55.565146801797084,55.32168514351427,55.38429260253906,58000,0.0,0.0,0.0
2011-05-03 00:00:00-04:00,55.34951646385144,55.54428581290246,55.307781691073856,55.52341842651367,62700,0.0,0.0,0.0
2011-05-04 00:00:00-04:00,55.565143180839826,55.71817772952098,55.44689114124649,55.509498596191406,76000,0.0,0.0,0.0
2011-05-05 00:00:00-04:00,55.43298847718788,55.495590633147756,54.95301738656296,55.09909439086914,53500,0.0,0.0,0.0
2011-05-06 00:00:00-04:00,55.57210711070599,55.70427429190254,55.1269185401208,55.24517059326172,41300,0.0,0.0,0.0
2011-05-09 00:00:00-04:00,55.335597307013856,55.53731887945355,55.23125508560536,55.44689178466797,87600,0.0,0.0,0.0
2011-05-10 00:00:00-04:00,55.53730765929192,55.85033426027686,55.53730765929192,55.8155517578125,34600,0.0,0.0,0.0
2011-05-11 00:00:00-04:00,55.80861302593538,56.00338234997484,55.52341129640185,55.73904800415039,62100,0.0,0.0,0.0
2011-05-12 00:00:00-04:00,55.63471226169274,56.53204162254845,55.63471226169274,56.49030685424805,251300,0.0,0.0,0.0
2011-05-13 00:00:00-04:00,56.55987531124903,56.70595232994148,56.316413613428274,56.43466567993164,71300,0.0,0.0,0.0
2011-05-16 00:00:00-04:00,56.309455657395084,56.55987491829002,56.26772088293491,56.37902069091797,148000,0.0,0.0,0.0
2011-05-17 00:00:00-04:00,56.323361929828444,56.643340866861216,56.27466959825968,56.518131256103516,53100,0.0,0.0,0.0
2011-05-18 00:00:00-04:00,56.587700616894274,56.71986781385122,56.34423891755282,56.68508529663086,61200,0.0,0.0,0.0
2011-05-19 00:00:00-04:00,56.85201250816299,56.956349404392355,56.62246072232856,56.935482025146484,55500,0.0,0.0,0.0
2011-05-20 00:00:00-04:00,56.91461550148427,56.97026538501978,56.62941913572854,56.75462341308594,38400,0.0,0.0,0.0
2011-05-23 00:00:00-04:00,56.46249361689727,56.51814352421725,56.1912069525464,56.372066497802734,55000,0.0,0.0,0.0
2011-05-24 00:00:00-04:00,56.51115689109134,56.51115689109134,56.2676953056311,56.32334518432617,39000,0.0,0.0,0.0
2011-05-25 00:00:00-04:00,56.13555370420261,56.13555370420261,55.759930119816865,55.97556686401367,54800,0.0,0.0,0.0
2011-05-26 00:00:00-04:00,55.871193515016955,56.19117232431666,55.690334081216605,56.086830139160156,52000,0.0,0.0,0.0
2011-05-27 00:00:00-04:00,56.21900298853905,56.532024268835855,56.21900298853905,56.32334518432617,23400,0.0,0.0,0.0
2011-05-31 00:00:00-04:00,56.70594894730486,56.84507369995117,56.51813716506567,56.84507369995117,47100,0.0,0.0,0.0
2011-06-01 00:00:00-04:00,56.66421564290653,56.810292656669226,56.18424452120996,56.23293685913086,102800,0.0,0.0,0.0
2011-06-02 00:00:00-04:00,56.30249314630955,56.30249314630955,55.43993571272414,55.64166259765625,46100,0.0,0.0,0.0
2011-06-03 00:00:00-04:00,55.126910312211464,55.31472205639973,54.98779089481761,55.064308166503906,41700,0.0,0.0,0.0
2011-06-06 00:00:00-04:00,54.93910217218702,55.02257170527294,54.744327545166016,54.744327545166016,260300,0.0,0.0,0.0
2011-06-07 00:00:00-04:00,54.994755576276184,54.994755576276184,54.63999938964844,54.63999938964844,46500,0.0,0.0,0.0
2011-06-08 00:00:00-04:00,54.55652083079427,54.72346521946112,54.41044382732747,54.6052131652832,54600,0.0,0.0,0.0
2011-06-09 00:00:00-04:00,54.70955369940414,55.18256720849332,54.59825390570491,54.93214797973633,37600,0.0,0.0,0.0
2011-06-10 00:00:00-04:00,54.758246053214464,54.772155873899024,54.257407595509925,54.28523254394531,99100,0.0,0.0,0.0
2011-06-13 00:00:00-04:00,54.361764981530605,54.751303754097655,54.29220524458188,54.528709411621094,111700,0.0,0.0,0.0
2011-06-14 00:00:00-04:00,54.959974404756785,55.314730565805114,54.84867460806729,55.12691879272461,124000,0.0,0.0,0.0
2011-06-15 00:00:00-04:00,54.84171393744885,54.932146343903035,54.16002129607325,54.36870574951172,28100,0.0,0.0,0.0
2011-06-16 00:00:00-04:00,54.40348492397794,54.890413563946886,54.39652736006039,54.77911376953125,43100,0.0,0.0,0.0
2011-06-17 00:00:00-04:00,55.25907220907086,55.37036667096964,55.05038779579614,55.07821273803711,26000,0.0,0.0,0.0
2011-06-20 00:00:00-04:00,54.980831997867334,55.56513990522359,54.980831997867334,55.48167037963867,60500,0.0,0.0,0.0
2011-06-21 00:00:00-04:00,55.63470666431967,55.63470666431967,55.391239721552594,55.558189392089844,58500,0.0,0.0,0.0
2011-06-22 00:00:00-04:00,55.4608031153336,55.47471293393863,55.16169159820341,55.203426361083984,28900,0.0,0.0,0.0
2011-06-23 00:00:00-04:00,54.793027221050615,54.793027221050615,54.208719182849435,54.653907775878906,52900,0.0,0.0,0.0
2011-06-24 00:00:00-04:00,54.78608823854623,54.78608823854623,54.278292057202535,54.32698440551758,14400,0.0,0.0,0.0
2011-06-27 00:00:00-04:00,54.36871384379608,54.7582525540043,54.36871384379608,54.5843505859375,110000,0.0,0.0,0.0
2011-06-28 00:00:00-04:00,54.82084502334791,54.869537353515625,54.674768032844746,54.869537353515625,30300,0.0,0.0,0.0
2011-06-29 00:00:00-04:00,55.09213627949254,55.24517084640739,55.00866673904183,55.12691879272461,482900,0.0,0.0,0.0
2011-06-30 00:00:00-04:00,55.252140645077105,55.592987060546875,55.252140645077105,55.592987060546875,41200,0.0,0.0,0.0
2011-07-01 00:00:00-04:00,55.55820319808855,56.03121676802154,55.35647627636024,55.97556686401367,90200,0.0,0.0,0.0
2011-07-05 00:00:00-04:00,56.00337992149359,56.19119167379724,55.88512257382674,55.968597412109375,132900,0.0,0.0,0.0
2011-07-06 00:00:00-04:00,56.010330960269116,56.39291732691628,56.010330960269116,56.302490234375,47400,0.0,0.0,0.0
2011-07-07 00:00:00-04:00,56.754635001590174,56.81028489648861,56.608558007781326,56.671165466308594,58500,0.0,0.0,0.0
2011-07-08 00:00:00-04:00,56.309431155609765,56.51115798950195,56.184221579644436,56.51115798950195,35700,0.0,0.0,0.0
2011-07-11 00:00:00-04:00,55.96858727355418,56.14944673687145,55.92685251550591,56.03814697265625,76100,0.0,0.0,0.0
2011-07-12 00:00:00-04:00,55.947739745602995,56.27467628515591,55.836439941897005,55.89208984375,43700,0.0,0.0,0.0
2011-07-13 00:00:00-04:00,56.177286231648,56.177286231648,55.850349723398224,55.94077682495117,57900,0.0,0.0,0.0
2011-07-14 00:00:00-04:00,55.89905515021238,56.05904200636433,55.53733604513691,55.64863586425781,122400,0.0,0.0,0.0
2011-07-15 00:00:00-04:00,55.82948174396931,55.82948174396931,55.412118138614616,55.75992202758789,61100,0.0,0.0,0.0
2011-07-18 00:00:00-04:00,55.579064762785464,55.592974583796746,55.07822629331707,55.4051628112793,51400,0.0,0.0,0.0
2011-07-19 00:00:00-04:00,55.65555510783784,56.32333764155618,55.641639986495306,56.28855514526367,33000,0.0,0.0,0.0
2011-07-20 00:00:00-04:00,56.40683514848941,56.40683514848941,55.98947152106894,56.14946365356445,24400,0.0,0.0,0.0
2011-07-21 00:00:00-04:00,56.35120253206785,56.615531647292116,56.19816793117627,56.52510452270508,41200,0.0,0.0,0.0
2011-07-22 00:00:00-04:00,56.545962110756015,56.60161201180978,56.33032537800601,56.441619873046875,27000,0.0,0.0,0.0
2011-07-25 00:00:00-04:00,55.91294632566111,56.12858832651884,55.84338661544424,55.864253997802734,26600,0.0,0.0,0.0
2011-07-26 00:00:00-04:00,55.94076385347843,55.996413737099104,55.67643486687776,55.745994567871094,24000,0.0,0.0,0.0
2011-07-27 00:00:00-04:00,55.48167896569319,55.579063631989975,54.98084050641471,55.05735778808594,48900,0.0,0.0,0.0
2011-07-28 00:00:00-04:00,55.133873531731005,55.59297190188499,55.092133456578,55.106048583984375,222100,0.0,0.0,0.0
2011-07-29 00:00:00-04:00,54.68171244353047,55.238200631935435,54.68171244353047,54.793006896972656,53000,0.0,0.0,0.0
2011-08-01 00:00:00-04:00,55.27996461679271,55.27996461679271,54.146120262155904,54.63304901123047,102300,0.0,0.0,0.0
2011-08-02 00:00:00-04:00,54.222630175265834,54.49391681415471,53.90960876333767,53.95134353637695,49200,0.0,0.0,0.0
2011-08-03 00:00:00-04:00,54.034821350152335,54.292198181152344,53.52007299521937,54.292198181152344,95800,0.0,0.0,0.0
2011-08-04 00:00:00-04:00,53.80524999856506,54.05566917402351,52.39316733571415,52.46968460083008,109900,0.0,0.0,0.0
2011-08-05 00:00:00-04:00,53.040094833719074,53.51310835074834,51.9619006191907,53.248779296875,119900,0.0,0.0,0.0
2011-08-08 00:00:00-04:00,52.11495345679354,52.88012124486654,51.00198164622662,51.04371643066406,368200,0.0,0.0,0.0
2011-08-09 00:00:00-04:00,51.79495554688816,52.3097038269043,49.902901503831124,52.3097038269043,286200,0.0,0.0,0.0
2011-08-10 00:00:00-04:00,51.75321936797303,51.75321936797303,50.40373859021286,50.577640533447266,147100,0.0,0.0,0.0
2011-08-11 00:00:00-04:00,50.765457253181594,52.58794620915792,50.59155531114928,52.024505615234375,66500,0.0,0.0,0.0
2011-08-12 00:00:00-04:00,52.64360111711134,52.831412897280885,52.10102785543641,52.58099365234375,49300,0.0,0.0,0.0
2011-08-15 00:00:00-04:00,52.956614226945156,53.34615816199439,52.608810364226855,53.29050827026367,230600,0.0,0.0,0.0
2011-08-16 00:00:00-04:00,53.12355335255861,53.62438635747944,52.98442865086,53.35309982299805,121300,0.0,0.0,0.0
2011-08-17 00:00:00-04:00,53.464431191661554,54.0000470154206,53.3809563212934,53.70093536376953,42400,0.0,0.0,0.0
2011-08-18 00:00:00-04:00,52.97749839422114,53.10966028188225,52.12885593619953,52.64360427856445,119800,0.0,0.0,0.0
2011-08-19 00:00:00-04:00,52.12885456775736,53.20009130573993,52.12885456775736,52.20537185668945,83600,0.0,0.0,0.0
2011-08-22 00:00:00-04:00,53.12357560747633,53.12357560747633,52.27493314632183,52.365360260009766,40400,0.0,0.0,0.0
2011-08-23 00:00:00-04:00,52.58796157525997,53.61050614232611,52.44188453811733,53.56877136230469,54200,0.0,0.0,0.0
2011-08-24 00:00:00-04:00,53.680043680173526,53.93742043369923,53.35310721968736,53.90959548950195,88200,0.0,0.0,0.0
2011-08-25 00:00:00-04:00,54.0556693901785,54.0556693901785,52.9357406585291,53.081817626953125,91800,0.0,0.0,0.0
2011-08-26 00:00:00-04:00,52.775751513688995,53.673085971389,52.101011279886784,53.55482864379883,76700,0.0,0.0,0.0
2011-08-29 00:00:00-04:00,54.00699899049495,54.591312408447266,54.00699899049495,54.591312408447266,83100,0.0,0.0,0.0
2011-08-30 00:00:00-04:00,54.54260966699748,55.043442820668936,54.20871559081688,54.77911376953125,120700,0.0,0.0,0.0
2011-08-31 00:00:00-04:00,55.03647402812508,55.27297805960128,54.702580052262824,54.918216705322266,66600,0.0,0.0,0.0
2011-09-01 00:00:00-04:00,54.97387897053938,55.3773327343707,54.63999022652207,54.688682556152344,52500,0.0,0.0,0.0
2011-09-02 00:00:00-04:00,54.006976414187896,54.31304547217376,53.86785700986619,53.87480926513672,264900,0.0,0.0,0.0
2011-09-06 00:00:00-04:00,52.88010453769106,53.763529447670635,52.65751024590511,53.6939697265625,136800,0.0,0.0,0.0
2011-09-07 00:00:00-04:00,54.36176233538831,54.64695883511603,54.13916800374687,54.63304901123047,74000,0.0,0.0,0.0
2011-09-08 00:00:00-04:00,54.54263329248014,55.0017318756403,54.47306823730468,54.47306823730469,73200,0.0,0.0,0.0
2011-09-09 00:00:00-04:00,54.12523541796129,54.12523541796129,53.040089064541235,53.29050827026367,40600,0.0,0.0,0.0
2011-09-12 00:00:00-04:00,52.73401609636048,53.33919668361317,52.53228923394292,53.325286865234375,306600,0.0,0.0,0.0
2011-09-13 00:00:00-04:00,53.527009256747476,53.69395892229333,53.151385776933,53.631351470947266,75400,0.0,0.0,0.0
2011-09-14 00:00:00-04:00,53.944383063746585,54.70259296284884,53.56179667892786,54.22262191772461,35400,0.0,0.0,0.0
2011-09-15 00:00:00-04:00,54.6886831597875,54.869537353515625,54.22262193439253,54.869537353515625,41500,0.0,0.0,0.0
2011-09-16 00:00:00-04:00,55.26603525418874,55.34951009720885,54.9669237005327,55.189517974853516,39000,0.0,0.0,0.0
2011-09-19 00:00:00-04:00,54.59825860639408,54.8695452430598,54.361754485020576,54.75129318237305,35700,0.0,0.0,0.0
2011-09-20 00:00:00-04:00,55.092146218419195,55.39821540746545,54.77216720581055,54.77216720581055,68900,0.0,0.0,0.0
2011-09-21 00:00:00-04:00,54.911274365863704,54.9808340755015,53.833080291748054,53.83308029174805,149400,0.0,0.0,0.0
2011-09-22 00:00:00-04:00,52.734009680936175,52.87313438312568,52.22621911237253,52.7479248046875,78800,0.0,0.0,0.0
2011-09-23 00:00:00-04:00,52.70621109008789,52.90098577052754,52.3444972976919,52.70621109008789,58400,0.0,0.0,0.0
2011-09-26 00:00:00-04:00,53.26268565792305,53.76352409131048,52.83836450225126,53.74265670776367,38400,0.0,0.0,0.0
2011-09-27 00:00:00-04:00,54.542614982402476,54.66086704519352,53.96525918350483,54.11829376220703,55400,0.0,0.0,0.0
2011-09-28 00:00:00-04:00,54.23651896989115,54.31303622135488,53.123548003688015,53.1583251953125,26300,0.0,0.0,0.0
2011-09-29 00:00:00-04:00,53.98611057428478,54.097405039503975,52.96356647144879,53.58265686035156,38400,0.0,0.0,0.0
2011-09-30 00:00:00-04:00,53.130505715898416,53.74959604529413,52.99834388284562,53.02616882324219,49100,0.0,0.0,0.0
2011-10-03 00:00:00-04:00,52.85228971516876,53.116618802313795,52.05929183959961,52.05929183959961,97400,0.0,0.0,0.0
2011-10-04 00:00:00-04:00,51.53758954062136,52.49753189086913,51.04370854185749,52.49753189086914,90400,0.0,0.0,0.0
2011-10-05 00:00:00-04:00,52.650560407311325,52.685337615929654,52.261016398491805,52.65751266479492,38000,0.0,0.0,0.0
2011-10-06 00:00:00-04:00,52.67836504297162,53.283540248798545,52.53228277908436,53.269630432128906,37700,0.0,0.0,0.0
2011-10-07 00:00:00-04:00,53.617441787364655,53.95133050516617,53.26963794386654,53.547882080078125,45300,0.0,0.0,0.0
2011-10-10 00:00:00-04:00,54.22956392059759,54.37564086914062,53.99305990116539,54.375640869140625,43300,0.0,0.0,0.0
2011-10-11 00:00:00-04:00,54.25741566366932,54.43131763695031,54.12524846571431,54.292198181152344,66800,0.0,0.0,0.0
2011-10-12 00:00:00-04:00,54.79300603414729,55.09211750196853,54.5912845087683,54.730403900146484,57400,0.0,0.0,0.0
2011-10-13 00:00:00-04:00,54.47302588387381,54.78605246757566,54.25738924028204,54.66084289550781,39000,0.0,0.0,0.0
2011-10-14 00:00:00-04:00,55.16168842216725,55.16168842216725,54.7512771515651,55.14081573486328,65000,0.0,0.0,0.0
2011-10-17 00:00:00-04:00,55.036500438506685,55.12692755739417,54.41045225025848,54.459144592285156,56400,0.0,0.0,0.0
2011-10-18 00:00:00-04:00,54.55651913660083,55.32864420742386,54.19480542121087,54.93214797973633,68300,0.0,0.0,0.0
2011-10-19 00:00:00-04:00,54.946053030676396,55.31472427793563,54.695633823657715,54.70954895019531,145300,0.0,0.0,0.0
2011-10-20 00:00:00-04:00,54.827805749909864,55.20343459304536,54.6886863148521,54.93214797973633,100300,0.0,0.0,0.0
2011-10-21 00:00:00-04:00,55.57209667866802,55.87120819091796,55.48862184720336,55.87120819091797,98700,0.0,0.0,0.0
2011-10-24 00:00:00-04:00,55.857303616736615,55.857303616736615,55.439934727293796,55.66252899169922,144300,0.0,0.0,0.0
2011-10-25 00:00:00-04:00,55.48862972523653,55.53732205707102,54.78606969549114,54.862586975097656,35200,0.0,0.0,0.0
2011-10-26 00:00:00-04:00,55.37733950554224,55.37733950554224,54.598256829131,55.32168960571289,53900,0.0,0.0,0.0
2011-10-27 00:00:00-04:00,56.1146768837283,56.39987861352417,55.64862095691004,56.14250183105469,156000,0.0,0.0,0.0
2011-10-28 00:00:00-04:00,56.26074950970477,56.26074950970477,55.89207827361357,56.17032241821289,87700,0.0,0.0,0.0
2011-10-31 00:00:00-04:00,55.73209932924152,55.98251856397572,55.4051628112793,55.4051628112793,79200,0.0,0.0,0.0
2011-11-01 00:00:00-04:00,54.26436644432741,54.84867445410786,54.1808915970446,54.354793548583984,76100,0.0,0.0,0.0
2011-11-02 00:00:00-04:00,54.855618509065565,54.904310831222666,54.528682071554286,54.83475112915039,58500,0.0,0.0,0.0
2011-11-03 00:00:00-04:00,55.30775076063128,55.58599480669831,55.029506714564256,55.551212310791016,67300,0.0,0.0,0.0
2011-11-04 00:00:00-04:00,55.25212087286069,55.30777076361356,54.89040719709837,55.286903381347656,56000,0.0,0.0,0.0
2011-11-07 00:00:00-05:00,55.09214524521813,55.57907397437808,54.84868353417179,55.56515884399414,311100,0.0,0.0,0.0
2011-11-08 00:00:00-05:00,55.72511832866815,56.19117408899783,55.432964446706045,56.16334915161133,40500,0.0,0.0,0.0
2011-11-09 00:00:00-05:00,55.39124901832661,55.42603153229279,54.70259875974186,54.82780838012695,69200,0.0,0.0,0.0
2011-11-10 00:00:00-05:00,55.34951491760271,55.34951491760271,54.737381936676286,55.16865539550781,83200,0.0,0.0,0.0
2011-11-11 00:00:00-05:00,55.65559965760536,55.94079618864821,55.62777469971151,55.82254409790039,33300,0.0,0.0,0.0
2011-11-14 00:00:00-05:00,55.6764430640496,55.6764430640496,55.28690443548365,55.47471618652344,75600,0.0,0.0,0.0
2011-11-15 00:00:00-05:00,55.44688968296623,55.919903135964866,55.32168008343525,55.766868591308594,62700,0.0,0.0,0.0
2011-11-16 00:00:00-05:00,55.42604530395257,56.031226170693685,55.259100870980745,55.27996826171875,94800,0.0,0.0,0.0
2011-11-17 00:00:00-05:00,55.22428740796347,55.50948907377427,54.67475676245342,55.029518127441406,60700,0.0,0.0,0.0
2011-11-18 00:00:00-05:00,55.14082370815994,55.31472564471623,54.95996951522887,55.18256378173828,40600,0.0,0.0,0.0
2011-11-21 00:00:00-05:00,54.61217034740617,54.75824734985128,54.076549364707695,54.354793548583984,155100,0.0,0.0,0.0
2011-11-22 00:00:00-05:00,54.25742466607723,54.68870354191614,54.11830518719651,54.32698440551758,60700,0.0,0.0,0.0
2011-11-23 00:00:00-05:00,53.95828869049405,54.0069810168629,53.56179251661472,53.728736877441406,78700,0.0,0.0,0.0
2011-11-25 00:00:00-05:00,53.64527658993439,54.173934708114395,53.64527658993439,53.84004592895508,16500,0.0,0.0,0.0
2011-11-28 00:00:00-05:00,54.53564800386695,54.76519983229504,54.38261345158157,54.688682556152344,113100,0.0,0.0,0.0
2011-11-29 00:00:00-05:00,54.953033311754375,55.43300454147323,54.82782365648285,55.196495056152344,68700,0.0,0.0,0.0
2011-11-30 00:00:00-05:00,56.18424334895973,56.57378735126612,56.156423705356914,56.532047271728516,135400,0.0,0.0,0.0
2011-12-01 00:00:00-05:00,56.44857505736779,56.92158858224748,56.35814264520172,56.42770767211914,60900,0.0,0.0,0.0
2011-12-02 00:00:00-05:00,56.83811813027647,56.83811813027647,56.28858727893783,56.39988708496094,57200,0.0,0.0,0.0
2011-12-05 00:00:00-05:00,56.89376093803176,56.89376093803176,56.337272591449974,56.58073425292969,61500,0.0,0.0,0.0
2011-12-06 00:00:00-05:00,56.55290187263346,56.92852531883565,56.44855966777063,56.75462341308594,43400,0.0,0.0,0.0
2011-12-07 00:00:00-05:00,56.78245435862735,57.01896373512758,56.34422342034603,56.838104248046875,53000,0.0,0.0,0.0
2011-12-08 00:00:00-05:00,56.692026753417146,56.692026753417146,56.12162865971447,56.18423080444336,53200,0.0,0.0,0.0
2011-12-09 00:00:00-05:00,56.4972537281764,56.93548463361176,56.392911520101755,56.83114242553711,43200,0.0,0.0,0.0
2011-12-12 00:00:00-05:00,56.59466082001542,56.65726298544996,55.982527760697344,56.372066497802734,99500,0.0,0.0,0.0
2011-12-13 00:00:00-05:00,56.657228070009886,56.754612694272225,55.9685781392793,56.086830139160156,79500,0.0,0.0,0.0
2011-12-14 00:00:00-05:00,55.8920715320766,56.14944826352344,55.69730224646926,55.745994567871094,81400,0.0,0.0,0.0
2011-12-15 00:00:00-05:00,56.26075016260804,56.43465209161754,56.14249812457736,56.302490234375,68900,0.0,0.0,0.0
2011-12-16 00:00:00-05:00,56.66421716150741,56.754644275193435,56.18424602694761,56.37902069091797,63000,0.0,0.0,0.0
2011-12-19 00:00:00-05:00,56.41378514700183,56.81723889913017,55.97555419304116,56.11467361450195,73900,0.0,0.0,0.0
2011-12-20 00:00:00-05:00,56.69898771905476,57.297210793116356,56.66420520962981,57.262428283691406,74200,0.0,0.0,0.0
2011-12-21 00:00:00-05:00,57.215424442301035,57.884695699809335,57.194065645919935,57.870452880859375,69200,1.894,0.0,0.0
2011-12-22 00:00:00-05:00,58.00573214002141,58.00573214002141,57.58565589631079,57.74229431152344,65500,0.0,0.0,0.0
2011-12-23 00:00:00-05:00,57.92029610670379,58.25493175985991,57.78502190907787,58.19797134399414,44500,0.0,0.0,0.0
2011-12-27 00:00:00-05:00,58.297661452397286,58.432941110137726,58.14814440375829,58.25494384765625,80700,0.0,0.0,0.0
2011-12-28 00:00:00-05:00,58.31191161854938,58.31191161854938,57.8491175914089,57.87759780883789,130100,0.0,0.0,0.0
2011-12-29 00:00:00-05:00,58.133899727952084,58.35461456751626,57.92030086692279,58.333255767822266,52100,0.0,0.0,0.0
2011-12-30 00:00:00-05:00,58.27629496715172,58.27629496715172,57.998619708851656,58.005741119384766,63000,0.0,0.0,0.0
2012-01-03 00:00:00-05:00,58.44005387152176,58.56109068840284,58.01997756958008,58.01997756958008,349500,0.0,0.0,0.0
2012-01-04 00:00:00-05:00,57.95591197109692,57.970149362541015,57.68535264524891,57.86334991455078,191500,0.0,0.0,0.0
2012-01-05 00:00:00-05:00,57.713818869722544,57.84197708983476,57.45750242949811,57.77790069580078,105100,0.0,0.0,0.0
2012-01-06 00:00:00-05:00,57.89896433034404,57.89896433034404,57.32225478867308,57.429054260253906,243000,0.0,0.0,0.0
2012-01-09 00:00:00-05:00,57.550073956745116,57.57855416947291,57.315116275774706,57.50735092163086,211000,0.0,0.0,0.0
2012-01-10 00:00:00-05:00,57.92741771392432,57.92741771392432,57.699581481729744,57.77790069580078,96400,0.0,0.0,0.0
2012-01-11 00:00:00-05:00,57.61416214788602,57.61416214788602,57.32936539439038,57.43616485595703,77500,0.0,0.0,0.0
2012-01-12 00:00:00-05:00,57.71383284690382,57.71383284690382,57.300883310573134,57.464637756347656,77700,0.0,0.0,0.0
2012-01-13 00:00:00-05:00,57.20830890227625,57.407664931678475,57.04455449185773,57.37918472290039,75300,0.0,0.0,0.0
2012-01-17 00:00:00-05:00,57.84198376322945,57.89894418586085,57.62839032642905,57.64262771606445,144400,0.0,0.0,0.0
2012-01-18 00:00:00-05:00,57.67110414457444,57.83486399088702,57.521587119007926,57.79214096069336,76700,0.0,0.0,0.0
2012-01-19 00:00:00-05:00,57.913177799327016,58.055578846620385,57.67110416699508,57.89181900024414,112200,0.0,0.0,0.0
2012-01-20 00:00:00-05:00,57.87046210719617,58.04133793753169,57.671106066463935,58.01286315917969,619800,0.0,0.0,0.0
2012-01-23 00:00:00-05:00,58.02709958854158,58.02709958854158,57.6639837020457,57.92742156982422,53800,0.0,0.0,0.0
2012-01-24 00:00:00-05:00,57.70669937133789,57.76365435187879,57.578541159044,57.70669937133789,95400,0.0,0.0,0.0
2012-01-25 00:00:00-05:00,57.62839482166955,58.35462125471125,57.457513540445966,58.29766082763672,78900,0.0,0.0,0.0
2012-01-26 00:00:00-05:00,58.38310465408984,58.55398051259246,57.934553488503376,58.0911865234375,56300,0.0,0.0,0.0
2012-01-27 00:00:00-05:00,58.005754818228574,58.01999221061249,57.57856243011388,57.713836669921875,86200,0.0,0.0,0.0
2012-01-30 00:00:00-05:00,57.47886975139905,57.4931071401577,57.186951677423686,57.42190933227539,105600,0.0,0.0,0.0
2012-01-31 00:00:00-05:00,57.65688582646825,57.65688582646825,57.13000992548489,57.39344787597656,93900,0.0,0.0,0.0
2012-02-01 00:00:00-05:00,57.78501800138647,58.06980919736796,57.728057589372625,57.84909439086914,117100,0.0,0.0,0.0
2012-02-02 00:00:00-05:00,57.9986267172055,58.183745389122855,57.9131860766178,58.098304748535156,71700,0.0,0.0,0.0
2012-02-03 00:00:00-05:00,58.46143280238904,58.59671248669051,58.21223767239668,58.30479431152344,48600,0.0,0.0,0.0
2012-02-06 00:00:00-05:00,58.29053816843428,58.39733216690425,58.09117669651942,58.333255767822266,63600,0.0,0.0,0.0
2012-02-07 00:00:00-05:00,58.3332630848339,58.5468619726559,58.23358505239573,58.35462188720703,57200,0.0,0.0,0.0
2012-02-08 00:00:00-05:00,58.489906312046564,58.511265116160494,58.21934697448135,58.390228271484375,62700,0.0,0.0,0.0
2012-02-09 00:00:00-05:00,58.404453327692906,58.68924999716569,58.28341650858148,58.653648376464844,89600,0.0,0.0,0.0
2012-02-10 00:00:00-05:00,58.44717882774572,58.44717882774572,58.233585370801215,58.43294143676758,49700,0.0,0.0,0.0
2012-02-13 00:00:00-05:00,58.589572606139,58.767569847463264,58.58245119551351,58.660770416259766,131900,0.0,0.0,0.0
2012-02-14 00:00:00-05:00,58.70348868118244,58.888607335230056,58.589573270107216,58.86724853515625,52400,0.0,0.0,0.0
2012-02-15 00:00:00-05:00,59.08795504014513,59.11643524690601,58.65364139311889,58.710601806640625,45700,0.0,0.0,0.0
2012-02-16 00:00:00-05:00,58.83166182567147,59.216136620586745,58.83166182567147,59.18765640258789,43900,0.0,0.0,0.0
2012-02-17 00:00:00-05:00,59.46531416143985,59.46531416143985,59.12356251055986,59.23036193847656,40200,0.0,0.0,0.0
2012-02-21 00:00:00-05:00,59.28731113564471,59.28731113564471,58.90284192396279,58.95979690551758,51400,0.0,0.0,0.0
2012-02-22 00:00:00-05:00,58.9526939343173,59.00253294920101,58.753332442737246,58.902854919433594,93600,0.0,0.0,0.0
2012-02-23 00:00:00-05:00,58.917095822018375,59.22325134085268,58.739098553673905,59.17341232299805,38300,0.0,0.0,0.0
2012-02-24 00:00:00-05:00,59.27308686453507,59.358527503840044,59.19476763651681,59.30156707763672,37800,0.0,0.0,0.0
2012-02-27 00:00:00-05:00,59.095081376545075,59.429717043828525,58.974044561753665,59.294437408447266,47600,0.0,0.0,0.0
2012-02-28 00:00:00-05:00,59.37987045004376,59.4866698626461,59.25883365071486,59.443946838378906,36100,0.0,0.0,0.0
2012-02-29 00:00:00-05:00,59.572117170299066,59.77859462813772,59.47956055763134,59.6005973815918,35500,0.0,0.0,0.0
2012-03-01 00:00:00-05:00,59.77860322374448,59.77860322374448,59.37989107240488,59.536529541015625,63700,0.0,0.0,0.0
2012-03-02 00:00:00-05:00,59.500915218361676,59.58635584629541,59.401237201794565,59.522274017333984,47900,0.0,0.0,0.0
2012-03-05 00:00:00-05:00,59.52228323459483,59.82843874204449,59.44396400487199,59.76436233520508,59900,0.0,0.0,0.0
2012-03-06 00:00:00-05:00,59.536517401414024,59.550754790182125,59.18763890808315,59.23036193847656,94800,0.0,0.0,0.0
2012-03-07 00:00:00-05:00,59.40837735088328,59.40837735088328,59.05949875080967,59.344295501708984,64900,0.0,0.0,0.0
2012-03-08 00:00:00-05:00,59.47244832689038,59.807084071177854,59.47244832689038,59.74300765991211,50900,0.0,0.0,0.0
2012-03-09 00:00:00-05:00,59.7999433098478,59.977940526274814,59.66466911915316,59.91386413574219,31100,0.0,0.0,0.0
2012-03-12 00:00:00-04:00,59.97795613507589,60.234272627998706,59.94947592119054,60.19155502319336,47900,0.0,0.0,0.0
2012-03-13 00:00:00-04:00,60.37667846411257,60.67571258544921,60.29835922775595,60.67571258544922,48200,0.0,0.0,0.0
2012-03-14 00:00:00-04:00,60.59737649080138,60.66145288524202,60.348181459013986,60.483455657958984,48000,0.0,0.0,0.0
2012-03-15 00:00:00-04:00,60.55467255853085,60.632991790771484,60.33395225310473,60.632991790771484,92800,0.0,0.0,0.0
2012-03-16 00:00:00-04:00,60.61162341985596,60.75402448332454,60.49058658994152,60.55466842651367,37900,0.0,0.0,0.0
2012-03-19 00:00:00-04:00,60.526198080817565,60.675715147800034,60.44075742880786,60.61163330078125,44000,0.0,0.0,0.0
2012-03-20 00:00:00-04:00,60.20576528088278,60.68280185841731,60.20576528088278,60.5831184387207,56200,0.0,0.0,0.0
2012-03-21 00:00:00-04:00,60.51908046600239,60.82523603152403,60.51908046600239,60.7113151550293,48800,0.0,0.0,0.0
2012-03-22 00:00:00-04:00,60.52618474476639,60.7967386017822,60.44786552235882,60.732662200927734,59600,0.0,0.0,0.0
2012-03-23 00:00:00-04:00,60.81098750185802,60.88930130004883,60.57602981114949,60.88930130004883,23600,0.0,0.0,0.0
2012-03-26 00:00:00-04:00,61.03168845666905,61.32360107660354,61.017445636939094,61.302242279052734,60000,0.0,0.0,0.0
2012-03-27 00:00:00-04:00,61.40904519888909,61.5158446247743,61.25952817546756,61.273765563964844,31400,0.0,0.0,0.0
2012-03-28 00:00:00-04:00,61.288013434667576,61.288013434667576,60.99609534199676,61.13849639892578,49700,0.0,0.0,0.0
2012-03-29 00:00:00-04:00,60.946274718777936,61.14563082658334,60.69707958402117,61.13139343261719,27700,0.0,0.0,0.0
2012-03-30 00:00:00-04:00,61.252437857849415,61.551472056486695,61.252437857849415,61.43043518066406,37300,0.0,0.0,0.0
2012-04-02 00:00:00-04:00,61.45888939575204,62.042720150234466,61.44465200605267,61.93592071533203,345500,0.0,0.0,0.0
2012-04-03 00:00:00-04:00,61.87185129269562,61.878972704371044,61.380577095956156,61.579933166503906,65400,0.0,0.0,0.0
2012-04-04 00:00:00-04:00,61.231067956012225,61.55858231881512,61.231067956012225,61.40906524658203,74200,0.0,0.0,0.0
2012-04-05 00:00:00-04:00,61.23105622387304,61.373451856226765,61.05305896740829,61.33073425292969,117000,0.0,0.0,0.0
2012-04-09 00:00:00-04:00,60.882170339318996,60.91065054621905,60.6899303007546,60.76824951171875,61200,0.0,0.0,0.0
2012-04-10 00:00:00-04:00,60.80386636057747,60.80386636057747,60.14883773391433,60.220035552978516,103700,0.0,0.0,0.0
2012-04-11 00:00:00-04:00,60.49060408293935,60.718440418330864,60.38380461246435,60.511962890625,49300,0.0,0.0,0.0
2012-04-12 00:00:00-04:00,60.59735936286234,60.68279996334422,60.37664460167092,60.654319763183594,46500,0.0,0.0,0.0
2012-04-13 00:00:00-04:00,60.689952540445304,60.910672866792204,60.590274495790325,60.61163330078125,43200,0.0,0.0,0.0
2012-04-16 00:00:00-04:00,60.81809648004422,61.031695343743884,60.61161902701314,60.84657669067383,203800,0.0,0.0,0.0
2012-04-17 00:00:00-04:00,61.17410434099236,61.63689835883828,61.102906514872814,61.51586151123047,80000,0.0,0.0,0.0
2012-04-18 00:00:00-04:00,61.46600341796875,61.55856002000095,61.28800619187621,61.46600341796875,52900,0.0,0.0,0.0
2012-04-19 00:00:00-04:00,61.473122215190855,61.48736503587624,61.02457114040234,61.231048583984375,39100,0.0,0.0,0.0
2012-04-20 00:00:00-04:00,61.43753374017996,61.90744367294259,61.394816136850224,61.7792854309082,159800,0.0,0.0,0.0
2012-04-23 00:00:00-04:00,61.24529582583314,61.24529582583314,60.718425448645064,60.88930130004883,55200,0.0,0.0,0.0
2012-04-24 00:00:00-04:00,60.98185985076094,61.18121590462285,60.846580200478186,60.91777801513672,40400,0.0,0.0,0.0
2012-04-25 00:00:00-04:00,61.18120547156878,61.394804311165046,61.08152746163563,61.302242279052734,60000,0.0,0.0,0.0
2012-04-26 00:00:00-04:00,61.380569848706315,61.96440060011089,61.309372036495,61.857601165771484,44400,0.0,0.0,0.0
2012-04-27 00:00:00-04:00,61.935941067835095,61.935941067835095,61.75082778068949,61.80066680908203,34000,0.0,0.0,0.0
2012-04-30 00:00:00-04:00,61.68676031179157,61.68676031179157,61.487404151729734,61.56572341918945,52700,0.0,0.0,0.0
2012-05-01 00:00:00-04:00,61.64401563782246,61.94304974670181,61.409057938540585,61.63689422607422,61000,0.0,0.0,0.0
2012-05-02 00:00:00-04:00,61.515846624004325,61.82911806952581,61.48736641403972,61.793521881103516,42700,0.0,0.0,0.0
2012-05-03 00:00:00-04:00,61.77929432520015,61.77929432520015,61.39482497579057,61.544342041015625,52800,0.0,0.0,0.0
2012-05-04 00:00:00-04:00,61.50162064539617,61.55858108092418,61.095787048339844,61.095787048339844,58200,0.0,0.0,0.0
2012-05-07 00:00:00-04:00,60.846577054094745,61.26665337333449,60.846577054094745,61.12425231933594,94200,0.0,0.0,0.0
2012-05-08 00:00:00-04:00,61.00320723878008,61.09576383731512,60.69705180418688,61.067283630371094,132900,0.0,0.0,0.0
2012-05-09 00:00:00-04:00,60.73266889237864,61.117138203955484,60.519070001906684,60.79674530029297,38300,0.0,0.0,0.0
2012-05-10 00:00:00-04:00,61.04595244935204,61.380588242272964,61.04595244935204,61.20259094238281,45800,0.0,0.0,0.0
2012-05-11 00:00:00-04:00,61.053062436549716,61.33785914948499,60.99610200755356,61.00322341918945,33000,0.0,0.0,0.0
2012-05-14 00:00:00-04:00,60.711296410705664,60.96761287163596,60.49770298129355,60.789615631103516,131000,0.0,0.0,0.0
2012-05-15 00:00:00-04:00,60.69706376327462,61.0672956624053,60.625865947908544,60.72554397583008,68700,0.0,0.0,0.0
2012-05-16 00:00:00-04:00,60.95338440182919,61.110022865545865,60.839463543836885,61.00322341918945,92500,0.0,0.0,0.0
2012-05-17 00:00:00-04:00,61.02456874987182,61.117125352523054,60.48345565795898,60.483455657958984,71100,0.0,0.0,0.0
2012-05-18 00:00:00-04:00,60.689951616749106,60.689951616749106,59.999321294975225,60.077640533447266,59000,0.0,0.0,0.0
2012-05-21 00:00:00-04:00,60.17729763711569,60.405133861016,59.96370423273393,60.39801788330078,78700,0.0,0.0,0.0
2012-05-22 00:00:00-04:00,60.48345721362502,60.682818676226915,60.241383585675095,60.4265022277832,43600,0.0,0.0,0.0
2012-05-23 00:00:00-04:00,60.1559651390692,60.41940309489253,59.835572176404064,60.2698860168457,50000,0.0,0.0,0.0
2012-05-24 00:00:00-04:00,60.46210136036918,60.80385845229114,60.4193837608957,60.789615631103516,31700,0.0,0.0,0.0
2012-05-25 00:00:00-04:00,60.88217542245631,61.01033364818467,60.675697979224815,60.78249740600586,30000,0.0,0.0,0.0
2012-05-29 00:00:00-04:00,61.10289035803844,61.231048583984375,60.875054115472835,61.231048583984375,34300,0.0,0.0,0.0
2012-05-30 00:00:00-04:00,60.97474161786696,61.01745922247964,60.64722730773064,60.76114273071289,32100,0.0,0.0,0.0
2012-05-31 00:00:00-04:00,60.782512353409594,60.917786590690184,60.476356818439044,60.604515075683594,46400,0.0,0.0,0.0
2012-06-01 00:00:00-04:00,59.821292426665565,60.09897303683906,59.42258046464099,59.543617248535156,101400,0.0,0.0,0.0
2012-06-04 00:00:00-04:00,59.52228578119619,59.707404462283506,59.26596927878161,59.70028305053711,86900,0.0,0.0,0.0
2012-06-05 00:00:00-04:00,59.52939895815192,59.73587641387053,59.38700333519521,59.693153381347656,52800,0.0,0.0,0.0
2012-06-06 00:00:00-04:00,59.83554857531175,60.48345565795898,59.83554857531175,60.483455657958984,31500,0.0,0.0,0.0
2012-06-07 00:00:00-04:00,60.93915147597239,60.93915147597239,60.554682097918594,60.7113151550293,98400,0.0,0.0,0.0
2012-06-08 00:00:00-04:00,60.70418646424749,61.11713597496301,60.661463428483984,61.088661193847656,38700,0.0,0.0,0.0
2012-06-11 00:00:00-04:00,61.515854815157354,61.515854815157354,60.76114273071289,60.76114273071289,72700,0.0,0.0,0.0
2012-06-12 00:00:00-04:00,60.83947052050994,61.13138867855638,60.70419627618857,61.095787048339844,103000,0.0,0.0,0.0
2012-06-13 00:00:00-04:00,61.038812976894675,61.409044828077455,60.88217454414813,61.045928955078125,90600,0.0,0.0,0.0
2012-06-14 00:00:00-04:00,61.20258045904644,61.97152996655035,61.20258045904644,61.78641128540039,59300,0.0,0.0,0.0
2012-06-15 00:00:00-04:00,62.01426728777418,62.07834914979442,61.836269961786286,61.9929084777832,73800,0.0,0.0,0.0
2012-06-18 00:00:00-04:00,61.921695386697515,62.192249300043066,61.843376147983754,62.14241027832031,45000,0.0,0.0,0.0
2012-06-19 00:00:00-04:00,62.270549734862236,62.398707956598706,61.99999590321607,62.12103271484375,107400,0.0,0.0,0.0
2012-06-20 00:00:00-04:00,61.97151912971879,61.97151912971879,61.46600762486274,61.843360900878906,38300,0.0,0.0,0.0
2012-06-21 00:00:00-04:00,61.87896945490711,61.92880846992684,61.03882217882792,61.088661193847656,46700,0.0,0.0,0.0
2012-06-22 00:00:00-04:00,61.1740840617038,61.38056149143509,61.1740840617038,61.302242279052734,25400,0.0,0.0,0.0
2012-06-25 00:00:00-04:00,61.08154934948922,61.08154934948922,60.76115097528384,60.967628479003906,61400,0.0,0.0,0.0
2012-06-26 00:00:00-04:00,61.19546509449079,61.21682933184838,60.78963149743446,61.095787048339844,30300,0.0,0.0,0.0
2012-06-27 00:00:00-04:00,61.28801791822732,61.5087327825577,61.25241629337938,61.4944953918457,46900,0.0,0.0,0.0
2012-06-28 00:00:00-04:00,61.35921829723009,61.67961120605469,60.917783118096956,61.67961120605469,27400,0.0,0.0,0.0
2012-06-29 00:00:00-04:00,62.29903105564061,62.833022750403245,62.22783324941448,62.804542541503906,40300,0.0,0.0,0.0
2012-07-02 00:00:00-04:00,63.23886108398438,63.23886108398438,62.69774793737613,63.238861083984375,192100,0.0,0.0,0.0
2012-07-03 00:00:00-04:00,63.331432955312025,63.58774948482937,63.21751751555218,63.53791046142578,24100,0.0,0.0,0.0
2012-07-05 00:00:00-04:00,63.6446872741966,63.6446872741966,63.23885381887524,63.41685104370117,38500,0.0,0.0,0.0
2012-07-06 00:00:00-04:00,63.12494156707581,63.35277780893121,63.11069874643482,63.310054779052734,71100,0.0,0.0,0.0
2012-07-09 00:00:00-04:00,63.25310228368346,63.29582531891344,62.968311019724524,63.18902587890625,50800,0.0,0.0,0.0
2012-07-10 00:00:00-04:00,63.40261616231057,63.4453337597034,63.07509647548411,63.20325469970703,51800,0.0,0.0,0.0
2012-07-11 00:00:00-04:00,63.36700494642356,63.36700494642356,62.87573092262992,63.17477035522461,78400,0.0,0.0,0.0
2012-07-12 00:00:00-04:00,63.15342486837444,63.2388655076192,62.80455176420409,63.046630859375,97600,0.0,0.0,0.0
2012-07-13 00:00:00-04:00,63.30295877794589,63.76574738597968,63.1320774685942,63.744388580322266,34300,0.0,0.0,0.0
2012-07-16 00:00:00-04:00,63.77288064777221,63.77288064777221,63.38840577836342,63.424007415771484,30700,0.0,0.0,0.0
2012-07-17 00:00:00-04:00,63.72302245932333,63.78709886893966,63.181909239254644,63.67318344116211,37800,0.0,0.0,0.0
2012-07-18 00:00:00-04:00,63.72302690318273,63.7372642956307,63.552151033577225,63.73014831542969,30200,0.0,0.0,0.0
2012-07-19 00:00:00-04:00,63.886781388377834,63.886781388377834,63.36702697923465,63.58774185180664,32200,0.0,0.0,0.0
2012-07-20 00:00:00-04:00,63.29582531891344,63.33854292209824,62.975426998891884,63.18902587890625,66600,0.0,0.0,0.0
2012-07-23 00:00:00-04:00,62.66216978916464,62.747605014986306,62.42009064122833,62.60520935058594,62900,0.0,0.0,0.0
2012-07-24 00:00:00-04:00,62.52688154112294,62.72623761679583,62.049850155470565,62.370243072509766,30900,0.0,0.0,0.0
2012-07-25 00:00:00-04:00,62.67640369217418,62.67640369217418,62.270570095984006,62.384490966796875,59800,0.0,0.0,0.0
2012-07-26 00:00:00-04:00,63.20327214772946,63.545029317351556,63.20327214772946,63.45247268676758,40100,0.0,0.0,0.0
2012-07-27 00:00:00-04:00,63.66606329196127,64.42789140298797,63.42398960810498,64.23565673828125,44400,0.0,0.0,0.0
2012-07-30 00:00:00-04:00,64.2570187190816,64.56317426100837,64.12173904668147,64.52757263183594,54200,0.0,0.0,0.0
2012-07-31 00:00:00-04:00,64.9334219355953,64.9334219355953,64.32823211748556,64.3567123413086,47400,0.0,0.0,0.0
2012-08-01 00:00:00-04:00,64.49908505094795,64.49908505094795,63.801338828016824,63.858299255371094,280600,0.0,0.0,0.0
2012-08-02 00:00:00-04:00,63.680305476452396,63.808463728985515,63.21039007314909,63.48094940185547,83600,0.0,0.0,0.0
2012-08-03 00:00:00-04:00,64.29258961651276,64.54178460546726,64.29258961651276,64.49906158447266,43700,0.0,0.0,0.0
2012-08-06 00:00:00-04:00,64.61302477401652,64.79814350095378,64.36382962162804,64.37806701660156,94100,0.0,0.0,0.0
2012-08-07 00:00:00-04:00,64.45635978507582,64.64147843595104,64.05764770507812,64.05764770507812,52100,0.0,0.0,0.0
2012-08-08 00:00:00-04:00,63.98643607775932,64.56314527351009,63.97219325966669,64.47058868408203,35300,0.0,0.0,0.0
2012-08-09 00:00:00-04:00,64.50619851347282,64.53467872364043,64.17868424461238,64.22852325439453,82400,0.0,0.0,0.0
2012-08-10 00:00:00-04:00,64.29260157554563,64.29260157554563,63.97220330268415,64.20716094970703,35600,0.0,0.0,0.0
2012-08-13 00:00:00-04:00,64.29973377748937,64.29973377748937,64.02205846350758,64.19293975830078,55800,0.0,0.0,0.0
2012-08-14 00:00:00-04:00,64.55602672813815,64.55602672813815,64.29259433421738,64.43498992919922,58300,0.0,0.0,0.0
2012-08-15 00:00:00-04:00,64.45636525780986,64.65572131473525,64.37093005172478,64.5489273071289,77300,0.0,0.0,0.0
2012-08-16 00:00:00-04:00,64.43501219493758,64.69132870011094,64.23565612025735,64.67708587646484,30700,0.0,0.0,0.0
2012-08-17 00:00:00-04:00,64.79098796929586,64.81234676653231,64.63434954683645,64.75538635253906,71100,0.0,0.0,0.0
2012-08-20 00:00:00-04:00,64.75539586067653,64.78387607185495,64.51332221372724,64.72692108154297,37800,0.0,0.0,0.0
2012-08-21 00:00:00-04:00,64.88354094223138,64.97610296780894,64.42786851983699,64.43498992919922,46700,0.0,0.0,0.0
2012-08-22 00:00:00-04:00,64.3780523838384,64.43501281487953,64.1146198963531,64.23565673828125,316000,0.0,0.0,0.0
2012-08-23 00:00:00-04:00,64.20005799793735,64.20005799793735,63.744385393208105,63.75150680541992,49900,0.0,0.0,0.0
2012-08-24 00:00:00-04:00,63.72302310114441,64.39229457923226,63.65182527906064,64.27837371826172,60100,0.0,0.0,0.0
2012-08-27 00:00:00-04:00,64.42079420292227,64.54895249410235,64.25703427395156,64.3567123413086,57900,0.0,0.0,0.0
2012-08-28 00:00:00-04:00,64.37092848073888,64.66996255882896,64.25700763267884,64.5062026977539,33000,0.0,0.0,0.0
2012-08-29 00:00:00-04:00,64.6130107197883,64.6343695236262,64.34245681776534,64.39229583740234,41000,0.0,0.0,0.0
2012-08-30 00:00:00-04:00,64.3281830346666,64.3281830346666,64.02914906076035,64.06475067138672,24500,0.0,0.0,0.0
2012-08-31 00:00:00-04:00,64.37093257766564,64.51332821475853,64.14309086704444,64.1858139038086,92100,0.0,0.0,0.0
2012-09-04 00:00:00-04:00,64.20714518429588,64.61297855130333,64.0789869930281,64.44921875,104100,0.0,0.0,0.0
2012-09-05 00:00:00-04:00,64.49195091724437,64.53466850971252,64.26411470400794,64.29259490966797,42400,0.0,0.0,0.0
2012-09-06 00:00:00-04:00,64.61299968658884,65.16835021972656,64.61299968658884,65.16835021972656,49400,0.0,0.0,0.0
2012-09-07 00:00:00-04:00,65.20393575452428,65.20393575452428,64.57738213260552,64.71266174316406,94300,0.0,0.0,0.0
2012-09-10 00:00:00-04:00,64.58452543766735,64.79100291197955,64.50620620837496,64.62724304199219,147200,0.0,0.0,0.0
2012-09-11 00:00:00-04:00,64.70556288964222,64.70556288964222,64.43500900625725,64.48484802246094,82200,0.0,0.0,0.0
2012-09-12 00:00:00-04:00,64.62012381149162,64.64860402362372,64.10749085720384,64.13597106933594,98900,0.0,0.0,0.0
2012-09-13 00:00:00-04:00,64.15021045058819,65.28939181100708,64.15021045058819,65.2039566040039,126400,0.0,0.0,0.0
2012-09-14 00:00:00-04:00,65.28226589234485,65.28226589234485,64.66995498583759,64.80522918701172,80800,0.0,0.0,0.0
2012-09-17 00:00:00-04:00,64.79098607828116,65.00458490849965,64.62722625084115,64.87642669677734,95400,0.0,0.0,0.0
2012-09-18 00:00:00-04:00,64.99036595108164,65.3463605107892,64.89780932109421,65.26092529296875,35500,0.0,0.0,0.0
2012-09-19 00:00:00-04:00,65.33211549884626,65.60979078846934,65.18971443234389,65.46027374267578,38700,0.0,0.0,0.0
2012-09-20 00:00:00-04:00,65.38195137340597,65.80202227730751,65.36059257246792,65.76642608642578,40600,0.0,0.0,0.0
2012-09-21 00:00:00-04:00,65.97293713161136,65.99429594342183,65.49590012897022,65.53150177001953,50800,0.0,0.0,0.0
2012-09-24 00:00:00-04:00,65.47454063865514,65.75933746795508,65.28942188480303,65.67389678955078,50000,0.0,0.0,0.0
2012-09-25 00:00:00-04:00,65.70234132759877,65.90881878088595,65.18970839971952,65.21106719970703,60000,0.0,0.0,0.0
2012-09-26 00:00:00-04:00,65.18258859601293,65.47450123212,65.14698697675978,65.16122436523438,58900,0.0,0.0,0.0
2012-09-27 00:00:00-04:00,65.37484677922521,65.56708146916245,65.09005001868609,65.41756439208984,33400,0.0,0.0,0.0
2012-09-28 00:00:00-04:00,65.37483245005544,65.37483245005544,64.93339729637334,65.2039566040039,24900,0.0,0.0,0.0
2012-10-01 00:00:00-04:00,65.28938364269747,65.8803357667467,65.28938364269747,65.64537811279297,188000,0.0,0.0,0.0
2012-10-02 00:00:00-04:00,65.99426171137914,66.02274192303601,65.46026996491412,65.70946502685547,32500,0.0,0.0,0.0
2012-10-03 00:00:00-04:00,65.96578885005734,66.10106308044438,65.55283388308615,65.8803482055664,35400,0.0,0.0,0.0
2012-10-04 00:00:00-04:00,66.20786029242285,66.30753832494037,66.05122183216808,66.1722640991211,59800,0.0,0.0,0.0
2012-10-05 00:00:00-04:00,66.36450958251953,66.5211480683357,66.17939087818712,66.36450958251953,38900,0.0,0.0,0.0
2012-10-08 00:00:00-04:00,66.35735664315956,66.35735664315956,66.11528304885134,66.17935943603516,32900,0.0,0.0,0.0
2012-10-09 00:00:00-04:00,66.27906868688301,66.27906868688301,65.51724049848364,65.53860473632812,70400,0.0,0.0,0.0
2012-10-10 00:00:00-04:00,65.60978153548203,65.75929856018911,65.23954424683589,65.31786346435547,53000,0.0,0.0,0.0
2012-10-11 00:00:00-04:00,65.66674606722756,65.66674606722756,65.09715270996094,65.09715270996094,108800,0.0,0.0,0.0
2012-10-12 00:00:00-04:00,65.26803175068686,65.51722681971619,65.0615542843354,65.18971252441406,43700,0.0,0.0,0.0
2012-10-15 00:00:00-04:00,65.3107522791226,65.60266493962767,65.14699242173324,65.55282592773438,38000,0.0,0.0,0.0
2012-10-16 00:00:00-04:00,65.78065490722656,65.78777631729321,65.55281867349228,65.78065490722656,53100,0.0,0.0,0.0
2012-10-17 00:00:00-04:00,65.81623883969577,66.25766836841223,65.81623883969577,66.04407501220703,35800,0.0,0.0,0.0
2012-10-18 00:00:00-04:00,65.96578151453168,65.96578151453168,65.64538320735377,65.80914306640625,47300,0.0,0.0,0.0
2012-10-19 00:00:00-04:00,65.75219187539898,65.75219187539898,64.85508409420011,64.96188354492188,42400,0.0,0.0,0.0
2012-10-22 00:00:00-04:00,65.03309250693773,65.03309250693773,64.54182364074609,64.9832534790039,39600,0.0,0.0,0.0
2012-10-23 00:00:00-04:00,64.5702847982717,64.5702847982717,63.90101339327987,64.13597106933594,90200,0.0,0.0,0.0
2012-10-24 00:00:00-04:00,64.20717939882228,64.38517667976468,64.00070190108359,64.10037994384766,44900,0.0,0.0,0.0
2012-10-25 00:00:00-04:00,64.59876155467721,64.6841967544581,64.24988304875606,64.51332092285156,37200,0.0,0.0,0.0
2012-10-26 00:00:00-04:00,64.54178451719821,64.54178451719821,64.08611212886366,64.2997055053711,33500,0.0,0.0,0.0
2012-10-31 00:00:00-04:00,64.47060332296113,64.84083519678273,64.20716544886562,64.51332092285156,183600,0.0,0.0,0.0
2012-11-01 00:00:00-04:00,64.70555557287298,64.85507260457697,64.55603854116899,64.61299896240234,83200,0.0,0.0,0.0
2012-11-02 00:00:00-04:00,64.79813293858017,64.85508794123726,64.18582184563672,64.21430206298828,40600,0.0,0.0,0.0
2012-11-05 00:00:00-05:00,63.865379791453066,64.19289935095425,63.77994462988086,64.09321594238281,165200,0.0,0.0,0.0
2012-11-06 00:00:00-05:00,64.1288462277033,64.7269197863933,64.1288462277033,64.51332092285156,54300,0.0,0.0,0.0
2012-11-07 00:00:00-05:00,64.2641232046681,64.2641232046681,63.5165326453238,63.787086486816406,77000,0.0,0.0,0.0
2012-11-08 00:00:00-05:00,63.78711395851883,63.91527224011438,63.09648895263672,63.09648895263672,75800,0.0,0.0,0.0
2012-11-09 00:00:00-05:00,62.78316137312252,63.53075165224063,62.74044379101605,63.13203430175781,45000,0.0,0.0,0.0
2012-11-12 00:00:00-05:00,63.274486264183494,63.302966485876595,63.0110482875574,63.09648895263672,50200,0.0,0.0,0.0
2012-11-13 00:00:00-05:00,63.025265685737885,63.53789864947201,63.00390688425649,63.06086730957031,35400,0.0,0.0,0.0
2012-11-14 00:00:00-05:00,63.21751278075466,63.21751278075466,62.249207171111415,62.405845642089844,74800,0.0,0.0,0.0
2012-11-15 00:00:00-05:00,62.25632127663207,62.348877893145115,61.90744274783538,62.33464050292969,121100,0.0,0.0,0.0
2012-11-16 00:00:00-05:00,62.377350885667184,62.8116645695764,62.163752032843334,62.76182556152344,639700,0.0,0.0,0.0
2012-11-19 00:00:00-05:00,63.5236809553176,63.81559371948242,63.14632752669032,63.81559371948242,53000,0.0,0.0,0.0
2012-11-20 00:00:00-05:00,63.82980225719479,63.97931926564919,63.587723220618216,63.9650764465332,110800,0.0,0.0,0.0
2012-11-21 00:00:00-05:00,64.00069491476543,64.15733337402344,63.858299278373806,64.15733337402344,66000,0.0,0.0,0.0
2012-11-23 00:00:00-05:00,64.53468329218947,65.04019483635018,64.43500526556876,65.03307342529297,68500,0.0,0.0,0.0
2012-11-26 00:00:00-05:00,64.94052442329708,64.94052442329708,64.43501281987065,64.63436889648438,75000,0.0,0.0,0.0
2012-11-27 00:00:00-05:00,64.63437015201332,65.01172350894025,64.59877395595267,64.64861297607422,40600,0.0,0.0,0.0
2012-11-28 00:00:00-05:00,64.57029719898546,65.27516493047835,64.44925491616662,65.2680435180664,74300,0.0,0.0,0.0
2012-11-29 00:00:00-05:00,65.60977777603522,65.67385416921903,65.25378332845179,65.56705474853516,40600,0.0,0.0,0.0
2012-11-30 00:00:00-05:00,65.47451527039404,65.8447526346489,65.4389190755532,65.73795318603516,39000,0.0,0.0,0.0
2012-12-03 00:00:00-05:00,65.98712140878574,65.98712140878574,65.53857042570841,65.58840942382812,128700,0.0,0.0,0.0
2012-12-04 00:00:00-05:00,65.50299485046985,65.6596333159787,65.42467561771542,65.48163604736328,97600,0.0,0.0,0.0
2012-12-05 00:00:00-05:00,65.6169185882374,65.89459390489479,65.28228283943339,65.54571533203125,56600,0.0,0.0,0.0
2012-12-06 00:00:00-05:00,65.5528233812889,65.77353822080757,65.51722176044312,65.61690521240234,98000,0.0,0.0,0.0
2012-12-07 00:00:00-05:00,65.79490159523205,66.04409664177138,65.74505715387957,66.02985382080078,66000,0.0,0.0,0.0
2012-12-10 00:00:00-05:00,65.88747343134355,66.14378994760833,65.88747343134355,65.93019104003906,158800,0.0,0.0,0.0
2012-12-11 00:00:00-05:00,66.14377211285706,66.47840777619763,65.95153206147042,66.09393310546875,46500,0.0,0.0,0.0
2012-12-12 00:00:00-05:00,66.17937050646469,66.21497212666246,65.82337603266544,65.90169525146484,68900,0.0,0.0,0.0
2012-12-13 00:00:00-05:00,65.90883129553943,66.07970715992987,65.6596361949605,65.74507141113281,41300,0.0,0.0,0.0
2012-12-14 00:00:00-05:00,65.74507680485569,65.87323507167406,65.5599635332651,65.6382827758789,48900,0.0,0.0,0.0
2012-12-17 00:00:00-05:00,65.78066697973965,65.91594663561204,65.58131091764052,65.78778839111328,52600,0.0,0.0,0.0
2012-12-18 00:00:00-05:00,65.91594632751107,65.93730512948682,65.38195454993638,65.8589859008789,57000,0.0,0.0,0.0
2012-12-19 00:00:00-05:00,65.95154858982782,65.95154858982782,65.21107927159801,65.21820068359375,82200,0.0,0.0,0.0
2012-12-20 00:00:00-05:00,65.40212243122397,65.57797241210938,65.14567337781399,65.57797241210938,91000,2.591,0.0,0.0
2012-12-21 00:00:00-05:00,65.2116084620302,65.23358900865769,64.51553173136847,64.90386962890625,101700,0.0,0.0,0.0
2012-12-24 00:00:00-05:00,64.76465057625573,64.76465057625573,64.58880061705887,64.68405151367188,35700,0.0,0.0,0.0
2012-12-26 00:00:00-05:00,64.6767192519573,64.70602850857645,64.09055089008159,64.19313049316406,93200,0.0,0.0,0.0
2012-12-27 00:00:00-05:00,64.2077694379813,64.3762962321708,63.81210293829844,64.26638793945312,160800,0.0,0.0,0.0
2012-12-28 00:00:00-05:00,64.11252802480416,64.24441687749052,63.606953157811695,63.73884201049805,122100,0.0,0.0,0.0
2012-12-31 00:00:00-05:00,63.60693984124502,64.42025333084305,63.41643810849004,64.40560150146484,128400,0.0,0.0,0.0
2013-01-02 00:00:00-05:00,65.63656692157709,66.09817504882812,65.32882817007639,66.09817504882812,82600,0.0,0.0,0.0
2013-01-03 00:00:00-05:00,66.12016587132108,66.12749458278253,65.79777523921297,65.97362518310547,119900,0.0,0.0,0.0
2013-01-04 00:00:00-05:00,65.9589520108949,66.27401944648055,65.87835856473819,66.19342041015625,64800,0.0,0.0,0.0
2013-01-07 00:00:00-05:00,66.16412388543552,66.16412388543552,65.55596948766032,65.7098388671875,74000,0.0,0.0,0.0
2013-01-08 00:00:00-05:00,65.69520521991012,65.69520521991012,65.4094413329289,65.56331634521484,66700,0.0,0.0,0.0
2013-01-09 00:00:00-05:00,65.84905930264804,65.86371113412564,65.60726215700447,65.73915100097656,82200,0.0,0.0,0.0
2013-01-10 00:00:00-05:00,65.91500377331909,66.1274916750064,65.76846309154722,66.12016296386719,39500,0.0,0.0,0.0
2013-01-11 00:00:00-05:00,66.06887517693399,66.36929085092831,66.06887517693399,66.2960205078125,45200,0.0,0.0,0.0
2013-01-14 00:00:00-05:00,66.36197780390518,66.63308428661243,66.33999725479894,66.60377502441406,101100,0.0,0.0,0.0
2013-01-15 00:00:00-05:00,66.45719777102697,66.8748447800999,66.3619469058586,66.82355499267578,54900,0.0,0.0,0.0
2013-01-16 00:00:00-05:00,66.78693127355838,66.8308923569956,66.67702297479703,66.73564147949219,576500,0.0,0.0,0.0
2013-01-17 00:00:00-05:00,66.95545921793536,67.39509245717744,66.90416941871297,67.23389434814453,138000,0.0,0.0,0.0
2013-01-18 00:00:00-05:00,67.40976186430927,67.49768965311534,67.04340446287281,67.4830322265625,106900,0.0,0.0,0.0
2013-01-22 00:00:00-05:00,67.51232308585328,67.5343036295204,67.24121667023174,67.4756851196289,92300,0.0,0.0,0.0
2013-01-23 00:00:00-05:00,67.43175370380563,67.48304352498718,67.31452222260691,67.4464111328125,366400,0.0,0.0,0.0
2013-01-24 00:00:00-05:00,67.55626756080774,67.77608412376257,67.5196351937602,67.66617584228516,54900,0.0,0.0,0.0
2013-01-25 00:00:00-05:00,68.00324249267578,68.03255174846817,67.8493730923925,68.00324249267578,58000,0.0,0.0,0.0
2013-01-28 00:00:00-05:00,68.18644670570747,68.18644670570747,67.84939852301953,68.05455780029297,64200,0.0,0.0,0.0
2013-01-29 00:00:00-05:00,68.13513280486093,68.49416700336425,68.00324394606092,68.39891052246094,41400,0.0,0.0,0.0
2013-01-30 00:00:00-05:00,68.42824537665896,68.48686391142469,68.20110554215577,68.27437591552734,65600,0.0,0.0,0.0
2013-01-31 00:00:00-05:00,68.23770506682719,68.37692262229835,68.15710601788793,68.2010726928711,60500,0.0,0.0,0.0
2013-02-01 00:00:00-05:00,68.53810749275117,68.75059534529416,68.50146953569751,68.7286148071289,45600,0.0,0.0,0.0
2013-02-04 00:00:00-05:00,68.49417369893233,68.49417369893233,68.04721727765,68.13513946533203,121600,0.0,0.0,0.0
2013-02-05 00:00:00-05:00,68.56010348859961,69.05102091886442,68.53079423438204,68.88249969482422,69400,0.0,0.0,0.0
2013-02-06 00:00:00-05:00,68.77989465331841,69.01436301014293,68.66998638820799,69.00703430175781,61600,0.0,0.0,0.0
2013-02-07 00:00:00-05:00,69.15360334743711,69.28549220173662,68.8092321741479,69.26351165771484,59800,0.0,0.0,0.0
2013-02-08 00:00:00-05:00,69.46866031212603,69.51262698366557,69.11696048081788,69.23419189453125,86000,0.0,0.0,0.0
2013-02-11 00:00:00-05:00,69.30747488062615,69.30747488062615,69.08033513184613,69.18291473388672,64300,0.0,0.0,0.0
2013-02-12 00:00:00-05:00,69.24886383598948,69.24886383598948,69.02171849088086,69.12429809570312,62500,0.0,0.0,0.0
2013-02-13 00:00:00-05:00,69.22686165133274,69.24884218975681,68.97773583880253,69.19022369384766,40000,0.0,0.0,0.0
2013-02-14 00:00:00-05:00,69.31477644851545,69.57122535319128,69.24883484024173,69.34408569335938,48600,0.0,0.0,0.0
2013-02-15 00:00:00-05:00,69.45399788995414,69.60053853229033,69.16823972428152,69.4613265991211,45700,0.0,0.0,0.0
2013-02-19 00:00:00-05:00,69.73245508042189,70.20139203060374,69.62254675987347,70.1940689086914,101500,0.0,0.0,0.0
2013-02-20 00:00:00-05:00,70.34060650291082,70.39922501663717,69.99622972247992,70.0108871459961,65400,0.0,0.0,0.0
2013-02-21 00:00:00-05:00,69.93026972095794,70.28929824044204,69.76174293579817,70.17938995361328,76700,0.0,0.0,0.0
2013-02-22 00:00:00-05:00,70.34059904225094,70.51644897460938,70.17207223070473,70.51644897460938,54700,0.0,0.0,0.0
2013-02-25 00:00:00-05:00,70.84617673568917,70.89746653427994,69.60055855679093,69.6078872680664,100200,0.0,0.0,0.0
2013-02-26 00:00:00-05:00,69.82771463200372,69.9596035044171,69.42471930236016,69.79107666015625,453400,0.0,0.0,0.0
2013-02-27 00:00:00-05:00,69.79106473034562,70.46516081182239,69.6078860827594,70.30396270751953,63900,0.0,0.0,0.0
2013-02-28 00:00:00-05:00,70.31861114501953,70.75091001480601,70.28930189433042,70.31861114501953,32700,0.0,0.0,0.0
2013-03-01 00:00:00-05:00,70.09881259308185,70.54576899827784,69.84236357128972,70.52378845214844,51200,0.0,0.0,0.0
2013-03-04 00:00:00-05:00,70.57507729231652,71.02203369140625,70.34060881985711,71.02203369140625,161800,0.0,0.0,0.0
2013-03-05 00:00:00-05:00,71.3370885244326,71.35906906634828,71.08796267232881,71.24916076660156,125700,0.0,0.0,0.0
2013-03-06 00:00:00-05:00,71.37375047241096,71.41771157101515,71.07333472482843,71.16126251220703,79000,0.0,0.0,0.0
2013-03-07 00:00:00-05:00,71.25651342257284,71.30047452117702,71.10264398728796,71.16126251220703,51200,0.0,0.0,0.0
2013-03-08 00:00:00-05:00,71.43235857459753,71.51295764336597,71.00005956044846,71.36641693115234,59000,0.0,0.0,0.0
2013-03-11 00:00:00-04:00,71.47631311966748,71.48363624091539,71.30045758667757,71.37373352050781,163000,0.0,0.0,0.0
2013-03-12 00:00:00-04:00,71.5642232214512,71.5642232214512,71.21252339514906,71.30044555664062,73100,0.0,0.0,0.0
2013-03-13 00:00:00-04:00,71.43235167782001,71.54225999645352,71.24184988836919,71.476318359375,58100,0.0,0.0,0.0
2013-03-14 00:00:00-04:00,71.52027702036033,71.80603528499525,71.52027702036033,71.75474548339844,60100,0.0,0.0,0.0
2013-03-15 00:00:00-04:00,71.54958692685881,71.57156747200435,71.32244158329354,71.45433044433594,108200,0.0,0.0,0.0
2013-03-18 00:00:00-04:00,71.07329875092887,71.48361703733839,70.75823132667372,71.25647735595703,82200,0.0,0.0,0.0
2013-03-19 00:00:00-04:00,71.40302008892571,71.7913634386659,71.36638772095083,71.7840347290039,62400,0.0,0.0,0.0
2013-03-20 00:00:00-04:00,71.92325745354131,72.56804419615246,71.92325745354131,72.4947738647461,81800,0.0,0.0,0.0
2013-03-21 00:00:00-04:00,72.406863007917,72.54608058319081,72.1430852811715,72.28230285644531,125900,0.0,0.0,0.0
2013-03-22 00:00:00-04:00,72.42883996390177,72.98570464722971,72.39220758655048,72.90510559082031,49300,0.0,0.0,0.0
2013-03-25 00:00:00-04:00,73.19087313421382,73.27147220084832,72.67064635240816,72.86847686767578,141100,0.0,0.0,0.0
2013-03-26 00:00:00-04:00,73.05164869573292,73.5645523071289,73.05164869573292,73.5645523071289,82300,0.0,0.0,0.0
2013-03-27 00:00:00-04:00,73.38137739187984,73.44731903076172,73.08096168541051,73.44731903076172,92800,0.0,0.0,0.0
2013-03-28 00:00:00-04:00,73.42532836148278,73.83564674285223,73.28611080058872,73.80634307861328,91100,0.0,0.0,0.0
2013-04-01 00:00:00-04:00,73.82101995948732,73.83567179657841,73.46199125396437,73.72576904296875,305300,0.0,0.0,0.0
2013-04-02 00:00:00-04:00,74.02617754329648,74.54640439589268,73.93092662893508,74.4438247680664,124100,0.0,0.0,0.0
2013-04-03 00:00:00-04:00,74.66361628265368,74.66361628265368,73.41067503069176,73.5865249633789,135900,0.0,0.0,0.0
2013-04-04 00:00:00-04:00,73.70376859627264,74.06280282227809,73.65980750336155,73.98953247070312,109600,0.0,0.0,0.0
2013-04-05 00:00:00-04:00,73.59384502323641,73.59384502323641,73.16886927821159,73.49858856201172,93500,0.0,0.0,0.0
2013-04-08 00:00:00-04:00,73.63782763890906,74.2752914428711,73.2714702874717,74.2752914428711,63600,0.0,0.0,0.0
2013-04-09 00:00:00-04:00,74.45846172199208,74.4731135547227,73.967538677898,74.16537475585938,75400,0.0,0.0,0.0
2013-04-10 00:00:00-04:00,74.45845655805785,74.88342675979985,74.34121954366796,74.82481384277344,137300,0.0,0.0,0.0
2013-04-11 00:00:00-04:00,74.91275931350322,75.42566302573454,74.85414637824643,75.13257598876953,111700,0.0,0.0,0.0
2013-04-12 00:00:00-04:00,74.92007039695537,75.4256452769967,74.86145188532208,75.4109878540039,81500,0.0,0.0,0.0
2013-04-15 00:00:00-04:00,75.32305262857112,75.32305262857112,74.18734292063252,74.19467163085938,140700,0.0,0.0,0.0
2013-04-16 00:00:00-04:00,74.77354323015207,75.47694872644898,74.61234508909384,75.44763946533203,114200,0.0,0.0,0.0
2013-04-17 00:00:00-04:00,75.08125967577705,75.3010706832883,74.52439506111229,74.8174819946289,69900,0.0,0.0,0.0
2013-04-18 00:00:00-04:00,74.96404350856074,75.10326109847567,74.53174449381201,74.72225189208984,81800,0.0,0.0,0.0
2013-04-19 00:00:00-04:00,74.92008062107323,75.91657309415145,74.92008062107323,75.87261199951172,78600,0.0,0.0,0.0
2013-04-22 00:00:00-04:00,76.01182028632674,76.1949989586122,75.48426481571751,76.08509063720703,88600,0.0,0.0,0.0
2013-04-23 00:00:00-04:00,76.3488678775308,76.72988264390926,75.74071893801457,76.71522521972656,156500,0.0,0.0,0.0
2013-04-24 00:00:00-04:00,76.57600750833114,76.59065934124948,75.54287719726562,75.54287719726562,132600,0.0,0.0,0.0
2013-04-25 00:00:00-04:00,75.79198718782474,76.06308796624282,75.60880856882103,75.84327697753906,108500,0.0,0.0,0.0
2013-04-26 00:00:00-04:00,75.76268665615181,76.04111617661655,75.7333774029184,75.8506088256836,53800,0.0,0.0,0.0
2013-04-29 00:00:00-04:00,75.94587442172995,76.15836234057795,75.83596610644041,76.0704345703125,322800,0.0,0.0,0.0
2013-04-30 00:00:00-04:00,76.12904783740515,76.12904783740515,75.62347297601634,75.96784973144531,91900,0.0,0.0,0.0
2013-05-01 00:00:00-04:00,75.82130279416641,76.35618127600479,75.68941395382014,75.77733612060547,123000,0.0,0.0,0.0
2013-05-02 00:00:00-04:00,76.0191489984656,76.35619708465052,75.65279165389468,76.08509063720703,202400,0.0,0.0,0.0
2013-05-03 00:00:00-04:00,76.83247048338819,76.83247048338819,76.25362514988824,76.49542236328125,130500,0.0,0.0,0.0
2013-05-06 00:00:00-04:00,76.51004321923739,76.51004321923739,75.8872370409987,75.93119812011719,91100,0.0,0.0,0.0
2013-05-07 00:00:00-04:00,76.20233169496737,76.55403722400344,76.01915301300832,76.53205108642578,125300,0.0,0.0,0.0
2013-05-08 00:00:00-04:00,76.5320334460701,76.64194174794602,76.35618351716971,76.63461303710938,92000,0.0,0.0,0.0
2013-05-09 00:00:00-04:00,76.64195210968296,76.79582151704449,76.04845502555,76.15836334228516,77600,0.0,0.0,0.0
2013-05-10 00:00:00-04:00,76.21698924951681,76.5906753540039,76.15104760234446,76.5906753540039,63600,0.0,0.0,0.0
2013-05-13 00:00:00-04:00,76.41481510601413,76.9057326029158,76.38550584781814,76.71522521972656,57100,0.0,0.0,0.0
2013-05-14 00:00:00-04:00,76.8324702606118,77.60914611816406,76.81781283490139,77.60914611816406,78800,0.0,0.0,0.0
2013-05-15 00:00:00-04:00,77.53585327432403,78.49570754370384,77.42594497404986,78.34916687011719,110700,0.0,0.0,0.0
2013-05-16 00:00:00-04:00,78.1806713257679,78.34919819893146,77.75570096637006,77.87293243408203,146300,0.0,0.0,0.0
2013-05-17 00:00:00-04:00,78.02678544686009,78.0634234172748,77.52853923613496,78.04144287109375,110700,0.0,0.0,0.0
2013-05-20 00:00:00-04:00,78.02677988431309,78.02677988431309,77.27941341659003,77.37466430664062,160700,0.0,0.0,0.0
2013-05-21 00:00:00-04:00,77.50655682694642,77.57250405407385,76.84711250651857,77.3380355834961,171400,0.0,0.0,0.0
2013-05-22 00:00:00-04:00,77.45528689358558,78.23196285346117,76.9350600157283,77.15487670898438,173700,0.0,0.0,0.0
2013-05-23 00:00:00-04:00,76.6272790859919,77.08888718042523,76.33419218580364,76.88372802734375,97200,0.0,0.0,0.0
2013-05-24 00:00:00-04:00,76.93503317844838,77.55783947185921,76.87641466867191,77.46991729736328,57700,0.0,0.0,0.0
2013-05-28 00:00:00-04:00,78.10004565036256,78.43709928191174,77.5138773310712,77.73368835449219,86100,0.0,0.0,0.0
2013-05-29 00:00:00-04:00,77.46991520812827,77.46991520812827,76.19498781063228,76.35618591308594,107100,0.0,0.0,0.0
2013-05-30 00:00:00-04:00,76.38550209271897,76.66393164663921,76.05578273701948,76.0704345703125,121600,0.0,0.0,0.0
2013-05-31 00:00:00-04:00,75.96786153008951,75.96786153008951,74.71492004394531,74.71492004394531,137800,0.0,0.0,0.0
2013-06-03 00:00:00-04:00,74.77353960399482,75.48426818847656,74.01883874471514,75.48426818847656,157400,0.0,0.0,0.0
2013-06-04 00:00:00-04:00,75.61614857967672,75.98250589952045,74.96403299756842,75.4549560546875,203500,0.0,0.0,0.0
2013-06-05 00:00:00-04:00,75.33040304461818,75.3523835930954,74.60501699401968,74.64165496826172,155600,0.0,0.0,0.0
2013-06-06 00:00:00-04:00,74.62697911024874,74.98600769042969,74.11408113856167,74.98600769042969,109600,0.0,0.0,0.0
2013-06-07 00:00:00-04:00,75.30105877851142,76.12902965405985,75.30105877851142,75.93852233886719,115100,0.0,0.0,0.0
2013-06-10 00:00:00-04:00,76.11439329844804,76.20232106598499,75.63813326392079,75.99716186523438,93600,0.0,0.0,0.0
2013-06-11 00:00:00-04:00,75.46225235524815,76.23893339858259,75.28640246947135,75.7699966430664,64000,0.0,0.0,0.0
2013-06-12 00:00:00-04:00,76.20232996860328,76.34887067478275,75.44030599809689,75.47694396972656,43300,0.0,0.0,0.0
2013-06-13 00:00:00-04:00,75.45496756657609,76.32689431951587,75.18386109606915,76.25362396240234,75100,0.0,0.0,0.0
2013-06-14 00:00:00-04:00,76.25362591252954,76.63463513336582,75.83597871711456,76.01915740966797,60600,0.0,0.0,0.0
2013-06-17 00:00:00-04:00,76.370840938843,76.97898977424198,76.16567616659601,76.63461303710938,53200,0.0,0.0,0.0
2013-06-18 00:00:00-04:00,76.71521830854448,77.06692378504223,76.49540727713116,77.0009765625,60100,0.0,0.0,0.0
2013-06-19 00:00:00-04:00,77.07425368008924,77.12554348055689,75.54287719726562,75.54287719726562,60000,0.0,0.0,0.0
2013-06-20 00:00:00-04:00,75.26444264691162,75.26444264691162,73.12491741225482,73.2861099243164,185400,0.0,0.0,0.0
2013-06-21 00:00:00-04:00,73.6378083908119,74.44379323526479,73.41799180133926,74.18001556396484,82500,0.0,0.0,0.0
2013-06-24 00:00:00-04:00,73.66712526066269,74.48776761070668,73.10293189807972,73.82832336425781,128100,0.0,0.0,0.0
2013-06-25 00:00:00-04:00,74.12875660851,74.17272329879503,73.5792204963956,73.98221588134766,81900,0.0,0.0,0.0
2013-06-26 00:00:00-04:00,74.37054297503303,74.9933493597457,74.37054297503303,74.73690032958984,101700,0.0,0.0,0.0
2013-06-27 00:00:00-04:00,75.21315402380476,75.74070942473107,75.05928463022937,75.07393646240234,99400,0.0,0.0,0.0
2013-06-28 00:00:00-04:00,74.9933493597457,75.29376507376368,74.6929392358973,74.73690032958984,155000,0.0,0.0,0.0
2013-07-01 00:00:00-04:00,75.03731928028323,75.7480478830377,75.03731928028323,75.24980163574219,56200,0.0,0.0,0.0
2013-07-02 00:00:00-04:00,75.21315500823474,75.72605299353245,75.0226476464804,75.33771514892578,50400,0.0,0.0,0.0
2013-07-03 00:00:00-04:00,75.08128617656342,75.30109726165948,74.68561951518622,75.13257598876953,47200,0.0,0.0,0.0
2013-07-05 00:00:00-04:00,75.66742945674766,75.68941558908729,74.73688443376605,75.38899993896484,71000,0.0,0.0,0.0
2013-07-08 00:00:00-04:00,75.53554124141267,76.20231417371353,75.53554124141267,76.10706329345703,97500,0.0,0.0,0.0
2013-07-09 00:00:00-04:00,76.47343201052647,76.87642172434609,76.47343201052647,76.75186157226562,73600,0.0,0.0,0.0
2013-07-10 00:00:00-04:00,76.7665096570342,77.16217622976365,76.6419495110367,76.86909484863281,108800,0.0,0.0,0.0
2013-07-11 00:00:00-04:00,77.56516988059843,78.08539658836973,77.56516988059843,78.01945495605469,104000,0.0,0.0,0.0
2013-07-12 00:00:00-04:00,77.98280410980175,78.1220216530328,77.76298752471776,78.09271240234375,60100,0.0,0.0,0.0
2013-07-15 00:00:00-04:00,78.23925968065065,78.23925968065065,78.012119956316,78.1806411743164,42900,0.0,0.0,0.0
2013-07-16 00:00:00-04:00,77.93888541586013,78.03413633977576,77.60183723488443,77.93155670166016,70100,0.0,0.0,0.0
2013-07-17 00:00:00-04:00,78.1146942969877,78.26856367314673,77.95349621048736,78.07805633544922,40000,0.0,0.0,0.0
2013-07-18 00:00:00-04:00,78.14402390273362,78.64959324461049,77.98282577424523,78.4371109008789,42600,0.0,0.0,0.0
2013-07-19 00:00:00-04:00,78.40044533762571,78.82542105586239,78.31984630174745,78.8180923461914,45500,0.0,0.0,0.0
2013-07-22 00:00:00-04:00,78.94266987586131,78.94266987586131,78.60562182881532,78.73751068115234,71700,0.0,0.0,0.0
2013-07-23 00:00:00-04:00,78.76683237833026,78.76683237833026,78.47374537237697,78.53236389160156,82100,0.0,0.0,0.0
2013-07-24 00:00:00-04:00,78.67157051862497,78.67157051862497,77.91686976661646,78.01945495605469,40800,0.0,0.0,0.0
2013-07-25 00:00:00-04:00,77.92421146068358,78.51771420124459,77.90223091291648,78.45176696777344,44600,0.0,0.0,0.0
2013-07-26 00:00:00-04:00,78.36380133354037,78.44440036320027,77.48454630655412,78.42974853515625,84200,0.0,0.0,0.0
2013-07-29 00:00:00-04:00,78.37114003020288,78.42242982014395,78.09271054054673,78.15132904052734,27000,0.0,0.0,0.0
2013-07-30 00:00:00-04:00,78.39314939981755,78.70089384280716,78.04144945092928,78.1293716430664,37400,0.0,0.0,0.0
2013-07-31 00:00:00-04:00,78.14402034050111,78.52502950760284,78.03411202243565,78.12203979492188,28500,0.0,0.0,0.0
2013-08-01 00:00:00-04:00,78.73017509967524,78.93533986664983,78.65690476369704,78.847412109375,52800,0.0,0.0,0.0
2013-08-02 00:00:00-04:00,78.78878860733357,78.89869689941406,78.3051999484145,78.89869689941406,36500,0.0,0.0,0.0
2013-08-05 00:00:00-04:00,78.8254625271762,79.07458288538052,78.72288289848377,78.97933197021484,64700,0.0,0.0,0.0
2013-08-06 00:00:00-04:00,78.91336162902707,78.97930885112247,78.59097100043806,78.825439453125,41300,0.0,0.0,0.0
2013-08-07 00:00:00-04:00,78.76681469933787,78.76681469933787,78.32718708416596,78.45907592773438,47500,0.0,0.0,0.0
2013-08-08 00:00:00-04:00,78.70088092288255,78.86207344539508,78.3565041530937,78.78880310058594,36600,0.0,0.0,0.0
2013-08-09 00:00:00-04:00,78.64959036078719,78.73751813405761,78.27590990226886,78.40779876708984,35100,0.0,0.0,0.0
2013-08-12 00:00:00-04:00,78.26122572540683,78.34182475914366,78.03408604314889,78.29053497314453,47600,0.0,0.0,0.0
2013-08-13 00:00:00-04:00,78.4590767843477,78.4590767843477,77.96815936854871,78.31253051757812,34300,0.0,0.0,0.0
2013-08-14 00:00:00-04:00,78.36382889036867,78.36382889036867,77.81429290771484,77.81429290771484,35500,0.0,0.0,0.0
2013-08-15 00:00:00-04:00,77.1768258501367,77.36732761057769,76.40747332702932,76.4587631225586,75200,0.0,0.0,0.0
2013-08-16 00:00:00-04:00,76.407495343454,76.47344257966166,75.81399816843535,76.01915740966797,63900,0.0,0.0,0.0
2013-08-19 00:00:00-04:00,75.96785902394627,76.03380066254024,75.733390547552,75.75537109375,40100,0.0,0.0,0.0
2013-08-20 00:00:00-04:00,75.72603659164771,76.20230209779243,75.68940422358585,75.85792541503906,46900,0.0,0.0,0.0
2013-08-21 00:00:00-04:00,75.72607049027074,75.85795937270187,75.22050109942644,75.25713348388672,45600,0.0,0.0,0.0
2013-08-22 00:00:00-04:00,75.29374406282406,75.72604293728543,75.28641535253053,75.61613464355469,25400,0.0,0.0,0.0
2013-08-23 00:00:00-04:00,75.7626957596371,76.12172437209173,75.65278744434757,76.0704345703125,29300,0.0,0.0,0.0
2013-08-26 00:00:00-04:00,76.10707278012575,76.10707278012575,75.26444981379294,75.28643035888672,38100,0.0,0.0,0.0
2013-08-27 00:00:00-04:00,74.74422930323267,74.94205981571034,74.57570245987274,74.71492004394531,61400,0.0,0.0,0.0
2013-08-28 00:00:00-04:00,74.60500240997398,74.60500240997398,74.16537475585938,74.16537475585938,377000,0.0,0.0,0.0
2013-08-29 00:00:00-04:00,74.11406652847317,74.85410967616738,74.00415824472968,74.59033203125,56500,0.0,0.0,0.0
2013-08-30 00:00:00-04:00,74.73690032958984,74.83947994165219,74.45847075258771,74.73690032958984,51200,0.0,0.0,0.0
2013-09-03 00:00:00-04:00,75.23513812463406,75.29375663643513,74.4804429532444,74.62698364257812,91600,0.0,0.0,0.0
2013-09-04 00:00:00-04:00,74.59035034124233,75.27177515952307,74.50975128605663,75.12522888183594,81200,0.0,0.0,0.0
2013-09-05 00:00:00-04:00,75.06659723948458,75.29374253262327,74.9640176581321,75.04461669921875,38200,0.0,0.0,0.0
2013-09-06 00:00:00-04:00,75.16920837453374,75.47695283794064,74.4438222904273,75.13257598876953,40500,0.0,0.0,0.0
2013-09-09 00:00:00-04:00,75.32305407365142,75.74802424210614,75.26443557104797,75.72604370117188,104100,0.0,0.0,0.0
2013-09-10 00:00:00-04:00,76.12170306182175,76.12170306182175,75.57949593906514,75.85792541503906,57700,0.0,0.0,0.0
2013-09-11 00:00:00-04:00,75.67474289482857,76.34883880615234,75.67474289482857,76.34883880615234,33000,0.0,0.0,0.0
2013-09-12 00:00:00-04:00,76.2682491782279,76.56133609455723,76.2682491782279,76.37083435058594,27100,0.0,0.0,0.0
2013-09-13 00:00:00-04:00,76.53203097938845,77.01562525598852,76.53203097938845,76.99364471435547,62400,0.0,0.0,0.0
2013-09-16 00:00:00-04:00,77.66774037993433,78.01211710434775,77.51387099905843,77.623779296875,90500,0.0,0.0,0.0
2013-09-17 00:00:00-04:00,77.56517309364602,78.03411002120782,77.4992258684303,77.94618225097656,48700,0.0,0.0,0.0
2013-09-18 00:00:00-04:00,77.9828144237311,78.91335949796796,77.55783861778475,78.90603637695312,64700,0.0,0.0,0.0
2013-09-19 00:00:00-04:00,79.02328567006056,79.02328567006056,78.41513107821932,78.5470199584961,117000,0.0,0.0,0.0
2013-09-20 00:00:00-04:00,78.60562329614103,78.60562329614103,78.01945495605469,78.01945495605469,65300,0.0,0.0,0.0
2013-09-23 00:00:00-04:00,77.85092427293841,77.86557610489207,77.52852806827183,77.72636413574219,64000,0.0,0.0,0.0
2013-09-24 00:00:00-04:00,77.71904926762595,77.85826685174122,77.27209284615338,77.3307113647461,22300,0.0,0.0,0.0
2013-09-25 00:00:00-04:00,77.30873233906466,77.4039832410249,76.75186758181542,76.78850555419922,32400,0.0,0.0,0.0
2013-09-26 00:00:00-04:00,76.9350278073937,77.15484440862502,76.72253991691497,77.13285827636719,32800,0.0,0.0,0.0
2013-09-27 00:00:00-04:00,76.66392229028752,76.88373889403935,76.33420297482822,76.63461303710938,52800,0.0,0.0,0.0
2013-09-30 00:00:00-04:00,76.10707834040693,76.37085608114182,75.76270153499362,75.95320892333984,74300,0.0,0.0,0.0
2013-10-01 00:00:00-04:00,75.90924733538208,76.4074935913086,75.81399642989977,76.4074935913086,54000,0.0,0.0,0.0
2013-10-02 00:00:00-04:00,76.11438877925573,76.20231654157209,75.52089175658398,76.18033599853516,50700,0.0,0.0,0.0
2013-10-03 00:00:00-04:00,76.02647277149349,76.06310514946907,75.51356916831367,75.78467559814453,40100,0.0,0.0,0.0
2013-10-04 00:00:00-04:00,75.93122727914313,76.08509670531433,75.68210694824785,75.94588470458984,25100,0.0,0.0,0.0
2013-10-07 00:00:00-04:00,75.59415749543226,75.96051476419775,75.35236035640663,75.60148620605469,33800,0.0,0.0,0.0
2013-10-08 00:00:00-04:00,75.5208782609819,76.05576227002744,75.50622643163177,75.53553009033203,66000,0.0,0.0,0.0
2013-10-09 00:00:00-04:00,75.58683437497811,75.89457313910074,75.3010705623862,75.60148620605469,50300,0.0,0.0,0.0
2013-10-10 00:00:00-04:00,76.29757456449182,76.99365683675431,76.2536134743042,76.986328125,56000,0.0,0.0,0.0
2013-10-11 00:00:00-04:00,76.93504089487341,77.21347045898438,76.7518622260761,77.21347045898438,61400,0.0,0.0,0.0
2013-10-14 00:00:00-04:00,76.80314330465923,77.5578384399414,76.75185350682943,77.5578384399414,49500,0.0,0.0,0.0
2013-10-15 00:00:00-04:00,77.49922829585728,77.51388571977282,76.78849976069408,76.90573120117188,61100,0.0,0.0,0.0
2013-10-16 00:00:00-04:00,77.19148990599263,77.98282309676425,77.19148990599263,77.97549438476562,55300,0.0,0.0,0.0
2013-10-17 00:00:00-04:00,77.86557851347042,78.79612919111742,77.86557851347042,78.73751068115234,57700,0.0,0.0,0.0
2013-10-18 00:00:00-04:00,78.94999694824219,78.9793062026163,78.69354796017954,78.94999694824219,45700,0.0,0.0,0.0
2013-10-21 00:00:00-04:00,78.9426907387811,78.9426907387811,78.44444445273935,78.64228057861328,56100,0.0,0.0,0.0
2013-10-22 00:00:00-04:00,78.98664959689661,79.9025430032142,78.98664959689661,79.75599670410156,72200,0.0,0.0,0.0
2013-10-23 00:00:00-04:00,79.63144065927057,79.96116006652285,79.44826196853707,79.85125732421875,50800,0.0,0.0,0.0
2013-10-24 00:00:00-04:00,79.90254274112567,79.96848438288278,79.60945573403146,79.7779769897461,64400,0.0,0.0,0.0
2013-10-25 00:00:00-04:00,79.8659219943371,79.96850163041891,79.54352565798233,79.95384979248047,78600,0.0,0.0,0.0
2013-10-28 00:00:00-04:00,80.07103958647158,81.13347896452281,79.98311742426597,80.92831420898438,86600,0.0,0.0,0.0
2013-10-29 00:00:00-04:00,81.19942337741678,81.57310935014016,80.9283169909048,81.56578063964844,198500,0.0,0.0,0.0
2013-10-30 00:00:00-04:00,81.69767326268936,81.69767326268936,80.70850972686986,80.9209976196289,129300,0.0,0.0,0.0
2013-10-31 00:00:00-04:00,80.78912105779541,80.89902937629981,80.40078317722657,80.48137664794922,125000,0.0,0.0,0.0
2013-11-01 00:00:00-04:00,80.59128592280828,80.83308310835345,80.34949432743248,80.74515533447266,58600,0.0,0.0,0.0
2013-11-04 00:00:00-05:00,81.08952385661694,81.0968525679018,80.58395458133646,80.86971282958984,70100,0.0,0.0,0.0
2013-11-05 00:00:00-05:00,80.83306671859228,81.25071377704731,80.56928904060297,81.08951568603516,52300,0.0,0.0,0.0
2013-11-06 00:00:00-05:00,81.33131768465942,81.85154436119153,81.0895205336862,81.82223510742188,39900,0.0,0.0,0.0
2013-11-07 00:00:00-05:00,81.7782673447054,81.7782673447054,80.4593789836002,80.53997802734375,90600,0.0,0.0,0.0
2013-11-08 00:00:00-05:00,80.23226160609728,80.9942855834961,80.06373476131392,80.9942855834961,80000,0.0,0.0,0.0
2013-11-11 00:00:00-05:00,80.96495030309704,81.15545763376309,80.73781060241265,80.81108093261719,70400,0.0,0.0,0.0
2013-11-12 00:00:00-05:00,80.7011788991086,81.00159454345703,80.51800026431124,81.00159454345703,49200,0.0,0.0,0.0
2013-11-13 00:00:00-05:00,80.70851117858767,81.66836547851562,80.70851117858767,81.66836547851562,114400,0.0,0.0,0.0
2013-11-14 00:00:00-05:00,81.62441731564064,82.26187551613613,81.62441731564064,82.18128204345703,47800,0.0,0.0,0.0
2013-11-15 00:00:00-05:00,82.27653425146066,82.42307495524616,81.97611854148002,82.34247589111328,31600,0.0,0.0,0.0
2013-11-18 00:00:00-05:00,82.43770630801794,82.43770630801794,81.84420378799757,81.9834213256836,46000,0.0,0.0,0.0
2013-11-19 00:00:00-05:00,81.80760407570003,81.93949295611273,81.58045869877425,81.72700500488281,77100,0.0,0.0,0.0
2013-11-20 00:00:00-05:00,81.66103262344717,81.99075751803069,81.14080597483932,81.39725494384766,51300,0.0,0.0,0.0
2013-11-21 00:00:00-05:00,81.37527718191973,81.7196539192808,81.33131609720756,81.68302154541016,75000,0.0,0.0,0.0
2013-11-22 00:00:00-05:00,81.63175423533782,82.11534307088151,81.52184590311472,82.05672454833984,36100,0.0,0.0,0.0
2013-11-25 00:00:00-05:00,82.24723542857727,82.35714376544684,81.80027895809923,81.86622619628906,48800,0.0,0.0,0.0
2013-11-26 00:00:00-05:00,82.01276377780104,82.23990356584113,81.7270054669861,81.85889434814453,41500,0.0,0.0,0.0
2013-11-27 00:00:00-05:00,82.04936828055835,82.04936828055835,81.74895266651733,82.00540161132812,28600,0.0,0.0,0.0
2013-11-29 00:00:00-05:00,82.0640322583951,82.25453961281357,81.82223510742188,81.82223510742188,39700,0.0,0.0,0.0
2013-12-02 00:00:00-05:00,81.84420248061303,81.84420248061303,81.25803427004627,81.38992309570312,58300,0.0,0.0,0.0
2013-12-03 00:00:00-05:00,81.26537319486033,81.8442127683816,81.26537319486033,81.79292297363281,59300,0.0,0.0,0.0
2013-12-04 00:00:00-05:00,81.60243935786448,81.83690784172407,81.00893664077492,81.64640045166016,47800,0.0,0.0,0.0
2013-12-05 00:00:00-05:00,81.40455722924592,81.40455722924592,80.84036968057168,80.88433074951172,37800,0.0,0.0,0.0
2013-12-06 00:00:00-05:00,81.30934878889059,82.1080051053837,81.30934878889059,82.09335327148438,74500,0.0,0.0,0.0
2013-12-09 00:00:00-05:00,82.51831088752517,82.51831088752517,82.13729620832711,82.23987579345703,40000,0.0,0.0,0.0
2013-12-10 00:00:00-05:00,82.13729280777581,82.13729280777581,81.36794595115309,81.5511245727539,67400,0.0,0.0,0.0
2013-12-11 00:00:00-05:00,81.65371629072939,81.9541263679207,81.47786076293237,81.54380798339844,63700,0.0,0.0,0.0
2013-12-12 00:00:00-05:00,81.50716413724813,81.50716413724813,80.4447302867583,80.54730987548828,68200,0.0,0.0,0.0
2013-12-13 00:00:00-05:00,80.68653960778398,80.7891192119993,80.17363599653822,80.36414337158203,52300,0.0,0.0,0.0
2013-12-16 00:00:00-05:00,80.59861367839906,80.88437195240894,80.29819798049832,80.48137664794922,59900,0.0,0.0,0.0
2013-12-17 00:00:00-05:00,80.48137221770662,80.48137221770662,79.9318362456041,80.13700103759766,54700,0.0,0.0,0.0
2013-12-18 00:00:00-05:00,80.37146057505737,81.47053239727731,79.46289051043433,81.44122314453125,80300,0.0,0.0,0.0
2013-12-19 00:00:00-05:00,81.33132860693999,81.34598044070819,80.83308240628169,81.22142028808594,58000,0.0,0.0,0.0
2013-12-20 00:00:00-05:00,81.30981121262978,81.84168785748574,81.21991439498396,81.6768798828125,68100,2.428,0.0,0.0
2013-12-23 00:00:00-05:00,81.8491730619401,81.91659138237695,81.38471478707574,81.63941955566406,74000,0.0,0.0,0.0
2013-12-24 00:00:00-05:00,81.66189685805601,81.92408875544204,81.61694559325076,81.74430084228516,43800,0.0,0.0,0.0
2013-12-26 00:00:00-05:00,81.90160745572493,82.07390252092128,81.75927227680734,82.05142974853516,96600,0.0,0.0,0.0
2013-12-27 00:00:00-05:00,82.25370367818853,82.41101881468049,82.11136848621048,82.27617645263672,119300,0.0,0.0,0.0
2013-12-30 00:00:00-05:00,82.33612696390338,82.51591491699219,82.24623012968098,82.51591491699219,113000,0.0,0.0,0.0
2013-12-31 00:00:00-05:00,82.59081237040321,82.66572352880196,82.23123080859219,82.46346282958984,66400,0.0,0.0,0.0
2014-01-02 00:00:00-05:00,82.30614930925724,82.30614930925724,81.38472546820965,81.57200622558594,134500,0.0,0.0,0.0
2014-01-03 00:00:00-05:00,81.62444772471771,81.79674854283704,81.31731024288155,81.46713256835938,111600,0.0,0.0,0.0
2014-01-06 00:00:00-05:00,81.66189139370236,81.69185699644918,80.96520684706357,81.10753631591797,92000,0.0,0.0,0.0
2014-01-07 00:00:00-05:00,81.37723948482586,81.73682108400037,81.33978675941236,81.57950592041016,84900,0.0,0.0,0.0
2014-01-08 00:00:00-05:00,81.59448427666163,81.59448427666163,80.83787408300634,81.05511474609375,99200,0.0,0.0,0.0
2014-01-09 00:00:00-05:00,81.09254296591546,81.4071731697104,80.83035112941965,81.36972045898438,124000,0.0,0.0,0.0
2014-01-10 00:00:00-05:00,81.62445191648096,81.76678713374318,81.14501359190429,81.48211669921875,112600,0.0,0.0,0.0
2014-01-13 00:00:00-05:00,81.36225921525545,81.61695832233802,80.80041689807912,80.87532806396484,89400,0.0,0.0,0.0
2014-01-14 00:00:00-05:00,81.12251084595644,81.41466828846445,80.96519573963316,81.34724426269531,56500,0.0,0.0,0.0
2014-01-15 00:00:00-05:00,81.4971036255181,81.54204918309549,81.16748762900194,81.30233001708984,86800,0.0,0.0,0.0
2014-01-16 00:00:00-05:00,81.17495117249285,81.27233508389303,80.85282812358004,81.15996551513672,90200,0.0,0.0,0.0
2014-01-17 00:00:00-05:00,81.06259598744906,81.06259598744906,80.5007537593281,80.55319213867188,83500,0.0,0.0,0.0
2014-01-21 00:00:00-05:00,80.90527919447172,81.04761438493101,80.3584169221975,80.83036804199219,89300,0.0,0.0,0.0
2014-01-22 00:00:00-05:00,80.91277734111478,81.10005809229712,80.84535329870457,80.89030456542969,188000,0.0,0.0,0.0
2014-01-23 00:00:00-05:00,80.65057467843545,80.65057467843545,79.92392454628406,80.1561508178711,126400,0.0,0.0,0.0
2014-01-24 00:00:00-05:00,79.99884178155038,80.29099927944259,79.3246299728166,79.33212280273438,176800,0.0,0.0,0.0
2014-01-27 00:00:00-05:00,79.31715257088682,79.48945340038206,78.86018701804699,79.0699462890625,142100,0.0,0.0,0.0
2014-01-28 00:00:00-05:00,79.18981289680501,79.72918251601568,79.15236016596656,79.62430572509766,52800,0.0,0.0,0.0
2014-01-29 00:00:00-05:00,79.28717400846409,79.28717400846409,77.98370161454393,78.17098236083984,128000,0.0,0.0,0.0
2014-01-30 00:00:00-05:00,78.57552464522887,78.74033264827901,78.25340147072792,78.39573669433594,151400,0.0,0.0,0.0
2014-01-31 00:00:00-05:00,77.77395802303485,78.56053954404734,77.22709565927337,78.0736083984375,95400,0.0,0.0,0.0
2014-02-03 00:00:00-05:00,77.91629669156619,77.91629669156619,76.2232768535369,76.29069519042969,419200,0.0,0.0,0.0
2014-02-04 00:00:00-05:00,76.63528208709087,76.84503560415187,76.44050851466794,76.732666015625,101900,0.0,0.0,0.0
2014-02-05 00:00:00-05:00,76.50043972392956,76.86750837878631,76.26820771687945,76.732666015625,70100,0.0,0.0,0.0
2014-02-06 00:00:00-05:00,77.3169980664403,77.66908685429686,77.23459406437362,77.64661407470703,57600,0.0,0.0,0.0
2014-02-07 00:00:00-05:00,77.98371824141219,78.40323108900041,77.78894462343753,78.34329986572266,78300,0.0,0.0,0.0
2014-02-10 00:00:00-05:00,78.53056630045573,78.72533416748047,78.17098474185894,78.72533416748047,48400,0.0,0.0,0.0
2014-02-11 00:00:00-05:00,78.9276096447619,79.63927429795295,78.5605409289843,79.51192474365234,167500,0.0,0.0,0.0
2014-02-12 00:00:00-05:00,79.58683684723327,79.69920645573298,79.07743290867626,79.24224090576172,156900,0.0,0.0,0.0
2014-02-13 00:00:00-05:00,78.66541157462977,79.72167208292129,78.66541157462977,79.68421936035156,37900,0.0,0.0,0.0
2014-02-14 00:00:00-05:00,79.60930715913439,80.3134846829146,79.33962810858922,80.14118957519531,66000,0.0,0.0,0.0
2014-02-18 00:00:00-05:00,80.10375972495673,80.10375972495673,79.459513189295,79.75167083740234,79100,0.0,0.0,0.0
2014-02-19 00:00:00-05:00,79.83403603947893,79.88647441965489,79.39954333781823,79.49693298339844,111600,0.0,0.0,0.0
2014-02-20 00:00:00-05:00,79.51942145702691,80.17864775443313,79.42952462382591,79.97638702392578,27600,0.0,0.0,0.0
2014-02-21 00:00:00-05:00,80.14118940812878,80.30599168440851,79.7741149848119,79.78910064697266,41500,0.0,0.0,0.0
2014-02-24 00:00:00-05:00,79.90146433736467,80.59065614650146,79.90146433736467,80.1261978149414,118500,0.0,0.0,0.0
2014-02-25 00:00:00-05:00,80.07374828080663,80.75545287983776,80.07374828080663,80.36590576171875,110400,0.0,0.0,0.0
2014-02-26 00:00:00-05:00,80.67304011769626,80.80788245692403,80.17861630207655,80.28349304199219,60500,0.0,0.0,0.0
2014-02-27 00:00:00-05:00,80.22356782615631,80.61311493091142,80.15614950919144,80.59812927246094,56400,0.0,0.0,0.0
2014-02-28 00:00:00-05:00,80.57565896769464,81.5045754980323,80.57565896769464,81.11502838134766,64300,0.0,0.0,0.0
2014-03-03 00:00:00-05:00,80.56067348819177,80.90526931982262,80.25353037055221,80.6655502319336,64700,0.0,0.0,0.0
2014-03-04 00:00:00-05:00,81.30231561234466,81.9915073780838,81.30231561234466,81.90910339355469,61100,0.0,0.0,0.0
2014-03-05 00:00:00-05:00,81.92408875544204,81.92408875544204,81.57949287382688,81.74430084228516,54100,0.0,0.0,0.0
2014-03-06 00:00:00-05:00,81.88662577928689,81.88662577928689,81.57948834948394,81.63941955566406,45500,0.0,0.0,0.0
2014-03-07 00:00:00-05:00,81.83419191950237,81.84917757955172,81.45963043323451,81.78175354003906,33800,0.0,0.0,0.0
2014-03-10 00:00:00-04:00,81.65441348303342,81.90911257988515,81.56451665836819,81.85667419433594,39500,0.0,0.0,0.0
2014-03-11 00:00:00-04:00,82.0064972760401,82.11886687123715,81.64691571448056,81.84918212890625,56000,0.0,0.0,0.0
2014-03-12 00:00:00-04:00,81.54955143057755,82.04396976708396,81.54955143057755,81.99153137207031,30600,0.0,0.0,0.0
2014-03-13 00:00:00-04:00,82.22372802551126,82.3510775420578,81.45213238185958,81.53453063964844,51000,0.0,0.0,0.0
2014-03-14 00:00:00-04:00,81.28732897640593,81.96902785597693,81.28732897640593,81.60195922851562,58500,0.0,0.0,0.0
2014-03-17 00:00:00-04:00,81.976544439873,82.21626361313761,81.90912038610949,82.17131805419922,50800,0.0,0.0,0.0
2014-03-18 00:00:00-04:00,82.29867055728464,82.4335129542769,82.10389693599444,82.3286361694336,55700,0.0,0.0,0.0
2014-03-19 00:00:00-04:00,82.39605002564238,82.4110356885793,81.28735101325506,81.6094741821289,45800,0.0,0.0,0.0
2014-03-20 00:00:00-04:00,81.52704721555685,82.02895819079266,81.33227365973615,81.87164306640625,34700,0.0,0.0,0.0
2014-03-21 00:00:00-04:00,82.26868683620378,82.67321393813636,81.90161817005112,81.94656372070312,40000,0.0,0.0,0.0
2014-03-24 00:00:00-04:00,82.14882902160807,82.42600086736432,81.75928187002741,81.8641586303711,69300,0.0,0.0,0.0
2014-03-25 00:00:00-04:00,82.03646756016438,82.50841302847624,82.03646756016438,82.3436050415039,43200,0.0,0.0,0.0
2014-03-26 00:00:00-04:00,82.57582678110673,82.79306741100896,82.27617645263672,82.27617645263672,136200,0.0,0.0,0.0
2014-03-27 00:00:00-04:00,82.30614247956326,82.50840316598996,82.02896492411847,82.17878723144531,157800,0.0,0.0,0.0
2014-03-28 00:00:00-04:00,82.29114491640397,82.54584966044278,82.20874094468734,82.38853454589844,84100,0.0,0.0,0.0
2014-03-31 00:00:00-04:00,82.59082651566814,83.06277203822951,82.59082651566814,82.99535369873047,38800,0.0,0.0,0.0
2014-04-01 00:00:00-04:00,83.10020223701044,83.11518218002232,82.70316802062375,82.93539428710938,92800,0.0,0.0,0.0
2014-04-02 00:00:00-04:00,82.89796586562647,83.152664978948,82.7331578674275,83.10771942138672,107800,0.0,0.0,0.0
2014-04-03 00:00:00-04:00,83.01032975952965,83.16015781032678,82.86800025546705,83.10771942138672,48700,0.0,0.0,0.0
2014-04-04 00:00:00-04:00,83.34742004026474,83.45978962451841,82.58331143962342,82.63574981689453,58800,0.0,0.0,0.0
2014-04-07 00:00:00-04:00,82.48596692473117,83.12272058592254,82.48596692473117,82.84554290771484,45500,0.0,0.0,0.0
2014-04-08 00:00:00-04:00,82.75561466969147,83.17512170022337,82.74062900982696,83.15264892578125,58700,0.0,0.0,0.0
2014-04-09 00:00:00-04:00,83.38487730327344,83.57965087890625,83.14515817763106,83.57965087890625,31800,0.0,0.0,0.0
2014-04-10 00:00:00-04:00,83.54969410711468,84.04411807091238,82.74813266018793,82.82304382324219,77600,0.0,0.0,0.0
2014-04-11 00:00:00-04:00,82.4934220105363,82.95038747113676,82.22373728902276,82.32112121582031,116300,0.0,0.0,0.0
2014-04-14 00:00:00-04:00,82.64324179085105,83.07773446394374,82.35857713366329,82.86798095703125,87900,0.0,0.0,0.0
2014-04-15 00:00:00-04:00,83.20506937070307,83.22754214030144,82.58329607349891,83.12266540527344,27500,0.0,0.0,0.0
2014-04-16 00:00:00-04:00,83.51972328333821,83.96919594895122,83.51223616824909,83.95421600341797,43400,0.0,0.0,0.0
2014-04-17 00:00:00-04:00,83.95422396078898,84.06659356668163,83.58715524920483,84.04412078857422,32400,0.0,0.0,0.0
2014-04-21 00:00:00-04:00,84.05158841922089,84.11901245326823,83.68451979273195,84.1040267944336,61300,0.0,0.0,0.0
2014-04-22 00:00:00-04:00,84.15647206042418,84.24636887473001,83.9691913171364,84.0740737915039,39300,0.0,0.0,0.0
2014-04-23 00:00:00-04:00,83.9841800564695,84.21640635774739,83.95421445060221,84.00665283203125,34500,0.0,0.0,0.0
2014-04-24 00:00:00-04:00,84.12650563122291,84.32876630349439,83.90176647060636,84.19392395019531,56200,0.0,0.0,0.0
2014-04-25 00:00:00-04:00,84.05910136266462,84.31380618561195,83.94673175593361,84.26136779785156,44000,0.0,0.0,0.0
2014-04-28 00:00:00-04:00,84.53104095780137,85.38504648019027,84.53104095780137,85.2127456665039,44900,0.0,0.0,0.0
2014-04-29 00:00:00-04:00,85.34757095532359,85.34757095532359,84.88311270670897,84.91307830810547,84900,0.0,0.0,0.0
2014-04-30 00:00:00-04:00,84.96554364956401,85.13035165187738,84.7932485310407,85.11537170410156,123300,0.0,0.0,0.0
2014-05-01 00:00:00-04:00,85.2052491013966,85.2052491013966,84.64340684690151,85.06291961669922,305800,0.0,0.0,0.0
2014-05-02 00:00:00-04:00,85.19026228068546,85.23520782850412,84.91308473330993,85.055419921875,93100,0.0,0.0,0.0
2014-05-05 00:00:00-04:00,84.9130954308768,85.09288336015604,84.49358835744012,84.98800659179688,57000,0.0,0.0,0.0
2014-05-06 00:00:00-04:00,84.73327681723407,84.84564637559956,84.3662082609031,84.37369537353516,166600,0.0,0.0,0.0
2014-05-07 00:00:00-04:00,84.35872999741044,85.22022247314453,84.35872999741044,85.22022247314453,45700,0.0,0.0,0.0
2014-05-08 00:00:00-04:00,85.31012960402346,85.59480001660484,84.97302652269366,85.2127456665039,54500,0.0,0.0,0.0
2014-05-09 00:00:00-04:00,85.23520112832536,85.63223534379203,85.14531003975422,85.62474822998047,35700,0.0,0.0,0.0
2014-05-12 00:00:00-04:00,85.96933864739904,86.051742616959,85.63972276915923,85.8270034790039,43600,0.0,0.0,0.0
2014-05-13 00:00:00-04:00,85.89444806774874,86.03677755486069,85.82702402408093,85.92440795898438,53700,0.0,0.0,0.0
2014-05-14 00:00:00-04:00,85.81205623135644,85.81205623135644,85.31013939407363,85.4150161743164,40700,0.0,0.0,0.0
2014-05-15 00:00:00-04:00,85.1003660278631,85.10785885766686,84.5160510409701,84.65838623046875,53700,0.0,0.0,0.0
2014-05-16 00:00:00-04:00,84.65091930717799,85.20526885986328,84.65091930717799,85.20526885986328,33200,0.0,0.0,0.0
2014-05-19 00:00:00-04:00,85.13033107335758,85.13033107335758,84.82319363767262,85.055419921875,39000,0.0,0.0,0.0
2014-05-20 00:00:00-04:00,85.02544108387505,85.02544108387505,84.57596852958609,84.64338684082031,32400,0.0,0.0,0.0
2014-05-21 00:00:00-04:00,84.92060410910192,85.21276169196014,84.65091930717799,85.20526885986328,63100,0.0,0.0,0.0
2014-05-22 00:00:00-04:00,85.26518031356127,85.26518031356127,84.86814603484153,85.06291961669922,114600,0.0,0.0,0.0
2014-05-23 00:00:00-04:00,85.16029125171058,85.34007914688593,85.16029125171058,85.25767517089844,25500,0.0,0.0,0.0
2014-05-27 00:00:00-04:00,85.57233084436442,85.60978356867018,85.36257158375918,85.58731079101562,35200,0.0,0.0,0.0
2014-05-28 00:00:00-04:00,85.63224494756696,85.72963459158015,85.44496420490123,85.47492980957031,322800,0.0,0.0,0.0
2014-05-29 00:00:00-04:00,85.72213229166687,86.32892000195721,85.69965951948635,86.27648162841797,46400,0.0,0.0,0.0
2014-05-30 00:00:00-04:00,86.31394515690552,86.91324007341375,86.20906840363271,86.86080169677734,37300,0.0,0.0,0.0
2014-06-02 00:00:00-04:00,86.92822240712555,86.92822240712555,86.50871541008303,86.57613372802734,94900,0.0,0.0,0.0
2014-06-03 00:00:00-04:00,86.32145269873624,86.4488022472217,86.29148709050048,86.34392547607422,59000,0.0,0.0,0.0
2014-06-04 00:00:00-04:00,86.3963632482488,86.74095916748047,86.29148647784592,86.74095916748047,65600,0.0,0.0,0.0
2014-06-05 00:00:00-04:00,86.86078448960951,87.09301643901208,86.53117435119997,87.04806518554688,47900,0.0,0.0,0.0
2014-06-06 00:00:00-04:00,87.14548867206462,87.2803310541566,87.07806462334088,87.25785827636719,53300,0.0,0.0,0.0
2014-06-09 00:00:00-04:00,87.26532138427906,87.3327454144536,87.0480750664894,87.17543029785156,48000,0.0,0.0,0.0
2014-06-10 00:00:00-04:00,86.97316620862816,87.22037813350917,86.96567337944428,87.1529541015625,38400,0.0,0.0,0.0
2014-06-11 00:00:00-04:00,87.02561996025752,87.12300961079504,86.77840799169238,86.89077758789062,38300,0.0,0.0,0.0
2014-06-12 00:00:00-04:00,86.88330922556443,86.88330922556443,86.23906283135287,86.29898834228516,36400,0.0,0.0,0.0
2014-06-13 00:00:00-04:00,86.29146079249804,86.39633753168353,86.11916002649126,86.32142639160156,46800,0.0,0.0,0.0
2014-06-16 00:00:00-04:00,86.23906031191241,86.7035130136894,86.0667594702055,86.62110900878906,840700,0.0,0.0,0.0
2014-06-17 00:00:00-04:00,86.59863310498332,86.74846116092363,86.38138671038683,86.72598266601562,55200,0.0,0.0,0.0
2014-06-18 00:00:00-04:00,86.6960179763873,87.69234734535826,86.6960179763873,87.68486022949219,43800,0.0,0.0,0.0
2014-06-19 00:00:00-04:00,87.8271673880959,88.209221668232,87.8271673880959,88.16427612304688,44900,0.0,0.0,0.0
2014-06-20 00:00:00-04:00,88.2841463185525,88.29163914901412,87.83467365189101,87.90209197998047,73200,0.0,0.0,0.0
2014-06-23 00:00:00-04:00,87.90959967314647,87.90959967314647,87.2728461447751,87.38521575927734,66400,0.0,0.0,0.0
2014-06-24 00:00:00-04:00,87.19043512886367,87.34025745924536,86.90577041499623,87.02562713623047,50800,0.0,0.0,0.0
2014-06-25 00:00:00-04:00,86.8907821033712,87.003151705409,86.67353573019288,86.99565887451172,39800,0.0,0.0,0.0
2014-06-26 00:00:00-04:00,86.95068864213192,86.95068864213192,86.35138807825632,86.65853118896484,44200,0.0,0.0,0.0
2014-06-27 00:00:00-04:00,86.63607168045263,86.85331802523025,86.37387978687778,86.8458251953125,93000,0.0,0.0,0.0
2014-06-30 00:00:00-04:00,86.67353509486263,87.26534299359199,86.55367837816148,86.77841186523438,34200,0.0,0.0,0.0
2014-07-01 00:00:00-04:00,86.94321661689969,87.31777813010757,86.7259702533965,87.10802459716797,47600,0.0,0.0,0.0
2014-07-02 00:00:00-04:00,87.10803176104915,87.3477509206028,87.10803176104915,87.24287414550781,134400,0.0,0.0,0.0
2014-07-03 00:00:00-04:00,87.34023730125766,87.82716833564858,87.34023730125766,87.66985321044922,34200,0.0,0.0,0.0
2014-07-07 00:00:00-04:00,87.57997425799635,87.88711172156898,87.57997425799635,87.77474212646484,175700,0.0,0.0,0.0
2014-07-08 00:00:00-04:00,87.69234014597721,87.8271825201192,87.55749777183524,87.58746337890625,33300,0.0,0.0,0.0
2014-07-09 00:00:00-04:00,87.75976934600376,88.01446844803642,87.74478368391037,87.90959167480469,45200,0.0,0.0,0.0
2014-07-10 00:00:00-04:00,87.2728405403189,87.8721413022745,87.16796376428002,87.81221008300781,69700,0.0,0.0,0.0
2014-07-11 00:00:00-04:00,87.8122008758612,87.97700885388659,87.48258491981042,87.90209197998047,53100,0.0,0.0,0.0
2014-07-14 00:00:00-04:00,88.17177505298108,88.37404146412838,88.13432233209247,88.17926788330078,59300,0.0,0.0,0.0
2014-07-15 00:00:00-04:00,88.14181244223784,88.14181244223784,87.38519663323667,87.49756622314453,39000,0.0,0.0,0.0
2014-07-16 00:00:00-04:00,87.66236238440933,87.91706715152021,87.3177665239041,87.44512176513672,39300,0.0,0.0,0.0
2014-07-17 00:00:00-04:00,87.34024838016973,87.51254918601789,86.78589895695578,86.81586456298828,39200,0.0,0.0,0.0
2014-07-18 00:00:00-04:00,87.03309988025535,87.69981881268065,87.00313427802391,87.66985321044922,36500,0.0,0.0,0.0
2014-07-21 00:00:00-04:00,87.30278743462863,87.30278743462863,86.97317151467809,87.212890625,141800,0.0,0.0,0.0
2014-07-22 00:00:00-04:00,87.220383454641,87.29529460498763,86.94320591146855,87.212890625,38400,0.0,0.0,0.0
2014-07-23 00:00:00-04:00,87.22788283319805,87.3702123149362,87.02561642518644,87.0930404663086,33100,0.0,0.0,0.0
2014-07-24 00:00:00-04:00,87.16046548462141,87.49008145462822,87.16046548462141,87.40018463134766,43600,0.0,0.0,0.0
2014-07-25 00:00:00-04:00,87.36272295903312,87.36272295903312,86.78589507060943,86.96568298339844,37900,0.0,0.0,0.0
2014-07-28 00:00:00-04:00,86.95821834149476,86.95821834149476,86.29898629864412,86.48626708984375,690300,0.0,0.0,0.0
2014-07-29 00:00:00-04:00,86.59859633137916,86.75591143679655,86.04424704819118,86.0592269897461,678700,0.0,0.0,0.0
2014-07-30 00:00:00-04:00,86.26902385319602,86.27651096956639,85.22773742675781,85.22773742675781,66100,0.0,0.0,0.0
2014-07-31 00:00:00-04:00,84.6733746658322,84.69584744214251,83.76693649073393,83.77442932128906,87900,0.0,0.0,0.0
2014-08-01 00:00:00-04:00,83.88680160434731,84.69585015420076,83.88680160434731,84.4186782836914,111700,0.0,0.0,0.0
2014-08-04 00:00:00-04:00,84.55351819327198,84.82320294046998,84.20892228637567,84.74079895019531,45100,0.0,0.0,0.0
2014-08-05 00:00:00-04:00,84.61342095656696,84.8381600906306,84.08154443566018,84.29129791259766,40200,0.0,0.0,0.0
2014-08-06 00:00:00-04:00,83.71449971008973,85.01797219923596,83.71449971008973,84.98800659179688,54000,0.0,0.0,0.0
2014-08-07 00:00:00-04:00,85.16778748091143,85.16778748091143,84.16395978578812,84.40367889404297,32100,0.0,0.0,0.0
2014-08-08 00:00:00-04:00,84.46364193021802,85.20527230784205,84.37374508748677,85.19029235839844,32400,0.0,0.0,0.0
2014-08-11 00:00:00-04:00,85.40752117317057,86.20158978322925,85.40752117317057,85.86448669433594,969300,0.0,0.0,0.0
2014-08-12 00:00:00-04:00,85.8345291558697,85.90944032540473,85.57982432102357,85.76710510253906,33700,0.0,0.0,0.0
2014-08-13 00:00:00-04:00,85.89443050819787,86.1416367101629,85.74460250587403,85.98432159423828,30400,0.0,0.0,0.0
2014-08-14 00:00:00-04:00,86.03676783515559,86.33641815185547,86.03676783515559,86.33641815185547,26700,0.0,0.0,0.0
2014-08-15 00:00:00-04:00,86.85332012827926,86.89826567816479,85.99932038832569,86.43380737304688,43900,0.0,0.0,0.0
2014-08-18 00:00:00-04:00,86.7484735929647,87.04811831707592,86.74098076025489,86.92076873779297,185800,0.0,0.0,0.0
2014-08-19 00:00:00-04:00,87.0705474574636,87.27280810311872,86.80086278635444,87.16043853759766,46000,0.0,0.0,0.0
2014-08-20 00:00:00-04:00,87.08556474763397,87.2353870890144,86.93574240625355,87.16796875,72700,0.0,0.0,0.0
2014-08-21 00:00:00-04:00,87.1904357579603,87.60994285834032,87.1904357579603,87.24287414550781,40600,0.0,0.0,0.0
2014-08-22 00:00:00-04:00,87.24286198997473,87.4900739462642,87.0630740741982,87.13798522949219,44700,0.0,0.0,0.0
2014-08-25 00:00:00-04:00,87.43013565109962,87.73727879287726,87.43013565109962,87.61741638183594,73000,0.0,0.0,0.0
2014-08-26 00:00:00-04:00,87.66237532973281,87.77474492842403,87.53502578504852,87.54251861572266,52000,0.0,0.0,0.0
2014-08-27 00:00:00-04:00,87.60992278833896,87.62490844726562,87.43762771816242,87.62490844726562,27600,0.0,0.0,0.0
2014-08-28 00:00:00-04:00,87.40017004833929,87.64738198459627,87.37769727510764,87.61741638183594,33800,0.0,0.0,0.0
2014-08-29 00:00:00-04:00,87.6323863677417,87.75224304199219,87.42262718593506,87.75224304199219,52000,0.0,0.0,0.0
2014-09-02 00:00:00-04:00,87.6923431346629,88.02945193918458,87.46011681614189,87.70732879638672,57800,0.0,0.0,0.0
2014-09-03 00:00:00-04:00,87.9395596374328,88.02196363508558,87.71482042286054,87.81221008300781,40100,0.0,0.0,0.0
2014-09-04 00:00:00-04:00,87.97699547959846,88.2766400682507,87.80469469730467,87.93953704833984,54800,0.0,0.0,0.0
2014-09-05 00:00:00-04:00,87.97702718595279,88.46395267567458,87.78225356085034,88.41151428222656,34500,0.0,0.0,0.0
2014-09-08 00:00:00-04:00,88.35155693076793,88.39650247599494,87.87211873049934,87.93953704833984,60400,0.0,0.0,0.0
2014-09-09 00:00:00-04:00,87.96199461323558,87.9694874412627,87.63238447963346,87.67733001708984,35700,0.0,0.0,0.0
2014-09-10 00:00:00-04:00,87.69983611632966,88.20174719318895,87.68485616993544,88.09687042236328,35900,0.0,0.0,0.0
2014-09-11 00:00:00-04:00,87.90959756449887,88.23172073682213,87.88712478520866,88.22422790527344,59700,0.0,0.0,0.0
2014-09-12 00:00:00-04:00,88.20923532512677,88.20923532512677,87.41516675535983,87.60244750976562,46100,0.0,0.0,0.0
2014-09-15 00:00:00-04:00,87.76725379634512,87.98449443775598,87.70732258440526,87.91707611083984,55300,0.0,0.0,0.0
2014-09-16 00:00:00-04:00,87.72979729903471,88.77107783924556,87.72979729903471,88.56881713867188,58500,0.0,0.0,0.0
2014-09-17 00:00:00-04:00,88.58380329002767,88.74861128037297,88.26917297138054,88.39652252197266,59800,0.0,0.0,0.0
2014-09-18 00:00:00-04:00,88.61373901367188,88.65119172543864,88.32907439975968,88.61373901367188,41100,0.0,0.0,0.0
2014-09-19 00:00:00-04:00,88.84598432938722,88.92089548435375,88.70365484955724,88.72612762451172,51600,0.0,0.0,0.0
2014-09-22 00:00:00-04:00,88.59129379408765,88.65871212544602,88.35157464588796,88.45645141601562,65100,0.0,0.0,0.0
2014-09-23 00:00:00-04:00,88.27664127076439,88.28413410018902,87.79720306396484,87.79720306396484,38500,0.0,0.0,0.0
2014-09-24 00:00:00-04:00,87.80470228836009,88.83100281081958,87.80470228836009,88.8160171508789,49700,0.0,0.0,0.0
2014-09-25 00:00:00-04:00,88.65122931789973,88.65122931789973,87.6249342777054,87.7822494506836,76500,0.0,0.0,0.0
2014-09-26 00:00:00-04:00,87.72230360541573,88.17926910018963,87.40018048148258,88.03693389892578,50200,0.0,0.0,0.0
2014-09-29 00:00:00-04:00,87.4825659037871,88.09684641494826,87.42263470383143,88.01444244384766,297500,0.0,0.0,0.0
2014-09-30 00:00:00-04:00,87.99199178995109,88.21673098859733,87.74477981451126,88.02195739746094,63600,0.0,0.0,0.0
2014-10-01 00:00:00-04:00,87.92455728845655,87.92455728845655,87.28031113387286,87.45260620117188,226100,0.0,0.0,0.0
2014-10-02 00:00:00-04:00,87.35522604554808,87.78222589055831,87.15295965218013,87.56497955322266,137000,0.0,0.0,0.0
2014-10-03 00:00:00-04:00,88.13432936711796,88.61376766945936,87.87213743854929,88.53885650634766,113000,0.0,0.0,0.0
2014-10-06 00:00:00-04:00,88.74112327212039,88.74112327212039,88.06691132741014,88.62875366210938,121700,0.0,0.0,0.0
2014-10-07 00:00:00-04:00,88.2466969045628,88.75610080330033,88.12683447410444,88.14930725097656,238800,0.0,0.0,0.0
2014-10-08 00:00:00-04:00,88.21669710482733,89.37034683174454,88.11182037650332,89.36285400390625,133300,0.0,0.0,0.0
2014-10-09 00:00:00-04:00,89.23554429720949,89.75243534147101,88.44146993751329,88.471435546875,97700,0.0,0.0,0.0
2014-10-10 00:00:00-04:00,88.45643715723948,89.66252553464687,88.3141019712863,88.80103302001953,160400,0.0,0.0,0.0
2014-10-13 00:00:00-04:00,88.71114637524907,88.9059199601305,87.5574962422668,87.60244750976562,112800,0.0,0.0,0.0
2014-10-14 00:00:00-04:00,87.96201300771799,88.05190981678302,87.40766364020288,87.60992431640625,403400,0.0,0.0,0.0
2014-10-15 00:00:00-04:00,86.64356153282547,87.19791090524106,85.36255628258067,86.68850708007812,204200,0.0,0.0,0.0
2014-10-16 00:00:00-04:00,85.4974076404869,86.44130423964286,85.2277228978709,86.02179718017578,119300,0.0,0.0,0.0
2014-10-17 00:00:00-04:00,86.65103102461619,87.09301643901208,86.02177062963621,87.04806518554688,71900,0.0,0.0,0.0
2014-10-20 00:00:00-04:00,86.81586872119722,88.31411480245401,86.81586872119722,88.24669647216797,745400,0.0,0.0,0.0
2014-10-21 00:00:00-04:00,88.1942608868179,88.73362469228888,87.79722086178623,88.66620635986328,127700,0.0,0.0,0.0
2014-10-22 00:00:00-04:00,88.76357458728836,89.45277202820287,88.76357458728836,88.80103302001953,123300,0.0,0.0,0.0
2014-10-23 00:00:00-04:00,89.31041535628535,89.35536089246641,88.6661693327094,88.78602600097656,97400,0.0,0.0,0.0
2014-10-24 00:00:00-04:00,88.97333842817181,89.52020074665236,88.9508656520646,89.48274230957031,65200,0.0,0.0,0.0
2014-10-27 00:00:00-04:00,89.07821475638993,89.96966720074931,89.07821475638993,89.65503692626953,93700,0.0,0.0,0.0
2014-10-28 00:00:00-04:00,89.93223865348494,90.11202661360305,89.6700409722573,90.08955383300781,72900,0.0,0.0,0.0
2014-10-29 00:00:00-04:00,90.1869248371092,90.32176721667433,89.49773299282315,90.02960968017578,96400,0.0,0.0,0.0
2014-10-30 00:00:00-04:00,89.737446147785,90.77123384514059,89.60260377722949,90.59144592285156,62100,0.0,0.0,0.0
2014-10-31 00:00:00-04:00,91.33306697327305,91.39299817983013,90.98097827894321,91.2581558227539,100000,0.0,0.0,0.0
2014-11-03 00:00:00-05:00,91.16826759951192,91.62523309067828,91.09335644193736,91.6027603149414,179900,0.0,0.0,0.0
2014-11-04 00:00:00-05:00,91.39300468447178,92.15710761871696,91.39300468447178,92.01477813720703,106300,0.0,0.0,0.0
2014-11-05 00:00:00-05:00,92.50918271940004,92.96614813277878,92.17207971002082,92.57660675048828,97300,0.0,0.0,0.0
2014-11-06 00:00:00-05:00,92.70399085679578,92.92873009046986,92.38936050193698,92.81636047363281,273100,0.0,0.0,0.0
2014-11-07 00:00:00-05:00,92.71895775467462,92.99613534181141,92.26948506594752,92.98115539550781,75700,0.0,0.0,0.0
2014-11-10 00:00:00-05:00,93.02606840501024,93.44557533901215,92.74140380198799,93.43059539794922,60900,0.0,0.0,0.0
2014-11-11 00:00:00-05:00,93.43812498174111,93.52052326303007,93.0485777766296,93.22087860107422,71000,0.0,0.0,0.0
2014-11-12 00:00:00-05:00,92.9511888468574,93.41564147718773,92.84631207772765,93.28829193115234,62400,0.0,0.0,0.0
2014-11-13 00:00:00-05:00,93.34070425311803,94.08982708936352,93.32572431114873,93.65533447265625,64700,0.0,0.0,0.0
2014-11-14 00:00:00-05:00,93.68532248202008,93.68532248202008,92.90623386011981,93.13846588134766,71900,0.0,0.0,0.0
2014-11-17 00:00:00-05:00,93.04107595362613,93.6778350871324,93.04107595362613,93.66284942626953,76800,0.0,0.0,0.0
2014-11-18 00:00:00-05:00,93.70031827921144,94.15728382529176,93.61042145010599,94.08236694335938,71400,0.0,0.0,0.0
2014-11-19 00:00:00-05:00,94.08985728933831,94.47191165875034,93.91756218229843,94.40448760986328,94300,0.0,0.0,0.0
2014-11-20 00:00:00-05:00,94.082360104389,94.23968097272659,93.8800993977989,94.03741455078125,63700,0.0,0.0,0.0
2014-11-21 00:00:00-05:00,94.86894707403358,94.8914198521378,94.30710476000606,94.48689270019531,112800,0.0,0.0,0.0
2014-11-24 00:00:00-05:00,94.6966363499327,94.80900022192544,94.24715800054325,94.35952758789062,111600,0.0,0.0,0.0
2014-11-25 00:00:00-05:00,94.44943347243316,94.68165978399564,94.23967993742767,94.5318374633789,113500,0.0,0.0,0.0
2014-11-26 00:00:00-05:00,94.56926754512504,94.93634185885895,94.56926754512504,94.92135620117188,67200,0.0,0.0,0.0
2014-11-28 00:00:00-05:00,95.07118237295815,96.284757715998,95.07118237295815,95.9476547241211,63400,0.0,0.0,0.0
2014-12-01 00:00:00-05:00,95.64800956571386,95.7753590836538,95.26595529654004,95.4307632446289,122500,0.0,0.0,0.0
2014-12-02 00:00:00-05:00,95.43827043686913,95.82032476354084,95.40081200108284,95.7004623413086,128900,0.0,0.0,0.0
2014-12-03 00:00:00-05:00,95.68549797310578,95.72295069963424,95.01128602667978,95.21354675292969,99800,0.0,0.0,0.0
2014-12-04 00:00:00-05:00,95.20602992394474,95.27345395927041,94.69663182099436,95.13111877441406,78900,0.0,0.0,0.0
2014-12-05 00:00:00-05:00,95.17609090944005,95.32591324135888,94.80901648013437,95.31842041015625,63700,0.0,0.0,0.0
2014-12-08 00:00:00-05:00,95.13863873714797,95.63306275269615,94.87644678133726,95.07122039794922,89300,0.0,0.0,0.0
2014-12-09 00:00:00-05:00,94.42694038465639,94.86892013615459,93.88007817286046,94.8614273071289,101200,0.0,0.0,0.0
2014-12-10 00:00:00-05:00,94.8764090619818,95.07866971452269,93.82763594033644,93.8725814819336,124400,0.0,0.0,0.0
2014-12-11 00:00:00-05:00,94.17975090980957,95.24350427081121,94.17975090980957,94.69664764404297,78500,0.0,0.0,0.0
2014-12-12 00:00:00-05:00,94.23968471855397,94.98131495933623,93.46059603803955,93.53550720214844,107000,0.0,0.0,0.0
2014-12-15 00:00:00-05:00,93.78272229687792,94.11982540422224,92.51670243464788,92.85380554199219,156400,0.0,0.0,0.0
2014-12-16 00:00:00-05:00,92.54668395395352,94.28464960830847,92.4193343773181,92.456787109375,154400,0.0,0.0,0.0
2014-12-17 00:00:00-05:00,92.76390060230366,94.00744178539327,92.67400378657781,93.8651123046875,109300,0.0,0.0,0.0
2014-12-18 00:00:00-05:00,94.80238774285881,95.80303955078125,94.45865407949115,95.80303955078125,160900,2.417,0.0,0.0
2014-12-19 00:00:00-05:00,95.90233553858461,96.23079457917628,95.54332149098771,95.69609069824219,139100,0.0,0.0,0.0
2014-12-22 00:00:00-05:00,95.84119026384641,96.54393768310547,95.84119026384641,96.54393768310547,127800,0.0,0.0,0.0
2014-12-23 00:00:00-05:00,96.79602478833051,97.42238771464069,96.6508899962611,97.30780792236328,108300,0.0,0.0,0.0
2014-12-24 00:00:00-05:00,97.50642846241668,97.59808764902084,97.10921922789439,97.11685943603516,193500,0.0,0.0,0.0
2014-12-26 00:00:00-05:00,97.30783399555884,97.5751830306609,97.20089438151801,97.3001937866211,69800,0.0,0.0,0.0
2014-12-29 00:00:00-05:00,97.23908300740501,97.23908300740501,96.69673893725228,97.0481185913086,502500,0.0,0.0,0.0
2014-12-30 00:00:00-05:00,96.91060164983442,97.10156602193152,96.5974172822655,96.63561248779297,147300,0.0,0.0,0.0
2014-12-31 00:00:00-05:00,96.94883931408465,96.94883931408465,95.45167859049754,95.66555786132812,83100,0.0,0.0,0.0
2015-01-02 00:00:00-05:00,95.8259207027186,95.89467090791436,94.58083508014883,95.0849838256836,258200,0.0,0.0,0.0
2015-01-05 00:00:00-05:00,95.0009679826893,95.16137737289436,94.23711041346287,94.30585479736328,165600,0.0,0.0,0.0
2015-01-06 00:00:00-05:00,94.73361225971418,95.19956583868056,93.87809552018567,94.2294692993164,195700,0.0,0.0,0.0
2015-01-07 00:00:00-05:00,94.93987094486414,95.87177823903862,94.84820592604038,95.78011322021484,112500,0.0,0.0,0.0
2015-01-08 00:00:00-05:00,96.6127035934023,97.35364050704335,96.4522883826103,97.25434112548828,255100,0.0,0.0,0.0
2015-01-09 00:00:00-05:00,97.57516192979044,97.57516192979044,96.48284539878514,96.5057601928711,115600,0.0,0.0,0.0
2015-01-12 00:00:00-05:00,96.62800184201703,96.71966686666347,95.92525413637672,96.11621856689453,129400,0.0,0.0,0.0
2015-01-13 00:00:00-05:00,96.68145110120223,97.28489927271696,95.4821949655458,96.0780029296875,174100,0.0,0.0,0.0
2015-01-14 00:00:00-05:00,95.30651691202362,95.8946905690733,95.17666250952693,95.81830596923828,123800,0.0,0.0,0.0
2015-01-15 00:00:00-05:00,96.1849576203447,96.49050185775103,95.64261936714,96.03218841552734,87900,0.0,0.0,0.0
2015-01-16 00:00:00-05:00,95.87938785042846,96.79602031854984,95.80300326836085,96.75019073486328,115100,0.0,0.0,0.0
2015-01-20 00:00:00-05:00,97.10158929165567,97.52170751428564,96.3071766140238,97.12450408935547,515800,0.0,0.0,0.0
2015-01-21 00:00:00-05:00,96.9335452055331,97.55226808983744,96.45995132420356,97.47588348388672,154400,0.0,0.0,0.0
2015-01-22 00:00:00-05:00,97.83486281978921,98.55289068198861,97.08627996049944,98.52997589111328,121200,0.0,0.0,0.0
2015-01-23 00:00:00-05:00,98.12515704338921,98.12515704338921,97.49878818724459,97.51406860351562,143700,0.0,0.0,0.0
2015-01-26 00:00:00-05:00,97.43768615270042,97.6668457933519,97.07867210197325,97.6057357788086,114000,0.0,0.0,0.0
2015-01-27 00:00:00-05:00,96.83422025481009,96.88005567126473,96.02453310661656,96.47521209716797,188000,0.0,0.0,0.0
2015-01-28 00:00:00-05:00,96.84184982181925,97.10156439395749,95.29122007883137,95.40579986572266,116200,0.0,0.0,0.0
2015-01-29 00:00:00-05:00,95.65022494256145,96.14673342009888,94.94747753041868,96.07034301757812,109600,0.0,0.0,0.0
2015-01-30 00:00:00-05:00,95.63498135939204,95.63498135939204,94.19893098663793,94.29059600830078,113700,0.0,0.0,0.0
2015-02-02 00:00:00-05:00,94.49683502588275,95.505126953125,93.60312291878043,95.505126953125,217900,0.0,0.0,0.0
2015-02-03 00:00:00-05:00,95.88705398752411,96.34536743164062,95.51276535473565,96.34536743164062,109200,0.0,0.0,0.0
2015-02-04 00:00:00-05:00,96.20024058486491,97.06339768770539,96.20024058486491,96.4370346069336,116300,0.0,0.0,0.0
2015-02-05 00:00:00-05:00,96.60508502446167,96.94118428003804,96.45995019541337,96.91062927246094,111200,0.0,0.0,0.0
2015-02-06 00:00:00-05:00,97.03283717569619,97.03283717569619,96.16968012182271,96.52869415283203,81400,0.0,0.0,0.0
2015-02-09 00:00:00-05:00,96.35299578116945,96.42174599459958,95.57386360484371,95.83357238769531,106000,0.0,0.0,0.0
2015-02-10 00:00:00-05:00,96.62800671709137,96.97174037825671,96.10094299738375,96.88008117675781,129800,0.0,0.0,0.0
2015-02-11 00:00:00-05:00,97.07865739074559,97.55989139763349,96.7043688069879,97.36892700195312,142400,0.0,0.0,0.0
2015-02-12 00:00:00-05:00,97.59045127866662,97.70503108735669,97.2772668567652,97.68975067138672,82600,0.0,0.0,0.0
2015-02-13 00:00:00-05:00,97.68975790197842,97.68975790197842,97.17797465675672,97.37657928466797,94100,0.0,0.0,0.0
2015-02-17 00:00:00-05:00,97.29254187015933,97.49878085213223,96.78075286346576,97.38420104980469,164300,0.0,0.0,0.0
2015-02-18 00:00:00-05:00,97.27728399151881,97.88836669921875,97.20853959085859,97.88836669921875,69900,0.0,0.0,0.0
2015-02-19 00:00:00-05:00,97.65919325491657,97.73557784956611,97.26962424610167,97.33073425292969,78000,0.0,0.0,0.0
2015-02-20 00:00:00-05:00,97.18558768998106,97.65917558779591,96.6661643814516,97.5904312133789,107800,0.0,0.0,0.0
2015-02-23 00:00:00-05:00,97.54462016958453,97.89599981916918,97.54462016958453,97.87308502197266,76000,0.0,0.0,0.0
2015-02-24 00:00:00-05:00,97.89598447538837,98.26263282860864,97.66682488379783,98.20152282714844,116100,0.0,0.0,0.0
2015-02-25 00:00:00-05:00,98.14041182742329,98.27026620837752,97.77376347793249,97.90361785888672,76000,0.0,0.0,0.0
2015-02-26 00:00:00-05:00,97.83487882757566,98.04875801443352,97.62863402041218,97.9876480102539,73300,0.0,0.0,0.0
2015-02-27 00:00:00-05:00,98.07929810406759,98.46887288768515,97.98000455507172,98.32373809814453,69300,0.0,0.0,0.0
2015-03-02 00:00:00-05:00,98.34667259439432,98.53000262668218,98.14807380107288,98.48416137695312,101600,0.0,0.0,0.0
2015-03-03 00:00:00-05:00,98.44597903609872,98.44597903609872,97.7050361728116,98.12516021728516,82000,0.0,0.0,0.0
2015-03-04 00:00:00-05:00,98.0105815533137,98.0105815533137,97.23908945710788,97.47588348388672,75700,0.0,0.0,0.0
2015-03-05 00:00:00-05:00,97.8195940739205,97.83487448817301,97.4605801000026,97.80431365966797,117400,0.0,0.0,0.0
2015-03-06 00:00:00-05:00,97.38419450781991,97.38419450781991,95.70371027914214,96.0092544555664,151300,0.0,0.0,0.0
2015-03-09 00:00:00-04:00,96.23078480193045,96.58979298527969,96.03218019046089,96.44466400146484,90900,0.0,0.0,0.0
2015-03-10 00:00:00-04:00,95.86411444410571,95.86411444410571,95.02387237548828,95.02387237548828,140200,0.0,0.0,0.0
2015-03-11 00:00:00-04:00,95.21486044385912,95.21486044385912,94.19892833648841,94.43572235107422,103100,0.0,0.0,0.0
2015-03-12 00:00:00-04:00,94.71834712431513,95.78010877505149,94.68015191130165,95.77246856689453,87000,0.0,0.0,0.0
2015-03-13 00:00:00-04:00,95.6960663268458,95.6960663268458,94.51209070272328,95.0849838256836,109700,0.0,0.0,0.0
2015-03-16 00:00:00-04:00,95.54330568811045,96.13147344930606,95.48219568420758,96.10855865478516,1680400,0.0,0.0,0.0
2015-03-17 00:00:00-04:00,96.00924981149069,96.00924981149069,95.27594732020539,95.5585708618164,97100,0.0,0.0,0.0
2015-03-18 00:00:00-04:00,95.42874687408083,96.59744827382882,94.29060048300384,96.17733001708984,130400,0.0,0.0,0.0
2015-03-19 00:00:00-04:00,95.97870719444822,96.16967159164061,95.71135820393306,95.83357238769531,68600,0.0,0.0,0.0
2015-03-20 00:00:00-04:00,96.2002410090005,97.01756851834,96.06274638930918,96.97173309326172,87200,0.0,0.0,0.0
2015-03-23 00:00:00-04:00,96.95646014545729,97.74323266065987,96.95646014545729,97.3001937866211,153900,0.0,0.0,0.0
2015-03-24 00:00:00-04:00,97.49112759146608,97.69737237359566,96.75019073486328,96.75019073486328,101200,0.0,0.0,0.0
2015-03-25 00:00:00-04:00,97.69739616285403,97.92654996485565,96.52105466371034,96.55924987792969,126900,0.0,0.0,0.0
2015-03-26 00:00:00-04:00,96.26134455777469,96.54397400409134,95.88705591745288,96.16968536376953,63500,0.0,0.0,0.0
2015-03-27 00:00:00-04:00,96.23076832826845,96.85713123158027,96.16965833092826,96.82657623291016,88200,0.0,0.0,0.0
2015-03-30 00:00:00-04:00,97.19322777909663,97.79667591032619,96.71199964659371,97.76612091064453,132900,0.0,0.0,0.0
2015-03-31 00:00:00-04:00,97.44529703121141,98.5376134443644,95.57384856434504,97.00225830078125,155200,0.0,0.0,0.0
2015-04-01 00:00:00-04:00,96.95642871755399,97.00225830078125,96.11618666769093,97.00225830078125,146000,0.0,0.0,0.0
2015-04-02 00:00:00-04:00,97.00990639820141,97.81195913653882,96.97935139764117,97.66682434082031,65000,0.0,0.0,0.0
2015-04-06 00:00:00-04:00,97.3842103220829,98.78207705024944,97.32310613909166,98.48416137695312,76000,0.0,0.0,0.0
2015-04-07 00:00:00-04:00,98.48415076784362,98.72859078456203,97.96473321562925,97.9876480102539,98200,0.0,0.0,0.0
2015-04-08 00:00:00-04:00,98.13279472028744,98.35430831371727,97.72031088368207,98.10223388671875,77500,0.0,0.0,0.0
2015-04-09 00:00:00-04:00,98.17860494402592,98.4765089070568,97.74320639592155,98.43067932128906,52400,0.0,0.0,0.0
2015-04-10 00:00:00-04:00,98.4688914127832,98.81262502052311,98.26264658592218,98.53763580322266,47500,0.0,0.0,0.0
2015-04-13 00:00:00-04:00,98.3542866337997,98.62164141865043,98.06402871213533,98.11749267578125,90100,0.0,0.0,0.0
2015-04-14 00:00:00-04:00,98.16334184805486,98.46889189964536,97.73558343137086,98.30084228515625,97500,0.0,0.0,0.0
2015-04-15 00:00:00-04:00,98.5376139716522,98.82023750675933,98.0334652423746,98.10985565185547,95000,0.0,0.0,0.0
2015-04-16 00:00:00-04:00,98.2855494411551,98.69039300972295,98.18624423000182,98.35429382324219,104900,0.0,0.0,0.0
2015-04-17 00:00:00-04:00,97.96475945066926,97.96475945066926,96.8877171927113,97.43006134033203,85700,0.0,0.0,0.0
2015-04-20 00:00:00-04:00,97.85781573910724,98.26265940969726,97.735595703125,97.735595703125,56000,0.0,0.0,0.0
2015-04-21 00:00:00-04:00,98.0869553220218,98.36194451894114,97.75085611961572,97.85779571533203,61500,0.0,0.0,0.0
2015-04-22 00:00:00-04:00,98.06404107545046,98.06404107545046,97.4300378774638,97.99528503417969,77200,0.0,0.0,0.0
2015-04-23 00:00:00-04:00,97.64390954734274,98.08694831381047,97.53696995926715,97.66682434082031,88700,0.0,0.0,0.0
2015-04-24 00:00:00-04:00,97.79670020342758,97.91127419598156,97.56754639054785,97.6057357788086,99500,0.0,0.0,0.0
2015-04-27 00:00:00-04:00,97.76611742422946,97.77375763082,97.04045514792126,97.10919952392578,135600,0.0,0.0,0.0
2015-04-28 00:00:00-04:00,97.22379657326832,97.32310179326609,96.73492816453985,97.1550521850586,71400,0.0,0.0,0.0
2015-04-29 00:00:00-04:00,97.00227516170798,97.00227516170798,96.23078318035515,96.33772277832031,83600,0.0,0.0,0.0
2015-04-30 00:00:00-04:00,96.32243456573102,96.41409956846873,95.54330243965734,95.8946762084961,90900,0.0,0.0,0.0
2015-05-01 00:00:00-04:00,96.22312721138775,96.76546532016879,96.10090721786354,96.75019073486328,134700,0.0,0.0,0.0
2015-05-04 00:00:00-04:00,97.00992830953166,97.17797793668457,96.80368929388058,96.97173309326172,74900,0.0,0.0,0.0
2015-05-05 00:00:00-04:00,96.91826209838977,97.00228691093562,96.02454999524404,96.1849594116211,91500,0.0,0.0,0.0
2015-05-06 00:00:00-04:00,96.53634181948205,96.66620206806964,95.97108870763637,96.48287200927734,64800,0.0,0.0,0.0
2015-05-07 00:00:00-04:00,96.10094685457466,96.826615252943,95.97109242872445,96.68148040771484,74300,0.0,0.0,0.0
2015-05-08 00:00:00-04:00,97.24671161163042,97.81960482589,97.24671161163042,97.42240142822266,52300,0.0,0.0,0.0
2015-05-11 00:00:00-04:00,97.27725336912673,97.76612171250223,97.07101440429688,97.07101440429688,62600,0.0,0.0,0.0
2015-05-12 00:00:00-04:00,96.72730755549726,97.18562688084468,96.39121409875408,96.94119262695312,42200,0.0,0.0,0.0
2015-05-13 00:00:00-04:00,97.10159243673633,97.46824086735184,96.81132278241301,96.89534759521484,62800,0.0,0.0,0.0
2015-05-14 00:00:00-04:00,97.39185107085966,98.37722231796127,97.39185107085966,98.31612396240234,63300,0.0,0.0,0.0
2015-05-15 00:00:00-04:00,98.37720960485377,98.65984482661783,98.34666043102213,98.6521987915039,67700,0.0,0.0,0.0
2015-05-18 00:00:00-04:00,98.48415891326258,98.68276935715832,98.27027970871521,98.52235412597656,49700,0.0,0.0,0.0
2015-05-19 00:00:00-04:00,98.57585193376373,98.57585193376373,97.97239774152017,98.27030181884766,69000,0.0,0.0,0.0
2015-05-20 00:00:00-04:00,98.30847871890717,98.52235793171629,98.10223388671875,98.10223388671875,52400,0.0,0.0,0.0
2015-05-21 00:00:00-04:00,98.17097365418883,98.35429200302846,97.78904488671824,98.20152282714844,62800,0.0,0.0,0.0
2015-05-22 00:00:00-04:00,98.14043976994624,98.14043976994624,97.82726695285056,97.89601135253906,39500,0.0,0.0,0.0
2015-05-26 00:00:00-04:00,97.76612583400893,97.84251042317455,96.9411641121415,97.13976287841797,82100,0.0,0.0,0.0
2015-05-27 00:00:00-04:00,97.36891421245548,97.79667253770639,97.3078042151996,97.7279281616211,52300,0.0,0.0,0.0
2015-05-28 00:00:00-04:00,97.55989465243938,97.72030405083,97.20088064413947,97.58280944824219,66300,0.0,0.0,0.0
2015-05-29 00:00:00-04:00,97.57516802028205,97.57516802028205,96.8265908371529,97.0175552368164,62800,0.0,0.0,0.0
2015-06-01 00:00:00-04:00,97.24670901975,97.30781902630736,96.65854123300568,97.0175552368164,60400,0.0,0.0,0.0
2015-06-02 00:00:00-04:00,96.87241746756709,96.9411676797857,96.29188407855648,96.67381286621094,82400,0.0,0.0,0.0
2015-06-03 00:00:00-04:00,96.93355487749876,97.05576909366,96.56690057347011,96.68148040771484,57600,0.0,0.0,0.0
2015-06-04 00:00:00-04:00,96.51340142651887,96.7272806106231,95.8030136634466,95.85648345947266,87300,0.0,0.0,0.0
2015-06-05 00:00:00-04:00,95.78776740917868,95.83359701139372,94.67253574235754,94.72600555419922,229700,0.0,0.0,0.0
2015-06-08 00:00:00-04:00,94.70306624370112,94.91694543571538,94.48918122391595,94.6190414428711,82500,0.0,0.0,0.0
2015-06-09 00:00:00-04:00,94.61903254594897,95.37524985454198,94.55028233911123,95.00096130371094,84300,0.0,0.0,0.0
2015-06-10 00:00:00-04:00,95.29885770486712,96.12381932705199,95.29885770486712,95.94813537597656,67300,0.0,0.0,0.0
2015-06-11 00:00:00-04:00,96.09327015729357,96.37589368583315,95.87175079604073,95.94813537597656,69600,0.0,0.0,0.0
2015-06-12 00:00:00-04:00,95.71901295497707,95.71901295497707,95.30652906992319,95.6502685546875,69400,0.0,0.0,0.0
2015-06-15 00:00:00-04:00,95.28359479327632,95.35997938724196,94.86347661257976,94.91694641113281,84100,0.0,0.0,0.0
2015-06-16 00:00:00-04:00,95.2530444803869,95.9939873166567,95.0850006964964,95.96343231201172,90400,0.0,0.0,0.0
2015-06-17 00:00:00-04:00,96.12386093263943,96.61273527692353,95.7419320398789,96.42940521240234,205000,0.0,0.0,0.0
2015-06-18 00:00:00-04:00,96.57451900489679,97.83488524182209,96.57451900489679,97.42240142822266,101400,0.0,0.0,0.0
2015-06-19 00:00:00-04:00,97.40713325909074,97.865446722567,97.33838886206665,97.47588348388672,94700,0.0,0.0,0.0
2015-06-22 00:00:00-04:00,97.92653865404955,98.17861305213032,97.75085467558415,97.79668426513672,62600,0.0,0.0,0.0
2015-06-23 00:00:00-04:00,97.8577863559409,97.8577863559409,97.33072280762683,97.52932739257812,67800,0.0,0.0,0.0
2015-06-24 00:00:00-04:00,97.38418030128467,97.59042506708622,97.04808700124113,97.0786361694336,65100,0.0,0.0,0.0
2015-06-25 00:00:00-04:00,97.2543698476802,97.38422426831846,96.88008117675781,96.88008117675781,76800,0.0,0.0,0.0
2015-06-26 00:00:00-04:00,97.01757313813116,97.3231173995248,96.82660870323163,97.02520751953125,47100,0.0,0.0,0.0
2015-06-29 00:00:00-04:00,96.18494374190382,96.63562273829868,95.47455596923828,95.47455596923828,99500,0.0,0.0,0.0
2015-06-30 00:00:00-04:00,96.07801091905044,96.07801091905044,95.39817810058594,95.39817810058594,95800,0.0,0.0,0.0
2015-07-01 00:00:00-04:00,96.00925744695374,96.5439554015281,95.60441387738021,96.5057601928711,85600,0.0,0.0,0.0
2015-07-02 00:00:00-04:00,96.68146883777693,96.89534806129339,96.16204536876337,96.4370346069336,71500,0.0,0.0,0.0
2015-07-06 00:00:00-04:00,95.76481685173462,96.66616893464531,95.76481685173462,96.29951477050781,61700,0.0,0.0,0.0
2015-07-07 00:00:00-04:00,96.40645092363059,98.19388044006841,96.16965697199596,98.10985565185547,81600,0.0,0.0,0.0
2015-07-08 00:00:00-04:00,97.46058821492976,97.73557741666686,97.00991502905399,97.0175552368164,75900,0.0,0.0,0.0
2015-07-09 00:00:00-04:00,97.96474042464732,98.27027881248775,97.05574798583984,97.05574798583984,110000,0.0,0.0,0.0
2015-07-10 00:00:00-04:00,97.79669165005637,98.36195049348625,97.79669165005637,98.1480712890625,71900,0.0,0.0,0.0
2015-07-13 00:00:00-04:00,98.64455949051711,99.15634262933878,98.64455949051711,99.12579345703125,73300,0.0,0.0,0.0
2015-07-14 00:00:00-04:00,99.19453556542959,99.2938407703519,98.9730220185342,99.2098159790039,67500,0.0,0.0,0.0
2015-07-15 00:00:00-04:00,99.15634446366246,99.2785644662351,98.7591352830719,98.88135528564453,90200,0.0,0.0,0.0
2015-07-16 00:00:00-04:00,99.33202425782252,100.03478341530841,99.33202425782252,99.93547821044922,51800,0.0,0.0,0.0
2015-07-17 00:00:00-04:00,99.79036075809697,99.83619035121276,99.30149233895764,99.8056411743164,69200,0.0,0.0,0.0
2015-07-20 00:00:00-04:00,99.9431356566252,100.05007526517842,99.62995121173965,99.98133087158203,66800,0.0,0.0,0.0
2015-07-21 00:00:00-04:00,99.94313200635442,99.9966076364495,99.39315356658409,99.6070327758789,82900,0.0,0.0,0.0
2015-07-22 00:00:00-04:00,99.66812461388167,100.14935857482253,99.6604902347784,99.88200378417969,62300,0.0,0.0,0.0
2015-07-23 00:00:00-04:00,100.03478550634327,100.03478550634327,99.3091115411119,99.40841674804688,70900,0.0,0.0,0.0
2015-07-24 00:00:00-04:00,99.2632788593794,99.44660885364802,98.7285809455214,98.84315490722656,54300,0.0,0.0,0.0
2015-07-27 00:00:00-04:00,98.55290277839993,98.82024592327247,98.14041318093562,98.69039154052734,91300,0.0,0.0,0.0
2015-07-28 00:00:00-04:00,99.24800542181445,99.85909379012102,98.88135706304698,99.82854461669922,83900,0.0,0.0,0.0
2015-07-29 00:00:00-04:00,100.05008112855977,100.40909519021608,99.7827379192808,100.20285034179688,290000,0.0,0.0,0.0
2015-07-30 00:00:00-04:00,99.8667442820364,100.10353826713192,99.30148547640646,99.98895263671875,70100,0.0,0.0,0.0
2015-07-31 00:00:00-04:00,100.40144497359826,100.44727456478672,100.01951617297169,100.06534576416016,71600,0.0,0.0,0.0
2015-08-03 00:00:00-04:00,100.08060042280954,100.37085831081585,99.86672128194634,100.3403091430664,95600,0.0,0.0,0.0
2015-08-04 00:00:00-04:00,100.26395846742997,100.51603290951233,99.92022483024265,100.4472885131836,80400,0.0,0.0,0.0
2015-08-05 00:00:00-04:00,100.76045405560764,101.41737202681087,100.76045405560764,101.31043243408203,86000,0.0,0.0,0.0
2015-08-06 00:00:00-04:00,101.51667086213598,101.59306128471725,100.41672570354324,100.55421447753906,64900,0.0,0.0,0.0
2015-08-07 00:00:00-04:00,100.58477439775007,100.58477439775007,99.59940311222944,99.9507827758789,62000,0.0,0.0,0.0
2015-08-10 00:00:00-04:00,100.42438008377029,100.67645454184033,100.24105002638908,100.43201446533203,63100,0.0,0.0,0.0
2015-08-11 00:00:00-04:00,99.85911863943484,100.2945231439461,99.70634942322783,100.02716827392578,79900,0.0,0.0,0.0
2015-08-12 00:00:00-04:00,99.57648250562023,100.10354614257812,98.69805088105215,100.10354614257812,121400,0.0,0.0,0.0
2015-08-13 00:00:00-04:00,100.17228704269154,100.30978747410578,99.66050383993085,99.77507781982422,87400,0.0,0.0,0.0
2015-08-14 00:00:00-04:00,99.69105403647606,100.14173889160156,99.56119963942035,100.14173889160156,43700,0.0,0.0,0.0
2015-08-17 00:00:00-04:00,99.90493252104983,100.29450736496294,99.48482015646138,100.26394653320312,58500,0.0,0.0,0.0
2015-08-18 00:00:00-04:00,100.05007950208132,100.1417503529684,99.62995543085121,99.72162628173828,164600,0.0,0.0,0.0
2015-08-19 00:00:00-04:00,99.54592778758173,99.54592778758173,98.37721493928998,98.7362289428711,95200,0.0,0.0,0.0
2015-08-20 00:00:00-04:00,98.07931819674131,98.69805268767577,97.78141417764375,97.87308502197266,145400,0.0,0.0,0.0
2015-08-21 00:00:00-04:00,97.0863361588525,97.19327579668587,95.29127129205186,95.3141860961914,223200,0.0,0.0,0.0
2015-08-24 00:00:00-04:00,89.71508435703447,93.87811231049088,64.63764054457658,92.06012725830078,515400,0.0,0.0,0.0
2015-08-25 00:00:00-04:00,92.97675389385145,95.6426154549387,91.1740493774414,91.1740493774414,1350600,0.0,0.0,0.0
2015-08-26 00:00:00-04:00,92.08304452898022,93.95449349098472,91.29626623287398,93.85519409179688,173300,0.0,0.0,0.0
2015-08-27 00:00:00-04:00,94.78707215665447,95.55092963875605,93.58018176403927,95.26066589355469,169000,0.0,0.0,0.0
2015-08-28 00:00:00-04:00,94.96279004351274,95.15375447054906,94.53503159183835,95.12319946289062,142100,0.0,0.0,0.0
2015-08-31 00:00:00-04:00,94.7183181828891,94.7641477622849,94.26764511144505,94.4891586303711,103600,0.0,0.0,0.0
2015-09-01 00:00:00-04:00,93.54965656567005,93.54965656567005,91.99138610646331,92.49552917480469,278200,0.0,0.0,0.0
2015-09-02 00:00:00-04:00,93.41977882259455,93.7940673828125,92.8927152587781,93.7940673828125,180000,0.0,0.0,0.0
2015-09-03 00:00:00-04:00,93.99267222980988,95.0467935325456,93.99267222980988,94.45862579345703,90700,0.0,0.0,0.0
2015-09-04 00:00:00-04:00,93.51906242864091,93.55725763004011,92.7093754433494,93.08366394042969,58700,0.0,0.0,0.0
2015-09-08 00:00:00-04:00,94.42043780869963,94.94750141427326,93.86281919998557,94.91694641113281,86400,0.0,0.0,0.0
2015-09-09 00:00:00-04:00,95.65788071385006,95.65788071385006,93.16770354292399,93.32047271728516,51900,0.0,0.0,0.0
2015-09-10 00:00:00-04:00,93.14477681176092,94.15306838552134,93.05311182223008,93.53433990478516,70600,0.0,0.0,0.0
2015-09-11 00:00:00-04:00,93.37394809054581,94.06906127929688,93.19062390480399,94.06906127929688,50000,0.0,0.0,0.0
2015-09-14 00:00:00-04:00,94.13781179541176,94.13781179541176,93.54964399011685,93.78643798828125,45100,0.0,0.0,0.0
2015-09-15 00:00:00-04:00,93.80933746638927,95.05442891792737,93.603098506144,94.90929412841797,88300,0.0,0.0,0.0
2015-09-16 00:00:00-04:00,95.39818616594145,96.04746403503631,95.29124655586801,95.9328842163086,80500,0.0,0.0,0.0
2015-09-17 00:00:00-04:00,95.91759581548563,97.10157739223642,95.74954621591885,95.99398040771484,81200,0.0,0.0,0.0
2015-09-18 00:00:00-04:00,94.89403491895553,95.8564913264133,94.61904570889011,94.7336196899414,81800,0.0,0.0,0.0
2015-09-21 00:00:00-04:00,95.10026123676468,95.81064896345133,95.08498665058417,95.53565979003906,102300,0.0,0.0,0.0
2015-09-22 00:00:00-04:00,94.6419670093038,94.6419670093038,93.91629872207135,94.389892578125,69000,0.0,0.0,0.0
2015-09-23 00:00:00-04:00,94.55033874511719,94.62044836604137,94.06738644921288,94.55033874511719,57100,2.396,0.0,0.0
2015-09-24 00:00:00-04:00,93.88822646095382,94.77624207486458,93.78696360779011,94.651611328125,99200,0.0,0.0,0.0
2015-09-25 00:00:00-04:00,95.92131807379957,96.13942634164377,94.87751252254391,95.2825698852539,77300,0.0,0.0,0.0
2015-09-28 00:00:00-04:00,94.94760793214984,95.00992627267712,93.47537130946607,93.64674377441406,114600,0.0,0.0,0.0
2015-09-29 00:00:00-04:00,94.78405213234159,94.78405213234159,93.08591552767301,93.55329132080078,194500,0.0,0.0,0.0
2015-09-30 00:00:00-04:00,94.47244001679033,94.73728998981242,93.77916482879704,94.45686340332031,130700,0.0,0.0,0.0
2015-10-01 00:00:00-04:00,94.78404443232917,94.78404443232917,93.66233786554255,94.44129943847656,248300,0.0,0.0,0.0
2015-10-02 00:00:00-04:00,93.48319151199323,95.73439025878906,93.41308187145671,95.73439025878906,82100,0.0,0.0,0.0
2015-10-05 00:00:00-04:00,96.20952686641125,97.54155018447133,96.20952686641125,97.45586395263672,84300,0.0,0.0,0.0
2015-10-06 00:00:00-04:00,97.4714472575746,97.65061101180224,96.77038668426016,96.79375457763672,69300,0.0,0.0,0.0
2015-10-07 00:00:00-04:00,97.30008876588734,97.72851404687235,96.85607498302237,97.54156494140625,106900,0.0,0.0,0.0
2015-10-08 00:00:00-04:00,97.40913341746484,98.80346920770957,97.3156559023349,98.7723159790039,103500,0.0,0.0,0.0
2015-10-09 00:00:00-04:00,98.92033468993743,99.35655723939624,98.78012136029095,99.13844299316406,103400,0.0,0.0,0.0
2015-10-12 00:00:00-04:00,99.37990526506064,99.45000894436312,98.97484197463189,99.2708511352539,89400,0.0,0.0,0.0
2015-10-13 00:00:00-04:00,99.1228396090095,99.27862951410107,98.53082727225447,98.60093688964844,115100,0.0,0.0,0.0
2015-10-14 00:00:00-04:00,98.54643543421219,98.79570291292904,97.362410453053,97.53378295898438,72200,0.0,0.0,0.0
2015-10-15 00:00:00-04:00,97.89205074318858,98.46848629934787,97.66615128626164,98.4529037475586,64400,0.0,0.0,0.0
2015-10-16 00:00:00-04:00,98.66325781043378,99.45779585599634,98.66325781043378,99.45000457763672,56300,0.0,0.0,0.0
2015-10-19 00:00:00-04:00,99.20853735418078,99.80054381664209,99.1695869018852,99.78497314453125,52900,0.0,0.0,0.0
2015-10-20 00:00:00-04:00,99.76160407389698,99.870658207433,99.53569858485221,99.69927978515625,81700,0.0,0.0,0.0
2015-10-21 00:00:00-04:00,99.81611472400155,100.31464955157078,99.56684731021693,99.62916564941406,60500,0.0,0.0,0.0
2015-10-22 00:00:00-04:00,100.32243834658692,101.73236853328234,100.1276979871327,101.53762817382812,111100,0.0,0.0,0.0
2015-10-23 00:00:00-04:00,102.23090914343429,102.23090914343429,100.96119812466388,101.48310089111328,113000,0.0,0.0,0.0
2015-10-26 00:00:00-04:00,101.5220595811939,101.58437793111203,101.07026045879486,101.20268249511719,90900,0.0,0.0,0.0
2015-10-27 00:00:00-04:00,100.86772236656576,101.28057098388672,100.60286644039074,101.28057098388672,69700,0.0,0.0,0.0
2015-10-28 00:00:00-04:00,101.35846631885117,101.37404887689414,99.89402678505964,100.94561767578125,77000,0.0,0.0,0.0
2015-10-29 00:00:00-04:00,100.85215611654188,101.1247974223323,100.43930743246635,100.90667724609375,99900,0.0,0.0,0.0
2015-10-30 00:00:00-04:00,100.68855840515658,100.68855840515658,99.94854736328125,99.94854736328125,150000,0.0,0.0,0.0
2015-11-02 00:00:00-05:00,100.23678522836313,100.54059170004862,99.86288694276803,100.5172119140625,203700,0.0,0.0,0.0
2015-11-03 00:00:00-05:00,100.29907046308617,100.30686768451031,99.46558790527372,100.06539154052734,118600,0.0,0.0,0.0
2015-11-04 00:00:00-05:00,100.22120321351332,100.22120321351332,99.2630778219403,99.53571319580078,118800,0.0,0.0,0.0
2015-11-05 00:00:00-05:00,99.58242392351426,99.66811015415934,99.02157669975182,99.62916564941406,161400,0.0,0.0,0.0
2015-11-06 00:00:00-05:00,99.46558767237632,99.46558767237632,97.86092307284808,98.53083038330078,107300,0.0,0.0,0.0
2015-11-09 00:00:00-05:00,98.42178054722748,98.42178054722748,97.40913420201645,97.90766906738281,104500,0.0,0.0,0.0
2015-11-10 00:00:00-05:00,97.82978611647441,98.28158527830084,97.82978611647441,98.17253112792969,68400,0.0,0.0,0.0
2015-11-11 00:00:00-05:00,98.39842788652709,98.66327791769291,98.07905672474496,98.10242462158203,54900,0.0,0.0,0.0
2015-11-12 00:00:00-05:00,97.76745818326046,97.76745818326046,96.59122467041016,96.59122467041016,137500,0.0,0.0,0.0
2015-11-13 00:00:00-05:00,96.46658996788585,96.6535450081293,95.71878763592605,95.80447387695312,115800,0.0,0.0,0.0
2015-11-16 00:00:00-05:00,95.65647509811416,97.30008434750506,95.6175246457002,97.2767105102539,64800,0.0,0.0,0.0
2015-11-17 00:00:00-05:00,97.45587027779688,97.96998175916791,96.9105996243724,97.12870788574219,70700,0.0,0.0,0.0
2015-11-18 00:00:00-05:00,97.34682741047845,98.56979682580753,97.34682741047845,98.49968719482422,92200,0.0,0.0,0.0
2015-11-19 00:00:00-05:00,98.51527394436576,99.2007580089976,98.51527394436576,98.71001434326172,208100,0.0,0.0,0.0
2015-11-20 00:00:00-05:00,99.15400879464946,99.63696705802552,98.10241197154473,98.11798858642578,67400,0.0,0.0,0.0
2015-11-23 00:00:00-05:00,98.30493427630631,99.1851645332242,98.20367142557427,98.96705627441406,62500,0.0,0.0,0.0
2015-11-24 00:00:00-05:00,98.60095468990224,99.55128873433311,98.56200423509571,99.25527954101562,92300,0.0,0.0,0.0
2015-11-25 00:00:00-05:00,99.3487307404149,99.90957791717724,99.3487307404149,99.66031646728516,42900,0.0,0.0,0.0
2015-11-27 00:00:00-05:00,99.71486602370165,100.19783027826621,99.71486602370165,99.99529266357422,26600,0.0,0.0,0.0
2015-11-30 00:00:00-05:00,100.17445949632412,100.23676596026957,98.95927544421454,99.03717041015625,110400,0.0,0.0,0.0
2015-12-01 00:00:00-05:00,99.30201254906304,99.74602035701638,99.1462166865328,99.62138366699219,342300,0.0,0.0,0.0
2015-12-02 00:00:00-05:00,99.62922047982362,99.75385128380385,98.9982573484623,99.06836700439453,141300,0.0,0.0,0.0
2015-12-03 00:00:00-05:00,99.52011305199505,99.77716580486448,98.15693056194402,98.53861999511719,100600,0.0,0.0,0.0
2015-12-04 00:00:00-05:00,98.70220194806119,100.6963472473951,98.70220194806119,100.61844635009766,92800,0.0,0.0,0.0
2015-12-07 00:00:00-05:00,100.89111421854743,101.24164457683551,100.52500129948773,100.91448211669922,156400,0.0,0.0,0.0
2015-12-08 00:00:00-05:00,100.22896563562672,100.78981881534551,100.05759317037887,100.61844635009766,103800,0.0,0.0,0.0
2015-12-09 00:00:00-05:00,100.1277119716248,101.08584323188435,99.38770087954568,99.7304458618164,188700,0.0,0.0,0.0
2015-12-10 00:00:00-05:00,99.85508352144497,100.39256889553346,99.58244222310704,99.76161193847656,114500,0.0,0.0,0.0
2015-12-11 00:00:00-05:00,99.06831182237886,99.26305217381906,98.39061325988557,98.63209533691406,147000,0.0,0.0,0.0
2015-12-14 00:00:00-05:00,98.66327057270544,99.48896789550781,98.14915310854218,99.48896789550781,117600,0.0,0.0,0.0
2015-12-15 00:00:00-05:00,100.00307506388735,100.52497781068087,99.7226484655795,100.10433197021484,109000,0.0,0.0,0.0
2015-12-16 00:00:00-05:00,100.65743588436219,102.19199144613128,100.65743588436219,102.03620147705078,119300,0.0,0.0,0.0
2015-12-17 00:00:00-05:00,102.05175563350144,102.05175563350144,100.8132095336914,100.8132095336914,103100,0.0,0.0,0.0
2015-12-18 00:00:00-05:00,100.49384166730881,100.49384166730881,98.97486877441406,98.97486877441406,157500,0.0,0.0,0.0
2015-12-21 00:00:00-05:00,99.69148597508928,100.11991119384766,99.29421398354631,100.11991119384766,174400,0.0,0.0,0.0
2015-12-22 00:00:00-05:00,100.36141152561628,101.46753559151111,100.09656742941843,101.34291076660156,108700,0.0,0.0,0.0
2015-12-23 00:00:00-05:00,101.84331561841988,102.30609430717722,101.65507315173662,102.24335479736328,114500,0.898,0.0,0.0
2015-12-24 00:00:00-05:00,102.16491921907274,102.3531736668366,102.05510711669922,102.05510711669922,39600,0.0,0.0,0.0
2015-12-28 00:00:00-05:00,101.81979041899491,101.89823276312936,101.52172387362965,101.87470245361328,88700,0.0,0.0,0.0
2015-12-29 00:00:00-05:00,102.36885724373832,102.82379653684535,102.36885724373832,102.72967529296875,97900,0.0,0.0,0.0
2015-12-30 00:00:00-05:00,102.7296763904876,102.8473279465903,102.30610685127351,102.36885833740234,111600,0.0,0.0,0.0
2015-12-31 00:00:00-05:00,102.22766586927247,102.22766586927247,101.17660551500728,101.2393569946289,173500,0.0,0.0,0.0
2016-01-04 00:00:00-05:00,100.0078644444648,100.0078644444648,98.94111341164576,99.92942810058594,224500,0.0,0.0,0.0
2016-01-05 00:00:00-05:00,100.11771105523317,100.68246250084951,99.92946256813157,100.51773834228516,138800,0.0,0.0,0.0
2016-01-06 00:00:00-05:00,99.46667433192506,100.50205593559677,99.31764702765126,100.09417724609375,130000,0.0,0.0,0.0
2016-01-07 00:00:00-05:00,98.87836832353861,99.77255586694129,98.45480485808842,98.80777740478516,240200,0.0,0.0,0.0
2016-01-08 00:00:00-05:00,99.37255043738635,99.37255043738635,97.84301436895063,98.03910827636719,246900,0.0,0.0,0.0
2016-01-11 00:00:00-05:00,98.50185654904205,99.18425926429968,97.90572961554628,98.87051391601562,191800,0.0,0.0,0.0
2016-01-12 00:00:00-05:00,99.51371580283532,99.73333997202326,98.62736771164283,99.4117431640625,215300,0.0,0.0,0.0
2016-01-13 00:00:00-05:00,99.47451459956137,99.5215752211718,97.49004526417538,97.67044830322266,259400,0.0,0.0,0.0
2016-01-14 00:00:00-05:00,97.79593582412225,98.61953247806433,97.34099660605311,97.98418426513672,222500,0.0,0.0,0.0
2016-01-15 00:00:00-05:00,96.28211016815813,96.93314338801459,95.55264058087214,96.45467376708984,182100,0.0,0.0,0.0
2016-01-19 00:00:00-05:00,97.2233374080445,97.71749778560361,96.78408905848967,97.3880615234375,256200,0.0,0.0,0.0
2016-01-20 00:00:00-05:00,96.19583651310023,96.74489711590432,94.38393053953496,96.20368194580078,264300,0.0,0.0,0.0
2016-01-21 00:00:00-05:00,96.31348396491111,96.98020205105055,95.67814162197143,96.62723541259766,240700,0.0,0.0,0.0
2016-01-22 00:00:00-05:00,97.76455971857246,98.43912311267103,97.03509028003843,98.19596862792969,168500,0.0,0.0,0.0
2016-01-25 00:00:00-05:00,97.97635935454986,98.11754121802362,97.29395042620537,97.34101104736328,213100,0.0,0.0,0.0
2016-01-26 00:00:00-05:00,97.59201514892916,98.80779977788113,97.59201514892916,98.2665786743164,109500,0.0,0.0,0.0
2016-01-27 00:00:00-05:00,98.27440468379243,99.29408921799993,97.49787463359495,98.13321685791016,186300,0.0,0.0,0.0
2016-01-28 00:00:00-05:00,98.52541763406487,99.42745075297637,98.26657225498134,99.07447814941406,189700,0.0,0.0,0.0
2016-01-29 00:00:00-05:00,99.46666060902544,101.2393569946289,99.34900906512297,101.2393569946289,288100,0.0,0.0,0.0
2016-02-01 00:00:00-05:00,100.83148229161992,101.86685182418123,100.69813988045938,101.45113372802734,158600,0.0,0.0,0.0
2016-02-02 00:00:00-05:00,100.83933841598736,100.83933841598736,99.93731114540456,100.18046569824219,239400,0.0,0.0,0.0
2016-02-03 00:00:00-05:00,100.3216491472623,100.70599154902568,99.050958410583,99.98436737060547,201600,0.0,0.0,0.0
2016-02-04 00:00:00-05:00,99.56078482519702,99.69412722713784,98.76856387572515,99.22350311279297,165400,0.0,0.0,0.0
2016-02-05 00:00:00-05:00,99.3803814378334,99.5607904504191,98.52541494663718,99.01956939697266,134200,0.0,0.0,0.0
2016-02-08 00:00:00-05:00,98.30581008085784,98.92546761561334,97.5371192448425,98.73721313476562,150800,0.0,0.0,0.0
2016-02-09 00:00:00-05:00,97.89790142434816,99.76471889061452,97.85084081068094,99.21565246582031,239800,0.0,0.0,0.0
2016-02-10 00:00:00-05:00,99.73337636725351,100.1804702989162,99.06665818625643,99.16862487792969,165600,0.0,0.0,0.0
2016-02-11 00:00:00-05:00,97.87437180744338,98.61953210685041,97.25471445778028,98.19596862792969,268500,0.0,0.0,0.0
2016-02-12 00:00:00-05:00,98.74503750281528,99.67060089111328,98.5018829973142,99.67060089111328,175600,0.0,0.0,0.0
2016-02-16 00:00:00-05:00,100.50987774993023,100.63538070447022,99.76472340635729,100.47850799560547,145100,0.0,0.0,0.0
2016-02-17 00:00:00-05:00,100.98052775855969,101.819803499233,100.72168235200918,101.56880950927734,130100,0.0,0.0,0.0
2016-02-18 00:00:00-05:00,101.19229377621446,101.4197694069788,100.6353937920271,101.14523315429688,113700,0.0,0.0,0.0
2016-02-19 00:00:00-05:00,100.89423118402429,101.48251284860915,100.3451647064921,101.35700988769531,91800,0.0,0.0,0.0
2016-02-22 00:00:00-05:00,101.92175359573926,102.07862630080044,101.5295658487762,101.77272033691406,114400,0.0,0.0,0.0
2016-02-23 00:00:00-05:00,101.53739613444417,101.95311415122987,101.51386582923887,101.73348999023438,191700,0.0,0.0,0.0
2016-02-24 00:00:00-05:00,101.30208011629284,102.20411902521727,100.82361063413127,102.09430694580078,106500,0.0,0.0,0.0
2016-02-25 00:00:00-05:00,102.29042489579484,103.32579446438808,102.28257347987478,103.31795501708984,114500,0.0,0.0,0.0
2016-02-26 00:00:00-05:00,103.45912356138642,103.45912356138642,101.80409077925994,102.0394058227539,160200,0.0,0.0,0.0
2016-02-29 00:00:00-05:00,102.02374096449485,102.64339242793484,101.60017143421571,101.64723205566406,101000,0.0,0.0,0.0
2016-03-01 00:00:00-05:00,102.20411534796672,102.7296454211672,101.98449119703572,102.58061218261719,165500,0.0,0.0,0.0
2016-03-02 00:00:00-05:00,102.59633093304456,102.9414581122236,102.08647961157668,102.90223693847656,159500,0.0,0.0,0.0
2016-03-03 00:00:00-05:00,102.6276899204849,103.52972894751399,102.25903246947118,103.5140380859375,150300,0.0,0.0,0.0
2016-03-04 00:00:00-05:00,103.49838145085478,104.25138746347471,103.18463592729412,104.00038146972656,244300,0.0,0.0,0.0
2016-03-07 00:00:00-05:00,103.50619477368156,103.96897343962904,103.31010090147124,103.44344329833984,129200,0.0,0.0,0.0
2016-03-08 00:00:00-05:00,103.34148808604355,104.21214550426099,102.99636089775957,103.7493667602539,223500,0.0,0.0,0.0
2016-03-09 00:00:00-05:00,104.10232668006014,104.56510539421184,104.05526606080693,104.49451446533203,108400,0.0,0.0,0.0
2016-03-10 00:00:00-05:00,104.81610870953813,104.97298142601309,103.5375727314561,104.400390625,225800,0.0,0.0,0.0
2016-03-11 00:00:00-05:00,105.02006475534735,105.04359506947611,104.48669501026367,104.89456176757812,109100,0.0,0.0,0.0
2016-03-14 00:00:00-04:00,104.80044786212228,105.02007212181176,104.53376297087426,104.83181762695312,134600,0.0,0.0,0.0
2016-03-15 00:00:00-04:00,104.43962749556019,105.12204254437277,104.38472741612944,104.9416275024414,163300,0.0,0.0,0.0
2016-03-16 00:00:00-04:00,104.86316247839541,105.43575324200927,104.28272029986692,105.22396850585938,162400,0.0,0.0,0.0
2016-03-17 00:00:00-04:00,105.20830881941404,106.20445726855776,105.12986646766963,106.0475845336914,145600,0.0,0.0,0.0
2016-03-18 00:00:00-04:00,106.4240555976552,106.4240555976552,105.7651830903496,105.89068603515625,204200,0.0,0.0,0.0
2016-03-21 00:00:00-04:00,105.79141508827377,106.28001876907759,105.499818547227,105.94902801513672,130900,0.634,0.0,0.0
2016-03-22 00:00:00-04:00,105.82292019428637,105.82292019428637,105.09001476082547,105.20822143554688,178100,0.0,0.0,0.0
2016-03-23 00:00:00-04:00,105.19246242106843,105.53134161604818,104.91664282292605,105.14517974853516,186100,0.0,0.0,0.0
2016-03-24 00:00:00-04:00,104.89300479482044,105.097900390625,104.65657939960282,105.097900390625,158600,0.0,0.0,0.0
2016-03-28 00:00:00-04:00,105.21612403833954,105.80718160912474,105.21612403833954,105.49983215332031,148100,0.0,0.0,0.0
2016-03-29 00:00:00-04:00,105.69685803875281,106.47705841064453,105.4604446155412,106.47705841064453,133100,0.0,0.0,0.0
2016-03-30 00:00:00-04:00,106.8474283680842,107.15477776538678,106.6504092153237,106.9419937133789,110800,0.0,0.0,0.0
2016-03-31 00:00:00-04:00,106.94991235022862,107.17844934086816,106.5637503728328,106.64256286621094,218700,0.0,0.0,0.0
2016-04-01 00:00:00-04:00,106.24850627523186,108.01379038400003,106.1775702332862,107.93498992919922,199200,0.0,0.0,0.0
2016-04-04 00:00:00-04:00,107.96649641203959,107.96649641203959,107.23359093106907,107.63550567626953,125900,0.0,0.0,0.0
2016-04-05 00:00:00-04:00,107.39122106018327,107.43062730232494,106.76863369959649,106.9262466430664,85300,0.0,0.0,0.0
2016-04-06 00:00:00-04:00,107.06807570947537,107.7694633261703,106.92621568385859,107.73794555664062,128300,0.0,0.0,0.0
2016-04-07 00:00:00-04:00,107.41484214379564,107.41484214379564,106.31152769737952,106.7449722290039,127200,0.0,0.0,0.0
2016-04-08 00:00:00-04:00,107.12324143882549,107.35966681274934,106.93411075976165,107.2572250366211,145000,0.0,0.0,0.0
2016-04-11 00:00:00-04:00,107.5330699887082,107.64340025255682,106.45340869068274,106.5085678100586,147000,0.0,0.0,0.0
2016-04-12 00:00:00-04:00,106.59524073018112,107.28087557589517,106.56372295599769,107.14690399169922,128400,0.0,0.0,0.0
2016-04-13 00:00:00-04:00,107.58823929163309,107.58823929163309,106.06724493915058,106.49281311035156,143400,0.0,0.0,0.0
2016-04-14 00:00:00-04:00,106.47705543148064,106.62679194539032,105.90176274259906,105.97268676757812,127200,0.0,0.0,0.0
2016-04-15 00:00:00-04:00,106.16968083293013,106.68192581443101,105.89384921206371,106.6740493774414,121400,0.0,0.0,0.0
2016-04-18 00:00:00-04:00,106.58734562414907,107.12323186707245,106.41396783376963,107.02079010009766,110300,0.0,0.0,0.0
2016-04-19 00:00:00-04:00,106.98138373808598,107.2808566529332,106.78436461517974,107.186279296875,103700,0.0,0.0,0.0
2016-04-20 00:00:00-04:00,107.05233354729256,107.0680984479521,105.87810698771756,105.89385986328125,109900,0.0,0.0,0.0
2016-04-21 00:00:00-04:00,105.86233980048355,105.86233980048355,104.07340240478514,104.07340240478516,185900,0.0,0.0,0.0
2016-04-22 00:00:00-04:00,103.93943599625173,104.6014175415039,103.5217563051929,104.6014175415039,105300,0.0,0.0,0.0
2016-04-25 00:00:00-04:00,104.38862455009634,105.24762509901548,104.17584051569922,105.22398376464844,101800,0.0,0.0,0.0
2016-04-26 00:00:00-04:00,105.46830802757604,105.6022796258809,104.78268513475227,105.04273986816406,121300,0.0,0.0,0.0
2016-04-27 00:00:00-04:00,105.3816007624634,105.81504528451973,104.61716552131705,105.48405456542969,83300,0.0,0.0,0.0
2016-04-28 00:00:00-04:00,105.25551927367486,106.26425646031232,105.25551927367486,105.59439849853516,86000,0.0,0.0,0.0
2016-04-29 00:00:00-04:00,105.53136195781656,105.65745712560735,104.86149190088784,105.49983215332031,118000,0.0,0.0,0.0
2016-05-02 00:00:00-04:00,105.70474491794482,106.68984091688162,105.70474491794482,106.58738708496094,233900,0.0,0.0,0.0
2016-05-03 00:00:00-04:00,106.38243872856293,106.72130581222525,105.99627695930643,106.33514404296875,165300,0.0,0.0,0.0
2016-05-04 00:00:00-04:00,105.9884198155208,106.78437280406715,105.73622954681669,106.59523010253906,104400,0.0,0.0,0.0
2016-05-05 00:00:00-04:00,106.57948403318763,107.21782415708999,106.32729374838466,106.6740493774414,149800,0.0,0.0,0.0
2016-05-06 00:00:00-04:00,106.58734367427901,107.23357215843376,106.23271166411512,107.17052459716797,134200,0.0,0.0,0.0
2016-05-09 00:00:00-04:00,107.41483486616633,108.09258117194327,107.33602240208545,107.8167495727539,105100,0.0,0.0,0.0
2016-05-10 00:00:00-04:00,108.14776884258008,108.88856291027429,108.14776884258008,108.86492156982422,104400,0.0,0.0,0.0
2016-05-11 00:00:00-04:00,108.77030897356505,108.8491093991466,107.99010900223041,108.03739166259766,84700,0.0,0.0,0.0
2016-05-12 00:00:00-04:00,108.42358374162141,108.77033938137573,108.10834587589247,108.63636779785156,115400,0.0,0.0,0.0
2016-05-13 00:00:00-04:00,108.47087492871461,108.47087492871461,106.99717536918811,107.27299499511719,100300,0.0,0.0,0.0
2016-05-16 00:00:00-04:00,107.343953875404,108.06898314010536,106.96566832635229,107.83255767822266,74400,0.0,0.0,0.0
2016-05-17 00:00:00-04:00,107.80886887407864,107.80886887407864,105.47615711557843,105.76775360107422,101700,0.0,0.0,0.0
2016-05-18 00:00:00-04:00,105.31856821655197,105.56287006607928,104.22314210005804,104.75115203857422,142200,0.0,0.0,0.0
2016-05-19 00:00:00-04:00,104.76687310540055,105.55494946452035,104.61713667315324,105.5391845703125,78400,0.0,0.0,0.0
2016-05-20 00:00:00-04:00,105.79140542055836,105.99630100424635,104.99544037123185,105.1530532836914,93700,0.0,0.0,0.0
2016-05-23 00:00:00-04:00,105.20036282828212,105.46830601979104,105.1136739104297,105.19247436523438,92400,0.0,0.0,0.0
2016-05-24 00:00:00-04:00,105.42889428404895,106.31942475510272,105.42889428404895,106.16181182861328,80200,0.0,0.0,0.0
2016-05-25 00:00:00-04:00,106.38245763915462,106.70555988505369,106.09874960061592,106.29576873779297,84100,0.0,0.0,0.0
2016-05-26 00:00:00-04:00,106.56374414843832,106.91837629772954,106.47705522082514,106.69771575927734,101400,0.0,0.0,0.0
2016-05-27 00:00:00-04:00,106.83167524033993,107.02081797686527,106.54796714809997,106.81591033935547,97200,0.0,0.0,0.0
2016-05-31 00:00:00-04:00,107.17838089554398,107.20202222344018,106.03567262189635,106.39030456542969,120000,0.0,0.0,0.0
2016-06-01 00:00:00-04:00,106.35881823578573,107.2572250366211,106.35881823578573,107.2572250366211,97000,0.0,0.0,0.0
2016-06-02 00:00:00-04:00,107.17052540804616,107.47787475585938,106.8158813701062,107.47787475585938,78900,0.0,0.0,0.0
2016-06-03 00:00:00-04:00,107.57247248693777,108.13988868843703,107.41485954765385,108.0531997680664,95400,0.0,0.0,0.0
2016-06-06 00:00:00-04:00,108.34478056020419,108.49451705612947,107.76948794041934,108.13988494873047,93400,0.0,0.0,0.0
2016-06-07 00:00:00-04:00,108.30534118527609,108.56540785782887,108.00588031013936,108.1556167602539,112400,0.0,0.0,0.0
2016-06-08 00:00:00-04:00,108.12415269067448,108.77825798739946,108.08474643904532,108.6758041381836,88500,0.0,0.0,0.0
2016-06-09 00:00:00-04:00,108.59693641516401,109.25104130685737,108.59693641516401,109.16435241699219,70900,0.0,0.0,0.0
2016-06-10 00:00:00-04:00,108.69152164035455,109.32198531615863,108.57331496212011,109.17224884033203,121300,0.0,0.0,0.0
2016-06-13 00:00:00-04:00,109.0540833558941,109.25897901726202,108.20295887582128,108.26600646972656,75300,0.0,0.0,0.0
2016-06-14 00:00:00-04:00,108.12411746586581,108.54968560465906,107.50154218330736,108.49451446533203,149900,0.0,0.0,0.0
2016-06-15 00:00:00-04:00,108.56546750940292,108.89645835858141,108.17142906631916,108.26600646972656,96800,0.0,0.0,0.0
2016-06-16 00:00:00-04:00,107.99800298700589,109.00675201416016,107.86403141916432,109.00675201416016,176300,0.0,0.0,0.0
2016-06-17 00:00:00-04:00,108.79398445583614,108.83339069354295,107.90345398906295,108.5496826171875,102500,0.0,0.0,0.0
2016-06-20 00:00:00-04:00,109.1959102010043,109.59783703089813,108.78610693281522,108.84127807617188,139200,0.0,0.0,0.0
2016-06-21 00:00:00-04:00,109.21608646080826,109.52514323628283,109.0972110290742,109.22400665283203,80200,0.763,0.0,0.0
2016-06-22 00:00:00-04:00,109.3745834668014,109.68364026635706,109.15269715388438,109.21609497070312,165700,0.0,0.0,0.0
2016-06-23 00:00:00-04:00,109.77084902699406,109.97688293457031,109.45385983237514,109.97688293457031,166600,0.0,0.0,0.0
2016-06-24 00:00:00-04:00,107.53611773406179,109.1210273899563,107.16366299757449,107.75008392333984,244500,0.0,0.0,0.0
2016-06-27 00:00:00-04:00,107.4489128849514,107.64702652863272,106.75948127434746,107.36967468261719,208100,0.0,0.0,0.0
2016-06-28 00:00:00-04:00,108.19383706387727,108.19383706387727,107.1715758417193,108.1066665649414,259400,0.0,0.0,0.0
2016-06-29 00:00:00-04:00,108.69305860902251,109.41419508276995,108.66928594214254,109.34286499023438,141900,0.0,0.0,0.0
2016-06-30 00:00:00-04:00,109.57271571180931,111.90253448486328,109.54894303795359,111.90253448486328,165900,0.0,0.0,0.0
2016-07-01 00:00:00-04:00,112.11647664793178,112.14024931926393,111.43496518864835,111.55384063720703,214800,0.0,0.0,0.0
2016-07-05 00:00:00-04:00,111.44290465769913,112.56818884358641,111.42705217848982,111.98970031738281,186100,0.0,0.0,0.0
2016-07-06 00:00:00-04:00,111.96589617236167,112.2432600969714,111.39534003047007,112.10062408447266,141500,0.0,0.0,0.0
2016-07-07 00:00:00-04:00,112.53649222857834,112.74253819787948,111.7836626509539,112.0689468383789,277800,0.0,0.0,0.0
2016-07-08 00:00:00-04:00,112.48893130255313,113.3051585967903,112.13232914062684,113.26553344726562,118200,0.0,0.0,0.0
2016-07-11 00:00:00-04:00,113.21800372079588,113.55876554343205,112.67914030700793,113.23385620117188,139100,0.0,0.0,0.0
2016-07-12 00:00:00-04:00,113.2259277757949,113.23384796945733,112.65535944273331,112.75045013427734,235100,0.0,0.0,0.0
2016-07-13 00:00:00-04:00,112.94857113347265,113.3765034569917,112.61574159956868,113.24177551269531,920000,0.0,0.0,0.0
2016-07-14 00:00:00-04:00,113.31309421091842,113.88366252352269,113.16252589343976,113.32101440429688,158200,0.0,0.0,0.0
2016-07-15 00:00:00-04:00,113.6300578666576,113.82025131245321,113.09119457474866,113.36062622070312,174800,0.0,0.0,0.0
2016-07-18 00:00:00-04:00,113.43194502373015,113.43194502373015,113.00402488256078,113.19420623779297,195700,0.0,0.0,0.0
2016-07-19 00:00:00-04:00,112.92477092560497,113.04363426876805,112.58402128060648,113.02779388427734,146100,0.0,0.0,0.0
2016-07-20 00:00:00-04:00,113.16252854286274,113.16252854286274,112.68705090726095,112.7345962524414,131800,0.0,0.0,0.0
2016-07-21 00:00:00-04:00,112.52855903917295,112.52855903917295,111.98176340209578,112.37799072265625,203400,0.0,0.0,0.0
2016-07-22 00:00:00-04:00,112.59197461903621,112.97234952103393,112.59197461903621,112.90103149414062,84400,0.0,0.0,0.0
2016-07-25 00:00:00-04:00,112.77420325017603,112.82968087188841,112.36212350511579,112.805908203125,85700,0.0,0.0,0.0
2016-07-26 00:00:00-04:00,112.83762748512443,113.0674340342789,111.9817749335536,112.05309295654297,179400,0.0,0.0,0.0
2016-07-27 00:00:00-04:00,111.89460831288751,111.89460831288751,110.16706276151672,110.5078125,146100,0.0,0.0,0.0
2016-07-28 00:00:00-04:00,110.51569356555622,111.13380701689961,110.16701170235855,111.00701141357422,102700,0.0,0.0,0.0
2016-07-29 00:00:00-04:00,110.99118390120232,111.71232045391213,110.90401341579896,111.50628662109375,108200,0.0,0.0,0.0
2016-08-01 00:00:00-04:00,111.59350563109423,111.85500510911602,111.1259480468591,111.6806640625,128300,0.0,0.0,0.0
2016-08-02 00:00:00-04:00,111.75197843459405,111.83914894560927,110.92781867737725,111.35575103759766,187000,0.0,0.0,0.0
2016-08-03 00:00:00-04:00,111.30819593066072,111.33988879920693,110.56328655488025,110.801025390625,142900,0.0,0.0,0.0
2016-08-04 00:00:00-04:00,110.9911901394773,111.49836060344866,110.7534513393881,111.0862808227539,96200,0.0,0.0,0.0
2016-08-05 00:00:00-04:00,111.4508042585068,111.91834952765392,111.1972250975053,111.43495178222656,91800,0.0,0.0,0.0
2016-08-08 00:00:00-04:00,111.49835267609701,111.49835267609701,110.89609157166885,111.2764663696289,108700,0.0,0.0,0.0
2016-08-09 00:00:00-04:00,111.27646058333173,111.93419927612338,111.236835439545,111.5617446899414,107900,0.0,0.0,0.0
2016-08-10 00:00:00-04:00,111.69649007689858,112.13234259015185,111.69649007689858,111.9738540649414,95400,0.0,0.0,0.0
2016-08-11 00:00:00-04:00,112.23535458981613,112.44930863655848,111.86289994147442,111.91836547851562,109700,0.0,0.0,0.0
2016-08-12 00:00:00-04:00,112.01343425160698,112.3541838394211,112.01343425160698,112.2115478515625,85900,0.0,0.0,0.0
2016-08-15 00:00:00-04:00,112.52064329427478,112.52064329427478,112.06101813322587,112.07685852050781,93800,0.0,0.0,0.0
2016-08-16 00:00:00-04:00,111.77571492647444,111.77571492647444,111.40326032651863,111.4508056640625,78700,0.0,0.0,0.0
2016-08-17 00:00:00-04:00,111.33987954322329,111.79950469628007,110.91987954147973,111.7361068725586,140300,0.0,0.0,0.0
2016-08-18 00:00:00-04:00,111.85498259067535,112.14819906926463,111.8232897212629,112.10857391357422,108600,0.0,0.0,0.0
2016-08-19 00:00:00-04:00,111.87081945190155,111.87873964517388,111.55384243443417,111.83912658691406,61300,0.0,0.0,0.0
2016-08-22 00:00:00-04:00,111.86287759062219,112.05305892750495,111.6489114947333,111.9421157836914,80600,0.0,0.0,0.0
2016-08-23 00:00:00-04:00,112.17196076141074,112.21158591322143,111.75196075439453,111.75196075439453,78800,0.0,0.0,0.0
2016-08-24 00:00:00-04:00,111.8232561286583,111.8232561286583,111.29231305922565,111.5617446899414,81000,0.0,0.0,0.0
2016-08-25 00:00:00-04:00,111.73611772620212,111.73611772620212,111.0704586503147,111.17346954345703,79200,0.0,0.0,0.0
2016-08-26 00:00:00-04:00,111.25268324332676,111.74400114833956,110.38097848421147,110.69796752929688,192200,0.0,0.0,0.0
2016-08-29 00:00:00-04:00,110.7534904180313,111.31613870703922,110.7534904180313,111.29236602783203,93300,0.0,0.0,0.0
2016-08-30 00:00:00-04:00,111.23684574147899,111.26061841157343,110.52364145485116,110.72967529296875,97200,0.0,0.0,0.0
2016-08-31 00:00:00-04:00,110.6742390529169,110.96744345628419,110.44442039197997,110.92781829833984,67000,0.0,0.0,0.0
2016-09-01 00:00:00-04:00,110.76927484499707,110.92776330630389,110.27795698737759,110.8564453125,106200,0.0,0.0,0.0
2016-09-02 00:00:00-04:00,111.30817007704668,111.91835136705501,111.30817007704668,111.7202377319336,96100,0.0,0.0,0.0
2016-09-06 00:00:00-04:00,111.75987127430992,111.9579849243164,111.22892814332023,111.9579849243164,67100,0.0,0.0,0.0
2016-09-07 00:00:00-04:00,111.69646447355585,111.70439675773271,110.7692941171087,110.99118041992188,104600,0.0,0.0,0.0
2016-09-08 00:00:00-04:00,110.86439888790879,110.89610384485415,110.27799019529935,110.48402404785156,113700,0.0,0.0,0.0
2016-09-09 00:00:00-04:00,109.75497579110653,109.7787484647202,107.43308932757952,107.44100952148438,228300,0.0,0.0,0.0
2016-09-12 00:00:00-04:00,107.40927638418002,109.45381042188234,107.35381085759875,109.35079956054688,116100,0.0,0.0,0.0
2016-09-13 00:00:00-04:00,108.80402704719408,108.84365219850488,107.75006090019887,107.99571990966797,189900,0.0,0.0,0.0
2016-09-14 00:00:00-04:00,108.0432437512987,108.39192566640017,107.37758487259377,107.60739135742188,107900,0.0,0.0,0.0
2016-09-15 00:00:00-04:00,107.49647211738835,108.59006344125025,107.3934612318512,108.51874542236328,78000,0.0,0.0,0.0
2016-09-16 00:00:00-04:00,108.20967286375931,108.28099087228685,107.55985431878304,108.0907974243164,180800,0.0,0.0,0.0
2016-09-19 00:00:00-04:00,108.27307675181505,108.605906235506,108.01948547363281,108.01948547363281,90000,0.0,0.0,0.0
2016-09-20 00:00:00-04:00,108.30175760439367,108.60475820764745,108.20606231689453,108.20606231689453,87100,0.844,0.0,0.0
2016-09-21 00:00:00-04:00,108.31771753991829,109.01145679715016,107.73562483414231,108.867919921875,73800,0.0,0.0,0.0
2016-09-22 00:00:00-04:00,109.19486162758814,109.96035112833336,109.19486162758814,109.84871673583984,77400,0.0,0.0,0.0
2016-09-23 00:00:00-04:00,109.76097979138947,109.84072384074446,109.29850324027827,109.30647277832031,198400,0.0,0.0,0.0
2016-09-26 00:00:00-04:00,109.06726723872755,109.09118802325459,108.32569858391889,108.3974609375,174100,0.0,0.0,0.0
2016-09-27 00:00:00-04:00,108.52503781061056,109.13105124846078,107.79940829254059,108.85195922851562,115200,0.0,0.0,0.0
2016-09-28 00:00:00-04:00,109.09118942595956,109.24269584140238,108.4931454706234,108.9955062866211,70500,0.0,0.0,0.0
2016-09-29 00:00:00-04:00,109.02738364481529,109.03536535030123,107.97483273555838,108.09443664550781,142400,0.0,0.0,0.0
2016-09-30 00:00:00-04:00,108.49315875053573,109.48989879810017,108.49315875053573,109.14702606201172,133800,0.0,0.0,0.0
2016-10-03 00:00:00-04:00,108.98752893447552,109.00348018074769,108.34164338366561,108.5489730834961,123600,0.0,0.0,0.0
2016-10-04 00:00:00-04:00,108.60477391682078,108.60477391682078,107.47247888336926,107.62398529052734,196100,0.0,0.0,0.0
2016-10-05 00:00:00-04:00,107.85518878900861,107.89506080443363,107.34485862636843,107.5601577758789,122500,0.0,0.0,0.0
2016-10-06 00:00:00-04:00,107.31298349716471,108.03063120742571,107.049842758807,107.72763061523438,121700,0.0,0.0,0.0
2016-10-07 00:00:00-04:00,107.82335411416318,107.88714693831433,106.73093089776282,107.50440216064453,107500,0.0,0.0,0.0
2016-10-10 00:00:00-04:00,107.50434668806854,108.05453669890291,107.29701707475073,107.5601577758789,195200,0.0,0.0,0.0
2016-10-11 00:00:00-04:00,107.4644968529084,107.56017997589244,106.59533053928119,106.9222640991211,105000,0.0,0.0,0.0
2016-10-12 00:00:00-04:00,107.08974366575686,107.73562921265639,106.97012757029364,107.47248840332031,91500,0.0,0.0,0.0
2016-10-13 00:00:00-04:00,107.02595428578793,107.72766313322187,106.73889268158644,107.40869903564453,83700,0.0,0.0,0.0
2016-10-14 00:00:00-04:00,107.5841161610318,107.96686087500444,107.46451224017632,107.52830505371094,97300,0.0,0.0,0.0
2016-10-17 00:00:00-04:00,107.52830309997434,107.63195577375407,107.05783262960912,107.07378387451172,85700,0.0,0.0,0.0
2016-10-18 00:00:00-04:00,107.5601772766253,107.87115958575251,107.44057337589676,107.45651245117188,67100,0.0,0.0,0.0
2016-10-19 00:00:00-04:00,107.44855856640471,107.44855856640471,106.68305698852642,106.87443542480469,85100,0.0,0.0,0.0
2016-10-20 00:00:00-04:00,107.0179736424448,107.12162631707129,106.50764330650644,106.6910400390625,64400,0.0,0.0,0.0
2016-10-21 00:00:00-04:00,106.97009748488726,107.35285428203596,106.86644483198785,107.23323822021484,74600,0.0,0.0,0.0
2016-10-24 00:00:00-04:00,107.49639644648829,108.22999550954,107.49639644648829,107.9588851928711,87000,0.0,0.0,0.0
2016-10-25 00:00:00-04:00,108.45326548889021,108.53300954398276,108.22999673531253,108.28582000732422,107300,0.0,0.0,0.0
2016-10-26 00:00:00-04:00,108.27784201308026,108.53301326433566,107.99876214515896,108.1502685546875,95000,0.0,0.0,0.0
2016-10-27 00:00:00-04:00,108.24593993900557,108.45325743271779,107.44057857822702,107.57613372802734,62800,0.0,0.0,0.0
2016-10-28 00:00:00-04:00,107.48043574223652,108.44528517717494,107.48043574223652,108.11038208007812,85100,0.0,0.0,0.0
2016-10-31 00:00:00-04:00,108.12633200293277,108.5489486798646,108.12633200293277,108.29377746582031,57600,0.0,0.0,0.0
2016-11-01 00:00:00-04:00,108.39744473814433,108.54895112899733,107.5203088791182,107.83129119873047,121700,0.0,0.0,0.0
2016-11-02 00:00:00-04:00,107.60803722357952,108.13431881117528,107.60803722357952,107.6319580078125,137100,0.0,0.0,0.0
2016-11-03 00:00:00-04:00,107.8233576531083,107.8233576531083,106.67511111517436,106.83458709716797,67200,0.0,0.0,0.0
2016-11-04 00:00:00-04:00,106.62724641121262,106.71496000737078,105.75011044963114,105.78201293945312,93800,0.0,0.0,0.0
2016-11-07 00:00:00-05:00,106.57940565369651,107.63993835449219,106.57940565369651,107.63993835449219,91200,0.0,0.0,0.0
2016-11-08 00:00:00-05:00,106.84252863949573,108.46920251189246,106.64318069513553,108.1741714477539,82500,0.0,0.0,0.0
2016-11-09 00:00:00-05:00,104.97666209721062,107.1136791910849,104.97666209721062,106.83458709716797,236000,0.0,0.0,0.0
2016-11-10 00:00:00-05:00,106.70699364774043,106.70699364774043,103.88421940890237,104.05964660644531,218800,0.0,0.0,0.0
2016-11-11 00:00:00-05:00,103.92407408686694,104.2669467183937,103.26223743704799,103.94002532958984,156500,0.0,0.0,0.0
2016-11-14 00:00:00-05:00,103.86030260822885,104.05965059787995,103.50944819968518,103.85233306884766,235800,0.0,0.0,0.0
2016-11-15 00:00:00-05:00,104.12344162741252,104.67364401616335,103.98788645684478,104.6178207397461,201200,0.0,0.0,0.0
2016-11-16 00:00:00-05:00,104.70552508053179,105.0005561805443,104.25101803908645,104.69755554199219,170100,0.0,0.0,0.0
2016-11-17 00:00:00-05:00,104.53009796142578,104.66565312009185,104.0596396753669,104.53009796142578,113800,0.0,0.0,0.0
2016-11-18 00:00:00-05:00,104.43440595530119,104.57793064031546,104.05166129469642,104.20315551757812,131000,0.0,0.0,0.0
2016-11-21 00:00:00-05:00,104.53808687198239,104.93678283691406,103.9480124636788,104.93678283691406,156600,0.0,0.0,0.0
2016-11-22 00:00:00-05:00,105.19989825838331,105.5427830721365,105.15205669535584,105.39924621582031,164000,0.0,0.0,0.0
2016-11-23 00:00:00-05:00,105.03246159141783,105.30357191612003,104.68957674892467,104.77729034423828,108200,0.0,0.0,0.0
2016-11-25 00:00:00-05:00,105.02449132720305,105.62253524551005,105.02449132720305,105.59860229492188,74400,0.0,0.0,0.0
2016-11-28 00:00:00-05:00,105.54278033353772,105.92552499505996,105.3514019191599,105.7580795288086,125000,0.0,0.0,0.0
2016-11-29 00:00:00-05:00,105.78997141000386,105.99728890321666,105.61454423604165,105.84579467773438,83900,0.0,0.0,0.0
2016-11-30 00:00:00-05:00,105.56670905735524,105.69429467654011,104.22709655761719,104.22709655761719,184800,0.0,0.0,0.0
2016-12-01 00:00:00-05:00,104.24307716484482,104.24307716484482,103.05497059364497,103.45366668701172,207300,0.0,0.0,0.0
2016-12-02 00:00:00-05:00,103.74865375189745,104.2510145092743,103.74068421362769,104.15531921386719,199000,0.0,0.0,0.0
2016-12-05 00:00:00-05:00,104.39454205819185,104.53009721589109,104.17127330818904,104.40251159667969,184800,0.0,0.0,0.0
2016-12-06 00:00:00-05:00,104.56996784234947,104.76134626860356,104.39454066009176,104.75336456298828,165300,0.0,0.0,0.0
2016-12-07 00:00:00-05:00,104.77730967101313,106.34817297041704,104.77730967101313,106.22856903076172,139900,0.0,0.0,0.0
2016-12-08 00:00:00-05:00,106.0531353729222,106.36411776439394,105.7740433076779,105.94947052001953,192000,0.0,0.0,0.0
2016-12-09 00:00:00-05:00,106.07703900039083,107.44058444534538,106.07703900039083,107.39273071289062,118700,0.0,0.0,0.0
2016-12-12 00:00:00-05:00,107.12958916142703,107.9030601516698,107.12958916142703,107.77547454833984,155400,0.0,0.0,0.0
2016-12-13 00:00:00-05:00,107.87115867881187,108.44528173194787,107.77547555903351,108.1741714477539,205300,0.0,0.0,0.0
2016-12-14 00:00:00-05:00,108.33321617511018,108.62234082572073,106.82334163806857,107.0964126586914,200200,0.968,0.0,0.0
2016-12-15 00:00:00-05:00,107.07231520460056,107.88346465141886,106.77515149751201,107.6344985961914,143000,0.0,0.0,0.0
2016-12-16 00:00:00-05:00,107.91556581771306,108.24484898204808,107.70675838053018,108.18863677978516,119200,0.0,0.0,0.0
2016-12-19 00:00:00-05:00,108.30110538987753,108.54203240590634,108.10032470673329,108.39747619628906,155100,0.0,0.0,0.0
2016-12-20 00:00:00-05:00,108.27699649320519,108.31714282008504,107.88346200141879,108.25289154052734,297700,0.0,0.0,0.0
2016-12-21 00:00:00-05:00,108.2689574240864,108.77492859142913,108.25289154052734,108.25289154052734,103900,0.0,0.0,0.0
2016-12-22 00:00:00-05:00,108.10028745648437,108.25287042916396,107.85934826880037,108.0761947631836,96400,0.0,0.0,0.0
2016-12-23 00:00:00-05:00,107.92363740924883,108.31715970771039,107.92363740924883,108.26897430419922,63500,0.0,0.0,0.0
2016-12-27 00:00:00-05:00,108.24488391322147,108.46975730419445,108.17260580641174,108.27701568603516,105800,0.0,0.0,0.0
2016-12-28 00:00:00-05:00,108.30107837439594,108.35729057922053,107.61841932012128,107.68267059326172,86900,0.0,0.0,0.0
2016-12-29 00:00:00-05:00,107.69875433545042,108.16455469727947,107.69875433545042,108.06818389892578,97100,0.0,0.0,0.0
2016-12-30 00:00:00-05:00,108.19666571145952,108.19666571145952,107.36945050512777,107.61038970947266,138100,0.0,0.0,0.0
2017-01-03 00:00:00-05:00,107.99589214115008,108.00391895510457,107.42566972875906,107.96376037597656,173000,0.0,0.0,0.0
2017-01-04 00:00:00-05:00,108.1565389911255,108.55007354928878,108.10032677120537,108.1324462890625,179300,0.0,0.0,0.0
2017-01-05 00:00:00-05:00,108.12438417349279,108.46972096010606,107.74691562483196,108.32516479492188,142500,0.0,0.0,0.0
2017-01-06 00:00:00-05:00,108.28500366210938,108.50987697242454,107.81919116083475,108.28500366210938,121700,0.0,0.0,0.0
2017-01-09 00:00:00-05:00,108.00393764991384,108.00393764991384,107.44175420884463,107.56221771240234,138900,0.0,0.0,0.0
2017-01-10 00:00:00-05:00,107.47387361191079,107.54615170572795,106.84742670145997,106.9759292602539,131800,0.0,0.0,0.0
2017-01-11 00:00:00-05:00,106.94381279383354,107.34537411049287,106.86349562863013,107.2008056640625,130400,0.0,0.0,0.0
2017-01-12 00:00:00-05:00,107.04821016554806,107.24096400880138,106.91168078874817,107.16868591308594,97000,0.0,0.0,0.0
2017-01-13 00:00:00-05:00,107.08034793782932,107.20885050720382,106.91168678369033,107.15262603759766,108500,0.0,0.0,0.0
2017-01-17 00:00:00-05:00,107.1927745105622,108.51792190002831,107.1927745105622,108.47777557373047,189800,0.0,0.0,0.0
2017-01-18 00:00:00-05:00,108.55807480650118,108.90342387923053,108.5018625998155,108.87129211425781,86700,0.0,0.0,0.0
2017-01-19 00:00:00-05:00,108.81509672114194,108.81509672114194,108.18062293901092,108.42156219482422,111700,0.0,0.0,0.0
2017-01-20 00:00:00-05:00,108.90343270154689,109.47364290188972,108.55808360084065,109.04798889160156,114700,0.0,0.0,0.0
2017-01-23 00:00:00-05:00,108.77491532789979,108.96765688839228,108.62232008939188,108.8873519897461,447600,0.0,0.0,0.0
2017-01-24 00:00:00-05:00,109.08012100871719,109.79489965608386,109.04798924103848,109.66639709472656,91800,0.0,0.0,0.0
2017-01-25 00:00:00-05:00,109.89125889550245,110.16431761866751,109.73866365176977,109.76275634765625,119100,0.0,0.0,0.0
2017-01-26 00:00:00-05:00,109.71461142920258,109.81902131967873,109.2648646005084,109.30502319335938,90400,0.0,0.0,0.0
2017-01-27 00:00:00-05:00,109.2246876907137,109.23271450606501,108.34928688490395,108.61431884765625,123400,0.0,0.0,0.0
2017-01-30 00:00:00-05:00,108.5018611226363,108.61429778915465,108.18060475067132,108.54200744628906,115700,0.0,0.0,0.0
2017-01-31 00:00:00-05:00,108.45367281351233,109.02389526367188,108.45367281351233,109.02389526367188,139400,0.0,0.0,0.0
2017-02-01 00:00:00-05:00,108.64639289230988,108.82308079352944,108.18058044861054,108.33317565917969,127800,0.0,0.0,0.0
2017-02-02 00:00:00-05:00,108.8231063372867,109.51379222562929,108.8231063372867,109.15238952636719,127700,0.0,0.0,0.0
2017-02-03 00:00:00-05:00,109.49774703698759,110.12418176867808,109.37728353269327,109.73065948486328,89200,0.0,0.0,0.0
2017-02-06 00:00:00-05:00,109.76274409939079,109.76274409939079,109.20056083364373,109.20858764648438,90300,0.0,0.0,0.0
2017-02-07 00:00:00-05:00,109.4415077380497,110.22053755219166,109.3692173986817,110.10810089111328,105500,0.0,0.0,0.0
2017-02-08 00:00:00-05:00,110.10813557942241,110.59000188384609,109.96356710981874,110.50969696044922,132400,0.0,0.0,0.0
2017-02-09 00:00:00-05:00,110.48557529307766,111.16822210905212,110.23659700818126,111.06381225585938,70200,0.0,0.0,0.0
2017-02-10 00:00:00-05:00,111.06383421704825,111.25658807920804,110.75865592031194,111.03974151611328,102200,0.0,0.0,0.0
2017-02-13 00:00:00-05:00,111.32085025908223,111.32085025908223,110.79882534817223,111.07188415527344,98600,0.0,0.0,0.0
2017-02-14 00:00:00-05:00,110.83897445016709,111.24857492572282,110.42135941288883,111.1441650390625,92000,0.0,0.0,0.0
2017-02-15 00:00:00-05:00,111.16021599247661,112.20427795476841,111.16021599247661,112.10789489746094,108700,0.0,0.0,0.0
2017-02-16 00:00:00-05:00,112.0677351490395,112.47733556531792,111.47343219942732,112.05168151855469,81000,0.0,0.0,0.0
2017-02-17 00:00:00-05:00,111.76256678941198,112.78252387641346,111.76256678941198,112.75040435791016,107600,0.0,0.0,0.0
2017-02-21 00:00:00-05:00,113.10373255941981,113.97913306136273,112.97523003032478,113.79441833496094,515400,0.0,0.0,0.0
2017-02-22 00:00:00-05:00,113.74625072215144,113.82655562437607,113.48121880998725,113.71411895751953,109200,0.0,0.0,0.0
2017-02-23 00:00:00-05:00,113.86672880762376,114.33254141711204,113.69807991304647,113.84263610839844,80800,0.0,0.0,0.0
2017-02-24 00:00:00-05:00,113.73019696318474,114.3405657548015,113.52138948952927,114.2682876586914,110700,0.0,0.0,0.0
2017-02-27 00:00:00-05:00,114.13176305595239,114.13176305595239,113.5454869385116,113.7302017211914,84900,0.0,0.0,0.0
2017-02-28 00:00:00-05:00,113.56154081988346,114.16388282335812,113.56154081988346,113.88279724121094,407100,0.0,0.0,0.0
2017-03-01 00:00:00-05:00,114.0273417601635,114.68590816541936,113.90687827367921,114.41284942626953,88100,0.0,0.0,0.0
2017-03-02 00:00:00-05:00,114.4369310025287,114.59755305379113,114.21205767982589,114.34858703613281,66200,0.0,0.0,0.0
2017-03-03 00:00:00-05:00,114.13979707617172,114.21208743454847,113.481242818025,113.89083099365234,106800,0.0,0.0,0.0
2017-03-06 00:00:00-05:00,113.57759993205885,113.57759993205885,113.27240941366593,113.44107055664062,96300,0.0,0.0,0.0
2017-03-07 00:00:00-05:00,113.19211509143774,113.46517386781446,113.12786380499382,113.20014190673828,122100,0.0,0.0,0.0
2017-03-08 00:00:00-05:00,113.04751976623874,113.15995642712376,112.84673913932427,112.9511489868164,59200,0.0,0.0,0.0
2017-03-09 00:00:00-05:00,112.9271117362799,113.30458048058074,112.91104584692926,113.15198516845703,53800,0.0,0.0,0.0
2017-03-10 00:00:00-05:00,113.64988963156671,113.77839220555627,113.35273815206081,113.69004821777344,48900,0.0,0.0,0.0
2017-03-13 00:00:00-04:00,113.67398395136125,113.81855241282851,113.43305694004935,113.70611572265625,62800,0.0,0.0,0.0
2017-03-14 00:00:00-04:00,113.6097284778528,113.78640417568836,113.36878924672669,113.52941131591797,58800,0.0,0.0,0.0
2017-03-15 00:00:00-04:00,113.55352279588226,114.6778897208755,113.55352279588226,114.40483093261719,142300,0.0,0.0,0.0
2017-03-16 00:00:00-04:00,114.30045201314405,114.51728636329256,114.26832023592638,114.46910095214844,93100,0.0,0.0,0.0
2017-03-17 00:00:00-04:00,114.72606767879091,115.04731181514688,114.43694305419922,114.43694305419922,69300,0.0,0.0,0.0
2017-03-20 00:00:00-04:00,114.45299785198114,114.68591026969517,114.30844166554766,114.49315643310547,77200,0.0,0.0,0.0
2017-03-21 00:00:00-04:00,114.62969039392078,114.7822856554947,114.24419495998804,114.2682876586914,101500,0.0,0.0,0.0
2017-03-22 00:00:00-04:00,114.3405400464369,114.60557192726296,113.93095200589269,114.19598388671875,99200,0.0,0.0,0.0
2017-03-23 00:00:00-04:00,114.06749259207086,114.5092124369713,113.82655338079086,113.94702911376953,72300,0.0,0.0,0.0
2017-03-24 00:00:00-04:00,114.0795423600268,114.0795423600268,113.40092091699755,113.76447296142578,84900,0.834,0.0,0.0
2017-03-27 00:00:00-04:00,113.34434527261293,113.7563551957248,113.23124378428001,113.6190185546875,71100,0.0,0.0,0.0
2017-03-28 00:00:00-04:00,113.53015143411125,114.16029005434329,113.38474051889044,113.99871826171875,63700,0.0,0.0,0.0
2017-03-29 00:00:00-04:00,113.99066671967611,114.29764948874285,113.77253797620601,114.19263458251953,69500,0.0,0.0,0.0
2017-03-30 00:00:00-04:00,114.19264814572396,114.2168833059725,113.82909608771297,113.87757873535156,92000,0.0,0.0,0.0
2017-03-31 00:00:00-04:00,113.85329580654225,114.05526363050373,113.6190185546875,113.6190185546875,332600,0.0,0.0,0.0
2017-04-03 00:00:00-04:00,113.63519118573414,113.90179022019474,113.22316889286824,113.45745849609375,297700,0.0,0.0,0.0
2017-04-04 00:00:00-04:00,113.50591469311335,113.62709045410156,113.21508053960423,113.62709045410156,58600,0.0,0.0,0.0
2017-04-05 00:00:00-04:00,113.75639572930092,114.19265328770173,113.3120638928342,113.47364807128906,64900,0.0,0.0,0.0
2017-04-06 00:00:00-04:00,113.51403100959361,113.74023406530725,113.3928552037263,113.5221176147461,62200,0.0,0.0,0.0
2017-04-07 00:00:00-04:00,113.52209563310628,114.02297196989424,113.50593475307258,113.74829864501953,137200,0.0,0.0,0.0
2017-04-10 00:00:00-04:00,113.90179191776346,114.30572761348654,113.64326715547391,114.103759765625,66400,0.0,0.0,0.0
2017-04-11 00:00:00-04:00,114.07146115843376,114.20072356581332,113.82102294859939,114.18456268310547,55900,0.0,0.0,0.0
2017-04-12 00:00:00-04:00,114.1602925782105,114.66116884456129,114.15221830289893,114.59654998779297,65500,0.0,0.0,0.0
2017-04-13 00:00:00-04:00,114.57232503569793,114.58847358775886,114.02296608715174,114.06336212158203,117600,0.0,0.0,0.0
2017-04-17 00:00:00-04:00,114.13607011527286,114.79853057861328,114.13607011527286,114.79853057861328,56500,0.0,0.0,0.0
2017-04-18 00:00:00-04:00,114.70967210758299,115.67102878234427,114.70967210758299,115.34788513183594,74400,0.0,0.0,0.0
2017-04-19 00:00:00-04:00,115.51750101518896,115.56597131219928,114.75001355540687,114.90351104736328,77500,0.0,0.0,0.0
2017-04-20 00:00:00-04:00,114.6369269154811,114.94392193910514,114.4107239487488,114.68540954589844,64600,0.0,0.0,0.0
2017-04-21 00:00:00-04:00,114.62886900509113,114.71773534950377,114.38650512695312,114.38650512695312,60700,0.0,0.0,0.0
2017-04-24 00:00:00-04:00,114.95202688051974,115.59832652666024,114.91164316843756,115.42868041992188,73200,0.0,0.0,0.0
2017-04-25 00:00:00-04:00,115.50944492288707,116.04264298510132,115.50944492288707,115.89723205566406,96800,0.0,0.0,0.0
2017-04-26 00:00:00-04:00,115.96189306819754,115.96189306819754,115.01668470186601,115.06515502929688,71800,0.0,0.0,0.0
2017-04-27 00:00:00-04:00,115.08128665593894,115.27518024351023,114.73390784623973,114.88740539550781,55000,0.0,0.0,0.0
2017-04-28 00:00:00-04:00,114.87125817068888,114.87125817068888,114.34613426460064,114.8470230102539,63900,0.0,0.0,0.0
2017-05-01 00:00:00-04:00,114.91971663089309,114.91971663089309,114.26534271240234,114.26534271240234,275500,0.0,0.0,0.0
2017-05-02 00:00:00-04:00,114.26533784323395,114.32996903734983,113.46554068408223,113.53824615478516,95900,0.0,0.0,0.0
2017-05-03 00:00:00-04:00,113.55442284948889,113.67561097801111,113.23935343875756,113.54634857177734,54300,0.0,0.0,0.0
2017-05-04 00:00:00-04:00,113.73216003750649,114.78239555685435,113.73216003750649,114.34613800048828,62900,0.0,0.0,0.0
2017-05-05 00:00:00-04:00,114.53193671186717,114.66927337646484,114.28149853953377,114.66927337646484,92400,0.0,0.0,0.0
2017-05-08 00:00:00-04:00,114.65309456924972,114.70156487539491,114.36226040524072,114.59654998779297,53300,0.0,0.0,0.0
2017-05-09 00:00:00-04:00,114.73389952442645,114.89547133878007,114.01489447248444,114.13607025146484,64600,0.0,0.0,0.0
2017-05-10 00:00:00-04:00,114.20880710717914,114.3865398499567,113.9583688770315,114.3623046875,59100,0.0,0.0,0.0
2017-05-11 00:00:00-04:00,114.25722331757396,114.43495597617375,113.95831490408194,114.41072082519531,65300,0.0,0.0,0.0
2017-05-12 00:00:00-04:00,114.45113960395315,114.45113960395315,114.07143906029553,114.13607025146484,53500,0.0,0.0,0.0
2017-05-15 00:00:00-04:00,114.11182227206533,114.62885941617712,114.07951284368116,114.59654998779297,72100,0.0,0.0,0.0
2017-05-16 00:00:00-04:00,114.76622574090214,114.93588418342637,114.29765878175164,114.37037658691406,56500,0.0,0.0,0.0
2017-05-17 00:00:00-04:00,114.15225059548393,114.51579032155266,113.95028271131893,114.11185455322266,76300,0.0,0.0,0.0
2017-05-18 00:00:00-04:00,114.15222188839842,114.40266002944003,113.81291740758674,114.09566497802734,63800,0.0,0.0,0.0
2017-05-19 00:00:00-04:00,114.19263664979782,114.94395119614944,114.11184457234182,114.72582244873047,65000,0.0,0.0,0.0
2017-05-22 00:00:00-04:00,114.94394027272067,115.62254928115603,114.84699965069821,115.44481658935547,89000,0.0,0.0,0.0
2017-05-23 00:00:00-04:00,115.60639876940019,116.07495331932617,115.59831216627597,115.65486907958984,83600,0.0,0.0,0.0
2017-05-24 00:00:00-04:00,115.68719295965172,116.24462625073237,115.62256176228031,116.17192077636719,123900,0.0,0.0,0.0
2017-05-25 00:00:00-04:00,116.40619997347264,117.10905655185324,116.33349449792519,116.89900207519531,99500,0.0,0.0,0.0
2017-05-26 00:00:00-04:00,116.98785547134901,117.24638023639727,116.93131088345675,117.2221450805664,80400,0.0,0.0,0.0
2017-05-30 00:00:00-04:00,117.02019108166824,117.18176291537824,116.7455054045064,117.12520599365234,55200,0.0,0.0,0.0
2017-05-31 00:00:00-04:00,117.22218612176559,117.71498834142923,117.22218612176559,117.37567138671875,83400,0.0,0.0,0.0
2017-06-01 00:00:00-04:00,117.48875251219351,118.41781218238064,117.24640091114956,118.38549041748047,204600,0.0,0.0,0.0
2017-06-02 00:00:00-04:00,118.6762974620587,118.82979499229505,118.22389147429175,118.74092864990234,85600,0.0,0.0,0.0
2017-06-05 00:00:00-04:00,118.69247023099713,118.85404205322266,118.2723736314989,118.85404205322266,52900,0.0,0.0,0.0
2017-06-06 00:00:00-04:00,118.69246421370926,118.71669936945746,118.25621908310247,118.42586517333984,60200,0.0,0.0,0.0
2017-06-07 00:00:00-04:00,118.42583177539089,118.57125499600768,118.20771543516936,118.40968322753906,92900,0.0,0.0,0.0
2017-06-08 00:00:00-04:00,118.3370012812563,118.3370012812563,117.35139716992073,117.61799621582031,90900,0.0,0.0,0.0
2017-06-09 00:00:00-04:00,117.61797408756247,117.73107557116803,117.23019933336299,117.56950378417969,81700,0.0,0.0,0.0
2017-06-12 00:00:00-04:00,117.8199428696353,117.96536610811384,117.30290575074866,117.4644775390625,80800,0.0,0.0,0.0
2017-06-13 00:00:00-04:00,117.6664810180664,117.7876691413839,117.03634222366674,117.6664810180664,77500,0.0,0.0,0.0
2017-06-14 00:00:00-04:00,118.15927793687018,118.6197705963668,118.04617642303354,118.40164184570312,86200,0.0,0.0,0.0
2017-06-15 00:00:00-04:00,117.86033619851095,118.2238757956733,117.3998559960085,118.05422973632812,64200,0.0,0.0,0.0
2017-06-16 00:00:00-04:00,117.25448198605865,117.25448198605865,115.78416210354449,116.81015014648438,139300,0.0,0.0,0.0
2017-06-19 00:00:00-04:00,117.02826861369869,117.36757317206882,116.3334986149957,117.34333801269531,79700,0.0,0.0,0.0
2017-06-20 00:00:00-04:00,117.48066947813983,117.48066947813983,116.8262955498119,116.86669158935547,80200,0.0,0.0,0.0
2017-06-21 00:00:00-04:00,116.95556304407044,117.05250368148862,116.40620400203831,116.46276092529297,49100,0.0,0.0,0.0
2017-06-22 00:00:00-04:00,116.45465392880733,116.45465392880733,115.74373550032524,115.79220581054688,60400,0.0,0.0,0.0
2017-06-23 00:00:00-04:00,115.78415784671242,116.15577186095413,115.75183608112688,115.81646728515625,104700,0.0,0.0,0.0
2017-06-26 00:00:00-04:00,116.08304427981012,116.64855179848153,116.08304427981012,116.3738784790039,75000,0.0,0.0,0.0
2017-06-27 00:00:00-04:00,116.25267308059367,116.25267308059367,115.2993908805001,115.3155517578125,132800,0.0,0.0,0.0
2017-06-28 00:00:00-04:00,115.78513901346136,116.25713502985788,115.73631398027436,115.76885986328125,73600,1.037,0.0,0.0
2017-06-29 00:00:00-04:00,115.71999907485605,115.71999907485605,114.07615310047487,114.42608642578125,117200,0.0,0.0,0.0
2017-06-30 00:00:00-04:00,114.76790662060877,115.10969426190186,114.71908158861734,114.75977325439453,51400,0.0,0.0,0.0
2017-07-03 00:00:00-04:00,115.01199929985923,115.28868265136852,114.62952014210008,114.67021179199219,154800,0.0,0.0,0.0
2017-07-05 00:00:00-04:00,115.02014527318237,115.02014527318237,114.35284932771548,114.41795349121094,90600,0.0,0.0,0.0
2017-07-06 00:00:00-04:00,114.3365827973494,114.37727445619228,113.73437853158678,113.77507019042969,90400,0.0,0.0,0.0
2017-07-07 00:00:00-04:00,113.90528249703068,114.133140893662,113.53093660693561,113.80763244628906,106600,0.0,0.0,0.0
2017-07-10 00:00:00-04:00,113.76694940920946,113.76694940920946,112.84736997052023,113.01012420654297,139600,0.0,0.0,0.0
2017-07-11 00:00:00-04:00,112.87179261391547,113.04269264835449,112.36725071176285,112.62765502929688,108100,0.0,0.0,0.0
2017-07-12 00:00:00-04:00,113.18099834065464,113.734365100045,113.18099834065464,113.27864837646484,76200,0.0,0.0,0.0
2017-07-13 00:00:00-04:00,113.41701438945492,113.55535610897094,113.22171427595093,113.37633514404297,64600,0.0,0.0,0.0
2017-07-14 00:00:00-04:00,113.65302756401222,114.36101536611402,113.65302756401222,114.16570281982422,57000,0.0,0.0,0.0
2017-07-17 00:00:00-04:00,114.22266287564865,114.46680043117436,114.05990864441549,114.31217956542969,146900,0.0,0.0,0.0
2017-07-18 00:00:00-04:00,114.320291165147,114.51560365585183,114.17381611013052,114.3447036743164,125600,0.0,0.0,0.0
2017-07-19 00:00:00-04:00,114.40165675547235,114.81668176442304,114.25516930579424,114.8004150390625,109500,0.0,0.0,0.0
2017-07-20 00:00:00-04:00,114.75159751988237,115.22359340152715,114.58070995251514,114.87367248535156,61100,0.0,0.0,0.0
2017-07-21 00:00:00-04:00,114.67025969497031,115.18293496226455,114.4505346276423,115.1259765625,70600,0.0,0.0,0.0
2017-07-24 00:00:00-04:00,115.11782175153475,115.12595511645648,114.74347587016784,114.83299255371094,240900,0.0,0.0,0.0
2017-07-25 00:00:00-04:00,115.1747849705002,115.76071012056182,115.07713491794044,115.73629760742188,94700,0.0,0.0,0.0
2017-07-26 00:00:00-04:00,115.67118737015596,115.80952907648138,115.34567893378453,115.56539154052734,73500,0.0,0.0,0.0
2017-07-27 00:00:00-04:00,114.9550230172152,116.53376458579508,114.9550230172152,116.48493957519531,80900,0.0,0.0,0.0
2017-07-28 00:00:00-04:00,116.37920621677195,116.58265214832747,114.13316760264652,115.55728912353516,115900,0.0,0.0,0.0
2017-07-31 00:00:00-04:00,115.24803269227579,115.72002868360215,115.15038263108849,115.47589111328125,147200,0.0,0.0,0.0
2017-08-01 00:00:00-04:00,115.67121531546057,115.83396957296651,115.28060261397553,115.31314849853516,191600,0.0,0.0,0.0
2017-08-02 00:00:00-04:00,115.23175570692563,115.29684746369016,114.69465558348166,115.2236099243164,92800,0.0,0.0,0.0
2017-08-03 00:00:00-04:00,115.15851384235168,115.65492233968662,114.93065542560966,115.02017211914062,57900,0.0,0.0,0.0
2017-08-04 00:00:00-04:00,115.22358772280148,115.22358772280148,114.53187928863211,114.69463348388672,62100,0.0,0.0,0.0
2017-08-07 00:00:00-04:00,114.72717210486765,115.59792624133648,114.72717210486765,115.52468872070312,74100,0.0,0.0,0.0
2017-08-08 00:00:00-04:00,115.38638499596334,115.55728503606079,115.02833059966822,115.08528900146484,88100,0.0,0.0,0.0
2017-08-09 00:00:00-04:00,114.96321411798,115.28058922934167,114.8248723942944,115.20735168457031,142900,0.0,0.0,0.0
2017-08-10 00:00:00-04:00,114.97949001241554,115.23177338231989,114.33660637260367,114.71908569335938,62600,0.0,0.0,0.0
2017-08-11 00:00:00-04:00,114.74348306308956,115.28058319801738,114.719070549443,114.84113311767578,400400,0.0,0.0,0.0
2017-08-14 00:00:00-04:00,115.13408560421585,115.75256900864018,115.13408560421585,115.41891479492188,73600,0.0,0.0,0.0
2017-08-15 00:00:00-04:00,115.64683373891971,116.0862715934924,115.49221280684651,115.9397964477539,120900,0.0,0.0,0.0
2017-08-16 00:00:00-04:00,116.0292537581571,116.50938304646087,116.0292537581571,116.28152465820312,78700,0.0,0.0,0.0
2017-08-17 00:00:00-04:00,116.0373651714044,116.46866935453893,115.19916931230533,115.23172760009766,142100,0.0,0.0,0.0
2017-08-18 00:00:00-04:00,115.13409569878625,115.20734565707772,114.73534969765797,114.84113311767578,63300,0.0,0.0,0.0
2017-08-21 00:00:00-04:00,114.87370879181663,115.50845907735358,114.84115049046137,115.29686737060547,168700,0.0,0.0,0.0
2017-08-22 00:00:00-04:00,115.3212994354625,115.61426207900489,115.22363694271209,115.50032043457031,56200,0.0,0.0,0.0
2017-08-23 00:00:00-04:00,115.2235929771257,115.37008045167924,115.00388039131995,115.07711791992188,49100,0.0,0.0,0.0
2017-08-24 00:00:00-04:00,115.14221018367583,115.14221018367583,113.44953933262197,113.57160186767578,117800,0.0,0.0,0.0
2017-08-25 00:00:00-04:00,113.88900490004673,114.28776330825627,113.83204650878906,113.83204650878906,55600,0.0,0.0,0.0
2017-08-28 00:00:00-04:00,113.88084605557775,113.92153770728702,113.1972710093173,113.50650024414062,84700,0.0,0.0,0.0
2017-08-29 00:00:00-04:00,113.36002129304636,113.94594628889578,113.35187551257594,113.86456298828125,62300,0.0,0.0,0.0
2017-08-30 00:00:00-04:00,113.79137415191578,114.10874929233896,113.72626996704005,113.98668670654297,55200,0.0,0.0,0.0
2017-08-31 00:00:00-04:00,113.98670658858002,114.14946087048082,113.8483524107408,114.05994415283203,40700,0.0,0.0,0.0
2017-09-01 00:00:00-04:00,114.10059027381858,114.54816126601742,114.10059027381858,114.49933624267578,65300,0.0,0.0,0.0
2017-09-05 00:00:00-04:00,114.43426661051409,114.74350840814623,114.04365388853712,114.65399169921875,201400,0.0,0.0,0.0
2017-09-06 00:00:00-04:00,114.80858002734132,115.17478012639002,114.57257585377923,115.02830505371094,66600,0.0,0.0,0.0
2017-09-07 00:00:00-04:00,115.21546074204056,115.37821494631176,114.89808569763933,115.30497741699219,47700,0.0,0.0,0.0
2017-09-08 00:00:00-04:00,115.07712132110255,115.07712132110255,114.31216288683002,114.6051254272461,55500,0.0,0.0,0.0
2017-09-11 00:00:00-04:00,114.84111644275497,115.4921456859546,114.84111644275497,115.32939147949219,74200,0.0,0.0,0.0
2017-09-12 00:00:00-04:00,115.33755290783463,116.08623237361142,115.30500702556304,115.51658630371094,48300,0.0,0.0,0.0
2017-09-13 00:00:00-04:00,115.49216317722535,116.03739668099244,115.49216317722535,115.58981323242188,67500,0.0,0.0,0.0
2017-09-14 00:00:00-04:00,115.55726712450209,115.55726712450209,115.06085864931543,115.34568786621094,88600,0.0,0.0,0.0
2017-09-15 00:00:00-04:00,115.39450339243702,115.67932016852961,115.15036585767848,115.64677429199219,45800,0.0,0.0,0.0
2017-09-18 00:00:00-04:00,115.64680730801062,115.98046162019058,115.51659892998609,115.77701568603516,53600,0.0,0.0,0.0
2017-09-19 00:00:00-04:00,115.92345247546415,115.92345247546415,115.29683572855778,115.45960235595703,44200,0.0,0.0,0.0
2017-09-20 00:00:00-04:00,115.25617472394504,115.26430808966168,113.92970348834939,114.48307037353516,62000,0.0,0.0,0.0
2017-09-21 00:00:00-04:00,114.43422403564428,114.43422403564428,113.31934468980641,113.35189056396484,96500,0.0,0.0,0.0
2017-09-22 00:00:00-04:00,113.30307900976189,113.58790821623644,113.01826222063875,113.08336639404297,76400,0.0,0.0,0.0
2017-09-25 00:00:00-04:00,113.20543796967799,113.92970488259466,113.20543796967799,113.87273406982422,116300,0.0,0.0,0.0
2017-09-26 00:00:00-04:00,113.97037153256692,114.32029244614918,113.78320482105428,114.12499237060547,146000,0.0,0.0,0.0
2017-09-27 00:00:00-04:00,114.08491462513092,114.0930929530184,112.82476540063558,113.4057388305664,157700,0.771,0.0,0.0
2017-09-28 00:00:00-04:00,113.34845815540781,113.62667111736084,113.23389914248621,113.45482635498047,68600,0.0,0.0,0.0
2017-09-29 00:00:00-04:00,113.62667461306233,113.7085078330936,113.30754503253449,113.38118743896484,269700,0.0,0.0,0.0
2017-10-02 00:00:00-04:00,113.46299375240486,113.78212325725438,113.17659003620945,113.2666015625,95400,0.0,0.0,0.0
2017-10-03 00:00:00-04:00,113.29936665588255,113.55303215747482,113.20935510828565,113.29117584228516,146900,0.0,0.0,0.0
2017-10-04 00:00:00-04:00,113.20114175943162,114.13398284609798,112.93929798236425,113.7412109375,157600,0.0,0.0,0.0
2017-10-05 00:00:00-04:00,114.03580911083965,114.46131935546843,114.02763078371058,114.1585464477539,75000,0.0,0.0,0.0
2017-10-06 00:00:00-04:00,113.75761368180073,113.75761368180073,112.98842628931678,113.16844940185547,74900,0.0,0.0,0.0
2017-10-09 00:00:00-04:00,113.23391662651846,113.43029640128009,112.54654995685917,112.6856689453125,91100,0.0,0.0,0.0
2017-10-10 00:00:00-04:00,113.16025941950653,113.96218510343797,113.16025941950653,113.76579284667969,121800,0.0,0.0,0.0
2017-10-11 00:00:00-04:00,113.77394094320776,114.23218942054501,113.77394094320776,113.90486907958984,84200,0.0,0.0,0.0
2017-10-12 00:00:00-04:00,113.79850495643716,114.53495389938624,113.77394500474375,114.42039489746094,188900,0.0,0.0,0.0
2017-10-13 00:00:00-04:00,114.67405346431724,114.92771891859734,114.6085893977298,114.65768432617188,98400,0.0,0.0,0.0
2017-10-16 00:00:00-04:00,114.57586290453445,114.78861175514297,114.54312462844456,114.73133850097656,83000,0.0,0.0,0.0
2017-10-17 00:00:00-04:00,114.46952438750466,114.51861933372386,113.98674076835121,114.22403717041016,68200,0.0,0.0,0.0
2017-10-18 00:00:00-04:00,114.16675640195791,114.29767208795043,113.88853091497926,114.09310150146484,72100,0.0,0.0,0.0
2017-10-19 00:00:00-04:00,113.74121019099171,113.74121019099171,113.22568848021957,113.50391387939453,78800,0.0,0.0,0.0
2017-10-20 00:00:00-04:00,113.39753700678274,113.39753700678274,113.00476508762037,113.34844207763672,107600,0.0,0.0,0.0
2017-10-23 00:00:00-04:00,113.53667023510314,113.7821574247028,113.09480328262148,113.1929931640625,94600,0.0,0.0,0.0
2017-10-24 00:00:00-04:00,113.18481111196209,113.26663184847183,112.71838421846931,112.81657409667969,252600,0.0,0.0,0.0
2017-10-25 00:00:00-04:00,112.7510749804618,112.94746716185388,111.859150567876,112.51377868652344,109500,0.0,0.0,0.0
2017-10-26 00:00:00-04:00,112.92293546203908,113.3975406021554,112.61198425292969,112.61198425292969,94000,0.0,0.0,0.0
2017-10-27 00:00:00-04:00,112.28468705081605,112.28468705081605,111.51549976746556,111.8182601928711,145600,0.0,0.0,0.0
2017-10-30 00:00:00-04:00,112.28467335327494,112.28467335327494,110.71357318332112,110.72994232177734,108400,0.0,0.0,0.0
2017-10-31 00:00:00-04:00,111.23728599262908,111.9246400546608,111.23728599262908,111.7118911743164,112900,0.0,0.0,0.0
2017-11-01 00:00:00-04:00,112.09649730393383,112.42380523108832,111.26184585789368,112.02284240722656,115800,0.0,0.0,0.0
2017-11-02 00:00:00-04:00,111.91643524670039,112.08826747855288,111.37636611746426,111.69549560546875,114600,0.0,0.0,0.0
2017-11-03 00:00:00-04:00,111.62187603677836,112.02282631705337,111.56459029045605,111.60550689697266,100100,0.0,0.0,0.0
2017-11-06 00:00:00-05:00,111.4091023415391,111.4091023415391,110.45171378783454,110.50080871582031,129200,0.0,0.0,0.0
2017-11-07 00:00:00-05:00,110.45172185289384,111.45002708147965,110.33716285056407,111.44184875488281,244900,0.0,0.0,0.0
2017-11-08 00:00:00-05:00,111.63819572145917,112.6774172500641,111.62183907306527,112.64469146728516,85500,0.0,0.0,0.0
2017-11-09 00:00:00-05:00,112.39925785403535,112.96387464194245,112.10467572495325,112.60382843017578,436600,0.0,0.0,0.0
2017-11-10 00:00:00-05:00,112.43195863439232,113.81485741914308,112.43195863439232,113.72484588623047,69200,0.0,0.0,0.0
2017-11-13 00:00:00-05:00,113.68395205428725,114.74772152378803,113.68395205428725,114.25675964355469,80700,0.0,0.0,0.0
2017-11-14 00:00:00-05:00,114.10944072301001,114.76406892530869,113.88032272510463,114.68223571777344,67800,0.0,0.0,0.0
2017-11-15 00:00:00-05:00,114.45313507791454,114.4940516878876,113.46302054094647,113.51211547851562,84200,0.0,0.0,0.0
2017-11-16 00:00:00-05:00,114.33039996762442,115.55782337481821,114.33039996762442,115.2059555053711,138800,0.0,0.0,0.0
2017-11-17 00:00:00-05:00,114.89502698909065,115.34508477576992,114.58407570265813,114.93594360351562,55100,0.0,0.0,0.0
2017-11-20 00:00:00-05:00,114.78864628878527,115.18960913255366,114.78046796029936,114.93594360351562,48800,0.0,0.0,0.0
2017-11-21 00:00:00-05:00,115.06684901754205,115.69692986264725,114.96865914048546,115.2059555053711,82400,0.0,0.0,0.0
2017-11-22 00:00:00-05:00,115.3778155222285,115.3778155222285,114.89503191490981,115.11595916748047,58400,0.0,0.0,0.0
2017-11-24 00:00:00-05:00,115.32868136264617,115.45960949550141,115.05046844482422,115.05046844482422,30600,0.0,0.0,0.0
2017-11-27 00:00:00-05:00,115.05047613429372,115.32868907071018,115.0013687166954,115.14048767089844,124500,0.0,0.0,0.0
2017-11-28 00:00:00-05:00,115.27141269788717,116.17152813711226,115.17322282669745,116.15515899658203,90200,0.0,0.0,0.0
2017-11-29 00:00:00-05:00,116.13061952893887,117.27622221105379,116.13061952893887,116.87525939941406,87500,0.0,0.0,0.0
2017-11-30 00:00:00-05:00,117.3253293645972,118.23362328822232,117.04710387143423,117.93904113769531,79300,0.0,0.0,0.0
2017-12-01 00:00:00-05:00,117.51350052512657,118.19267621062873,116.47427869444304,118.11903381347656,95700,0.0,0.0,0.0
2017-12-04 00:00:00-05:00,118.55273906223528,119.36283051705648,118.12722878651314,119.30555725097656,186200,0.0,0.0,0.0
2017-12-05 00:00:00-05:00,119.35466025035534,119.54286168875235,118.65093695243891,119.00279235839844,248300,0.0,0.0,0.0
2017-12-06 00:00:00-05:00,119.01098660131761,119.64924583339746,119.01098660131761,119.64106750488281,79200,0.0,0.0,0.0
2017-12-07 00:00:00-05:00,118.7655296995411,119.42833657225894,118.58550653830899,118.61005401611328,88200,0.0,0.0,0.0
2017-12-08 00:00:00-05:00,118.6672898956115,118.93732452392578,118.24177964923788,118.93732452392578,73700,0.0,0.0,0.0
2017-12-11 00:00:00-05:00,118.68360524659492,118.88817572842827,118.25810763429533,118.83908081054688,82200,0.0,0.0,0.0
2017-12-12 00:00:00-05:00,118.89639994745514,119.23189862857156,118.53635380050042,118.70819854736328,56300,0.0,0.0,0.0
2017-12-13 00:00:00-05:00,118.84728724771087,119.60828354691607,118.84728724771087,119.28915405273438,96400,0.0,0.0,0.0
2017-12-14 00:00:00-05:00,119.2941372601429,119.44247626512023,118.85734453388972,118.89030456542969,78100,1.036,0.0,0.0
2017-12-15 00:00:00-05:00,119.57433156202627,120.30781481238067,119.57433156202627,120.07705688476562,328800,0.0,0.0,0.0
2017-12-18 00:00:00-05:00,120.48914184437253,121.09900934569009,120.16772807720805,120.24189758300781,157000,0.0,0.0,0.0
2017-12-19 00:00:00-05:00,120.8435058185762,120.87646584547764,120.30780792236328,120.30780792236328,114700,0.0,0.0,0.0
2017-12-20 00:00:00-05:00,120.44791360129574,120.5468188356478,119.46719872381142,120.16770935058594,146700,0.0,0.0,0.0
2017-12-21 00:00:00-05:00,120.53033647315351,120.62922913537399,120.0358480113232,120.14299011230469,69800,0.0,0.0,0.0
2017-12-22 00:00:00-05:00,120.51385854836408,120.51385854836408,120.24189113298834,120.3737564086914,71100,0.0,0.0,0.0
2017-12-26 00:00:00-05:00,120.34083147650675,120.87651702416385,120.34083147650675,120.57982635498047,52000,0.0,0.0,0.0
2017-12-27 00:00:00-05:00,120.71163100404165,120.9588752000003,120.38198045967158,120.48087310791016,55400,0.0,0.0,0.0
2017-12-28 00:00:00-05:00,120.73635645230009,120.73635645230009,120.14297540090826,120.42317962646484,84700,0.0,0.0,0.0
2017-12-29 00:00:00-05:00,120.44791745647711,121.00010168780621,120.35726165771484,120.35726165771484,61800,0.0,0.0,0.0
2018-01-02 00:00:00-05:00,120.45615156636005,120.58801681602695,119.72266840621114,119.76387786865234,183400,0.0,0.0,0.0
2018-01-03 00:00:00-05:00,119.84627061433541,120.07702848737782,119.62374960270132,119.6402359008789,110700,0.0,0.0,0.0
2018-01-04 00:00:00-05:00,119.84631441745873,120.53035142518912,119.82159124883664,120.02762603759766,336000,0.0,0.0,0.0
2018-01-05 00:00:00-05:00,120.30778337294353,120.50558122008,119.90396339282742,120.43141174316406,113700,0.0,0.0,0.0
2018-01-08 00:00:00-05:00,120.45616735202049,120.82702741186743,120.3325389484955,120.7940673828125,110500,0.0,0.0,0.0
2018-01-09 00:00:00-05:00,120.8517601450106,121.02483489350185,120.55506955857204,120.62100219726562,162800,0.0,0.0,0.0
2018-01-10 00:00:00-05:00,120.28308696437757,120.28308696437757,119.21170372766538,119.87101745605469,128600,0.0,0.0,0.0
2018-01-11 00:00:00-05:00,120.12650307059236,120.19243570345476,119.71443354672532,119.9122314453125,137500,0.0,0.0,0.0
2018-01-12 00:00:00-05:00,120.22542278653346,120.48914077437918,119.7391711325336,119.89575958251953,101300,0.0,0.0,0.0
2018-01-16 00:00:00-05:00,120.32431435924413,120.96714188198347,120.24189541515332,120.46441650390625,157400,0.0,0.0,0.0
2018-01-17 00:00:00-05:00,120.90120387454753,122.28576410654266,120.90120387454753,121.85720825195312,132900,0.0,0.0,0.0
2018-01-18 00:00:00-05:00,121.78304100968762,121.95610318229411,121.18965983859256,121.42041778564453,89100,0.0,0.0,0.0
2018-01-19 00:00:00-05:00,121.84895295876044,122.86264038085938,121.84895295876044,122.86264038085938,72600,0.0,0.0,0.0
2018-01-22 00:00:00-05:00,122.86269435149308,123.79397583007812,122.80499856149972,123.79397583007812,113700,0.0,0.0,0.0
2018-01-23 00:00:00-05:00,123.43130863392678,123.65381712243345,122.86265067923753,123.4560317993164,151400,0.0,0.0,0.0
2018-01-24 00:00:00-05:00,123.77746858717254,123.78570545204916,123.12639157629883,123.62088012695312,78200,0.0,0.0,0.0
2018-01-25 00:00:00-05:00,123.91759714150619,124.26373417055827,123.20883677477035,123.69507598876953,72100,0.0,0.0,0.0
2018-01-26 00:00:00-05:00,123.62084222038486,124.32136535644531,123.34887485845653,124.32136535644531,119900,0.0,0.0,0.0
2018-01-29 00:00:00-05:00,124.54390385637906,124.6840060023093,123.71976470947266,123.71976470947266,139200,0.0,0.0,0.0
2018-01-30 00:00:00-05:00,123.05219706265524,123.76095713438089,122.64012754596274,122.92858123779297,125100,0.0,0.0,0.0
2018-01-31 00:00:00-05:00,123.10985817190402,123.32412973312907,121.93133314676591,122.41757202148438,201800,0.0,0.0,0.0
2018-02-01 00:00:00-05:00,121.90661250178348,122.49999345702672,121.56047570711833,121.88188934326172,119400,0.0,0.0,0.0
2018-02-02 00:00:00-05:00,121.35448478615487,121.48635006275373,119.45896230498235,119.47544860839844,124300,0.0,0.0,0.0
2018-02-05 00:00:00-05:00,119.04685913628234,119.50013803701223,115.23934152087385,115.28878784179688,206300,0.0,0.0,0.0
2018-02-06 00:00:00-05:00,113.50043953908185,116.7145770465405,112.68453729086625,116.45085906982422,261500,0.0,0.0,0.0
2018-02-07 00:00:00-05:00,116.34368490268784,117.9919626729185,115.98931121826172,115.98931121826172,124000,0.0,0.0,0.0
2018-02-08 00:00:00-05:00,116.30248980409705,116.53324771439384,113.55810546875,113.55810546875,146700,0.0,0.0,0.0
2018-02-09 00:00:00-05:00,114.45643578122757,114.62949794026937,111.64611859053257,113.80535888671875,217900,0.0,0.0,0.0
2018-02-12 00:00:00-05:00,114.47291340848706,115.4783640941068,114.17622283608509,114.90970611572266,125900,0.0,0.0,0.0
2018-02-13 00:00:00-05:00,114.55530820672814,115.69262392383158,114.53882190746762,115.36296081542969,77800,0.0,0.0,0.0
2018-02-14 00:00:00-05:00,114.91795841259173,115.80803015193221,114.33281411692136,115.45364379882812,93700,0.0,0.0,0.0
2018-02-15 00:00:00-05:00,115.94813643306237,117.20906829833984,115.41243845232083,117.20906829833984,98400,0.0,0.0,0.0
2018-02-16 00:00:00-05:00,117.30794814909267,118.31339878575238,116.86291859984247,117.85188293457031,87800,0.0,0.0,0.0
2018-02-20 00:00:00-05:00,116.73103088707116,116.73103088707116,115.12396258026637,115.28878784179688,101800,0.0,0.0,0.0
2018-02-21 00:00:00-05:00,115.4701209752153,115.75032522970346,113.86305236816406,113.86305236816406,123000,0.0,0.0,0.0
2018-02-22 00:00:00-05:00,114.12676425294573,114.9673895470798,113.92072950465348,114.11029052734375,73800,0.0,0.0,0.0
2018-02-23 00:00:00-05:00,114.25862958009748,115.2393569946289,114.03610853070356,115.2393569946289,232500,0.0,0.0,0.0
2018-02-26 00:00:00-05:00,115.48656915946226,116.03049118706966,115.12394609081761,115.9563217163086,96000,0.0,0.0,0.0
2018-02-27 00:00:00-05:00,116.10470862309153,116.24481074679797,114.44818115234375,114.44818115234375,88400,0.0,0.0,0.0
2018-02-28 00:00:00-05:00,114.90145716299014,115.04980872126492,113.31087493896484,113.31087493896484,78900,0.0,0.0,0.0
2018-03-01 00:00:00-05:00,112.88229101245672,114.0772897422509,112.12408483510205,113.03887939453125,225900,0.0,0.0,0.0
2018-03-02 00:00:00-05:00,112.33014872574958,114.25863097642971,112.33014872574958,114.0361099243164,102200,0.0,0.0,0.0
2018-03-05 00:00:00-05:00,113.62404312547451,115.24759800750776,113.62404312547451,115.16519165039062,68500,0.0,0.0,0.0
2018-03-06 00:00:00-05:00,115.23113620776965,115.2970562701407,114.35753818929307,115.255859375,1269300,0.0,0.0,0.0
2018-03-07 00:00:00-05:00,114.23393595822549,114.69545190197756,113.79714318464826,114.30810546875,87900,0.0,0.0,0.0
2018-03-08 00:00:00-05:00,114.41521718609899,115.23935617390461,114.33279825717324,115.22286987304688,65600,0.0,0.0,0.0
2018-03-09 00:00:00-05:00,115.65144086977944,115.97285461425781,115.18167554880702,115.97285461425781,75600,0.0,0.0,0.0
2018-03-12 00:00:00-04:00,116.0882073972904,116.64037895809766,115.66790108020597,115.84921264648438,93300,0.0,0.0,0.0
2018-03-13 00:00:00-04:00,116.25304118401068,116.37666957482175,115.59372749243981,115.7091064453125,69300,0.0,0.0,0.0
2018-03-14 00:00:00-04:00,116.0140580140798,116.0140580140798,114.36577990804899,114.55532836914062,64500,0.0,0.0,0.0
2018-03-15 00:00:00-04:00,114.53883408323632,114.86024778849415,113.40976768342142,113.68997192382812,118900,0.0,0.0,0.0
2018-03-16 00:00:00-04:00,113.6949443818949,114.3237286515543,113.6949443818949,113.86041259765625,82100,0.536,0.0,0.0
2018-03-19 00:00:00-04:00,113.57083695297156,113.9017733570358,112.41253428991755,112.76830291748047,151900,0.0,0.0,0.0
2018-03-20 00:00:00-04:00,112.87584890801168,113.19852894093934,112.13123569587788,112.42081451416016,77800,0.0,0.0,0.0
2018-03-21 00:00:00-04:00,112.11468899754892,112.3049894273589,110.95639893286375,111.18805694580078,204100,0.0,0.0,0.0
2018-03-22 00:00:00-04:00,110.87366457818123,111.63482846578202,110.15387090038371,110.16213989257812,146400,0.0,0.0,0.0
2018-03-23 00:00:00-04:00,110.45173282829477,110.97296976460134,108.76393662296552,108.84666442871094,251100,0.0,0.0,0.0
2018-03-26 00:00:00-04:00,109.74019730440256,110.46827262039369,109.31825145049821,110.34416198730469,423900,0.0,0.0,0.0
2018-03-27 00:00:00-04:00,110.55927302345295,111.4114462786584,109.87256797446328,110.30279541015625,96800,0.0,0.0,0.0
2018-03-28 00:00:00-04:00,110.54275574455082,112.23883377456985,110.53448675029212,111.74241638183594,189900,0.0,0.0,0.0
2018-03-29 00:00:00-04:00,112.28845593307648,113.23990772947533,112.18089590195743,112.61939239501953,146100,0.0,0.0,0.0
2018-04-02 00:00:00-04:00,112.32981655807511,112.32981655807511,109.43407857780454,109.8477554321289,127800,0.0,0.0,0.0
2018-04-03 00:00:00-04:00,110.5013538923526,111.65137498604356,110.1124966583895,111.36180877685547,118900,0.0,0.0,0.0
2018-04-04 00:00:00-04:00,110.52616770715751,113.49636419032963,110.52616770715751,113.08268737792969,137700,0.0,0.0,0.0
2018-04-05 00:00:00-04:00,113.44672139303738,113.80249000510815,112.77656699812005,113.43018341064453,99400,0.0,0.0,0.0
2018-04-06 00:00:00-04:00,112.79315130308433,113.96799224908854,111.83341781217909,112.30501556396484,89400,0.0,0.0,0.0
2018-04-09 00:00:00-04:00,112.4290710113571,113.34743393728534,111.93265384215852,112.18086242675781,77400,0.0,0.0,0.0
2018-04-10 00:00:00-04:00,112.8427737156315,113.00824193526127,111.94096118789572,112.58629608154297,104200,0.0,0.0,0.0
2018-04-11 00:00:00-04:00,112.07332469185883,112.85930809035014,111.80029648775707,112.35462188720703,77300,0.0,0.0,0.0
2018-04-12 00:00:00-04:00,112.78486899903885,113.09098584601809,112.17262268066406,112.17262268066406,72100,0.0,0.0,0.0
2018-04-13 00:00:00-04:00,112.53666459174217,112.8676010536852,112.15607629853254,112.61939239501953,76800,0.0,0.0,0.0
2018-04-16 00:00:00-04:00,112.82625465679234,114.53060178196853,112.82625465679234,113.90181732177734,140600,0.0,0.0,0.0
2018-04-17 00:00:00-04:00,114.07551876033314,114.67121436412711,113.6370223609312,114.2078857421875,109400,0.0,0.0,0.0
2018-04-18 00:00:00-04:00,114.2906434441867,114.35683325733534,113.26472027700689,113.41365051269531,71600,0.0,0.0,0.0
2018-04-19 00:00:00-04:00,112.00712901106047,112.54490377538366,109.81463450205128,110.31932067871094,109800,0.0,0.0,0.0
2018-04-20 00:00:00-04:00,110.17869583518682,110.36898366019506,108.35852013546798,108.5819091796875,194000,0.0,0.0,0.0
2018-04-23 00:00:00-04:00,108.56534002070799,108.70598861728439,108.01101462558428,108.39987182617188,139600,0.0,0.0,0.0
2018-04-24 00:00:00-04:00,108.67291185362886,108.67291185362886,107.14230248268153,107.8455581665039,140700,0.0,0.0,0.0
2018-04-25 00:00:00-04:00,107.72145216041334,108.45779646856967,107.47324351874374,108.06893920898438,135300,0.0,0.0,0.0
2018-04-26 00:00:00-04:00,108.29233675040119,109.02868111636413,107.84557125985543,108.60673522949219,163500,0.0,0.0,0.0
2018-04-27 00:00:00-04:00,108.38333809074174,109.48372006109675,108.38333809074174,109.15277099609375,73700,0.0,0.0,0.0
2018-04-30 00:00:00-04:00,109.31826962247433,109.82295598233202,108.27579567866641,108.44127655029297,100500,0.0,0.0,0.0
2018-05-01 00:00:00-04:00,108.22614914236387,108.22614914236387,106.8362008105803,107.53944396972656,185500,0.0,0.0,0.0
2018-05-02 00:00:00-04:00,107.41532290586568,107.53942090014702,105.37175843726959,105.6034164428711,142300,0.0,0.0,0.0
2018-05-03 00:00:00-04:00,105.66961414998381,106.03365179298466,104.89189966255755,105.3469467163086,126800,0.0,0.0,0.0
2018-05-04 00:00:00-04:00,105.25592616624627,107.47322775798848,105.25592616624627,106.98509216308594,150400,0.0,0.0,0.0
2018-05-07 00:00:00-04:00,107.12573072067703,107.22502172812813,106.1494596223669,106.40593719482422,106100,0.0,0.0,0.0
2018-05-08 00:00:00-04:00,106.08329082386274,106.15774962587992,105.5041394552736,105.94264221191406,119700,0.0,0.0,0.0
2018-05-09 00:00:00-04:00,105.73579311643806,106.3976785245231,105.57859391177126,106.13291931152344,121100,0.0,0.0,0.0
2018-05-10 00:00:00-04:00,106.55488312652494,107.32432867308007,106.54661413387545,106.82791137695312,150600,0.0,0.0,0.0
2018-05-11 00:00:00-04:00,107.10922124444707,107.49806588963312,106.54661413387545,106.82791137695312,91400,0.0,0.0,0.0
2018-05-14 00:00:00-04:00,107.00991965184537,107.15056825950633,106.58797382886247,106.72862243652344,139400,0.0,0.0,0.0
2018-05-15 00:00:00-04:00,106.26532797574625,106.72864410077302,105.80200553851068,106.41424560546875,166200,0.0,0.0,0.0
2018-05-16 00:00:00-04:00,106.54660951205624,107.44842202396529,106.54660951205624,107.26640319824219,111300,0.0,0.0,0.0
2018-05-17 00:00:00-04:00,107.45671489439252,107.77110075177184,107.24987644571955,107.53117370605469,103200,0.0,0.0,0.0
2018-05-18 00:00:00-04:00,107.4318801164148,107.4318801164148,106.49696642065034,106.90237426757812,158200,0.0,0.0,0.0
2018-05-21 00:00:00-04:00,107.3243092203436,107.66352722373256,107.14229041971606,107.38221740722656,115000,0.0,0.0,0.0
2018-05-22 00:00:00-04:00,107.4897928733629,108.00274813558758,106.96855599438248,107.09266662597656,112400,0.0,0.0,0.0
2018-05-23 00:00:00-04:00,106.8775471180208,107.59735343651919,106.76171810260044,107.54771423339844,138600,0.0,0.0,0.0
2018-05-24 00:00:00-04:00,107.46497226891317,107.62217149281567,106.91891579359365,107.48979187011719,101700,0.0,0.0,0.0
2018-05-25 00:00:00-04:00,107.38223502005233,108.26750957052657,107.32432682367127,107.63872528076172,81200,0.0,0.0,0.0
2018-05-29 00:00:00-04:00,107.23332412575007,107.82901985838652,106.97684647339042,107.40707397460938,105300,0.0,0.0,0.0
2018-05-30 00:00:00-04:00,107.58907323495971,109.10313207213784,107.53116503869572,108.89629364013672,142100,0.0,0.0,0.0
2018-05-31 00:00:00-04:00,108.58187419557389,108.58187419557389,106.81133827070673,107.23328399658203,238300,0.0,0.0,0.0
2018-06-01 00:00:00-04:00,107.33259937224284,107.69663704526837,107.00166291917407,107.25814056396484,84300,0.0,0.0,0.0
2018-06-04 00:00:00-04:00,107.45671076839318,108.25096331112704,107.45671076839318,108.11858367919922,106300,0.0,0.0,0.0
2018-06-05 00:00:00-04:00,108.25095548997088,108.38333511233424,107.4401523957226,107.74626922607422,103200,0.0,0.0,0.0
2018-06-06 00:00:00-04:00,107.77936045454909,107.7958984375,107.10092442112811,107.7958984375,98700,0.0,0.0,0.0
2018-06-07 00:00:00-04:00,107.59733385334222,108.91282299428073,107.42358404962697,108.3584976196289,92300,0.0,0.0,0.0
2018-06-08 00:00:00-04:00,108.47435233952874,109.73193359375,108.47435233952874,109.73193359375,129600,0.0,0.0,0.0
2018-06-11 00:00:00-04:00,109.65744012200675,110.78264151818881,109.65744012200675,110.55926513671875,125400,0.0,0.0,0.0
2018-06-12 00:00:00-04:00,110.57579771158328,110.81573731249901,110.09594375857861,110.79918670654297,86400,0.0,0.0,0.0
2018-06-13 00:00:00-04:00,110.79920295146766,110.91503196131555,110.15386809311302,110.4020767211914,112800,0.0,0.0,0.0
2018-06-14 00:00:00-04:00,110.6999243776165,110.86539258793934,110.3607063405848,110.69164276123047,112800,0.0,0.0,0.0
2018-06-15 00:00:00-04:00,110.63374134043119,112.10642996395272,110.63374134043119,112.0733413696289,136800,0.0,0.0,0.0
2018-06-18 00:00:00-04:00,111.494202279413,111.494202279413,110.11252284008063,110.64202880859375,203700,0.0,0.0,0.0
2018-06-19 00:00:00-04:00,110.16213396288376,111.35352524436142,110.16213396288376,111.22114562988281,155600,0.0,0.0,0.0
2018-06-20 00:00:00-04:00,111.5024573855037,111.55209658568366,110.88194213442408,111.36180877685547,137900,0.0,0.0,0.0
2018-06-21 00:00:00-04:00,111.39488667470968,111.86648427997515,111.27905767727124,111.55208587646484,739500,0.0,0.0,0.0
2018-06-22 00:00:00-04:00,111.75893152632612,112.56973456101302,111.75893152632612,112.40426635742188,215300,0.0,0.0,0.0
2018-06-25 00:00:00-04:00,112.12297613119686,113.01651963553103,112.12297613119686,112.88414001464844,161900,0.0,0.0,0.0
2018-06-26 00:00:00-04:00,112.93376262836964,113.19852183124627,111.99884905178028,112.5697250366211,228900,0.0,0.0,0.0
2018-06-27 00:00:00-04:00,112.44565422009744,113.25645738209273,111.87477809731928,112.04851531982422,174600,0.0,0.0,0.0
2018-06-28 00:00:00-04:00,111.9207434481152,112.43011987455816,111.43641727692871,112.22135925292969,116300,1.247,0.0,0.0
2018-06-29 00:00:00-04:00,112.15456614055981,112.73074755563343,111.77879953038874,112.12117004394531,103200,0.0,0.0,0.0
2018-07-02 00:00:00-04:00,111.6952745750546,112.0459908783434,110.83518186280754,111.578369140625,113300,0.0,0.0,0.0
2018-07-03 00:00:00-04:00,112.0376697741518,112.39674473599975,111.67860755404338,111.77880859375,152300,0.0,0.0,0.0
2018-07-05 00:00:00-04:00,112.33827029008253,113.423828125,111.8706485130074,113.423828125,130900,0.0,0.0,0.0
2018-07-06 00:00:00-04:00,113.44888135143768,114.1837228727859,113.34868032279496,113.75784301757812,89800,0.0,0.0,0.0
2018-07-09 00:00:00-04:00,113.80792668883915,113.89143602817448,113.20670786422242,113.23175811767578,91300,0.0,0.0,0.0
2018-07-10 00:00:00-04:00,113.59918835415581,114.53444471947746,113.40713212611406,114.45093536376953,91200,0.0,0.0,0.0
2018-07-11 00:00:00-04:00,114.29228556510307,114.42589544961874,113.79126761077917,114.0334243774414,78400,0.0,0.0,0.0
2018-07-12 00:00:00-04:00,114.4425758933176,114.50938082157887,113.60753340265747,113.99164581298828,125400,0.0,0.0,0.0
2018-07-13 00:00:00-04:00,113.93320349708627,114.67639083040989,113.93320349708627,114.51773071289062,77800,0.0,0.0,0.0
2018-07-16 00:00:00-04:00,114.42585810824265,114.44256252379081,113.6743250511398,113.9248275756836,79500,0.0,0.0,0.0
2018-07-17 00:00:00-04:00,114.05009310281999,115.02709118679572,114.05009310281999,114.8684310913086,72800,0.0,0.0,0.0
2018-07-18 00:00:00-04:00,114.76823702269758,114.9519473820866,113.92483598866524,114.08349609375,105200,0.0,0.0,0.0
2018-07-19 00:00:00-04:00,113.56577384914638,114.52606757544082,113.14825262175982,114.08349609375,100300,0.0,0.0,0.0
2018-07-20 00:00:00-04:00,113.83300423139941,114.7515433727923,113.83300423139941,114.71814727783203,80600,0.0,0.0,0.0
2018-07-23 00:00:00-04:00,114.48432022811073,114.77657742840822,113.73277440933987,114.05009460449219,74400,0.0,0.0,0.0
2018-07-24 00:00:00-04:00,113.94989531739058,114.36741653133983,113.65762537093161,114.1001968383789,88400,0.0,0.0,0.0
2018-07-25 00:00:00-04:00,114.25052797258861,115.093916362285,114.11691810637785,114.92691040039062,174400,0.0,0.0,0.0
2018-07-26 00:00:00-04:00,115.29433907354341,116.54690298631421,115.29433907354341,115.67845153808594,104700,0.0,0.0,0.0
2018-07-27 00:00:00-04:00,115.62831583757303,116.16274243474027,115.44460550025913,115.65336608886719,108000,0.0,0.0,0.0
2018-07-30 00:00:00-04:00,115.28593526486219,115.76191548101778,115.06882885884777,115.44459533691406,79500,0.0,0.0,0.0
2018-07-31 00:00:00-04:00,115.67845742490144,116.32144383386527,115.21918141849869,115.98741912841797,80300,0.0,0.0,0.0
2018-08-01 00:00:00-04:00,115.65337596134366,115.65337596134366,114.79328328219746,114.8433837890625,103100,0.0,0.0,0.0
2018-08-02 00:00:00-04:00,114.79328923043924,116.36317314948319,114.79328923043924,116.28800964355469,66300,0.0,0.0,0.0
2018-08-03 00:00:00-04:00,116.48842403793542,118.27541440598051,116.45502794565076,117.80779266357422,201600,0.0,0.0,0.0
2018-08-06 00:00:00-04:00,117.80780720341309,118.25872458446085,117.67419733431063,117.7994613647461,97300,0.0,0.0,0.0
2018-08-07 00:00:00-04:00,117.80779675313273,118.25871409418134,116.87255323585428,117.1982192993164,89300,0.0,0.0,0.0
2018-08-08 00:00:00-04:00,117.15647607894488,117.15647607894488,116.37987985678,116.4049301147461,73100,0.0,0.0,0.0
2018-08-09 00:00:00-04:00,116.46337685833075,116.46337685833075,115.90389992019844,116.02080535888672,69500,0.0,0.0,0.0
2018-08-10 00:00:00-04:00,115.64503673840977,116.06255797514667,115.3611126137086,115.57823181152344,80700,0.0,0.0,0.0
2018-08-13 00:00:00-04:00,115.6617343258958,115.91224962909045,115.07720711293334,115.52813720703125,101000,0.0,0.0,0.0
2018-08-14 00:00:00-04:00,115.64504076653738,116.43832859562174,115.5782358373241,116.31306457519531,145200,0.0,0.0,0.0
2018-08-15 00:00:00-04:00,116.05420081779393,116.79738811862292,115.41957311720262,116.73058319091797,100000,0.0,0.0,0.0
2018-08-16 00:00:00-04:00,117.89132837342302,118.64287448737625,117.7326809552715,118.35896301269531,79900,0.0,0.0,0.0
2018-08-17 00:00:00-04:00,118.19190269002526,119.3275609309586,118.19190269002526,119.24406433105469,128100,0.0,0.0,0.0
2018-08-20 00:00:00-04:00,119.36098208067793,119.74509451169143,119.1438628667036,119.26912689208984,102700,0.0,0.0,0.0
2018-08-21 00:00:00-04:00,119.34426835663457,119.34426835663457,118.05830855840959,118.44242095947266,123300,0.0,0.0,0.0
2018-08-22 00:00:00-04:00,118.37560305623825,118.37560305623825,117.69087493118256,117.78273010253906,82900,0.0,0.0,0.0
2018-08-23 00:00:00-04:00,117.63245120726764,117.83286602548789,117.2650304114002,117.54059600830078,61800,0.0,0.0,0.0
2018-08-24 00:00:00-04:00,117.48213491217936,117.81614682557311,117.17317325520325,117.45708465576172,71200,0.0,0.0,0.0
2018-08-27 00:00:00-04:00,117.71593887516178,117.98314584181055,117.1564619451832,117.46542358398438,217600,0.0,0.0,0.0
2018-08-28 00:00:00-04:00,117.47378540310324,117.77440124506515,116.956063074845,117.1147232055664,88500,0.0,0.0,0.0
2018-08-29 00:00:00-04:00,117.10634095507814,117.38190645300715,116.96438528797557,117.16478729248047,390500,0.0,0.0,0.0
2018-08-30 00:00:00-04:00,116.99778667549184,117.34850294099965,116.64707040998401,116.83912658691406,83600,0.0,0.0,0.0
2018-08-31 00:00:00-04:00,116.8391409020059,117.19821578989702,116.43832408399406,116.94770050048828,54900,0.0,0.0,0.0
2018-09-04 00:00:00-04:00,116.76400117423682,117.29008205754664,116.52183169961499,116.68885040283203,84200,0.0,0.0,0.0
2018-09-05 00:00:00-04:00,116.53854011649646,118.01656904685638,116.44668492327096,117.93305969238281,155900,0.0,0.0,0.0
2018-09-06 00:00:00-04:00,117.933055595409,118.39233154558133,117.6407983483816,118.3338851928711,140100,0.0,0.0,0.0
2018-09-07 00:00:00-04:00,117.79944860880065,118.14180634141306,117.32346827981672,118.00820922851562,118000,0.0,0.0,0.0
2018-09-10 00:00:00-04:00,118.24200224850168,119.12714510375707,118.24200224850168,118.42571258544922,83300,0.0,0.0,0.0
2018-09-11 00:00:00-04:00,118.31717208488034,118.43407752345327,117.86624200628675,118.14180755615234,68800,0.0,0.0,0.0
2018-09-12 00:00:00-04:00,118.10841248397819,119.61149152272115,118.09170806639847,119.46953582763672,158600,0.0,0.0,0.0
2018-09-13 00:00:00-04:00,119.41106854385896,119.41106854385896,118.69293153805161,119.19396209716797,79300,0.0,0.0,0.0
2018-09-14 00:00:00-04:00,118.93512186961709,119.08543617655069,118.40905364969952,118.90172576904297,76200,0.0,0.0,0.0
2018-09-17 00:00:00-04:00,118.8766978391841,119.28587341308594,118.63454102474746,119.28587341308594,812100,0.0,0.0,0.0
2018-09-18 00:00:00-04:00,119.28583890389315,119.66995135935818,118.42574605678902,118.75975799560547,89200,0.0,0.0,0.0
2018-09-19 00:00:00-04:00,118.70125842526882,119.0686790777322,118.30878752302242,118.43405151367188,69100,0.0,0.0,0.0
2018-09-20 00:00:00-04:00,118.79313046789075,119.83693349627994,118.79313046789075,119.73673248291016,115700,0.0,0.0,0.0
2018-09-21 00:00:00-04:00,120.00397067802321,120.20437273566344,119.82860613584987,119.953857421875,113100,0.0,0.0,0.0
2018-09-24 00:00:00-04:00,119.73638653137353,119.87915826049445,118.22466702452945,118.38423919677734,93700,0.821,0.0,0.0
2018-09-25 00:00:00-04:00,118.63617523545894,118.63617523545894,117.58637186004434,117.6031723022461,84100,0.0,0.0,0.0
2018-09-26 00:00:00-04:00,117.93068516543735,118.52697899345519,117.61994753371276,117.72911834716797,103900,0.0,0.0,0.0
2018-09-27 00:00:00-04:00,117.49396861789343,118.2414279811488,117.0236588362919,117.46038055419922,101300,0.0,0.0,0.0
2018-09-28 00:00:00-04:00,117.49395220493567,117.87189155483793,117.40156902395624,117.67871856689453,80700,0.0,0.0,0.0
2018-10-01 00:00:00-04:00,117.87191516131853,118.08187581332302,117.40159253624424,117.47718811035156,84200,0.0,0.0,0.0
2018-10-02 00:00:00-04:00,117.46873190023338,118.4177577475128,117.46033809108938,118.14900207519531,76700,0.0,0.0,0.0
2018-10-03 00:00:00-04:00,118.47657444059718,118.51016249826807,116.84727812152944,116.99844360351562,108200,0.0,0.0,0.0
2018-10-04 00:00:00-04:00,116.66252039580435,116.82209251524456,115.86467261358241,116.65411376953125,146500,0.0,0.0,0.0
2018-10-05 00:00:00-04:00,116.36856906508696,116.99005709812039,115.87306508988705,116.47775268554688,90300,0.0,0.0,0.0
2018-10-08 00:00:00-04:00,116.4189257596046,118.14899870208414,116.4189257596046,117.99783325195312,168700,0.0,0.0,0.0
2018-10-09 00:00:00-04:00,118.11544588566231,118.21622288247839,117.50236446339909,117.70391845703125,93000,0.0,0.0,0.0
2018-10-10 00:00:00-04:00,117.47717601199773,118.05666940224818,116.00745159932539,116.1334228515625,193500,0.0,0.0,0.0
2018-10-11 00:00:00-04:00,116.01584283834018,116.26779815220682,113.19397151598889,113.39553833007812,231300,0.0,0.0,0.0
2018-10-12 00:00:00-04:00,114.05062416660184,114.36136181833625,113.1015979567353,114.11781311035156,137400,0.0,0.0,0.0
2018-10-15 00:00:00-04:00,114.0002118263128,115.59590725803893,114.0002118263128,114.77286529541016,163300,0.0,0.0,0.0
2018-10-16 00:00:00-04:00,115.17597822218019,116.30977050940739,114.8148521664569,116.1585922241211,315000,0.0,0.0,0.0
2018-10-17 00:00:00-04:00,115.99903320990065,116.94805926378592,115.6295004875036,116.72129821777344,85700,0.0,0.0,0.0
2018-10-18 00:00:00-04:00,116.7129043975767,117.71231894716828,116.08302257035295,116.41056060791016,128800,0.0,0.0,0.0
2018-10-19 00:00:00-04:00,117.74591699833702,119.19044713655603,117.74591699833702,118.93849182128906,144500,0.0,0.0,0.0
2018-10-22 00:00:00-04:00,118.98046686005699,119.19882126257134,117.78789223405848,118.15742492675781,113100,0.0,0.0,0.0
2018-10-23 00:00:00-04:00,117.57791703454984,118.82928662209461,116.94803533615047,118.45134735107422,233800,0.0,0.0,0.0
2018-10-24 00:00:00-04:00,118.57735342645692,120.5173873678353,118.57735342645692,118.92169189453125,129600,0.0,0.0,0.0
2018-10-25 00:00:00-04:00,118.75374692395634,119.64399090758609,117.72074404099544,119.07289123535156,185100,0.0,0.0,0.0
2018-10-26 00:00:00-04:00,118.31699178731706,118.67811783874882,116.46093459572309,117.14120483398438,168700,0.0,0.0,0.0
2018-10-29 00:00:00-04:00,117.85513416563607,119.1904810571053,117.26724680602541,118.38423919677734,140300,0.0,0.0,0.0
2018-10-30 00:00:00-04:00,118.93846142568674,120.84490701885899,118.84607826086403,120.76091766357422,434800,0.0,0.0,0.0
2018-10-31 00:00:00-04:00,120.82812364311202,120.82812364311202,118.73692424003885,119.67754364013672,176300,0.0,0.0,0.0
2018-11-01 00:00:00-04:00,119.78676260986809,120.70218803300965,119.42562360253893,120.25707244873047,225000,0.0,0.0,0.0
2018-11-02 00:00:00-04:00,120.40821359029961,120.44181446626011,118.77052329915843,119.95470428466797,165700,0.0,0.0,0.0
2018-11-05 00:00:00-05:00,119.9714826311319,121.4999890164118,119.87909946172103,121.34882354736328,120700,0.0,0.0,0.0
2018-11-06 00:00:00-05:00,121.12207382923323,122.12988216184736,120.95410790962725,122.02069854736328,210100,0.0,0.0,0.0
2018-11-07 00:00:00-05:00,122.45742465045673,122.69257950946555,121.41602822198303,122.61699676513672,339700,0.0,0.0,0.0
2018-11-08 00:00:00-05:00,122.2474767578568,122.81016971581029,122.0963112534723,122.65900421142578,166400,0.0,0.0,0.0
2018-11-09 00:00:00-05:00,122.49940216169557,123.57439931359083,122.49940216169557,123.30565643310547,113800,0.0,0.0,0.0
2018-11-12 00:00:00-05:00,123.00334272471942,123.58282330650674,122.42384932795208,122.65900421142578,115800,0.0,0.0,0.0
2018-11-13 00:00:00-05:00,122.66742325207063,123.02015564982685,121.76879822290229,122.0963363647461,194100,0.0,0.0,0.0
2018-11-14 00:00:00-05:00,122.52461846497123,122.52461846497123,120.89532200908764,121.47481536865234,168800,0.0,0.0,0.0
2018-11-15 00:00:00-05:00,121.22288000869986,121.22288000869986,120.1646829268859,121.1808853149414,330100,0.0,0.0,0.0
2018-11-16 00:00:00-05:00,121.07168396857814,121.98710911283185,120.81133487388011,121.53359985351562,123600,0.0,0.0,0.0
2018-11-19 00:00:00-05:00,121.483203720047,122.1382797975097,120.76934533562158,121.22285461425781,285700,0.0,0.0,0.0
2018-11-20 00:00:00-05:00,120.84496828752214,121.2480892043242,118.99731686928119,119.26605987548828,453400,0.0,0.0,0.0
2018-11-21 00:00:00-05:00,119.29962529903587,119.54317397648485,118.23302177508128,118.37579345703125,245500,0.0,0.0,0.0
2018-11-23 00:00:00-05:00,118.17426434291973,119.2996504128276,118.01469218980199,118.78734588623047,86200,0.0,0.0,0.0
2018-11-26 00:00:00-05:00,119.25765120104198,119.53480080149004,118.41780858695013,118.85453033447266,192000,0.0,0.0,0.0
2018-11-27 00:00:00-05:00,118.8377065124493,119.90431001068443,118.71173527111313,119.80352020263672,309600,0.0,0.0,0.0
2018-11-28 00:00:00-05:00,119.91268878248025,120.9037094116211,119.47596717565663,120.9037094116211,124600,0.0,0.0,0.0
2018-11-29 00:00:00-05:00,120.70213887775326,121.46639846215525,120.67694463343027,121.03807067871094,139900,0.0,0.0,0.0
2018-11-30 00:00:00-05:00,121.06329678101515,122.0039291381836,120.7273648916565,122.0039291381836,117600,0.0,0.0,0.0
2018-12-03 00:00:00-05:00,122.1802726456897,122.19707308241732,120.70215458811936,121.9955062866211,142900,0.0,0.0,0.0
2018-12-04 00:00:00-05:00,122.04591081825082,122.36504223462872,119.69434939847162,119.80352020263672,153300,0.0,0.0,0.0
2018-12-06 00:00:00-05:00,119.45919716210086,119.88751220703125,117.30918968123123,119.88751220703125,188800,0.0,0.0,0.0
2018-12-07 00:00:00-05:00,119.87070008117075,120.15625623159279,117.82988923581728,118.34219360351562,134000,0.0,0.0,0.0
2018-12-10 00:00:00-05:00,118.74531436031795,118.74531436031795,116.52813097543844,118.34219360351562,136000,0.0,0.0,0.0
2018-12-11 00:00:00-05:00,119.13165316319146,120.08066638966201,118.61934877112321,119.34161376953125,198900,0.0,0.0,0.0
2018-12-12 00:00:00-05:00,120.1310676001578,120.16466847711659,119.23244277369658,119.25763702392578,228100,0.0,0.0,0.0
2018-12-13 00:00:00-05:00,119.37097313202145,120.20012380290174,119.21021916705709,119.9124526977539,100800,1.044,0.0,0.0
2018-12-14 00:00:00-05:00,119.1679593023926,119.1679593023926,117.60273784339668,117.89039611816406,238900,0.0,0.0,0.0
2018-12-17 00:00:00-05:00,117.56042524934746,117.73810412037788,114.36230884995176,115.0391616821289,1570300,0.0,0.0,0.0
2018-12-18 00:00:00-05:00,115.40296391652967,115.66525423602369,113.22858917412586,113.8631362915039,416000,0.0,0.0,0.0
2018-12-19 00:00:00-05:00,114.2607849003803,114.98839943228013,112.26407615539198,112.73786926269531,325300,0.0,0.0,0.0
2018-12-20 00:00:00-05:00,112.3740716801211,112.46712619825614,109.72589088156332,110.82577514648438,529000,0.0,0.0,0.0
2018-12-21 00:00:00-05:00,110.76652216469402,113.00859596502703,109.53127790765939,109.53973388671875,487200,0.0,0.0,0.0
2018-12-24 00:00:00-05:00,109.07441469233689,109.37899781691561,106.41777801513672,106.41777801513672,612700,0.0,0.0,0.0
2018-12-26 00:00:00-05:00,106.6631557841761,109.46362853635712,105.6986445381518,109.43824768066406,436500,0.0,0.0,0.0
2018-12-27 00:00:00-05:00,108.85444960722744,110.5973370162925,107.25538487882879,110.52119445800781,985400,0.0,0.0,0.0
2018-12-28 00:00:00-05:00,111.30801207748446,111.74796831732588,110.14891025413512,110.47887420654297,403400,0.0,0.0,0.0
2018-12-31 00:00:00-05:00,110.81731147928613,111.02037121634726,109.94586775297802,110.97806549072266,311200,0.0,0.0,0.0
2019-01-02 00:00:00-05:00,110.07277151671421,110.78346114498329,109.37899384871821,110.5634765625,214500,0.0,0.0,0.0
2019-01-03 00:00:00-05:00,110.17432562205761,111.29959096869358,109.64977068975246,109.76821899414062,192000,0.0,0.0,0.0
2019-01-04 00:00:00-05:00,110.58040380518257,112.18793084825421,110.39426895903856,112.12870025634766,180400,0.0,0.0,0.0
2019-01-07 00:00:00-05:00,112.12870694215826,112.81401577569015,111.08805326568,112.02718353271484,193900,0.0,0.0,0.0
2019-01-08 00:00:00-05:00,112.84790146840776,113.27938900589447,112.19642926052121,113.09325408935547,209800,0.0,0.0,0.0
2019-01-09 00:00:00-05:00,113.0678304673857,113.15244191013976,111.99332711189862,112.12870025634766,134200,0.0,0.0,0.0
2019-01-10 00:00:00-05:00,111.9172067014721,112.96632941367402,111.63800437701765,112.78865051269531,284000,0.0,0.0,0.0
2019-01-11 00:00:00-05:00,112.7463486956305,113.16938018798828,112.52637696716725,113.16938018798828,114300,0.0,0.0,0.0
2019-01-14 00:00:00-05:00,112.86476780495643,113.20320065724596,112.47558616219006,112.61941528320312,109500,0.0,0.0,0.0
2019-01-15 00:00:00-05:00,112.61941844785149,113.76160837784805,112.50097017369502,113.66854095458984,198700,0.0,0.0,0.0
2019-01-16 00:00:00-05:00,113.75314197329838,113.75314197329838,112.7463251660212,113.21166229248047,807900,0.0,0.0,0.0
2019-01-17 00:00:00-05:00,113.0340040477322,113.95620947318464,113.0340040477322,113.82929229736328,185900,0.0,0.0,0.0
2019-01-18 00:00:00-05:00,114.26924210305963,115.48757462623816,114.26078612244375,115.14915466308594,262100,0.0,0.0,0.0
2019-01-22 00:00:00-05:00,114.75994494588618,114.87839320835158,113.19472377555041,114.04925537109375,347200,0.0,0.0,0.0
2019-01-23 00:00:00-05:00,114.88687289364951,115.59757552498094,114.35386205751973,115.25068664550781,130000,0.0,0.0,0.0
2019-01-24 00:00:00-05:00,114.68380651849901,114.68380651849901,113.15243503096417,113.80389404296875,154700,0.0,0.0,0.0
2019-01-25 00:00:00-05:00,114.16772450753047,114.68382336903956,113.37242335275634,113.55010223388672,181800,0.0,0.0,0.0
2019-01-28 00:00:00-05:00,113.22012940796516,113.99003673978929,112.81400997129793,113.9477310180664,219300,0.0,0.0,0.0
2019-01-29 00:00:00-05:00,114.23542263092472,114.48924409680887,113.80392226595285,114.25233459472656,404900,0.0,0.0,0.0
2019-01-30 00:00:00-05:00,114.35384506024558,115.1914389253352,114.14232937150284,114.89532470703125,161000,0.0,0.0,0.0
2019-01-31 00:00:00-05:00,114.86995251879102,117.32352952925822,114.7345793694137,117.01049041748047,225800,0.0,0.0,0.0
2019-02-01 00:00:00-05:00,117.09508017311387,117.14585478274363,116.22363656791988,116.61283111572266,145900,0.0,0.0,0.0
2019-02-04 00:00:00-05:00,116.66359867008084,117.39121319257109,116.42670211949275,117.34890747070312,93500,0.0,0.0,0.0
2019-02-05 00:00:00-05:00,117.46733257373828,117.69577309884684,117.17121839886316,117.35735321044922,90400,0.0,0.0,0.0
2019-02-06 00:00:00-05:00,117.17967820784139,117.58578466917112,117.06122995204142,117.44195556640625,93400,0.0,0.0,0.0
2019-02-07 00:00:00-05:00,116.95126171106709,117.29815057073517,116.43516286689326,117.21353912353516,77600,0.0,0.0,0.0
2019-02-08 00:00:00-05:00,117.01051489407375,117.83965301513673,116.6044082708853,117.83965301513672,88100,0.0,0.0,0.0
2019-02-11 00:00:00-05:00,117.84809841664412,118.24574902173521,117.68735730619709,118.17806243896484,112800,0.0,0.0,0.0
2019-02-12 00:00:00-05:00,118.4572649429251,119.43024504818725,118.38112237839637,119.09181213378906,129000,0.0,0.0,0.0
2019-02-13 00:00:00-05:00,119.22715350964533,119.62480400935164,119.10870524866212,119.47251892089844,87300,0.0,0.0,0.0
2019-02-14 00:00:00-05:00,118.3387966212717,118.63492375751301,117.51811469386476,118.13574981689453,128100,0.0,0.0,0.0
2019-02-15 00:00:00-05:00,118.90567292198962,119.3794789848679,118.90567292198962,119.19334411621094,161900,0.0,0.0,0.0
2019-02-19 00:00:00-05:00,119.51483978544282,120.18323670139272,119.29486808051621,119.77713012695312,432000,0.0,0.0,0.0
2019-02-20 00:00:00-05:00,119.69250227173228,120.06477195974496,119.3540823243899,119.70095825195312,1169600,0.0,0.0,0.0
2019-02-21 00:00:00-05:00,119.48942968406831,120.26780580701134,119.12562892536441,120.02245330810547,407200,0.0,0.0,0.0
2019-02-22 00:00:00-05:00,119.0663819818144,119.63324235510117,118.87179120528678,119.62478637695312,150700,0.0,0.0,0.0
2019-02-25 00:00:00-05:00,119.9886465736476,120.14093169876952,118.87183734983886,118.96490478515625,109500,0.0,0.0,0.0
2019-02-26 00:00:00-05:00,119.03259826288408,119.52331632208963,118.82108252580736,119.00721740722656,137000,0.0,0.0,0.0
2019-02-27 00:00:00-05:00,118.78722710006187,118.99028684551145,118.40650137350244,118.88876342773438,85600,0.0,0.0,0.0
2019-02-28 00:00:00-05:00,119.14256404492535,119.87016562493615,118.93950433498941,119.3879165649414,136600,0.0,0.0,0.0
2019-03-01 00:00:00-05:00,119.86176020544292,119.86176020544292,118.49959807102654,119.26106262207031,163300,0.0,0.0,0.0
2019-03-04 00:00:00-05:00,119.55710192933964,119.63324446368506,118.1780157833723,119.02407836914062,94300,0.0,0.0,0.0
2019-03-05 00:00:00-05:00,119.02407836914062,119.39634797246117,118.79565076610436,119.02407836914062,145700,0.0,0.0,0.0
2019-03-06 00:00:00-05:00,118.95645771612533,119.15104858276972,118.31344160215838,118.7364730834961,81600,0.0,0.0,0.0
2019-03-07 00:00:00-05:00,118.47414275735382,118.65182158057453,117.78037815072314,118.07649230957031,127100,0.0,0.0,0.0
2019-03-08 00:00:00-05:00,118.14421415830003,118.3811107201011,117.59427847766774,118.09345245361328,84200,0.0,0.0,0.0
2019-03-11 00:00:00-04:00,118.30496241261014,119.71788573392217,118.30496241261014,119.6925048828125,97200,0.0,0.0,0.0
2019-03-12 00:00:00-04:00,119.6755738374979,120.14936691362519,119.46405814923442,119.6078872680664,82000,0.0,0.0,0.0
2019-03-13 00:00:00-04:00,119.82789264299852,120.69086750576466,119.80251178879335,120.35244750976562,80000,0.0,0.0,0.0
2019-03-14 00:00:00-04:00,120.33547994227963,120.47085305660734,120.03089688998766,120.1578140258789,69600,0.0,0.0,0.0
2019-03-15 00:00:00-04:00,120.32701925343517,121.19000668612777,120.32701925343517,120.76697540283203,103200,0.0,0.0,0.0
2019-03-18 00:00:00-04:00,120.82621023697018,121.28309131738419,120.75852367283878,121.1223373413086,99000,0.0,0.0,0.0
2019-03-19 00:00:00-04:00,121.24924279307882,121.57075074844565,120.52162835875383,120.8938980102539,79600,0.0,0.0,0.0
2019-03-20 00:00:00-04:00,120.86007655555701,121.02928653415451,119.98016401101987,120.267822265625,1195600,0.0,0.0,0.0
2019-03-21 00:00:00-04:00,120.13853270005399,121.92466828899221,120.05347368032005,121.737548828125,105600,0.748,0.0,0.0
2019-03-22 00:00:00-04:00,121.60150331862792,122.32446631180821,121.36335355154971,121.39736938476562,119300,0.0,0.0,0.0
2019-03-25 00:00:00-04:00,121.33781326527195,121.92468684748657,120.91254405823946,121.69503784179688,124200,0.0,0.0,0.0
2019-03-26 00:00:00-04:00,122.19683279184649,123.06438546893575,122.19683279184649,122.70716094970703,139800,0.0,0.0,0.0
2019-03-27 00:00:00-04:00,122.69862903812833,122.79218875390147,121.57592542703291,122.21382904052734,131300,0.0,0.0,0.0
2019-03-28 00:00:00-04:00,122.34141442108216,123.04736270089708,122.34141442108216,122.69863891601562,93400,0.0,0.0,0.0
2019-03-29 00:00:00-04:00,122.97082482686095,123.60022781979443,122.68164492937154,123.50666809082031,95700,0.0,0.0,0.0
2019-04-01 00:00:00-04:00,123.80435704379545,123.80435704379545,122.98784751606175,123.21748352050781,129300,0.0,0.0,0.0
2019-04-02 00:00:00-04:00,122.95383718504164,123.00486741591754,122.14582824707031,122.14582824707031,137100,0.0,0.0,0.0
2019-04-03 00:00:00-04:00,122.00120650581017,122.17131155717472,121.15066827080389,121.473876953125,479100,0.0,0.0,0.0
2019-04-04 00:00:00-04:00,121.56745305129041,122.15432665164948,121.49942139686578,122.00123596191406,90200,0.0,0.0,0.0
2019-04-05 00:00:00-04:00,122.17982389161632,122.46050309325435,121.88214326795278,122.366943359375,76800,0.0,0.0,0.0
2019-04-08 00:00:00-04:00,122.33292604972623,122.85175493526069,122.28189582790064,122.8177261352539,73000,0.0,0.0,0.0
2019-04-09 00:00:00-04:00,122.62210760904499,122.74969614351056,122.23936796201778,122.63912200927734,74300,0.0,0.0,0.0
2019-04-10 00:00:00-04:00,122.69865301421373,123.17496537370374,122.67313790294273,123.08140563964844,64000,0.0,0.0,0.0
2019-04-11 00:00:00-04:00,123.30253040707704,123.32804551617052,122.84323248702707,123.20046997070312,88600,0.0,0.0,0.0
2019-04-12 00:00:00-04:00,123.52368841790185,123.69379350256733,123.06440339148648,123.54070281982422,61900,0.0,0.0,0.0
2019-04-15 00:00:00-04:00,123.52365623257332,124.41672391710186,123.52365623257332,124.35719299316406,65700,0.0,0.0,0.0
2019-04-16 00:00:00-04:00,124.5783620965233,124.74846718308483,123.90642948405389,124.314697265625,71800,0.0,0.0,0.0
2019-04-17 00:00:00-04:00,124.85049510113221,125.02911383129164,124.39121018929525,124.8590087890625,96800,0.0,0.0,0.0
2019-04-18 00:00:00-04:00,125.25025392969185,125.58196331722428,124.31466967217688,124.8079833984375,98300,0.0,0.0,0.0
2019-04-22 00:00:00-04:00,124.66338954897957,125.40335362607581,124.467756419715,124.67189025878906,140100,0.0,0.0,0.0
2019-04-23 00:00:00-04:00,124.70595465074656,124.92710297376257,124.24666955666125,124.72296905517578,511700,0.0,0.0,0.0
2019-04-24 00:00:00-04:00,124.73995200104208,125.30131040194404,124.5953620453282,124.9100570678711,129800,0.0,0.0,0.0
2019-04-25 00:00:00-04:00,124.25513147122632,124.25513147122632,123.69377310403728,123.95745086669922,170900,0.0,0.0,0.0
2019-04-26 00:00:00-04:00,124.00851269346907,125.07168579101564,123.99999900264886,125.07168579101562,134800,0.0,0.0,0.0
2019-04-29 00:00:00-04:00,125.0546655847057,125.34384553905474,124.95260512509701,125.30982971191406,57900,0.0,0.0,0.0
2019-04-30 00:00:00-04:00,125.31831309235713,126.8152688432477,125.2842972699209,126.63665008544922,132800,0.0,0.0,0.0
2019-05-01 00:00:00-04:00,126.86630361055597,126.86630361055597,125.2843017578125,125.2843017578125,141700,0.0,0.0,0.0
2019-05-02 00:00:00-04:00,125.13969786421413,125.61599721146784,124.51029488209524,125.17371368408203,69000,0.0,0.0,0.0
2019-05-03 00:00:00-04:00,125.71809916724183,126.21141307643671,125.53949334212963,126.01579284667969,95900,0.0,0.0,0.0
2019-05-06 00:00:00-04:00,124.95261548262658,125.99027350195021,124.95261548262658,125.80315399169922,205300,0.0,0.0,0.0
2019-05-07 00:00:00-04:00,125.23329943222433,125.40340454476392,123.8724325755312,124.62091064453125,152400,0.0,0.0,0.0
2019-05-08 00:00:00-04:00,124.28065709729208,125.09717960758603,123.97446277820497,124.45077514648438,154600,0.0,0.0,0.0
2019-05-09 00:00:00-04:00,123.98298308113345,124.5273271243044,123.2260044433147,124.19561767578125,199000,0.0,0.0,0.0
2019-05-10 00:00:00-04:00,123.91495519916518,125.83716752239968,123.32808156211821,125.65856170654297,87800,0.0,0.0,0.0
2019-05-13 00:00:00-04:00,124.45930238770211,124.64642189915244,123.98300289607863,124.48481750488281,130400,0.0,0.0,0.0
2019-05-14 00:00:00-04:00,124.77399540016725,125.84568221660071,124.77399540016725,125.02915954589844,118200,0.0,0.0,0.0
2019-05-15 00:00:00-04:00,124.77400821394285,126.20291978986826,124.72297797519353,125.91372680664062,181100,0.0,0.0,0.0
2019-05-16 00:00:00-04:00,126.45802232307918,127.631769275416,126.45802232307918,126.91732025146484,90800,0.0,0.0,0.0
2019-05-17 00:00:00-04:00,126.2369101636633,127.2320385531454,126.2369101636633,126.55160522460938,62000,0.0,0.0,0.0
2019-05-20 00:00:00-04:00,126.26244596557734,126.86633405037203,126.05832501830238,126.23693084716797,116300,0.0,0.0,0.0
2019-05-21 00:00:00-04:00,126.62815058380032,126.62815058380032,125.72658203150398,125.93921661376953,66900,0.0,0.0,0.0
2019-05-22 00:00:00-04:00,125.87966639644398,126.67917446222818,125.76909226618488,126.44102478027344,64300,0.0,0.0,0.0
2019-05-23 00:00:00-04:00,126.04975754560765,126.33043670654297,125.55644383652583,126.33043670654297,179400,0.0,0.0,0.0
2019-05-24 00:00:00-04:00,126.50907620952522,126.50907620952522,125.3863593814396,125.84565734863281,108700,0.0,0.0,0.0
2019-05-28 00:00:00-04:00,125.86266236251485,126.04128112778359,123.6257553100586,123.6257553100586,81000,0.0,0.0,0.0
2019-05-29 00:00:00-04:00,123.11540731586297,123.13242171415027,122.20532519115038,122.69863891601562,138400,0.0,0.0,0.0
2019-05-30 00:00:00-04:00,122.82626282574199,123.47266738689113,122.5881130938351,123.08992767333984,82600,0.0,0.0,0.0
2019-05-31 00:00:00-04:00,122.1968688314759,122.22238394907569,121.09967984012022,121.33782958984375,99700,0.0,0.0,0.0
2019-06-03 00:00:00-04:00,121.42284491779863,123.01336038861565,121.38882909567259,122.90278625488281,186100,0.0,0.0,0.0
2019-06-04 00:00:00-04:00,123.56620879699675,123.9914779663086,123.2515137647252,123.9914779663086,178200,0.0,0.0,0.0
2019-06-05 00:00:00-04:00,124.51031114580049,125.37786391486715,124.13607218745072,125.2587890625,104300,0.0,0.0,0.0
2019-06-06 00:00:00-04:00,125.47996260557638,126.62819494332525,125.27582866294406,126.39004516601562,131800,0.0,0.0,0.0
2019-06-07 00:00:00-04:00,126.83229090005061,128.08258347349877,126.83229090005061,127.52122497558594,91600,0.0,0.0,0.0
2019-06-10 00:00:00-04:00,127.82745428563447,127.82745428563447,127.30012444971709,127.56378936767578,90500,0.0,0.0,0.0
2019-06-11 00:00:00-04:00,128.07408457681882,128.47383869661937,127.90397947818153,128.20166015625,64000,0.0,0.0,0.0
2019-06-12 00:00:00-04:00,128.2441864013672,128.9586355843161,128.16764105566267,128.2441864013672,50000,0.0,0.0,0.0
2019-06-13 00:00:00-04:00,128.635454835717,128.97566506407557,128.02306604212097,128.58441162109375,161400,0.0,0.0,0.0
2019-06-14 00:00:00-04:00,128.61843786597268,128.92463225666467,128.4908622774294,128.6354522705078,161400,0.0,0.0,0.0
2019-06-17 00:00:00-04:00,128.67793932072925,128.68645301013945,127.7083261354777,128.2781982421875,64100,0.0,0.0,0.0
2019-06-18 00:00:00-04:00,128.91611915667102,128.91611915667102,127.49570852369848,127.63179779052734,71400,0.0,0.0,0.0
2019-06-19 00:00:00-04:00,127.52972260855027,128.21865659733976,126.8918188443844,127.98050689697266,231300,0.0,0.0,0.0
2019-06-20 00:00:00-04:00,128.56740084171432,129.20530470712322,128.3802813362727,129.0607147216797,109900,0.0,0.0,0.0
2019-06-21 00:00:00-04:00,128.8808179112599,129.10347924071925,128.46117337385,128.58106994628906,74300,1.04,0.0,0.0
2019-06-24 00:00:00-04:00,128.88083875447424,129.368984497012,128.7181191510455,128.77806091308594,127800,0.0,0.0,0.0
2019-06-25 00:00:00-04:00,128.88938205050482,129.03496981758175,128.46117812342672,128.7694854736328,89400,0.0,0.0,0.0
2019-06-26 00:00:00-04:00,128.44408545050283,128.44408545050283,126.979634891545,127.04814910888672,118300,0.0,0.0,0.0
2019-06-27 00:00:00-04:00,127.19371732309148,127.44206988840858,126.61135309928952,127.27935028076172,86000,0.0,0.0,0.0
2019-06-28 00:00:00-04:00,128.0244564495965,128.0330158265323,127.18516707084918,127.3992691040039,81400,0.0,0.0,0.0
2019-07-01 00:00:00-04:00,128.05013658088419,128.44407696990035,127.39925809298802,128.0330047607422,86300,0.0,0.0,0.0
2019-07-02 00:00:00-04:00,128.04155264157643,128.94935607910156,128.04155264157643,128.94935607910156,107500,0.0,0.0,0.0
2019-07-03 00:00:00-04:00,129.29188603470672,130.78204030444834,129.29188603470672,130.61074829101562,168500,0.0,0.0,0.0
2019-07-05 00:00:00-04:00,129.9770562923559,130.27679127585878,129.06069338599704,130.1740264892578,147900,0.0,0.0,0.0
2019-07-08 00:00:00-04:00,130.1054925464664,130.52513714103574,129.9855959576963,130.31103515625,78600,0.0,0.0,0.0
2019-07-09 00:00:00-04:00,130.02844363932115,130.04557546032402,129.0949619447995,129.6259307861328,88400,0.0,0.0,0.0
2019-07-10 00:00:00-04:00,130.01988554457034,130.67075100383943,130.01988554457034,130.44808959960938,84400,0.0,0.0,0.0
2019-07-11 00:00:00-04:00,130.59370809766273,130.7221641172593,129.968520621616,130.5423126220703,91700,0.0,0.0,0.0
2019-07-12 00:00:00-04:00,130.69645327373095,131.27880456539785,130.67076207367222,131.0047607421875,79900,0.0,0.0,0.0
2019-07-15 00:00:00-04:00,131.2445136833592,131.4671750380739,130.94476568438944,131.20169067382812,84000,0.0,0.0,0.0
2019-07-16 00:00:00-04:00,131.23599863750636,131.76696754534882,130.8934275132917,131.27880859375,390300,0.0,0.0,0.0
2019-07-17 00:00:00-04:00,131.2188261675111,131.3986645177332,130.7477991849682,131.0561065673828,120200,0.0,0.0,0.0
2019-07-18 00:00:00-04:00,131.26167505328257,132.4178181644317,131.01330938273335,132.09239196777344,78500,0.0,0.0,0.0
2019-07-19 00:00:00-04:00,132.45207905791608,132.64048988416351,131.30449534731844,131.34730529785156,69900,0.0,0.0,0.0
2019-07-22 00:00:00-04:00,131.51001509781935,131.51001509781935,130.43094568357338,130.55084228515625,92500,0.0,0.0,0.0
2019-07-23 00:00:00-04:00,131.56997670512015,131.749815082877,131.02187605999183,131.40725708007812,61900,0.0,0.0,0.0
2019-07-24 00:00:00-04:00,131.25308717707844,131.30448263469302,130.46519337439435,130.70498657226562,72300,0.0,0.0,0.0
2019-07-25 00:00:00-04:00,130.3710000431623,130.98761491414587,130.1740298411885,130.60223388671875,60400,0.0,0.0,0.0
2019-07-26 00:00:00-04:00,130.99617406849828,132.28078607476158,130.81632263781182,132.16944885253906,58700,0.0,0.0,0.0
2019-07-29 00:00:00-04:00,132.2465096706593,132.71753664103656,132.10092189213321,132.42636108398438,91800,0.0,0.0,0.0
2019-07-30 00:00:00-04:00,132.79462050060985,133.45405831020133,132.53769549071393,132.81175231933594,58100,0.0,0.0,0.0
2019-07-31 00:00:00-04:00,132.61477701115706,132.61477701115706,129.15488155626227,130.40524291992188,117900,0.0,0.0,0.0
2019-08-01 00:00:00-04:00,130.7221322079104,132.20371456586875,129.7886505126953,129.7886505126953,120100,0.0,0.0,0.0
2019-08-02 00:00:00-04:00,129.762944864104,130.448073883172,129.31760904154748,129.7971954345703,123200,0.0,0.0,0.0
2019-08-05 00:00:00-04:00,128.9407830503257,129.07781146303722,125.67787074565646,126.40582275390625,235800,0.0,0.0,0.0
2019-08-06 00:00:00-04:00,126.89399153206966,127.98163352023786,126.48291928709114,127.5619888305664,164000,0.0,0.0,0.0
2019-08-07 00:00:00-04:00,126.97104266443473,129.43750183344883,125.81489972977093,128.94935607910156,89700,0.0,0.0,0.0
2019-08-08 00:00:00-04:00,128.91509918054098,130.799194225246,128.42695340067735,130.636474609375,68500,0.0,0.0,0.0
2019-08-09 00:00:00-04:00,130.5080194697462,130.86770927504514,129.15489321109797,129.8143310546875,72300,0.0,0.0,0.0
2019-08-12 00:00:00-04:00,129.51458466574215,129.84002390371637,128.5982348550906,129.00074768066406,84400,0.0,0.0,0.0
2019-08-13 00:00:00-04:00,128.76953231162156,131.05614054580843,128.76953231162156,130.42239379882812,98000,0.0,0.0,0.0
2019-08-14 00:00:00-04:00,129.3775610403814,130.07980879542438,128.22140502929688,128.22140502929688,773500,0.0,0.0,0.0
2019-08-15 00:00:00-04:00,129.42893812686455,130.50800744332432,128.98360233230648,130.07980346679688,133500,0.0,0.0,0.0
2019-08-16 00:00:00-04:00,130.61935434225936,132.05811353753361,130.61935434225936,131.61277770996094,89200,0.0,0.0,0.0
2019-08-19 00:00:00-04:00,132.61478070498515,133.17144066394073,132.45206109822158,132.88882446289062,109300,0.0,0.0,0.0
2019-08-20 00:00:00-04:00,132.88027535758587,132.88027535758587,131.35587008337475,131.38156127929688,114500,0.0,0.0,0.0
2019-08-21 00:00:00-04:00,132.33216517307898,132.33216517307898,131.52713957833507,131.90396118164062,102300,0.0,0.0,0.0
2019-08-22 00:00:00-04:00,131.96392101116572,132.8203291112853,131.74125960952483,132.58053588867188,71800,0.0,0.0,0.0
2019-08-23 00:00:00-04:00,132.24651479541035,132.75179235241905,129.68585030649186,130.40524291992188,247200,0.0,0.0,0.0
2019-08-26 00:00:00-04:00,131.21885562880797,132.01530892267922,130.7649603621983,131.78408813476562,353500,0.0,0.0,0.0
2019-08-27 00:00:00-04:00,132.35789049071718,132.53772889554662,130.92769035871888,131.27024841308594,95700,0.0,0.0,0.0
2019-08-28 00:00:00-04:00,131.06469123194532,132.40069885869605,131.06469123194532,132.3407440185547,128100,0.0,0.0,0.0
2019-08-29 00:00:00-04:00,133.24852708081346,133.38555550683972,131.946796236814,132.6319122314453,67900,0.0,0.0,0.0
2019-08-30 00:00:00-04:00,133.0258694001855,133.33417683347005,132.1095064767911,132.486328125,83500,0.0,0.0,0.0
2019-09-03 00:00:00-04:00,132.04098511876228,133.18000937822967,131.7155589501642,133.10293579101562,102800,0.0,0.0,0.0
2019-09-04 00:00:00-04:00,133.72812386493655,134.40469360351562,133.29991980124126,134.40469360351562,118500,0.0,0.0,0.0
2019-09-05 00:00:00-04:00,134.90142528638845,135.04701311437717,133.6596359918653,133.73670959472656,105400,0.0,0.0,0.0
2019-09-06 00:00:00-04:00,134.19058002585487,134.47319625170746,133.9507868162375,134.25909423828125,105500,0.0,0.0,0.0
2019-09-09 00:00:00-04:00,134.31049261290948,134.36187501140603,133.73670071677898,134.10494995117188,72800,0.0,0.0,0.0
2019-09-10 00:00:00-04:00,133.59107116197518,133.59107116197518,132.76035446514277,133.38552856445312,83000,0.0,0.0,0.0
2019-09-11 00:00:00-04:00,133.37702523729482,134.13922805524402,132.76041025336366,134.09640502929688,291900,0.0,0.0,0.0
2019-09-12 00:00:00-04:00,134.8500358014137,135.15834326441703,134.39612745031718,134.6102294921875,213300,0.0,0.0,0.0
2019-09-13 00:00:00-04:00,134.10496813924755,134.77296554580312,133.69389582777177,133.95082092285156,104200,0.0,0.0,0.0
2019-09-16 00:00:00-04:00,133.35985290883113,133.50544069863074,132.5034449210106,132.81175231933594,167500,0.0,0.0,0.0
2019-09-17 00:00:00-04:00,132.66617788758538,133.97648119546423,132.66617788758538,133.29991149902344,87000,0.0,0.0,0.0
2019-09-18 00:00:00-04:00,133.41980585464984,133.86514170460973,132.35786822411075,133.36842346191406,82700,0.0,0.0,0.0
2019-09-19 00:00:00-04:00,133.39411374808057,133.51401035289592,133.06011512982715,133.1971435546875,82000,0.0,0.0,0.0
2019-09-20 00:00:00-04:00,133.48831894470493,133.8651405785975,132.8717041015625,132.8717041015625,62600,0.0,0.0,0.0
2019-09-23 00:00:00-04:00,132.93169119859567,133.87374551195182,132.93169119859567,133.44554138183594,76000,0.0,0.0,0.0
2019-09-24 00:00:00-04:00,133.9422392023566,134.66163203231855,133.42840211552922,133.73670959472656,174700,0.0,0.0,0.0
2019-09-25 00:00:00-04:00,134.35327039610416,134.49885816540728,133.6852733050677,134.01927185058594,143800,0.0,0.0,0.0
2019-09-26 00:00:00-04:00,134.3909848664106,134.96880500839376,134.29611808730937,134.63246154785156,68600,1.091,0.0,0.0
2019-09-27 00:00:00-04:00,134.89120463804798,134.9860714272164,133.63206481449402,134.36512756347656,75200,0.0,0.0,0.0
2019-09-30 00:00:00-04:00,134.5375850022553,135.5379958438833,134.5375850022553,135.02053833007812,92000,0.0,0.0,0.0
2019-10-01 00:00:00-04:00,135.22757356799693,135.40867455261142,134.1667997510525,134.50314331054688,123400,0.0,0.0,0.0
2019-10-02 00:00:00-04:00,133.89081144829058,133.89081144829058,131.38116409474907,131.958984375,160500,0.0,0.0,0.0
2019-10-03 00:00:00-04:00,132.41607176310066,133.16638673911646,131.32080692184633,132.7093048095703,109200,0.0,0.0,0.0
2019-10-04 00:00:00-04:00,133.01116161410266,134.7187643411717,133.01116161410266,134.61526489257812,70900,0.0,0.0,0.0
2019-10-07 00:00:00-04:00,134.38238704609833,134.52036434379633,133.54583799367472,133.65794372558594,153200,0.0,0.0,0.0
2019-10-08 00:00:00-04:00,133.2784838086034,133.5285931708263,132.25221427100067,132.26083374023438,303500,0.0,0.0,0.0
2019-10-09 00:00:00-04:00,132.90762140140652,133.51994573561834,132.7178878420447,133.26983642578125,140100,0.0,0.0,0.0
2019-10-10 00:00:00-04:00,132.95937223070936,133.82179276524818,132.64028084396776,133.45095825195312,74000,0.0,0.0,0.0
2019-10-11 00:00:00-04:00,133.9942777498211,134.25300654885794,133.26984764011263,133.46820068359375,100500,0.0,0.0,0.0
2019-10-14 00:00:00-04:00,133.71830862805405,133.72692809611834,132.77827338881028,132.8817596435547,72100,0.0,0.0,0.0
2019-10-15 00:00:00-04:00,133.1663421105204,133.1663421105204,132.11418813034877,132.39878845214844,130300,0.0,0.0,0.0
2019-10-16 00:00:00-04:00,132.35567445840977,132.5195364580256,132.00207889708008,132.3815460205078,146400,0.0,0.0,0.0
2019-10-17 00:00:00-04:00,132.8127829386289,133.364731640046,132.68342510216203,133.1060028076172,73300,0.0,0.0,0.0
2019-10-18 00:00:00-04:00,133.24396486400394,133.7269182298369,133.24396486400394,133.26983642578125,67100,0.0,0.0,0.0
2019-10-21 00:00:00-04:00,133.39921084518028,133.7786780111542,133.14911466369415,133.69244384765625,62700,0.0,0.0,0.0
2019-10-22 00:00:00-04:00,134.64109568469908,134.7704666663827,133.71831251425863,133.7873077392578,77400,0.0,0.0,0.0
2019-10-23 00:00:00-04:00,133.78732985932666,134.39964119825555,133.67521095522878,134.39102172851562,98700,0.0,0.0,0.0
2019-10-24 00:00:00-04:00,134.53763026974812,134.86535434939253,134.04604415028152,134.7014923095703,45700,0.0,0.0,0.0
2019-10-25 00:00:00-04:00,134.64107452588274,134.64107452588274,133.89939242306346,133.97702026367188,77400,0.0,0.0,0.0
2019-10-28 00:00:00-04:00,134.04605219796602,134.5980141166085,133.64934601831226,133.94256591796875,80000,0.0,0.0,0.0
2019-10-29 00:00:00-04:00,133.77003309071415,134.5462062119856,133.45956121030727,133.92526245117188,68200,0.0,0.0,0.0
2019-10-30 00:00:00-04:00,134.0201450970593,134.75320781135022,133.80453996456114,134.60659790039062,68300,0.0,0.0,0.0
2019-10-31 00:00:00-04:00,134.6325002252968,134.97746325231623,133.57172641569096,134.39964294433594,69100,0.0,0.0,0.0
2019-11-01 00:00:00-04:00,134.73596829533173,134.8998303168477,134.29613852138948,134.49449157714844,191500,0.0,0.0,0.0
2019-11-04 00:00:00-05:00,134.6928362702407,134.77046412158248,132.98524725210808,133.30435180664062,109200,0.0,0.0,0.0
2019-11-05 00:00:00-05:00,133.20087357665042,134.0805463693229,132.4505717837949,133.64071655273438,368400,0.0,0.0,0.0
2019-11-06 00:00:00-05:00,133.89081288321472,134.57211944200768,133.6148319442889,134.3306427001953,87500,0.0,0.0,0.0
2019-11-07 00:00:00-05:00,134.39959280763136,134.4082254337589,133.6751628254359,133.90802001953125,130100,0.0,0.0,0.0
2019-11-08 00:00:00-05:00,133.75280529395368,134.054657762331,133.34746656647272,133.79592895507812,64000,0.0,0.0,0.0
2019-11-11 00:00:00-05:00,133.74420130635286,133.97705857578293,133.3216104336087,133.58895874023438,63100,0.0,0.0,0.0
2019-11-12 00:00:00-05:00,133.77006647506983,133.8649332721888,133.38197981758117,133.83042907714844,73600,0.0,0.0,0.0
2019-11-13 00:00:00-05:00,134.04603547353278,135.1499460135905,134.04603547353278,134.986083984375,64300,0.0,0.0,0.0
2019-11-14 00:00:00-05:00,135.44314667536818,135.54663292778295,134.41686414061195,134.81358337402344,89000,0.0,0.0,0.0
2019-11-15 00:00:00-05:00,135.158528755025,135.39138595218645,134.48584188277303,135.02053833007812,55600,0.0,0.0,0.0
2019-11-18 00:00:00-05:00,134.9515489784033,136.20205600500086,134.942929511279,135.56387329101562,91200,0.0,0.0,0.0
2019-11-19 00:00:00-05:00,135.85714304944378,135.85714304944378,135.227579571057,135.5294189453125,59300,0.0,0.0,0.0
2019-11-20 00:00:00-05:00,135.48630377364793,136.04687199190803,135.14996021079264,135.61566162109375,82300,0.0,0.0,0.0
2019-11-21 00:00:00-05:00,135.44319884254756,135.65017142709445,134.7015163757591,134.9429931640625,236500,0.0,0.0,0.0
2019-11-22 00:00:00-05:00,135.1327191299677,135.36557643385345,134.2961698896164,134.76187133789062,66600,0.0,0.0,0.0
2019-11-25 00:00:00-05:00,135.00329685805016,135.21028251175443,134.546215054009,135.10679626464844,69700,0.0,0.0,0.0
2019-11-26 00:00:00-05:00,135.31377272748136,136.2538210844032,135.13267178973436,136.1761932373047,72700,0.0,0.0,0.0
2019-11-27 00:00:00-05:00,136.31416998815715,136.607389773773,136.0554412292938,136.39178466796875,56800,0.0,0.0,0.0
2019-11-29 00:00:00-05:00,136.40907345605928,136.69367385141928,136.20208776138978,136.35733032226562,28300,0.0,0.0,0.0
2019-12-02 00:00:00-05:00,136.17623293017593,136.63331488085387,135.4949263190039,136.5729522705078,62400,0.0,0.0,0.0
2019-12-03 00:00:00-05:00,136.21931439285473,136.42630004882812,135.50350380370904,136.42630004882812,162100,0.0,0.0,0.0
2019-12-04 00:00:00-05:00,136.65053818205539,137.3922204067627,136.28832311782537,137.31460571289062,76500,0.0,0.0,0.0
2019-12-05 00:00:00-05:00,137.34910699375646,137.34910699375646,136.52119054502796,137.24562072753906,57600,0.0,0.0,0.0
2019-12-06 00:00:00-05:00,137.5905759652462,138.34089083151088,137.5905759652462,137.7975616455078,71400,0.0,0.0,0.0
2019-12-09 00:00:00-05:00,137.8234546414933,138.22879343701686,137.7975830723744,137.92694091796875,66900,0.0,0.0,0.0
2019-12-10 00:00:00-05:00,137.90103396484446,137.98728127944113,137.37495692858687,137.48707580566406,63400,0.0,0.0,0.0
2019-12-11 00:00:00-05:00,137.68544971971264,137.99592167605837,137.18525732956718,137.5043487548828,72100,0.0,0.0,0.0
2019-12-12 00:00:00-05:00,137.6164274378727,138.5219583164177,137.31457503869717,137.5215606689453,76200,0.0,0.0,0.0
2019-12-13 00:00:00-05:00,137.5216185316487,138.1166777949402,137.11627972654676,137.98731994628906,76400,0.0,0.0,0.0
2019-12-16 00:00:00-05:00,138.3623669182876,138.7964585640097,138.1887329094839,138.47523498535156,79300,1.062,0.0,0.0
2019-12-17 00:00:00-05:00,138.2408205928014,138.54469004115134,138.12796577413835,138.36236572265625,64100,0.0,0.0,0.0
2019-12-18 00:00:00-05:00,138.54469310146166,138.70965004864246,137.8935556241222,138.07586669921875,151300,0.0,0.0,0.0
2019-12-19 00:00:00-05:00,138.5273154743775,139.273953589702,138.4057703508328,139.02218627929688,109200,0.0,0.0,0.0
2019-12-20 00:00:00-05:00,139.4475379843063,140.61091317860306,139.4475379843063,140.15945434570312,95700,0.0,0.0,0.0
2019-12-23 00:00:00-05:00,140.41995025063173,140.41995025063173,139.5691212085177,139.65594482421875,79300,0.0,0.0,0.0
2019-12-24 00:00:00-05:00,139.86432746485406,139.90772602959734,139.62123721362107,139.81222534179688,32800,0.0,0.0,0.0
2019-12-26 00:00:00-05:00,139.87302272966087,140.194246336142,139.62993244679515,139.99456787109375,33200,0.0,0.0,0.0
2019-12-27 00:00:00-05:00,140.32443512883742,140.59356976341547,140.21156708952824,140.57620239257812,163100,0.0,0.0,0.0
2019-12-30 00:00:00-05:00,140.39393397373922,140.39393397373922,139.6733402106497,139.89906311035156,54700,0.0,0.0,0.0
2019-12-31 00:00:00-05:00,139.67329914093162,140.037934447429,139.32601795801324,139.95111083984375,58000,0.0,0.0,0.0
2020-01-02 00:00:00-05:00,140.32444327941886,140.32444327941886,138.44916454273402,138.7964324951172,197600,0.0,0.0,0.0
2020-01-03 00:00:00-05:00,138.13660531396096,139.1957896924434,138.0411046487725,138.55332946777344,179600,0.0,0.0,0.0
2020-01-06 00:00:00-05:00,138.28424576579445,139.0308839920125,138.14533324756158,138.76174926757812,119300,0.0,0.0,0.0
2020-01-07 00:00:00-05:00,138.53596085753603,138.53596085753603,137.70249938964844,137.70249938964844,93900,0.0,0.0,0.0
2020-01-08 00:00:00-05:00,137.82406671436715,138.81379491552144,137.68515423939954,138.24948120117188,75100,0.0,0.0,0.0
2020-01-09 00:00:00-05:00,138.59680444971178,139.12639688037038,138.3016252581783,139.0482635498047,101600,0.0,0.0,0.0
2020-01-10 00:00:00-05:00,139.3260005505192,139.4041470865513,138.8398202025998,138.91795349121094,165700,0.0,0.0,0.0
2020-01-13 00:00:00-05:00,139.10031394407645,139.83827496612471,139.0134903247445,139.82090759277344,162200,0.0,0.0,0.0
2020-01-14 00:00:00-05:00,139.7514306697249,140.003197932658,139.56042933339396,139.88165283203125,358300,0.0,0.0,0.0
2020-01-15 00:00:00-05:00,139.91642307873872,141.16660914381623,139.75146613300961,140.82801818847656,64600,0.0,0.0,0.0
2020-01-16 00:00:00-05:00,141.1665912321472,141.43572590000883,140.99294399714375,141.34022521972656,75800,0.0,0.0,0.0
2020-01-17 00:00:00-05:00,141.48781462528862,141.84377291028403,141.3489021363991,141.60935974121094,68300,0.0,0.0,0.0
2020-01-21 00:00:00-05:00,141.34890429898988,141.9566298878995,140.85404676495787,141.904541015625,223900,0.0,0.0,0.0
2020-01-22 00:00:00-05:00,142.0174067514418,142.29521848151072,141.8784942626953,141.8784942626953,79300,0.0,0.0,0.0
2020-01-23 00:00:00-05:00,141.40967423995556,142.0694886580184,140.92349380060153,141.80035400390625,106900,0.0,0.0,0.0
2020-01-24 00:00:00-05:00,141.96529871536762,142.08684381475678,140.3157429408895,140.77587890625,97100,0.0,0.0,0.0
2020-01-27 00:00:00-05:00,139.51707587844774,140.77593921443508,139.37816334894387,140.1248016357422,147600,0.0,0.0,0.0
2020-01-28 00:00:00-05:00,140.2723386314848,140.73247457797035,140.10738173606137,140.34178161621094,105500,0.0,0.0,0.0
2020-01-29 00:00:00-05:00,140.41131316962503,140.41131316962503,139.46499633789062,139.46499633789062,74000,0.0,0.0,0.0
2020-01-30 00:00:00-05:00,139.44756108692835,141.0623821342362,139.4128395928391,140.8887481689453,86000,0.0,0.0,0.0
2020-01-31 00:00:00-05:00,140.93215391724115,141.43570166814644,138.95269765363923,139.22183227539062,137400,0.0,0.0,0.0
2020-02-03 00:00:00-05:00,139.67331521487705,140.3504970402214,139.2913124934163,139.36944580078125,249200,0.0,0.0,0.0
2020-02-04 00:00:00-05:00,140.21161176113625,141.1839728790648,140.0032429869687,140.19424438476562,155200,0.0,0.0,0.0
2020-02-05 00:00:00-05:00,140.7585509943109,141.5051891002852,140.73250655726497,141.41836547851562,125500,0.0,0.0,0.0
2020-02-06 00:00:00-05:00,141.77430029037916,142.5035709016796,141.5138427156511,141.6961669921875,99500,0.0,0.0,0.0
2020-02-07 00:00:00-05:00,141.54855282810706,142.02605613547493,141.20128492134216,141.86109924316406,101000,0.0,0.0,0.0
2020-02-10 00:00:00-05:00,141.80036321990903,142.61645754504644,141.80036321990903,142.3733673095703,76200,0.0,0.0,0.0
2020-02-11 00:00:00-05:00,142.66854823970883,142.66854823970883,141.92191015051642,141.9739990234375,84200,0.0,0.0,0.0
2020-02-12 00:00:00-05:00,142.2778826157299,142.2778826157299,141.74829027591284,142.0608367919922,110800,0.0,0.0,0.0
2020-02-13 00:00:00-05:00,141.7916877588221,143.03318338635572,141.4791412743328,142.7119598388672,90800,0.0,0.0,0.0
2020-02-14 00:00:00-05:00,142.91163389031652,143.15472412109375,142.72930959352158,143.15472412109375,75600,0.0,0.0,0.0
2020-02-18 00:00:00-05:00,142.95505487871998,143.1634103770949,142.26050564014554,142.4949188232422,150100,0.0,0.0,0.0
2020-02-19 00:00:00-05:00,142.72930170460546,142.9029489290691,142.39940112245574,142.42544555664062,65200,0.0,0.0,0.0
2020-02-20 00:00:00-05:00,142.16501474629104,142.62515083346207,141.49650989896818,142.55569458007812,81100,0.0,0.0,0.0
2020-02-21 00:00:00-05:00,142.19971801885973,143.0592241409408,142.19971801885973,142.84217834472656,126400,0.0,0.0,0.0
2020-02-24 00:00:00-05:00,140.56752510640388,141.46175261547447,139.29129492405605,139.3433837890625,450200,0.0,0.0,0.0
2020-02-25 00:00:00-05:00,139.58644825608755,140.03790708194842,136.44363033750918,136.84298706054688,234200,0.0,0.0,0.0
2020-02-26 00:00:00-05:00,137.32923581503744,138.33633167947235,135.8099149539668,135.8880615234375,211600,0.0,0.0,0.0
2020-02-27 00:00:00-05:00,134.6378639859416,135.5494590749164,130.4271697998047,130.4271697998047,641000,0.0,0.0,0.0
2020-02-28 00:00:00-05:00,126.9978113078414,127.91808319091797,123.73344791652003,127.91808319091797,1512300,0.0,0.0,0.0
2020-03-02 00:00:00-05:00,128.35218812186838,134.56838238429205,128.35218812186838,134.53366088867188,671300,0.0,0.0,0.0
2020-03-03 00:00:00-05:00,134.73335281380193,136.88644343870476,131.8509782334725,132.7625732421875,280700,0.0,0.0,0.0
2020-03-04 00:00:00-05:00,134.62914768811925,139.0308287245251,134.4641907942197,138.92665100097656,174000,0.0,0.0,0.0
2020-03-05 00:00:00-05:00,136.37424399619363,138.13665516001294,135.06329188957451,136.45237731933594,191400,0.0,0.0,0.0
2020-03-06 00:00:00-05:00,132.45004407010723,136.0443224549017,131.98123091010186,135.2542724609375,243900,0.0,0.0,0.0
2020-03-09 00:00:00-04:00,127.61421134796512,132.73648524360544,125.88652257935657,129.20298767089844,387700,0.0,0.0,0.0
2020-03-10 00:00:00-04:00,132.18284778786668,133.08080436516545,127.18741725449262,132.83670043945312,274200,0.618,0.0,0.0
2020-03-11 00:00:00-04:00,129.82894428280568,130.18638682415835,124.82478861185564,126.14122009277344,221100,0.0,0.0,0.0
2020-03-12 00:00:00-04:00,118.52168126906638,121.95658913256179,113.98830580209733,114.35446166992188,367000,0.0,0.0,0.0
2020-03-13 00:00:00-04:00,119.750932014429,123.82225285566328,115.18267678161826,123.63045501708984,345900,0.0,0.0,0.0
2020-03-16 00:00:00-04:00,112.48007755915518,121.18067170192903,109.51594469085597,115.63600158691406,642200,0.0,0.0,0.0
2020-03-17 00:00:00-04:00,117.25759112333718,126.0889663696289,117.04835345802279,126.0889663696289,443500,0.0,0.0,0.0
2020-03-18 00:00:00-04:00,118.7919016028607,124.0227209067717,116.07187982167864,121.10218811035156,695000,0.0,0.0,0.0
2020-03-19 00:00:00-04:00,119.9601708349172,120.61402348124996,117.11808281848445,117.75450897216797,514700,0.0,0.0,0.0
2020-03-20 00:00:00-04:00,118.26014858209165,118.55657190499764,109.5246797644126,110.34417724609375,885000,0.0,0.0,0.0
2020-03-23 00:00:00-04:00,110.17851212976626,111.37288519126764,105.22666851430867,106.92668914794922,502700,0.0,0.0,0.0
2020-03-24 00:00:00-04:00,111.50366306770037,113.33444899035499,109.85595507217796,112.69803619384766,465000,0.0,0.0,0.0
2020-03-25 00:00:00-04:00,113.3431795766358,115.89757100437723,110.44007868643403,112.4801025390625,488400,0.0,0.0,0.0
2020-03-26 00:00:00-04:00,113.7180303598708,119.34115927012023,113.7180303598708,118.84423828125,379800,0.0,0.0,0.0
2020-03-27 00:00:00-04:00,115.94989240510044,121.10225547829843,115.94989240510044,117.85041809082031,630200,0.0,0.0,0.0
2020-03-30 00:00:00-04:00,119.0622101834237,122.67147613534956,119.0622101834237,122.31403350830078,833100,0.0,0.0,0.0
2020-03-31 00:00:00-04:00,121.93914103344959,122.63658643532978,119.84681813047364,120.1519546508789,543800,0.0,0.0,0.0
2020-04-01 00:00:00-04:00,116.69962034270021,119.71606639118671,116.69962034270021,117.51039123535156,357100,0.0,0.0,0.0
2020-04-02 00:00:00-04:00,116.59501747525152,121.34634440302592,116.22013501236509,120.79710388183594,268300,0.0,0.0,0.0
2020-04-03 00:00:00-04:00,120.38732909775825,121.90427181260117,119.60271135371165,121.54682922363281,184600,0.0,0.0,0.0
2020-04-06 00:00:00-04:00,124.92943927191013,127.10894793575132,122.89813560089031,126.23714447021484,398500,0.0,0.0,0.0
2020-04-07 00:00:00-04:00,129.0792063996267,129.19254509595402,124.9119873046875,124.9119873046875,696200,0.0,0.0,0.0
2020-04-08 00:00:00-04:00,125.99306560489141,127.4576893328038,124.58073466421268,126.95204162597656,247400,0.0,0.0,0.0
2020-04-09 00:00:00-04:00,127.83252988460303,129.93356585493672,127.20483040634113,128.21612548828125,581500,0.0,0.0,0.0
2020-04-13 00:00:00-04:00,127.94589414545769,128.20743789130276,125.8622840312489,127.08281707763672,257400,0.0,0.0,0.0
2020-04-14 00:00:00-04:00,128.90485826568124,132.4007853008233,128.89614502016653,132.33103942871094,850500,0.0,0.0,0.0
2020-04-15 00:00:00-04:00,130.04692230259218,131.84283532621882,129.09665971089308,130.09051513671875,225700,0.0,0.0,0.0
2020-04-16 00:00:00-04:00,130.72692071707212,131.40692632331266,129.10536581696059,131.02333068847656,195400,0.0,0.0,0.0
2020-04-17 00:00:00-04:00,132.88028259411652,133.42952303414725,130.95360438515957,132.96746826171875,230600,0.0,0.0,0.0
2020-04-20 00:00:00-04:00,131.73821709898934,132.75822551777947,130.4217987060547,130.4217987060547,211400,0.0,0.0,0.0
2020-04-21 00:00:00-04:00,128.63460660872505,129.25357963231417,127.31817483536636,127.78024291992188,179800,0.0,0.0,0.0
2020-04-22 00:00:00-04:00,129.39307237334071,129.8464139128305,128.1638262599543,129.02691650390625,186900,0.0,0.0,0.0
2020-04-23 00:00:00-04:00,129.07048904932418,129.7069017721557,127.9632950664645,128.21612548828125,142900,0.0,0.0,0.0
2020-04-24 00:00:00-04:00,128.93975732615687,129.89874668314,128.46898919806316,129.4628448486328,118900,0.0,0.0,0.0
2020-04-27 00:00:00-04:00,130.27360634572648,130.77054078599357,129.6197536417965,130.29104614257812,451600,0.0,0.0,0.0
2020-04-28 00:00:00-04:00,131.97359057403952,131.97359057403952,130.46536125554397,130.96229553222656,141600,0.0,0.0,0.0
2020-04-29 00:00:00-04:00,131.79049919547637,131.79049919547637,129.81150204083497,130.69203186035156,164800,0.0,0.0,0.0
2020-04-30 00:00:00-04:00,130.0643642570136,130.1341101322415,128.29460424393594,129.00076293945312,267200,0.0,0.0,0.0
2020-05-01 00:00:00-04:00,127.98944263181505,129.02689070578083,126.89968848734054,127.44892883300781,212400,0.0,0.0,0.0
2020-05-04 00:00:00-04:00,126.96074285980232,127.5448495850095,126.03663331536515,127.39664459228516,210400,0.0,0.0,0.0
2020-05-05 00:00:00-04:00,128.00693248938728,128.83514330258802,127.44897868129404,127.58847045898438,153000,0.0,0.0,0.0
2020-05-06 00:00:00-04:00,127.884843742869,127.96330285676238,126.11508389306401,126.21969604492188,127100,0.0,0.0,0.0
2020-05-07 00:00:00-04:00,127.22228913707993,127.39666049397027,125.79253180818014,125.94075012207031,118800,0.0,0.0,0.0
2020-05-08 00:00:00-04:00,127.19610730251699,129.2535638030379,127.19610730251699,128.98330688476562,154200,0.0,0.0,0.0
2020-05-11 00:00:00-04:00,128.4341019506962,129.77667352876625,128.40793560643993,128.63461303710938,426000,0.0,0.0,0.0
2020-05-12 00:00:00-04:00,129.08797850422084,130.54388906727544,127.5361557006836,127.5361557006836,2471000,0.0,0.0,0.0
2020-05-13 00:00:00-04:00,127.48382997296315,128.1115295960382,125.74894941426022,126.46382141113281,211200,0.0,0.0,0.0
2020-05-14 00:00:00-04:00,125.67047983995701,126.28946623051735,124.10995729605631,125.94075012207031,272000,0.0,0.0,0.0
2020-05-15 00:00:00-04:00,125.9145589385955,127.51868730795651,125.62687552234166,127.10021209716797,188300,0.0,0.0,0.0
2020-05-18 00:00:00-04:00,129.1228363294214,129.92489407368282,128.43411731405237,129.24488830566406,162900,0.0,0.0,0.0
2020-05-19 00:00:00-04:00,129.45410372802408,129.45410372802408,126.91715240478516,126.91715240478516,354000,0.0,0.0,0.0
2020-05-20 00:00:00-04:00,128.20743613860222,128.5561655625174,127.54487018716439,128.48641967773438,96300,0.0,0.0,0.0
2020-05-21 00:00:00-04:00,128.25097838687697,128.2596916305374,126.91712046041766,127.12635803222656,177400,0.0,0.0,0.0
2020-05-22 00:00:00-04:00,127.44019931649281,127.61457061767578,127.03046400616806,127.61457061767578,126500,0.0,0.0,0.0
2020-05-26 00:00:00-04:00,129.63720787097174,129.66336091782713,128.26848297575384,128.4341278076172,245400,0.0,0.0,0.0
2020-05-27 00:00:00-04:00,129.63717738920818,130.81411743164062,128.91357889012244,130.81411743164062,190200,0.0,0.0,0.0
2020-05-28 00:00:00-04:00,131.81670065739533,132.35722793109997,131.10182862821677,131.40695190429688,228800,0.0,0.0,0.0
2020-05-29 00:00:00-04:00,131.0582307610515,132.04337304062915,129.98591610708053,131.75567626953125,155400,0.0,0.0,0.0
2020-06-01 00:00:00-04:00,131.6248712538397,133.11566089435706,131.6248712538397,132.54898071289062,156700,0.0,0.0,0.0
2020-06-02 00:00:00-04:00,132.8541290300075,133.09823293513213,131.90386644915344,132.94131469726562,661600,0.0,0.0,0.0
2020-06-03 00:00:00-04:00,133.46439347972134,133.81312285833513,133.14183044433594,133.14183044433594,157400,0.0,0.0,0.0
2020-06-04 00:00:00-04:00,132.91517787084476,133.4905581158729,131.86028970007084,132.45310974121094,128300,0.0,0.0,0.0
2020-06-05 00:00:00-04:00,133.92645587301348,135.13826226435762,133.46440105993977,134.6239013671875,138600,0.0,0.0,0.0
2020-06-08 00:00:00-04:00,134.57160675105916,136.21060180664062,134.3623690941762,136.21060180664062,163600,0.0,0.0,0.0
2020-06-09 00:00:00-04:00,135.4869952504676,135.4869952504676,134.04851138639273,134.73724365234375,156100,0.0,0.0,0.0
2020-06-10 00:00:00-04:00,135.0074845660295,135.2777415106401,133.99618935815448,134.10081481933594,161300,0.0,0.0,0.0
2020-06-11 00:00:00-04:00,132.40073783490124,133.21152166770779,128.6781480269485,128.79147338867188,162000,0.0,0.0,0.0
2020-06-12 00:00:00-04:00,130.8141317457992,130.8141317457992,127.83256505507086,128.9920654296875,179500,0.0,0.0,0.0
2020-06-15 00:00:00-04:00,127.61461900684675,130.70079798913534,126.87358060381841,130.41310119628906,100400,0.0,0.0,0.0
2020-06-16 00:00:00-04:00,133.17668434448697,133.35976891406426,131.2151266687194,132.6884765625,100600,0.0,0.0,0.0
2020-06-17 00:00:00-04:00,132.9325420365528,133.35973037366796,132.04331239177344,132.40074157714844,73000,0.0,0.0,0.0
2020-06-18 00:00:00-04:00,131.79052622824778,133.0895181605465,131.77308643446347,132.89772033691406,81100,0.0,0.0,0.0
2020-06-19 00:00:00-04:00,134.18796735758545,134.50181708942824,132.15666399630618,132.19154357910156,109200,0.0,0.0,0.0
2020-06-22 00:00:00-04:00,132.09394180207607,132.38410517760445,131.45207256229926,131.97964477539062,85200,1.289,0.0,0.0
2020-06-23 00:00:00-04:00,132.80617281263818,133.30736782435443,131.73346575696442,131.7686309814453,109400,0.0,0.0,0.0
2020-06-24 00:00:00-04:00,131.17069461354887,131.20587324932805,129.18353102701653,129.6319580078125,119100,0.0,0.0,0.0
2020-06-25 00:00:00-04:00,129.61441517322456,130.67833438439314,128.75271279414167,130.62557983398438,189200,0.0,0.0,0.0
2020-06-26 00:00:00-04:00,130.4233351589512,130.71349857082612,127.85584446151533,127.97894287109375,169500,0.0,0.0,0.0
2020-06-29 00:00:00-04:00,128.752697494043,130.63436567983035,128.6384004539802,130.5464324951172,162800,0.0,0.0,0.0
2020-06-30 00:00:00-04:00,130.54639971772608,131.89169392239717,130.36174544287925,131.51361083984375,203200,0.0,0.0,0.0
2020-07-01 00:00:00-04:00,131.5927906608636,132.27862664621802,131.42572564091697,131.53123474121094,144300,0.0,0.0,0.0
2020-07-02 00:00:00-04:00,132.60392932440922,133.53596197223948,131.97084801329447,132.15550231933594,155600,0.0,0.0,0.0
2020-07-06 00:00:00-04:00,133.3337245466944,133.61509996605636,132.11152857936767,132.80615234375,401600,0.0,0.0,0.0
2020-07-07 00:00:00-04:00,132.25223247367444,134.68782333908402,132.10275679511543,133.94044494628906,119700,0.0,0.0,0.0
2020-07-08 00:00:00-04:00,134.3273459917618,134.33613394450268,133.06997108028764,133.64151000976562,117500,0.0,0.0,0.0
2020-07-09 00:00:00-04:00,133.57991696452424,133.71181671930873,131.78619568323006,132.4016876220703,175600,0.0,0.0,0.0
2020-07-10 00:00:00-04:00,132.46321851757148,135.11864169762066,132.46321851757148,134.98675537109375,102200,0.0,0.0,0.0
2020-07-13 00:00:00-04:00,135.54951141588475,136.42878949188287,134.20421703294508,134.7053985595703,666000,0.0,0.0,0.0
2020-07-14 00:00:00-04:00,134.43281553051074,137.0266829982443,134.0898976404269,136.850830078125,104900,0.0,0.0,0.0
2020-07-15 00:00:00-04:00,137.8796177307821,138.49510981125533,136.73655334320537,136.9387969970703,99300,0.0,0.0,0.0
2020-07-16 00:00:00-04:00,136.85966690122126,137.59827089622817,136.66622459499592,137.24655151367188,78700,0.0,0.0,0.0
2020-07-17 00:00:00-04:00,137.80926149124312,138.21373534594323,137.4927208187404,138.01150512695312,69700,0.0,0.0,0.0
2020-07-20 00:00:00-04:00,137.80926078757247,137.80926078757247,136.2793253922212,136.64862060546875,94300,0.0,0.0,0.0
2020-07-21 00:00:00-04:00,137.63340365004564,139.330417405735,137.61581433088756,138.0642547607422,253200,0.0,0.0,0.0
2020-07-22 00:00:00-04:00,138.24891953359528,139.15457508424143,137.18500033334732,139.01390075683594,143200,0.0,0.0,0.0
2020-07-23 00:00:00-04:00,139.39196581720802,140.0690137579918,139.09301446242245,139.45352172851562,151700,0.0,0.0,0.0
2020-07-24 00:00:00-04:00,139.46232121024528,140.77245060872605,138.6973534401321,139.20733642578125,421800,0.0,0.0,0.0
2020-07-27 00:00:00-04:00,139.18974221168426,140.04264314189172,138.9523333402037,140.01626586914062,97300,0.0,0.0,0.0
2020-07-28 00:00:00-04:00,139.83161957576158,141.15053695596436,139.83161957576158,140.35919189453125,93200,0.0,0.0,0.0
2020-07-29 00:00:00-04:00,140.5262594356052,141.2120954123022,140.23609599673776,140.9043426513672,78900,0.0,0.0,0.0
2020-07-30 00:00:00-04:00,140.34160543714435,141.13295051472878,139.84921175182768,140.6757354736328,74200,0.0,0.0,0.0
2020-07-31 00:00:00-04:00,140.25362448598156,140.59654235839844,138.8028211988448,140.59654235839844,181100,0.0,0.0,0.0
2020-08-03 00:00:00-04:00,140.54380393538068,140.71086891588652,139.5853940560477,140.21847534179688,87600,0.0,0.0,0.0
2020-08-04 00:00:00-04:00,140.1218030117195,142.2056884765625,140.07783640942557,142.2056884765625,92100,0.0,0.0,0.0
2020-08-05 00:00:00-04:00,142.34637722837164,142.5134422682178,141.48468816764893,141.82760620117188,89500,0.0,0.0,0.0
2020-08-06 00:00:00-04:00,141.7308346698134,142.16167233868973,141.34395017119238,141.95944213867188,85900,0.0,0.0,0.0
2020-08-07 00:00:00-04:00,141.62536577090927,142.70687435033543,141.62536577090927,142.6101531982422,109500,0.0,0.0,0.0
2020-08-10 00:00:00-04:00,142.7772215778833,143.75322107492804,142.72446702399807,143.5334014892578,124800,0.0,0.0,0.0
2020-08-11 00:00:00-04:00,144.11369156018102,144.49178816273633,142.06498516165044,142.4342803955078,133800,0.0,0.0,0.0
2020-08-12 00:00:00-04:00,142.95304156651073,144.8610735197078,142.90907497618053,144.35987854003906,442000,0.0,0.0,0.0
2020-08-13 00:00:00-04:00,143.9378380602658,144.54454216242726,143.82354101810935,144.0961151123047,104800,0.0,0.0,0.0
2020-08-14 00:00:00-04:00,143.91142163938025,144.64122395383419,143.68281420053512,144.2103729248047,96800,0.0,0.0,0.0
2020-08-17 00:00:00-04:00,144.36865881476265,145.36224726083137,144.36865881476265,144.85226440429688,75800,0.0,0.0,0.0
2020-08-18 00:00:00-04:00,145.11608113185184,145.78434120999077,144.41266924266404,145.3007354736328,108300,0.0,0.0,0.0
2020-08-19 00:00:00-04:00,145.19522899959495,145.3622940221512,144.16647500549388,144.33352661132812,68900,0.0,0.0,0.0
2020-08-20 00:00:00-04:00,143.54212999463405,144.20158847852974,143.31352255023506,144.0697021484375,79300,0.0,0.0,0.0
2020-08-21 00:00:00-04:00,144.04333061833228,144.5269227924057,143.56851297765814,144.2543487548828,87000,0.0,0.0,0.0
2020-08-24 00:00:00-04:00,144.77315276401868,145.5645112077204,144.23679251608516,145.5557098388672,89800,0.0,0.0,0.0
2020-08-25 00:00:00-04:00,145.96017996987945,145.96017996987945,144.72039449831516,145.30950927734375,76700,0.0,0.0,0.0
2020-08-26 00:00:00-04:00,145.08970240683203,145.69640655940668,144.40386643002282,145.5205535888672,70200,0.0,0.0,0.0
2020-08-27 00:00:00-04:00,145.76674269554002,147.05928275633244,145.76674269554002,146.4613800048828,77100,0.0,0.0,0.0
2020-08-28 00:00:00-04:00,146.9977302283598,147.69236755371094,145.67002491141653,147.69236755371094,121300,0.0,0.0,0.0
2020-08-31 00:00:00-04:00,147.33183836346254,147.47252608145573,146.59324796907723,147.12960815429688,83500,0.0,0.0,0.0
2020-09-01 00:00:00-04:00,147.1208095625707,147.30545043945312,146.13600902456415,147.30545043945312,80400,0.0,0.0,0.0
2020-09-02 00:00:00-04:00,147.7715072030599,150.45330866967632,147.7715072030599,149.8553924560547,140700,0.0,0.0,0.0
2020-09-03 00:00:00-04:00,150.4884485443396,151.50841440844692,146.34705601142193,147.3845977783203,225100,0.0,0.0,0.0
2020-09-04 00:00:00-04:00,147.67475744007513,148.2990508080796,145.25674261221326,146.83065795898438,118700,0.0,0.0,0.0
2020-09-08 00:00:00-04:00,146.71632271527483,146.72511066496295,143.47178485699123,143.9202117919922,115000,0.0,0.0,0.0
2020-09-09 00:00:00-04:00,144.72037803647453,147.3670136818175,144.63245827724865,145.97775268554688,143200,0.0,0.0,0.0
2020-09-10 00:00:00-04:00,146.19758303937445,146.41740257880232,144.1136846822286,144.36868286132812,95800,0.0,0.0,0.0
2020-09-11 00:00:00-04:00,144.91765381141542,145.7751034820579,144.1751242476453,145.00604248046875,69800,0.871,0.0,0.0
2020-09-14 00:00:00-04:00,145.66016653758766,146.5618171826681,145.40382189220708,146.00491333007812,103500,0.0,0.0,0.0
2020-09-15 00:00:00-04:00,146.5352882310621,146.7739497314419,145.6248028349597,145.85462951660156,125200,0.0,0.0,0.0
2020-09-16 00:00:00-04:00,146.73859890298672,146.81815273749558,145.12093682660802,145.2535400390625,130600,0.0,0.0,0.0
2020-09-17 00:00:00-04:00,143.93645919140167,145.04141879323186,143.4502742689411,144.30772399902344,765500,0.0,0.0,0.0
2020-09-18 00:00:00-04:00,144.63473832028623,144.65242144459268,142.12427419964385,143.03475952148438,91900,0.0,0.0,0.0
2020-09-21 00:00:00-04:00,142.30992441813726,142.30992441813726,140.33866729603318,141.95632934570312,170200,0.0,0.0,0.0
2020-09-22 00:00:00-04:00,142.08005858800286,143.43252746114692,141.78834776403272,142.84027099609375,72100,0.0,0.0,0.0
2020-09-23 00:00:00-04:00,143.28228325780725,143.56515932116224,140.3828710497843,140.5508270263672,711800,0.0,0.0,0.0
2020-09-24 00:00:00-04:00,140.3828908625059,142.25689783776178,139.41053460610564,141.434814453125,84200,0.0,0.0,0.0
2020-09-25 00:00:00-04:00,140.8779193869586,142.30110783614742,140.59505675422199,142.17735290527344,106700,0.0,0.0,0.0
2020-09-28 00:00:00-04:00,143.27341130780172,144.5374779816034,143.14965643422482,143.75074768066406,99800,0.0,0.0,0.0
2020-09-29 00:00:00-04:00,143.90106159304145,144.1132186461704,142.54859241399373,142.84915161132812,136400,0.0,0.0,0.0
2020-09-30 00:00:00-04:00,143.46793431070668,145.42149501891726,143.46793431070668,144.40493774414062,79500,0.0,0.0,0.0
2020-10-01 00:00:00-04:00,145.18282470117077,145.62480844400258,144.1309012351073,145.31541442871094,110700,0.0,0.0,0.0
2020-10-02 00:00:00-04:00,143.76842779961547,145.26233455619624,143.49440012015165,144.72311401367188,97500,0.0,0.0,0.0
2020-10-05 00:00:00-04:00,145.08559008813413,145.85463749687005,144.97066999688903,145.7662353515625,65000,0.0,0.0,0.0
2020-10-06 00:00:00-04:00,146.12865868898402,146.83583535480562,144.5728808147949,144.84690856933594,68300,0.0,0.0,0.0
2020-10-07 00:00:00-04:00,145.78389881831842,147.10101507144648,145.63362598217978,146.50875854492188,73800,0.0,0.0,0.0
2020-10-08 00:00:00-04:00,147.16288264187355,147.62254944680717,146.67669789514292,147.49879455566406,187600,0.0,0.0,0.0
2020-10-09 00:00:00-04:00,148.02033806654848,149.2932532775263,148.02033806654848,148.6125946044922,108200,0.0,0.0,0.0
2020-10-12 00:00:00-04:00,149.13414354335987,151.04350284496368,149.13414354335987,150.4158935546875,64100,0.0,0.0,0.0
2020-10-13 00:00:00-04:00,149.920891667283,150.61038523027383,149.54961345188167,150.24795532226562,221500,0.0,0.0,0.0
2020-10-14 00:00:00-04:00,150.35403893452676,150.82254066192613,148.9838865198623,149.5938262939453,106700,0.0,0.0,0.0
2020-10-15 00:00:00-04:00,148.46232220646093,150.0711493496347,148.04685644919175,149.62916564941406,81700,0.0,0.0,0.0
2020-10-16 00:00:00-04:00,150.17726091129325,150.82255350787113,149.69107601458018,149.7617950439453,63300,0.0,0.0,0.0
2020-10-19 00:00:00-04:00,149.86783112216054,150.34518108452778,147.454603831485,147.85238647460938,82500,0.0,0.0,0.0
2020-10-20 00:00:00-04:00,149.20485618610894,149.3639773369961,147.33084955563885,147.64907836914062,75600,0.0,0.0,0.0
2020-10-21 00:00:00-04:00,147.3043486400157,148.54189778654094,147.3043486400157,147.66677856445312,63400,0.0,0.0,0.0
2020-10-22 00:00:00-04:00,148.0468450867347,148.2148010380516,147.1717260599565,147.84353637695312,84500,0.0,0.0,0.0
2020-10-23 00:00:00-04:00,148.29437681407967,148.53305180593003,147.74632130298258,148.12643432617188,52200,0.0,0.0,0.0
2020-10-26 00:00:00-04:00,147.06562311000926,147.14519041145385,144.9264240411487,146.18165588378906,95100,0.0,0.0,0.0
2020-10-27 00:00:00-04:00,146.29662306303263,147.03915253504903,145.78392028808594,145.78392028808594,132600,0.0,0.0,0.0
2020-10-28 00:00:00-04:00,143.70657605687424,144.43142225732802,141.505492537995,141.69996643066406,178200,0.0,0.0,0.0
2020-10-29 00:00:00-04:00,141.39059380703858,142.90218411213837,139.99392358902463,141.57623291015625,95900,0.0,0.0,0.0
2020-10-30 00:00:00-04:00,141.00161922380016,141.6999609445119,139.3928057510553,141.01046752929688,112200,0.0,0.0,0.0
2020-11-02 00:00:00-05:00,142.71656230181915,143.6889320297362,142.071269748715,143.2469482421875,115200,0.0,0.0,0.0
2020-11-03 00:00:00-05:00,144.60822372364734,146.80047258712491,144.60822372364734,145.52755737304688,96800,0.0,0.0,0.0
2020-11-04 00:00:00-05:00,146.42033997005962,147.78164364874863,145.44797056508867,145.6866455078125,127500,0.0,0.0,0.0
2020-11-05 00:00:00-05:00,147.28664922307806,148.09989764203294,146.45571767876453,146.83583068847656,150000,0.0,0.0,0.0
2020-11-06 00:00:00-05:00,147.17172913922096,148.21480413914023,146.88001829476775,147.48110961914062,62300,0.0,0.0,0.0
2020-11-09 00:00:00-05:00,151.5031725682693,152.5727790600869,147.1275366237415,147.18057250976562,115300,0.0,0.0,0.0
2020-11-10 00:00:00-05:00,147.18059845740126,150.53967787660648,147.18059845740126,150.2126007080078,153700,0.0,0.0,0.0
2020-11-11 00:00:00-05:00,151.25565427011654,152.09542055758328,150.13301195539668,151.57388305664062,79000,0.0,0.0,0.0
2020-11-12 00:00:00-05:00,151.23794799486666,151.32635011191852,149.78824229779352,151.0699920654297,91700,0.0,0.0,0.0
2020-11-13 00:00:00-05:00,151.55622516756728,153.25344114886497,151.21147838212048,153.13853454589844,76200,0.0,0.0,0.0
2020-11-16 00:00:00-05:00,154.62360165637918,154.69432067871094,153.38605248625922,154.69432067871094,98000,0.0,0.0,0.0
2020-11-17 00:00:00-05:00,153.56280455210728,154.4467718758066,153.16502195409677,153.7572784423828,232700,0.0,0.0,0.0
2020-11-18 00:00:00-05:00,153.89874696358186,154.35840035148206,151.51202392578125,151.51202392578125,70500,0.0,0.0,0.0
2020-11-19 00:00:00-05:00,151.07886224441498,152.15730348489978,150.83135246675664,151.96282958984375,95400,0.0,0.0,0.0
2020-11-20 00:00:00-05:00,151.82142907855794,152.2368949125947,150.94629633464066,151.03469848632812,98600,0.0,0.0,0.0
2020-11-23 00:00:00-05:00,151.33525336867518,151.61812948055453,150.38941503216384,151.16729736328125,359900,0.0,0.0,0.0
2020-11-24 00:00:00-05:00,152.22804993936867,152.731904403212,151.8125841330428,152.34295654296875,112600,0.0,0.0,0.0
2020-11-25 00:00:00-05:00,152.3076026104059,152.71422010607233,152.0424096633384,152.12196350097656,115600,0.0,0.0,0.0
2020-11-27 00:00:00-05:00,152.51090884324293,152.51090884324293,151.78606252070338,152.2810821533203,46600,0.0,0.0,0.0
2020-11-30 00:00:00-05:00,151.94517631366767,152.15733337402344,150.70762718227715,152.15733337402344,80800,0.0,0.0,0.0
2020-12-01 00:00:00-05:00,152.93521896206727,153.54515872168417,152.42251617120482,153.4479217529297,101200,0.0,0.0,0.0
2020-12-02 00:00:00-05:00,152.98827484972728,153.315338536593,151.7330290221498,152.0866241455078,77600,0.0,0.0,0.0
2020-12-03 00:00:00-05:00,151.75068527415942,152.92636356058784,151.75068527415942,152.75840759277344,74100,0.0,0.0,0.0
2020-12-04 00:00:00-05:00,152.7938244912809,154.05789184570312,152.7584582293481,154.05789184570312,76100,0.0,0.0,0.0
2020-12-07 00:00:00-05:00,153.71311471210325,153.86338757503762,152.83798199331275,153.4479217529297,63300,0.0,0.0,0.0
2020-12-08 00:00:00-05:00,152.7760971527435,154.5351972472706,152.53742216272948,154.2876739501953,89600,0.0,0.0,0.0
2020-12-09 00:00:00-05:00,154.4556508420783,154.5705709432541,153.3506913716182,153.73080444335938,91700,0.0,0.0,0.0
2020-12-10 00:00:00-05:00,153.51864393454545,153.81035484681337,152.72307852892345,153.07666015625,87900,0.0,0.0,0.0
2020-12-11 00:00:00-05:00,152.55510782461272,153.76613894411827,152.55510782461272,153.4832763671875,89600,0.0,0.0,0.0
2020-12-14 00:00:00-05:00,154.14625646689962,154.65895923383158,152.71421994951257,152.73190307617188,89200,0.0,0.0,0.0
2020-12-15 00:00:00-05:00,153.35951845383667,153.7838190550502,153.00592337926463,153.2357635498047,77500,0.0,0.0,0.0
2020-12-16 00:00:00-05:00,153.23576110979423,154.19928238214897,152.94405023601962,153.42138671875,83100,0.0,0.0,0.0
2020-12-17 00:00:00-05:00,154.17249954561802,154.62743865943165,153.94948777406182,154.56500244140625,66500,1.572,0.0,0.0
2020-12-18 00:00:00-05:00,154.6542017755235,154.96642370596297,153.7532391023297,154.5560760498047,67200,0.0,0.0,0.0
2020-12-21 00:00:00-05:00,153.20015676296435,153.34287393825818,151.6033850096294,153.18231201171875,149400,0.0,0.0,0.0
2020-12-22 00:00:00-05:00,153.37858091042443,153.37858091042443,152.07618615229387,152.32595825195312,197200,0.0,0.0,0.0
2020-12-23 00:00:00-05:00,152.59354703942063,153.43207333900602,152.53111083176856,152.95928955078125,80200,0.0,0.0,0.0
2020-12-24 00:00:00-05:00,153.1198755350477,153.6551092266142,152.64709167250587,153.61050415039062,65600,0.0,0.0,0.0
2020-12-28 00:00:00-05:00,154.2171009952788,155.07345855544165,154.1189752736395,154.60960388183594,80000,0.0,0.0,0.0
2020-12-29 00:00:00-05:00,155.0645513613376,155.55517999603717,153.9048873915638,154.12789916992188,80900,0.0,0.0,0.0
2020-12-30 00:00:00-05:00,154.40442431329234,154.57391543469822,154.02976617671206,154.21710205078125,59200,0.0,0.0,0.0
2020-12-31 00:00:00-05:00,154.14574798809085,155.39460853520384,153.61944344406174,155.14483642578125,74300,0.0,0.0,0.0
2021-01-04 00:00:00-05:00,155.22511448936672,155.22511448936672,151.78181206085415,153.59266662597656,125500,0.0,0.0,0.0
2021-01-05 00:00:00-05:00,153.32504086090788,154.05651231404954,152.34378372815544,153.7532196044922,77500,0.0,0.0,0.0
2021-01-06 00:00:00-05:00,153.40533599152315,155.01102344271004,153.2893655165169,154.14573669433594,129800,0.0,0.0,0.0
2021-01-07 00:00:00-05:00,154.5204076210287,154.68096957365844,153.25370230789932,153.7264862060547,151700,0.0,0.0,0.0
2021-01-08 00:00:00-05:00,153.97625614383693,154.5382501932245,153.0663642571044,154.51148986816406,121100,0.0,0.0,0.0
2021-01-11 00:00:00-05:00,153.81569571929631,154.51150507402153,152.95042243792295,153.0931396484375,172500,0.0,0.0,0.0
2021-01-12 00:00:00-05:00,153.14663612279557,153.55698376857922,152.17430807261115,152.65602111816406,1028600,0.0,0.0,0.0
2021-01-13 00:00:00-05:00,152.45975268142448,153.46775651338146,152.45975268142448,152.87008666992188,114300,0.0,0.0,0.0
2021-01-14 00:00:00-05:00,153.04851696564438,153.04851696564438,152.19214581939397,152.31703186035156,120100,0.0,0.0,0.0
2021-01-15 00:00:00-05:00,151.79964579874448,152.31703472431357,151.14845525947558,151.6390838623047,138900,0.0,0.0,0.0
2021-01-19 00:00:00-05:00,152.20107338970433,152.5222108934232,151.1395351520904,151.26443481445312,117200,0.0,0.0,0.0
2021-01-20 00:00:00-05:00,151.3000891134194,151.98696910057708,150.39019738083257,151.7728729248047,162700,0.0,0.0,0.0
2021-01-21 00:00:00-05:00,151.6122896065666,151.6122896065666,151.0502957316939,151.11273193359375,140600,0.0,0.0,0.0
2021-01-22 00:00:00-05:00,150.86298414307734,151.60338478577108,150.39020032244449,150.80946350097656,139500,0.0,0.0,0.0
2021-01-25 00:00:00-05:00,150.52403365254798,153.200174972076,150.41697874390698,152.43301391601562,143700,0.0,0.0,0.0
2021-01-26 00:00:00-05:00,152.71847199292074,154.24387863482846,152.07619694491322,153.96734619140625,124900,0.0,0.0,0.0
2021-01-27 00:00:00-05:00,153.18234780092504,154.96644221872148,151.16632600897677,151.6480255126953,177600,0.0,0.0,0.0
2021-01-28 00:00:00-05:00,151.8353298220529,153.6283394386907,151.21088601650902,152.04049682617188,167000,0.0,0.0,0.0
2021-01-29 00:00:00-05:00,151.38932016417115,151.51420621439686,148.78453063964844,148.78453063964844,163400,0.0,0.0,0.0
2021-02-01 00:00:00-05:00,149.58737745780698,149.8014600462319,148.45447385167802,148.97186279296875,174500,0.0,0.0,0.0
2021-02-02 00:00:00-05:00,149.61416331522938,151.22876663242863,149.35546199465367,150.2207489013672,151700,0.0,0.0,0.0
2021-02-03 00:00:00-05:00,149.94420369453002,150.90761625966925,149.42681470890565,150.63999938964844,85700,0.0,0.0,0.0
2021-02-04 00:00:00-05:00,150.74705113313482,151.7996602250963,150.54187049055184,151.67477416992188,102300,0.0,0.0,0.0
2021-02-05 00:00:00-05:00,152.7095470739404,153.58374943127788,152.70061789143494,153.0663604736328,90600,0.0,0.0,0.0
2021-02-08 00:00:00-05:00,153.55699040547012,154.11005526313807,153.10205127528118,154.09222412109375,115500,0.0,0.0,0.0
2021-02-09 00:00:00-05:00,154.0921783195304,154.4579071845551,153.69967552627975,154.16354370117188,104900,0.0,0.0,0.0
2021-02-10 00:00:00-05:00,154.74339138834557,155.05561327733787,153.68185329963978,153.93162536621094,94700,0.0,0.0,0.0
2021-02-11 00:00:00-05:00,154.288465115693,154.288465115693,153.0663513905722,153.44100952148438,90400,0.0,0.0,0.0
2021-02-12 00:00:00-05:00,153.19124093469378,153.63726447381313,152.8165827952205,153.61050415039062,78100,0.0,0.0,0.0
2021-02-16 00:00:00-05:00,153.81568469889456,153.81568469889456,152.78092034188978,153.29830932617188,150000,0.0,0.0,0.0
2021-02-17 00:00:00-05:00,152.70958325812012,153.9316837337771,152.45088191221956,153.79788208007812,110100,0.0,0.0,0.0
2021-02-18 00:00:00-05:00,152.31706643575453,153.62837696925075,152.12081495376458,153.19126892089844,105500,0.0,0.0,0.0
2021-02-19 00:00:00-05:00,153.19125979954654,153.262625207981,151.46961526008062,151.54989624023438,155600,0.0,0.0,0.0
2021-02-22 00:00:00-05:00,151.1930819622128,151.92455357433613,150.93438065664301,151.5855712890625,233200,0.0,0.0,0.0
2021-02-23 00:00:00-05:00,151.75506243169932,152.52222355361977,151.18415277898362,151.5855712890625,124200,0.0,0.0,0.0
2021-02-24 00:00:00-05:00,151.4695489082004,152.22778051899485,150.9878360151744,151.8798828125,145300,0.0,0.0,0.0
2021-02-25 00:00:00-05:00,151.4517604816126,152.45084891045255,149.66766622350755,149.87283325195312,120000,0.0,0.0,0.0
2021-02-26 00:00:00-05:00,150.37237913716044,150.37237913716044,147.74082942617446,147.81219482421875,101700,0.0,0.0,0.0
2021-03-01 00:00:00-05:00,148.8737432616126,150.55079620234002,148.8737432616126,149.27516174316406,161800,0.0,0.0,0.0
2021-03-02 00:00:00-05:00,149.4892660931206,150.1404567147256,149.04324250898247,149.15028381347656,127400,0.0,0.0,0.0
2021-03-03 00:00:00-05:00,148.7309938210463,149.3643531857622,148.35633571110225,148.36526489257812,93500,0.0,0.0,0.0
2021-03-04 00:00:00-05:00,148.5258252391556,150.2742433451701,146.8130966355504,147.62486267089844,132500,0.0,0.0,0.0
2021-03-05 00:00:00-05:00,148.25825258844702,151.43393867116467,147.76762387082243,150.9879150390625,115300,0.0,0.0,0.0
2021-03-08 00:00:00-05:00,151.39823089004727,153.20908536614903,151.18413469155809,151.73721313476562,124200,0.0,0.0,0.0
2021-03-09 00:00:00-05:00,152.33487409404455,153.00390936201964,151.75503536153172,151.82640075683594,1272200,0.0,0.0,0.0
2021-03-10 00:00:00-05:00,152.1029334683551,154.49362657549887,151.81748549811016,153.91378784179688,150300,0.0,0.0,0.0
2021-03-11 00:00:00-05:00,154.06547471745333,154.6185396143255,153.5123962090214,153.9584197998047,110900,0.0,0.0,0.0
2021-03-12 00:00:00-05:00,154.1368125534953,155.08239391402395,154.1368125534953,154.98426818847656,101300,0.0,0.0,0.0
2021-03-15 00:00:00-04:00,155.28755893215964,155.68006182928437,154.80584588148534,155.55517578125,126300,0.0,0.0,0.0
2021-03-16 00:00:00-04:00,155.5819541062702,156.07258278444323,155.51058869748505,155.6176300048828,98400,0.0,0.0,0.0
2021-03-17 00:00:00-04:00,155.61761653180756,155.9922746868225,154.81477957271247,155.40353393554688,91400,0.0,0.0,0.0
2021-03-18 00:00:00-04:00,155.01994534035714,155.21619679304317,153.8870417019531,154.30630493164062,82700,0.0,0.0,0.0
2021-03-19 00:00:00-04:00,154.2438818533695,155.39461673165178,154.2438818533695,154.94859313964844,82100,0.0,0.0,0.0
2021-03-22 00:00:00-04:00,155.0556127073757,156.43827463811328,154.94855781384106,156.34014892578125,129800,0.0,0.0,0.0
2021-03-23 00:00:00-04:00,156.1706864643404,157.44630723587642,155.97443502078747,156.69699096679688,99600,0.0,0.0,0.0
2021-03-24 00:00:00-04:00,156.5542901859815,157.0538344611469,155.84957885742188,155.84957885742188,61400,0.0,0.0,0.0
2021-03-25 00:00:00-04:00,155.92090582899826,157.69608444915465,155.50165621675876,157.4641571044922,91700,0.0,0.0,0.0
2021-03-26 00:00:00-04:00,157.85879875997372,160.55853806181034,157.60766085682565,160.3522491455078,72500,0.96,0.0,0.0
2021-03-29 00:00:00-04:00,159.99351302451305,161.88602564304222,159.99351302451305,161.6348876953125,101700,0.0,0.0,0.0
2021-03-30 00:00:00-04:00,161.55411199878807,161.55411199878807,160.08315567935875,160.37017822265625,93500,0.0,0.0,0.0
2021-03-31 00:00:00-04:00,160.50475020491086,160.98909744206824,159.64370973928442,159.8589630126953,141400,0.0,0.0,0.0
2021-04-01 00:00:00-04:00,159.3207845550766,159.9665716192537,158.24446365745564,159.40150451660156,161200,0.0,0.0,0.0
2021-04-05 00:00:00-04:00,159.7602836150672,161.9756895569407,159.7602836150672,161.32093811035156,127500,0.0,0.0,0.0
2021-04-06 00:00:00-04:00,161.12359266357888,162.45103771789888,160.99802372176464,161.8680419921875,117800,0.0,0.0,0.0
2021-04-07 00:00:00-04:00,162.02054158844322,162.2806438328797,161.18640785553535,161.4375457763672,192100,0.0,0.0,0.0
2021-04-08 00:00:00-04:00,161.44650171346825,161.71558195352193,161.04288819638248,161.5272216796875,106700,0.0,0.0,0.0
2021-04-09 00:00:00-04:00,161.54515652975869,161.6796898005597,160.38812934290362,161.35679626464844,82900,0.0,0.0,0.0
2021-04-12 00:00:00-04:00,161.35681770572756,162.2178718112373,161.35681770572756,162.128173828125,109600,0.0,0.0,0.0
2021-04-13 00:00:00-04:00,161.5541154377276,161.85010230955817,161.16844428369862,161.38369750976562,81700,0.0,0.0,0.0
2021-04-14 00:00:00-04:00,161.25812508883158,161.4913343266936,160.7379206797274,161.24916076660156,163900,0.0,0.0,0.0
2021-04-15 00:00:00-04:00,161.76041222239937,162.71115043271274,161.76041222239937,162.45103454589844,161700,0.0,0.0,0.0
2021-04-16 00:00:00-04:00,163.1416830337557,163.8502477416426,162.80084716399318,163.63499450683594,82700,0.0,0.0,0.0
2021-04-19 00:00:00-04:00,163.52739124203313,163.6888311911926,162.5228258208517,162.9443817138672,87200,0.0,0.0,0.0
2021-04-20 00:00:00-04:00,161.993628891,163.9130478920639,161.50929540059624,163.56324768066406,193200,0.0,0.0,0.0
2021-04-21 00:00:00-04:00,163.77847425809648,164.84580327584717,163.77847425809648,164.415283203125,140500,0.0,0.0,0.0
2021-04-22 00:00:00-04:00,164.28076548108086,164.33457878450795,163.00713378468487,163.1954803466797,105400,0.0,0.0,0.0
2021-04-23 00:00:00-04:00,163.29416970326727,163.55428562760497,162.37930233537287,163.06097412109375,111800,0.0,0.0,0.0
2021-04-26 00:00:00-04:00,162.98022751146442,163.05196945887542,161.19534205639064,161.27606201171875,110400,0.0,0.0,0.0
2021-04-27 00:00:00-04:00,161.06977651660287,161.60792324946144,160.73791868037404,161.23121643066406,113600,0.0,0.0,0.0
2021-04-28 00:00:00-04:00,161.6886564582921,162.1909322153398,161.11462506652498,161.21328735351562,63700,0.0,0.0,0.0
2021-04-29 00:00:00-04:00,161.35678721274954,163.11476607319912,161.0518360253821,162.82774353027344,104300,0.0,0.0,0.0
2021-04-30 00:00:00-04:00,162.63940977028471,162.9443609816684,162.25372490860244,162.79188537597656,86000,0.0,0.0,0.0
2021-05-03 00:00:00-04:00,163.240330006914,164.86376186832362,162.87258751731633,164.33457946777344,135700,0.0,0.0,0.0
2021-05-04 00:00:00-04:00,164.0386335265289,164.32565613224003,162.7919081657023,163.3210906982422,108700,0.0,0.0,0.0
2021-05-05 00:00:00-04:00,163.50045423855533,163.50045423855533,162.72013385847717,163.18653869628906,83000,0.0,0.0,0.0
2021-05-06 00:00:00-04:00,163.93094852542177,165.428811289942,163.3838238533287,165.3570556640625,79300,0.0,0.0,0.0
2021-05-07 00:00:00-04:00,165.36602854115978,165.93109557045608,164.98932175029125,165.6261444091797,94700,0.0,0.0,0.0
2021-05-10 00:00:00-04:00,165.9490487902287,167.78774757198474,165.9490487902287,166.63070678710938,91900,0.0,0.0,0.0
2021-05-11 00:00:00-04:00,166.46926410123314,166.60379735956454,164.47808976200295,165.29428100585938,130500,0.0,0.0,0.0
2021-05-12 00:00:00-04:00,164.73822092350798,164.8637898820259,162.7918952234854,162.8188018798828,111300,0.0,0.0,0.0
2021-05-13 00:00:00-04:00,163.02508114451706,165.96699401483616,162.79188557423186,165.33018493652344,120900,0.0,0.0,0.0
2021-05-14 00:00:00-04:00,166.1284461158289,166.8728954925574,165.9131791933808,166.27195739746094,112300,0.0,0.0,0.0
2021-05-17 00:00:00-04:00,166.29884906116925,166.89978710209473,165.66202636007597,165.9311065673828,80800,0.0,0.0,0.0
2021-05-18 00:00:00-04:00,166.4064837525628,166.68452829542312,165.41986083984375,165.41986083984375,125900,0.0,0.0,0.0
2021-05-19 00:00:00-04:00,164.62162639849913,164.8368933488888,163.52739037049332,164.68441772460938,104400,0.0,0.0,0.0
2021-05-20 00:00:00-04:00,164.8368483477523,166.4961647997773,164.40632825049764,166.0028533935547,66400,0.0,0.0,0.0
2021-05-21 00:00:00-04:00,166.6127482849421,167.0522463701328,165.80552142788375,166.01181030273438,57800,0.0,0.0,0.0
2021-05-24 00:00:00-04:00,166.3795689100487,167.1957738534898,166.05667539868674,166.63070678710938,75700,0.0,0.0,0.0
2021-05-25 00:00:00-04:00,166.79217462311448,166.82804560033313,165.8683293063683,166.5320587158203,81300,0.0,0.0,0.0
2021-05-26 00:00:00-04:00,166.63970260588394,166.80115623507535,166.1194981093538,166.55001831054688,89500,0.0,0.0,0.0
2021-05-27 00:00:00-04:00,166.72933658558628,167.24955456841317,165.35704285119226,165.39291381835938,95500,0.0,0.0,0.0
2021-05-28 00:00:00-04:00,165.7786407470703,166.29885886226,165.67101413219956,165.7786407470703,52300,0.0,0.0,0.0
2021-06-01 00:00:00-04:00,166.1912436411778,166.5679642220533,164.96246064934004,165.44680786132812,95400,0.0,0.0,0.0
2021-06-02 00:00:00-04:00,165.8683271734308,166.34370999589095,165.2584247666332,166.1553497314453,60400,0.0,0.0,0.0
2021-06-03 00:00:00-04:00,165.75172732634545,167.10607902346771,165.61718037726138,166.92669677734375,66100,0.0,0.0,0.0
2021-06-04 00:00:00-04:00,167.34824297117694,167.78774108202742,167.0612204450736,167.43792724609375,66600,0.0,0.0,0.0
2021-06-07 00:00:00-04:00,167.70699852904474,167.76978983553767,166.60378483569482,167.33029174804688,67100,0.0,0.0,0.0
2021-06-08 00:00:00-04:00,167.5276602528614,167.59045157582736,166.09257469410733,166.2540283203125,101800,0.0,0.0,0.0
2021-06-09 00:00:00-04:00,166.07461794430614,166.4782314125355,165.23150634765625,165.23150634765625,96500,0.0,0.0,0.0
2021-06-10 00:00:00-04:00,165.6979131020319,166.48719771779705,165.617179458634,166.12843322753906,56500,0.0,0.0,0.0
2021-06-11 00:00:00-04:00,166.63070557720692,166.63070557720692,165.43779382683653,166.17327880859375,59800,0.0,0.0,0.0
2021-06-14 00:00:00-04:00,166.11947571213562,166.11947571213562,165.05213283379985,166.0387420654297,89200,0.0,0.0,0.0
2021-06-15 00:00:00-04:00,166.08360657854223,166.37062915813587,165.3929704716362,165.51853942871094,93900,0.0,0.0,0.0
2021-06-16 00:00:00-04:00,165.39292478179996,165.59024932926218,163.23134645257767,163.41969299316406,103900,0.0,0.0,0.0
2021-06-17 00:00:00-04:00,163.0968198798343,163.9937447762513,162.82773967371162,163.733642578125,102600,0.0,0.0,0.0
2021-06-18 00:00:00-04:00,162.66634788209012,162.66634788209012,160.7827995680222,160.87249755859375,123900,0.0,0.0,0.0
2021-06-21 00:00:00-04:00,161.79524410501935,162.7514359156783,161.62384863622327,162.6071014404297,904500,1.023,0.0,0.0
2021-06-22 00:00:00-04:00,162.74246202773813,163.51824282610283,162.42673200249212,163.09426879882812,73100,0.0,0.0,0.0
2021-06-23 00:00:00-04:00,163.01307491930547,163.01307491930547,162.15609741210938,162.15609741210938,95600,0.0,0.0,0.0
2021-06-24 00:00:00-04:00,162.45376948420616,163.0671841907224,162.1380532691638,162.81460571289062,102900,0.0,0.0,0.0
2021-06-25 00:00:00-04:00,163.21154460094874,164.2759945287598,162.7875842964667,164.10459899902344,62900,0.0,0.0,0.0
2021-06-28 00:00:00-04:00,164.24891917738748,164.55561969617713,163.78886839920298,164.15870666503906,53900,0.0,0.0,0.0
2021-06-29 00:00:00-04:00,164.3571603103356,164.51051056705234,163.24761800321033,163.39195251464844,62600,0.0,0.0,0.0
2021-06-30 00:00:00-04:00,163.62649618735324,164.64583981308436,163.62649618735324,164.63681030273438,65100,0.0,0.0,0.0
2021-07-01 00:00:00-04:00,164.91644598958763,164.99762898708462,163.92416347186006,164.0233917236328,75200,0.0,0.0,0.0
2021-07-02 00:00:00-04:00,164.5285592668072,164.8984112984247,164.26696500328322,164.3120574951172,59000,0.0,0.0,0.0
2021-07-06 00:00:00-04:00,164.28496264105482,164.30300789276808,162.9138263297167,163.64450073242188,77100,0.0,0.0,0.0
2021-07-07 00:00:00-04:00,163.45510722990235,164.9615627176288,163.45510722990235,164.45640563964844,59100,0.0,0.0,0.0
2021-07-08 00:00:00-04:00,163.45505186671494,164.31201545978,163.23856391490511,163.96923828125,66100,0.0,0.0,0.0
2021-07-09 00:00:00-04:00,164.6458284709762,165.2141232394807,164.6458284709762,164.89840698242188,105900,0.0,0.0,0.0
2021-07-12 00:00:00-04:00,164.6638512985167,164.80818580160553,164.0233893083656,164.71798706054688,113600,0.0,0.0,0.0
2021-07-13 00:00:00-04:00,164.32109105354263,165.3133598947843,164.02340627182096,164.22186279296875,508700,0.0,0.0,0.0
2021-07-14 00:00:00-04:00,164.51954608565632,165.7824386956236,164.3391210575206,165.57496643066406,92400,0.0,0.0,0.0
2021-07-15 00:00:00-04:00,165.2051060734152,166.2515106201172,164.8172225643512,166.2515106201172,117400,0.0,0.0,0.0
2021-07-16 00:00:00-04:00,166.68450885084735,167.04533137828156,166.08012354692164,166.17935180664062,85300,0.0,0.0,0.0
2021-07-19 00:00:00-04:00,165.52984550019377,166.52212800899056,164.29401400109802,165.72830200195312,112600,0.0,0.0,0.0
2021-07-20 00:00:00-04:00,165.88167454248935,167.37008474120688,165.45770048307327,166.05307006835938,422600,0.0,0.0,0.0
2021-07-21 00:00:00-04:00,166.89197439745982,167.04532465367092,165.67418809302,165.75537109375,84600,0.0,0.0,0.0
2021-07-22 00:00:00-04:00,165.2231641869998,165.62007723660457,164.4293380877903,165.24119567871094,69800,0.0,0.0,0.0
2021-07-23 00:00:00-04:00,165.34042720647838,167.21673471880376,164.94352791353262,166.9100341796875,877200,0.0,0.0,0.0
2021-07-26 00:00:00-04:00,166.81981400112338,167.5234413298709,166.54920398756332,167.38812255859375,117200,0.0,0.0,0.0
2021-07-27 00:00:00-04:00,167.18962461259602,168.1368007188555,166.8829241635577,167.5504608154297,77300,0.0,0.0,0.0
2021-07-28 00:00:00-04:00,167.37911224221884,167.51441725338773,165.98090081398414,166.296630859375,73900,0.0,0.0,0.0
2021-07-29 00:00:00-04:00,166.99120122173176,167.67678326067696,166.57625671189314,167.1084747314453,62100,0.0,0.0,0.0
2021-07-30 00:00:00-04:00,167.2528013787822,168.20899337289146,167.15357312857302,167.333984375,73600,0.0,0.0,0.0
2021-08-02 00:00:00-04:00,167.37911208863673,167.58658436040452,166.5131187244577,166.6484375,88300,0.0,0.0,0.0
2021-08-03 00:00:00-04:00,166.74763943531315,167.74893765244292,166.37778744418966,167.37005615234375,96100,0.0,0.0,0.0
2021-08-04 00:00:00-04:00,166.79273413968667,166.79273413968667,165.0788066799553,165.11488342285156,129100,0.0,0.0,0.0
2021-08-05 00:00:00-04:00,165.98990202608525,166.25151004410256,165.76438451755132,166.09815979003906,63400,0.0,0.0,0.0
2021-08-06 00:00:00-04:00,166.53112927760966,166.72958576211764,165.89065357497128,166.13421630859375,76200,0.0,0.0,0.0
2021-08-09 00:00:00-04:00,166.7115668035327,166.91903906478848,166.40486628437253,166.72059631347656,59200,0.0,0.0,0.0
2021-08-10 00:00:00-04:00,167.0543462735926,167.93837102361522,166.89196651530509,167.8932647705078,59400,0.0,0.0,0.0
2021-08-11 00:00:00-04:00,168.57883787959437,169.01182760466662,168.34429088162156,168.4164581298828,106400,0.0,0.0,0.0
2021-08-12 00:00:00-04:00,168.57883915141616,168.59687064024612,168.0736821742716,168.37135314941406,44100,0.0,0.0,0.0
2021-08-13 00:00:00-04:00,168.6690511814024,169.76957772455197,168.6690511814024,169.5711212158203,92000,0.0,0.0,0.0
2021-08-16 00:00:00-04:00,169.53505616773649,170.57243127309127,169.3365996453125,170.56341552734375,118700,0.0,0.0,0.0
2021-08-17 00:00:00-04:00,170.11238139761315,171.1046502505939,169.7515450983041,170.61753845214844,169400,0.0,0.0,0.0
2021-08-18 00:00:00-04:00,170.30178605672629,170.49122680955944,168.3262643558712,168.38038635253906,79700,0.0,0.0,0.0
2021-08-19 00:00:00-04:00,167.41514823185375,169.8417184476975,167.243752749769,169.48089599609375,92700,0.0,0.0,0.0
2021-08-20 00:00:00-04:00,169.48092234917613,170.36494712821087,169.00282633243822,169.9229278564453,88600,0.0,0.0,0.0
2021-08-23 00:00:00-04:00,169.92293886272083,170.1935626432797,169.39973655750623,169.5531005859375,65900,0.0,0.0,0.0
2021-08-24 00:00:00-04:00,169.58913330276616,169.58913330276616,168.15484553203507,168.35330200195312,66900,0.0,0.0,0.0
2021-08-25 00:00:00-04:00,168.3533525343251,168.61494681528524,167.61364842178645,168.27215576171875,74700,0.0,0.0,0.0
2021-08-26 00:00:00-04:00,168.01053188732575,168.01053188732575,166.97315692777934,167.37005615234375,86600,0.0,0.0,0.0
2021-08-27 00:00:00-04:00,167.63169057145475,168.45257767688724,167.30694478054176,168.20901489257812,54900,0.0,0.0,0.0
2021-08-30 00:00:00-04:00,168.1819700563219,169.01187298742735,168.17294054505516,168.86753845214844,73100,0.0,0.0,0.0
2021-08-31 00:00:00-04:00,168.93068043466906,169.35465450530018,168.61495037713587,169.2373809814453,137900,0.0,0.0,0.0
2021-09-01 00:00:00-04:00,169.48994489185984,170.20257419073974,169.06597085782474,169.99510192871094,120200,0.0,0.0,0.0
2021-09-02 00:00:00-04:00,170.4912537972577,171.01445612202608,170.24769100920224,170.68069458007812,153300,0.0,0.0,0.0
2021-09-03 00:00:00-04:00,170.05822619066063,170.6445661363734,169.80564771270792,170.45513916015625,53800,0.0,0.0,0.0
2021-09-07 00:00:00-04:00,170.3468947744196,170.3468947744196,168.57884529003206,168.64198303222656,121200,0.0,0.0,0.0
2021-09-08 00:00:00-04:00,168.2360649545849,169.97705355064176,168.2360649545849,169.9319610595703,111200,0.0,0.0,0.0
2021-09-09 00:00:00-04:00,169.48089242066922,169.56207540589327,168.66902127494694,168.76824951171875,74800,0.0,0.0,0.0
2021-09-10 00:00:00-04:00,169.138116004483,169.138116004483,167.75795007904603,168.01052856445312,70000,0.0,0.0,0.0
2021-09-13 00:00:00-04:00,168.73217907519305,169.67935523166534,168.02856564798375,168.33526611328125,63700,0.0,0.0,0.0
2021-09-14 00:00:00-04:00,168.885555323541,168.885555323541,167.0814152292949,167.31594848632812,86200,0.0,0.0,0.0
2021-09-15 00:00:00-04:00,167.24377004759882,168.34429653265894,167.02728206004318,168.1819305419922,48700,0.0,0.0,0.0
2021-09-16 00:00:00-04:00,167.83014980683657,168.3984446267361,166.31466483660967,167.76699829101562,75900,0.0,0.0,0.0
2021-09-17 00:00:00-04:00,167.55951473328673,167.71286499274314,166.97317469627723,167.07240295410156,67300,0.0,0.0,0.0
2021-09-20 00:00:00-04:00,165.4757031123793,166.46797173441254,163.87001980653977,165.15997314453125,145400,0.0,0.0,0.0
2021-09-21 00:00:00-04:00,165.73730890429138,166.792729099432,164.71797921545198,164.94349670410156,60200,0.0,0.0,0.0
2021-09-22 00:00:00-04:00,166.01696605378407,166.49507584393245,165.3404135158433,165.55691528320312,89000,0.0,0.0,0.0
2021-09-23 00:00:00-04:00,165.78241673824922,166.8829431945295,165.70123374503885,166.10716247558594,49600,0.0,0.0,0.0
2021-09-24 00:00:00-04:00,165.76437173085432,166.7386089443099,165.76437173085432,166.3597412109375,77700,0.0,0.0,0.0
2021-09-27 00:00:00-04:00,166.08913851010428,166.93708658652687,165.76439273114448,165.77342224121094,40700,0.0,0.0,0.0
2021-09-28 00:00:00-04:00,165.47573608499727,165.55691908793668,163.41901742355068,163.86102294921875,88300,0.0,0.0,0.0
2021-09-29 00:00:00-04:00,164.26114328210573,166.2117671403396,164.0524751765064,165.52224731445312,62800,1.041,0.0,0.0
2021-09-30 00:00:00-04:00,165.93955939882264,165.93955939882264,162.56451629261056,162.60081481933594,141800,0.0,0.0,0.0
2021-10-01 00:00:00-04:00,163.30850351608555,163.84378917731271,161.51211385368194,163.02725219726562,141900,0.0,0.0,0.0
2021-10-04 00:00:00-04:00,162.9909636132822,163.9254501107036,161.36695726493684,162.48289489746094,204400,0.0,0.0,0.0
2021-10-05 00:00:00-04:00,163.00908055044604,163.9707838352071,162.65524606182962,163.3629150390625,83600,0.0,0.0,0.0
2021-10-06 00:00:00-04:00,162.35587924096757,164.82365346424118,162.35587924096757,164.78736877441406,54800,0.0,0.0,0.0
2021-10-07 00:00:00-04:00,165.64924708567258,166.9375679597543,165.41336202776992,165.48593139648438,64900,0.0,0.0,0.0
2021-10-08 00:00:00-04:00,165.4859374073965,165.86700274806623,165.13210288577415,165.23190307617188,66600,0.0,0.0,0.0
2021-10-11 00:00:00-04:00,165.37707553199505,166.030310648611,164.97787475585938,164.97787475585938,68600,0.0,0.0,0.0
2021-10-12 00:00:00-04:00,165.37708522098256,166.36600566463562,164.7964332881755,165.11398315429688,71500,0.0,0.0,0.0
2021-10-13 00:00:00-04:00,165.5041123396645,165.73999744271782,164.12505872497715,165.40431213378906,70400,0.0,0.0,0.0
2021-10-14 00:00:00-04:00,166.28433124282478,167.53636742014186,166.07566316121597,167.20066833496094,62100,0.0,0.0,0.0
2021-10-15 00:00:00-04:00,168.0353679332057,168.0353679332057,166.42041570074812,166.7651824951172,62000,0.0,0.0,0.0
2021-10-18 00:00:00-04:00,166.10287475585938,166.76517750706662,165.15930687649268,166.10287475585938,83000,0.0,0.0,0.0
2021-10-19 00:00:00-04:00,165.80346467516327,166.24803161621094,165.1048634374686,166.24803161621094,92000,0.0,0.0,0.0
2021-10-20 00:00:00-04:00,166.52022893049008,167.67246500943122,166.52022893049008,167.2097625732422,120600,0.0,0.0,0.0
2021-10-21 00:00:00-04:00,167.43657352221916,167.43657352221916,166.82870467464778,167.02830505371094,55900,0.0,0.0,0.0
2021-10-22 00:00:00-04:00,167.48193952192227,168.49807683654652,167.48193952192227,168.26219177246094,55100,0.0,0.0,0.0
2021-10-25 00:00:00-04:00,167.99907829875673,168.70674734499428,167.2551245666905,168.4527130126953,75500,0.0,0.0,0.0
2021-10-26 00:00:00-04:00,168.54344062910164,168.99707532994898,168.29847401437098,168.62509155273438,93000,0.0,0.0,0.0
2021-10-27 00:00:00-04:00,169.35092909514617,169.35092909514617,167.50009155273438,167.50009155273438,66700,0.0,0.0,0.0
2021-10-28 00:00:00-04:00,167.5000866971429,168.5706718806079,167.5000866971429,168.5071563720703,50900,0.0,0.0,0.0
2021-10-29 00:00:00-04:00,168.1079574453995,169.00615922286156,168.1079574453995,168.4617919921875,54400,0.0,0.0,0.0
2021-11-01 00:00:00-04:00,169.00612647210139,169.3145947159179,168.2984575156606,168.9063262939453,99000,0.0,0.0,0.0
2021-11-02 00:00:00-04:00,168.90635851364158,170.16746254517648,168.5615916790036,169.89527893066406,63600,0.0,0.0,0.0
2021-11-03 00:00:00-04:00,170.10396697146163,171.63724082858243,169.91343428132976,171.59188842773438,76500,0.0,0.0,0.0
2021-11-04 00:00:00-04:00,171.31965671585328,172.06361031325264,171.11098866148683,171.95474243164062,142100,0.0,0.0,0.0
2021-11-05 00:00:00-04:00,172.38123082544283,173.21591722923202,172.38123082544283,172.92559814453125,508300,0.0,0.0,0.0
2021-11-08 00:00:00-05:00,172.97091346634218,173.22494780242897,170.92048951254662,171.62815856933594,116500,0.0,0.0,0.0
2021-11-09 00:00:00-05:00,171.82772927390184,172.22692997417883,171.02932787334782,171.9456787109375,70000,0.0,0.0,0.0
2021-11-10 00:00:00-05:00,172.0999350740909,172.77130557149357,171.8640361695268,172.363037109375,96400,0.0,0.0,0.0
2021-11-11 00:00:00-05:00,172.44470773000302,172.44470773000302,171.8731235573368,172.30860900878906,268800,0.0,0.0,0.0
2021-11-12 00:00:00-05:00,172.716896780022,173.18868081403704,172.18161107741264,172.299560546875,164200,0.0,0.0,0.0
2021-11-15 00:00:00-05:00,172.6352142470617,173.33381553674127,172.41746461494765,173.2158660888672,91300,0.0,0.0,0.0
2021-11-16 00:00:00-05:00,173.1432558199385,173.54245649451258,172.29042053222656,172.29042053222656,68300,0.0,0.0,0.0
2021-11-17 00:00:00-05:00,172.27230464116838,172.37210482112357,171.51926943674846,171.88217163085938,417200,0.0,0.0,0.0
2021-11-18 00:00:00-05:00,171.47392289259696,171.52835684358135,170.44870400294803,171.27432250976562,106900,0.0,0.0,0.0
2021-11-19 00:00:00-05:00,171.57369302653305,171.57369302653305,170.45775569535215,170.47589111328125,80500,0.0,0.0,0.0
2021-11-22 00:00:00-05:00,170.83882197334825,172.9799782006162,170.74808950049714,172.10899353027344,92300,0.0,0.0,0.0
2021-11-23 00:00:00-05:00,172.118084854055,173.23402234554433,171.69166712634654,173.0797882080078,105100,0.0,0.0,0.0
2021-11-24 00:00:00-05:00,172.84389920094117,172.85298075556085,171.8096125741235,172.53543090820312,68700,0.0,0.0,0.0
2021-11-26 00:00:00-05:00,171.02936578793768,171.83683507656312,169.62310915998538,169.89527893066406,92600,0.0,0.0,0.0
2021-11-29 00:00:00-05:00,170.4759092207232,171.24709372336784,169.66844003453582,170.54849243164062,78800,0.0,0.0,0.0
2021-11-30 00:00:00-05:00,169.91342486406555,169.91342486406555,165.86701078922434,166.0484619140625,175500,0.0,0.0,0.0
2021-12-01 00:00:00-05:00,167.1462408294761,168.55251119469224,164.95973205566406,164.95973205566406,248300,0.0,0.0,0.0
2021-12-02 00:00:00-05:00,165.39524079609393,167.82671653126857,165.39524079609393,166.96481323242188,98700,0.0,0.0,0.0
2021-12-03 00:00:00-05:00,167.83578210922713,168.62510210808387,167.1281130391142,168.59788513183594,85400,0.0,0.0,0.0
2021-12-06 00:00:00-05:00,169.65936947717418,172.13621094139694,169.64122021379143,171.51019287109375,377400,0.0,0.0,0.0
2021-12-07 00:00:00-05:00,172.2813787812837,172.8620306198335,171.80052712641432,172.06362915039062,80100,0.0,0.0,0.0
2021-12-08 00:00:00-05:00,172.0727307322981,172.60801639623685,170.15839159985327,171.53744506835938,511000,0.0,0.0,0.0
2021-12-09 00:00:00-05:00,171.08381573382172,172.1543870954886,170.94771700293998,171.6009521484375,49200,0.0,0.0,0.0
2021-12-10 00:00:00-05:00,172.50817251149158,174.54952829878937,172.50817251149158,174.39529418945312,92600,0.0,0.0,0.0
2021-12-13 00:00:00-05:00,174.30458858939585,176.8721625921348,174.059635824729,176.3550262451172,118300,0.0,0.0,0.0
2021-12-14 00:00:00-05:00,176.01025732345727,176.4729597171776,175.42960548191667,176.3187255859375,92800,0.0,0.0,0.0
2021-12-15 00:00:00-05:00,176.36410052356754,178.4145244118221,176.35503281322323,178.2058563232422,122200,0.0,0.0,0.0
2021-12-16 00:00:00-05:00,178.31088818440378,179.75359369233834,177.9821702973699,178.95005798339844,148800,1.255,0.0,0.0
2021-12-17 00:00:00-05:00,178.6121905159465,179.0870082752231,176.4755314984841,176.56683349609375,360900,0.0,0.0,0.0
2021-12-20 00:00:00-05:00,175.2245738314787,176.54858518691702,174.89585598085722,176.5303192138672,174500,0.0,0.0,0.0
2021-12-21 00:00:00-05:00,176.70383963166555,176.80428160036033,175.58985195445342,176.7220916748047,185000,0.0,0.0,0.0
2021-12-22 00:00:00-05:00,176.502924099914,177.66256954310998,175.8546144302314,177.62603759765625,88400,0.0,0.0,0.0
2021-12-23 00:00:00-05:00,178.07342283290802,178.51170854860638,177.84514699077425,178.10081481933594,111700,0.0,0.0,0.0
2021-12-27 00:00:00-05:00,178.16476702673356,179.90879821777344,178.16476702673356,179.90879821777344,68400,0.0,0.0,0.0
2021-12-28 00:00:00-05:00,179.7992205176171,181.0227759112914,179.6896386190172,180.90406799316406,140300,0.0,0.0,0.0
2021-12-29 00:00:00-05:00,181.15976666773304,182.0820103123988,180.92236472397158,181.43370056152344,251300,0.0,0.0,0.0
2021-12-30 00:00:00-05:00,182.08200370115316,182.34679763139357,181.21455801302702,181.34239196777344,77100,0.0,0.0,0.0
2021-12-31 00:00:00-05:00,181.34236750660153,182.74854081913423,181.18712764484042,182.51113891601562,82600,0.0,0.0,0.0
2022-01-03 00:00:00-05:00,181.66195560004687,182.6207171516641,180.27403424849481,182.55679321289062,243100,0.0,0.0,0.0
2022-01-04 00:00:00-05:00,182.68465516413616,184.06343666902228,182.68465516413616,183.46078491210938,141600,0.0,0.0,0.0
2022-01-05 00:00:00-05:00,183.3968727400516,184.94000619708035,183.13206488050318,183.14120483398438,170600,0.0,0.0,0.0
2022-01-06 00:00:00-05:00,183.04989650025573,184.00865815426312,182.62073665448918,182.69378662109375,159600,0.0,0.0,0.0
2022-01-07 00:00:00-05:00,182.65722934417914,183.86253272674296,182.4198274352747,183.15943908691406,189000,0.0,0.0,0.0
2022-01-10 00:00:00-05:00,182.96769229901076,183.15943624053142,181.15061123366434,181.78065490722656,392800,0.0,0.0,0.0
2022-01-11 00:00:00-05:00,181.7258824479178,181.8171844482422,179.69879134045593,181.8171844482422,146900,0.0,0.0,0.0
2022-01-12 00:00:00-05:00,181.66196051884572,181.83545243409418,181.1141067122697,181.6254425048828,268400,0.0,0.0,0.0
2022-01-13 00:00:00-05:00,181.78065596383826,182.5385335804376,181.48845614077877,182.1276397705078,145000,0.0,0.0,0.0
2022-01-14 00:00:00-05:00,181.67109383633732,182.52939949524188,180.80363429177947,182.4015655517578,118200,0.0,0.0,0.0
2022-01-18 00:00:00-05:00,181.26017600519532,181.43366790446353,179.20569307084793,179.8722686767578,260500,0.0,0.0,0.0
2022-01-19 00:00:00-05:00,180.05490335840724,181.6802266720454,180.05490335840724,180.3836212158203,394800,0.0,0.0,0.0
2022-01-20 00:00:00-05:00,180.24665985640215,181.68023931380029,178.8313603065586,178.99571228027344,154400,0.0,0.0,0.0
2022-01-21 00:00:00-05:00,179.4157481341007,181.18715757992078,178.53003644476243,178.80397033691406,221700,0.0,0.0,0.0
2022-01-24 00:00:00-05:00,177.90908707162737,178.93177249169474,174.8593246487919,178.8130645751953,311200,0.0,0.0,0.0
2022-01-25 00:00:00-05:00,177.56209452639058,177.56209452639058,174.38448464069057,176.4115753173828,215400,0.0,0.0,0.0
2022-01-26 00:00:00-05:00,175.98245659459064,177.49821194606696,173.86406344352423,175.2337188720703,1061400,0.0,0.0,0.0
2022-01-27 00:00:00-05:00,176.302053605591,178.6030786942404,175.2245840584461,175.69940185546875,182900,0.0,0.0,0.0
2022-01-28 00:00:00-05:00,175.10588866925892,177.84519958496094,173.3618573757099,177.84519958496094,243000,0.0,0.0,0.0
2022-01-31 00:00:00-05:00,177.1421046543243,178.7948199994196,176.77686877457108,178.7400360107422,834400,0.0,0.0,0.0
2022-02-01 00:00:00-05:00,178.79480840542544,178.99569230612008,176.90469125434126,178.69436645507812,127800,0.0,0.0,0.0
2022-02-02 00:00:00-05:00,178.94092362825228,180.77625695121262,178.94092362825228,180.46580505371094,412800,0.0,0.0,0.0
2022-02-03 00:00:00-05:00,179.78096159261946,181.21454088730425,179.44311772975823,180.29229736328125,195700,0.0,0.0,0.0
2022-02-04 00:00:00-05:00,179.20569897102303,179.87227459887927,177.0690399928393,178.02780151367188,113400,0.0,0.0,0.0
2022-02-07 00:00:00-05:00,178.98655052560952,179.37917833966867,177.73558926637244,178.52999877929688,115300,0.0,0.0,0.0
2022-02-08 00:00:00-05:00,179.00482705450926,179.93619664561223,178.2834813270993,179.48878479003906,206100,0.0,0.0,0.0
2022-02-09 00:00:00-05:00,180.4475205146771,180.75798631309343,179.507024965393,179.7900848388672,241900,0.0,0.0,0.0
2022-02-10 00:00:00-05:00,178.63043246733696,179.61658586575035,177.36121922854483,177.918212890625,221900,0.0,0.0,0.0
2022-02-11 00:00:00-05:00,178.10997543643927,179.05961092658674,176.92293804018212,177.3429718017578,163900,0.0,0.0,0.0
2022-02-14 00:00:00-05:00,177.42513389054383,178.0460514982515,174.88670734620936,176.9685821533203,119700,0.0,0.0,0.0
2022-02-15 00:00:00-05:00,177.94563557090655,179.17831708189186,176.83164805460981,177.55299377441406,91500,0.0,0.0,0.0
2022-02-16 00:00:00-05:00,177.4799526795691,178.3291463224441,176.35683908691766,177.98216247558594,93700,0.0,0.0,0.0
2022-02-17 00:00:00-05:00,177.15124014763518,179.516189270565,177.01428016861797,178.97744750976562,83300,0.0,0.0,0.0
2022-02-18 00:00:00-05:00,178.58479341234522,179.84488076584665,178.19215164201103,179.11439514160156,223500,0.0,0.0,0.0
2022-02-22 00:00:00-05:00,179.0504757358095,179.2696256084842,176.60336485545506,177.64430236816406,278000,0.0,0.0,0.0
2022-02-23 00:00:00-05:00,178.06433177668097,178.29260768149675,175.91854663112585,176.1194305419922,160200,0.0,0.0,0.0
2022-02-24 00:00:00-05:00,173.59923036886886,173.9188221622374,170.293800206747,173.57183837890625,306700,0.0,0.0,0.0
2022-02-25 00:00:00-05:00,174.01925314139658,179.05958796982475,174.01925314139658,179.02305603027344,509900,0.0,0.0,0.0
2022-02-28 00:00:00-05:00,176.7403074834642,177.3612250953833,174.9780244535982,176.9503173828125,153200,0.0,0.0,0.0
2022-03-01 00:00:00-05:00,176.55769807636744,177.8360374376832,175.01455089051586,175.9733123779297,163900,0.0,0.0,0.0
2022-03-02 00:00:00-05:00,175.945939903371,178.5665428511819,175.6446140348823,177.87258911132812,169400,0.0,0.0,0.0
2022-03-03 00:00:00-05:00,178.74002426544223,180.0822876312594,178.3839144295839,179.0596160888672,357600,0.0,0.0,0.0
2022-03-04 00:00:00-05:00,176.93207822136404,179.34267102837475,176.43899450353547,179.11439514160156,188400,0.0,0.0,0.0
2022-03-07 00:00:00-05:00,178.51175972827195,178.81308559822145,175.3798209640326,175.5532989501953,214600,0.0,0.0,0.0
2022-03-08 00:00:00-05:00,175.49851608490374,176.03724388635743,171.0699718092028,171.11561584472656,217900,0.0,0.0,0.0
2022-03-09 00:00:00-05:00,173.72709807369486,173.8184140132252,171.91915672041517,172.4761505126953,217400,0.0,0.0,0.0
2022-03-10 00:00:00-05:00,171.18866168118356,171.87348939180222,169.48116238122142,170.99691772460938,578800,0.0,0.0,0.0
2022-03-11 00:00:00-05:00,172.0743764750288,172.48527032240682,168.9059057608368,169.01548767089844,215600,0.0,0.0,0.0
2022-03-14 00:00:00-04:00,169.92856940818814,171.3804006505349,168.93327598966408,169.8007354736328,127600,0.0,0.0,0.0
2022-03-15 00:00:00-04:00,171.0881995823586,173.50793223469142,170.8599237056963,173.17007446289062,124000,0.0,0.0,0.0
2022-03-16 00:00:00-04:00,173.92798712932188,174.4758549169664,171.49000194673144,173.82754516601562,108300,0.0,0.0,0.0
2022-03-17 00:00:00-04:00,173.73624707180255,175.48940452577318,173.5810211128051,175.2063446044922,101500,0.0,0.0,0.0
2022-03-18 00:00:00-04:00,175.37067665923567,175.8911524033763,174.2110311762993,175.79071044921875,111000,0.0,0.0,0.0
2022-03-21 00:00:00-04:00,176.01898267724442,177.50733205233473,174.99629718366157,175.83636474609375,265300,0.0,0.0,0.0
2022-03-22 00:00:00-04:00,176.76772680604446,177.4160365079997,175.8363711434346,177.16949462890625,127800,0.0,0.0,0.0
2022-03-23 00:00:00-04:00,177.16036858545226,177.47994649333756,175.40721130371094,175.40721130371094,192300,0.0,0.0,0.0
2022-03-24 00:00:00-04:00,176.24042481363526,176.7628965539977,175.617109243852,176.70790100097656,122900,0.739,0.0,0.0
2022-03-25 00:00:00-04:00,177.13873350875403,178.3486917267845,176.90957602685395,178.07369995117188,112300,0.0,0.0,0.0
2022-03-28 00:00:00-04:00,178.12868515294136,178.79782104492188,177.2303917923835,178.79782104492188,84300,0.0,0.0,0.0
2022-03-29 00:00:00-04:00,180.2094218586824,180.79606436335112,179.00862508798585,180.6219024658203,448200,0.0,0.0,0.0
2022-03-30 00:00:00-04:00,179.9527666370561,180.6219024658203,179.39362190708587,180.6219024658203,132300,0.0,0.0,0.0
2022-03-31 00:00:00-04:00,180.49357988650564,181.2635455728483,179.5769500732422,179.5769500732422,102200,0.0,0.0,0.0
2022-04-01 00:00:00-04:00,180.603547313314,182.31764036368725,180.0260661309277,182.27182006835938,187300,0.0,0.0,0.0
2022-04-04 00:00:00-04:00,181.9510309708856,182.2168474816488,179.75112485607872,181.7035369873047,100100,0.0,0.0,0.0
2022-04-05 00:00:00-04:00,181.0985227421022,183.42675584855067,181.0985227421022,181.58433532714844,109900,0.0,0.0,0.0
2022-04-06 00:00:00-04:00,181.2177375453599,183.75680641230466,180.7044270134136,183.52764892578125,140400,0.0,0.0,0.0
2022-04-07 00:00:00-04:00,183.80260875255877,185.94751909672237,183.600949080544,185.45254516601562,213200,0.0,0.0,0.0
2022-04-08 00:00:00-04:00,186.00253388573643,187.01083235010628,185.53505768134423,186.40585327148438,173800,0.0,0.0,0.0
2022-04-11 00:00:00-04:00,186.57080425998817,187.3041108223357,185.3425238103851,185.5533447265625,229500,0.0,0.0,0.0
2022-04-12 00:00:00-04:00,185.9841694963613,187.04746335639078,184.95754865862796,185.61752319335938,355900,0.0,0.0,0.0
2022-04-13 00:00:00-04:00,185.61753154441084,187.15746287029336,185.61753154441084,187.1208038330078,248300,0.0,0.0,0.0
2022-04-14 00:00:00-04:00,187.22165735220608,188.1841215459636,186.8091766939278,186.85501098632812,171700,0.0,0.0,0.0
2022-04-18 00:00:00-04:00,186.5708311721917,187.11165340676362,184.774244521281,185.33338928222656,159900,0.0,0.0,0.0
2022-04-19 00:00:00-04:00,185.4525552374606,188.50492028479601,185.4525552374606,188.2666015625,127900,0.0,0.0,0.0
2022-04-20 00:00:00-04:00,189.03655414595164,191.37396286414224,189.03655414595164,190.94314575195312,229800,0.0,0.0,0.0
2022-04-21 00:00:00-04:00,191.63981685099367,192.6114422916356,190.3931996474039,190.57652282714844,178800,0.0,0.0,0.0
2022-04-22 00:00:00-04:00,190.89733809451664,191.06233874971562,187.28582803436706,187.35914611816406,250700,0.0,0.0,0.0
2022-04-25 00:00:00-04:00,187.44162629919194,188.5965747717092,184.72839603169928,188.1382598876953,235000,0.0,0.0,0.0
2022-04-26 00:00:00-04:00,187.7532939349514,188.64242600876815,185.04923867361637,185.0767364501953,275600,0.0,0.0,0.0
2022-04-27 00:00:00-04:00,185.59919434991124,187.744118669732,184.9758928117254,185.68170166015625,390100,0.0,0.0,0.0
2022-04-28 00:00:00-04:00,186.41501153860787,188.57825858375975,185.41588834057742,188.3582763671875,199000,0.0,0.0,0.0
2022-04-29 00:00:00-04:00,187.6799343950612,187.8540962790076,183.24344992537792,183.42677307128906,230300,0.0,0.0,0.0
2022-05-02 00:00:00-04:00,184.3067724349,184.89341498510495,178.66032914751372,181.38272094726562,492000,0.0,0.0,0.0
2022-05-03 00:00:00-04:00,181.3093518799402,182.69345764916537,179.9802416531578,181.190185546875,279800,0.0,0.0,0.0
2022-05-04 00:00:00-04:00,181.1902131095029,185.00339648106186,180.54857503896676,184.91172790527344,306100,0.0,0.0,0.0
2022-05-05 00:00:00-04:00,183.72009312732027,184.16008547543652,179.60443452259983,180.88771057128906,237700,0.0,0.0,0.0
2022-05-06 00:00:00-04:00,180.4477577148087,181.9418688864828,179.24697481667184,180.79608154296875,194700,0.0,0.0,0.0
2022-05-09 00:00:00-04:00,179.56777124659607,182.1893330197736,178.76114653792192,180.5944061279297,222900,0.0,0.0,0.0
2022-05-10 00:00:00-04:00,181.6485216204513,181.96934763775562,178.36698533333285,179.2836151123047,2148300,0.0,0.0,0.0
2022-05-11 00:00:00-04:00,179.38443486891404,181.6393501526251,178.18365216379144,178.3394775390625,391300,0.0,0.0,0.0
2022-05-12 00:00:00-04:00,178.37616367180792,179.59526899069246,176.6162221574411,178.6969757080078,591700,0.0,0.0,0.0
2022-05-13 00:00:00-04:00,179.41197487752734,181.55689957461377,178.7153411558503,181.35523986816406,145500,0.0,0.0,0.0
2022-05-16 00:00:00-04:00,181.355198612349,182.73930447660413,180.57605774315877,181.87767028808594,144400,0.0,0.0,0.0
2022-05-17 00:00:00-04:00,181.30934822979532,181.31850949113175,178.88027125642492,180.4385528564453,199500,0.0,0.0,0.0
2022-05-18 00:00:00-04:00,178.43118238876937,178.54117350270056,168.6232451078008,169.12738037109375,467700,0.0,0.0,0.0
2022-05-19 00:00:00-04:00,168.13740868038968,168.19241822084248,165.31420101692717,166.41415405273438,820300,0.0,0.0,0.0
2022-05-20 00:00:00-04:00,167.42244019013586,167.42244019013586,163.86592580484347,166.48748779296875,580600,0.0,0.0,0.0
2022-05-23 00:00:00-04:00,167.9174198067308,170.50230863904503,167.7432579021906,169.88816833496094,169600,0.0,0.0,0.0
2022-05-24 00:00:00-04:00,169.21905160116094,172.47309064353988,169.21905160116094,172.20726013183594,166600,0.0,0.0,0.0
2022-05-25 00:00:00-04:00,171.9780957527974,173.10556058964278,171.04314333394407,172.57391357421875,131400,0.0,0.0,0.0
2022-05-26 00:00:00-04:00,173.56383971270543,175.5254267160202,173.49050765812757,174.6546173095703,98300,0.0,0.0,0.0
2022-05-27 00:00:00-04:00,175.0762981404755,176.80872796574988,174.71881306499543,176.7628936767578,136800,0.0,0.0,0.0
2022-05-31 00:00:00-04:00,176.02959184498357,176.77207377904952,174.0130089539278,175.6171112060547,161300,0.0,0.0,0.0
2022-06-01 00:00:00-04:00,175.89207850957885,176.0204061124433,172.07889547209246,173.30718994140625,303900,0.0,0.0,0.0
2022-06-02 00:00:00-04:00,173.64636756221046,175.89210798196336,171.13479664341463,175.8371124267578,136100,0.0,0.0,0.0
2022-06-03 00:00:00-04:00,174.76463458479276,175.75459641071237,173.68300418758682,174.1046600341797,107400,0.0,0.0,0.0
2022-06-06 00:00:00-04:00,175.28709616823446,175.66291770750746,173.82049701886527,174.29713439941406,91400,0.0,0.0,0.0
2022-06-07 00:00:00-04:00,172.29889030735816,175.25043913702524,172.29889030735816,175.10377502441406,107000,0.0,0.0,0.0
2022-06-08 00:00:00-04:00,174.21463764339487,174.5629614033249,172.8671908724288,173.01385498046875,121500,0.0,0.0,0.0
2022-06-09 00:00:00-04:00,172.78470742105438,174.18714981593703,170.22731657940363,170.29147338867188,101800,0.0,0.0,0.0
2022-06-10 00:00:00-04:00,168.3574032108339,170.70397339370325,167.46827113560676,169.47569274902344,145000,0.0,0.0,0.0
2022-06-13 00:00:00-04:00,166.61580542511086,167.63326507944896,164.99336673594237,165.54335021972656,257300,0.0,0.0,0.0
2022-06-14 00:00:00-04:00,165.7999875998395,166.28580023066226,162.73843371680204,163.90255737304688,276700,0.0,0.0,0.0
2022-06-15 00:00:00-04:00,165.0116989259916,166.26747726418824,162.5826215873461,164.3608856201172,261800,0.0,0.0,0.0
2022-06-16 00:00:00-04:00,162.2159881219079,164.08590689000124,161.04270301513137,162.8484649658203,197000,0.0,0.0,0.0
2022-06-17 00:00:00-04:00,163.16011146000054,164.03090701034805,161.68433685867677,162.29847717285156,242800,0.0,0.0,0.0
2022-06-21 00:00:00-04:00,164.03089011943004,166.96410250697448,163.50841843768708,166.5241241455078,187700,0.0,0.0,0.0
2022-06-22 00:00:00-04:00,165.70831593280786,167.25742236260518,165.10333697442678,166.28579711914062,392100,0.0,0.0,0.0
2022-06-23 00:00:00-04:00,167.0600325735195,169.56999451221938,167.03235030864786,169.45004272460938,153800,1.209,0.0,0.0
2022-06-24 00:00:00-04:00,170.64043429295893,172.88279646793353,170.39127981118355,172.83665466308594,159800,0.0,0.0,0.0
2022-06-27 00:00:00-04:00,173.0765547184585,173.30724963871248,172.09841050946176,172.69821166992188,120000,0.0,0.0,0.0
2022-06-28 00:00:00-04:00,173.29803037067276,174.23926960664036,170.19749001733896,170.39126586914062,312000,0.0,0.0,0.0
2022-06-29 00:00:00-04:00,170.74190189094483,171.75696504527113,170.5019842728762,171.06488037109375,536800,0.0,0.0,0.0
2022-06-30 00:00:00-04:00,170.114411381636,171.77540326531985,169.1454900624883,171.0279541015625,142500,0.0,0.0,0.0
2022-07-01 00:00:00-04:00,170.98184451962632,173.59331276184503,170.84343319674403,173.4456787109375,182500,0.0,0.0,0.0
2022-07-05 00:00:00-04:00,172.27371607860383,172.8642944261368,169.90216588147234,172.642822265625,125700,0.0,0.0,0.0
2022-07-06 00:00:00-04:00,173.23341300526906,174.0177813094213,172.439821973956,172.92889404296875,164300,0.0,0.0,0.0
2022-07-07 00:00:00-04:00,173.17804353824081,173.48256249184917,172.1998994281347,173.2887725830078,116300,0.0,0.0,0.0
2022-07-08 00:00:00-04:00,173.12271414043823,174.09163572022968,172.3568052375746,172.83665466308594,117300,0.0,0.0,0.0
2022-07-11 00:00:00-04:00,172.60594225927474,173.43643834051403,171.95999929825524,172.43983459472656,82000,0.0,0.0,0.0
2022-07-12 00:00:00-04:00,172.38446180505758,174.12851475647545,171.42477717760798,172.00611877441406,688400,0.0,0.0,0.0
2022-07-13 00:00:00-04:00,170.88957796809808,173.56563351400735,170.5850589719634,172.1722412109375,801900,0.0,0.0,0.0
2022-07-14 00:00:00-04:00,170.09596898903092,172.384458503348,169.8837336190397,172.1999053955078,240400,0.0,0.0,0.0
2022-07-15 00:00:00-04:00,173.37184639349087,173.72249308827037,172.28295907680686,173.011962890625,99900,0.0,0.0,0.0
2022-07-18 00:00:00-04:00,173.44565729923832,173.71325718394274,171.23097784301612,171.43399047851562,148700,0.0,0.0,0.0
2022-07-19 00:00:00-04:00,172.98428449546324,173.57486292569266,172.6336237123425,173.38107299804688,119000,0.0,0.0,0.0
2022-07-20 00:00:00-04:00,173.4456516974524,173.4548744240412,171.64622029723225,172.4767303466797,96900,0.0,0.0,0.0
2022-07-21 00:00:00-04:00,172.22759096713065,173.35338325123794,171.71083662304858,172.99349975585938,348300,0.0,0.0,0.0
2022-07-22 00:00:00-04:00,173.40872461478455,174.4053281797572,172.92887532487222,173.89779663085938,129300,0.0,0.0,0.0
2022-07-25 00:00:00-04:00,174.0639268395436,175.16203685670922,173.8978191835901,174.80213928222656,85900,0.0,0.0,0.0
2022-07-26 00:00:00-04:00,172.98426785589592,174.16542460273783,172.31986542573497,174.0177764892578,89000,0.0,0.0,0.0
2022-07-27 00:00:00-04:00,173.74095210765444,175.71570000375547,172.37524216243975,175.29122924804688,105200,0.0,0.0,0.0
2022-07-28 00:00:00-04:00,175.36503028440302,178.2625576865937,175.05128859740452,177.9119110107422,130000,0.0,0.0,0.0
2022-07-29 00:00:00-04:00,176.0848204834466,177.0721873921994,175.7341597088708,176.88763427734375,147400,0.0,0.0,0.0
2022-08-01 00:00:00-04:00,176.5739167106134,179.54526873160538,176.5739167106134,178.9639129638672,255700,0.0,0.0,0.0
2022-08-02 00:00:00-04:00,178.8716053801978,179.1761243567472,177.46899043915218,177.7089080810547,95800,0.0,0.0,0.0
2022-08-03 00:00:00-04:00,177.82884473861571,179.2314594493193,177.19212462680395,178.8346710205078,173300,0.0,0.0,0.0
2022-08-04 00:00:00-04:00,178.67784615893314,178.8439397540474,177.09066387439015,177.58895874023438,79500,0.0,0.0,0.0
2022-08-05 00:00:00-04:00,176.78612174912007,177.45974693093245,175.7618358050357,177.3674774169922,84900,0.0,0.0,0.0
2022-08-08 00:00:00-04:00,177.92112543850186,178.8531418094334,177.0998521899624,177.4781951904297,80600,0.0,0.0,0.0
2022-08-09 00:00:00-04:00,177.52433713764643,177.81039654978318,176.63846256024024,176.96144104003906,97700,0.0,0.0,0.0
2022-08-10 00:00:00-04:00,178.41945817987624,178.80702395890003,177.69969115018912,178.2625732421875,95600,0.0,0.0,0.0
2022-08-11 00:00:00-04:00,178.89927141439733,179.8128282611711,177.75503375474008,177.92112731933594,85100,0.0,0.0,0.0
2022-08-12 00:00:00-04:00,178.6501876634331,179.65601433790383,177.9765482233901,179.57296752929688,104400,0.0,0.0,0.0
2022-08-15 00:00:00-04:00,179.34223771734946,181.52922106876346,179.32377818107787,181.3631134033203,84900,0.0,0.0,0.0
2022-08-16 00:00:00-04:00,181.8337168416641,184.20525301153629,181.8337168416641,183.51316833496094,230400,0.0,0.0,0.0
2022-08-17 00:00:00-04:00,182.69190765587862,183.65160635852772,182.69190765587862,183.02410888671875,137100,0.0,0.0,0.0
2022-08-18 00:00:00-04:00,183.07027084878527,183.8823215203936,182.54429372231263,183.65162658691406,126600,0.0,0.0,0.0
2022-08-19 00:00:00-04:00,182.9502961054277,183.75312400974408,182.5627303256373,182.91339111328125,82400,0.0,0.0,0.0
2022-08-22 00:00:00-04:00,181.97211357872044,182.17512619403885,180.58794433636632,180.92938232421875,68800,0.0,0.0,0.0
2022-08-23 00:00:00-04:00,180.55107536044116,180.55107536044116,179.4806475535523,180.14505004882812,81900,0.0,0.0,0.0
2022-08-24 00:00:00-04:00,180.2096434915667,180.97555234104144,180.00664490929117,180.652587890625,89700,0.0,0.0,0.0
2022-08-25 00:00:00-04:00,180.6709893752603,181.6399106516959,180.20959963224306,181.6122283935547,71900,0.0,0.0,0.0
2022-08-26 00:00:00-04:00,181.62150896289515,181.8983316110098,177.10910267161364,177.24752807617188,75700,0.0,0.0,0.0
2022-08-29 00:00:00-04:00,176.15863404891178,177.96728840449424,175.78952781169107,176.90609741210938,90100,0.0,0.0,0.0
2022-08-30 00:00:00-04:00,177.3951564737744,177.3951564737744,174.79291122698697,175.0697479248047,96400,0.0,0.0,0.0
2022-08-31 00:00:00-04:00,175.5496133887158,175.80799057561433,174.09161978807393,174.12852478027344,87400,0.0,0.0,0.0
2022-09-01 00:00:00-04:00,173.43641532183904,175.09742134436755,172.79969517316155,175.06051635742188,97000,0.0,0.0,0.0
2022-09-02 00:00:00-04:00,175.98329540306443,176.62923827646895,171.98765823404273,172.735107421875,114600,0.0,0.0,0.0
2022-09-06 00:00:00-04:00,172.87354418023426,173.7686416082264,171.25867971867123,171.4986114501953,121800,0.0,0.0,0.0
2022-09-07 00:00:00-04:00,171.78466164694711,174.72833095974187,171.78466164694711,174.63604736328125,200200,0.0,0.0,0.0
2022-09-08 00:00:00-04:00,173.81475939731877,174.74676168883212,172.38444825571014,174.2115478515625,97000,0.0,0.0,0.0
2022-09-09 00:00:00-04:00,174.71907525397066,177.1275304238922,174.23000322272782,176.1217041015625,64900,0.0,0.0,0.0
2022-09-12 00:00:00-04:00,176.5185067823937,177.275192827153,176.16786010259017,176.8507080078125,82600,0.0,0.0,0.0
2022-09-13 00:00:00-04:00,174.9866878329863,175.19892318362434,170.5942482322273,170.8618621826172,160000,0.0,0.0,0.0
2022-09-14 00:00:00-04:00,171.42476838909815,171.52627470722538,169.79144457214161,170.75112915039062,113400,0.0,0.0,0.0
2022-09-15 00:00:00-04:00,170.75113083509567,170.84341442721242,168.85020711368426,169.3392791748047,98200,0.0,0.0,0.0
2022-09-16 00:00:00-04:00,168.79485092347622,169.6622660423979,168.54569647686043,169.51461791992188,160600,0.0,0.0,0.0
2022-09-19 00:00:00-04:00,168.84096523579277,170.732666015625,168.68409441138684,170.732666015625,95000,0.0,0.0,0.0
2022-09-20 00:00:00-04:00,169.6991697723223,170.0129255503784,168.3703789214076,169.63458251953125,141600,0.0,0.0,0.0
2022-09-21 00:00:00-04:00,170.7326919495249,172.12608412889946,169.02554399318208,169.07168579101562,100400,0.0,0.0,0.0
2022-09-22 00:00:00-04:00,169.1362550989577,169.63456393389194,168.32421868133986,168.5825958251953,160200,0.0,0.0,0.0
2022-09-23 00:00:00-04:00,167.5860052669855,167.5860052669855,163.7380159891067,165.55589294433594,675100,0.0,0.0,0.0
2022-09-26 00:00:00-04:00,165.07605193890697,166.80164538819741,164.6423443745666,165.73123168945312,376700,0.0,0.0,0.0
2022-09-27 00:00:00-04:00,166.46942320985403,167.1799673974511,162.50148245639886,162.77830505371094,945100,0.0,0.0,0.0
2022-09-28 00:00:00-04:00,163.50187726520102,165.74036005622196,162.21080465723068,164.8765411376953,471500,1.149,0.0,0.0
2022-09-29 00:00:00-04:00,164.3378053978926,164.58859334465748,161.22623491060827,162.17364501953125,267200,0.0,0.0,0.0
2022-09-30 00:00:00-04:00,162.4894508647859,162.77738577025266,159.47075469500948,159.56362915039062,209700,0.0,0.0,0.0
2022-10-03 00:00:00-04:00,160.8175741191554,162.7216778437871,159.95376929880803,162.38729858398438,206600,0.0,0.0,0.0
2022-10-04 00:00:00-04:00,163.75264041300017,165.76819868699437,163.58544373647757,165.12730407714844,239700,0.0,0.0,0.0
2022-10-05 00:00:00-04:00,164.19853109795926,164.90443664455208,162.47090710107074,164.0963592529297,156800,0.0,0.0,0.0
2022-10-06 00:00:00-04:00,163.76192550344263,164.29136511695125,161.3376799618687,161.77423095703125,384500,0.0,0.0,0.0
2022-10-07 00:00:00-04:00,161.18910020335483,161.3841606767588,158.71842396807563,159.3500213623047,216800,0.0,0.0,0.0
2022-10-10 00:00:00-04:00,159.5914900126583,160.58533019857697,158.67194371397474,160.00946044921875,136300,0.0,0.0,0.0
2022-10-11 00:00:00-04:00,159.8887504593954,162.8703001530534,159.7679980582091,161.46775817871094,274300,0.0,0.0,0.0
2022-10-12 00:00:00-04:00,162.656626180868,163.72478866653225,162.13648390077356,162.17364501953125,174800,0.0,0.0,0.0
2022-10-13 00:00:00-04:00,160.3345533602721,165.55458510051503,159.9444466476386,164.9229736328125,341500,0.0,0.0,0.0
2022-10-14 00:00:00-04:00,165.87038194596266,166.00970070867027,161.53274966895816,161.8114013671875,314900,0.0,0.0,0.0
2022-10-17 00:00:00-04:00,163.4089890452869,164.41212674054583,163.232523321786,163.7340850830078,119200,0.0,0.0,0.0
2022-10-18 00:00:00-04:00,165.89824751141498,166.87352137946826,164.86724613766964,165.80535888671875,102400,0.0,0.0,0.0
2022-10-19 00:00:00-04:00,165.85183976250465,166.65063392342458,164.22638768167596,164.91372680664062,90300,0.0,0.0,0.0
2022-10-20 00:00:00-04:00,165.09020312503458,165.3224105600841,162.54520453467748,162.71238708496094,182400,0.0,0.0,0.0
2022-10-21 00:00:00-04:00,162.61952820258858,165.75897756069293,162.11795215802525,165.3595733642578,138100,0.0,0.0,0.0
2022-10-24 00:00:00-04:00,166.35339461773944,168.47112506851965,166.0468791350192,168.09030151367188,120700,0.0,0.0,0.0
2022-10-25 00:00:00-04:00,168.49898867252128,170.7467547043005,167.7837858801502,170.6352996826172,91200,0.0,0.0,0.0
2022-10-26 00:00:00-04:00,170.92322954869383,172.93878811047782,170.53312281152418,171.75917053222656,102100,0.0,0.0,0.0
2022-10-27 00:00:00-04:00,172.19570611967922,173.07809133923078,171.70342760226157,171.88919067382812,120900,0.0,0.0,0.0
2022-10-28 00:00:00-04:00,172.10286084208204,175.82747726863138,172.10286084208204,175.73458862304688,140800,0.0,0.0,0.0
2022-10-31 00:00:00-04:00,175.09368497227527,175.70671598740128,174.35991573136994,174.5828399658203,172900,0.0,0.0,0.0
2022-11-01 00:00:00-04:00,175.13083753169425,175.78101546768522,173.58897687433276,174.02552795410156,213100,0.0,0.0,0.0
2022-11-02 00:00:00-04:00,173.91405216046962,175.50234277352064,171.09040235733437,171.1275634765625,119900,0.0,0.0,0.0
2022-11-03 00:00:00-04:00,169.8736257371708,171.47121360205293,169.49280224282737,170.65383911132812,131900,0.0,0.0,0.0
2022-11-04 00:00:00-04:00,172.6136706483238,173.7003994611369,170.49594052497312,172.80873107910156,91500,0.0,0.0,0.0
2022-11-07 00:00:00-05:00,173.08739699777288,174.75927889478587,173.0037915646706,174.47134399414062,163500,0.0,0.0,0.0
2022-11-08 00:00:00-05:00,174.98223654775245,176.09682941645136,173.2267488820269,174.90792846679688,136000,0.0,0.0,0.0
2022-11-09 00:00:00-05:00,174.35060128446344,175.3072945883341,172.4836448160288,172.55795288085938,84900,0.0,0.0,0.0
2022-11-10 00:00:00-05:00,176.30116044610617,177.3135814024512,174.24845477665914,177.007080078125,195800,0.0,0.0,0.0
2022-11-11 00:00:00-05:00,177.0628200161733,177.3043106492842,174.0812702786198,176.57054138183594,122400,0.0,0.0,0.0
2022-11-14 00:00:00-05:00,175.98534677848195,178.01948588553594,175.11224468021996,175.21441650390625,137200,0.0,0.0,0.0
2022-11-15 00:00:00-05:00,177.63867037917703,178.01949393675977,175.8924661036781,177.04421997070312,221200,0.0,0.0,0.0
2022-11-16 00:00:00-05:00,177.21140020470352,178.68825009885256,177.21140020470352,177.852294921875,181700,0.0,0.0,0.0
2022-11-17 00:00:00-05:00,177.17423822483835,177.73154162887838,176.40330799080252,177.7222442626953,276300,0.0,0.0,0.0
2022-11-18 00:00:00-05:00,179.25484384200522,179.85857746082564,178.30743360637703,179.44989013671875,86200,0.0,0.0,0.0
2022-11-21 00:00:00-05:00,179.61707510749565,181.33540138795468,179.3941508981495,181.1310577392578,137300,0.0,0.0,0.0
2022-11-22 00:00:00-05:00,182.13421833731238,182.44073384892195,181.5676316351523,182.33856201171875,109100,0.0,0.0,0.0
2022-11-23 00:00:00-05:00,182.46858401206742,183.19307001359655,182.33854842648054,182.80296325683594,199300,0.0,0.0,0.0
2022-11-25 00:00:00-05:00,182.72865462906088,183.1930694580078,182.70079087314934,183.1930694580078,55300,0.0,0.0,0.0
2022-11-28 00:00:00-05:00,182.47786305643686,183.40669262388263,182.1899139853645,182.49642944335938,225300,0.0,0.0,0.0
2022-11-29 00:00:00-05:00,182.26423699860476,182.3013981211262,181.05675562733936,181.87413024902344,330700,0.0,0.0,0.0
2022-11-30 00:00:00-05:00,181.44688771644496,185.38511657714844,180.77812919805825,185.38511657714844,282300,0.0,0.0,0.0
2022-12-01 00:00:00-05:00,185.26435867348184,185.26435867348184,183.74107869292925,184.35409545898438,121000,0.0,0.0,0.0
2022-12-02 00:00:00-05:00,183.18380999845903,185.53374820358263,182.97946631342066,185.25509643554688,80600,0.0,0.0,0.0
2022-12-05 00:00:00-05:00,184.01043724537897,184.01043724537897,182.54288473977527,182.99801635742188,109400,0.0,0.0,0.0
2022-12-06 00:00:00-05:00,183.16522658476143,183.5274696257267,180.85244954352828,181.80914306640625,152500,0.0,0.0,0.0
2022-12-07 00:00:00-05:00,181.79051978333592,182.68218821026088,181.70692852571435,182.2177734375,101800,0.0,0.0,0.0
2022-12-08 00:00:00-05:00,182.14347379527058,183.10945025607697,182.02272142286463,183.0072784423828,57900,0.0,0.0,0.0
2022-12-09 00:00:00-05:00,182.44070660357812,182.84011069765958,181.60476564062031,181.63262939453125,66900,0.0,0.0,0.0
2022-12-12 00:00:00-05:00,181.9855739333957,183.35095455827602,181.43756787927768,183.29522705078125,94200,0.0,0.0,0.0
2022-12-13 00:00:00-05:00,185.4965763649253,185.4965763649253,182.180647698471,182.9608612060547,106800,0.0,0.0,0.0
2022-12-14 00:00:00-05:00,183.276688133578,184.67921591606517,181.85556561538593,182.98873901367188,117200,0.0,0.0,0.0
2022-12-15 00:00:00-05:00,181.53093357922913,181.68064552696998,178.60227034212843,179.90286254882812,130000,1.442,0.0,0.0
2022-12-16 00:00:00-05:00,178.8361770008719,179.38822370634637,177.4981497651364,178.93910217285156,207100,0.0,0.0,0.0
2022-12-19 00:00:00-05:00,179.05140756424137,180.3052131122398,177.71338011495112,178.75198364257812,108200,0.0,0.0,0.0
2022-12-20 00:00:00-05:00,178.54615051510888,179.30404769812188,177.67596222094375,178.7613525390625,150100,0.0,0.0,0.0
2022-12-21 00:00:00-05:00,179.50988267765047,181.17538886411126,179.50988267765047,180.58590698242188,156300,0.0,0.0,0.0
2022-12-22 00:00:00-05:00,179.7905754363699,180.07128177527957,177.9379364432738,179.92156982421875,106200,0.0,0.0,0.0
2022-12-23 00:00:00-05:00,179.8093120793629,180.9601924859648,179.4911848575899,180.84791564941406,111200,0.0,0.0,0.0
2022-12-27 00:00:00-05:00,181.29697919457163,181.9893861119,180.81043687383604,181.58705139160156,268100,0.0,0.0,0.0
2022-12-28 00:00:00-05:00,181.91457285727523,182.31692194934044,179.2666015625,179.2666015625,96200,0.0,0.0,0.0
2022-12-29 00:00:00-05:00,180.02451089531817,180.75433887450936,179.83737807863406,180.1648712158203,107900,0.0,0.0,0.0
2022-12-30 00:00:00-05:00,179.71573342537215,179.8186443295652,178.0127921089833,179.24789428710938,100100,0.0,0.0,0.0
2023-01-03 00:00:00-05:00,179.53796563557884,179.53796563557884,176.95548426261203,178.6958465576172,151200,0.0,0.0,0.0
2023-01-04 00:00:00-05:00,179.21984759077725,180.38944567650867,178.2093274087472,179.3976287841797,114600,0.0,0.0,0.0
2023-01-05 00:00:00-05:00,178.96720672337852,179.0701319156865,177.36719042064928,177.74147033691406,135000,0.0,0.0,0.0
2023-01-06 00:00:00-05:00,179.5940918423972,183.04674698948094,179.5940918423972,182.47598266601562,132900,0.0,0.0,0.0
2023-01-09 00:00:00-05:00,182.39174713977596,183.5332757014007,180.5391082763672,180.5391082763672,222300,0.0,0.0,0.0
2023-01-10 00:00:00-05:00,180.8666322444697,181.17540782064697,180.0619482730948,180.66078186035156,101500,0.0,0.0,0.0
2023-01-11 00:00:00-05:00,181.2783153597817,181.71808529418024,179.5847256776737,180.89468383789062,232100,0.0,0.0,0.0
2023-01-12 00:00:00-05:00,181.23152730753046,181.36252169489325,179.48181350261666,179.8560791015625,136300,0.0,0.0,0.0
2023-01-13 00:00:00-05:00,179.20111765614982,180.81048552500937,179.20111765614982,180.6888427734375,161100,0.0,0.0,0.0
2023-01-17 00:00:00-05:00,180.8385640054745,182.32628919904752,180.7262728916048,180.84791564941406,106900,0.0,0.0,0.0
2023-01-18 00:00:00-05:00,180.8478990305891,180.8478990305891,175.96365720699907,176.03851318359375,255100,0.0,0.0,0.0
2023-01-19 00:00:00-05:00,175.54258257000788,176.06656006240507,174.5039792271078,174.55076599121094,333600,0.0,0.0,0.0
2023-01-20 00:00:00-05:00,174.81276768272863,175.95429628026233,173.64316988011765,175.8794403076172,92300,0.0,0.0,0.0
2023-01-23 00:00:00-05:00,176.13209927665798,177.4701124756894,175.88881376605687,176.51571655273438,167300,0.0,0.0,0.0
2023-01-24 00:00:00-05:00,176.41279060743022,177.778887286494,175.62682421650956,177.1800537109375,101300,0.0,0.0,0.0
2023-01-25 00:00:00-05:00,176.1414326717979,177.77886962890625,175.49581238719585,177.77886962890625,115200,0.0,0.0,0.0
2023-01-26 00:00:00-05:00,177.77886531344586,177.77886531344586,176.6747718451376,177.2736053466797,133000,0.0,0.0,0.0
2023-01-27 00:00:00-05:00,177.05843161418312,177.64791361480985,176.0011246592225,176.77772521972656,88100,0.0,0.0,0.0
2023-01-30 00:00:00-05:00,176.48766415440332,178.1063981478424,176.48766415440332,176.94615173339844,140500,0.0,0.0,0.0
2023-01-31 00:00:00-05:00,177.34848714826688,178.9859244359265,176.9087314118585,178.95785522460938,130300,0.0,0.0,0.0
2023-02-01 00:00:00-05:00,178.78005247045118,181.3063809237584,178.16250139064,180.4549102783203,157500,0.0,0.0,0.0
2023-02-02 00:00:00-05:00,179.68765527289003,180.31457230080076,178.51805739253365,179.21046447753906,153100,0.0,0.0,0.0
2023-02-03 00:00:00-05:00,179.37887971909223,179.4350181285102,177.2736037020174,178.66775512695312,161300,0.0,0.0,0.0
2023-02-06 00:00:00-05:00,178.05958257135623,178.68648531635264,177.82566299737317,178.41513061523438,77600,0.0,0.0,0.0
2023-02-07 00:00:00-05:00,177.4420215696869,178.07829019962745,176.01043499896676,177.82565307617188,117100,0.0,0.0,0.0
2023-02-08 00:00:00-05:00,176.92741932390365,177.0584137244385,176.22566054732718,176.33795166015625,133200,0.0,0.0,0.0
2023-02-09 00:00:00-05:00,177.4326830283143,177.90987382801674,175.36482767496784,175.50518798828125,120700,0.0,0.0,0.0
2023-02-10 00:00:00-05:00,175.60810665177755,177.21747456308287,175.2899794379266,177.1800537109375,143500,0.0,0.0,0.0
2023-02-13 00:00:00-05:00,177.6010969670202,179.3321075439453,177.6010969670202,179.3321075439453,67800,0.0,0.0,0.0
2023-02-14 00:00:00-05:00,178.9110569610714,179.27597093296717,177.1239079521868,177.76016235351562,76700,0.0,0.0,0.0
2023-02-15 00:00:00-05:00,177.47942822271773,178.4338239526381,176.74960039316562,178.377685546875,83400,0.0,0.0,0.0
2023-02-16 00:00:00-05:00,176.93676989305752,178.115719395579,176.23501117736953,177.06776428222656,104700,0.0,0.0,0.0
2023-02-17 00:00:00-05:00,176.91805548750415,179.24789960500846,176.91805548750415,179.21046447753906,64900,0.0,0.0,0.0
2023-02-21 00:00:00-05:00,178.21868229988388,179.18242999789578,177.59177942779112,178.312255859375,127000,0.0,0.0,0.0
2023-02-22 00:00:00-05:00,178.41512664144057,179.60344204845634,177.66659544322087,178.03150939941406,110000,0.0,0.0,0.0
2023-02-23 00:00:00-05:00,178.3309130457661,178.66775778460124,176.71219368176358,177.82565307617188,72000,0.0,0.0,0.0
2023-02-24 00:00:00-05:00,176.69347679924007,176.94611392366795,175.73909526663172,176.79640197753906,102400,0.0,0.0,0.0
2023-02-27 00:00:00-05:00,177.59174121500328,178.01279358747334,176.1227194555448,176.45956420898438,105600,0.0,0.0,0.0
2023-02-28 00:00:00-05:00,175.9543126351561,176.0385202582151,174.9718475341797,174.9718475341797,116500,0.0,0.0,0.0
2023-03-01 00:00:00-05:00,174.7566396167817,174.7566396167817,172.56714154993213,174.03616333007812,84300,0.0,0.0,0.0
2023-03-02 00:00:00-05:00,173.71800884243325,176.4969740915083,173.71800884243325,176.2349853515625,80500,0.0,0.0,0.0
2023-03-03 00:00:00-05:00,176.2443386816626,176.6653909979438,174.97181581374278,176.48760986328125,71000,0.0,0.0,0.0
2023-03-06 00:00:00-05:00,176.32858041487086,176.98355239776873,176.0853091861712,176.5625,72500,0.0,0.0,0.0
2023-03-07 00:00:00-05:00,176.70286653187114,177.14263650956548,174.59759019166927,174.94378662109375,81800,0.0,0.0,0.0
2023-03-08 00:00:00-05:00,174.7285667014522,175.11218394451262,173.9332344545534,175.05604553222656,70300,0.0,0.0,0.0
2023-03-09 00:00:00-05:00,175.61745694941192,175.8420105969446,172.96013408661483,173.28761291503906,71800,0.0,0.0,0.0
2023-03-10 00:00:00-05:00,173.4373349195233,173.88645651794266,171.575329912655,172.23031616210938,123200,0.0,0.0,0.0
2023-03-13 00:00:00-04:00,171.78116242824575,175.12154055485655,171.6969548142934,172.70748901367188,501900,0.0,0.0,0.0
2023-03-14 00:00:00-04:00,173.6806204543149,174.65373398793923,172.997579218332,174.54144287109375,70100,0.0,0.0,0.0
2023-03-15 00:00:00-04:00,173.07241016775052,175.42095747779555,172.96013334446596,175.41160583496094,83400,0.0,0.0,0.0
2023-03-16 00:00:00-04:00,175.14026668914002,175.6736102017202,174.4385079266831,175.53326416015625,82800,0.0,0.0,0.0
2023-03-17 00:00:00-04:00,175.40225323169673,175.40225323169673,173.39990232262136,174.12973022460938,106500,0.0,0.0,0.0
2023-03-20 00:00:00-04:00,174.9437715908307,176.6934854300634,174.9437715908307,176.5250701904297,177100,0.0,0.0,0.0
2023-03-21 00:00:00-04:00,177.01159799590545,177.0303155578684,175.42094788465278,176.59054565429688,65400,0.0,0.0,0.0
2023-03-22 00:00:00-04:00,176.73089855299534,177.77885354197537,174.98117065429688,174.98117065429688,125400,0.0,0.0,0.0
2023-03-23 00:00:00-04:00,175.69233758551405,176.29117119185233,174.03618281590678,174.54144287109375,83200,0.0,0.0,0.0
2023-03-24 00:00:00-04:00,174.74069617673908,177.7296377240314,174.74069617673908,177.61685180664062,92800,0.842,0.0,0.0
2023-03-27 00:00:00-04:00,178.29361179088798,179.34631869194462,178.29361179088798,178.72596740722656,135300,0.0,0.0,0.0
2023-03-28 00:00:00-04:00,178.79174957512598,179.88206122968987,178.72594822984252,179.0455322265625,144000,0.0,0.0,0.0
2023-03-29 00:00:00-04:00,180.0982442120171,180.20163608469318,179.6564802416789,180.06065368652344,139500,0.0,0.0,0.0
2023-03-30 00:00:00-04:00,180.54940074799424,180.98177066892796,179.96665438426388,180.58700561523438,79800,0.0,0.0,0.0
2023-03-31 00:00:00-04:00,181.2731424262483,182.03447604824976,181.23555190135824,181.89349365234375,74600,0.0,0.0,0.0
2023-04-03 00:00:00-04:00,181.95927765047136,183.33156843018926,181.5551185608478,183.02139282226562,126500,0.0,0.0,0.0
2023-04-04 00:00:00-04:00,183.06842872969145,183.45378546402847,181.84652848422968,182.17550659179688,101300,0.0,0.0,0.0
2023-04-05 00:00:00-04:00,182.63602718067935,183.72633886316913,182.63602718067935,183.03079223632812,140700,0.0,0.0,0.0
2023-04-06 00:00:00-04:00,182.8616435705364,183.56658435967336,182.26009467082181,183.25640869140625,65500,0.0,0.0,0.0
2023-04-10 00:00:00-04:00,182.66422174211297,183.15298461914062,181.62090898383437,183.15298461914062,57800,0.0,0.0,0.0
2023-04-11 00:00:00-04:00,183.481961115922,184.13990286286787,183.3785692455409,183.75453186035156,112600,0.0,0.0,0.0
2023-04-12 00:00:00-04:00,183.75452633386877,184.31848458117796,182.908603304959,183.04019165039062,68000,0.0,0.0,0.0
2023-04-13 00:00:00-04:00,183.1717754227905,184.16808920504945,182.49503127973657,183.989501953125,72600,0.0,0.0,0.0
2023-04-14 00:00:00-04:00,183.810939918061,184.29970283110927,182.70184007382116,183.1248016357422,114300,0.0,0.0,0.0
2023-04-17 00:00:00-04:00,183.36918985316413,184.20571899414062,183.23760148296748,184.20571899414062,72700,0.0,0.0,0.0
2023-04-18 00:00:00-04:00,184.24330710041272,184.84485592972086,183.62295583648563,184.7320556640625,56400,0.0,0.0,0.0
2023-04-19 00:00:00-04:00,184.79788041580468,185.16444905598956,184.13053015184897,184.69448852539062,138900,0.0,0.0,0.0
2023-04-20 00:00:00-04:00,184.12113095594782,185.55920899200424,184.12113095594782,185.23963928222656,70800,0.0,0.0,0.0
2023-04-21 00:00:00-04:00,186.35811741502945,187.26043343080474,185.97274641105767,186.4239044189453,97100,0.0,0.0,0.0
2023-04-24 00:00:00-04:00,186.37689868782567,187.09124771140577,186.33930816439965,186.94085693359375,86700,0.0,0.0,0.0
2023-04-25 00:00:00-04:00,186.71526739181863,188.01236272840657,186.55548257155186,186.73406982421875,92400,0.0,0.0,0.0
2023-04-26 00:00:00-04:00,185.86934027291852,186.45208658596061,185.31479043682666,185.49337768554688,73400,0.0,0.0,0.0
2023-04-27 00:00:00-04:00,185.5591725243819,187.56120852475377,185.5591725243819,187.4202117919922,53400,0.0,0.0,0.0
2023-04-28 00:00:00-04:00,187.65520521714984,188.59512613352334,187.65520521714984,188.4729461669922,60800,0.0,0.0,0.0
2023-05-01 00:00:00-04:00,188.22854919808142,189.53503864018919,188.22854919808142,188.73611450195312,134900,0.0,0.0,0.0
2023-05-02 00:00:00-04:00,188.6139478067982,188.7267337388099,186.27353932315987,188.15338134765625,87700,0.0,0.0,0.0
2023-05-03 00:00:00-04:00,187.53300280230428,188.42592469756246,186.77166924590466,186.79986572265625,97600,0.0,0.0,0.0
2023-05-04 00:00:00-04:00,187.00667142321305,187.08185247535013,185.84116432631896,186.43331909179688,76500,0.0,0.0,0.0
2023-05-05 00:00:00-04:00,186.7904694390418,188.22854721476844,186.7904694390418,188.0781707763672,137400,0.0,0.0,0.0
2023-05-08 00:00:00-04:00,187.54240425062844,187.7585820282756,186.9408554860922,187.4672088623047,424900,0.0,0.0,0.0
2023-05-09 00:00:00-04:00,187.38262564765998,187.45782103847938,186.47090125429966,186.6964874267578,77900,0.0,0.0,0.0
2023-05-10 00:00:00-04:00,187.204040234399,187.7585901123527,185.4839833003261,186.6494903564453,68700,0.0,0.0,0.0
2023-05-11 00:00:00-04:00,186.68708760384953,187.17585049557155,185.70957616246045,187.0630645751953,72700,0.0,0.0,0.0
2023-05-12 00:00:00-04:00,187.31683492754271,187.69281190296607,186.77169341177535,187.64581298828125,75300,0.0,0.0,0.0
2023-05-15 00:00:00-04:00,187.99357247736964,187.99357247736964,186.37690739549362,187.15704345703125,84900,0.0,0.0,0.0
2023-05-16 00:00:00-04:00,186.68707404415454,186.68707404415454,185.43697759658153,185.45578002929688,71900,0.0,0.0,0.0
2023-05-17 00:00:00-04:00,185.88815177463368,185.9163482529596,184.1680948864804,185.40878295898438,85900,0.0,0.0,0.0
2023-05-18 00:00:00-04:00,184.9012622245728,184.96704923739992,183.69816447920232,184.85426330566406,135600,0.0,0.0,0.0
2023-05-19 00:00:00-04:00,185.06103708759423,185.38060677163645,184.1305101748241,184.9388427734375,82700,0.0,0.0,0.0
2023-05-22 00:00:00-04:00,184.6192361147736,184.9200176456724,182.25063175613013,182.41043090820312,149200,0.0,0.0,0.0
2023-05-23 00:00:00-04:00,181.99689246967253,182.0438770420648,181.0475631608238,181.3013458251953,97800,0.0,0.0,0.0
2023-05-24 00:00:00-04:00,181.18855936165627,181.18855936165627,180.03244630634498,180.19224548339844,68900,0.0,0.0,0.0
2023-05-25 00:00:00-04:00,179.46851592617753,179.91967398510118,178.3594017013391,179.30873107910156,169800,0.0,0.0,0.0
2023-05-26 00:00:00-04:00,179.42149505821413,180.04184627712658,178.67896387828273,179.67527770996094,120300,0.0,0.0,0.0
2023-05-30 00:00:00-04:00,179.1677124397029,179.29930078840079,177.50406281874874,177.96461486816406,165400,0.0,0.0,0.0
2023-05-31 00:00:00-04:00,178.0774417829712,178.99856036174313,177.353698585765,178.2090301513672,96600,0.0,0.0,0.0
2023-06-01 00:00:00-04:00,178.35937124613363,178.71654575040702,177.67323305713015,178.528564453125,152800,0.0,0.0,0.0
2023-06-02 00:00:00-04:00,178.8575254173699,181.2261298848462,178.8575254173699,181.21673583984375,174600,0.0,0.0,0.0
2023-06-05 00:00:00-04:00,180.86898762916584,181.9311029279731,180.1264563641077,180.46482849121094,84300,0.0,0.0,0.0
2023-06-06 00:00:00-04:00,180.54000657502843,180.6152019674011,178.838752056004,179.88206481933594,114200,0.0,0.0,0.0
2023-06-07 00:00:00-04:00,178.82936035369315,179.87267321437048,178.3406117707505,179.35572814941406,81000,0.0,0.0,0.0
2023-06-08 00:00:00-04:00,179.44969677653128,180.65279438297426,179.1771260256259,180.61520385742188,84500,0.0,0.0,0.0
2023-06-09 00:00:00-04:00,180.1358335001576,180.8407741702736,179.86326275155008,180.36141967773438,94800,0.0,0.0,0.0
2023-06-12 00:00:00-04:00,180.42722455014308,180.47420912209185,179.50609173024586,180.41781616210938,211200,0.0,0.0,0.0
2023-06-13 00:00:00-04:00,180.3144458459708,181.42356011243032,180.09826802617403,181.13218688964844,133400,0.0,0.0,0.0
2023-06-14 00:00:00-04:00,181.75249048060732,182.7018197196179,181.48931378952918,182.0344696044922,189300,0.0,0.0,0.0
2023-06-15 00:00:00-04:00,182.53263184913527,184.05531342584362,182.34465054172992,183.75453186035156,256300,0.0,0.0,0.0
2023-06-16 00:00:00-04:00,184.2338808860039,184.68505322087208,183.6793310258725,183.82032775878906,102700,0.0,0.0,0.0
2023-06-20 00:00:00-04:00,183.62295150441477,183.98952008953165,182.23187255859375,182.23187255859375,100800,0.0,0.0,0.0
2023-06-21 00:00:00-04:00,182.25066794276592,183.40678104689997,181.4987426503265,182.8992156982422,246800,0.0,0.0,0.0
2023-06-22 00:00:00-04:00,183.35977903109637,184.20570214181905,183.3315825502093,184.02711486816406,278200,0.0,0.0,0.0
2023-06-23 00:00:00-04:00,184.1398974790652,184.1398974790652,182.795803203409,182.88980102539062,90900,0.0,0.0,0.0
2023-06-26 00:00:00-04:00,182.6830360504453,183.04021060018897,181.6867221401661,182.9462127685547,81900,0.0,0.0,0.0
2023-06-27 00:00:00-04:00,182.53262674494044,183.67933133271822,182.53262674494044,183.51954650878906,104800,0.0,0.0,0.0
2023-06-28 00:00:00-04:00,182.87102417613085,182.87102417613085,181.6115335008777,182.50445556640625,92400,0.0,0.0,0.0
2023-06-29 00:00:00-04:00,181.91843848435835,182.79886527534396,181.32201101592273,182.47698974609375,94600,1.391,0.0,0.0
2023-06-30 00:00:00-04:00,182.90298619354039,184.43665462061603,182.90298619354039,184.08636474609375,89800,0.0,0.0,0.0
2023-07-03 00:00:00-04:00,183.93490168537832,185.44017028808594,183.58462623190331,185.44017028808594,63800,0.0,0.0,0.0
2023-07-05 00:00:00-04:00,185.02363918813563,185.364452850667,184.53134957658108,185.26031494140625,127500,0.0,0.0,0.0
2023-07-06 00:00:00-04:00,184.19999032541403,184.66386550161744,183.6130247040054,184.52186584472656,140900,0.0,0.0,0.0
2023-07-07 00:00:00-04:00,184.05797516967547,184.05797516967547,182.259245446832,182.26870727539062,121700,0.0,0.0,0.0
2023-07-10 00:00:00-04:00,182.54326254669596,184.02957860784034,182.19297264605655,182.3728485107422,89200,0.0,0.0,0.0
2023-07-11 00:00:00-04:00,182.6095142929167,183.03552769128788,181.75748749617432,182.72311401367188,100700,0.0,0.0,0.0
2023-07-12 00:00:00-04:00,183.21541635631294,183.6225061267142,182.84620279250453,183.14915466308594,190800,0.0,0.0,0.0
2023-07-13 00:00:00-04:00,183.6603646142565,184.19051593278445,182.81779960183744,183.84024047851562,106200,0.0,0.0,0.0
2023-07-14 00:00:00-04:00,183.85917006115602,184.63545890001467,183.30060439130457,184.4461212158203,753800,0.0,0.0,0.0
2023-07-17 00:00:00-04:00,183.8497095407929,184.59761295892395,183.3384963051101,184.03904724121094,902400,0.0,0.0,0.0
2023-07-18 00:00:00-04:00,183.95384215232397,185.40229646489814,183.42369082818442,183.82130432128906,102500,0.0,0.0,0.0
2023-07-19 00:00:00-04:00,184.36095851756747,185.6957988493036,184.28522053954364,185.4496612548828,170000,0.0,0.0,0.0
2023-07-20 00:00:00-04:00,185.67684284841718,187.15369704879308,185.44016712539437,186.92648315429688,119800,0.0,0.0,0.0
2023-07-21 00:00:00-04:00,187.33359762622584,188.1098865884829,187.22945971653434,187.5134735107422,81300,0.0,0.0,0.0
2023-07-24 00:00:00-04:00,187.62705139135787,188.56427802385127,187.5039753909133,188.23294067382812,84900,0.0,0.0,0.0
2023-07-25 00:00:00-04:00,188.23295123117308,188.41282710482224,187.45664787027474,188.40335083007812,81800,0.0,0.0,0.0
2023-07-26 00:00:00-04:00,187.95840729894886,189.22700029779645,187.89214560061805,188.86724853515625,57700,0.0,0.0,0.0
2023-07-27 00:00:00-04:00,189.01869955773913,189.43525113417596,187.08741760253906,187.08741760253906,79100,0.0,0.0,0.0
2023-07-28 00:00:00-04:00,188.56426756932672,189.66244634714926,188.56426756932672,188.99029541015625,62200,0.0,0.0,0.0
2023-07-31 00:00:00-04:00,189.0376174907034,189.28376947598454,187.60810139261443,188.20452880859375,230400,0.0,0.0,0.0
2023-08-01 00:00:00-04:00,188.04359483403462,188.66840774677834,187.163153657265,187.37142944335938,69100,0.0,0.0,0.0
2023-08-02 00:00:00-04:00,186.63300378947108,189.01869907397852,186.58566575671722,187.75958251953125,99600,0.0,0.0,0.0
2023-08-03 00:00:00-04:00,187.892120326484,188.27079569740076,187.541844886109,187.62704467773438,69200,0.0,0.0,0.0
2023-08-04 00:00:00-04:00,187.7501283053297,188.28974145309695,185.78098451633514,185.82830810546875,66400,0.0,0.0,0.0
2023-08-07 00:00:00-04:00,186.01765652584223,187.627048553795,186.01765652584223,187.45663452148438,91400,0.0,0.0,0.0
2023-08-08 00:00:00-04:00,187.1442393733278,187.34305335646278,185.53484718593756,186.10287475585938,68200,0.0,0.0,0.0
2023-08-09 00:00:00-04:00,186.36794710854304,187.24837393610557,186.0081953576469,186.26380920410156,89600,0.0,0.0,0.0
2023-08-10 00:00:00-04:00,187.03063767784602,187.930002616181,185.71472111867186,185.98927307128906,86500,0.0,0.0,0.0
2023-08-11 00:00:00-04:00,185.9892545365832,186.7371434572567,185.799902403769,186.41526794433594,100800,0.0,0.0,0.0
2023-08-14 00:00:00-04:00,186.51940631051707,186.98328147868116,185.17508994826878,185.61056518554688,149100,0.0,0.0,0.0
2023-08-15 00:00:00-04:00,185.01413611722862,185.28868804076242,183.53728194199957,183.6319580078125,200500,0.0,0.0,0.0
2023-08-16 00:00:00-04:00,184.16211453984738,184.75854199122887,182.95979780845008,183.05447387695312,120000,0.0,0.0,0.0
2023-08-17 00:00:00-04:00,183.41423133441035,183.59409275732307,181.0001359675396,181.27467346191406,129800,0.0,0.0,0.0
2023-08-18 00:00:00-04:00,180.85811279965085,182.30658150363968,180.72557497356857,182.02256774902344,129700,0.0,0.0,0.0
2023-08-21 00:00:00-04:00,181.74804357787895,181.95631940003432,180.16705125191177,180.8486785888672,165600,0.0,0.0,0.0
2023-08-22 00:00:00-04:00,180.6025237630847,180.6025237630847,179.81675859005273,179.93983459472656,117500,0.0,0.0,0.0
2023-08-23 00:00:00-04:00,180.46999594950898,181.18002319335938,180.36585804258925,181.18002319335938,240500,0.0,0.0,0.0
2023-08-24 00:00:00-04:00,180.75399920004452,182.13619195400614,179.68423461914062,179.68423461914062,144300,0.0,0.0,0.0
2023-08-25 00:00:00-04:00,180.3658124036283,181.31251515587937,179.69364709349347,180.91490173339844,86000,0.0,0.0,0.0
2023-08-28 00:00:00-04:00,181.4734974341578,182.00364879426152,181.16108371576644,181.71963500976562,89200,0.0,0.0,0.0
2023-08-29 00:00:00-04:00,181.73856787391634,182.6473946234485,181.02854065592027,182.56219482421875,113600,0.0,0.0,0.0
2023-08-30 00:00:00-04:00,182.6852774933443,183.3006286598317,182.46753984996988,182.90301513671875,104400,0.0,0.0,0.0
2023-08-31 00:00:00-04:00,182.63794417006247,183.0166340439052,182.2024688720703,182.2024688720703,68700,0.0,0.0,0.0
2023-09-01 00:00:00-04:00,182.81781195424992,182.95034979283705,180.2522405377276,180.6782684326172,67800,0.0,0.0,0.0
2023-09-05 00:00:00-04:00,180.51731396040685,180.77292780504004,178.9647216796875,178.9647216796875,99900,0.0,0.0,0.0
2023-09-06 00:00:00-04:00,178.91741612944185,179.23929170222743,178.25471243241682,178.54820251464844,101200,0.0,0.0,0.0
2023-09-07 00:00:00-04:00,178.96470783042108,179.79781099554606,178.46295645475433,179.22032165527344,116400,0.0,0.0,0.0
2023-09-08 00:00:00-04:00,179.2392511874958,179.47592689849517,178.8794994842043,179.4285888671875,131000,0.0,0.0,0.0
2023-09-11 00:00:00-04:00,179.8830184051677,181.1421350346664,179.8830184051677,180.88653564453125,71000,0.0,0.0,0.0
2023-09-12 00:00:00-04:00,181.151613771683,181.2368135695529,179.61794518232185,179.93035888671875,67900,0.0,0.0,0.0
2023-09-13 00:00:00-04:00,179.93982269392973,180.58357371617564,179.67473259857846,180.17649841308594,51200,0.0,0.0,0.0
2023-09-14 00:00:00-04:00,180.82026482744348,182.16458129321927,180.71612692432853,182.03204345703125,103200,0.0,0.0,0.0
2023-09-15 00:00:00-04:00,181.89950751984935,182.26872109919483,180.54572921076283,180.55519104003906,71100,0.0,0.0,0.0
2023-09-18 00:00:00-04:00,181.10426520468792,181.16106506663178,180.00608638864145,180.68771362304688,80500,0.0,0.0,0.0
2023-09-19 00:00:00-04:00,180.38478031323223,180.526794428234,179.45701543316017,180.12918090820312,94400,0.0,0.0,0.0
2023-09-20 00:00:00-04:00,180.63094429003897,181.49244752989802,179.98717870627829,180.29013061523438,98900,0.0,0.0,0.0
2023-09-21 00:00:00-04:00,179.95876740503496,180.13864328392467,178.1316375732422,178.1316375732422,112600,0.0,0.0,0.0
2023-09-22 00:00:00-04:00,178.28310012579178,178.6238993079304,177.17544500168077,177.3174591064453,120600,0.0,0.0,0.0
2023-09-25 00:00:00-04:00,176.76838212918972,176.8725200351342,175.84061725066533,176.54116821289062,246400,0.0,0.0,0.0
2023-09-26 00:00:00-04:00,175.87847091516772,176.11514665000303,175.0169677734375,175.0169677734375,105900,0.0,0.0,0.0
2023-09-27 00:00:00-04:00,174.9223013388149,175.37671469245709,172.92475761388891,173.8619842529297,277500,0.0,0.0,0.0
2023-09-28 00:00:00-04:00,174.10857793312306,174.76548596372274,173.65158959109291,174.2133026123047,141700,1.029,0.0,0.0
2023-09-29 00:00:00-04:00,174.9463934629931,175.17488767661692,173.02328830767803,173.90867614746094,149400,0.0,0.0,0.0
2023-10-02 00:00:00-04:00,173.41360030418167,173.45168993388418,171.52857038815225,172.6805419921875,174300,0.0,0.0,0.0
2023-10-03 00:00:00-04:00,172.19497324335103,172.82332131658342,171.00492667750282,171.30958557128906,212100,0.0,0.0,0.0
2023-10-04 00:00:00-04:00,171.61421909355843,172.499621236606,170.45273255653197,172.26161193847656,520600,0.0,0.0,0.0
2023-10-05 00:00:00-04:00,171.99503840707297,172.11879336070535,168.81523774964904,168.89138793945312,195900,0.0,0.0,0.0
2023-10-06 00:00:00-04:00,168.17735732084375,168.7295406129937,164.46441823372152,168.1392822265625,213500,0.0,0.0,0.0
2023-10-09 00:00:00-04:00,167.58710256310525,168.41537025579723,166.45417600183012,168.38681030273438,210400,0.0,0.0,0.0
2023-10-10 00:00:00-04:00,169.48167678727123,170.938292630291,169.32934733948122,170.16714477539062,214600,0.0,0.0,0.0
2023-10-11 00:00:00-04:00,170.7859551918969,171.01444935289132,168.32018229477248,169.03421020507812,140100,0.0,0.0,0.0
2023-10-12 00:00:00-04:00,169.44358304861413,169.44358304861413,166.2447373573542,166.73028564453125,115100,0.0,0.0,0.0
2023-10-13 00:00:00-04:00,166.97779573737367,168.2344917526668,166.82546630638043,168.1392822265625,100700,0.0,0.0,0.0
2023-10-16 00:00:00-04:00,168.85332877912083,170.41466930226528,168.5486698834167,169.88153076171875,110000,0.0,0.0,0.0
2023-10-17 00:00:00-04:00,169.31029443354058,171.12868899640628,169.31029443354058,170.88116455078125,135400,0.0,0.0,0.0
2023-10-18 00:00:00-04:00,171.36670548214008,172.5757968605838,171.10013621354494,171.30958557128906,121600,0.0,0.0,0.0
2023-10-19 00:00:00-04:00,171.1667849578517,171.90938743911815,170.03387273917514,170.1195526123047,119800,0.0,0.0,0.0
2023-10-20 00:00:00-04:00,170.23377641046875,171.09061864187692,169.39597899138576,169.41502380371094,99300,0.0,0.0,0.0
2023-10-23 00:00:00-04:00,169.0437353008723,170.21473707518075,168.54867185303576,168.9390106201172,125100,0.0,0.0,0.0
2023-10-24 00:00:00-04:00,169.47214537148844,170.84308133360335,169.47214537148844,170.60507202148438,89600,0.0,0.0,0.0
2023-10-25 00:00:00-04:00,170.25283705991384,171.62377313614468,169.7673032524724,171.04302978515625,94500,0.0,0.0,0.0
2023-10-26 00:00:00-04:00,171.25244872241527,171.69037768024933,170.09096222687143,170.1861572265625,120100,0.0,0.0,0.0
2023-10-27 00:00:00-04:00,169.929141236916,170.28139038583507,167.4347936571096,167.84417724609375,1461000,0.0,0.0,0.0
2023-10-30 00:00:00-04:00,168.56770048478285,170.652664229808,168.56770048478285,170.36705017089844,206100,0.0,0.0,0.0
2023-10-31 00:00:00-04:00,170.58602081219541,171.0239643219236,169.7101483196741,170.88116455078125,95300,0.0,0.0,0.0
2023-11-01 00:00:00-04:00,170.92877463848137,171.23343355487597,169.81489271341985,170.62413024902344,168300,0.0,0.0,0.0
2023-11-02 00:00:00-04:00,171.4047786508897,173.17556850201547,170.87164011970097,172.95660400390625,152600,0.0,0.0,0.0
2023-11-03 00:00:00-04:00,174.04191147450098,174.67977463059168,173.42309312921523,173.44212341308594,107000,0.0,0.0,0.0
2023-11-06 00:00:00-05:00,173.61352265735567,174.26090104860626,173.3755133322895,173.85153198242188,265800,0.0,0.0,0.0
2023-11-07 00:00:00-05:00,173.66113992245212,174.7274171268463,173.54688555988318,174.0895538330078,88400,0.0,0.0,0.0
2023-11-08 00:00:00-05:00,174.29896281798187,174.60360715136923,172.88995190633054,173.327880859375,80000,0.0,0.0,0.0
2023-11-09 00:00:00-05:00,173.44215042200582,173.68015974986142,172.2045135387059,172.5567626953125,137800,0.0,0.0,0.0
2023-11-10 00:00:00-05:00,172.97566132966176,173.71824926995703,172.0236240188282,173.546875,106100,0.0,0.0,0.0
2023-11-13 00:00:00-05:00,173.38502391655373,174.6131601366866,173.38502391655373,174.10858154296875,125000,0.0,0.0,0.0
2023-11-14 00:00:00-05:00,175.10819455738692,176.49817525595415,175.10819455738692,176.1554412841797,112200,0.0,0.0,0.0
2023-11-15 00:00:00-05:00,176.86948074657528,177.5073439666267,176.67907620023593,177.18365478515625,163400,0.0,0.0,0.0
2023-11-16 00:00:00-05:00,175.65087261974688,176.01265142335544,174.78451523580824,175.0034942626953,144200,0.0,0.0,0.0
2023-11-17 00:00:00-05:00,175.2986011451422,175.2986011451422,174.34656401650196,174.7083282470703,96400,0.0,0.0,0.0
2023-11-20 00:00:00-05:00,174.19425061351416,175.08916792106845,174.08001079618725,174.77499389648438,120600,0.0,0.0,0.0
2023-11-21 00:00:00-05:00,174.79403329798006,175.43189646987008,174.1656852682611,175.25100708007812,119200,0.0,0.0,0.0
2023-11-22 00:00:00-05:00,175.5746971037244,176.6695485900511,175.5746971037244,176.66001892089844,94500,0.0,0.0,0.0
2023-11-24 00:00:00-05:00,176.60292220403892,177.40263006340373,176.60292220403892,177.1551055908203,47900,0.0,0.0,0.0
2023-11-27 00:00:00-05:00,177.10749825145837,177.3740675340479,176.67908437064918,176.82188415527344,116700,0.0,0.0,0.0
2023-11-28 00:00:00-05:00,176.60290788008044,177.8786342942052,176.60290788008044,177.2883758544922,359900,0.0,0.0,0.0
2023-11-29 00:00:00-05:00,177.63110725871107,177.63110725871107,175.71751766535002,175.9650421142578,94800,0.0,0.0,0.0
2023-11-30 00:00:00-05:00,176.1173821733396,177.7263129786313,175.07965049462518,177.56446838378906,99000,0.0,0.0,0.0
2023-12-01 00:00:00-05:00,177.56446105126477,178.6973876953125,177.26933183009646,178.6973876953125,92500,0.0,0.0,0.0
2023-12-04 00:00:00-05:00,177.83104445342283,179.66848403340225,177.83104445342283,179.13534545898438,186800,0.0,0.0,0.0
2023-12-05 00:00:00-05:00,178.84019840549448,179.19244752988584,177.69774211472264,177.81199645996094,106400,0.0,0.0,0.0
2023-12-06 00:00:00-05:00,177.65016181817103,177.83103669829615,176.9551641461008,177.3645477294922,85300,0.0,0.0,0.0
2023-12-07 00:00:00-05:00,177.73583256957423,178.7354745652046,177.32644900718253,178.23089599609375,206500,0.0,0.0,0.0
2023-12-08 00:00:00-05:00,178.13570019857013,178.2499400262163,176.97421352771264,177.1074981689453,96700,0.0,0.0,0.0
2023-12-11 00:00:00-05:00,177.83103559736125,178.9163575060729,177.83103559736125,178.7926025390625,117600,0.0,0.0,0.0
2023-12-12 00:00:00-05:00,179.10677570489867,179.40190493338457,178.52603239090075,179.3638153076172,115000,0.0,0.0,0.0
2023-12-13 00:00:00-05:00,179.48757628996685,182.7911466122493,178.99251286701684,182.78163146972656,97500,0.0,0.0,0.0
2023-12-14 00:00:00-05:00,182.99109025625557,183.36238421087927,180.32538299198836,180.4205780029297,120200,0.0,0.0,0.0
2023-12-15 00:00:00-05:00,180.23016629071915,180.6681098098377,179.62086304255553,179.99215698242188,144800,0.0,0.0,0.0
2023-12-18 00:00:00-05:00,180.9061384888714,182.43891917950754,180.42059015071567,181.80105590820312,162500,0.0,0.0,0.0
2023-12-19 00:00:00-05:00,181.8317649200659,182.57178203484347,181.66838718438356,182.48529052734375,100800,1.792,0.0,0.0
2023-12-20 00:00:00-05:00,181.4473577267422,181.73567743104059,179.06394318933772,179.1119842529297,129200,0.0,0.0,0.0
2023-12-21 00:00:00-05:00,180.07306640021812,180.50555335196813,178.99668832282592,180.486328125,142900,0.0,0.0,0.0
2023-12-22 00:00:00-05:00,180.81306235115633,182.09126849969357,180.81306235115633,181.60113525390625,181200,0.0,0.0,0.0
2023-12-26 00:00:00-05:00,181.57229370373727,182.85049987775216,181.4185358967028,182.56219482421875,101400,0.0,0.0,0.0
2023-12-27 00:00:00-05:00,182.5045135363269,183.32141693501572,182.27386950059326,183.2733612060547,96700,0.0,0.0,0.0
2023-12-28 00:00:00-05:00,183.03311030928782,183.66741078199524,182.9754492962327,183.41754150390625,118100,0.0,0.0,0.0
2023-12-29 00:00:00-05:00,183.13882320798763,183.70584271052036,182.917784441069,183.52325439453125,108700,0.0,0.0,0.0
2024-01-02 00:00:00-05:00,182.90818463470472,185.83939369786734,182.90818463470472,185.62796020507812,208800,0.0,0.0,0.0
2024-01-03 00:00:00-05:00,185.82016312523788,185.82016312523788,183.67699792136037,183.9845428466797,76600,0.0,0.0,0.0
2024-01-04 00:00:00-05:00,183.98454884309564,184.84949331078545,183.68662385232582,183.7346649169922,107100,0.0,0.0,0.0
2024-01-05 00:00:00-05:00,183.7346686531111,184.42663010715336,182.27387417417737,183.18687438964844,107700,0.0,0.0,0.0
2024-01-08 00:00:00-05:00,183.28298354690295,184.72456744728444,183.2253078726659,184.6188507080078,100700,0.0,0.0,0.0
2024-01-09 00:00:00-05:00,183.9461101811372,185.1282196044922,183.52325786476896,185.1282196044922,117000,0.0,0.0,0.0
2024-01-10 00:00:00-05:00,185.12822562504712,185.84901763926763,184.40743361082664,184.8783416748047,111400,0.0,0.0,0.0
2024-01-11 00:00:00-05:00,184.83988006796613,184.97442730524497,183.7058264984309,184.7918243408203,122900,0.0,0.0,0.0
2024-01-12 00:00:00-05:00,185.3300215931401,185.94509680033576,184.83028306917151,185.4453582763672,93900,0.0,0.0,0.0
2024-01-16 00:00:00-05:00,185.13782695509454,185.36848567396115,183.77312919703965,184.54197692871094,178500,0.0,0.0,0.0
2024-01-17 00:00:00-05:00,183.75388975448288,184.83028236136553,183.75388975448288,184.13832092285156,122900,0.0,0.0,0.0
2024-01-18 00:00:00-05:00,183.81155290975062,184.12870312815164,182.66790866494358,183.99415588378906,75300,0.0,0.0,0.0
2024-01-19 00:00:00-05:00,184.23443723566885,184.36898449271538,182.44687244087837,183.40792846679688,168400,0.0,0.0,0.0
2024-01-22 00:00:00-05:00,182.83129602865367,183.43675132784912,182.35076803572522,182.75440979003906,198500,0.0,0.0,0.0
2024-01-23 00:00:00-05:00,183.47520717609896,184.73418820827456,183.47520717609896,184.4170379638672,88100,0.0,0.0,0.0
2024-01-24 00:00:00-05:00,184.49392172556165,184.49392172556165,182.17777324315193,182.18739318847656,85600,0.0,0.0,0.0
2024-01-25 00:00:00-05:00,183.01387641316296,184.03260803222656,182.32192962473192,184.03260803222656,75400,0.0,0.0,0.0
2024-01-26 00:00:00-05:00,184.34978393128117,185.03212553455032,184.34978393128117,184.76303100585938,82600,0.0,0.0,0.0
2024-01-29 00:00:00-05:00,185.0993652051227,185.83936766165937,184.62844255269587,185.74327087402344,177600,0.0,0.0,0.0
2024-01-30 00:00:00-05:00,185.45494910388308,186.97341911118312,184.90714022875682,186.75238037109375,597800,0.0,0.0,0.0
2024-01-31 00:00:00-05:00,186.9638063625593,187.23291550310756,185.16663654116147,185.2531280517578,734300,0.0,0.0,0.0
2024-02-01 00:00:00-05:00,185.4261352586036,188.96281407593344,184.8879462789708,188.943603515625,151400,0.0,0.0,0.0
2024-02-02 00:00:00-05:00,188.5015048186645,189.33761876423938,187.61733514487915,188.549560546875,130600,0.0,0.0,0.0
2024-02-05 00:00:00-05:00,188.5880185156553,188.5880185156553,187.16565971350883,187.23294067382812,101500,0.0,0.0,0.0
2024-02-06 00:00:00-05:00,187.38669666731099,187.96333613895774,186.85811292905993,187.83839416503906,81000,0.0,0.0,0.0
2024-02-07 00:00:00-05:00,188.33812640256207,188.43423785864022,187.3866757797661,187.46356201171875,77400,0.0,0.0,0.0
2024-02-08 00:00:00-05:00,187.33861628241297,188.35734783687627,186.97342501867232,187.79031372070312,94000,0.0,0.0,0.0
2024-02-09 00:00:00-05:00,187.48278846075328,187.48278846075328,185.95471308515286,186.2141876220703,68600,0.0,0.0,0.0
2024-02-12 00:00:00-05:00,186.33913866181797,187.75189208984375,185.70483821157168,187.75189208984375,155600,0.0,0.0,0.0
2024-02-13 00:00:00-05:00,186.97342894793942,187.7422766036045,184.44584722922593,185.53184509277344,859600,0.0,0.0,0.0
2024-02-14 00:00:00-05:00,185.5799115829033,185.5799115829033,184.4650831507659,185.41651916503906,824400,0.0,0.0,0.0
2024-02-15 00:00:00-05:00,186.06044106838326,186.9638213590991,185.8778380883337,186.74278259277344,84000,0.0,0.0,0.0
2024-02-16 00:00:00-05:00,186.4929036846369,187.76148986990486,185.83937803530836,186.89654541015625,133400,0.0,0.0,0.0
2024-02-20 00:00:00-05:00,188.0978775225841,189.88544223143222,188.0978775225841,188.7513885498047,129600,0.0,0.0,0.0
2024-02-21 00:00:00-05:00,189.12619103498776,189.59711372247213,188.34773807380625,189.14541625976562,113500,0.0,0.0,0.0
2024-02-22 00:00:00-05:00,188.5207345935394,189.9911489920684,187.89603944082236,189.75088500976562,82800,0.0,0.0,0.0
2024-02-23 00:00:00-05:00,189.99113844841494,191.40389175911776,189.77009970303695,190.52932739257812,81000,0.0,0.0,0.0
2024-02-26 00:00:00-05:00,190.74076770829058,190.82725922073382,190.0295810553641,190.29867553710938,92000,0.0,0.0,0.0
2024-02-27 00:00:00-05:00,190.26988414586702,190.4524871527059,189.87586228666737,190.32754516601562,70700,0.0,0.0,0.0
2024-02-28 00:00:00-05:00,190.29868868947528,190.76961139735175,189.88544165842998,190.6638946533203,80100,0.0,0.0,0.0
2024-02-29 00:00:00-05:00,191.06754196817278,191.56729519674357,190.1064859633717,190.5966339111328,332700,0.0,0.0,0.0
2024-03-01 00:00:00-05:00,190.30832687603507,190.769629683048,189.46259284271812,190.53897094726562,85400,0.0,0.0,0.0
2024-03-04 00:00:00-05:00,189.9335040192957,190.95222104394483,189.9335040192957,190.63507080078125,99500,0.0,0.0,0.0
2024-03-05 00:00:00-05:00,191.5768917327132,192.3841752204041,190.78883347031496,191.21170043945312,104900,0.0,0.0,0.0
2024-03-06 00:00:00-05:00,191.80753309973863,192.85508048294554,191.80753309973863,192.44183349609375,95300,0.0,0.0,0.0
2024-03-07 00:00:00-05:00,193.181871014841,193.81617152629443,193.09537948997504,193.6431884765625,185100,0.0,0.0,0.0
2024-03-08 00:00:00-05:00,192.52833961975435,192.8166593367606,191.85560338977308,192.22079467773438,268400,0.0,0.0,0.0
2024-03-11 00:00:00-04:00,192.46105838194322,193.50862050767975,192.12469759972137,193.0665283203125,76900,0.0,0.0,0.0
2024-03-12 00:00:00-04:00,193.49900423039063,194.71954941048054,193.3548517016419,194.24862670898438,68400,0.0,0.0,0.0
2024-03-13 00:00:00-04:00,194.12369736434977,194.9982471371463,194.12369736434977,194.83486938476562,66000,0.0,0.0,0.0
2024-03-14 00:00:00-04:00,194.95020336954946,195.13279167999758,192.58599930384128,193.24913024902344,83100,0.0,0.0,0.0
2024-03-15 00:00:00-04:00,192.72053626856234,193.43172290573588,192.42261128926842,193.1818389892578,86900,0.0,0.0,0.0
2024-03-18 00:00:00-04:00,193.33564722307912,195.09438158529375,193.33564722307912,194.4024200439453,72100,0.0,0.0,0.0
2024-03-19 00:00:00-04:00,194.4504623472948,195.1904795737783,194.4504623472948,195.10397338867188,95600,0.0,0.0,0.0
2024-03-20 00:00:00-04:00,195.2961741542171,195.978515625,194.92136294313306,195.978515625,67400,0.0,0.0,0.0
2024-03-21 00:00:00-04:00,195.9400987448922,196.82426849058098,195.50761182037604,196.07464599609375,112900,0.0,0.0,0.0
2024-03-22 00:00:00-04:00,196.31784356850073,196.31784356850073,195.25619063960596,195.27549743652344,65500,0.862,0.0,0.0
2024-03-25 00:00:00-04:00,195.21759953576412,195.7484260213209,194.4068760274721,194.59991455078125,78400,0.0,0.0,0.0
2024-03-26 00:00:00-04:00,195.07282640323916,195.352723434239,194.7543305025008,194.83154296875,67800,0.0,0.0,0.0
2024-03-27 00:00:00-04:00,195.7773844940046,196.76181030273438,195.7773844940046,196.76181030273438,96700,0.0,0.0,0.0
2024-03-28 00:00:00-04:00,197.29262089004874,197.63042356155174,196.88726652030766,197.0223846435547,91500,0.0,0.0,0.0
2024-04-01 00:00:00-04:00,197.02239439641585,197.17681932399123,195.37200927734375,195.37200927734375,99400,0.0,0.0,0.0
2024-04-02 00:00:00-04:00,195.12108246294045,195.41062552438052,193.92431134814836,194.20420837402344,59700,0.0,0.0,0.0
2024-04-03 00:00:00-04:00,193.92431157394378,193.92431157394378,191.73346862962018,192.08091735839844,74200,0.0,0.0,0.0
2024-04-04 00:00:00-04:00,192.65034567073747,193.1425585745584,190.9227627627301,191.23159790039062,113100,0.0,0.0,0.0
2024-04-05 00:00:00-04:00,191.14474410896548,191.96509896888318,190.63322439431903,191.59835815429688,61700,0.0,0.0,0.0
2024-04-08 00:00:00-04:00,191.39564658494737,192.0905439722448,191.1640239403618,191.45355224609375,66000,0.0,0.0,0.0
2024-04-09 00:00:00-04:00,191.82034067527337,192.40907287597656,191.0096318264675,192.40907287597656,93300,0.0,0.0,0.0
2024-04-10 00:00:00-04:00,190.75867942071602,191.5790489973076,190.1699472453058,191.41497802734375,88600,0.0,0.0,0.0
2024-04-11 00:00:00-04:00,192.10021614610343,192.10021614610343,190.22786903159317,190.70077514648438,50200,0.0,0.0,0.0
2024-04-12 00:00:00-04:00,190.1120391988559,190.41122830074036,188.49062159118327,188.7222442626953,116000,0.0,0.0,0.0
2024-04-15 00:00:00-04:00,189.82250517848934,190.2761192341797,187.62200133362964,187.7860870361328,129200,0.0,0.0,0.0
2024-04-16 00:00:00-04:00,188.19141510653864,188.60641550584657,187.60268299287173,188.15280151367188,107900,0.0,0.0,0.0
2024-04-17 00:00:00-04:00,189.04074028333272,189.35923618363694,187.83432311253128,188.5292205810547,72800,0.0,0.0,0.0
2024-04-18 00:00:00-04:00,189.02145112960665,189.74530144326081,188.86702619493505,189.41714477539062,90000,0.0,0.0,0.0
2024-04-19 00:00:00-04:00,189.27238147058372,191.42462562288048,189.16621616835712,191.2798614501953,156900,0.0,0.0,0.0
2024-04-22 00:00:00-04:00,191.76242815157144,193.58653035958693,190.9999642380719,193.2101287841797,82300,0.0,0.0,0.0
2024-04-23 00:00:00-04:00,193.21976767538374,193.81816059560686,193.00743707897743,193.6251220703125,190600,0.0,0.0,0.0
2024-04-24 00:00:00-04:00,192.30292429813719,195.36239690997118,191.69488524525414,195.101806640625,95000,0.0,0.0,0.0
2024-04-25 00:00:00-04:00,195.41062829516252,196.11517179746488,194.04014016013699,194.51304626464844,71300,0.0,0.0,0.0
2024-04-26 00:00:00-04:00,193.78919763709013,195.27551184722805,193.78919763709013,194.18490600585938,59500,0.0,0.0,0.0
2024-04-29 00:00:00-04:00,194.38758527672366,194.9087510035914,193.81815991870084,194.85084533691406,51100,0.0,0.0,0.0
2024-04-30 00:00:00-04:00,194.5999367387667,194.5999367387667,193.56723648304828,193.7988739013672,54300,0.0,0.0,0.0
2024-05-01 00:00:00-04:00,193.45138535487072,194.16557480929745,191.9554252969253,192.6792755126953,218700,0.0,0.0,0.0
2024-05-02 00:00:00-04:00,193.35487695352927,195.19828580757098,192.9398765420469,194.6288604736328,96600,0.0,0.0,0.0
2024-05-03 00:00:00-04:00,194.8701474818802,195.42992679101502,193.654069603605,195.25619506835938,79300,0.0,0.0,0.0
2024-05-06 00:00:00-04:00,195.70017533873565,195.91250594266702,194.28142754281805,195.3334197998047,87400,0.0,0.0,0.0
2024-05-07 00:00:00-04:00,196.16343758705577,197.61113823345468,196.16343758705577,197.4470672607422,232100,0.0,0.0,0.0
2024-05-08 00:00:00-04:00,197.4084476254884,197.65939182165693,196.61704562091688,196.82937622070312,77400,0.0,0.0,0.0
2024-05-09 00:00:00-04:00,197.06099926561862,198.77895086535756,196.82937659397408,198.69207763671875,99100,0.0,0.0,0.0
2024-05-10 00:00:00-04:00,198.83686024118637,199.9660649668273,198.72103417643208,199.89849853515625,155900,0.0,0.0,0.0
2024-05-13 00:00:00-04:00,200.33282965404499,200.94085393298704,199.23256298588507,199.47384643554688,169000,0.0,0.0,0.0
2024-05-14 00:00:00-04:00,199.85024914628218,199.85024914628218,198.3639349505805,199.14569091796875,164300,0.0,0.0,0.0
2024-05-15 00:00:00-04:00,199.2325439453125,199.59929946631513,199.13603941073453,199.2325439453125,62700,0.0,0.0,0.0
2024-05-16 00:00:00-04:00,200.86361355658292,202.38852651380725,200.54511768006415,201.78050231933594,123200,0.0,0.0,0.0
2024-05-17 00:00:00-04:00,201.78051296477057,201.78051296477057,201.07595474919268,201.22073364257812,72500,0.0,0.0,0.0
2024-05-20 00:00:00-04:00,201.23037485349178,201.23037485349178,199.78267431497747,200.0818634033203,71200,0.0,0.0,0.0
2024-05-21 00:00:00-04:00,200.57410035633896,201.1338649644185,200.09153348768461,201.00840759277344,47300,0.0,0.0,0.0
2024-05-22 00:00:00-04:00,199.9274467001791,200.93119402848703,199.76337573294595,200.30384826660156,62400,0.0,0.0,0.0
2024-05-23 00:00:00-04:00,200.07222439700578,200.07222439700578,198.016484847526,198.12265014648438,59300,0.0,0.0,0.0
2024-05-24 00:00:00-04:00,198.82718989899382,199.30975675303156,198.60521326963251,198.65347290039062,41500,0.0,0.0,0.0
2024-05-28 00:00:00-04:00,198.17092136970493,198.17092136970493,196.24065380429812,196.91624450683594,53600,0.0,0.0,0.0
2024-05-29 00:00:00-04:00,195.90282698644882,196.07655870388194,195.21759033203125,195.21759033203125,58900,0.0,0.0,0.0
2024-05-30 00:00:00-04:00,195.61329064056176,196.10551825116917,195.4106208111823,195.57469177246094,53200,0.0,0.0,0.0
2024-05-31 00:00:00-04:00,195.59399978694353,198.82718885597254,195.16933860133457,198.7210235595703,44500,0.0,0.0,0.0
2024-06-03 00:00:00-04:00,198.30603146616858,199.57035431394067,197.60148795687041,198.74998474121094,104400,0.0,0.0,0.0
2024-06-04 00:00:00-04:00,198.64384187976296,200.2556135268648,198.32534596481142,199.8116455078125,75600,0.0,0.0,0.0
2024-06-05 00:00:00-04:00,199.8405778305275,199.8405778305275,198.2094995517303,199.51243591308594,109100,0.0,0.0,0.0
2024-06-06 00:00:00-04:00,199.3773227980809,200.74781089370032,199.30011033437074,200.1976776123047,46700,0.0,0.0,0.0
2024-06-07 00:00:00-04:00,199.9370840411757,200.36174518980772,198.84647833916804,198.92369079589844,49900,0.0,0.0,0.0
2024-06-10 00:00:00-04:00,199.0684873079034,199.0684873079034,197.1671725913111,198.40255737304688,40100,0.0,0.0,0.0
2024-06-11 00:00:00-04:00,198.05510131531096,198.31567682190095,196.8486841400056,198.23846435546875,61100,0.0,0.0,0.0
2024-06-12 00:00:00-04:00,199.1939655772005,199.1939655772005,196.30821019640544,196.51089477539062,63300,0.0,0.0,0.0
2024-06-13 00:00:00-04:00,196.62668836940728,196.7521604653939,195.4299319834619,196.52052307128906,41300,0.0,0.0,0.0
2024-06-14 00:00:00-04:00,196.07658204194507,196.59774780273438,195.41063737826732,196.59774780273438,81900,0.0,0.0,0.0
2024-06-17 00:00:00-04:00,196.11516124387313,198.82718453410413,195.92213745282066,198.54730224609375,71900,0.0,0.0,0.0
2024-06-18 00:00:00-04:00,198.36393909828234,199.0974354490069,198.11300962411215,198.8079071044922,54600,0.0,0.0,0.0
2024-06-20 00:00:00-04:00,198.4701056758263,199.44488547109322,197.9778927602153,198.28672790527344,60000,0.0,0.0,0.0
2024-06-21 00:00:00-04:00,198.98161194369646,199.64755654890325,198.42183263391064,198.53765869140625,53900,0.0,0.0,0.0
2024-06-24 00:00:00-04:00,198.98161822133153,201.02769700479067,198.77894838617027,200.43896484375,80100,0.0,0.0,0.0
2024-06-25 00:00:00-04:00,200.15908927063876,200.3907266739516,198.7886011029424,199.12640380859375,56300,0.0,0.0,0.0
2024-06-26 00:00:00-04:00,198.28673533831542,199.3580344403816,197.85242807569898,198.9623260498047,76800,0.0,0.0,0.0
2024-06-27 00:00:00-04:00,199.0684986918773,199.0684986918773,197.49534056146277,198.35430908203125,78800,0.0,0.0,0.0
2024-06-28 00:00:00-04:00,198.29688457268466,198.58861501138634,197.00355767026085,197.43142700195312,71800,1.541,0.0,0.0
2024-07-01 00:00:00-04:00,198.37471099088805,199.13320134586974,196.07978727021742,196.20620727539062,128300,0.0,0.0,0.0
2024-07-02 00:00:00-04:00,196.44928733516485,197.46060272756827,195.7977644165352,197.3341827392578,113800,0.0,0.0,0.0
2024-07-03 00:00:00-04:00,197.20780714874007,197.70373859271223,196.6048935155258,196.91607666015625,35900,0.0,0.0,0.0
2024-07-05 00:00:00-04:00,197.05221143263662,199.16237200943974,196.7021378213035,198.9192657470703,75500,0.0,0.0,0.0
2024-07-08 00:00:00-04:00,199.23044237848552,199.23044237848552,198.28718892425562,198.58863830566406,129700,0.0,0.0,0.0
2024-07-09 00:00:00-04:00,198.6761496970963,198.81228860379525,197.7426300048828,197.7426300048828,57400,0.0,0.0,0.0
2024-07-10 00:00:00-04:00,198.17048000279812,198.69559780091555,197.74262547584937,198.5205535888672,69900,0.0,0.0,0.0
2024-07-11 00:00:00-04:00,198.46222937667642,199.24989131088526,197.97601684069275,198.82203674316406,112800,0.0,0.0,0.0
2024-07-12 00:00:00-04:00,199.46381076512134,200.67934201215533,199.25960982491526,199.63885498046875,64800,0.0,0.0,0.0
2024-07-15 00:00:00-04:00,199.73610805470062,200.12508699449955,198.2482988502894,198.4525146484375,64900,0.0,0.0,0.0
2024-07-16 00:00:00-04:00,198.50111956270501,200.38762643265096,198.1996701874508,200.31954956054688,60000,0.0,0.0,0.0
2024-07-17 00:00:00-04:00,200.3778887400954,203.2368205516043,200.3778887400954,202.86729431152344,55800,0.0,0.0,0.0
2024-07-18 00:00:00-04:00,202.18661498107204,203.81056303694535,201.64205932617188,201.64205932617188,81800,0.0,0.0,0.0
2024-07-19 00:00:00-04:00,202.0309927432144,202.34217583479312,200.81546161303473,201.09747314453125,50700,0.0,0.0,0.0
2024-07-22 00:00:00-04:00,201.57396485285275,201.57396485285275,200.0764369326117,201.21417236328125,48400,0.0,0.0,0.0
2024-07-23 00:00:00-04:00,201.46700489070327,201.65176801525814,200.42651785382859,200.4654083251953,45500,0.0,0.0,0.0
2024-07-24 00:00:00-04:00,199.7749916290324,200.65016818179566,199.0748444516107,200.16395568847656,82700,0.0,0.0,0.0
2024-07-25 00:00:00-04:00,200.63072389584335,202.954818945444,200.3778839111328,200.3778839111328,55100,0.0,0.0,0.0
2024-07-26 00:00:00-04:00,201.26280866000315,202.7603366701331,200.96135927626472,202.54640197753906,82500,0.0,0.0,0.0
2024-07-29 00:00:00-04:00,202.41998940522382,202.99371658798654,201.3308633269647,202.61447143554688,207200,0.0,0.0,0.0
2024-07-30 00:00:00-04:00,200.79604325883366,202.0407460697281,199.88196138626444,201.81707763671875,76300,0.0,0.0,0.0
2024-07-31 00:00:00-04:00,201.80736980440736,202.82841907635958,200.56266692519873,201.64205932617188,51900,0.0,0.0,0.0
2024-08-01 00:00:00-04:00,201.81706621677964,203.39240471488577,201.26279171483694,203.2076416015625,212000,0.0,0.0,0.0
2024-08-02 00:00:00-04:00,203.8980606753046,205.33726031490525,200.83492795369423,204.3453826904297,438500,0.0,0.0,0.0
2024-08-05 00:00:00-04:00,202.85757939850018,203.56744549229506,199.52215394004276,200.31954956054688,141100,0.0,0.0,0.0
2024-08-06 00:00:00-04:00,201.20445484305705,203.6646888391538,201.009972815948,201.49618530273438,110700,0.0,0.0,0.0
2024-08-07 00:00:00-04:00,202.56585459651953,204.3940183918046,201.57397691630865,201.7295684814453,121200,0.0,0.0,0.0
2024-08-08 00:00:00-04:00,201.28226177290108,203.8105579414457,201.28226177290108,203.4993896484375,91700,0.0,0.0,0.0
2024-08-09 00:00:00-04:00,203.15903264916355,203.70358828427226,201.9726729420932,203.3437957763672,170900,0.0,0.0,0.0
2024-08-12 00:00:00-04:00,203.43129367268583,203.43129367268583,201.79762690222515,202.10879516601562,63400,0.0,0.0,0.0
2024-08-13 00:00:00-04:00,202.27410068999544,203.3632266817596,201.37947155113577,203.28543090820312,57000,0.0,0.0,0.0
2024-08-14 00:00:00-04:00,203.24653772568686,204.8607667377098,203.1784756935318,204.3453826904297,64500,0.0,0.0,0.0
2024-08-15 00:00:00-04:00,206.97093752160836,207.54466472179908,205.9790746854229,206.47500610351562,92800,0.0,0.0,0.0
2024-08-16 00:00:00-04:00,206.1638197831311,207.19460275144854,206.12492931169837,207.12652587890625,129600,0.0,0.0,0.0
2024-08-19 00:00:00-04:00,207.3501785816488,208.24480780102633,207.3501785816488,207.79750061035156,79900,0.0,0.0,0.0
2024-08-20 00:00:00-04:00,207.8266832650736,208.51709674257987,207.37936121249717,208.43931579589844,48100,0.0,0.0,0.0
2024-08-21 00:00:00-04:00,210.1799205458565,211.21068858172757,209.53811654079567,210.08267211914062,60500,0.0,0.0,0.0
2024-08-22 00:00:00-04:00,210.38415386196812,210.38415386196812,208.76992480715796,209.6937255859375,35100,0.0,0.0,0.0
2024-08-23 00:00:00-04:00,210.12157882820728,210.393856619198,209.23666858847406,210.36468505859375,59400,0.0,0.0,0.0
2024-08-26 00:00:00-04:00,210.72450488670617,212.13451823838403,210.61753753792902,211.83306884765625,56900,0.0,0.0,0.0
2024-08-27 00:00:00-04:00,212.0081111987233,212.45541840745443,211.44410289543,212.08590698242188,48700,0.0,0.0,0.0
2024-08-28 00:00:00-04:00,212.0081000593307,212.33872099415666,210.3549805471731,211.30795288085938,75100,0.0,0.0,0.0
2024-08-29 00:00:00-04:00,210.88982183006948,211.2496291986398,209.67429048307451,210.25775146484375,86200,0.0,0.0,0.0
2024-08-30 00:00:00-04:00,210.56892298696835,211.77473544327734,209.93685261209788,211.51217651367188,73400,0.0,0.0,0.0
2024-09-03 00:00:00-04:00,211.463531688269,213.55423935138901,211.32739279166623,212.82492065429688,107200,0.0,0.0,0.0
2024-09-04 00:00:00-04:00,212.2512252941545,213.72930072490766,211.98866636923253,213.515380859375,104900,0.0,0.0,0.0
2024-09-05 00:00:00-04:00,213.77791152106087,213.93350308443087,212.01782461976893,212.99024963378906,61400,0.0,0.0,0.0
2024-09-06 00:00:00-04:00,212.97080343845116,213.64177909256082,211.97894057744682,212.2317657470703,78000,0.0,0.0,0.0
2024-09-09 00:00:00-04:00,212.3095486628955,214.0307450402416,211.8525077331029,213.34031677246094,80700,0.0,0.0,0.0
2024-09-10 00:00:00-04:00,213.3694753573147,214.3321813751802,212.8540913338789,213.22361755371094,297400,0.0,0.0,0.0
2024-09-11 00:00:00-04:00,212.60128967733004,212.60128967733004,209.56731348501913,211.39547729492188,84400,0.0,0.0,0.0
2024-09-12 00:00:00-04:00,211.6482887133406,213.1458314759269,211.01621841826648,213.0388641357422,57600,0.0,0.0,0.0
2024-09-13 00:00:00-04:00,213.3986774650677,214.7698003673205,212.87357445890115,214.4488983154297,59600,0.0,0.0,0.0
2024-09-16 00:00:00-04:00,215.38241251555434,216.12145015301533,214.5169548834908,215.21710205078125,74700,0.0,0.0,0.0
2024-09-17 00:00:00-04:00,214.83785777952428,215.48939561625977,213.4667497448273,213.7292938232422,58600,0.0,0.0,0.0
2024-09-18 00:00:00-04:00,213.3889330891423,214.49749693699547,212.38733657915336,212.8638153076172,59600,0.0,0.0,0.0
2024-09-19 00:00:00-04:00,213.55424901923436,213.81680791672142,211.6482895424835,211.95947265625,71200,0.0,0.0,0.0
2024-09-20 00:00:00-04:00,211.72607989834898,212.94161108406635,211.5413167840356,212.8638153076172,84100,0.0,0.0,0.0
2024-09-23 00:00:00-04:00,212.67906943782754,214.59473295720917,212.27063789734112,213.83624267578125,63400,0.0,0.0,0.0
2024-09-24 00:00:00-04:00,213.68068579151696,214.1571645695957,212.98053856859647,213.19447326660156,88900,0.0,0.0,0.0
2024-09-25 00:00:00-04:00,213.98211985535866,213.98211985535866,212.7179644135242,213.05831909179688,159100,0.0,0.0,0.0
2024-09-26 00:00:00-04:00,212.68880163252715,214.16689181806905,212.68880163252715,213.4084014892578,65500,0.0,0.0,0.0
2024-09-27 00:00:00-04:00,213.3682861328125,214.66941840040758,213.24110172997743,213.3682861328125,67400,1.319,0.0,0.0
2024-09-30 00:00:00-04:00,214.0041824957633,214.63029699258388,212.78130145293036,213.7400360107422,73300,0.0,0.0,0.0
2024-10-01 00:00:00-04:00,213.66177334623373,213.93569751011307,212.46824023458197,213.21176147460938,115200,0.0,0.0,0.0
2024-10-02 00:00:00-04:00,212.47802111892483,212.47802111892483,211.00077132260049,211.2942657470703,95300,0.0,0.0,0.0
2024-10-03 00:00:00-04:00,210.59968155498936,210.64859978125392,209.102876383324,209.37680053710938,82100,0.0,0.0,0.0
2024-10-04 00:00:00-04:00,208.9561286362137,210.39423795516657,208.9561286362137,210.15945434570312,71700,0.0,0.0,0.0
2024-10-07 00:00:00-04:00,210.22793690759954,210.22793690759954,207.87021854348743,208.21263122558594,78900,0.0,0.0,0.0
2024-10-08 00:00:00-04:00,208.2810784549511,209.5920181848709,207.96802869264286,209.43548583984375,112700,0.0,0.0,0.0
2024-10-09 00:00:00-04:00,209.5137675130955,211.07904629593497,209.3572351564874,210.7366485595703,162200,0.0,0.0,0.0
2024-10-10 00:00:00-04:00,211.07904381646418,211.07904381646418,209.1909226682048,209.78768920898438,68900,0.0,0.0,0.0
2024-10-11 00:00:00-04:00,210.2768290527983,211.13774202482284,209.66049227257653,210.96163940429688,58400,0.0,0.0,0.0
2024-10-14 00:00:00-04:00,210.96163583295657,211.97906620542392,210.67793402347638,211.802978515625,62600,0.0,0.0,0.0
2024-10-15 00:00:00-04:00,211.96930198079272,214.67921049179725,211.96930198079272,213.1432647705078,110800,0.0,0.0,0.0
2024-10-16 00:00:00-04:00,212.63455828906922,213.22153222356803,212.00844380228907,212.96717834472656,48400,0.0,0.0,0.0
2024-10-17 00:00:00-04:00,213.04545816814567,213.27046411106227,211.6269190758923,212.1551971435547,60800,0.0,0.0,0.0
2024-10-18 00:00:00-04:00,211.59754404454563,212.6541150469427,211.1181842340231,212.47802734375,60900,0.0,0.0,0.0
2024-10-21 00:00:00-04:00,212.42912243527869,212.77153511661703,210.580126797097,210.67796325683594,165500,0.0,0.0,0.0
2024-10-22 00:00:00-04:00,210.55076641144458,212.3117180885236,210.55076641144458,212.07691955566406,57500,0.0,0.0,0.0
2024-10-23 00:00:00-04:00,211.03013664092754,211.9106049967745,210.63880576119257,211.7051544189453,72800,0.0,0.0,0.0
2024-10-24 00:00:00-04:00,211.58776902379876,212.02800321504841,210.76599654309976,211.27471923828125,101700,0.0,0.0,0.0
2024-10-25 00:00:00-04:00,211.53884845339377,211.7540767094426,209.8561629576014,210.0126953125,54600,0.0,0.0,0.0
2024-10-28 00:00:00-04:00,210.62904132432982,211.2160152892013,210.3844651070298,210.4431610107422,76600,0.0,0.0,0.0
2024-10-29 00:00:00-04:00,209.6018154364559,209.93443550489755,208.37893436623153,208.50611877441406,49700,0.0,0.0,0.0
2024-10-30 00:00:00-04:00,208.35934556340797,208.90719384571784,207.78214933224191,207.958251953125,64800,0.0,0.0,0.0
2024-10-31 00:00:00-04:00,207.7136856646164,208.6430722541157,207.4495391845703,207.4495391845703,67000,0.0,0.0,0.0
2024-11-01 00:00:00-04:00,208.20285435108096,208.43763797148156,207.59629516696748,207.8115234375,141800,0.0,0.0,0.0
2024-11-04 00:00:00-05:00,207.91911787452023,208.88764500015841,207.91911787452023,208.51588439941406,72700,0.0,0.0,0.0
2024-11-05 00:00:00-05:00,208.15392228473118,210.23770141601562,208.0756561072174,210.23770141601562,83400,0.0,0.0,0.0
2024-11-06 00:00:00-05:00,211.6464660291327,211.6464660291327,207.16582805946337,207.87020874023438,143400,0.0,0.0,0.0
2024-11-07 00:00:00-05:00,208.21263363084495,209.69966125841813,207.95827973086784,208.62351989746094,107100,0.0,0.0,0.0
2024-11-08 00:00:00-05:00,208.81918041506307,211.97910110005805,208.81918041506307,211.4116973876953,83100,0.0,0.0,0.0
2024-11-11 00:00:00-05:00,211.48016340158637,212.90849508975492,210.46273289804336,210.7170867919922,110600,0.0,0.0,0.0
2024-11-12 00:00:00-05:00,211.23557124780302,211.58776157395184,210.35510289630434,210.80511474609375,77000,0.0,0.0,0.0
2024-11-13 00:00:00-05:00,210.79534783868004,211.24535971145434,210.1007448249448,210.971435546875,83100,0.0,0.0,0.0
2024-11-14 00:00:00-05:00,210.60946412108132,211.3823333018715,210.14965965345857,210.19857788085938,85300,0.0,0.0,0.0
2024-11-15 00:00:00-05:00,210.0322627485695,210.12030659910425,208.5354575784919,208.6137237548828,70800,0.0,0.0,0.0
2024-11-18 00:00:00-05:00,209.03439192976964,210.2866209221133,208.78981572145648,210.06161499023438,64000,0.0,0.0,0.0
2024-11-19 00:00:00-05:00,210.55077162546652,211.4312400219362,209.36701618530427,210.971435546875,369700,0.0,0.0,0.0
2024-11-20 00:00:00-05:00,209.68985760687127,210.60946655273438,208.7506933120198,210.60946655273438,89500,0.0,0.0,0.0
2024-11-21 00:00:00-05:00,210.86381276553973,213.43675919987328,210.2964091105791,213.1432647705078,85700,0.0,0.0,0.0
2024-11-22 00:00:00-05:00,214.21941341107598,215.6770930062054,214.21941341107598,215.4520721435547,87100,0.0,0.0,0.0
2024-11-25 00:00:00-05:00,216.94887887205942,217.57499338099873,216.00971457252416,216.57713317871094,105000,0.0,0.0,0.0
2024-11-26 00:00:00-05:00,216.54778494553244,217.8880578157957,216.42060053790254,217.65325927734375,74600,0.0,0.0,0.0
2024-11-27 00:00:00-05:00,218.5826496205877,219.00332847650407,217.42825704098703,217.8880615234375,67200,0.0,0.0,0.0
2024-11-29 00:00:00-05:00,217.9760996356939,219.18920301475418,217.9760996356939,218.76852416992188,31300,0.0,0.0,0.0
2024-12-02 00:00:00-05:00,218.78807369820927,218.92503576610278,217.2619206766115,218.57284545898438,80000,0.0,0.0,0.0
2024-12-03 00:00:00-05:00,218.69026375324094,218.69026375324094,217.3695611373121,217.8880615234375,48100,0.0,0.0,0.0
2024-12-04 00:00:00-05:00,217.25215569133445,217.6239013671875,216.508634484135,217.6239013671875,64100,0.0,0.0,0.0
2024-12-05 00:00:00-05:00,218.01523985053313,218.63156174967196,217.27171861740146,218.31851196289062,65500,0.0,0.0,0.0
2024-12-06 00:00:00-05:00,218.64133735446245,219.53158334573158,217.4869299690672,217.50650024414062,62500,0.0,0.0,0.0
2024-12-09 00:00:00-05:00,217.76085865513625,217.94673895284913,216.23470557796193,216.4890594482422,55900,0.0,0.0,0.0
2024-12-10 00:00:00-05:00,216.32276233301153,218.17175789110104,215.99991994315496,217.69239807128906,70800,0.0,0.0,0.0
2024-12-11 00:00:00-05:00,218.1717531387176,218.93482970621216,216.43037174851236,216.55755615234375,106000,0.0,0.0,0.0
2024-12-12 00:00:00-05:00,217.72173227232784,217.88804229397851,216.63581336693525,216.89016723632812,70100,0.0,0.0,0.0
2024-12-13 00:00:00-05:00,216.39125928056745,217.5749998284814,215.38360644612914,216.59669494628906,47500,0.0,0.0,0.0
2024-12-16 00:00:00-05:00,216.43037701765385,217.74131685708952,215.53033835017763,215.99014282226562,118100,0.0,0.0,0.0
2024-12-17 00:00:00-05:00,215.35425253892697,216.04884062653807,214.75748598018146,215.1879425048828,106900,0.0,0.0,0.0
2024-12-18 00:00:00-05:00,214.44722191876428,214.86037531574266,211.45677185058594,211.45677185058594,116200,1.207,0.0,0.0
2024-12-19 00:00:00-05:00,212.07648470624522,212.46997483538715,210.30581665039062,210.30581665039062,121100,0.0,0.0,0.0
2024-12-20 00:00:00-05:00,209.91233743882216,211.98795092297368,209.25325837173696,210.3451690673828,151000,0.0,0.0,0.0
2024-12-23 00:00:00-05:00,209.7254451616352,209.9713708747727,207.2465097703772,209.08604431152344,121300,0.0,0.0,0.0
2024-12-24 00:00:00-05:00,208.98764461992175,211.01406986763865,208.98764461992175,210.82717895507812,57300,0.0,0.0,0.0
2024-12-26 00:00:00-05:00,210.49271619804148,211.515775492652,210.49271619804148,211.42723083496094,51100,0.0,0.0,0.0
2024-12-27 00:00:00-05:00,210.3845043773759,211.1911478450444,209.24342058400728,210.2959747314453,82800,0.0,0.0,0.0
2024-12-30 00:00:00-05:00,208.86959476709706,208.86959476709706,206.90218937957874,207.5219268798828,90300,0.0,0.0,0.0
2024-12-31 00:00:00-05:00,207.95476761899647,208.5548269323152,207.020252953366,207.9351043701172,119700,0.0,0.0,0.0
