Date,Open,High,Low,Close,Volume,Dividends,Stock Splits
2000-01-03 00:00:00-05:00,14.572634487298677,14.705838735287545,13.959889580623353,14.239620208740234,25109700,0.0,0.0
2000-01-04 00:00:00-05:00,13.959895085560364,14.02649845534789,13.680164347134623,13.706806182861328,20235300,0.0,0.0
2000-01-05 00:00:00-05:00,13.613561423366697,13.72012387255572,13.253907669472982,13.42707347869873,21056100,0.0,0.0
2000-01-06 00:00:00-05:00,13.42707056963407,13.760082419552226,13.360467224027403,13.573596954345703,19633500,0.0,0.0
2000-01-07 00:00:00-05:00,13.74676391138029,14.692520768690255,13.74676391138029,14.599275588989258,23930700,0.0,0.0
2000-01-10 00:00:00-05:00,14.332871437072754,14.386152670982804,13.98653731901106,14.332871437072754,20142900,0.0,0.0
2000-01-11 00:00:00-05:00,14.292902958535981,14.439426890373497,13.986530524503918,14.119734764099121,14829900,0.0,0.0
2000-01-12 00:00:00-05:00,14.106424606499138,14.226309234882983,13.866655349731447,13.866655349731445,12255000,0.0,0.0
2000-01-13 00:00:00-05:00,14.066456569822845,14.093098399072865,13.853329252996339,13.879968643188477,15063000,0.0,0.0
2000-01-14 00:00:00-05:00,13.640204037997878,14.05314155308148,13.640204037997878,13.746768951416016,18936600,0.0,0.0
2000-01-18 00:00:00-05:00,13.467025744208483,14.159690943750343,13.440383930706567,13.97320556640625,19326600,0.0,0.0
2000-01-19 00:00:00-05:00,13.906609405868343,14.026493969712035,13.640198450974239,13.653520584106445,14459700,0.0,0.0
2000-01-20 00:00:00-05:00,13.733438833646122,13.746758523072012,13.320501631818273,13.506989479064941,17214300,0.0,0.0
2000-01-21 00:00:00-05:00,13.626880239080021,13.626880239080021,13.227264982802016,13.307188034057617,20857500,0.0,0.0
2000-01-24 00:00:00-05:00,13.520321328827814,13.520321328827814,12.25487408444795,12.654489517211914,23399700,0.0,0.0
2000-01-25 00:00:00-05:00,12.747723760780381,13.040774068698727,12.681120420275457,13.027454376220703,19211400,0.0,0.0
2000-01-26 00:00:00-05:00,13.027456768352721,13.227264387499236,12.787687625376904,13.20062255859375,13615200,0.0,0.0
2000-01-27 00:00:00-05:00,13.067416731766535,13.107378250823926,12.33478969540024,12.601198196411133,21969900,0.0,0.0
2000-01-28 00:00:00-05:00,12.547919221475823,12.547919221475823,11.402354657875897,11.748688697814941,42088200,0.0,0.0
2000-01-31 00:00:00-05:00,11.628803543848534,11.82861116487686,11.535560800387941,11.6687650680542,23918100,0.0,0.0
2000-02-01 00:00:00-05:00,11.72204575166995,12.681122288780886,11.708726057229331,12.507956504821777,25077000,0.0,0.0
2000-02-02 00:00:00-05:00,12.547918676121888,12.814329652116172,12.348111053890648,12.441353797912598,18103800,0.0,0.0
2000-02-03 00:00:00-05:00,12.441353797912598,12.534598980992435,11.988457333874415,12.441353797912598,20997000,0.0,0.0
2000-02-04 00:00:00-05:00,12.348112672895978,12.348112672895978,11.935177679162656,12.001778602600098,19649100,0.0,0.0
2000-02-07 00:00:00-05:00,12.068384002010465,12.068384002010465,11.642126800398943,11.881896018981934,18131100,0.0,0.0
2000-02-08 00:00:00-05:00,12.214903870896654,12.72108143373451,12.121658710065491,12.681119918823242,25728300,0.0,0.0
2000-02-09 00:00:00-05:00,12.787685928769395,12.814327754140173,12.214904976229107,12.321467399597168,24649800,0.0,0.0
2000-02-10 00:00:00-05:00,12.28151115253135,12.441357295250016,12.108345310938986,12.148306846618652,13774800,0.0,0.0
2000-02-11 00:00:00-05:00,12.241549163673852,12.254871301112944,11.855255959109897,11.948498725891113,14450100,0.0,0.0
2000-02-14 00:00:00-05:00,12.081695143516942,12.547913551330566,12.041733635391687,12.547913551330566,17410800,0.0,0.0
2000-02-15 00:00:00-05:00,12.134985038710767,12.361432075500488,11.72204761574946,12.361432075500488,29136300,0.0,0.0
2000-02-16 00:00:00-05:00,12.04173943572785,12.04173943572785,11.229189192139264,11.242508888244629,40757400,0.0,0.0
2000-02-17 00:00:00-05:00,11.282470185818626,11.402354765499313,10.230150799418604,10.310073852539062,74300100,0.0,0.0
2000-02-18 00:00:00-05:00,10.336711271810225,10.54983850948796,10.070300395420325,10.176864624023438,58183200,0.0,0.0
2000-02-22 00:00:00-05:00,10.496559262777028,10.509878955404787,9.963738020627064,10.256790161132812,37027800,0.0,0.0
2000-02-23 00:00:00-05:00,10.323389849430106,10.336711979548781,9.963736849018744,10.017019271850586,38623200,0.0,0.0
2000-02-24 00:00:00-05:00,10.017024490327277,10.203511238098145,9.25775536218482,10.203511238098145,58295700,0.0,0.0
2000-02-25 00:00:00-05:00,9.444240857189445,9.657369411748645,9.297715661915083,9.48420238494873,50725500,0.0,0.0
2000-02-28 00:00:00-05:00,9.497523953643112,10.003702933549606,9.497523953643112,9.843856811523438,53508300,0.0,0.0
2000-02-29 00:00:00-05:00,10.216831060849653,10.603124822763492,10.216831060849653,10.389997482299805,51591600,0.0,0.0
2000-03-01 00:00:00-05:00,10.629764311538564,10.656406137869896,10.123584855353355,10.443276405334473,30497400,0.0,0.0
2000-03-02 00:00:00-05:00,11.242510988681586,11.269152824927872,10.749652872005665,10.776294708251953,46628100,0.0,0.0
2000-03-03 00:00:00-05:00,11.109302179835653,11.362390984822325,10.97609793074649,11.215867042541504,32372400,0.0,0.0
2000-03-06 00:00:00-05:00,11.215871863608385,11.229191562525424,10.363357473629083,10.762972831726074,31480800,0.0,0.0
2000-03-07 00:00:00-05:00,10.57648797046303,10.57648797046303,10.043666442478557,10.136910438537598,29174100,0.0,0.0
2000-03-08 00:00:00-05:00,10.08362099535284,10.509877312683475,9.723967399101314,10.29675006866455,30056100,0.0,0.0
2000-03-09 00:00:00-05:00,10.443279949011071,10.536525153282449,9.990383382044534,10.429960250854492,23834700,0.0,0.0
2000-03-10 00:00:00-05:00,10.603126954190142,10.603126954190142,10.110268813206224,10.216833114624023,21016500,0.0,0.0
2000-03-13 00:00:00-05:00,9.857175309981837,10.216828996308365,9.777252268575943,10.163546562194824,23183700,0.0,0.0
2000-03-14 00:00:00-05:00,10.017018586000892,10.403312161614968,9.870492847892145,10.176864624023438,29955000,0.0,0.0
2000-03-15 00:00:00-05:00,10.122986853850515,11.083270191765187,9.936264890189872,10.989910125732422,44010000,0.02,0.0
2000-03-16 00:00:00-05:00,11.163294460954432,11.856831654044289,11.016583683864923,11.65677261352539,59148000,0.0,0.0
2000-03-17 00:00:00-05:00,11.643436596724957,12.003542883221606,11.550076521675583,11.896843910217285,37911900,0.0,0.0
2000-03-20 00:00:00-05:00,11.910178518470385,11.910178518470385,11.390025180874972,11.763467788696289,20307300,0.0,0.0
2000-03-21 00:00:00-05:00,11.830157481385271,12.083564758300781,11.630098462208105,12.083564758300781,23563800,0.0,0.0
2000-03-22 00:00:00-05:00,12.056890999344654,12.056890999344654,11.52340102518403,11.81682014465332,29890500,0.0,0.0
2000-03-23 00:00:00-05:00,11.603421999348535,11.643433799346289,11.41669945198353,11.523398399353027,21076500,0.0,0.0
2000-03-24 00:00:00-05:00,11.616760972401362,11.883507177636432,11.523400899526235,11.84349536895752,23858700,0.0,0.0
2000-03-27 00:00:00-05:00,11.670108185806855,11.843491824145271,11.57674569874856,11.830155372619629,17324700,0.0,0.0
2000-03-28 00:00:00-05:00,11.643439570501165,11.936858768544546,11.63010311126709,11.63010311126709,17392800,0.0,0.0
2000-03-29 00:00:00-05:00,11.843493147082594,12.670404518691349,11.830156694067247,12.537030220031738,40790100,0.0,0.0
2000-03-30 00:00:00-05:00,12.750431733370812,12.963827252706285,12.563709127622756,12.590384483337402,34712400,0.0,0.0
2000-03-31 00:00:00-05:00,12.643732143924149,12.657068600075792,11.84349593228338,12.056891441345215,27162000,0.0,0.0
2000-04-03 00:00:00-04:00,12.08356361208758,13.230569360610456,12.08356361208758,13.057183265686035,35807100,0.0,0.0
2000-04-04 00:00:00-04:00,13.163887864351272,13.510657760940012,12.270291427216945,12.803781509399414,41027400,0.0,0.0
2000-04-05 00:00:00-04:00,12.657063096794205,12.83044916201298,12.283620507776774,12.430331230163574,21198000,0.0,0.0
2000-04-06 00:00:00-04:00,12.617050959965418,13.070519565127896,12.537027375775097,13.043844223022461,21762600,0.0,0.0
2000-04-07 00:00:00-04:00,13.070525444550164,13.230572684923729,12.937151116154139,13.123873710632324,12039300,0.0,0.0
2000-04-10 00:00:00-04:00,13.12386202741865,13.590666876988386,13.017163148113447,13.56399154663086,16563000,0.0,0.0
2000-04-11 00:00:00-04:00,13.417290719975297,13.550665027324348,13.123871639635436,13.5239896774292,16066200,0.0,0.0
2000-04-12 00:00:00-04:00,13.537323307603081,13.857417671070554,13.243904288466629,13.323927879333496,21729900,0.0,0.0
2000-04-13 00:00:00-04:00,13.297249593277307,13.297249593277307,12.697072794551767,12.817108154296875,23653500,0.0,0.0
2000-04-14 00:00:00-04:00,12.376979282739024,12.57703822826889,11.736790657043457,11.736790657043457,28118100,0.0,0.0
2000-04-17 00:00:00-04:00,11.763469199339548,12.03021534670006,11.043256799379984,11.523398399353027,28981500,0.0,0.0
2000-04-18 00:00:00-04:00,11.52339469916003,12.016872593299757,11.336672211752116,11.496719360351562,22983600,0.0,0.0
2000-04-19 00:00:00-04:00,11.550077443021436,11.843496589530451,11.4700538174165,11.723461151123047,18765900,0.0,0.0
2000-04-20 00:00:00-04:00,11.763471040423852,12.363648134323029,11.763471040423852,12.31029987335205,18271200,0.0,0.0
2000-04-24 00:00:00-04:00,12.36364550195682,12.93714712220181,12.270285454603354,12.563704490661621,16901100,0.0,0.0
2000-04-25 00:00:00-04:00,12.390325554408113,12.963827392503182,12.283626572526163,12.737092971801758,18114900,0.0,0.0
2000-04-26 00:00:00-04:00,12.843788176397002,12.963823579914731,12.443670164671238,12.537030220031738,15606000,0.0,0.0
2000-04-27 00:00:00-04:00,12.296960976514171,12.470347098391832,12.0568901389545,12.31029987335205,16545000,0.0,0.0
2000-04-28 00:00:00-04:00,12.123578161912365,12.230277133595298,11.81682014465332,11.81682014465332,15037800,0.0,0.0
2000-05-01 00:00:00-04:00,12.030217502262213,12.550370995433584,11.990205695095185,12.363648414611816,15327000,0.0,0.0
2000-05-02 00:00:00-04:00,12.230268527775877,12.336964982254907,12.096894296489134,12.296953201293945,14464500,0.0,0.0
2000-05-03 00:00:00-04:00,11.576745915758472,11.63009660711365,11.256651536132651,11.403362274169922,31371900,0.0,0.0
2000-05-04 00:00:00-04:00,11.510060545890155,11.510060545890155,10.76317288945703,10.883208274841309,32300700,0.0,0.0
2000-05-05 00:00:00-04:00,10.709826943777983,11.283328649758962,10.709826943777983,10.949897766113281,25920000,0.0,0.0
2000-05-08 00:00:00-04:00,10.936561057147053,11.176631927490234,10.56311829510005,11.176631927490234,22878300,0.0,0.0
2000-05-09 00:00:00-04:00,11.603426255573327,11.71012524208082,11.203308108829418,11.310007095336914,26664600,0.0,0.0
2000-05-10 00:00:00-04:00,11.40336383644542,12.190263441540592,11.310003776972875,12.096900939941406,33735900,0.0,0.0
2000-05-11 00:00:00-04:00,12.15025049362462,12.176923398316596,11.736793607508448,11.950191497802734,18315900,0.0,0.0
2000-05-12 00:00:00-04:00,11.896843674254763,12.203601689228524,11.803483601057097,12.123578071594238,13113000,0.0,0.0
2000-05-15 00:00:00-04:00,12.003543188697412,12.230277596304068,11.843495946181447,12.163590431213379,12816900,0.0,0.0
2000-05-16 00:00:00-04:00,12.256949177402602,12.603718979233314,12.20360091640051,12.376984596252441,19136100,0.0,0.0
2000-05-17 00:00:00-04:00,12.096898050228793,12.110236942771786,11.830154389133764,12.030213356018066,13776900,0.0,0.0
2000-05-18 00:00:00-04:00,12.00354215010856,12.363648414611816,11.990205695095185,12.363648414611816,14663700,0.0,0.0
2000-05-19 00:00:00-04:00,11.976863812195091,12.537028972887699,11.976863812195091,12.176922798156738,19073100,0.0,0.0
2000-05-22 00:00:00-04:00,12.310298486047971,12.310298486047971,11.99020407204132,12.243611335754395,13884300,0.0,0.0
2000-05-23 00:00:00-04:00,12.283622575978763,12.457006228264214,12.123575376291743,12.203598976135254,12873000,0.0,0.0
2000-05-24 00:00:00-04:00,11.790145952970686,12.163588650116212,11.256653594617926,12.136913299560547,31024500,0.0,0.0
2000-05-25 00:00:00-04:00,11.91017670458654,12.096896758997215,11.536731711513593,11.736790657043457,13857600,0.0,0.0
2000-05-26 00:00:00-04:00,11.576746651974544,11.736793851965558,11.336675851988023,11.523398399353027,11989200,0.0,0.0
2000-05-30 00:00:00-04:00,11.323342740179575,11.55007715443758,11.243319116574066,11.390029907226562,13058100,0.0,0.0
2000-05-31 00:00:00-04:00,11.710115375283369,12.8037699075079,11.630091813361444,12.296953201293945,22976700,0.0,0.0
2000-06-01 00:00:00-04:00,12.190265785675077,12.310301217562051,12.003543188697412,12.163590431213379,14359200,0.0,0.0
2000-06-02 00:00:00-04:00,12.563703149462503,12.817110360728112,12.390319525136148,12.603714942932129,21264300,0.0,0.0
2000-06-05 00:00:00-04:00,12.657064437866211,12.750426926607275,12.537029045593108,12.657064437866211,13081200,0.0,0.0
2000-06-06 00:00:00-04:00,12.550366609718395,12.550366609718395,12.323632300961716,12.430331230163574,13320300,0.0,0.0
2000-06-07 00:00:00-04:00,12.323633073769155,12.603715643627545,12.323633073769155,12.350308418273926,10273800,0.0,0.0
2000-06-08 00:00:00-04:00,12.336972323411143,12.376984128181261,12.01687788525019,12.136913299560547,11979300,0.0,0.0
2000-06-09 00:00:00-04:00,12.256947251936355,12.376982651929616,11.510061946729264,11.523398399353027,21849300,0.0,0.0
2000-06-12 00:00:00-04:00,11.523399969410104,11.603423580308785,11.056594758458864,11.256653785705566,24267600,0.0,0.0
2000-06-13 00:00:00-04:00,11.109940922467082,11.736790657043457,11.016578453135946,11.736790657043457,23135100,0.0,0.0
2000-06-14 00:00:00-04:00,11.736264945698434,11.896486992738684,11.5626918763363,11.776320457458496,20060400,0.02,0.0
2000-06-15 00:00:00-04:00,11.762967072963137,12.003300095261178,11.709558104812066,11.856429100036621,17046900,0.0,0.0
2000-06-16 00:00:00-04:00,11.696206697518454,11.989946233438092,11.375762678408359,11.50928020477295,28709100,0.0,0.0
2000-06-19 00:00:00-04:00,11.469220787980232,11.749609209006003,11.282296803825062,11.61609172821045,18005100,0.0,0.0
2000-06-20 00:00:00-04:00,11.589391364022934,11.682855834038376,11.349058346487016,11.642800331115723,18191400,0.0,0.0
2000-06-21 00:00:00-04:00,11.656150112844307,11.656150112844307,11.402466102868248,11.522632598876953,12861900,0.0,0.0
2000-06-22 00:00:00-04:00,11.335711250986371,11.415822284562246,11.082027126261007,11.215544700622559,17003400,0.0,0.0
2000-06-23 00:00:00-04:00,11.469222908335892,11.629444892828563,11.295649906733319,11.482576370239258,18808800,0.0,0.0
2000-06-26 00:00:00-04:00,11.576038379595493,11.682853850855096,11.482576370239258,11.482576370239258,11774100,0.0,0.0
2000-06-27 00:00:00-04:00,11.562688028858283,12.270333537954464,11.482577031995046,12.136816024780273,19663200,0.0,0.0
2000-06-28 00:00:00-04:00,12.070057302874512,12.216928294018036,11.896484273191334,11.959904670715332,14472300,0.0,0.0
2000-06-29 00:00:00-04:00,11.816371878908303,11.829722896608645,11.442521380156519,11.562687873840332,15872700,0.0,0.0
2000-06-30 00:00:00-04:00,11.562685794661347,12.333753990480544,11.549332334568621,12.310386657714844,22866600,0.0,0.0
2000-07-03 00:00:00-04:00,12.230272705085568,12.256977173990249,11.989939819321053,12.150161743164062,7731900,0.0,0.0
2000-07-05 00:00:00-04:00,12.24363127750238,12.377148788226279,12.08340928671628,12.176871299743652,15419400,0.0,0.0
2000-07-06 00:00:00-04:00,12.377149610791438,12.483965093345475,12.136816608640148,12.283687591552734,17273400,0.0,0.0
2000-07-07 00:00:00-04:00,12.377145052815242,13.258365736187201,12.243627582386797,13.15155029296875,31540200,0.0,0.0
2000-07-10 00:00:00-04:00,13.111505630489477,13.445303249289086,12.964637025220696,13.084803581237793,24701100,0.0,0.0
2000-07-11 00:00:00-04:00,13.044734892170037,13.405234196249321,12.991325958000413,13.245012283325195,17692800,0.0,0.0
2000-07-12 00:00:00-04:00,13.258368319698604,13.285072796905029,12.951275388601273,13.031386375427246,17500800,0.0,0.0
2000-07-13 00:00:00-04:00,12.924571688075092,13.071440181771559,12.630829811096191,12.630829811096191,12907800,0.0,0.0
2000-07-14 00:00:00-04:00,12.77770127946878,13.018034218894524,12.684239284623128,12.710941314697266,12552300,0.0,0.0
2000-07-17 00:00:00-04:00,12.88451487272929,13.084792293316829,12.737643949367516,12.97130012512207,13832100,0.0,0.0
2000-07-18 00:00:00-04:00,13.018037434948493,13.058092934748334,12.764353417814059,12.831110954284668,10776300,0.0,0.0
2000-07-19 00:00:00-04:00,12.85782075226307,12.92458076113162,12.684247662958478,12.817765235900879,11209200,0.0,0.0
2000-07-20 00:00:00-04:00,12.80441421204505,12.99133832520547,12.72430317932067,12.817765235900879,14960400,0.0,0.0
2000-07-21 00:00:00-04:00,12.884520371595183,12.92457587280761,12.65753838312684,12.75100040435791,11733000,0.0,0.0
2000-07-24 00:00:00-04:00,12.60412779463033,12.644183282913273,12.216923926297554,12.270330429077148,15137400,0.0,0.0
2000-07-25 00:00:00-04:00,12.283688400284635,12.670889966047316,12.243632897288919,12.644187927246094,12366000,0.0,0.0
2000-07-26 00:00:00-04:00,12.430551847812316,12.844460172137223,12.430551847812316,12.550718307495117,21966300,0.0,0.0
2000-07-27 00:00:00-04:00,12.684242418214376,12.884519917213582,12.604131418614692,12.831110954284668,14234400,0.0,0.0
2000-07-28 00:00:00-04:00,12.777699778255181,12.804404249984977,12.23027399894759,12.53736686706543,15742800,0.0,0.0
2000-07-31 00:00:00-04:00,12.577428978540828,12.577428978540828,11.589392341516024,11.803023338317871,22602900,0.0,0.0
2000-08-01 00:00:00-04:00,11.535984841724023,11.736262356337287,11.3223563077345,11.642800331115723,27165900,0.0,0.0
2000-08-02 00:00:00-04:00,11.642797062489395,11.762963537521532,11.495926111407938,11.549332618713379,20204400,0.0,0.0
2000-08-03 00:00:00-04:00,12.070057238215615,12.070057238215615,11.415818180797121,11.50928020477295,24687300,0.0,0.0
2000-08-04 00:00:00-04:00,11.54933199874773,11.54933199874773,11.268943572057264,11.308999061584473,17527200,0.0,0.0
2000-08-07 00:00:00-04:00,11.349060850419685,11.94989352682063,11.322358805775922,11.776320457458496,16815600,0.0,0.0
2000-08-08 00:00:00-04:00,12.056702698263814,12.310386657714844,11.762963248120878,12.310386657714844,17579400,0.0,0.0
2000-08-09 00:00:00-04:00,11.549332627410132,11.696203578602184,11.308999677164882,11.455870628356934,53252100,0.0,0.0
2000-08-10 00:00:00-04:00,11.349057336313898,11.375761817483342,10.828335844668533,10.895095825195312,37141800,0.0,0.0
2000-08-11 00:00:00-04:00,10.98855557239622,11.188833027815306,10.921798050451962,11.13542652130127,22602300,0.0,0.0
2000-08-14 00:00:00-04:00,11.162135797101346,11.335708851509906,11.135431309963796,11.295653343200684,18098400,0.0,0.0
2000-08-15 00:00:00-04:00,11.08202162653229,11.22889015200442,10.948501673638608,11.01526165008545,23859000,0.0,0.0
2000-08-16 00:00:00-04:00,10.841690135840638,10.868392174256174,10.414430628459726,10.66811466217041,41433000,0.0,0.0
2000-08-17 00:00:00-04:00,10.588000706141216,10.77492714691718,10.387723249878816,10.681465148925781,20399400,0.0,0.0
2000-08-18 00:00:00-04:00,10.6147042355796,10.868388175964355,10.587999762194329,10.868388175964355,22047900,0.0,0.0
2000-08-21 00:00:00-04:00,10.521244383954404,10.628057409615185,10.067281079317382,10.467835426330566,42446100,0.0,0.0
2000-08-22 00:00:00-04:00,10.467838588682136,10.681469594128876,10.374376551795553,10.494543075561523,22832700,0.0,0.0
2000-08-23 00:00:00-04:00,10.628060620370098,10.721525102050865,10.481192054518923,10.494543075561523,20627100,0.0,0.0
2000-08-24 00:00:00-04:00,10.628056850362464,10.708167837789299,10.467834875508792,10.561299324035645,14901900,0.0,0.0
2000-08-25 00:00:00-04:00,10.60135551364899,10.78827953338623,10.521244520963466,10.78827953338623,14631300,0.0,0.0
2000-08-28 00:00:00-04:00,10.694819179448215,10.814985687082466,10.387726178340515,10.574652671813965,21009600,0.0,0.0
2000-08-29 00:00:00-04:00,10.574650340342345,10.668112344075881,10.44113284289539,10.561299324035645,16995300,0.0,0.0
2000-08-30 00:00:00-04:00,10.44113406087006,10.467836096598294,10.254207586804403,10.34766960144043,24466500,0.0,0.0
2000-08-31 00:00:00-04:00,10.320969011079324,10.414431038803942,10.067283133777648,10.174098014831543,36708600,0.0,0.0
2000-09-01 00:00:00-04:00,10.160740390961962,10.494535856980542,10.120684910591807,10.414424896240234,22984500,0.0,0.0
2000-09-05 00:00:00-04:00,10.454485416516667,10.721522895982163,10.427780935132013,10.628058433532715,24093000,0.0,0.0
2000-09-06 00:00:00-04:00,10.7348716556647,10.921798096440662,10.654760673159739,10.681465148925781,24931200,0.0,0.0
2000-09-07 00:00:00-04:00,10.935151324552649,11.122077803151436,10.788280345311197,10.895095825195312,25201800,0.0,0.0
2000-09-08 00:00:00-04:00,11.001909032619595,11.242241979122502,10.895093574798365,11.13542652130127,22141800,0.0,0.0
2000-09-11 00:00:00-04:00,11.268943344390397,11.696202705646384,11.255592329748746,11.61609172821045,29533800,0.0,0.0
2000-09-12 00:00:00-04:00,11.442523912481798,11.669503487587967,11.30900392675499,11.535985946655273,19053300,0.0,0.0
2000-09-13 00:00:00-04:00,11.602279562554953,11.642379609945712,11.334947544958341,11.522079467773438,14944800,0.02,0.0
2000-09-14 00:00:00-04:00,11.468618188585554,11.468618188585554,11.094351744189874,11.228017807006836,14134800,0.0,0.0
2000-09-15 00:00:00-04:00,11.187919432184838,11.321585515178192,11.000784957982928,11.121085166931152,24327300,0.0,0.0
2000-09-18 00:00:00-04:00,10.907212429860873,11.268112841143035,10.827012338464836,10.93394660949707,15634800,0.0,0.0
2000-09-19 00:00:00-04:00,10.827011846958246,10.88047775629093,10.532945674359825,10.666611671447754,25721100,0.0,0.0
2000-09-20 00:00:00-04:00,10.679979236640033,10.693347551735128,10.278978734043877,10.372547149658203,29648100,0.0,0.0
2000-09-21 00:00:00-04:00,10.412645711856864,10.987412200934433,10.399277398672224,10.69334602355957,25936500,0.0,0.0
2000-09-22 00:00:00-04:00,11.107718081632413,11.107718081632413,10.59978310562358,10.800283432006836,20178900,0.0,0.0
2000-09-25 00:00:00-04:00,10.8270124305618,10.840378296737315,10.46611201620974,10.479477882385254,16398000,0.0,0.0
2000-09-26 00:00:00-04:00,10.573051723485253,10.573051723485253,10.025016663382404,10.131950378417969,28227300,0.0,0.0
2000-09-27 00:00:00-04:00,10.185407953304304,10.345808078553192,10.078474332512407,10.292342185974121,22748400,0.0,0.0
2000-09-28 00:00:00-04:00,10.359183468936823,10.666618140968117,10.265617458976834,10.385917663574219,24413400,0.0,0.0
2000-09-29 00:00:00-04:00,10.372542248598565,10.586408266426522,10.265608015928748,10.292342185974121,22598700,0.0,0.0
2000-10-02 00:00:00-04:00,10.305711968020631,10.399277927508834,9.717577747728033,9.891345024108887,33523800,0.0,0.0
2000-10-03 00:00:00-04:00,9.877980148038567,9.918080203594716,9.43687953692093,9.79778003692627,49645200,0.0,0.0
2000-10-04 00:00:00-04:00,9.771043163436223,10.238876549746925,9.730943123930846,9.864609718322754,33255600,0.0,0.0
2000-10-05 00:00:00-04:00,9.918080809566987,9.998280925579332,9.784414153505859,9.851247787475586,26197500,0.0,0.0
2000-10-06 00:00:00-04:00,9.811144724936012,9.811144724936012,9.543810882802882,9.730944633483887,33481500,0.0,0.0
2000-10-09 00:00:00-04:00,9.771046505179362,9.931446718058485,9.65074634552002,9.65074634552002,18101400,0.0,0.0
2000-10-10 00:00:00-04:00,9.824509957655625,9.984910120229594,9.704209835725148,9.918076515197754,20049600,0.0,0.0
2000-10-11 00:00:00-04:00,9.86461313729936,9.918079671211482,9.597279243982234,9.69084644317627,25172700,0.0,0.0
2000-10-12 00:00:00-04:00,8.982412083923773,9.557179319858284,8.862111922085509,9.43687915802002,58319700,0.0,0.0
2000-10-13 00:00:00-04:00,9.329945164235687,9.65074556401596,9.329945164235687,9.624011993408203,28074600,0.0,0.0
2000-10-16 00:00:00-04:00,9.67748019237643,10.198780931958058,9.66411371070557,10.11858081817627,21294900,0.0,0.0
2000-10-17 00:00:00-04:00,10.172047673565984,10.25224778502149,9.77104711628846,9.83788013458252,18806700,0.0,0.0
2000-10-18 00:00:00-04:00,9.824518503597453,10.05175246886468,9.597284538330225,9.998285293579102,18445200,0.0,0.0
2000-10-19 00:00:00-04:00,9.958178640367844,10.252246074562072,9.864612063239601,10.225512504577637,18908700,0.0,0.0
2000-10-20 00:00:00-04:00,10.025015018642657,10.11858162152387,9.851248295612303,9.958181381225586,21459600,0.0,0.0
2000-10-23 00:00:00-04:00,9.958180590612692,10.225514507178092,9.744313824487358,10.11858081817627,18093900,0.0,0.0
2000-10-24 00:00:00-04:00,10.172046119893249,10.372546979785913,10.105212499929028,10.345812797546387,17741400,0.0,0.0
2000-10-25 00:00:00-04:00,10.35917901179411,10.35917901179411,9.75767885948726,9.824512481689453,25172100,0.0,0.0
2000-10-26 00:00:00-04:00,9.811146136028906,9.824512615900655,9.276478374863794,9.28984546661377,44886300,0.0,0.0
2000-10-27 00:00:00-04:00,9.289849251485833,9.436882425614028,9.249749183654785,9.249749183654785,37664400,0.0,0.0
2000-10-30 00:00:00-05:00,9.276479801064625,9.396779974040442,9.223013261479258,9.356679916381836,39616800,0.0,0.0
2000-10-31 00:00:00-05:00,9.450244478308964,9.797777806080564,9.410144431883152,9.704211235046387,44089800,0.0,0.0
2000-11-01 00:00:00-05:00,9.944811870774112,10.278978120486755,9.864611775042063,9.984911918640137,69816600,0.0,0.0
2000-11-02 00:00:00-05:00,9.837882138993711,10.693351188613088,9.730949043184904,10.359182357788086,62551500,0.0,0.0
2000-11-03 00:00:00-05:00,10.359183069657206,10.50621746322476,10.01165017845738,10.131950378417969,24775500,0.0,0.0
2000-11-06 00:00:00-05:00,10.332446011916874,10.55967797446349,10.065111555818563,10.479477882385254,21829500,0.0,0.0
2000-11-07 00:00:00-05:00,10.479480867847037,10.693349472658978,10.265614710548371,10.46611499786377,21412500,0.0,0.0
2000-11-08 00:00:00-05:00,10.479476034623357,10.880476424309354,10.399275956686157,10.426010131835938,22868700,0.0,0.0
2000-11-09 00:00:00-05:00,10.278978446992083,10.292346761713853,9.877978567472498,10.078478813171387,24182400,0.0,0.0
2000-11-10 00:00:00-05:00,9.624010667268811,9.624010667268811,9.236376700322221,9.343310356140137,44743800,0.0,0.0
2000-11-13 00:00:00-05:00,9.196278709945675,9.717579404193202,9.102712122629896,9.69084644317627,32979000,0.0,0.0
2000-11-14 00:00:00-05:00,10.105213073730468,10.359179253132082,9.99827939809137,10.025012969970703,25599600,0.0,0.0
2000-11-15 00:00:00-05:00,9.97154498568667,10.55967797446349,9.918077849715749,10.479477882385254,25938600,0.0,0.0
2000-11-16 00:00:00-05:00,10.426010798005478,10.51957674573989,10.292344808740278,10.319076538085938,16589100,0.0,0.0
2000-11-17 00:00:00-05:00,10.372551790012485,10.599783878131593,10.185417322578578,10.385917663574219,18420600,0.0,0.0
2000-11-20 00:00:00-05:00,10.399281697360472,10.399281697360472,10.172049037563454,10.238882064819336,13137300,0.0,0.0
2000-11-21 00:00:00-05:00,10.292346761713853,10.372546859993408,9.944812186664858,10.078478813171387,13167000,0.0,0.0
2000-11-22 00:00:00-05:00,10.09184907568741,10.11858204226313,9.811148643493652,9.811148643493652,14837700,0.0,0.0
2000-11-24 00:00:00-05:00,9.824511322243085,9.877977846568019,9.557177476862122,9.664111137390137,10447500,0.0,0.0
2000-11-27 00:00:00-05:00,10.03838001640302,10.653248533053224,10.025013535648243,10.546314239501953,31951200,0.0,0.0
2000-11-28 00:00:00-05:00,10.426011970170622,10.880478342776431,10.278977652189665,10.479477882385254,29361300,0.0,0.0
2000-11-29 00:00:00-05:00,10.532945444416871,11.094346046447754,10.51957713174121,11.094346046447754,29709000,0.0,0.0
2000-11-30 00:00:00-05:00,11.014145778291322,11.161177635192871,10.773545524257136,11.161177635192871,34821300,0.0,0.0
2000-12-01 00:00:00-05:00,11.254748812092224,11.281480548579047,10.840379973903985,10.947314262390137,32171100,0.0,0.0
2000-12-04 00:00:00-05:00,10.893846235549537,11.508712768554688,10.773546102080324,11.508712768554688,40212300,0.0,0.0
2000-12-05 00:00:00-05:00,11.508716086394292,11.829516534795527,11.38841591824383,11.816150665283203,31141800,0.0,0.0
2000-12-06 00:00:00-05:00,11.682478957392169,11.949813406484356,11.401778642474751,11.722579002380371,32109300,0.0,0.0
2000-12-07 00:00:00-05:00,11.77604454915971,11.963176416084995,11.66911030555103,11.762676239013672,22938600,0.0,0.0
2000-12-08 00:00:00-05:00,11.776047254160837,11.84287903019483,11.495346941783096,11.642378807067871,20631000,0.0,0.0
2000-12-11 00:00:00-05:00,11.468614988953528,11.508715041362455,10.8671142028196,10.987414360046387,34788300,0.0,0.0
2000-12-12 00:00:00-05:00,10.800277432756651,11.147811954613232,10.65324557342349,11.094346046447754,25034400,0.0,0.0
2000-12-13 00:00:00-05:00,11.107716079254422,11.281482181624002,10.706715498775923,10.760181427001953,19675500,0.0,0.0
2000-12-14 00:00:00-05:00,10.760175945107344,10.97404444408033,10.67997586987049,10.920576095581055,21738600,0.0,0.0
2000-12-15 00:00:00-05:00,10.586411583692508,10.88047775629093,10.586411583692508,10.666611671447754,39428100,0.0,0.0
2000-12-18 00:00:00-05:00,10.800278003146644,10.947312317757449,10.51957768730671,10.81364631652832,20894400,0.0,0.0
2000-12-19 00:00:00-05:00,10.827014297246933,10.960680324585155,10.18541345000267,10.265613555908203,27385500,0.0,0.0
2000-12-20 00:00:00-05:00,10.278463429418103,10.653198258423423,10.050945154500118,10.479214668273926,24849600,0.02,0.0
2000-12-21 00:00:00-05:00,10.599661951479703,11.188532876753857,10.559511716815008,11.081464767456055,28140600,0.0,0.0
2000-12-22 00:00:00-05:00,11.081469195229666,11.295603048809944,10.894100541736407,11.242070198059082,22452600,0.0,0.0
2000-12-26 00:00:00-05:00,11.18853625756283,11.24206910309968,10.492597012700841,10.840566635131836,18063000,0.0,0.0
2000-12-27 00:00:00-05:00,10.853948752240923,11.442819829322175,10.746883065918134,11.255451202392578,24672900,0.0,0.0
2000-12-28 00:00:00-05:00,11.242070338230631,11.563272347894364,11.242070338230631,11.335753440856934,12288900,0.0,0.0
2000-12-29 00:00:00-05:00,11.282222869045329,11.777408583805046,11.282222869045329,11.375905990600586,19746900,0.0,0.0
2001-01-02 00:00:00-05:00,11.375899978382725,11.7907874058089,11.282216906339421,11.536500930786133,26440800,0.0,0.0
2001-01-03 00:00:00-05:00,11.45620563725253,12.580412812656004,11.3357548684593,12.513497352600098,59871300,0.0,0.0
2001-01-04 00:00:00-05:00,12.205672236344947,12.459956257743457,11.964770810627613,12.031688690185547,41436900,0.0,0.0
2001-01-05 00:00:00-05:00,12.232437764028049,12.232437764028049,11.402665513116439,11.549883842468262,29427600,0.0,0.0
2001-01-08 00:00:00-05:00,11.349132689068325,11.737249951924468,11.322365051756465,11.549883842468262,25326300,0.0,0.0
2001-01-09 00:00:00-05:00,11.456201863264543,11.723870967042098,11.242068050588314,11.295600891113281,21632400,0.0,0.0
2001-01-10 00:00:00-05:00,10.907479981878456,11.148381362210184,10.813794478032408,11.06808090209961,29944200,0.0,0.0
2001-01-11 00:00:00-05:00,11.121613502502441,11.349132285116111,10.880712126996974,11.121613502502441,20107200,0.0,0.0
2001-01-12 00:00:00-05:00,11.1350021848171,11.509739496476026,11.054701682401168,11.335753440856934,21966000,0.0,0.0
2001-01-16 00:00:00-05:00,11.442822944269814,11.73725733767268,11.389290086535787,11.710492134094238,24994800,0.0,0.0
2001-01-17 00:00:00-05:00,11.683717127876353,11.69709972124448,11.469583381108286,11.549883842468262,23444100,0.0,0.0
2001-01-18 00:00:00-05:00,11.44281591206473,11.670334706122224,11.335747811818443,11.362515449523926,20633700,0.0,0.0
2001-01-19 00:00:00-05:00,11.148389347501157,11.282222726688174,10.80041962092213,10.880720138549805,26889900,0.0,0.0
2001-01-22 00:00:00-05:00,11.175150712362246,11.496352672483571,11.135000467347082,11.255451202392578,23417100,0.0,0.0
2001-01-23 00:00:00-05:00,11.349135250497177,11.549886449205406,11.255449724049233,11.429435729980469,14753400,0.0,0.0
2001-01-24 00:00:00-05:00,11.442819908779887,11.48297015407385,11.201918437016099,11.456202507019043,23368200,0.0,0.0
2001-01-25 00:00:00-05:00,11.549888923266836,12.018306853540102,11.335752631724567,11.563271522521973,27171000,0.0,0.0
2001-01-26 00:00:00-05:00,11.764016094741288,11.764016094741288,11.36251383894807,11.482964515686035,15692700,0.0,0.0
2001-01-29 00:00:00-05:00,11.499029092250307,11.702457557355775,11.499029092250307,11.606097221374512,15342600,0.0,0.0
2001-01-30 00:00:00-05:00,11.608238777974066,11.616803542864373,11.383397158212095,11.514019012451172,15372600,0.0,0.0
2001-01-31 00:00:00-05:00,11.606095843802597,12.205672149521902,11.571833115330632,12.16284465789795,32544300,0.0,0.0
2001-02-01 00:00:00-05:00,12.162845477126389,12.162845477126389,11.663913069209379,11.927298545837402,31155900,0.0,0.0
2001-02-02 00:00:00-05:00,11.985118533946235,11.987259112867454,11.595392262112599,11.726014137268066,15195000,0.0,0.0
2001-02-05 00:00:00-05:00,11.77740029735331,11.824511388492704,11.413372189128141,11.52900505065918,16812600,0.0,0.0
2001-02-06 00:00:00-05:00,11.434787365036144,11.668194932960846,11.317013904621248,11.391961097717285,16182000,0.0,0.0
2001-02-07 00:00:00-05:00,11.394103347068551,11.713163462116324,11.391961543503584,11.704597473144531,14785200,0.0,0.0
2001-02-08 00:00:00-05:00,11.681046590733,11.734580670851477,11.040784334773903,11.199243545532227,23903400,0.0,0.0
2001-02-09 00:00:00-05:00,11.201380649816025,11.424080418215478,10.75598111301712,10.792383193969727,23734200,0.0,0.0
2001-02-12 00:00:00-05:00,10.920866143207439,11.451920745085417,10.91230137880976,11.445496559143066,21862500,0.0,0.0
2001-02-13 00:00:00-05:00,11.359841806630916,11.663914229733654,11.14142438106779,11.584683418273926,22269600,0.0,0.0
2001-02-14 00:00:00-05:00,11.63822030547474,11.63822030547474,11.349139213562012,11.349139213562012,15285000,0.0,0.0
2001-02-15 00:00:00-05:00,11.424085412215025,11.445499779811414,11.06005709182727,11.135003089904785,22909800,0.0,0.0
2001-02-16 00:00:00-05:00,11.092171423405773,11.413373303331761,11.040779171629133,11.21208667755127,19978200,0.0,0.0
2001-02-20 00:00:00-05:00,11.177824597323628,11.625365892844268,11.134997110417714,11.434785842895508,28009500,0.0,0.0
2001-02-21 00:00:00-05:00,11.252773653584034,11.340569219918526,10.717436717230996,10.751699447631836,24492600,0.0,0.0
2001-02-22 00:00:00-05:00,10.920867736125047,10.920867736125047,10.481892251866354,10.64249324798584,27462900,0.0,0.0
2001-02-23 00:00:00-05:00,10.70673132583666,10.878037625320497,10.289167855756066,10.766688346862793,24244800,0.0,0.0
2001-02-26 00:00:00-05:00,10.905872256322052,11.000090748489422,10.803087778346217,10.935850143432617,18180600,0.0,0.0
2001-02-27 00:00:00-05:00,11.04934492370055,11.102877752353503,10.603944192522963,10.918723106384277,21142200,0.0,0.0
2001-02-28 00:00:00-05:00,10.972256438467952,10.985104808049334,10.501160172979619,10.726001739501953,23244600,0.0,0.0
2001-03-01 00:00:00-05:00,10.54613152386688,10.67889395114741,10.278462414952035,10.35126781463623,26078400,0.0,0.0
2001-03-02 00:00:00-05:00,10.276322184416188,10.640351054797708,10.17139584470417,10.475467681884766,19417200,0.0,0.0
2001-03-05 00:00:00-05:00,10.479748846310509,10.608228888398948,10.278462180907507,10.357691764831543,13704300,0.0,0.0
2001-03-06 00:00:00-05:00,10.59966406797629,10.69816620907208,10.471182801279491,10.610370635986328,15290400,0.0,0.0
2001-03-07 00:00:00-05:00,10.717438661367883,10.91016058155289,10.689601336575095,10.856626510620117,16259700,0.0,0.0
2001-03-08 00:00:00-05:00,11.113589540208679,11.113589540208679,10.873758924344168,11.060056686401367,18103200,0.0,0.0
2001-03-09 00:00:00-05:00,11.092173832501937,11.092173832501937,10.728145609676519,10.873756408691406,16699500,0.0,0.0
2001-03-12 00:00:00-05:00,10.760259634144377,10.760259634144377,10.299870089223708,10.34483814239502,17220600,0.0,0.0
2001-03-13 00:00:00-05:00,10.492593374311069,10.55683399196764,10.066466435274476,10.449767112731934,23877300,0.0,0.0
2001-03-14 00:00:00-05:00,10.085741708325912,10.272038825918738,9.963685229617841,10.107154846191406,25646700,0.0,0.0
2001-03-15 00:00:00-05:00,10.139269469836615,10.383383515408457,9.970103815267825,10.246336936950684,22529100,0.0,0.0
2001-03-16 00:00:00-05:00,10.24634493134592,10.24634493134592,9.970111594140505,10.049341201782227,41579400,0.0,0.0
2001-03-19 00:00:00-05:00,10.062189751791644,10.214225403790044,10.000090898385366,10.145702362060547,17567400,0.0,0.0
2001-03-20 00:00:00-05:00,10.14141481571627,10.595380348724166,10.14141481571627,10.252764701843262,30106800,0.0,0.0
2001-03-21 00:00:00-05:00,10.250622122434141,10.67308505627992,10.139109185216489,10.359990119934082,24980700,0.023333,0.0
2001-03-22 00:00:00-05:00,10.132669184887213,10.164836511356905,9.845308798561891,10.059757232666016,35741700,0.0,0.0
2001-03-23 00:00:00-05:00,9.832444866075148,10.274208442475386,9.693053890111955,10.201295852661133,24846000,0.0,0.0
2001-03-26 00:00:00-05:00,10.486510518107076,10.679514524459309,10.357842407620666,10.636624336242676,20525400,0.0,0.0
2001-03-27 00:00:00-05:00,10.636626579055436,10.808184913932847,10.540125169072144,10.784595489501953,29354400,0.0,0.0
2001-03-28 00:00:00-05:00,10.722408346789255,10.750285199309753,10.35784591817394,10.649495124816895,20627700,0.0,0.0
2001-03-29 00:00:00-05:00,10.690236283125007,10.861794574098981,10.38357507108297,10.855360984802246,23262000,0.0,0.0
2001-03-30 00:00:00-05:00,10.958302163715103,10.98832518840429,10.615185387502644,10.829632759094238,24925200,0.0,0.0
2001-04-02 00:00:00-04:00,10.722408018702977,10.932566692641737,10.615183128641746,10.85965347290039,22313700,0.0,0.0
2001-04-03 00:00:00-04:00,10.904689985813238,10.936856720629237,10.458636988454606,10.5487060546875,26076300,0.0,0.0
2001-04-04 00:00:00-04:00,10.447916094021034,10.80818872427488,10.443627440907669,10.694531440734863,23886300,0.0,0.0
2001-04-05 00:00:00-04:00,10.840356953394581,10.870379980081582,10.724554726946488,10.838212013244629,23370000,0.0,0.0
2001-04-06 00:00:00-04:00,10.722408371482965,11.005479047394312,10.617327190433103,10.988323211669922,22903200,0.0,0.0
2001-04-09 00:00:00-04:00,11.054802976895735,11.106270490409692,10.67951948434567,10.7867431640625,21861900,0.0,0.0
2001-04-10 00:00:00-04:00,10.969021465323522,11.074101409989323,10.88753094607584,10.902543067932129,20959500,0.0,0.0
2001-04-11 00:00:00-04:00,10.743847588611713,10.872515679881088,10.563710788336714,10.77172565460205,20850900,0.0,0.0
2001-04-12 00:00:00-04:00,10.454348049467487,10.658074378967285,10.166987475488137,10.658074378967285,29618400,0.0,0.0
2001-04-16 00:00:00-04:00,10.658076043525117,10.769588386913638,10.445772375985118,10.518684387207031,20263500,0.0,0.0
2001-04-17 00:00:00-04:00,10.48865803193414,10.60231527934224,10.40287886152406,10.559426307678223,19352400,0.0,0.0
2001-04-18 00:00:00-04:00,10.711685866040701,11.352886664506892,10.643062516957237,11.307852745056152,38990700,0.0,0.0
2001-04-19 00:00:00-04:00,11.0934029928473,11.305706610015061,11.086969401165593,11.258527755737305,21129000,0.0,0.0
2001-04-20 00:00:00-04:00,11.256382921279396,11.258526633571533,11.022633612776946,11.089113235473633,21800700,0.0,0.0
2001-04-23 00:00:00-04:00,11.162027485280246,11.301419122894336,11.0762482991521,11.159882545471191,16448400,0.0,0.0
2001-04-24 00:00:00-04:00,10.883241339465002,10.956153313451136,10.733126286408003,10.743849754333496,24526500,0.0,0.0
2001-04-25 00:00:00-04:00,10.958300688088359,10.958300688088359,10.728841221509613,10.866087913513184,16225200,0.0,0.0
2001-04-26 00:00:00-04:00,10.936855704496752,11.065525085970757,10.840354281932331,10.988323211669922,15568200,0.0,0.0
2001-04-27 00:00:00-04:00,11.17274959281951,11.408642658542757,11.129859386741531,11.329297065734863,23292600,0.0,0.0
2001-04-30 00:00:00-04:00,11.430085846231103,11.430085846231103,10.984034134650123,11.095547676086426,19793400,0.0,0.0
2001-05-01 00:00:00-04:00,11.091256833379267,11.483697293225543,11.022633499098172,11.472973823547363,22857000,0.0,0.0
2001-05-02 00:00:00-04:00,11.462254684379822,11.462254684379822,11.211349503645163,11.38290786743164,23069400,0.0,0.0
2001-05-03 00:00:00-04:00,11.215641664664783,11.462258270226743,11.157740545387814,11.387201309204102,22772100,0.0,0.0
2001-05-04 00:00:00-04:00,11.215637422569054,11.515865153104347,11.153447673148374,11.370039939880371,22336200,0.0,0.0
2001-05-07 00:00:00-04:00,11.237088139755588,11.352890386065308,11.119140952928031,11.162031173706055,14151000,0.0,0.0
2001-05-08 00:00:00-04:00,11.097688928777597,11.149156422552421,10.96687586881848,11.147012710571289,13312800,0.0,0.0
2001-05-09 00:00:00-04:00,11.162023717894098,11.194190441679446,11.00118764480364,11.063377380371094,16332900,0.0,0.0
2001-05-10 00:00:00-04:00,11.430083814711146,11.515862974769266,11.410784270624255,11.455818176269531,24645600,0.0,0.0
2001-05-11 00:00:00-04:00,11.573767388018453,11.6788473494501,11.44080934493973,11.601645469665527,19588800,0.0,0.0
2001-05-14 00:00:00-04:00,11.601645726919458,11.74103736532794,11.545889562388975,11.655258178710938,14400900,0.0,0.0
2001-05-15 00:00:00-04:00,11.655262341528172,11.655262341528172,11.151308059692383,11.151308059692383,40235100,0.0,0.0
2001-05-16 00:00:00-04:00,10.979749575167238,11.177041138362478,10.936859357987576,11.076251029968262,28813200,0.0,0.0
2001-05-17 00:00:00-04:00,11.14058284280719,11.198483946035282,11.001191207103837,11.099836349487305,19618500,0.0,0.0
2001-05-18 00:00:00-04:00,11.140582995518777,11.159882545471191,11.024780787475212,11.159882545471191,17582700,0.0,0.0
2001-05-21 00:00:00-04:00,11.159876918920286,11.430081525763626,11.056941947463933,11.408637046813965,23258700,0.0,0.0
2001-05-22 00:00:00-04:00,11.410785057150981,11.515863768538896,11.34430543659742,11.477263450622559,20381100,0.0,0.0
2001-05-23 00:00:00-04:00,11.430084196256963,11.554463675722655,11.196336130681116,11.26281452178955,16698300,0.0,0.0
2001-05-24 00:00:00-04:00,11.226364937571534,11.417224133715928,11.18347472043734,11.34216594696045,13573500,0.0,0.0
2001-05-25 00:00:00-04:00,11.361463888317768,11.3657537679165,10.97974681854248,10.97974681854248,15528600,0.0,0.0
2001-05-29 00:00:00-04:00,11.140584061919231,11.140584061919231,10.943291301398075,10.981891632080078,15001800,0.0,0.0
2001-05-30 00:00:00-04:00,10.98403669743347,11.194195419191828,10.962592205374586,11.037649154663086,17909400,0.0,0.0
2001-05-31 00:00:00-04:00,11.172748468722958,11.279972132506689,10.994756524217614,11.097691535949707,17642100,0.0,0.0
2001-06-01 00:00:00-04:00,11.052655825307328,11.247803573383873,11.033355053588727,11.091256141662598,12465300,0.0,0.0
2001-06-04 00:00:00-04:00,11.054802037552532,11.108414486396574,10.829631224906207,10.934712409973145,16859700,0.0,0.0
2001-06-05 00:00:00-04:00,10.881101224292818,11.074104099205124,10.87037897869573,11.001192092895508,15492000,0.0,0.0
2001-06-06 00:00:00-04:00,11.001190425236365,11.08911454371946,10.872521043411451,10.883244514465332,12581100,0.0,0.0
2001-06-07 00:00:00-04:00,10.737416854339703,11.011910164237262,10.737416854339703,10.958297729492188,18330900,0.0,0.0
2001-06-08 00:00:00-04:00,10.936855337546323,10.994756434558726,10.883244119632707,10.941143989562988,11362500,0.0,0.0
2001-06-11 00:00:00-04:00,10.926128100374239,10.958294816421192,10.756713538781558,10.77172565460205,9700500,0.0,0.0
2001-06-12 00:00:00-04:00,10.726693618232169,10.930419893013822,10.63877074492601,10.844640731811523,13407600,0.0,0.0
2001-06-13 00:00:00-04:00,10.851074270857136,10.851074270857136,10.735272097012412,10.754572868347168,10570500,0.0,0.0
2001-06-14 00:00:00-04:00,10.700963973111357,10.799610347434117,10.593740293412173,10.615184783935547,13663800,0.0,0.0
2001-06-15 00:00:00-04:00,10.593742789431369,10.664511097331184,10.293514943037417,10.325681686401367,43183200,0.0,0.0
2001-06-18 00:00:00-04:00,10.465076327678583,10.634491081156694,10.368574843155002,10.405030250549316,21368700,0.0,0.0
2001-06-19 00:00:00-04:00,10.608751769272422,10.613041649276639,10.42861484864913,10.477938652038574,15530400,0.0,0.0
2001-06-20 00:00:00-04:00,10.565983616913458,10.716312819455801,10.518738314298114,10.69483757019043,17739000,0.023333,0.0
2001-06-21 00:00:00-04:00,10.587463173212956,10.989057625131833,10.587463173212956,10.834433555603027,26831400,0.0,0.0
2001-06-22 00:00:00-04:00,10.883826883165607,10.898860546824999,10.619677277730306,10.733497619628906,14501100,0.0,0.0
2001-06-25 00:00:00-04:00,10.855905689536552,10.855905689536552,10.48008263844673,10.523033142089844,17122200,0.0,0.0
2001-06-26 00:00:00-04:00,10.42639637099858,10.694842013719922,10.42210156512956,10.544512748718262,18060300,0.0,0.0
2001-06-27 00:00:00-04:00,10.527330301622895,10.677659538139345,10.394181514169963,10.415657997131348,15381300,0.0,0.0
2001-06-28 00:00:00-04:00,10.5123000319036,10.692694169756555,10.5123000319036,10.602497100830078,15041100,0.0,0.0
2001-06-29 00:00:00-04:00,10.550954236915032,10.843021889381667,10.43713390830911,10.480084419250488,27919500,0.0,0.0
2001-07-02 00:00:00-04:00,10.512298781709928,10.692692898109197,10.447871784920437,10.684102058410645,16473600,0.0,0.0
2001-07-03 00:00:00-04:00,10.673365639228793,10.673365639228793,10.510150744847465,10.570282936096191,11411100,0.0,0.0
2001-07-05 00:00:00-04:00,10.598201629329404,10.604643223411422,10.404920628112604,10.437134742736816,15396300,0.0,0.0
2001-07-06 00:00:00-04:00,10.426390369317502,10.428538385437003,10.031240193439263,10.166536331176758,19992600,0.0,0.0
2001-07-09 00:00:00-04:00,10.196606976101956,10.394182152465294,10.104261903109402,10.361968040466309,18245400,0.0,0.0
2001-07-10 00:00:00-04:00,10.41565981853428,10.45216751115176,10.175132260740936,10.200902938842773,19384800,0.0,0.0
2001-07-11 00:00:00-04:00,10.340493535396433,10.60893916321619,10.226673198706893,10.490822792053223,23731500,0.0,0.0
2001-07-12 00:00:00-04:00,10.85590506899534,11.135087013244629,10.727051107746469,11.135087013244629,35115300,0.0,0.0
2001-07-13 00:00:00-04:00,11.1350856995016,11.431449283871364,10.980461701551318,11.360579490661621,29536500,0.0,0.0
2001-07-16 00:00:00-04:00,11.467961980917227,11.607553612112309,11.405682996968867,11.485143661499023,34206900,0.0,0.0
2001-07-17 00:00:00-04:00,11.562457503004858,11.564605520738445,11.369177687647369,11.457226753234863,26356200,0.0,0.0
2001-07-18 00:00:00-04:00,11.354139319312218,11.59251880645752,11.281122721567591,11.59251880645752,21540900,0.0,0.0
2001-07-19 00:00:00-04:00,11.592523195971937,11.704196766139487,11.556014268854208,11.646212577819824,24692100,0.0,0.0
2001-07-20 00:00:00-04:00,11.59681616830153,11.723522155502115,11.575340910496104,11.656947135925293,17684700,0.0,0.0
2001-07-23 00:00:00-04:00,11.575336417418622,11.654795823530057,11.349842611460653,11.388498306274414,16083300,0.0,0.0
2001-07-24 00:00:00-04:00,11.392796032889267,11.425010144199643,11.274680901665082,11.403534889221191,18225900,0.0,0.0
2001-07-25 00:00:00-04:00,11.403537479163553,11.833048820495605,11.324078034622495,11.833048820495605,28537200,0.0,0.0
2001-07-26 00:00:00-04:00,11.833050660272223,11.921099730908109,11.635474798119331,11.918952941894531,25277700,0.0,0.0
2001-07-27 00:00:00-04:00,11.972636661250977,12.026327257019494,11.813717806376685,11.899620056152344,15507900,0.0,0.0
2001-07-30 00:00:00-04:00,12.026332060144746,12.037068463206602,11.637623149428373,12.000560760498047,21504600,0.0,0.0
2001-07-31 00:00:00-04:00,11.923244840078107,12.133705071499998,11.89747477629963,12.004852294921875,23176800,0.0,0.0
2001-08-01 00:00:00-04:00,11.897473303913296,12.191687742257958,11.800833426228774,11.81371784210205,18505500,0.0,0.0
2001-08-02 00:00:00-04:00,11.906062150695849,12.058539402753695,11.822307923100336,12.024178504943848,17238900,0.0,0.0
2001-08-03 00:00:00-04:00,12.004845411817064,12.019879066840765,11.822303366168791,11.895319938659668,12510000,0.0,0.0
2001-08-06 00:00:00-04:00,11.936133430185762,11.936133430185762,11.609704759146767,11.704197883605957,17137800,0.0,0.0
2001-08-07 00:00:00-04:00,11.742848366805108,11.871701117703477,11.629026818868763,11.828750610351562,15466500,0.0,0.0
2001-08-08 00:00:00-04:00,11.725665982384212,11.998405099803547,11.682714253280288,11.71063232421875,19161000,0.0,0.0
2001-08-09 00:00:00-04:00,11.687009891241736,11.766469305467767,11.446483631860366,11.633321762084961,25617600,0.0,0.0
2001-08-10 00:00:00-04:00,11.586074640044492,11.596812265333401,11.274678591296361,11.510910034179688,24736800,0.0,0.0
2001-08-13 00:00:00-04:00,11.500174568119887,11.547419882493196,11.124351468232742,11.210253715515137,30421200,0.0,0.0
2001-08-14 00:00:00-04:00,11.006236030638696,11.317633392738056,10.980465968720178,11.24461555480957,30202800,0.0,0.0
2001-08-15 00:00:00-04:00,11.236023240184002,11.364875976457734,11.12864452630633,11.1673002243042,18099000,0.0,0.0
2001-08-16 00:00:00-04:00,11.064221020669377,11.210255478436114,10.881678870093108,11.100729942321777,18615600,0.0,0.0
2001-08-17 00:00:00-04:00,11.059924028166854,11.059924028166854,10.759265593824766,10.90959358215332,17705100,0.0,0.0
2001-08-20 00:00:00-04:00,11.016972322983177,11.08569411055814,10.909593608265427,11.079251289367676,13047000,0.0,0.0
2001-08-21 00:00:00-04:00,11.038449834175204,11.085696380015902,10.712021276367848,10.724906921386719,19628100,0.0,0.0
2001-08-22 00:00:00-04:00,10.739935935251276,10.85375622937962,10.632557232738723,10.78933048248291,17454300,0.0,0.0
2001-08-23 00:00:00-04:00,10.748525284554747,10.830132703270227,10.630410189245108,10.681951522827148,16635600,0.0,0.0
2001-08-24 00:00:00-04:00,10.662624562398477,10.952545372622543,10.662624562398477,10.941807746887207,21805200,0.0,0.0
2001-08-27 00:00:00-04:00,10.9954990718251,11.0599260666075,10.82154655456543,10.82154655456543,14025000,0.0,0.0
2001-08-28 00:00:00-04:00,10.716316066618866,10.780743062779448,10.673365555073639,10.759267807006836,18449100,0.0,0.0
2001-08-29 00:00:00-04:00,10.748532858791423,10.827993545961501,10.529481729497022,10.555253028869629,16321500,0.0,0.0
2001-08-30 00:00:00-04:00,10.544509560543881,10.62396897488886,10.14506385769123,10.222375869750977,28917000,0.0,0.0
2001-08-31 00:00:00-04:00,10.243852788273404,10.523034792261157,10.243852788273404,10.31901741027832,22665300,0.0,0.0
2001-09-04 00:00:00-04:00,10.357672410154338,10.712018969980297,10.353376376844524,10.40491771697998,21974100,0.0,0.0
2001-09-05 00:00:00-04:00,10.377005637686397,10.598204784876243,10.093528103225264,10.555253028869629,29499600,0.0,0.0
2001-09-06 00:00:00-04:00,10.512301905151453,10.664777988309329,10.093527530435226,10.17298698425293,31150500,0.0,0.0
2001-09-07 00:00:00-04:00,10.072048730933174,10.072048730933174,9.68978339623474,9.92601490020752,31295100,0.0,0.0
2001-09-10 00:00:00-04:00,9.771390173069129,10.093523908286558,9.67260228126972,9.92816162109375,20180700,0.0,0.0
2001-09-17 00:00:00-04:00,9.44925594329834,9.900243026114795,9.019744114014362,9.44925594329834,52505400,0.0,0.0
2001-09-18 00:00:00-04:00,9.66401212947545,9.953932370475446,9.483617408429884,9.739176750183105,31530900,0.0,0.0
2001-09-19 00:00:00-04:00,9.739178735164526,9.911248867754535,9.504732717982138,9.77574348449707,35149800,0.023333,0.0
2001-09-20 00:00:00-04:00,9.754235678836524,9.881136948591557,9.681105559902683,9.74563217163086,37969200,0.0,0.0
2001-09-21 00:00:00-04:00,9.496128666874776,9.883286417915173,9.442356295479609,9.605823516845703,49330800,0.0,0.0
2001-09-24 00:00:00-04:00,10.001584817892383,10.319914525717413,9.896192027928262,10.169353485107422,41705100,0.0,0.0
2001-09-25 00:00:00-04:00,10.367234704821533,10.560813273052066,10.334970789621428,10.41025161743164,47921400,0.0,0.0
2001-09-26 00:00:00-04:00,10.61458541500717,10.642546653747559,10.457570979742306,10.642546653747559,36348900,0.0,0.0
2001-09-27 00:00:00-04:00,10.642549233215142,10.687717493723532,10.34787863996661,10.623190879821777,27741000,0.0,0.0
2001-09-28 00:00:00-04:00,10.636093497372217,10.743637003538012,10.498437415642416,10.64684772491455,28680600,0.0,0.0
2001-10-01 00:00:00-04:00,10.646849654848847,10.765147410000587,10.354330428148613,10.70277214050293,35965800,0.0,0.0
2001-10-02 00:00:00-04:00,10.765143618801199,11.184564574983176,10.711372490279304,11.098530769348145,34212600,0.0,0.0
2001-10-03 00:00:00-04:00,11.160902442334704,11.500741034869103,11.077018770260946,11.34157657623291,41855400,0.0,0.0
2001-10-04 00:00:00-04:00,11.356636118951494,11.388898796747778,11.059814314108163,11.077022552490234,30597000,0.0,0.0
2001-10-05 00:00:00-04:00,11.08132014160632,11.270598411560059,10.96947523380672,11.270598411560059,28389600,0.0,0.0
2001-10-08 00:00:00-04:00,11.272752875293868,11.272752875293868,10.960876584340996,10.993139266967773,20106000,0.0,0.0
2001-10-09 00:00:00-04:00,11.077024082236798,11.227584496820912,10.969479346579298,11.201774597167969,24205200,0.0,0.0
2001-10-10 00:00:00-04:00,11.255547102243188,11.550217646111433,11.227585861411434,11.535161972045898,28445700,0.0,0.0
2001-10-11 00:00:00-04:00,11.603990335494741,11.776060461240332,11.367393604908898,11.505049705505371,36781800,0.0,0.0
2001-10-12 00:00:00-04:00,11.367387180260069,11.399651079816513,11.141544806332666,11.378141403198242,32220300,0.0,0.0
2001-10-15 00:00:00-04:00,11.317922545607436,11.502898216247559,11.272753066125858,11.502898216247559,18779100,0.0,0.0
2001-10-16 00:00:00-04:00,11.502893528179465,11.61473843552329,11.292106812314309,11.429762840270996,20302800,0.0,0.0
2001-10-17 00:00:00-04:00,11.453423732594851,11.558817100729367,11.216827103956565,11.231884002685547,19915500,0.0,0.0
2001-10-18 00:00:00-04:00,11.255548039918692,11.356640013685727,11.059818107047988,11.163060188293457,23487300,0.0,0.0
2001-10-19 00:00:00-04:00,11.216833966062797,11.414715261833708,11.098536194743843,11.401809692382812,18133500,0.0,0.0
2001-10-22 00:00:00-04:00,11.356636459966554,11.528706541531491,11.201773386558111,11.408257484436035,19632600,0.0,0.0
2001-10-23 00:00:00-04:00,11.408254130023089,11.51794892860954,11.216825759040155,11.315766334533691,18565200,0.0,0.0
2001-10-24 00:00:00-04:00,11.393203729833557,11.44052208716476,11.27705609755899,11.287810325622559,15692400,0.0,0.0
2001-10-25 00:00:00-04:00,11.14154828094666,11.464179992675781,11.079173030007697,11.464179992675781,20678400,0.0,0.0
2001-10-26 00:00:00-04:00,11.431917381136621,11.576026229634362,11.292109977032553,11.489991188049316,15371100,0.0,0.0
2001-10-29 00:00:00-05:00,11.378148472926194,11.412562500008017,11.122194608033645,11.163060188293457,18074400,0.0,0.0
2001-10-30 00:00:00-05:00,11.077025551154637,11.13079669537151,10.831824702852336,10.883445739746094,21284700,0.0,0.0
2001-10-31 00:00:00-05:00,10.90495080976385,11.253393623608437,10.894196584261321,11.055512428283691,21103800,0.0,0.0
2001-11-01 00:00:00-05:00,11.012494014184448,11.388896778059216,10.939363321621036,11.236185073852539,25805700,0.0,0.0
2001-11-02 00:00:00-05:00,11.141548256501585,11.438370070627135,11.13294413704148,11.39320182800293,17382900,0.0,0.0
2001-11-05 00:00:00-05:00,11.431914432293945,11.67926526689002,11.268447280077272,11.593230247497559,20523600,0.0,0.0
2001-11-06 00:00:00-05:00,11.625498484839241,11.851340980412091,11.539463424250906,11.816926956176758,26343600,0.0,0.0
2001-11-07 00:00:00-05:00,11.797562812499997,11.827675376603963,11.485685409494742,11.57602310180664,24667200,0.0,0.0
2001-11-08 00:00:00-05:00,11.743800409269754,11.915870573624511,11.612597062792114,11.722291946411133,25752300,0.0,0.0
2001-11-09 00:00:00-05:00,11.733042267368884,11.883605165220612,11.591084721883849,11.851341247558594,15137100,0.0,0.0
2001-11-12 00:00:00-05:00,11.733039307668395,11.97608875952752,11.614741588062317,11.954580307006836,19502100,0.0,0.0
2001-11-13 00:00:00-05:00,12.023410074620953,12.03416430243311,11.668514403107373,11.670665740966797,31566000,0.0,0.0
2001-11-14 00:00:00-05:00,11.958885618699812,12.00190376839496,11.840587860837884,11.890057563781738,28767900,0.0,0.0
2001-11-15 00:00:00-05:00,11.954584130186179,12.096542916003886,11.89005752124565,12.044921875,25356000,0.0,0.0
2001-11-16 00:00:00-05:00,12.044921061302858,12.044921061302858,11.75455195605777,11.851341247558594,31675200,0.0,0.0
2001-11-19 00:00:00-05:00,11.743796387983522,12.014807111729064,11.743796387983522,11.991146087646484,23891700,0.0,0.0
2001-11-20 00:00:00-05:00,11.980389595031737,12.040613498990714,11.853487775457829,11.980389595031738,19009200,0.0,0.0
2001-11-21 00:00:00-05:00,11.941672575562098,11.9610309177622,11.79541364807938,11.855637550354004,14968500,0.0,0.0
2001-11-23 00:00:00-05:00,11.844887192796667,12.012655854405871,11.842735854935881,12.001901626586914,6921000,0.0,0.0
2001-11-26 00:00:00-05:00,11.98039309064209,12.049219902073563,11.896508145028543,11.991146087646484,23107200,0.0,0.0
2001-11-27 00:00:00-05:00,11.948128992902802,12.004051468623457,11.793265900393134,11.847038269042969,28992300,0.0,0.0
2001-11-28 00:00:00-05:00,11.808318858436062,11.993294484098293,11.717982382923688,11.829827308654785,22408200,0.0,0.0
2001-11-29 00:00:00-05:00,11.851339255394498,11.892206057068426,11.722287298667402,11.754549980163574,17183100,0.0,0.0
2001-11-30 00:00:00-05:00,11.829830963113201,12.023410767108686,11.808322506250109,11.86209487915039,25242900,0.0,0.0
2001-12-03 00:00:00-05:00,11.842733506184656,11.879298858111149,11.65345642647657,11.73949146270752,22846500,0.0,0.0
2001-12-04 00:00:00-05:00,11.700779562719676,11.866396903991701,11.657762646892321,11.8663969039917,20596500,0.0,0.0
2001-12-05 00:00:00-05:00,11.866396252175605,12.167519569396973,11.816926555542972,12.167519569396973,27095100,0.0,0.0
2001-12-06 00:00:00-05:00,12.034163455074733,12.04276757516411,11.918015833693742,11.96318531036377,21132900,0.0,0.0
2001-12-07 00:00:00-05:00,11.874999539345996,11.95888325315615,11.776058922286675,11.902960777282715,13807200,0.0,0.0
2001-12-10 00:00:00-05:00,11.851337217076196,11.915863799712984,11.67281436920166,11.67281436920166,15880200,0.0,0.0
2001-12-11 00:00:00-05:00,11.64055354481016,11.78681250925927,11.509349021307056,11.631949424743652,18292800,0.0,0.0
2001-12-12 00:00:00-05:00,11.619050106669922,11.76531038049414,11.50720387012869,11.685728073120117,17316900,0.0,0.0
2001-12-13 00:00:00-05:00,11.631946248403871,11.63409758551863,11.421160748613593,11.477083206176758,23541300,0.0,0.0
2001-12-14 00:00:00-05:00,11.550217140783932,11.702930135770243,11.406108266846196,11.627649307250977,18047700,0.0,0.0
2001-12-17 00:00:00-05:00,11.64700075354168,12.012650489807129,11.588926964659862,12.012650489807129,25389600,0.0,0.0
2001-12-18 00:00:00-05:00,12.025563028379883,12.066429838002925,11.920169612470849,11.997600555419922,26395500,0.0,0.0
2001-12-19 00:00:00-05:00,11.991138349195976,12.167731510090142,11.920071016012017,12.120353698730469,24636300,0.023333,0.0
2001-12-20 00:00:00-05:00,12.131123684391554,12.305564068862155,12.103127307678209,12.116047859191895,23535000,0.0,0.0
2001-12-21 00:00:00-05:00,12.240953983462996,12.400318511505688,12.174192268423491,12.398165702819824,39380400,0.0,0.0
2001-12-24 00:00:00-05:00,12.387399663661531,12.426165016653636,12.303410530090332,12.303410530090332,6094200,0.0,0.0
2001-12-26 00:00:00-05:00,12.436925304618995,12.613518399559025,12.42831160842116,12.52306842803955,19916700,0.0,0.0
2001-12-27 00:00:00-05:00,12.512306852821888,12.61998550204742,12.44123827889695,12.570453643798828,14466600,0.0,0.0
2001-12-28 00:00:00-05:00,12.566144943237305,12.650134055453949,12.520918709578796,12.566144943237305,13030200,0.0,0.0
2001-12-31 00:00:00-05:00,12.512305566968326,12.59414187417683,12.393857955932617,12.393857955932617,15404100,0.0,0.0
2002-01-02 00:00:00-05:00,12.415394169481111,12.523072803305064,12.273258274250383,12.501537322998047,20033700,0.0,0.0
2002-01-03 00:00:00-05:00,12.480002655782114,12.555376841767414,12.383091755797777,12.48646354675293,17871900,0.0,0.0
2002-01-04 00:00:00-05:00,12.417544531555729,12.546759852516752,12.318480848746054,12.404623985290527,20039100,0.0,0.0
2002-01-07 00:00:00-05:00,12.372318712199686,12.51230176183916,12.3206328337266,12.359396934509277,16081200,0.0,0.0
2002-01-08 00:00:00-05:00,12.424006775982932,12.490767251978571,12.346478560780819,12.456311225891113,13110600,0.0,0.0
2002-01-09 00:00:00-05:00,12.307712041530955,12.389548330404882,12.100968511084389,12.146193504333496,22727400,0.0,0.0
2002-01-10 00:00:00-05:00,12.146200972088607,12.350791820060438,12.11605054728917,12.275416374206543,19399200,0.0,0.0
2002-01-11 00:00:00-05:00,12.200036132688828,12.21941880507428,11.958835293684805,12.016982078552246,21813900,0.0,0.0
2002-01-14 00:00:00-05:00,12.01698342491484,12.253877440692943,12.008368492126465,12.008368492126465,20141400,0.0,0.0
2002-01-15 00:00:00-05:00,12.008363764960508,12.253872616880923,11.9114528949029,12.247411727905273,24258300,0.0,0.0
2002-01-16 00:00:00-05:00,12.247414408132117,12.247414408132117,11.952373652549698,12.057899475097656,16519200,0.0,0.0
2002-01-17 00:00:00-05:00,12.027743858259933,12.32278448614447,11.995440652582309,12.223719596862793,23389500,0.0,0.0
2002-01-18 00:00:00-05:00,12.178502537205594,12.251723923739574,12.05359524859661,12.135430335998535,21022200,0.0,0.0
2002-01-22 00:00:00-05:00,12.301254091455526,12.641519840605048,12.299100050606224,12.492921829223633,29970000,0.0,0.0
2002-01-23 00:00:00-05:00,12.576915132545276,12.910720070056826,12.53815101414944,12.891337394714355,32046600,0.0,0.0
2002-01-24 00:00:00-05:00,12.891339117062616,12.91072179499471,12.77073866304899,12.850420951843262,23952300,0.0,0.0
2002-01-25 00:00:00-05:00,12.783653542691333,12.80949709930694,12.503687430035749,12.576910018920898,21966300,0.0,0.0
2002-01-28 00:00:00-05:00,12.641522548534848,12.744894350245826,12.55968623077472,12.626446723937988,15428100,0.0,0.0
2002-01-29 00:00:00-05:00,12.723359371219635,12.809503783363127,12.471390724182129,12.471390724182129,22121700,0.0,0.0
2002-01-30 00:00:00-05:00,12.447696049185073,12.910716219646684,12.436928310191371,12.867645263671875,30018300,0.0,0.0
2002-01-31 00:00:00-05:00,12.835338061746352,12.917174339294434,12.727659462613255,12.917174339294434,20583600,0.0,0.0
2002-02-01 00:00:00-05:00,12.856878336761245,12.8999505318737,12.652287566482723,12.762120246887207,20091000,0.0,0.0
2002-02-04 00:00:00-05:00,12.831034304886433,12.89994882210121,12.630750410978308,12.684590339660645,19543800,0.0,0.0
2002-02-05 00:00:00-05:00,12.71474131011385,12.813805008765181,12.587680009355811,12.663055419921875,19880400,0.0,0.0
2002-02-06 00:00:00-05:00,12.641519438415315,12.759965803293403,12.579064578660727,12.680283546447754,19263600,0.0,0.0
2002-02-07 00:00:00-05:00,12.73843016924497,12.86764550416184,12.563989836793823,12.57475757598877,25257900,0.0,0.0
2002-02-08 00:00:00-05:00,12.574757431813737,12.738430023193361,12.512303805825853,12.73843002319336,19136400,0.0,0.0
2002-02-11 00:00:00-05:00,12.811644773087611,12.986085013468244,12.787955266446678,12.975316047668457,25503000,0.0,0.0
2002-02-12 00:00:00-05:00,12.889175471940806,12.996854050142352,12.87840650506124,12.943014144897461,15970800,0.0,0.0
2002-02-13 00:00:00-05:00,12.986091720952388,13.076541714999552,12.895640494616474,12.947327613830566,19198800,0.0,0.0
2002-02-14 00:00:00-05:00,12.996854797654912,13.04854066603895,12.906404836054925,13.027005195617676,17958000,0.0,0.0
2002-02-15 00:00:00-05:00,13.027013907109902,13.048549391932495,12.899952574993995,12.927948951721191,21772800,0.0,0.0
2002-02-19 00:00:00-05:00,12.79226804698704,12.960247478718989,12.749197092962207,12.76857852935791,27181800,0.0,0.0
2002-02-20 00:00:00-05:00,12.785808947764124,12.964556125803886,12.663054505315978,12.925790786743164,24582300,0.0,0.0
2002-02-21 00:00:00-05:00,12.953780878525077,13.108839695065607,12.790109600180513,12.824566841125488,22018800,0.0,0.0
2002-02-22 00:00:00-05:00,12.846109340289527,12.910717010498047,12.619983110704116,12.910717010498047,22809600,0.0,0.0
2002-02-25 00:00:00-05:00,12.964561019432399,13.083007425168095,12.934410599545224,13.061471939086914,25027500,0.0,0.0
2002-02-26 00:00:00-05:00,13.09377210613927,13.412502401218104,13.018396690192999,13.373738288879395,34951200,0.0,0.0
2002-02-27 00:00:00-05:00,13.48141655921808,13.535256492653026,13.298361278454813,13.406041145324707,38931900,0.0,0.0
2002-02-28 00:00:00-05:00,13.502944890832238,13.541708981592366,13.25312925999182,13.354348182678223,35987100,0.0,0.0
2002-03-01 00:00:00-05:00,13.395277464587899,13.526645660400392,13.36512704343557,13.52664566040039,22558800,0.0,0.0
2002-03-04 00:00:00-05:00,13.556784886097653,13.584781242515866,13.390959555135476,13.56324577331543,24502800,0.0,0.0
2002-03-05 00:00:00-05:00,13.421113391952625,13.47926016486945,13.03992953940396,13.08515453338623,37070100,0.0,0.0
2002-03-06 00:00:00-05:00,13.130381721197603,13.240214385607043,12.986091798631819,13.11530590057373,30588600,0.0,0.0
2002-03-07 00:00:00-05:00,13.24452260194121,13.341433496473247,13.134689926194532,13.28759479522705,27877200,0.0,0.0
2002-03-08 00:00:00-05:00,13.390963405340147,13.54602104628468,13.352199303176159,13.464184761047363,31383600,0.0,0.0
2002-03-11 00:00:00-05:00,13.526639928078495,13.526639928078495,13.358660489746725,13.466339111328125,20094600,0.0,0.0
2002-03-12 00:00:00-05:00,13.330662941702032,13.43834155374897,13.328508901191418,13.401731491088867,20942700,0.0,0.0
2002-03-13 00:00:00-05:00,13.298358091785884,13.371580679460505,13.201447220656714,13.350045204162598,18534900,0.0,0.0
2002-03-14 00:00:00-05:00,13.341438159396837,13.479267254421522,13.33282445710245,13.41035270690918,15060600,0.0,0.0
2002-03-15 00:00:00-05:00,13.498639575334485,13.72907257080078,13.449107744424904,13.729072570800781,39907500,0.0,0.0
2002-03-18 00:00:00-05:00,13.76568908527565,13.769995934753535,13.502951550503328,13.686005592346191,19076400,0.0,0.0
2002-03-19 00:00:00-05:00,13.718312831339102,13.748463248387706,13.576175679091003,13.666626930236816,16634700,0.0,0.0
2002-03-20 00:00:00-05:00,13.572833663344797,13.678484357482755,13.56852171743532,13.622424125671387,21306300,0.025,0.0
2002-03-21 00:00:00-05:00,13.57283392474785,13.624580977899312,13.357220586409898,13.411124229431152,17407200,0.0,0.0
2002-03-22 00:00:00-05:00,13.411122085457023,13.419747209810273,13.275285321558119,13.378779411315918,16497600,0.0,0.0
2002-03-25 00:00:00-05:00,13.3356539108227,13.406806541085277,13.212754249572754,13.212754249572754,17753700,0.0,0.0
2002-03-26 00:00:00-05:00,13.227849572122276,13.452086734666794,13.227849572122276,13.404651641845703,18550500,0.0,0.0
2002-03-27 00:00:00-05:00,13.378777367907121,13.432680994078076,13.286065006188032,13.367998123168945,20792400,0.0,0.0
2002-03-28 00:00:00-05:00,13.3701505797686,13.404648596939118,13.212752913773198,13.21706485748291,17490000,0.0,0.0
2002-04-01 00:00:00-05:00,13.012239451022413,13.01439604076276,12.639229619496827,12.841904640197754,39746700,0.0,0.0
2002-04-02 00:00:00-05:00,12.828961686984103,12.831118275735623,12.667252075520048,12.706063270568848,23366400,0.0,0.0
2002-04-03 00:00:00-05:00,12.807401637055442,12.893646686997958,12.451640960260878,12.63491153717041,26798400,0.0,0.0
2002-04-04 00:00:00-05:00,12.678036307028114,12.850526429062963,12.66078729482463,12.781530380249023,20559900,0.0,0.0
2002-04-05 00:00:00-05:00,12.770752193000185,12.882871409311123,12.673725402419977,12.751346588134766,15964800,0.0,0.0
2002-04-08 00:00:00-04:00,12.721156816179684,12.925988330961223,12.617661530675909,12.889333724975586,18417900,0.0,0.0
2002-04-09 00:00:00-04:00,12.958329200744629,13.0337937644488,12.915207297911595,12.958329200744629,18689400,0.0,0.0
2002-04-10 00:00:00-04:00,12.990681707249921,13.087708538868378,12.908749775240485,13.05967903137207,21348000,0.0,0.0
2002-04-11 00:00:00-04:00,13.076920897773835,13.327030971638727,12.938927558792193,12.973426818847656,25701000,0.0,0.0
2002-04-12 00:00:00-04:00,13.087702210910543,13.335656945026036,12.9993005502052,13.201976776123047,19466700,0.0,0.0
2002-04-15 00:00:00-04:00,13.163164704147485,13.21059856047365,12.833276896477592,12.92167854309082,17310000,0.0,0.0
2002-04-16 00:00:00-04:00,12.979900280999754,13.089862935826021,12.85053201635219,12.936777114868164,21041400,0.0,0.0
2002-04-17 00:00:00-04:00,13.055358907692966,13.055358907692966,12.645694530511888,12.783686637878418,27423600,0.0,0.0
2002-04-18 00:00:00-04:00,12.624130713467647,12.811714463032848,12.233872027413188,12.537885665893555,35181900,0.0,0.0
2002-04-19 00:00:00-04:00,12.67803378553122,12.742717876866127,12.53572853784514,12.706063270568848,17544600,0.0,0.0
2002-04-22 00:00:00-04:00,12.706068091764834,12.742722711970359,12.28993513456652,12.40852165222168,19316700,0.0,0.0
2002-04-23 00:00:00-04:00,12.473207557639151,12.600419218077823,12.423617094140631,12.51633071899414,20753700,0.0,0.0
2002-04-24 00:00:00-04:00,12.483988464794958,12.643542810121689,12.358933389975643,12.386962890625,19582500,0.0,0.0
2002-04-25 00:00:00-04:00,12.246815758222798,12.313656484295375,12.123917257253867,12.289938926696777,21992400,0.0,0.0
2002-04-26 00:00:00-04:00,12.343842945860583,12.35462466468771,12.026891996277305,12.031205177307129,30108300,0.0,0.0
2002-04-29 00:00:00-04:00,12.052758030379229,12.37617729994888,12.031197074740346,12.11744213104248,30160200,0.0,0.0
2002-04-30 00:00:00-04:00,12.095888835962874,12.201538325751216,11.957896658486357,12.04414176940918,31233000,0.0,0.0
2002-05-01 00:00:00-04:00,11.988073838793262,12.246809005737305,11.819895671842987,12.246809005737305,25767300,0.0,0.0
2002-05-02 00:00:00-04:00,12.236028281584327,12.343833045920228,12.1131286294978,12.214466094970703,22977000,0.0,0.0
2002-05-03 00:00:00-04:00,12.171343262615114,12.177811794732099,11.875953542586686,11.91260814666748,23464800,0.0,0.0
2002-05-06 00:00:00-04:00,11.990229958439308,12.102347909519173,11.632312683075344,11.640937805175781,23941500,0.0,0.0
2002-05-07 00:00:00-04:00,11.776775208668662,11.96651435441985,11.643095047543639,11.86086368560791,26895300,0.0,0.0
2002-05-08 00:00:00-04:00,12.128224942051474,12.179971985787688,12.005325250522905,12.158411026000977,24952800,0.0,0.0
2002-05-09 00:00:00-04:00,11.9988532841391,12.020414237759331,11.58272169753338,11.856549263000488,35520600,0.0,0.0
2002-05-10 00:00:00-04:00,11.91046123539449,11.914773182393855,11.559012263125469,11.569792747497559,22308000,0.0,0.0
2002-05-13 00:00:00-04:00,11.608594455894186,11.919076625788936,11.608594455894186,11.867329597473145,19265100,0.0,0.0
2002-05-14 00:00:00-04:00,12.397734577155733,12.559444147868668,12.300707847731081,12.374015808105469,37517100,0.0,0.0
2002-05-15 00:00:00-04:00,12.427926901173135,12.546514649178835,12.212313599001686,12.24034309387207,31401000,0.0,0.0
2002-05-16 00:00:00-04:00,12.430089190521755,12.654326486056128,12.384810660064973,12.581018447875977,24048000,0.0,0.0
2002-05-17 00:00:00-04:00,12.58101148182839,12.785843050718102,12.496921771470943,12.576698303222656,22641300,0.0,0.0
2002-05-20 00:00:00-04:00,12.667259733307246,12.68235339619966,12.440867127392716,12.462428092956543,15095700,0.0,0.0
2002-05-21 00:00:00-04:00,12.483987705742013,12.531422811840052,12.203691482543945,12.203691482543945,19130400,0.0,0.0
2002-05-22 00:00:00-04:00,12.22524805026195,12.246809005737305,12.009636028015212,12.246809005737305,18080700,0.0,0.0
2002-05-23 00:00:00-04:00,12.182127248423097,12.238187470685716,12.02904270786173,12.141161918640137,17747700,0.0,0.0
2002-05-24 00:00:00-04:00,12.19506331842264,12.276996438768567,11.968669559702603,11.970826148986816,15033300,0.0,0.0
2002-05-28 00:00:00-04:00,11.944950794675522,11.994541234313722,11.62800009101852,11.81342601776123,20760900,0.0,0.0
2002-05-29 00:00:00-04:00,11.837144609529675,12.0010108311175,11.757368087768555,11.757368087768555,16282200,0.0,0.0
2002-05-30 00:00:00-04:00,11.664654115022257,11.82636374224991,11.589190773812795,11.640937805175781,24588900,0.0,0.0
2002-05-31 00:00:00-04:00,11.83714678096699,11.983764018428083,11.643095679802341,11.664656639099121,35121600,0.0,0.0
2002-06-03 00:00:00-04:00,11.681906119612057,11.787556798378613,11.416702361685278,11.45982551574707,24540000,0.0,0.0
2002-06-04 00:00:00-04:00,11.427489520398012,11.643101692199707,11.21187488110142,11.643101692199707,41345700,0.0,0.0
2002-06-05 00:00:00-04:00,11.847927995544406,12.024730075078601,11.755213160228715,11.850083351135254,30242700,0.0,0.0
2002-06-06 00:00:00-04:00,11.852240439472185,11.854397028900589,11.643095679802341,11.664656639099121,22663800,0.0,0.0
2002-06-07 00:00:00-04:00,11.61075428131858,11.798336848598522,11.591348677635764,11.735809326171875,23786700,0.0,0.0
2002-06-10 00:00:00-04:00,11.88026642591166,12.199373711030988,11.871641304491243,12.160562515258789,25677300,0.0,0.0
2002-06-11 00:00:00-04:00,12.257588845886968,12.425765753415511,12.156250149880048,12.171343803405762,34271100,0.0,0.0
2002-06-12 00:00:00-04:00,12.192910611926852,12.570232391357422,12.126071134555367,12.570232391357422,31685400,0.0,0.0
2002-06-13 00:00:00-04:00,12.45164782273607,12.453803179080944,12.13254034520584,12.182130813598633,28569000,0.0,0.0
2002-06-14 00:00:00-04:00,12.17134684854145,12.296401882989976,11.912611656365167,12.279152870178223,31534200,0.0,0.0
2002-06-17 00:00:00-04:00,12.311493078872289,12.600414323095274,12.22524802341368,12.57238483428955,25895400,0.0,0.0
2002-06-18 00:00:00-04:00,12.572390820503974,12.695290545704902,12.486145723980652,12.624137878417969,20991300,0.0,0.0
2002-06-19 00:00:00-04:00,12.521588212764243,12.683505312371793,12.301382093801054,12.394214630126953,22786200,0.025,0.0
2002-06-20 00:00:00-04:00,12.38125117654889,12.499989712561083,12.13297856913389,12.197744369506836,21491700,0.0,0.0
2002-06-21 00:00:00-04:00,11.981862062692304,12.197750645674573,11.852327924639669,11.869600296020508,45270600,0.0,0.0
2002-06-24 00:00:00-04:00,11.88471373112182,12.165369422196552,11.707684870782,12.035835266113281,32966700,0.0,0.0
2002-06-25 00:00:00-04:00,12.089810012189293,12.353194580925761,11.878237626661608,11.895508766174316,25939500,0.0,0.0
2002-06-26 00:00:00-04:00,11.722794286344426,12.19774988030077,11.604055696687594,12.007768630981445,32736300,0.0,0.0
2002-06-27 00:00:00-04:00,12.046638024508368,12.456828117370605,11.88472085008038,12.456828117370605,25657200,0.0,0.0
2002-06-28 00:00:00-04:00,12.305697997044632,12.474091907348967,11.876077651977539,11.876077651977539,46196700,0.0,0.0
2002-07-01 00:00:00-04:00,11.938687664466567,12.05311006062992,11.74438762664795,11.74438762664795,30549600,0.0,0.0
2002-07-02 00:00:00-04:00,11.746544516743818,11.858806298021971,11.506906700765946,11.532814025878906,30577500,0.0,0.0
2002-07-03 00:00:00-04:00,11.506905570646,11.895506761870209,11.506905570646,11.882553100585938,21729600,0.0,0.0
2002-07-05 00:00:00-04:00,11.971066734408963,12.091964676443082,11.923570805491885,12.08980655670166,9653100,0.0,0.0
2002-07-08 00:00:00-04:00,12.122186370908146,12.240924927508129,11.91277345447301,12.003446578979492,22919400,0.0,0.0
2002-07-09 00:00:00-04:00,12.016404959459905,12.1049199995749,11.761655380621418,11.798357009887695,24106500,0.0,0.0
2002-07-10 00:00:00-04:00,11.819947899686662,12.003453610717246,11.560880795526531,11.606217384338379,26892600,0.0,0.0
2002-07-11 00:00:00-04:00,11.60837387887292,11.871759657708475,11.442140566732432,11.69688892364502,38614800,0.0,0.0
2002-07-12 00:00:00-04:00,11.642914724818475,11.679615112285703,11.353622923079937,11.409753799438477,26757900,0.0,0.0
2002-07-15 00:00:00-04:00,11.312608385592029,11.545769404955932,10.81606277684474,11.53713321685791,38111100,0.0,0.0
2002-07-16 00:00:00-04:00,11.280222729489576,11.349306040905878,10.768564224243164,10.768564224243164,43493100,0.0,0.0
2002-07-17 00:00:00-04:00,11.010360876714746,11.116147059266028,10.254747669483374,10.416664123535156,56253300,0.0,0.0
2002-07-18 00:00:00-04:00,10.449047703708196,10.695161095620234,10.233158492528961,10.23531723022461,36059100,0.0,0.0
2002-07-19 00:00:00-04:00,10.189978624456993,10.2979235239618,9.84671467170213,10.038856506347656,39537900,0.0,0.0
2002-07-22 00:00:00-04:00,9.984889439610962,10.192143159025765,9.496978715324737,9.628671646118164,50502600,0.0,0.0
2002-07-23 00:00:00-04:00,9.715023707794519,10.1252135153239,9.661051559750518,9.736612319946289,45862200,0.0,0.0
2002-07-24 00:00:00-04:00,9.563903172839689,10.388601019163389,9.438686483646476,10.349740028381348,56964300,0.0,0.0
2002-07-25 00:00:00-04:00,10.2979250426173,10.377803897078765,9.715023858191635,10.14680290222168,43355700,0.0,0.0
2002-07-26 00:00:00-04:00,10.146807880967605,10.41666875777824,9.930917944189328,10.401556968688965,27248700,0.0,0.0
2002-07-29 00:00:00-04:00,10.403711784300592,10.71890974380167,10.276336987201768,10.69300365447998,32956500,0.0,0.0
2002-07-30 00:00:00-04:00,10.582901663093015,10.729706976814546,10.470639866126046,10.604490280151367,30306600,0.0,0.0
2002-07-31 00:00:00-04:00,10.643348220021817,10.643348220021817,10.222364082641572,10.61744213104248,38168100,0.0,0.0
2002-08-01 00:00:00-04:00,10.578579233069435,10.615280857431632,10.107941122912656,10.23315715789795,38488500,0.0,0.0
2002-08-02 00:00:00-04:00,10.189975192976421,10.23315363236957,9.756037621353114,9.952497482299805,29656200,0.0,0.0
2002-08-05 00:00:00-04:00,9.95250364582425,10.129533133378013,9.833764408119318,9.844558715820312,25266000,0.0,0.0
2002-08-06 00:00:00-04:00,10.341105097764435,10.470639263315928,10.017270919215065,10.207253456115723,30930900,0.0,0.0
2002-08-07 00:00:00-04:00,10.470639995068227,10.470639995068227,10.125215941233693,10.444732666015625,29048700,0.0,0.0
2002-08-08 00:00:00-04:00,10.481432797878115,10.65414543800244,10.038859977507324,10.619603157043457,40549800,0.0,0.0
2002-08-09 00:00:00-04:00,10.503016092882444,10.703792821194313,10.390753132187442,10.62175464630127,29975700,0.0,0.0
2002-08-12 00:00:00-04:00,10.405873429188297,10.563471825947355,10.2871335572964,10.451210021972656,21719700,0.0,0.0
2002-08-13 00:00:00-04:00,10.451204129744083,10.934795827241674,10.243949927437855,10.515971183776855,43350300,0.0,0.0
2002-08-14 00:00:00-04:00,10.654142313977005,11.420549102443532,10.61096385777443,11.360100746154785,44871300,0.0,0.0
2002-08-15 00:00:00-04:00,11.452932204590418,11.828579714820508,11.444297254406726,11.811309814453125,41868600,0.0,0.0
2002-08-16 00:00:00-04:00,11.712000951213943,11.8221046117816,11.573833080784441,11.612692832946777,27729000,0.0,0.0
2002-08-19 00:00:00-04:00,11.442145138248586,11.82858592131024,11.381695513928397,11.806997299194336,33150000,0.0,0.0
2002-08-20 00:00:00-04:00,11.679618268583246,11.776768268635726,11.463729654095347,11.610533714294434,25199100,0.0,0.0
2002-08-21 00:00:00-04:00,11.658029223372733,11.722796299457316,11.388166612241841,11.677459716796875,26762100,0.0,0.0
2002-08-22 00:00:00-04:00,11.658029312487434,11.748702478501425,11.51770085245303,11.712000846862793,22626600,0.0,0.0
2002-08-23 00:00:00-04:00,11.593260803884382,11.636439261380415,11.414072614167566,11.48315715789795,19775400,0.0,0.0
2002-08-26 00:00:00-04:00,11.46373089210543,11.580310163560664,11.250000374776725,11.528496742248535,24121200,0.0,0.0
2002-08-27 00:00:00-04:00,11.528493592028465,11.528493592028465,11.237043640036465,11.468045234680176,25555500,0.0,0.0
2002-08-28 00:00:00-04:00,11.398963806632917,11.554404070569303,11.390327618749525,11.528496742248535,22674000,0.0,0.0
2002-08-29 00:00:00-04:00,11.368739578551047,11.593264415622732,11.338514772420568,11.485320091247559,25347000,0.0,0.0
2002-08-30 00:00:00-04:00,11.485316284544526,11.65802764043299,11.442139063236938,11.54576587677002,19780200,0.0,0.0
2002-09-03 00:00:00-04:00,11.409754147651523,11.474521210603578,11.116144862308376,11.198183059692383,27823200,0.0,0.0
2002-09-04 00:00:00-04:00,11.19818746913871,11.381693190320055,11.010363036152091,11.299654960632324,25869000,0.0,0.0
2002-09-05 00:00:00-04:00,11.010363485842598,11.09455983954229,10.798791070603679,10.99740982055664,34718100,0.0,0.0
2002-09-06 00:00:00-04:00,11.139895417935147,11.452934030252788,11.139895417935147,11.394643783569336,22242900,0.0,0.0
2002-09-09 00:00:00-04:00,11.366576354780273,11.5932604706278,11.280221912928699,11.50258731842041,19897800,0.0,0.0
2002-09-10 00:00:00-04:00,11.582467413767786,11.832899522247972,11.502588558182406,11.826422691345215,26544000,0.0,0.0
2002-09-11 00:00:00-04:00,11.960278117492345,12.305700973286175,11.617013382466242,11.701210975646973,22077600,0.0,0.0
2002-09-12 00:00:00-04:00,11.70120618453703,11.703364304421106,11.435662318457421,11.468045234680176,19825200,0.0,0.0
2002-09-13 00:00:00-04:00,11.468049355855424,11.867444976108814,11.366580624967849,11.74438762664795,25065600,0.0,0.0
2002-09-16 00:00:00-04:00,11.765977603090132,11.927894714735139,11.658032038440444,11.81994915008545,17999400,0.0,0.0
2002-09-17 00:00:00-04:00,12.06821988887208,12.072537364820459,11.712001563550608,11.714160919189453,24504600,0.0,0.0
2002-09-18 00:00:00-04:00,11.598497522752513,11.918456390762502,11.592011727930277,11.756315231323242,24581400,0.025,0.0
2002-09-19 00:00:00-04:00,11.758477831536824,11.870896227667648,11.576880501607302,11.609308242797852,21488700,0.0,0.0
2002-09-20 00:00:00-04:00,11.611472242263654,11.868735575350197,11.57904325941126,11.825498580932617,51448200,0.0,0.0
2002-09-23 00:00:00-04:00,11.609306165548169,11.611468509389578,11.256919578766038,11.371499061584473,30937800,0.0,0.0
2002-09-24 00:00:00-04:00,11.22016994969029,11.32826490197943,10.997496723089764,11.1315336227417,34100100,0.0,0.0
2002-09-25 00:00:00-04:00,11.30664632574558,11.37366540094584,11.055868781752789,11.25043773651123,29759400,0.0,0.0
2002-09-26 00:00:00-04:00,11.349883178005696,11.613633520485486,11.259084508434162,11.611471176147461,24527700,0.0,0.0
2002-09-27 00:00:00-04:00,11.512023485291026,11.609307943392727,11.073161633227594,11.077485084533691,33439500,0.0,0.0
2002-09-30 00:00:00-04:00,11.079646346423525,11.079646346423525,10.398653893160771,10.645109176635742,51008100,0.0,0.0
2002-10-01 00:00:00-04:00,10.645107291309156,11.19422510284866,10.49593649371396,11.179092407226562,42431100,0.0,0.0
2002-10-02 00:00:00-04:00,11.17909311031864,11.352042278576054,10.95641869035037,11.094779014587402,34469400,0.0,0.0
2002-10-03 00:00:00-04:00,11.096941383865035,11.272052896477813,10.852648471937002,11.04721736907959,33891900,0.0,0.0
2002-10-04 00:00:00-04:00,11.049381881569296,11.302321744903894,10.75536489715265,11.187742233276367,44235300,0.0,0.0
2002-10-07 00:00:00-04:00,11.068839356127183,11.358530416990774,10.809413694655895,10.885078430175781,43292400,0.0,0.0
2002-10-08 00:00:00-04:00,11.014789024158334,11.555259939901063,10.973713150443249,11.371499061584473,49668600,0.0,0.0
2002-10-09 00:00:00-04:00,11.373666573148935,11.373666573148935,10.96074654158171,10.96939468383789,39925200,0.0,0.0
2002-10-10 00:00:00-04:00,10.971552944804456,11.282863683441443,10.593221911967106,11.163959503173828,50764800,0.0,0.0
2002-10-11 00:00:00-04:00,11.166117910076103,11.66983626651283,11.166117910076103,11.637407302856445,34439100,0.0,0.0
2002-10-14 00:00:00-04:00,11.637408597671001,11.89034835714129,11.58120003713063,11.706588745117188,30562800,0.0,0.0
2002-10-15 00:00:00-04:00,11.985477436533785,12.16923713684082,11.918459600387663,12.16923713684082,41558100,0.0,0.0
2002-10-16 00:00:00-04:00,12.169233419695608,12.279489453609488,12.074111318832728,12.270842552185059,38783400,0.0,0.0
2002-10-17 00:00:00-04:00,12.420017921872434,12.430828409264187,11.890355995331733,11.961698532104492,44777400,0.0,0.0
2002-10-18 00:00:00-04:00,11.89035508120299,12.21463751500015,11.84711808311767,12.16707706451416,34002600,0.0,0.0
2002-10-21 00:00:00-04:00,12.16923426244946,12.264357606938733,11.929266031278843,12.193015098571777,28638000,0.0,0.0
2002-10-22 00:00:00-04:00,12.195177342778116,12.195177342778116,11.84711417989337,12.128159523010254,30916500,0.0,0.0
2002-10-23 00:00:00-04:00,12.128163552217751,12.391912704974375,12.089248769386655,12.372456550598145,30641400,0.0,0.0
2002-10-24 00:00:00-04:00,12.374613571074764,12.543240529862445,12.145454587386249,12.208148956298828,29442900,0.0,0.0
2002-10-25 00:00:00-04:00,12.210317551199186,12.428667400687724,12.141136114834977,12.39407730102539,21375600,0.0,0.0
2002-10-28 00:00:00-05:00,12.415695137372426,12.428666733309154,12.037365169481015,12.121679306030273,23602800,0.0,0.0
2002-10-29 00:00:00-05:00,11.89035118667353,12.322728448143087,11.821172259803536,12.208148956298828,31259400,0.0,0.0
2002-10-30 00:00:00-05:00,11.909809145281509,11.9119714893974,11.583365695003277,11.630926132202148,50916300,0.0,0.0
2002-10-31 00:00:00-05:00,11.576883316040039,11.76280537962533,11.382313110478083,11.576883316040039,34521000,0.0,0.0
2002-11-01 00:00:00-05:00,11.58552460867551,11.84495018671357,11.388793390700137,11.793065071105957,26288400,0.0,0.0
2002-11-04 00:00:00-05:00,11.795231804386551,11.840631142808652,11.501216039859315,11.55526351928711,31148700,0.0,0.0
2002-11-05 00:00:00-05:00,11.557422645928568,11.803877922321622,11.512023315287474,11.764963150024414,22693800,0.0,0.0
2002-11-06 00:00:00-05:00,11.764963308537396,11.847115068441937,11.566069704246297,11.747668266296387,25432500,0.0,0.0
2002-11-07 00:00:00-05:00,11.749835536562387,11.86657742989276,11.576885041643132,11.674169540405273,22366800,0.0,0.0
2002-11-08 00:00:00-05:00,11.674167774873982,11.84711824363724,11.570397493616026,11.68065357208252,22359000,0.0,0.0
2002-11-11 00:00:00-05:00,11.68281647010063,11.68281647010063,11.457982063293457,11.457982063293457,17775600,0.0,0.0
2002-11-12 00:00:00-05:00,11.587686665255081,11.836302992677695,11.529315757013027,11.64173412322998,28113900,0.0,0.0
2002-11-13 00:00:00-05:00,11.643899295727651,11.886031150817871,11.512024738740434,11.886031150817871,34965000,0.0,0.0
2002-11-14 00:00:00-05:00,11.901161270851892,12.020064209695958,11.790905233687203,12.013578414916992,32213700,0.0,0.0
2002-11-15 00:00:00-05:00,12.013579243088522,12.149778468758141,11.890351607871045,11.996285438537598,34617900,0.0,0.0
2002-11-18 00:00:00-05:00,11.944406453574468,11.99845271317499,11.572561012693264,11.604990005493164,27120600,0.0,0.0
2002-11-19 00:00:00-05:00,11.607145393676117,11.607145393676117,11.365013595042758,11.440679550170898,31044900,0.0,0.0
2002-11-20 00:00:00-05:00,11.468781806225829,11.782256053746583,11.457973799735917,11.760636329650879,22390200,0.0,0.0
2002-11-21 00:00:00-05:00,11.76064125050684,11.847116471956506,11.63309014423869,11.66335678100586,25324200,0.0,0.0
2002-11-22 00:00:00-05:00,11.665519304431793,11.844954309283915,11.570395940857981,11.622281074523926,24373200,0.0,0.0
2002-11-25 00:00:00-05:00,11.555261629939272,11.695783074212805,11.462299386744485,11.63525104522705,28079700,0.0,0.0
2002-11-26 00:00:00-05:00,11.54445461845636,11.652549592149944,11.47311332130268,11.509865760803223,23690700,0.0,0.0
2002-11-27 00:00:00-05:00,11.512024617108647,11.892515584311653,11.512024617108647,11.855764389038086,24864000,0.0,0.0
2002-11-29 00:00:00-05:00,11.834144487521494,11.924943148285214,11.637411994135142,11.652545928955078,13260600,0.0,0.0
2002-12-02 00:00:00-05:00,12.097892590714766,12.266519544976262,11.728209708080596,11.756315231323242,41329800,0.0,0.0
2002-12-03 00:00:00-05:00,11.756316325289395,11.756316325289395,11.576880108639967,11.659031867980957,23556000,0.0,0.0
2002-12-04 00:00:00-05:00,11.652546218006382,11.918457648586843,11.546613619794977,11.769288063049316,25349400,0.0,0.0
2002-12-05 00:00:00-05:00,11.769292786298706,11.769292786298706,11.46230411529541,11.46230411529541,24774000,0.0,0.0
2002-12-06 00:00:00-05:00,11.403931494135254,11.563911604245762,11.248276073488858,11.46662712097168,26821200,0.0,0.0
2002-12-09 00:00:00-05:00,11.466625636432534,11.466625636432534,11.200714172624878,11.20936107635498,24263400,0.0,0.0
2002-12-10 00:00:00-05:00,11.21152092788164,11.369338637736663,11.144501872199069,11.3477201461792,19239000,0.0,0.0
2002-12-11 00:00:00-05:00,11.198548071215047,11.347718862386616,11.161795650094136,11.241785049438477,17484600,0.0,0.0
2002-12-12 00:00:00-05:00,11.295836206254089,11.332587398339772,11.081808664098629,11.107751846313477,26004900,0.0,0.0
2002-12-13 00:00:00-05:00,11.107758532400096,11.107758532400096,10.887246298997137,10.926159858703613,30021900,0.0,0.0
2002-12-16 00:00:00-05:00,10.928315472864007,11.256921275063256,10.887239592959226,11.228816986083984,27415200,0.0,0.0
2002-12-17 00:00:00-05:00,11.209361760463201,11.211524105047276,10.993174309546761,11.012630462646484,21729600,0.0,0.0
2002-12-18 00:00:00-05:00,11.031031672628131,11.031031672628131,10.81452426247172,10.907622337341309,23215800,0.025,0.0
2002-12-19 00:00:00-05:00,10.85349857401761,11.085162306363001,10.825354076130358,10.859993934631348,23252400,0.0,0.0
2002-12-20 00:00:00-05:00,10.86215865181645,11.095985422028894,10.86215865181645,10.996393203735352,39010200,0.0,0.0
2002-12-23 00:00:00-05:00,10.940099187971171,10.942264720708689,10.695447259745794,10.736583709716797,25618200,0.0,0.0
2002-12-24 00:00:00-05:00,10.673795851361145,10.797205203614295,10.660806371279087,10.76039981842041,12646800,0.0,0.0
2002-12-26 00:00:00-05:00,10.662974304332643,10.966083301818447,10.662974304332643,10.773391723632812,21927900,0.0,0.0
2002-12-27 00:00:00-05:00,10.723590510601554,10.8210184005813,10.59801689585991,10.64348316192627,17068800,0.0,0.0
2002-12-30 00:00:00-05:00,10.643486334671323,10.987732970004178,10.641320801789172,10.963915824890137,23658000,0.0,0.0
2002-12-31 00:00:00-05:00,10.95525515866467,10.959584985165627,10.771223285448414,10.935769081115723,23478900,0.0,0.0
2003-01-02 00:00:00-05:00,10.966081160218213,11.173927714084936,10.937935427573326,11.17176342010498,22636500,0.0,0.0
2003-01-03 00:00:00-05:00,11.173925922619235,11.173925922619235,10.79287396828927,10.825350761413574,25167900,0.0,0.0
2003-01-06 00:00:00-05:00,10.868651128124894,10.944428657668547,10.75390268703,10.866485595703125,22315200,0.0,0.0
2003-01-07 00:00:00-05:00,10.894627905496453,10.989891480365372,10.846997356924545,10.924939155578613,20007000,0.0,0.0
2003-01-08 00:00:00-05:00,10.911951975419356,11.119799729796895,10.795039239589618,10.823184967041016,23390700,0.0,0.0
2003-01-09 00:00:00-05:00,10.987732179170344,11.258364304526786,10.987732179170344,11.241044998168945,29654400,0.0,0.0
2003-01-10 00:00:00-05:00,11.241041621588202,11.258360922743677,11.087321054637302,11.1760892868042,22279800,0.0,0.0
2003-01-13 00:00:00-05:00,11.176095104585311,11.297338947827022,11.041860539851854,11.102481842041016,20762400,0.0,0.0
2003-01-14 00:00:00-05:00,11.04186030929321,11.158774322550924,10.976907942054106,11.13062858581543,20278800,0.0,0.0
2003-01-15 00:00:00-05:00,11.13928588258258,11.189083223764806,10.940098995579879,10.953089714050293,19510500,0.0,0.0
2003-01-16 00:00:00-05:00,11.063506166718328,11.091653130821038,10.82101858433806,10.890300750732422,24260700,0.0,0.0
2003-01-17 00:00:00-05:00,10.8903027119907,10.918448442299377,10.7603992460381,10.818856239318848,25983600,0.0,0.0
2003-01-21 00:00:00-05:00,10.840508743263428,10.888139321461146,10.604516429910971,10.611010551452637,23482200,0.0,0.0
2003-01-22 00:00:00-05:00,10.61317295287451,10.736582286427831,10.338209177658339,10.407490730285645,33292800,0.0,0.0
2003-01-23 00:00:00-05:00,10.407492726559038,10.55688228385751,10.24944289609208,10.5157470703125,32689500,0.0,0.0
2003-01-24 00:00:00-05:00,10.478939928414082,10.541726750933826,10.216966213402682,10.240782737731934,25276500,0.0,0.0
2003-01-27 00:00:00-05:00,10.186653110914929,10.459451326749408,10.158507386152527,10.197478294372559,33767400,0.0,0.0
2003-01-28 00:00:00-05:00,10.197482300536757,10.457291141607806,10.197482300536757,10.431309700012207,28970700,0.0,0.0
2003-01-29 00:00:00-05:00,10.431309615045848,10.507087167264686,10.24944386137963,10.413989067077637,26901900,0.0,0.0
2003-01-30 00:00:00-05:00,10.416153150864442,10.628329524237401,10.284083526408997,10.299239158630371,24751200,0.0,0.0
2003-01-31 00:00:00-05:00,10.219126792897848,10.489760665877796,10.208302230850721,10.349031448364258,26233500,0.0,0.0
2003-02-03 00:00:00-05:00,10.342539003696274,10.498424510260017,10.329548286719511,10.407490730285645,22222800,0.0,0.0
2003-02-04 00:00:00-05:00,10.409654576611816,10.654307671639843,10.175827283788053,10.208303451538086,24055200,0.0,0.0
2003-02-05 00:00:00-05:00,10.305739337095089,10.342545358759214,10.100057607554852,10.119543075561523,22228800,0.0,0.0
2003-02-06 00:00:00-05:00,10.50058988639842,10.50058988639842,10.054584361830543,10.130362510681152,25090800,0.0,0.0
2003-02-07 00:00:00-05:00,10.284081863074702,10.305732851236515,10.121701619871251,10.130362510681152,24579300,0.0,0.0
2003-02-10 00:00:00-05:00,10.132529330631012,10.197481068477563,10.013450421908818,10.180160522460938,23274900,0.0,0.0
2003-02-11 00:00:00-05:00,10.208308158711704,10.310065914788755,10.18016180331965,10.229958534240723,22929900,0.0,0.0
2003-02-12 00:00:00-05:00,10.266765793559696,10.41615537605576,10.24944462486956,10.35986328125,23217000,0.0,0.0
2003-02-13 00:00:00-05:00,10.316557956488204,10.381509681612615,10.210469787773839,10.314393043518066,24066900,0.0,0.0
2003-02-14 00:00:00-05:00,10.31439754987923,10.643488622947334,10.245114729681942,10.64132308959961,26207700,0.0,0.0
2003-02-18 00:00:00-05:00,10.749570610432565,10.779881867169708,10.559044657726398,10.6261625289917,27398700,0.0,0.0
2003-02-19 00:00:00-05:00,10.624001016270432,10.678128192432235,10.459455193611054,10.559048652648926,16569600,0.0,0.0
2003-02-20 00:00:00-05:00,10.559046057060947,10.582861959163267,10.385840622555884,10.409656524658203,18372300,0.0,0.0
2003-02-21 00:00:00-05:00,10.489762736650123,10.636987959318114,10.37068447801765,10.587190628051758,23510400,0.0,0.0
2003-02-24 00:00:00-05:00,10.543890543002302,10.595852170874416,10.314393043518066,10.314393043518066,20684400,0.0,0.0
2003-02-25 00:00:00-05:00,10.236454347012424,10.502757942149739,10.123870778764227,10.485437393188477,30217500,0.0,0.0
2003-02-26 00:00:00-05:00,10.485430623226657,10.513576342258382,10.349031233365634,10.355525970458984,20824800,0.0,0.0
2003-02-27 00:00:00-05:00,10.403161255286067,10.500590397036415,10.316558537290312,10.426977157592773,22133400,0.0,0.0
2003-02-28 00:00:00-05:00,10.457289432772814,10.55471734510889,10.331715169784815,10.405327796936035,23551500,0.0,0.0
2003-03-03 00:00:00-05:00,10.522240431617277,10.539560974664656,10.342539023211382,10.346869468688965,19990200,0.0,0.0
2003-03-04 00:00:00-05:00,10.392341291613397,10.392341291613397,10.154183387756348,10.154183387756348,19404300,0.0,0.0
2003-03-05 00:00:00-05:00,10.156342578020515,10.366353988647461,10.132526678623146,10.366353988647461,23835300,0.0,0.0
2003-03-06 00:00:00-05:00,10.273259192751585,10.504921044242627,10.197481644788384,10.262434005737305,27481200,0.0,0.0
2003-03-07 00:00:00-05:00,10.154179497919287,10.435639294140184,10.089227141955762,10.418318748474121,27548400,0.0,0.0
2003-03-10 00:00:00-05:00,10.346864679155393,10.444292533839953,10.186649420414584,10.203969955444336,19052400,0.0,0.0
2003-03-11 00:00:00-05:00,10.26242948932729,10.372848082687176,10.132525444030762,10.132525444030762,20966400,0.0,0.0
2003-03-12 00:00:00-05:00,10.134690998673417,10.284080505371094,10.067573749493523,10.284080505371094,25397400,0.0,0.0
2003-03-13 00:00:00-05:00,10.500590131206454,10.732251311975304,10.437802078243934,10.727921485900879,32435700,0.0,0.0
2003-03-14 00:00:00-05:00,10.71709600366786,10.870816594239306,10.617502573543998,10.686784744262695,26460000,0.0,0.0
2003-03-17 00:00:00-05:00,10.717098457062527,11.254036641913089,10.686787190718404,11.251871109008789,37141200,0.0,0.0
2003-03-18 00:00:00-05:00,11.195581215628676,11.349300624131875,11.147949395945316,11.312495231628418,32295300,0.0,0.0
2003-03-19 00:00:00-05:00,11.399241648355178,11.514188071503645,11.284293984206286,11.505512237548828,26828400,0.03,0.0
2003-03-20 00:00:00-05:00,11.433941312912221,11.568407417722689,11.32116292923239,11.518524169921875,23738100,0.0,0.0
2003-03-21 00:00:00-05:00,11.564071840303288,11.898068539796602,11.472982395441752,11.856861114501953,38313600,0.0,0.0
2003-03-24 00:00:00-05:00,11.789637792071783,11.789637792071783,11.390576362609862,11.390576362609863,25334100,0.0,0.0
2003-03-25 00:00:00-05:00,11.412254316561631,11.657329552103215,11.40140921430726,11.596602439880371,22386300,0.0,0.0
2003-03-26 00:00:00-05:00,11.561903013832337,11.705043737444589,11.531539453975034,11.566240310668945,19914300,0.0,0.0
2003-03-27 00:00:00-05:00,11.494673307530888,11.689865362681076,11.466477768875114,11.611787796020508,20917800,0.0,0.0
2003-03-28 00:00:00-05:00,11.501180422709993,11.607452303554869,11.425272113678083,11.522868156433105,18396000,0.0,0.0
2003-03-31 00:00:00-05:00,11.206227297587137,11.486003636897177,11.206227297587137,11.284303665161133,25554000,0.0,0.0
2003-04-01 00:00:00-05:00,11.299478550961412,11.407918429695947,11.173687000988666,11.368880271911621,26118600,0.0,0.0
2003-04-02 00:00:00-05:00,11.501180411620066,11.791800510833202,11.451298375904802,11.726736068725586,24999000,0.0,0.0
2003-04-03 00:00:00-05:00,11.668177233471512,11.835176244020582,11.668177233471512,11.722397804260254,21043500,0.0,0.0
2003-04-04 00:00:00-05:00,11.668175921591553,11.865538479232427,11.668175921591553,11.841681480407715,18418200,0.0,0.0
2003-04-07 00:00:00-04:00,12.08242022476169,12.08242022476169,11.772280430505713,11.780956268310547,25653000,0.0,0.0
2003-04-08 00:00:00-04:00,11.798305991700119,11.895902025365656,11.752761258722927,11.833006858825684,19868700,0.0,0.0
2003-04-09 00:00:00-04:00,11.830833465903675,11.941442596441384,11.605277908199447,11.646485328674316,22557300,0.0,0.0
2003-04-10 00:00:00-04:00,11.611791339566832,11.837347030639648,11.544558858564807,11.837347030639648,26255700,0.0,0.0
2003-04-11 00:00:00-04:00,11.733243481577672,11.809151796000153,11.488169342900507,11.490337371826172,32407800,0.0,0.0
2003-04-14 00:00:00-04:00,11.49033511589821,11.75493014996542,11.410089518378129,11.418764114379883,22876500,0.0,0.0
2003-04-15 00:00:00-04:00,11.776619310840303,12.032538538977583,11.72673603427059,11.991331100463867,26547600,0.0,0.0
2003-04-16 00:00:00-04:00,11.991329050848254,12.034705751712066,11.815655460001128,11.828668594360352,22386300,0.0,0.0
2003-04-17 00:00:00-04:00,11.828666650981349,12.036871802518878,11.791796523354689,12.017352104187012,21677400,0.0,0.0
2003-04-21 00:00:00-04:00,12.019522859907223,12.026029426822635,11.878550139075019,11.92409610748291,20014800,0.0,0.0
2003-04-22 00:00:00-04:00,11.815652597173967,12.145311969063187,11.798302169232455,12.143142700195312,26414400,0.0,0.0
2003-04-23 00:00:00-04:00,12.01518185853094,12.140972137451174,12.01518185853094,12.140972137451172,19563900,0.0,0.0
2003-04-24 00:00:00-04:00,12.14097698232299,12.14097698232299,11.880720487080438,11.952291488647461,19478700,0.0,0.0
2003-04-25 00:00:00-04:00,11.95229070455767,12.032536296868107,11.767941279978734,11.92843246459961,22233900,0.0,0.0
2003-04-28 00:00:00-04:00,11.92843048060553,12.23423287746761,11.819991850655327,12.164831161499023,27560400,0.0,0.0
2003-04-29 00:00:00-04:00,12.16482917234988,12.366527721277489,12.15398531112801,12.271100997924805,25303500,0.0,0.0
2003-04-30 00:00:00-04:00,12.472806370875427,12.472806370875427,12.121459118258715,12.214717864990234,37640400,0.0,0.0
2003-05-01 00:00:00-04:00,12.21471879008112,12.21471879008112,11.956631505650542,12.132305145263672,24271500,0.0,0.0
2003-05-02 00:00:00-04:00,11.960964005714336,12.234233588472115,11.958794736589034,12.177845001220703,21553800,0.0,0.0
2003-05-05 00:00:00-04:00,12.177847270117732,12.177847270117732,12.03687453472344,12.054224967956543,21947100,0.0,0.0
2003-05-06 00:00:00-04:00,12.054221521358953,12.197363485354913,12.047714955631816,12.125792503356934,22686600,0.0,0.0
2003-05-07 00:00:00-04:00,12.125796429190089,12.13664029524594,11.924097790349235,11.945785522460938,24627300,0.0,0.0
2003-05-08 00:00:00-04:00,11.84818910382524,12.026031994820498,11.84818910382524,11.930603981018066,27484200,0.0,0.0
2003-05-09 00:00:00-04:00,12.026030899381368,12.10410722992509,11.809149859313779,12.10193920135498,19495800,0.0,0.0
2003-05-12 00:00:00-04:00,12.08242070020877,12.351353067726555,12.021694797189252,12.29713249206543,22657500,0.0,0.0
2003-05-13 00:00:00-04:00,12.093256990221363,12.214709961166175,12.03253112524908,12.034700393676758,27647100,0.0,0.0
2003-05-14 00:00:00-04:00,12.119287628531016,12.14097535664703,11.689864158630371,11.689864158630371,36225900,0.0,0.0
2003-05-15 00:00:00-04:00,11.679020776454848,11.796135257713935,11.5879300808079,11.659501075744629,34739400,0.0,0.0
2003-05-16 00:00:00-04:00,11.516359114718577,11.72239500063694,11.477319717407227,11.477319717407227,31444800,0.0,0.0
2003-05-19 00:00:00-04:00,11.41659559014641,11.603111806093748,11.323336861672338,11.379725456237793,25887600,0.0,0.0
2003-05-20 00:00:00-04:00,11.38188906420035,11.54888673642485,11.38188906420035,11.453458786010742,28671900,0.0,0.0
2003-05-21 00:00:00-04:00,11.451299785812374,11.538051972303297,11.401416502954364,11.405755043029785,20813100,0.0,0.0
2003-05-22 00:00:00-04:00,11.418757103023214,11.546717863985778,11.403575948841265,11.472977638244629,22377600,0.0,0.0
2003-05-23 00:00:00-04:00,11.440450515208644,11.440450515208644,11.277790069580078,11.277790069580078,21462000,0.0,0.0
2003-05-27 00:00:00-04:00,11.277789351237672,11.407918195852211,11.197543768158981,11.38623046875,47660400,0.0,0.0
2003-05-28 00:00:00-04:00,11.407922841990777,11.668179396214681,11.407922841990777,11.57058334350586,32211900,0.0,0.0
2003-05-29 00:00:00-04:00,11.570574455700715,11.69853398502862,11.39923948782108,11.453458786010742,24998400,0.0,0.0
2003-05-30 00:00:00-04:00,11.431776268267457,11.607449852735039,11.401412702865514,11.410088539123535,33368100,0.0,0.0
2003-06-02 00:00:00-04:00,11.486000537240072,11.590103159912848,11.364547477455165,11.37756061553955,28615800,0.0,0.0
2003-06-03 00:00:00-04:00,11.42310382265605,11.462141990661621,11.303818807915432,11.462141990661621,22188900,0.0,0.0
2003-06-04 00:00:00-04:00,11.488164875318773,11.70938316377842,11.488164875318773,11.681187629699707,27131100,0.0,0.0
2003-06-05 00:00:00-04:00,11.516362441254827,11.984824175302116,11.516362441254827,11.846020698547363,31813200,0.0,0.0
2003-06-06 00:00:00-04:00,11.919756086246261,11.995664369483313,11.629136085510254,11.629136085510254,28415100,0.0,0.0
2003-06-09 00:00:00-04:00,11.700710772495118,11.767943241855464,11.624802465249022,11.666009902954102,17940000,0.0,0.0
2003-06-10 00:00:00-04:00,11.798305546498561,11.906745441923817,11.776617815613681,11.876381874084473,24820500,0.0,0.0
2003-06-11 00:00:00-04:00,11.87637844440287,12.013013839721681,11.600940866903853,12.01301383972168,27555900,0.0,0.0
2003-06-12 00:00:00-04:00,12.054221493155035,12.056390762059179,11.811315497912714,11.9349365234375,21414900,0.0,0.0
2003-06-13 00:00:00-04:00,11.930604337262936,11.969643748257463,11.702880644800107,11.72890567779541,24796500,0.0,0.0
2003-06-16 00:00:00-04:00,11.813493187488419,11.982660293579102,11.754935295341589,11.982660293579102,26111100,0.0,0.0
2003-06-17 00:00:00-04:00,11.79613533156317,12.010847076716804,11.79613533156317,11.941445350646973,20163600,0.0,0.0
2003-06-18 00:00:00-04:00,11.91537657185931,12.000099182128904,11.865412879852702,12.000099182128906,17116800,0.03,0.0
2003-06-19 00:00:00-04:00,12.002273055249924,12.021823472385796,11.800242962606667,11.837173461914062,18525300,0.0,0.0
2003-06-20 00:00:00-04:00,11.893654413304674,11.906688853455305,11.687279921028454,11.787208557128906,38785500,0.0,0.0
2003-06-23 00:00:00-04:00,11.741590283294178,11.774176386511689,11.441805591889503,11.674247741699219,18756900,0.0,0.0
2003-06-24 00:00:00-04:00,11.7307287056586,11.9436204373405,11.719867085557725,11.86107063293457,22227600,0.0,0.0
2003-06-25 00:00:00-04:00,11.893653482057244,12.026166965126125,11.750278380724156,11.769828796386719,25632900,0.0,0.0
2003-06-26 00:00:00-04:00,11.687276839353641,11.817618720426436,11.687276839353641,11.815445899963379,17044800,0.0,0.0
2003-06-27 00:00:00-04:00,11.839347061158898,11.897999559454442,11.624282514266845,11.687280654907227,17120400,0.0,0.0
2003-06-30 00:00:00-04:00,11.73073055399897,11.854555280118182,11.659042358398438,11.659042358398438,23685900,0.0,0.0
2003-07-01 00:00:00-04:00,11.622117035067918,11.837181717821553,11.513500768485562,11.806768417358398,22321500,0.0,0.0
2003-07-02 00:00:00-04:00,11.895824388669519,12.110887650050488,11.895824388669519,12.106544494628906,30133800,0.0,0.0
2003-07-03 00:00:00-04:00,12.056585162909649,12.197788744040825,11.937106070206143,11.939277648925781,14606700,0.0,0.0
2003-07-07 00:00:00-04:00,12.078308662841833,12.308579295189956,12.065274218117152,12.284683227539062,32310900,0.0,0.0
2003-07-08 00:00:00-04:00,12.27381778494213,12.33247153085697,12.219509681711946,12.317265510559082,21525900,0.0,0.0
2003-07-09 00:00:00-04:00,12.317266482067097,12.317266482067097,12.091341522924711,12.113064765930176,21921900,0.0,0.0
2003-07-10 00:00:00-04:00,11.997930345143779,12.163029978825296,11.887140063180219,12.084824562072754,22558200,0.0,0.0
2003-07-11 00:00:00-04:00,12.110887641717538,12.38677745339515,12.050062334305384,12.2803316116333,21379800,0.0,0.0
2003-07-14 00:00:00-04:00,12.447607670802144,12.53450188058387,12.139132915318815,12.306404113769531,27064800,0.0,0.0
2003-07-15 00:00:00-04:00,12.399806907966976,12.534493150075374,12.369393644968572,12.451943397521973,23279400,0.0,0.0
2003-07-16 00:00:00-04:00,12.432401650227654,12.49105539720942,12.239061567326004,12.306404113769531,19446900,0.0,0.0
2003-07-17 00:00:00-04:00,12.295539204690675,12.399812228542679,12.102199173494569,12.121750831604004,18882900,0.0,0.0
2003-07-18 00:00:00-04:00,12.252096702879308,12.39764468264567,12.156513678529576,12.382438659667969,19905600,0.0,0.0
2003-07-21 00:00:00-04:00,12.349847507132157,12.37374356181711,12.106543805108414,12.15650749206543,18455700,0.0,0.0
2003-07-22 00:00:00-04:00,12.176063607292921,12.408507044164455,12.171719207051924,12.36071491241455,19610700,0.0,0.0
2003-07-23 00:00:00-04:00,12.365048261019574,12.378082693125625,12.158675139145172,12.273808479309082,15607800,0.0,0.0
2003-07-24 00:00:00-04:00,12.382437721191843,12.382437721191843,12.078307340423965,12.084824562072754,22257000,0.0,0.0
2003-07-25 00:00:00-04:00,12.060921649723992,12.228192766968778,11.947958610332057,12.206469535827637,18654300,0.0,0.0
2003-07-28 00:00:00-04:00,12.206475068497976,12.265128813590056,12.05658271683279,12.199957847595215,18539700,0.0,0.0
2003-07-29 00:00:00-04:00,12.199953780268856,12.226022655188842,12.00227061294338,12.054407119750977,22660800,0.0,0.0
2003-07-30 00:00:00-04:00,12.110888480636124,12.169542214401913,12.028339932218111,12.143474578857422,16079700,0.0,0.0
2003-07-31 00:00:00-04:00,12.219506797730954,12.43674164544672,12.145647048950195,12.145647048950195,26763900,0.0,0.0
2003-08-01 00:00:00-04:00,12.104375576198628,12.165202146294892,11.991412478748224,12.00661849975586,19120200,0.0,0.0
2003-08-04 00:00:00-04:00,11.900172403955358,12.186923890674189,11.900172403955358,12.128270149230957,19786800,0.0,0.0
2003-08-05 00:00:00-04:00,12.034855618720124,12.154334648890773,12.000097947066948,12.013131141662598,22274100,0.0,0.0
2003-08-06 00:00:00-04:00,11.950133659469074,12.217334673075896,11.950133659469074,12.108716011047363,19028400,0.0,0.0
2003-08-07 00:00:00-04:00,12.269476790615284,12.491057371336195,12.226029057341389,12.382438659667969,40163700,0.0,0.0
2003-08-08 00:00:00-04:00,12.451949693407718,12.55404990427261,12.417192016130404,12.549705505371094,19867800,0.0,0.0
2003-08-11 00:00:00-04:00,12.573604113526814,12.664842724122789,12.443262175790128,12.534502029418945,21129600,0.0,0.0
2003-08-12 00:00:00-04:00,12.610530776158678,12.773457527160645,12.577944680138806,12.773457527160645,20609700,0.0,0.0
2003-08-13 00:00:00-04:00,12.708293926728645,12.740878798558267,12.56709032940059,12.614882469177246,28214100,0.0,0.0
2003-08-14 00:00:00-04:00,12.614873529792762,12.703940523257218,12.545358191390934,12.584460258483887,20044200,0.0,0.0
2003-08-15 00:00:00-04:00,12.610533491083114,12.638773951691922,12.545362528045164,12.621395111083984,9706200,0.0,0.0
2003-08-18 00:00:00-04:00,12.708286677421887,12.8494901942019,12.682217800402357,12.799525260925293,20434800,0.0,0.0
2003-08-19 00:00:00-04:00,12.82776845487158,12.82776845487158,12.686566150972194,12.790839195251465,15981000,0.0,0.0
2003-08-20 00:00:00-04:00,12.697429451140334,12.838633016756265,12.688739408117506,12.769116401672363,11825700,0.0,0.0
2003-08-21 00:00:00-04:00,12.764766740659912,12.91031464628302,12.753905123632688,12.85817813873291,17719200,0.0,0.0
2003-08-22 00:00:00-04:00,12.912492256368514,12.921182299033015,12.684394485094217,12.686567306518555,20809500,0.0,0.0
2003-08-25 00:00:00-04:00,12.686569286385952,12.838634490966797,12.67136202010804,12.838634490966797,18136200,0.0,0.0
2003-08-26 00:00:00-04:00,12.758257488182561,12.892942604722066,12.680052064128711,12.838634490966797,20238000,0.0,0.0
2003-08-27 00:00:00-04:00,12.8712164289612,12.89728531205533,12.838631568126303,12.840803146362305,14978100,0.0,0.0
2003-08-28 00:00:00-04:00,12.871208927433843,12.914656626257853,12.786487592820274,12.882070541381836,14408400,0.0,0.0
2003-08-29 00:00:00-04:00,12.827767179575812,12.886420916530826,12.753907424645746,12.853836059570312,15532200,0.0,0.0
2003-09-02 00:00:00-04:00,12.808217605582811,13.023280907561345,12.79952756400184,13.016763687133789,20201400,0.0,0.0
2003-09-03 00:00:00-04:00,13.023276521086409,13.055861369216323,12.895107462923773,13.029793739318848,22884000,0.0,0.0
2003-09-04 00:00:00-04:00,13.04500884686551,13.077594960743523,12.977666283239524,13.051526069641113,29719200,0.0,0.0
2003-09-05 00:00:00-04:00,12.838624556449274,12.862520605224066,12.708282698228963,12.793004035949707,31780500,0.0,0.0
2003-09-08 00:00:00-04:00,12.719150382140779,12.738702043113483,12.610532943813112,12.727840423583984,25674000,0.0,0.0
2003-09-09 00:00:00-04:00,12.723491865430992,12.723491865430992,12.360709132762542,12.395466804504395,30322500,0.0,0.0
2003-09-10 00:00:00-04:00,12.286854117332686,12.486711448460797,12.286854117332686,12.349853515625,32541600,0.0,0.0
2003-09-11 00:00:00-04:00,12.404152458816421,12.571424799355526,12.38460080727713,12.491047859191895,25185900,0.0,0.0
2003-09-12 00:00:00-04:00,12.4215376787688,12.497570260927368,12.321610278704592,12.486708641052246,23912400,0.0,0.0
2003-09-15 00:00:00-04:00,12.491055322316052,12.610534393912246,12.491055322316052,12.545363426208496,18231000,0.0,0.0
2003-09-16 00:00:00-04:00,12.593157356333322,12.712636445047773,12.534503601299663,12.690913200378418,18779400,0.0,0.0
2003-09-17 00:00:00-04:00,12.636599215606475,12.70828738838831,12.510602951049805,12.510602951049805,20104500,0.0,0.0
2003-09-18 00:00:00-04:00,12.514947263226889,12.70611572265625,12.514947263226889,12.70611572265625,22535700,0.0,0.0
2003-09-19 00:00:00-04:00,12.499747128747716,12.706121702284292,12.499747128747716,12.630087852478027,25095900,0.0,0.0
2003-09-22 00:00:00-04:00,12.532325573050995,12.545360011650637,12.328125169141543,12.397639274597168,27752700,0.0,0.0
2003-09-23 00:00:00-04:00,12.445435032091616,12.580121369988394,12.423711790085543,12.517123222351074,19807800,0.0,0.0
2003-09-24 00:00:00-04:00,12.430221891212783,12.491048425627518,12.284674015683379,12.299880027770996,23936400,0.0,0.0
2003-09-25 00:00:00-04:00,12.2933610296233,12.486700976611873,12.2933610296233,12.358531951904297,22629600,0.0,0.0
2003-09-26 00:00:00-04:00,12.317265063634325,12.401987690451788,12.297714644393956,12.338988304138184,19725600,0.0,0.0
2003-09-29 00:00:00-04:00,12.441092365252704,12.45847120988488,12.267303918930931,12.432403564453125,26007900,0.0,0.0
2003-09-30 00:00:00-04:00,12.35636331726481,12.458464753461865,12.121749657832135,12.132611274719238,38474100,0.0,0.0
2003-10-01 00:00:00-04:00,12.169540695149955,12.404155600923662,12.167369117561334,12.395466804504395,32798100,0.0,0.0
2003-10-02 00:00:00-04:00,12.395470816783785,12.432459664465638,12.297560552622091,12.415053367614746,18566100,0.03,0.0
2003-10-03 00:00:00-04:00,12.608695276100184,12.667441666772831,12.482498726323733,12.50643253326416,28898400,0.0,0.0
2003-10-06 00:00:00-04:00,12.52601459085904,12.717483793932505,12.508608299670543,12.61739730834961,12368100,0.0,0.0
2003-10-07 00:00:00-04:00,12.563000989746724,12.815391540527344,12.556473476192618,12.815391540527344,21436200,0.0,0.0
2003-10-08 00:00:00-04:00,12.837158459361556,12.841508477823105,12.671797997981153,12.732719421386719,16730100,0.0,0.0
2003-10-09 00:00:00-04:00,12.876318776472212,12.926361404960351,12.732715916904207,12.828451156616211,24380100,0.0,0.0
2003-10-10 00:00:00-04:00,12.717482180129583,12.834974941991563,12.700075891149881,12.710954666137695,14459700,0.0,0.0
2003-10-13 00:00:00-04:00,12.713134583346521,12.878493753815938,12.713134583346521,12.826274871826172,13698600,0.0,0.0
2003-10-14 00:00:00-04:00,12.808869068472365,12.956823195608917,12.767528963022395,12.908955574035645,15849000,0.0,0.0
2003-10-15 00:00:00-04:00,12.911124257207462,12.911124257207462,12.76099396439437,12.852377891540527,20181900,0.0,0.0
2003-10-16 00:00:00-04:00,12.874139000296918,12.976400482921498,12.826271393538171,12.922006607055664,20514000,0.0,0.0
2003-10-17 00:00:00-04:00,12.967698983826848,12.974226498444919,12.758823496033038,12.802338600158691,21579000,0.0,0.0
2003-10-20 00:00:00-04:00,12.837154388427733,12.867614467972631,12.739242899188428,12.837154388427734,20537700,0.0,0.0
2003-10-21 00:00:00-04:00,12.804515474319125,12.939414544643594,12.76099912308703,12.830625534057617,15818700,0.0,0.0
2003-10-22 00:00:00-04:00,12.830628761740567,12.830628761740567,12.63045573671036,12.671795845031738,16532400,0.0,0.0
2003-10-23 00:00:00-04:00,12.652207329327144,12.782753864314062,12.652207329327144,12.771876335144043,19254300,0.0,0.0
2003-10-24 00:00:00-04:00,12.77405452496423,12.77405452496423,12.401994877828761,12.643507957458496,25435200,0.0,0.0
2003-10-27 00:00:00-05:00,12.643505642191696,12.715305805423199,12.565176720034806,12.57387924194336,21044400,0.0,0.0
2003-10-28 00:00:00-05:00,12.573881336323732,12.78710934354758,12.571706327982302,12.784933090209961,24096600,0.0,0.0
2003-10-29 00:00:00-05:00,12.739240034790376,12.828447734818427,12.68919741965036,12.804513931274414,16159800,0.0,0.0
2003-10-30 00:00:00-05:00,12.804520825172474,12.869794756799712,12.737070639325543,12.793642044067383,18343500,0.0,0.0
2003-10-31 00:00:00-05:00,12.7936385374562,12.876318745189083,12.78493476795973,12.826274871826172,17739900,0.0,0.0
2003-11-03 00:00:00-05:00,12.787116917335924,13.039508919154956,12.732721756642988,12.845863342285156,16460400,0.0,0.0
2003-11-04 00:00:00-05:00,12.797987592670838,12.815393883665681,12.695726099949685,12.763175010681152,22938000,0.0,0.0
2003-11-05 00:00:00-05:00,12.763171146526156,12.765347399115186,12.567349498373682,12.602163314819336,23902500,0.0,0.0
2003-11-06 00:00:00-05:00,12.602170168377498,12.771881857740595,12.565181324222578,12.752299308776855,23989500,0.0,0.0
2003-11-07 00:00:00-05:00,12.782754830056467,12.793634850040274,12.66526331319048,12.710954666137695,19853100,0.0,0.0
2003-11-10 00:00:00-05:00,12.695723327682021,12.721832135975038,12.58258183842331,12.645679473876953,16737600,0.0,0.0
2003-11-11 00:00:00-05:00,12.647856078599645,12.721832489983564,12.606515989739128,12.680492401123047,14808600,0.0,0.0
2003-11-12 00:00:00-05:00,12.680496488156548,12.695727772906697,12.580409990498444,12.610871315002441,25839900,0.0,0.0
2003-11-13 00:00:00-05:00,12.260568426357896,12.271447203356054,12.053869173400441,12.079977989196777,83990700,0.0,0.0
2003-11-14 00:00:00-05:00,12.079980380844228,12.173539375547078,11.858051045150056,11.966838836669922,48505500,0.0,0.0
2003-11-17 00:00:00-05:00,11.966838836669922,11.969015090498907,11.82758971652661,11.966838836669922,31059300,0.0,0.0
2003-11-18 00:00:00-05:00,11.969010038739782,12.03210767818757,11.86457230896497,11.905912399291992,30298500,0.0,0.0
2003-11-19 00:00:00-05:00,11.87980466121426,12.040812531228548,11.868924640676271,12.012527465820312,21480600,0.0,0.0
2003-11-20 00:00:00-05:00,11.999476264595565,12.09521151189454,11.958136157352504,11.982069969177246,26223300,0.0,0.0
2003-11-21 00:00:00-05:00,12.010352258668267,12.016879773561104,11.895035733885859,11.925497055053711,25821600,0.0,0.0
2003-11-24 00:00:00-05:00,11.999471472064249,12.21922570832717,11.988592697397287,12.20181941986084,30434400,0.0,0.0
2003-11-25 00:00:00-05:00,12.184417478795552,12.240986374469792,12.132197355104282,12.193120002746582,24256800,0.0,0.0
2003-11-26 00:00:00-05:00,12.18876933044855,12.227934429112198,12.008180103817498,12.119145393371582,21051000,0.0,0.0
2003-11-28 00:00:00-05:00,12.09738105733177,12.184413740114486,12.077798516956275,12.106084823608398,9502800,0.0,0.0
2003-12-01 00:00:00-05:00,12.106086812546009,12.110438073901257,11.738378460611537,11.858047485351562,59235900,0.0,0.0
2003-12-02 00:00:00-05:00,11.8210621676832,11.868928546821643,11.529506405220623,11.536032676696777,65003100,0.0,0.0
2003-12-03 00:00:00-05:00,11.594772287023815,11.688332471653764,11.462049516494922,11.464225769042969,53107800,0.0,0.0
2003-12-04 00:00:00-05:00,11.56214274258726,11.581725292005123,11.344563425153607,11.536032676696777,52777500,0.0,0.0
2003-12-05 00:00:00-05:00,11.49904732086811,11.673110310787084,11.466410977132067,11.636122703552246,40616400,0.0,0.0
2003-12-08 00:00:00-05:00,11.636116144711304,11.66222495598424,11.53167840962754,11.618708610534668,31278900,0.0,0.0
2003-12-09 00:00:00-05:00,11.640467328555927,11.646994843278016,11.43376809067301,11.446823120117188,29950200,0.0,0.0
2003-12-10 00:00:00-05:00,11.509920860549617,11.586073539584184,11.435944434771745,11.52079963684082,29140800,0.0,0.0
2003-12-11 00:00:00-05:00,11.564319835591442,11.64917506590022,11.47511209732076,11.490342140197754,35053200,0.0,0.0
2003-12-12 00:00:00-05:00,11.527324571464435,11.531677077003614,11.31627287266539,11.422886848449707,34570500,0.0,0.0
2003-12-15 00:00:00-05:00,11.546912028361104,11.546912028361104,10.987733103071685,11.039953231811523,74129100,0.0,0.0
2003-12-16 00:00:00-05:00,11.096520307808003,11.203134299493627,11.009488858981795,11.181375503540039,50199900,0.0,0.0
2003-12-17 00:00:00-05:00,11.183554209843741,11.42113205114373,11.170476278781694,11.312150955200195,49095900,0.03,0.0
2003-12-18 00:00:00-05:00,11.527931924787689,11.597680475304761,11.449466832123743,11.464723587036133,46089300,0.0,0.0
2003-12-19 00:00:00-05:00,11.484341610237419,11.554088920415516,11.40805533383259,11.410235404968262,43464300,0.0,0.0
2003-12-22 00:00:00-05:00,11.355742463859226,11.595499103987004,11.351383569684545,11.567164421081543,34286100,0.0,0.0
2003-12-23 00:00:00-05:00,11.530118071986935,11.621661144064037,11.447292793831071,11.50178337097168,29736300,0.0,0.0
2003-12-24 00:00:00-05:00,11.514858770819954,11.54101339399924,11.390620880971856,11.429853439331055,10883700,0.0,0.0
2003-12-26 00:00:00-05:00,11.403701815730084,11.558453265462383,11.403701815730084,11.447293281555176,9357900,0.0,0.0
2003-12-29 00:00:00-05:00,11.482159732866862,11.530111312866211,11.392795538066265,11.530111312866211,23506800,0.0,0.0
2003-12-30 00:00:00-05:00,11.541014346443543,11.57806808345105,11.447291215220382,11.503960609436035,18420600,0.0,0.0
2003-12-31 00:00:00-05:00,11.541012311668734,11.588963904711097,11.486522998830072,11.5628080368042,20292600,0.0,0.0
2004-01-02 00:00:00-05:00,11.628200518606542,11.639098384978542,11.362289087023326,11.399341583251953,26381700,0.0,0.0
2004-01-05 00:00:00-05:00,11.508316296964585,11.508316296964585,11.242403767104868,11.360102653503418,40354200,0.0,0.0
2004-01-06 00:00:00-05:00,11.410235714212101,11.639093302448877,11.399336605418634,11.626016616821289,39943500,0.0,0.0
2004-01-07 00:00:00-05:00,11.62601942674608,11.663071915750043,11.510499321929622,11.656534194946289,36686700,0.0,0.0
2004-01-08 00:00:00-05:00,11.800383100769368,11.841795716903809,11.530111684054111,11.608576774597168,40300800,0.0,0.0
2004-01-09 00:00:00-05:00,11.584602484966004,11.584602484966004,11.392796154588982,11.42113208770752,33244500,0.0,0.0
2004-01-12 00:00:00-05:00,11.4647262687152,11.508318967087485,11.355746393555169,11.445109367370605,26848500,0.0,0.0
2004-01-13 00:00:00-05:00,11.418954277646204,11.49959945678711,11.357925999045142,11.49959945678711,25431300,0.0,0.0
2004-01-14 00:00:00-05:00,11.49959891722131,11.59114320159821,11.49959891722131,11.58242416381836,23437800,0.0,0.0
2004-01-15 00:00:00-05:00,11.588966009911458,11.69140693440145,11.464728109146034,11.658713340759277,30384000,0.0,0.0
2004-01-16 00:00:00-05:00,11.693586683950253,11.71538365962504,11.58024665085546,11.656534194946289,29158800,0.0,0.0
2004-01-20 00:00:00-05:00,11.612937277505745,11.649991000246924,11.501777356462373,11.541009902954102,23944500,0.0,0.0
2004-01-21 00:00:00-05:00,11.530112077512994,11.667426614239194,11.530112077512994,11.649991035461426,27183600,0.0,0.0
2004-01-22 00:00:00-05:00,11.658712771207176,11.69794533109732,11.541013844356149,11.591145515441895,22968000,0.0,0.0
2004-01-23 00:00:00-05:00,11.656529248740556,11.865771146730618,11.569343877397941,11.81563949584961,37678200,0.0,0.0
2004-01-26 00:00:00-05:00,11.817824130360597,11.91808622366095,11.71974086151815,11.902828216552734,27441900,0.0,0.0
2004-01-27 00:00:00-05:00,11.878853970025153,11.976935994210265,11.848339202204277,11.863595962524414,28581000,0.0,0.0
2004-01-28 00:00:00-05:00,11.865774460789893,11.898468048789486,11.580244971332874,11.610759735107422,30082500,0.0,0.0
2004-01-29 00:00:00-05:00,11.634734048281832,11.878850880170033,11.602040464451054,11.874490737915039,31503900,0.0,0.0
2004-01-30 00:00:00-05:00,11.82436075135876,11.92244401108037,11.734997777380164,11.737177848815918,23436000,0.0,0.0
2004-02-02 00:00:00-05:00,11.813465382558597,11.983474804257574,11.802566271409955,11.920265197753906,35349900,0.0,0.0
2004-02-03 00:00:00-05:00,11.920261999435157,12.020524067092841,11.878850626339839,11.990009307861328,24813300,0.0,0.0
2004-02-04 00:00:00-05:00,11.976931147536098,12.194890835928353,11.970392182279117,12.072833061218262,34924500,0.0,0.0
2004-02-05 00:00:00-05:00,12.17091735027876,12.323489909351046,12.155660593243665,12.260281562805176,37717200,0.0,0.0
2004-02-06 00:00:00-05:00,12.314772115875778,12.552350016208608,12.251565010123999,12.550169944763184,45306300,0.0,0.0
2004-02-09 00:00:00-05:00,12.434649353238457,12.54145038979789,12.432469282099587,12.493498802185059,25261800,0.0,0.0
2004-02-10 00:00:00-05:00,12.456447052454152,12.55453031438221,12.384520906802187,12.53927230834961,27599400,0.0,0.0
2004-02-11 00:00:00-05:00,12.576320657689461,12.707096205652535,12.40413125232381,12.439004898071289,31807500,0.0,0.0
2004-02-12 00:00:00-05:00,12.373624572938214,12.521838287648238,12.369266923351825,12.419397354125977,23928000,0.0,0.0
2004-02-13 00:00:00-05:00,12.495680465600271,12.495680465600271,12.24720470567891,12.27553939819336,21399600,0.0,0.0
2004-02-17 00:00:00-05:00,12.506577739873016,12.606839818254686,12.310413725737861,12.537091255187988,23084100,0.0,0.0
2004-02-18 00:00:00-05:00,12.554527462261492,12.565425322848741,12.356183406341083,12.4673433303833,23968200,0.0,0.0
2004-02-19 00:00:00-05:00,12.68530814709323,12.84877861612067,12.57632825013517,12.724540710449219,61849200,0.0,0.0
2004-02-20 00:00:00-05:00,12.794291216319504,12.979557443178418,12.774674308099508,12.953401565551758,50526000,0.0,0.0
2004-02-23 00:00:00-05:00,12.955581498825715,13.110332949187764,12.90762988847828,13.088537216186523,61199100,0.0,0.0
2004-02-24 00:00:00-05:00,13.066739082336426,13.077636946834701,12.957759190173018,13.066739082336426,41334900,0.0,0.0
2004-02-25 00:00:00-05:00,13.02314779662243,13.07763711983463,12.95557928978637,13.051481246948242,36898200,0.0,0.0
2004-02-26 00:00:00-05:00,12.97301140842563,13.018782922163368,12.888006099615366,12.946855545043945,31388700,0.0,0.0
2004-02-27 00:00:00-05:00,12.946854902447432,13.095068544166807,12.91416132202323,12.981728553771973,37901700,0.0,0.0
2004-03-01 00:00:00-05:00,13.005709827499938,13.190976022362838,12.979555201571149,13.175719261169434,32411700,0.0,0.0
2004-03-02 00:00:00-05:00,13.164814552838868,13.166994623524927,12.964291701022331,12.979548454284668,32315700,0.0,0.0
2004-03-03 00:00:00-05:00,12.97955379763055,13.20623260227748,12.962116966503864,13.156102180480957,30023400,0.0,0.0
2004-03-04 00:00:00-05:00,13.254185169297006,13.363165060016222,13.101612573981727,13.306495666503906,33478800,0.0,0.0
2004-03-05 00:00:00-05:00,13.252000680111093,13.25418075112741,13.1212251042771,13.129942893981934,29591400,0.0,0.0
2004-03-08 00:00:00-05:00,13.088526598722142,13.291230742178104,13.081987634690028,13.17789077758789,24233400,0.0,0.0
2004-03-09 00:00:00-05:00,13.121226756651485,13.262900211047763,13.090711994481374,13.138662338256836,29301900,0.0,0.0
2004-03-10 00:00:00-05:00,13.0667381094028,13.134305363133393,12.792107704080696,12.807364463806152,41255100,0.0,0.0
2004-03-11 00:00:00-05:00,12.709274411985644,12.822614367630027,12.554523099372878,12.61991024017334,44761800,0.0,0.0
2004-03-12 00:00:00-05:00,12.639536816652805,12.755055683873776,12.619919911071976,12.746337890625,27611100,0.0,0.0
2004-03-15 00:00:00-05:00,12.652605057753338,12.813895333882105,12.569779849457031,12.61991024017334,32399700,0.0,0.0
2004-03-16 00:00:00-05:00,12.685308997674097,12.724541563660726,12.482605951698934,12.635178565979004,23958000,0.0,0.0
2004-03-17 00:00:00-05:00,12.663576326199431,12.916978051040637,12.663576326199431,12.746587753295898,23943000,0.043333,0.0
2004-03-18 00:00:00-05:00,12.70289462876233,12.93008289878085,12.661388923184072,12.875471115112305,27211200,0.0,0.0
2004-03-19 00:00:00-05:00,12.85581966292401,12.910432737102902,12.772808190167142,12.801206588745117,26895900,0.0,0.0
2004-03-22 00:00:00-05:00,12.735666945849701,12.779357640767993,12.571829027378316,12.691977500915527,27231600,0.0,0.0
2004-03-23 00:00:00-05:00,12.70507724855936,12.84488538884795,12.65483291690354,12.715999603271484,27975000,0.0,0.0
2004-03-24 00:00:00-05:00,12.7334750046805,12.980324209177162,12.707260354653135,12.796825408935547,28590900,0.0,0.0
2004-03-25 00:00:00-05:00,12.943183335608314,13.100467438802564,12.923522353965431,13.067700386047363,33131400,0.0,0.0
2004-03-26 00:00:00-05:00,13.041485493045897,13.098283466705364,12.954105437396231,12.978135108947754,20602800,0.0,0.0
2004-03-29 00:00:00-05:00,13.030573234334994,13.2053334809837,13.026204540664747,13.135429382324219,25261200,0.0,0.0
2004-03-30 00:00:00-05:00,13.085181389987339,13.15945415455999,13.06552040084307,13.107026100158691,19410900,0.0,0.0
2004-03-31 00:00:00-05:00,13.069885866298735,13.122313907757047,12.997796840549894,13.03930377960205,25416000,0.0,0.0
2004-04-01 00:00:00-05:00,12.833966623944168,13.039311469909439,12.691974709156886,12.746587753295898,43483200,0.0,0.0
2004-04-02 00:00:00-05:00,12.888588007425158,13.137621175711224,12.735671149727352,12.801206588745117,31875300,0.0,0.0
2004-04-05 00:00:00-04:00,12.792457644457416,12.949741806071637,12.7007076126949,12.80993366241455,25264200,0.0,0.0
2004-04-06 00:00:00-04:00,12.779350839576006,12.903867941341602,12.757506128734713,12.8929443359375,20706600,0.0,0.0
2004-04-07 00:00:00-04:00,12.823040379734692,12.842700117763696,12.659202562915155,12.665756225585938,31155600,0.0,0.0
2004-04-08 00:00:00-04:00,12.667943870319576,12.691973557561074,12.265995351882326,12.38395881652832,44177700,0.0,0.0
2004-04-12 00:00:00-04:00,12.407989803956069,12.545614290989779,12.407989803956069,12.52595329284668,21485400,0.0,0.0
2004-04-13 00:00:00-04:00,12.539056018589017,12.582746692862123,12.305314098685889,12.335897445678711,39443700,0.0,0.0
2004-04-14 00:00:00-04:00,12.338077623591643,12.55871213049884,12.31841664030943,12.54341983795166,30210600,0.0,0.0
2004-04-15 00:00:00-04:00,12.545608005111255,12.691969806885806,12.475703935605999,12.624249458312988,26047800,0.0,0.0
2004-04-16 00:00:00-04:00,12.713814927133152,12.823040976753786,12.611143790471829,12.766242980957031,26550600,0.0,0.0
2004-04-19 00:00:00-04:00,12.670119353167538,12.82303601344489,12.65701328227198,12.750946998596191,21797400,0.0,0.0
2004-04-20 00:00:00-04:00,12.779357640767993,12.921350836772291,12.69197750091553,12.691977500915527,24492900,0.0,0.0
2004-04-21 00:00:00-04:00,12.495369750230594,12.796830853915422,12.495369750230594,12.746587753295898,19621800,0.0,0.0
2004-04-22 00:00:00-04:00,12.724750034873011,12.823052568407393,12.608970217614997,12.801206588745117,30195300,0.0,0.0
2004-04-23 00:00:00-04:00,12.720365927041579,12.91478705467928,12.685413898476362,12.882019996643066,19189800,0.0,0.0
2004-04-26 00:00:00-04:00,12.838331856341073,12.91915828201793,12.661386708248457,12.70070743560791,21051300,0.0,0.0
2004-04-27 00:00:00-04:00,12.702904055210736,12.906062791179728,12.702904055210736,12.801206588745117,25839300,0.0,0.0
2004-04-28 00:00:00-04:00,12.715999306084147,12.827409071520766,12.64391026668888,12.665756225585938,25570200,0.0,0.0
2004-04-29 00:00:00-04:00,12.68760456045975,12.746586291369699,12.44949391529451,12.576194763183594,26069100,0.0,0.0
2004-04-30 00:00:00-04:00,12.61988290825981,12.681049604449552,12.423277991905133,12.451676368713379,25615200,0.0,0.0
2004-05-03 00:00:00-04:00,12.45167512542403,12.565268621314802,12.250700286563275,12.351187705993652,33582000,0.0,0.0
2004-05-04 00:00:00-04:00,12.36429630409148,12.399248344880872,12.134923067667252,12.233226776123047,38286300,0.0,0.0
2004-05-05 00:00:00-04:00,12.211377916580302,12.309680351734999,12.198270591897467,12.202640533447266,26296200,0.0,0.0
2004-05-06 00:00:00-04:00,12.189540238586256,12.189540238586256,11.888077846941288,11.923029899597168,48073800,0.0,0.0
2004-05-07 00:00:00-04:00,11.892442348578568,12.034434216272217,11.708943531119216,11.774478912353516,41790300,0.0,0.0
2004-05-10 00:00:00-04:00,11.68709659464144,12.091231203503394,11.68709659464144,12.062832832336426,42704700,0.0,0.0
2004-05-11 00:00:00-04:00,12.062835424590926,12.163321605704017,11.844384541771333,11.912103652954102,28943700,0.0,0.0
2004-05-12 00:00:00-04:00,11.81816750961698,12.034433377630888,11.676175651818292,12.02787971496582,36908700,0.0,0.0
2004-05-13 00:00:00-04:00,12.027881436772411,12.150214824054759,11.752633815354175,12.069388389587402,39663300,0.0,0.0
2004-05-14 00:00:00-04:00,12.08030776630303,12.167689101848389,11.940499629403803,12.02787971496582,25720800,0.0,0.0
2004-05-17 00:00:00-04:00,11.938317375045889,12.069388144481742,11.826907596020462,11.949239730834961,25296000,0.0,0.0
2004-05-18 00:00:00-04:00,12.025695930437665,12.154581712207616,12.01695729693603,12.060647964477539,26551800,0.0,0.0
2004-05-19 00:00:00-04:00,12.178886914552185,12.27961021723429,11.988385933920293,11.994955062866211,31620300,0.043333,0.0
2004-05-20 00:00:00-04:00,11.99496033862447,12.051891143951385,11.835114805124054,12.008098602294922,22347000,0.0,0.0
2004-05-21 00:00:00-04:00,12.043131160061069,12.196408805447973,12.00809788060169,12.062838554382324,25756500,0.0,0.0
2004-05-24 00:00:00-04:00,12.10225199682621,12.19202845524179,11.920511457754621,12.040942192077637,28648500,0.0,0.0
2004-05-25 00:00:00-04:00,12.008096713412654,12.170131096747495,11.93583752752537,12.15042495727539,25702200,0.0,0.0
2004-05-26 00:00:00-04:00,12.086927234280013,12.148238304011567,12.021237160405905,12.10444450378418,20027700,0.0,0.0
2004-05-27 00:00:00-04:00,12.152615630150365,12.347495696325872,12.152615630150365,12.25553035736084,29602200,0.0,0.0
2004-05-28 00:00:00-04:00,12.255527060250563,12.273043069689873,12.196406143125865,12.202975273132324,18489300,0.0,0.0
2004-06-01 00:00:00-04:00,12.141664996559616,12.196406914787989,12.021233027043898,12.139474868774414,23985600,0.0,0.0
2004-06-02 00:00:00-04:00,12.139476524552448,12.413184900093569,12.084735851791173,12.338735580444336,30550500,0.0,0.0
2004-06-03 00:00:00-04:00,12.273044510174943,12.583977519952144,12.273044510174943,12.393476486206055,29258400,0.0,0.0
2004-06-04 00:00:00-04:00,12.492013360523737,12.557703428082885,12.345306085912963,12.391288757324219,21469800,0.0,0.0
2004-06-07 00:00:00-04:00,12.417563779812927,12.60149444315519,12.389098379673465,12.590547561645508,21041400,0.0,0.0
2004-06-08 00:00:00-04:00,12.535805248306197,12.662806373064003,12.507341099136896,12.629961967468262,20914200,0.0,0.0
2004-06-09 00:00:00-04:00,12.590548431295815,12.645289107293628,12.478875698153015,12.48763370513916,17322300,0.0,0.0
2004-06-10 00:00:00-04:00,12.57522397770463,12.614637527352484,12.40443025865172,12.524862289428711,18844500,0.0,0.0
2004-06-14 00:00:00-04:00,12.415372592266397,12.448218245727206,12.277424606531698,12.345303535461426,19055700,0.0,0.0
2004-06-15 00:00:00-04:00,12.40442422360595,12.48106240965025,12.380337829169152,12.417562484741211,26127600,0.0,0.0
2004-06-16 00:00:00-04:00,12.415369957722522,12.417560085133019,12.268662744551715,12.288370132446289,20578500,0.0,0.0
2004-06-17 00:00:00-04:00,12.262100383860636,12.325599072128098,12.19203005747236,12.229254722595215,15728400,0.0,0.0
2004-06-18 00:00:00-04:00,12.22268180547849,12.286181727016494,12.141664621001262,12.178889274597168,38807400,0.0,0.0
2004-06-21 00:00:00-04:00,12.086928181544442,12.23363548175617,12.014670222260548,12.027807235717773,24016500,0.0,0.0
2004-06-22 00:00:00-04:00,11.861392423945032,11.988392309955788,11.765046818741078,11.837306022644043,42725100,0.0,0.0
2004-06-23 00:00:00-04:00,11.837306370101073,11.839495245689294,11.515426388710388,11.72563362121582,69854400,0.0,0.0
2004-06-24 00:00:00-04:00,11.732200774599683,11.793510580603696,11.613958913029562,11.638045310974121,30446100,0.0,0.0
2004-06-25 00:00:00-04:00,11.756285997568941,11.843872320916429,11.497904777526855,11.497904777526855,40214400,0.0,0.0
2004-06-28 00:00:00-04:00,11.476009116409154,11.662129906742,11.408130182077675,11.486958503723145,44419500,0.0,0.0
2004-06-29 00:00:00-04:00,11.432214764380578,11.497903560236479,11.370903718061577,11.381853103637695,45711900,0.0,0.0
2004-06-30 00:00:00-04:00,11.40812787734051,11.605198015174079,11.390610615284197,11.49571418762207,42381300,0.0,0.0
2004-07-01 00:00:00-04:00,11.62709883447281,11.648995107387796,11.28770033962098,11.333683013916016,50712900,0.0,0.0
2004-07-02 00:00:00-04:00,11.386233014181641,11.484768732533642,11.27894054216042,11.370905876159668,36544800,0.0,0.0
2004-07-06 00:00:00-04:00,11.34244126474273,11.478200400006669,11.294268466272655,11.403752326965332,31339500,0.0,0.0
2004-07-07 00:00:00-04:00,11.419075132937131,11.552644089246568,11.419075132937131,11.456299781799316,29254800,0.0,0.0
2004-07-08 00:00:00-04:00,11.364335729443653,11.50009484312984,11.344629589880777,11.425646781921387,35517600,0.0,0.0
2004-07-09 00:00:00-04:00,11.430028619436207,11.52418409649134,11.322736130392427,11.333683013916016,27537600,0.0,0.0
2004-07-12 00:00:00-04:00,11.324929535119477,11.456309731020287,11.276757966027958,11.432223320007324,25130400,0.0,0.0
2004-07-13 00:00:00-04:00,11.436593914835642,11.627094933496466,11.436593914835642,11.60738754272461,32054100,0.0,0.0
2004-07-14 00:00:00-04:00,11.524182273214125,11.67088953381455,11.465061343350245,11.51323413848877,27609000,0.0,0.0
2004-07-15 00:00:00-04:00,11.567974207242049,11.592060600943055,11.432215103169778,11.458490371704102,20363700,0.0,0.0
2004-07-16 00:00:00-04:00,11.550454995695244,11.594248777860958,11.440973672614533,11.528558731079102,34189200,0.0,0.0
2004-07-19 00:00:00-04:00,11.53075111587779,11.670889241546858,11.53075111587779,11.574544906616211,28873500,0.0,0.0
2004-07-20 00:00:00-04:00,11.495717142669248,11.694976206397282,11.495717142669248,11.659941673278809,26199900,0.0,0.0
2004-07-21 00:00:00-04:00,11.684030118516404,11.802272001741269,11.62928818107757,11.631478309631348,31221900,0.0,0.0
2004-07-22 00:00:00-04:00,11.550457303276383,11.638044885106293,11.421268564471415,11.585493087768555,30684900,0.0,0.0
2004-07-23 00:00:00-04:00,11.58330698788028,11.80008338390082,11.576737854311885,11.640237808227539,27360300,0.0,0.0
2004-07-26 00:00:00-04:00,11.627094427718601,11.635852432391687,11.423455157401502,11.528558731079102,23489400,0.0,0.0
2004-07-27 00:00:00-04:00,11.60081886888835,11.808837158775017,11.578922602458238,11.802268028259277,28904700,0.0,0.0
2004-07-28 00:00:00-04:00,11.79789043983752,11.837305231842672,11.55264869216328,11.804459571838379,29827800,0.0,0.0
2004-07-29 00:00:00-04:00,11.841686022316253,11.86577242564251,11.633667654014031,11.710307121276855,26333700,0.0,0.0
2004-07-30 00:00:00-04:00,11.681835597418038,11.688404727675323,11.502283964475012,11.60738754272461,26871300,0.0,0.0
2004-08-02 00:00:00-04:00,11.609578434561751,11.765044954150024,11.57235502721461,11.644614219665527,21395100,0.0,0.0
2004-08-03 00:00:00-04:00,11.607386248286929,11.62928251141372,11.502282681758318,11.576730728149414,26574900,0.0,0.0
2004-08-04 00:00:00-04:00,11.493531044719838,11.723444440782307,11.49134091602056,11.648996353149414,20719800,0.0,0.0
2004-08-05 00:00:00-04:00,11.605197870994388,11.659938531156897,11.386230218610761,11.39717960357666,29288700,0.0,0.0
2004-08-06 00:00:00-04:00,11.386231786770114,11.3906120425331,11.197922135769536,11.23952579498291,34180200,0.0,0.0
2004-08-09 00:00:00-04:00,11.211059033633104,11.331489740862716,11.18478251398538,11.248282432556152,21667200,0.0,0.0
2004-08-10 00:00:00-04:00,11.320544772348875,11.41470023917733,11.254854707804919,11.410321235656738,21409800,0.0,0.0
2004-08-11 00:00:00-04:00,11.375286153191327,11.427837951706074,11.281129437968652,11.305215835571289,25843500,0.0,0.0
2004-08-12 00:00:00-04:00,11.513231596434489,11.690594346865472,11.491335331818346,11.528558731079102,43057800,0.0,0.0
2004-08-13 00:00:00-04:00,11.600821825617432,11.714683442421023,11.572356421416535,11.692787170410156,29792700,0.0,0.0
2004-08-16 00:00:00-04:00,11.71467772079841,11.889851570129395,11.703730843073446,11.889851570129395,23275800,0.0,0.0
2004-08-17 00:00:00-04:00,11.909561803810371,12.0365629196167,11.762855800142733,12.0365629196167,34583700,0.0,0.0
2004-08-18 00:00:00-04:00,12.005831877036682,12.008027196311259,11.876335669713127,11.953155517578125,23047800,0.043333,0.0
2004-08-19 00:00:00-04:00,11.90487550830476,12.060710614514592,11.858783823790482,12.040956497192383,31605600,0.0,0.0
2004-08-20 00:00:00-04:00,12.00363941649095,12.038756997826756,11.939988957307776,11.994860649108887,26385600,0.0,0.0
2004-08-23 00:00:00-04:00,11.812686842763481,11.845609100968105,11.685385937287892,11.808296203613281,33496200,0.0,0.0
2004-08-24 00:00:00-04:00,11.841220555785915,11.891701606453205,11.770985395255561,11.821466445922852,20029200,0.0,0.0
2004-08-25 00:00:00-04:00,11.841223239815365,11.91584780081795,11.757818653804463,11.8741455078125,21921600,0.0,0.0
2004-08-26 00:00:00-04:00,11.852197890191938,11.915848364875151,11.814884979972364,11.825859069824219,14243400,0.0,0.0
2004-08-27 00:00:00-04:00,11.812689884282875,11.856586239858096,11.749038159252454,11.755622863769531,13759200,0.0,0.0
2004-08-30 00:00:00-04:00,11.753431798088618,11.814886962753269,11.667831873432187,11.67661190032959,16520100,0.0,0.0
2004-08-31 00:00:00-04:00,11.678801029418649,11.766594972326539,11.511991909941845,11.56027889251709,25977000,0.0,0.0
2004-09-01 00:00:00-04:00,11.514190576142274,11.619543338253113,11.441760081227077,11.551502227783203,22307400,0.0,0.0
2004-09-02 00:00:00-04:00,11.435176931243795,11.672221306171863,11.435176931243795,11.659051895141602,36113100,0.0,0.0
2004-09-03 00:00:00-04:00,11.687582015991211,11.843417079195717,11.654659752110527,11.687582015991211,25120800,0.0,0.0
2004-09-07 00:00:00-04:00,11.665636498168235,11.727091655929275,11.547114311745478,11.69636344909668,28174800,0.0,0.0
2004-09-08 00:00:00-04:00,11.643685757316302,11.75562322574542,11.632712923988596,11.650270462036133,27295800,0.0,0.0
2004-09-09 00:00:00-04:00,11.650267518269992,11.7095285898705,11.525160672012955,11.538330078125,27057900,0.0,0.0
2004-09-10 00:00:00-04:00,11.52516508020634,11.762209457274095,11.468100562336486,11.73148250579834,27536700,0.0,0.0
2004-09-13 00:00:00-04:00,11.768792871823672,11.832443344189873,11.66782949059617,11.709531784057617,26058300,0.0,0.0
2004-09-14 00:00:00-04:00,11.753426420283867,11.766595826652136,11.656852448121525,11.68099594116211,21404700,0.0,0.0
2004-09-15 00:00:00-04:00,11.689777533352995,11.70953164767962,11.540528411454114,11.612958908081055,20706900,0.0,0.0
2004-09-16 00:00:00-04:00,11.588814318413572,11.650269464027492,11.520774468643893,11.582229614257812,29202900,0.0,0.0
2004-09-17 00:00:00-04:00,11.584424014693623,11.626127560858807,11.443953671036345,11.518579483032227,50466300,0.0,0.0
2004-09-20 00:00:00-04:00,11.441756473045826,11.49004345442856,11.41541766287212,11.457119941711426,25144200,0.0,0.0
2004-09-21 00:00:00-04:00,11.549310165625261,11.5888171442895,11.457125540869763,11.470294952392578,30561600,0.0,0.0
2004-09-22 00:00:00-04:00,11.41761442815627,11.452732008899057,11.316651069544822,11.340794563293457,32281200,0.0,0.0
2004-09-23 00:00:00-04:00,11.470295515400192,11.610765896127177,11.215692322380399,11.531750679016113,40525500,0.0,0.0
2004-09-24 00:00:00-04:00,11.577841636024045,11.685390991358341,11.536140593290119,11.591011047363281,23806200,0.0,0.0
2004-09-27 00:00:00-04:00,11.634905168536623,11.70733565322228,11.525161781575843,11.52735710144043,26997300,0.0,0.0
2004-09-28 00:00:00-04:00,11.571256818655476,11.610763792099673,11.457124027045072,11.58442497253418,25408500,0.0,0.0
2004-09-29 00:00:00-04:00,11.544918089236608,11.639296766909832,11.47687823133454,11.632713317871094,36599400,0.0,0.0
2004-09-30 00:00:00-04:00,11.549310929599445,11.73148361470155,11.549310929599445,11.67661190032959,37151400,0.0,0.0
2004-10-01 00:00:00-04:00,11.742453656326532,11.801714742093635,11.615152715888161,11.66124439239502,27504000,0.0,0.0
2004-10-04 00:00:00-04:00,11.755624618307909,11.847809239401663,11.698558845181411,11.700754165649414,26326500,0.0,0.0
2004-10-05 00:00:00-04:00,11.676606545333414,11.768789878006432,11.615150152948925,11.722698211669922,29181900,0.0,0.0
2004-10-06 00:00:00-04:00,11.722699118629539,11.850001296731152,11.689775600196443,11.847805976867676,23418000,0.0,0.0
2004-10-07 00:00:00-04:00,11.738067843625023,11.935603997885337,11.738067843625023,11.75343132019043,24112500,0.0,0.0
2004-10-08 00:00:00-04:00,11.72270117942776,11.751234063149855,11.55369794144057,11.5997896194458,35414100,0.0,0.0
2004-10-11 00:00:00-04:00,11.648072631152779,11.65246201424529,11.522965793739173,11.610759735107422,19470900,0.0,0.0
2004-10-12 00:00:00-04:00,11.527358393144654,11.630517087974985,11.527358393144654,11.615152359008789,22573500,0.0,0.0
2004-10-13 00:00:00-04:00,11.63270864009266,11.702942534130301,11.490043020810797,11.533939361572266,23986200,0.0,0.0
2004-10-14 00:00:00-04:00,11.54930868777722,11.558087457066295,11.426395870497796,11.435175895690918,25951500,0.0,0.0
2004-10-15 00:00:00-04:00,11.531746523684882,11.650268678691258,11.468097318245524,11.529552459716797,29787600,0.0,0.0
2004-10-18 00:00:00-04:00,11.511994920082412,11.670024058637857,11.490046742592368,11.615152359008789,23532900,0.0,0.0
2004-10-19 00:00:00-04:00,11.637100716303642,11.711726530369166,11.54711268484247,11.56247615814209,23050500,0.0,0.0
2004-10-20 00:00:00-04:00,11.553697068946546,11.617347536428259,11.45931839981382,11.518579483032227,26025900,0.0,0.0
2004-10-21 00:00:00-04:00,11.505409193152577,11.547111480219895,11.415419915175331,11.437369346618652,29075700,0.0,0.0
2004-10-22 00:00:00-04:00,11.483459337769002,11.518576915856574,11.400054775835104,11.411028861999512,25887600,0.0,0.0
2004-10-25 00:00:00-04:00,11.446151252141082,11.503217026548382,11.393474862864148,11.479073524475098,25035600,0.0,0.0
2004-10-26 00:00:00-04:00,11.479072655882685,11.62173833700997,11.46370918113683,11.593205451965332,26754600,0.0,0.0
2004-10-27 00:00:00-04:00,11.525164370637421,11.806106348937503,11.522970306183762,11.790742874145508,35177700,0.0,0.0
2004-10-28 00:00:00-04:00,11.788545886533967,11.926820907817975,11.786350566486698,11.85000228881836,25229100,0.0,0.0
2004-10-29 00:00:00-04:00,11.812687561087031,11.920234364637524,11.764400574727691,11.834635734558105,30020400,0.0,0.0
2004-11-01 00:00:00-05:00,11.834641240763743,11.834641240763743,11.740262543842864,11.8192777633667,26923800,0.0,0.0
2004-11-02 00:00:00-05:00,11.643685708376378,11.999252226328737,11.643685708376378,11.885119438171387,32390100,0.0,0.0
2004-11-03 00:00:00-05:00,12.023390086923563,12.040948872567691,11.83243750810403,11.957544326782227,33328500,0.0,0.0
2004-11-04 00:00:00-05:00,11.918041544704963,12.367985427340708,11.891702729067744,12.348231315612793,49765200,0.0,0.0
2004-11-05 00:00:00-05:00,12.400907750710498,12.499677053921921,12.365791422864831,12.39432430267334,37169100,0.0,0.0
2004-11-08 00:00:00-05:00,12.39432639078625,12.50406854451618,12.337260621555178,12.40749454498291,27684900,0.0,0.0
2004-11-09 00:00:00-05:00,12.444807098641137,12.462365892971336,12.280193244807514,12.36140251159668,23914200,0.0,0.0
2004-11-10 00:00:00-05:00,12.378957231777687,12.446998322353622,12.30213737487793,12.30213737487793,18916200,0.0,0.0
2004-11-11 00:00:00-05:00,12.387741028795624,12.468950293603367,12.317505853188493,12.427248001098633,21255000,0.0,0.0
2004-11-12 00:00:00-05:00,12.4052983564411,12.495287635515368,12.381154860691813,12.477728843688965,19473300,0.0,0.0
2004-11-15 00:00:00-05:00,12.48870157529249,12.70599175753404,12.462362762461408,12.664289474487305,30958200,0.0,0.0
2004-11-16 00:00:00-05:00,12.510656644251883,12.543578922532886,12.436032059938961,12.486513137817383,36696600,0.0,0.0
2004-11-17 00:00:00-05:00,12.58747025809025,12.58747025809025,12.258242616215009,12.343842506408691,48500100,0.0,0.0
2004-11-18 00:00:00-05:00,12.343840733003688,12.385541756297384,12.170446913614532,12.24726676940918,33884100,0.0,0.0
2004-11-19 00:00:00-05:00,12.258242887913795,12.258242887913795,12.106798470711391,12.12655258178711,29541000,0.0,0.0
2004-11-22 00:00:00-05:00,12.177028047511156,12.267016026229463,12.034362463431368,12.220924377441406,26823000,0.0,0.0
2004-11-23 00:00:00-05:00,12.17044862934933,12.280190757711088,12.148500454857734,12.21434497833252,26912700,0.0,0.0
2004-11-24 00:00:00-05:00,12.280194116408351,12.280194116408351,12.113386186384092,12.181426048278809,21574800,0.0,0.0
2004-11-26 00:00:00-05:00,12.13752372855478,12.23409769475859,12.13752372855478,12.141914367675781,10665600,0.0,0.0
2004-11-29 00:00:00-05:00,11.797324761721972,11.830247023800789,11.654659114239516,11.665633201599121,75474000,0.0,0.0
2004-11-30 00:00:00-05:00,11.6766081950545,11.683192899161991,11.426394462585451,11.42639446258545,82952700,0.0,0.0
2004-12-01 00:00:00-05:00,11.52297027157727,11.630518362510523,11.490048001734399,11.593205451965332,59970900,0.0,0.0
2004-12-02 00:00:00-05:00,11.540528704576099,11.691973150548092,11.446150026902876,11.632713317871094,48463200,0.0,0.0
2004-12-03 00:00:00-05:00,11.612958332953516,11.738065205684899,11.582230130824131,11.617347717285156,33860400,0.0,0.0
2004-12-06 00:00:00-05:00,11.617346377331355,11.617346377331355,11.52735710144043,11.52735710144043,27216300,0.0,0.0
2004-12-07 00:00:00-05:00,11.525159494738805,11.654656967074386,11.485652536341929,11.522965431213379,28648500,0.0,0.0
2004-12-08 00:00:00-05:00,11.468096292864505,11.5339408122885,11.435172777248804,11.525160789489746,31724400,0.0,0.0
2004-12-09 00:00:00-05:00,11.439563954658793,11.60856717497695,11.439563954658793,11.582229614257812,34659900,0.0,0.0
2004-12-10 00:00:00-05:00,11.51199361458399,11.650268624175174,11.507604230764542,11.569059371948242,25317000,0.0,0.0
2004-12-13 00:00:00-05:00,11.571250721754367,11.672214050384365,11.5229637485961,11.621731758117676,29389500,0.0,0.0
2004-12-14 00:00:00-05:00,11.599788257879874,11.77098679602144,11.582229465657761,11.744647979736328,30631500,0.0,0.0
2004-12-15 00:00:00-05:00,11.744652440148743,11.804057865120088,11.61704143930219,11.667645454406738,35152800,0.043333,0.0
2004-12-16 00:00:00-05:00,11.617038260281756,11.650040705584475,11.557632851566794,11.606036186218262,26548800,0.0,0.0
2004-12-17 00:00:00-05:00,11.471821963857952,11.625835859423104,11.44101893295246,11.445420265197754,53153700,0.0,0.0
2004-12-20 00:00:00-05:00,11.504826672166983,11.595035106690187,11.469623564884136,11.485024452209473,28431300,0.0,0.0
2004-12-21 00:00:00-05:00,11.485024609736172,11.57303237915039,11.480624536006072,11.57303237915039,27883200,0.0,0.0
2004-12-22 00:00:00-05:00,11.518025692468,11.716042813906915,11.513624360775728,11.654438018798828,37518000,0.0,0.0
2004-12-23 00:00:00-05:00,11.641238408894043,11.696242474248498,11.562030792236328,11.562030792236328,25108500,0.0,0.0
2004-12-27 00:00:00-05:00,11.67203951374031,11.768848677562069,11.60163456590942,11.614834785461426,29076900,0.0,0.0
2004-12-28 00:00:00-05:00,11.62803837949863,11.749048597329285,11.625837713025112,11.71164608001709,19853100,0.0,0.0
2004-12-29 00:00:00-05:00,11.711643870423083,11.768848598316781,11.70724379726871,11.757847785949707,17346600,0.0,0.0
2004-12-30 00:00:00-05:00,11.799653567379158,11.799653567379158,11.665440612935944,11.67424201965332,19756800,0.0,0.0
2004-12-31 00:00:00-05:00,11.676445275813359,11.700647575950908,11.564235183795061,11.621439933776855,25220100,0.0,0.0
2005-01-03 00:00:00-05:00,11.826051827761505,11.947061994546367,11.72704202161882,11.738042831420898,48235200,0.0,0.0
2005-01-04 00:00:00-05:00,11.830454249718619,11.85685720846722,11.66543953442696,11.709444046020508,31790100,0.0,0.0
2005-01-05 00:00:00-05:00,11.771048851403473,11.801851883622474,11.68524175339593,11.724844932556152,24724500,0.0,0.0
2005-01-06 00:00:00-05:00,11.859057840468024,11.922863311976563,11.694043125652467,11.892060279846191,42086400,0.0,0.0
2005-01-07 00:00:00-05:00,11.892062603935038,11.953668680235578,11.826057712279242,11.878862380981445,28980900,0.0,0.0
2005-01-10 00:00:00-05:00,11.83706021681625,11.953671657503316,11.790856277564261,11.819459915161133,25962000,0.0,0.0
2005-01-11 00:00:00-05:00,11.78865123216956,11.826055002708024,11.753448127767117,11.790850639343262,19990200,0.0,0.0
2005-01-12 00:00:00-05:00,11.790855405241146,11.911866912389197,11.749051544495714,11.898665428161621,25010700,0.0,0.0
2005-01-13 00:00:00-05:00,11.903059549088386,11.925062431448982,11.775448622623056,11.801850318908691,28767300,0.0,0.0
2005-01-14 00:00:00-05:00,11.799654748446835,11.894263270575275,11.768851710296566,11.878862380981445,22460100,0.0,0.0
2005-01-18 00:00:00-05:00,11.79305191655712,11.991070333303277,11.777649770731513,11.988869667053223,29686800,0.0,0.0
2005-01-19 00:00:00-05:00,11.944867898265539,12.013074719096604,11.826058331684731,11.832657814025879,20841900,0.0,0.0
2005-01-20 00:00:00-05:00,11.819452885010698,11.918461447227015,11.727043802508252,11.742445945739746,27006000,0.0,0.0
2005-01-21 00:00:00-05:00,11.735846352626579,11.766649383134148,11.661040071933021,11.663239479064941,25743600,0.0,0.0
2005-01-24 00:00:00-05:00,11.66544197922397,11.722647982180824,11.61043790190746,11.676444053649902,25731300,0.0,0.0
2005-01-25 00:00:00-05:00,11.702848300442188,11.760054315822302,11.6852467400859,11.722650527954102,19257000,0.0,0.0
2005-01-26 00:00:00-05:00,11.738051421154765,11.812858996891167,11.70944904294616,11.722650527954102,21535800,0.0,0.0
2005-01-27 00:00:00-05:00,11.674241245689165,11.744647458910535,11.632437399218679,11.678641319274902,19902300,0.0,0.0
2005-01-28 00:00:00-05:00,11.639040810778967,11.643440885374725,11.507028501204744,11.535632133483887,33364500,0.0,0.0
2005-01-31 00:00:00-05:00,11.562034202486867,11.639041175658857,11.489428563011302,11.529031753540039,30694500,0.0,0.0
2005-02-01 00:00:00-05:00,11.529029536248062,11.6500397514095,11.518028722048157,11.575233459472656,30575100,0.0,0.0
2005-02-02 00:00:00-05:00,11.57963350699457,11.727046683070123,11.57963350699457,11.67424201965332,27631800,0.0,0.0
2005-02-03 00:00:00-05:00,11.667645810148954,11.757854283960112,11.665445142874425,11.753454208374023,23285400,0.0,0.0
2005-02-04 00:00:00-05:00,11.749052276241724,11.788656731391063,11.689646852480623,11.762253761291504,22341900,0.0,0.0
2005-02-07 00:00:00-05:00,11.815054428982348,11.823855835680021,11.760050358231195,11.773250579833984,18723000,0.0,0.0
2005-02-08 00:00:00-05:00,11.727049240569826,11.786454657239501,11.705047607421875,11.705047607421875,17280300,0.0,0.0
2005-02-09 00:00:00-05:00,11.630233158601811,11.680837131213716,11.500420340589969,11.555425643920898,25200600,0.0,0.0
2005-02-10 00:00:00-05:00,11.542231637574318,11.62363867420139,11.491626378778397,11.4982271194458,27395100,0.0,0.0
2005-02-11 00:00:00-05:00,11.465221944400534,11.57963139815319,11.463021278381348,11.463021278381348,31288800,0.0,0.0
2005-02-14 00:00:00-05:00,11.507025304038066,11.553229221862722,11.463022052381191,11.47402286529541,23398200,0.0,0.0
2005-02-15 00:00:00-05:00,11.57083135505229,11.652238373015683,11.522426773897106,11.595033645629883,28450500,0.0,0.0
2005-02-16 00:00:00-05:00,11.603835413185976,11.650039334758135,11.559830898997648,11.57303237915039,22716600,0.0,0.0
2005-02-17 00:00:00-05:00,11.636836228668708,11.66983992443918,11.513625368704226,11.595033645629883,44895900,0.0,0.0
2005-02-18 00:00:00-05:00,11.619231991826485,11.661037083127912,11.581829490547376,11.599431037902832,29292300,0.0,0.0
2005-02-22 00:00:00-05:00,11.573033259217546,11.590634814438893,11.434421483960385,11.441020965576172,34473600,0.0,0.0
2005-02-23 00:00:00-05:00,11.447622207852625,11.467424430455434,11.273807314535238,11.353014945983887,40937100,0.0,0.0
2005-02-24 00:00:00-05:00,11.386013867899468,11.39921534554941,11.280404564624332,11.322208404541016,29795400,0.0,0.0
2005-02-25 00:00:00-05:00,11.309011328673952,11.328813552856445,11.243005173695005,11.328813552856445,34404000,0.0,0.0
2005-02-28 00:00:00-05:00,11.397017013761431,11.504827005045412,11.353013757865902,11.355213165283203,32594700,0.0,0.0
2005-03-01 00:00:00-05:00,11.443219778984249,11.509225915115957,11.42341881941837,11.449820518493652,31388400,0.0,0.0
2005-03-02 00:00:00-05:00,11.449823203894987,11.531230245333337,11.397018534397464,11.430022239685059,27354600,0.0,0.0
2005-03-03 00:00:00-05:00,11.617038005277998,11.70064570896473,11.588435634850969,11.630239486694336,58427400,0.0,0.0
2005-03-04 00:00:00-05:00,11.707246730449965,11.768851546932758,11.650040729261367,11.68304443359375,34668900,0.0,0.0
2005-03-07 00:00:00-05:00,11.683044046752373,11.740248787084253,11.570833973662886,11.61263656616211,30805800,0.0,0.0
2005-03-08 00:00:00-05:00,11.573029456283711,11.606031889368083,11.496023779086842,11.533426284790039,28233300,0.0,0.0
2005-03-09 00:00:00-05:00,11.529023948517073,11.570827777593289,11.502621000063936,11.540024757385254,30324600,0.0,0.0
2005-03-10 00:00:00-05:00,11.540029001743063,11.56423129373928,11.456421312840192,11.47402286529541,24289500,0.0,0.0
2005-03-11 00:00:00-05:00,11.491626727315783,11.493827393925848,11.324412574866,11.353014945983887,27745800,0.0,0.0
2005-03-14 00:00:00-05:00,11.392617616700008,11.427820727092524,11.251805175129945,11.287008285522461,45976500,0.0,0.0
2005-03-15 00:00:00-05:00,11.342012438781822,11.36401532715448,11.22320162562714,11.2276029586792,41982600,0.0,0.0
2005-03-16 00:00:00-05:00,11.236428014111485,11.37544841427866,11.223187615236345,11.326902389526367,52435800,0.05,0.0
2005-03-17 00:00:00-05:00,11.366621795156957,11.569637026226514,11.342348152572084,11.547569274902344,57102600,0.0,0.0
2005-03-18 00:00:00-05:00,11.549772304024565,11.549772304024565,11.353377342224121,11.353377342224121,260396100,0.0,0.0
2005-03-21 00:00:00-05:00,11.368828172562973,11.421788505192653,11.280562214187434,11.291595458984375,66091200,0.0,0.0
2005-03-22 00:00:00-05:00,11.291598062871987,11.329110851297404,11.22098426974859,11.232017517089844,54135000,0.0,0.0
2005-03-23 00:00:00-05:00,11.23201781977586,11.293804259086775,11.161404024749528,11.176850318908691,52748100,0.0,0.0
2005-03-24 00:00:00-05:00,11.25849604639011,11.260703200729695,11.14816232021888,11.179056167602539,37511100,0.0,0.0
2005-03-28 00:00:00-05:00,11.179055891734675,11.29380266107934,11.145954890828273,11.251876831054688,36732000,0.0,0.0
2005-03-29 00:00:00-05:00,11.232017043390146,11.31366408041141,11.194502993872629,11.203329086303711,41708700,0.0,0.0
2005-03-30 00:00:00-05:00,11.232015194673734,11.293801619544169,11.187880951760029,11.218774795532227,33451800,0.0,0.0
2005-03-31 00:00:00-05:00,11.198915627564102,11.229808209125967,11.046653560499578,11.057686805725098,47927700,0.0,0.0
2005-04-01 00:00:00-05:00,11.088582313773918,11.143748548179069,10.702413622241187,10.810540199279785,87483900,0.0,0.0
2005-04-04 00:00:00-04:00,10.885568633909024,10.94735634072355,10.750961234453381,10.90322208404541,52720800,0.0,0.0
2005-04-05 00:00:00-04:00,10.934115279646083,10.987075626869094,10.863501483348735,10.960596084594727,39249300,0.0,0.0
2005-04-06 00:00:00-04:00,11.006934630920913,11.022380923113262,10.88998070563486,10.923080444335938,43393500,0.0,0.0
2005-04-07 00:00:00-04:00,10.876741280257956,10.876741280257956,10.693586598474603,10.790679931640625,77376900,0.0,0.0
2005-04-08 00:00:00-04:00,10.79067894574121,10.821572792747205,10.706824759299549,10.717859268188477,39519900,0.0,0.0
2005-04-11 00:00:00-04:00,10.717858853995255,10.746545545580043,10.645037916582604,10.704618453979492,35324400,0.0,0.0
2005-04-12 00:00:00-04:00,10.636210116625366,10.775230506439181,10.541322071539774,10.731096267700195,60284700,0.0,0.0
2005-04-13 00:00:00-04:00,10.759785098735215,10.83260603896204,10.70020582170992,10.717859268188477,37494000,0.0,0.0
2005-04-14 00:00:00-04:00,10.680343990220265,10.923079166998495,10.574423323554194,10.583250045776367,59233500,0.0,0.0
2005-04-15 00:00:00-04:00,10.585455619042607,10.645036146532481,10.479534961877018,10.525875091552734,51633900,0.0,0.0
2005-04-18 00:00:00-04:00,10.572216779993195,10.583250024914918,10.492776280150233,10.565596580505371,45255600,0.0,0.0
2005-04-19 00:00:00-04:00,10.536911252948345,10.567804468989157,10.411130603108868,10.50381088256836,43911300,0.0,0.0
2005-04-20 00:00:00-04:00,10.459674698340507,10.58104164104717,10.437608211061805,10.448640823364258,41935200,0.0,0.0
2005-04-21 00:00:00-04:00,10.567804433462484,10.572218110788937,10.481743723298663,10.54353141784668,31309800,0.0,0.0
2005-04-22 00:00:00-04:00,10.477329840113185,10.497189808152669,10.294175188110051,10.329482078552246,69740700,0.0,0.0
2005-04-25 00:00:00-04:00,10.384652284540088,10.468505224267048,10.349344753525994,10.375824928283691,41223600,0.0,0.0
2005-04-26 00:00:00-04:00,10.371406555175781,10.411127112582108,10.349339438541858,10.371406555175781,35224800,0.0,0.0
2005-04-27 00:00:00-04:00,10.305205727009286,10.475119934802315,10.29417248447809,10.435400009155273,32698200,0.0,0.0
2005-04-28 00:00:00-04:00,10.375819415336055,10.501600020770258,10.355959452654199,10.382439613342285,36187500,0.0,0.0
2005-04-29 00:00:00-04:00,10.40450798848278,10.43319467486496,10.194872568499449,10.402300834655762,50989800,0.0,0.0
2005-05-02 00:00:00-04:00,10.477326495866171,10.570007369362719,10.442018985356743,10.547940254211426,35020500,0.0,0.0
2005-05-03 00:00:00-04:00,10.497188990198199,10.702411379742012,10.490569422258844,10.680343627929688,44000700,0.0,0.0
2005-05-04 00:00:00-04:00,10.680344394409492,10.726684529995358,10.64503750418464,10.691377639770508,36512700,0.0,0.0
2005-05-05 00:00:00-04:00,10.669311974703925,10.861293994329523,10.660484620127603,10.717859268188477,32510100,0.0,0.0
2005-05-06 00:00:00-04:00,10.77964138677291,10.845842100250223,10.735508419570428,10.803915023803711,30726900,0.0,0.0
2005-05-09 00:00:00-04:00,10.790678004043041,10.914253381282647,10.790678004043041,10.867913246154785,30574500,0.0,0.0
2005-05-10 00:00:00-04:00,10.812747748249135,10.817162057817434,10.711241356316783,10.750961303710938,28503900,0.0,0.0
2005-05-11 00:00:00-04:00,10.757577501340442,10.799504587913178,10.620762997156865,10.724477767944336,31038900,0.0,0.0
2005-05-12 00:00:00-04:00,10.327274357508916,10.563389317780034,10.28314011823986,10.51484203338623,97570500,0.0,0.0
2005-05-13 00:00:00-04:00,10.459675516413366,10.492775881257167,10.355961376615829,10.400094985961914,37634700,0.0,0.0
2005-05-16 00:00:00-04:00,10.400094334798714,10.479534826647798,10.30741344530633,10.419954299926758,34515900,0.0,0.0
2005-05-17 00:00:00-04:00,10.393473040472864,10.455260083176272,10.35595963666572,10.371406555175781,49677300,0.0,0.0
2005-05-18 00:00:00-04:00,10.424538059839593,10.552935621984425,10.397973112501866,10.533011436462402,55395300,0.05,0.0
2005-05-19 00:00:00-04:00,10.588356325466343,10.619349084824716,10.471028584164578,10.51751708984375,31256400,0.0,0.0
2005-05-20 00:00:00-04:00,10.49316869791767,10.502023050689212,10.411260234553792,10.444466590881348,30407700,0.0,0.0
2005-05-23 00:00:00-04:00,10.477669143062476,10.632631670123402,10.464386984566087,10.59278392791748,34975500,0.0,0.0
2005-05-24 00:00:00-04:00,10.568432197835431,10.592783559817372,10.528585090372577,10.548508644104004,23687400,0.0,0.0
2005-05-25 00:00:00-04:00,10.5197304199954,10.592783874754844,10.435607760959746,10.471028327941895,28449600,0.0,0.0
2005-05-26 00:00:00-04:00,10.504230104962476,10.515298671733134,10.453313811116061,10.473237991333008,21861900,0.0,0.0
2005-05-27 00:00:00-04:00,10.457746497172394,10.475455832253315,10.44003652873304,10.464387893676758,16855800,0.0,0.0
2005-05-31 00:00:00-04:00,10.504234802920534,10.508661978265572,10.433394930532586,10.45553207397461,34217400,0.0,0.0
2005-06-01 00:00:00-04:00,10.459960933185442,10.663626220113578,10.45774734529061,10.608282089233398,32808600,0.0,0.0
2005-06-02 00:00:00-04:00,10.590571393456804,10.723396791778308,10.588357172355257,10.674694061279297,28473600,0.0,0.0
2005-06-03 00:00:00-04:00,10.648126806918768,10.661409598013568,10.468813560647328,10.482095718383789,31570500,0.0,0.0
2005-06-06 00:00:00-04:00,10.482093829326574,10.656980502645998,10.451101711287928,10.566216468811035,26655000,0.0,0.0
2005-06-07 00:00:00-04:00,10.614919500577189,10.645912888109104,10.568431002675021,10.572858810424805,24965100,0.0,0.0
2005-06-08 00:00:00-04:00,10.59942711104835,10.59942711104835,10.47103014604753,10.530800819396973,24978000,0.0,0.0
2005-06-09 00:00:00-04:00,10.526373773241117,10.648129342694196,10.504235993930608,10.58614444732666,28455300,0.0,0.0
2005-06-10 00:00:00-04:00,10.581712046684165,10.632628343935409,10.546292123962981,10.621559143066406,26068200,0.0,0.0
2005-06-13 00:00:00-04:00,10.625984987806282,10.783161657553752,10.62377140138453,10.687969207763672,36819900,0.0,0.0
2005-06-14 00:00:00-04:00,10.718966773395145,11.00454045109213,10.714539598559927,10.997899055480957,48462300,0.0,0.0
2005-06-15 00:00:00-04:00,11.070951925909926,11.135150387485895,10.933699387342395,11.035531997680664,47348700,0.0,0.0
2005-06-16 00:00:00-04:00,11.00232791193319,11.057670766252137,10.898281065723436,10.924846649169922,30279600,0.0,0.0
2005-06-17 00:00:00-04:00,11.013395010560727,11.013395010560727,10.765455481031736,10.831868171691895,52748700,0.0,0.0
2005-06-20 00:00:00-04:00,10.749959230185977,10.838509057998602,10.747745009471915,10.81637191772461,22887600,0.0,0.0
2005-06-21 00:00:00-04:00,10.847364137402163,10.867288325019562,10.73889138272986,10.743318557739258,25502100,0.0,0.0
2005-06-22 00:00:00-04:00,10.780951790884751,10.831867465933955,10.69240196467964,10.800874710083008,31806300,0.0,0.0
2005-06-23 00:00:00-04:00,10.800876685982239,10.823015096620967,10.581716301050388,10.59942626953125,33543000,0.0,0.0
2005-06-24 00:00:00-04:00,10.586142991712526,10.592784387928324,10.457746042785262,10.48652458190918,47136600,0.0,0.0
2005-06-27 00:00:00-04:00,10.486519468033427,10.559572890706619,10.484305881493777,10.519725799560547,23942700,0.0,0.0
2005-06-28 00:00:00-04:00,10.559580758916379,10.767673249292665,10.550726406160178,10.721184730529785,28179600,0.0,0.0
2005-06-29 00:00:00-04:00,10.758813871801234,10.858432260727506,10.736676733532406,10.74553108215332,30888600,0.0,0.0
2005-06-30 00:00:00-04:00,10.701256687971433,10.84736358963743,10.64148539485428,10.670265197753906,31485600,0.0,0.0
2005-07-01 00:00:00-04:00,10.681327815140358,10.74331330181387,10.659190684206727,10.687969207763672,28598100,0.0,0.0
2005-07-05 00:00:00-04:00,10.93591288516885,11.046599836891343,10.904920133337283,11.024462699890137,46103400,0.0,0.0
2005-07-06 00:00:00-04:00,11.051030642950785,11.053244864065213,10.896069366296722,10.931488037109375,32560200,0.0,0.0
2005-07-07 00:00:00-04:00,10.858433802425523,11.042174862921048,10.847363965002854,10.960265159606934,35145000,0.0,0.0
2005-07-08 00:00:00-04:00,10.931489662720313,11.068743524454263,10.90271238425462,11.046605110168457,28125900,0.0,0.0
2005-07-11 00:00:00-04:00,11.03553126839074,11.086446936836804,10.98018715917126,11.024462699890137,26645400,0.0,0.0
2005-07-12 00:00:00-04:00,10.993475657292999,11.119659683820576,10.986834259400272,11.088666915893555,25957500,0.0,0.0
2005-07-13 00:00:00-04:00,11.057668218343197,11.121867941307052,11.044385429680576,11.099729537963867,26315700,0.0,0.0
2005-07-14 00:00:00-04:00,11.139580245429661,11.221489957569373,11.093091736768951,11.181641578674316,30251400,0.0,0.0
2005-07-15 00:00:00-04:00,11.148436793226075,11.161719587299435,11.059886943931938,11.124085426330566,27285000,0.0,0.0
2005-07-18 00:00:00-04:00,11.108591571586354,11.146224472254156,11.057674607863476,11.066530227661133,24127500,0.0,0.0
2005-07-19 00:00:00-04:00,11.066528604815758,11.101948545377892,10.971337356215399,11.01561164855957,28731000,0.0,0.0
2005-07-20 00:00:00-04:00,10.969121171350912,11.082022370022118,10.913777049110745,11.068740844726562,27474600,0.0,0.0
2005-07-21 00:00:00-04:00,11.002327471535391,11.002327471535391,10.847363685494964,10.933700561523438,37496100,0.0,0.0
2005-07-22 00:00:00-04:00,10.95584019627697,11.006755879258925,10.904923246578184,10.966907501220703,23209800,0.0,0.0
2005-07-25 00:00:00-04:00,10.966906257445133,11.039960342179857,10.915990580237612,10.946983337402344,19796100,0.0,0.0
2005-07-26 00:00:00-04:00,10.98904156313974,11.039957225975503,10.962475988292331,10.964690208435059,22295400,0.0,0.0
2005-07-27 00:00:00-04:00,10.960262975840294,11.070951194279255,10.946981453669453,11.024462699890137,20080500,0.0,0.0
2005-07-28 00:00:00-04:00,11.057672011594471,11.064313408204065,10.969122167994714,11.02889347076416,19548000,0.0,0.0
2005-07-29 00:00:00-04:00,11.00232791193319,11.066526382973212,10.920418207451016,10.924846649169922,20447100,0.0,0.0
2005-08-01 00:00:00-04:00,10.984614389570615,11.013391651128094,10.9447660272995,10.964690208435059,20832900,0.0,0.0
2005-08-02 00:00:00-04:00,10.991255727671863,11.039958442447686,10.946981453669453,11.024462699890137,18990600,0.0,0.0
2005-08-03 00:00:00-04:00,10.964693344141782,11.011181846703302,10.951410552919436,10.997899055480957,31755900,0.0,0.0
2005-08-04 00:00:00-04:00,11.000113707046653,11.033319419686238,10.900495302411155,10.911563873291016,27796800,0.0,0.0
2005-08-05 00:00:00-04:00,10.86950538428188,10.98019238872141,10.854008367627078,10.918208122253418,27855900,0.0,0.0
2005-08-08 00:00:00-04:00,10.953626414983376,10.966907941479132,10.869503746925858,10.880572319030762,21678600,0.0,0.0
2005-08-09 00:00:00-04:00,10.88057536903088,10.971339459137349,10.867292572094863,10.896072387695312,23391600,0.0,0.0
2005-08-10 00:00:00-04:00,10.91598572205334,11.013389858299687,10.794228968350255,10.81194019317627,32913300,0.0,0.0
2005-08-11 00:00:00-04:00,10.854006690817762,10.913777993327622,10.76988528980099,10.836297988891602,28682700,0.0,0.0
2005-08-12 00:00:00-04:00,10.807518681797813,10.869504208276469,10.749961597722585,10.780954360961914,30896400,0.0,0.0
2005-08-15 00:00:00-04:00,10.8075137085877,10.880567774024334,10.736675130050232,10.869499206542969,31035600,0.0,0.0
2005-08-16 00:00:00-04:00,10.639274859973128,10.670267623954452,10.437823794169962,10.530800819396973,89274900,0.0,0.0
2005-08-17 00:00:00-04:00,10.50636971472837,10.572991840865509,10.461954116821289,10.461954116821289,35434800,0.05,0.0
2005-08-18 00:00:00-04:00,10.47750052783598,10.539680842292418,10.3264890143443,10.490824699401855,25431600,0.0,0.0
2005-08-19 00:00:00-04:00,10.521918221855044,10.521918221855044,10.328712907143768,10.344258308410645,43331400,0.0,0.0
2005-08-22 00:00:00-04:00,10.406438209648952,10.479722757579882,10.28873805255527,10.36424446105957,30666600,0.0,0.0
2005-08-23 00:00:00-04:00,10.310944662050284,10.359800806877093,10.28207445768348,10.2909574508667,26470200,0.0,0.0
2005-08-24 00:00:00-04:00,10.293177470094237,10.317605858835238,10.097751630889746,10.115517616271973,46920300,0.0,0.0
2005-08-25 00:00:00-04:00,10.177698440642066,10.204347418389505,10.028908156045105,10.057778358459473,37700700,0.0,0.0
2005-08-26 00:00:00-04:00,10.064434717919854,10.226549721953576,10.040006342604991,10.148822784423828,43791000,0.0,0.0
2005-08-29 00:00:00-04:00,10.091088690734964,10.204347000362313,10.057777946436572,10.137724876403809,31727400,0.0,0.0
2005-08-30 00:00:00-04:00,10.073323340480398,10.104414132883667,9.937857859459001,10.03557014465332,68980500,0.0,0.0
2005-08-31 00:00:00-04:00,10.057780342748991,10.06000093249227,9.926755382105455,9.984495162963867,65643600,0.0,0.0
2005-09-01 00:00:00-04:00,9.982273466630916,10.02446848193261,9.931196728137243,9.993377685546875,50821800,0.0,0.0
2005-09-02 00:00:00-04:00,10.026689935164855,10.033352340015892,9.88900319993229,9.893445014953613,35389200,0.0,0.0
2005-09-06 00:00:00-04:00,9.960061750926004,10.155487527822814,9.94895817244271,10.146604537963867,50834400,0.0,0.0
2005-09-07 00:00:00-04:00,10.177698101095364,10.21100948100877,10.073322782892951,10.18436050415039,40037100,0.0,0.0
2005-09-08 00:00:00-04:00,10.126620736609707,10.18436050415039,10.064439790606825,10.18436050415039,31632900,0.0,0.0
2005-09-09 00:00:00-04:00,10.137725868074034,10.242100560330991,9.97116958884269,10.191023826599121,32341500,0.0,0.0
2005-09-12 00:00:00-04:00,10.153270629455847,10.244321785124209,10.115518067674355,10.191023826599121,34302900,0.0,0.0
2005-09-13 00:00:00-04:00,10.322045642444497,10.322045642444497,10.000037359752465,10.008919715881348,49302300,0.0,0.0
2005-09-14 00:00:00-04:00,10.033350550319492,10.059999529608234,9.897884429080374,9.926753997802734,46088700,0.0,0.0
2005-09-15 00:00:00-04:00,9.926753055301168,9.948960853614146,9.822377737489788,9.842364311218262,55333200,0.0,0.0
2005-09-16 00:00:00-04:00,9.817936437848676,9.875675569098568,9.733547694807491,9.742430686950684,290360400,0.0,0.0
2005-09-19 00:00:00-04:00,9.771300834156696,9.824598786722502,9.731327052051485,9.773521423339844,102286500,0.0,0.0
2005-09-20 00:00:00-04:00,9.789067654546312,9.80461368725047,9.569213408321872,9.59586238861084,78952500,0.0,0.0
2005-09-21 00:00:00-04:00,9.553668537167136,9.580317517151574,9.422644226736534,9.435968399047852,81564000,0.0,0.0
2005-09-22 00:00:00-04:00,9.427083557930304,9.66692496614107,9.39599340505663,9.591419219970703,66570000,0.0,0.0
2005-09-23 00:00:00-04:00,9.615850992947813,9.693577355554341,9.520358640909045,9.593643188476562,54646200,0.0,0.0
2005-09-26 00:00:00-04:00,9.72022483630647,9.733549008638892,9.553668552299468,9.573655128479004,46870500,0.0,0.0
2005-09-27 00:00:00-04:00,9.649162616268914,9.649162616268914,9.52702190443542,9.571436882019043,43078500,0.0,0.0
2005-09-28 00:00:00-04:00,9.560333259828088,9.638059629142067,9.49593106605716,9.578099250793457,55667700,0.0,0.0
2005-09-29 00:00:00-04:00,9.61362988995756,9.678031439371363,9.551448930263783,9.669148445129395,48048000,0.0,0.0
2005-09-30 00:00:00-04:00,9.65582414518901,9.742433502455146,9.626954571220931,9.731329917907715,40959900,0.0,0.0
2005-10-03 00:00:00-04:00,9.804613570432252,9.864573934208478,9.702458194165638,9.71800422668457,49841700,0.0,0.0
2005-10-04 00:00:00-04:00,9.718005707498465,9.835705228133472,9.718005707498465,9.737992286682129,41394600,0.0,0.0
2005-10-05 00:00:00-04:00,9.764639340869287,9.764639340869287,9.660264015197754,9.660264015197754,42729600,0.0,0.0
2005-10-06 00:00:00-04:00,9.760202327509921,9.871240111329758,9.615853780370006,9.75576114654541,61397100,0.0,0.0
2005-10-07 00:00:00-04:00,9.775746227500353,9.822381797262715,9.715785846170467,9.77796745300293,36778200,0.0,0.0
2005-10-10 00:00:00-04:00,9.920092523373976,9.99337705974855,9.871235742216392,9.891222953796387,56706300,0.0,0.0
2005-10-11 00:00:00-04:00,9.991155589891113,10.037791142078264,9.893442671547598,9.997817993164062,51459900,0.0,0.0
2005-10-12 00:00:00-04:00,10.006699696633774,10.026686268516116,9.904544977481063,9.980050086975098,47223900,0.0,0.0
2005-10-13 00:00:00-04:00,9.971172398622791,10.015586741214115,9.906770204069058,9.940081596374512,37367700,0.0,0.0
2005-10-14 00:00:00-04:00,10.033349089773148,10.051115073379465,9.904545390946513,10.00225830078125,35573400,0.0,0.0
2005-10-17 00:00:00-04:00,10.055551039872503,10.057772263193316,9.957838180681714,10.04666805267334,29382900,0.0,0.0
2005-10-18 00:00:00-04:00,10.037791757581664,10.104414523672876,10.00225978509616,10.022246360778809,35964300,0.0,0.0
2005-10-19 00:00:00-04:00,10.022243608367681,10.230994207071683,9.944517916422805,10.213228225708008,51174600,0.0,0.0
2005-10-20 00:00:00-04:00,10.248763520437569,10.34203463523968,10.082207232163151,10.126622200012207,56780400,0.0,0.0
2005-10-21 00:00:00-04:00,10.166600303497852,10.237664282216143,10.12662649778777,10.153275489807129,40101900,0.0,0.0
2005-10-24 00:00:00-04:00,10.235438840916414,10.293178617526067,10.151050718624552,10.26208782196045,31100400,0.0,0.0
2005-10-25 00:00:00-04:00,10.206568105261224,10.233217083263405,10.048894826574555,10.079985618591309,44937300,0.0,0.0
2005-10-26 00:00:00-04:00,10.031131043856558,10.2110115146352,10.006702651364117,10.122180938720703,35736300,0.0,0.0
2005-10-27 00:00:00-04:00,10.091090178484812,10.144388775015944,9.931196294976857,9.935637474060059,37290900,0.0,0.0
2005-10-28 00:00:00-04:00,9.991154728107645,10.115516613454421,9.94007736635694,10.104413032531738,37059000,0.0,0.0
2005-10-31 00:00:00-05:00,10.237657664726168,10.559666586672572,10.213229278991426,10.506368637084961,67505100,0.0,0.0
2005-11-01 00:00:00-05:00,10.464178667773803,10.488606428417414,10.399776475089887,10.435308456420898,35350500,0.0,0.0
2005-11-02 00:00:00-05:00,10.382006675080742,10.608523290633917,10.350916520504612,10.561887741088867,37675200,0.0,0.0
2005-11-03 00:00:00-05:00,10.659605497191826,10.688475075707201,10.466400172969704,10.537464141845703,48085500,0.0,0.0
2005-11-04 00:00:00-05:00,10.526358679542332,10.604085040488568,10.455294087969461,10.590760231018066,31394100,0.0,0.0
2005-11-07 00:00:00-05:00,10.641836225668929,10.701796589771641,10.604083662677585,10.670705795288086,36525300,0.0,0.0
2005-11-08 00:00:00-05:00,10.615184785058574,10.626288365359658,10.519692469601278,10.572990417480469,22518600,0.0,0.0
2005-11-09 00:00:00-05:00,10.555227648830757,10.741770523208636,10.508591453714901,10.704018592834473,40248600,0.0,0.0
2005-11-10 00:00:00-05:00,10.715122111693073,10.948301207429228,10.692914941829775,10.890562057495117,56812800,0.0,0.0
2005-11-11 00:00:00-05:00,10.917209918958797,10.988273867650792,10.830599937288152,10.88167667388916,36355800,0.0,0.0
2005-11-14 00:00:00-05:00,10.972725887478676,11.034907466911399,10.883895967377224,10.948297500610352,41502600,0.0,0.0
2005-11-15 00:00:00-05:00,10.83725920913979,10.908323137292928,10.72844209263407,10.832818031311035,50548800,0.0,0.0
2005-11-16 00:00:00-05:00,10.832818131370711,10.926089220252408,10.732884640322712,10.855025291442871,35256600,0.0,0.0
2005-11-17 00:00:00-05:00,10.890564770939221,10.948303935259363,10.85059160108098,10.934980392456055,20110500,0.0,0.0
2005-11-18 00:00:00-05:00,11.028247812466967,11.059338609931618,10.883898679806876,10.992715835571289,39458400,0.0,0.0
2005-11-21 00:00:00-05:00,11.0015970995912,11.059337509343342,10.97272753007693,11.019364356994629,29520600,0.0,0.0
2005-11-22 00:00:00-05:00,10.957182932811154,11.154830014113902,10.819496216293775,11.148167610168457,46448100,0.0,0.0
2005-11-23 00:00:00-05:00,11.170376767470065,11.263649168609955,11.119300022414578,11.230337142944336,35713800,0.0,0.0
2005-11-25 00:00:00-05:00,11.256984839811562,11.29695799305559,11.174816037693791,11.212569236755371,18951900,0.0,0.0
2005-11-28 00:00:00-05:00,11.2414356368648,11.250319263260334,11.065997040466543,11.103750228881836,50079300,0.0,0.0
2005-11-29 00:00:00-05:00,11.105972280867102,11.125959490991102,10.841702453473872,10.883896827697754,55448700,0.0,0.0
2005-11-30 00:00:00-05:00,10.908324135402946,10.921648940831695,10.777299847041485,10.78396224975586,35310000,0.0,0.0
2005-12-01 00:00:00-05:00,10.790625475454238,10.826157445491944,10.555225856273564,10.666263580322266,71648400,0.0,0.0
2005-12-02 00:00:00-05:00,10.621843296653495,10.76175116115966,10.550780023288944,10.652934074401855,32855100,0.0,0.0
2005-12-05 00:00:00-05:00,10.635171784585767,10.635171784585767,10.457511951173544,10.468615531921387,60200100,0.0,0.0
2005-12-06 00:00:00-05:00,10.528574078185564,10.641832361394925,10.508586873834567,10.575209617614746,61566000,0.0,0.0
2005-12-07 00:00:00-05:00,10.615189507481993,10.672929294385549,10.530801370145335,10.604085922241211,32310600,0.0,0.0
2005-12-08 00:00:00-05:00,10.606305193748746,10.632954176231054,10.548565414022812,10.59298038482666,37084200,0.0,0.0
2005-12-09 00:00:00-05:00,10.570773188100073,10.7617578797135,10.566331373350947,10.677369117736816,33551400,0.0,0.0
2005-12-12 00:00:00-05:00,10.7373265666391,10.855026048093741,10.726222985829045,10.810611724853516,46386000,0.0,0.0
2005-12-13 00:00:00-05:00,10.748433211693659,11.039351432313753,10.739550852802711,10.986053466796875,60882600,0.0,0.0
2005-12-14 00:00:00-05:00,11.017239545982841,11.068471630294137,10.945958184741162,11.028375625610352,36879600,0.05,0.0
2005-12-15 00:00:00-05:00,10.999417113692486,11.037285133786602,10.874676974932779,10.972687721252441,27640200,0.0,0.0
2005-12-16 00:00:00-05:00,11.043968884665263,11.055106238824267,10.925911401073648,10.974915504455566,37848000,0.0,0.0
2005-12-19 00:00:00-05:00,10.941502849441656,11.07960832779347,10.89249747412514,10.905862808227539,28374000,0.0,0.0
2005-12-20 00:00:00-05:00,10.879127413618923,10.903630087761357,10.790027359731752,10.825667381286621,28017600,0.0,0.0
2005-12-21 00:00:00-05:00,10.881357608590017,10.901405605115501,10.79671348618803,10.836808204650879,23397300,0.0,0.0
2005-12-22 00:00:00-05:00,10.836804728699052,10.87021677093635,10.77220734895432,10.825667381286621,20097000,0.0,0.0
2005-12-23 00:00:00-05:00,10.803399688689312,10.821218436428264,10.729891618617723,10.7677583694458,21472200,0.0,0.0
2005-12-27 00:00:00-05:00,10.783347716825212,10.792257087415624,10.549459531887992,10.631876945495605,39196500,0.0,0.0
2005-12-28 00:00:00-05:00,10.65638256072998,10.758847998261919,10.636335196793457,10.65638256072998,21787500,0.0,0.0
2005-12-29 00:00:00-05:00,10.66306273461703,10.69647478760091,10.562825301077273,10.576189994812012,23161800,0.0,0.0
2005-12-30 00:00:00-05:00,10.573961970148485,10.573961970148485,10.413581822244163,10.42471981048584,31269600,0.0,0.0
2006-01-03 00:00:00-05:00,10.326712618690532,10.3935380218455,10.150739736829681,10.297755241394043,70240500,0.0,0.0
2006-01-04 00:00:00-05:00,10.299979550889974,10.357894925717478,10.268794839286002,10.31779956817627,42261600,0.0,0.0
2006-01-05 00:00:00-05:00,10.24651911624536,10.335619836642332,10.088366946708247,10.17746639251709,62274600,0.0,0.0
2006-01-06 00:00:00-05:00,10.177471553118854,10.219794273376465,10.046048704579112,10.219794273376465,63389400,0.0,0.0
2006-01-09 00:00:00-05:00,10.222018273355756,10.279933015535729,10.148510855475736,10.181922912597656,44632200,0.0,0.0
2006-01-10 00:00:00-05:00,10.135145759849586,10.253203227280967,10.126235112989022,10.215335845947266,40266600,0.0,0.0
2006-01-11 00:00:00-05:00,10.25988816441452,10.380173001534429,10.19306275923012,10.373490333557129,42537900,0.0,0.0
2006-01-12 00:00:00-05:00,10.3022080841558,10.333392797434108,10.1730126332465,10.188605308532715,34275000,0.0,0.0
2006-01-13 00:00:00-05:00,10.175239959833437,10.222017345392949,10.092821902783248,10.112869262695312,30777900,0.0,0.0
2006-01-17 00:00:00-05:00,10.112870455971274,10.117325779418598,9.956944969315579,10.012632369995117,51353700,0.0,0.0
2006-01-18 00:00:00-05:00,9.945805672176352,10.11064113620626,9.936895664317818,10.063863754272461,39574800,0.0,0.0
2006-01-19 00:00:00-05:00,10.06386841074546,10.222021282734053,10.037138374802078,10.201973915100098,54424800,0.0,0.0
2006-01-20 00:00:00-05:00,10.166330485551347,10.179695181268169,9.981448264821363,10.023770332336426,58060800,0.0,0.0
2006-01-23 00:00:00-05:00,10.023767988168453,10.128460735525653,9.921303220654815,10.079455375671387,46833000,0.0,0.0
2006-01-24 00:00:00-05:00,10.146285213972659,10.226475316679235,10.135147859031427,10.184152603149414,54557400,0.0,0.0
2006-01-25 00:00:00-05:00,10.179696820189006,10.284390246179441,10.170787446472827,10.239839553833008,56959500,0.0,0.0
2006-01-26 00:00:00-05:00,10.293296885084093,10.360122268554743,10.208652121621233,10.31779956817627,50395500,0.0,0.0
2006-01-27 00:00:00-05:00,10.244292017148515,10.362350108038392,9.9970391213336,10.2108793258667,40157700,0.0,0.0
2006-01-30 00:00:00-05:00,10.335623227193985,10.458135403679467,10.293299877218551,10.337850570678711,45807000,0.0,0.0
2006-01-31 00:00:00-05:00,10.344527331512547,10.364575324545225,10.253199922219274,10.27101993560791,38776200,0.0,0.0
2006-02-01 00:00:00-05:00,10.25766163902656,10.331169080757077,10.15074085474443,10.277709007263184,45579000,0.0,0.0
2006-02-02 00:00:00-05:00,10.313345982536392,10.353440707060066,10.128463124147714,10.308891296386719,55539300,0.0,0.0
2006-02-03 00:00:00-05:00,10.24429476658992,10.293299507967314,10.121781957205064,10.132919311523438,33988500,0.0,0.0
2006-02-06 00:00:00-05:00,10.121775973053543,10.137368642257186,10.034903895977255,10.041585922241211,36554400,0.0,0.0
2006-02-07 00:00:00-05:00,10.023770983100333,10.12846376173795,9.952490901865222,9.965855598449707,48569400,0.0,0.0
2006-02-08 00:00:00-05:00,9.974764448830545,10.137371945528994,9.916849074614035,10.112869262695312,37033800,0.0,0.0
2006-02-09 00:00:00-05:00,10.130687548373624,10.239834975122962,10.097274862701305,10.179692268371582,39395400,0.0,0.0
2006-02-10 00:00:00-05:00,10.157421347310626,10.235384097111462,10.092823931667287,10.190834045410156,24113100,0.0,0.0
2006-02-13 00:00:00-05:00,10.128463913967066,10.206426026019079,10.128463913967066,10.137373924255371,21484200,0.0,0.0
2006-02-14 00:00:00-05:00,10.117326555624059,10.389082187935362,10.086141200982704,10.346758842468262,44617200,0.0,0.0
2006-02-15 00:00:00-05:00,10.311118760172514,10.453678915337457,10.222018663194424,10.444768905639648,35505900,0.0,0.0
2006-02-16 00:00:00-05:00,10.435856672272966,10.473724046096345,10.324481256135108,10.38685131072998,27223200,0.0,0.0
2006-02-17 00:00:00-05:00,10.386853435266419,10.386853435266419,10.201971213586162,10.26879596710205,46065600,0.0,0.0
2006-02-21 00:00:00-05:00,10.181922642368034,10.348985472720322,10.128462587638833,10.188605308532715,46122900,0.0,0.0
2006-02-22 00:00:00-05:00,10.230927698495952,10.244292393122727,10.121779612122463,10.13068962097168,29732100,0.0,0.0
2006-02-23 00:00:00-05:00,10.135142870533787,10.23538029025677,10.0995022051344,10.179692268371582,44479200,0.0,0.0
2006-02-24 00:00:00-05:00,10.179692704665927,10.190830691896714,10.081683260469394,10.124005317687988,28956600,0.0,0.0
2006-02-27 00:00:00-05:00,10.14628538092928,10.219792816962965,10.14628538092928,10.193062782287598,27155100,0.0,0.0
2006-02-28 00:00:00-05:00,10.150740300684705,10.204201008554886,10.07277753843798,10.103962898254395,36906900,0.0,0.0
2006-03-01 00:00:00-05:00,10.103961615853647,10.137374315046385,10.030454187465006,10.057184219360352,36126000,0.0,0.0
2006-03-02 00:00:00-05:00,10.025999040098593,10.130691826189627,10.008179655815393,10.037137031555176,37555800,0.0,0.0
2006-03-03 00:00:00-05:00,9.994812850943779,10.135145659549488,9.99258487060361,10.097277641296387,28525800,0.0,0.0
2006-03-06 00:00:00-05:00,10.132920226165735,10.144058218783725,10.01709007383426,10.05050277709961,29247900,0.0,0.0
2006-03-07 00:00:00-05:00,10.066096001301634,10.103964033518398,10.034911912570053,10.083916664123535,33739500,0.0,0.0
2006-03-08 00:00:00-05:00,10.068323982463362,10.164106778997366,10.059413969699603,10.083916664123535,43434300,0.0,0.0
2006-03-09 00:00:00-05:00,10.068315679703439,10.11063836475381,10.048268326840473,10.077225685119629,21701100,0.0,0.0
2006-03-10 00:00:00-05:00,10.121780326685064,10.130690336163298,10.070547612861688,10.097277641296387,27965700,0.0,0.0
2006-03-13 00:00:00-05:00,10.101736689651053,10.126238746780604,10.07277867019805,10.083916664123535,26513100,0.0,0.0
2006-03-14 00:00:00-05:00,10.066092935633614,10.152965692946422,10.05941090606662,10.14405632019043,41142900,0.0,0.0
2006-03-15 00:00:00-05:00,10.172673902311386,10.188323674859687,10.11007225350255,10.132430076599121,41972100,0.056,0.0
2006-03-16 00:00:00-05:00,10.186088883404791,10.3828342756005,10.154788058510844,10.364948272705078,55668300,0.0,0.0
2006-03-17 00:00:00-05:00,10.418606738293242,10.461086796600203,10.349298953774474,10.438728332519531,37314900,0.0,0.0
2006-03-20 00:00:00-05:00,10.514742229103422,10.747259580266524,10.505798589802827,10.67795181274414,59106000,0.0,0.0
2006-03-21 00:00:00-05:00,10.776323970264963,10.832216910823105,10.669007349570743,10.75620174407959,41670900,0.0,0.0
2006-03-22 00:00:00-05:00,10.711491365129806,10.780799792647837,10.673483125735222,10.7539701461792,27077400,0.0,0.0
2006-03-23 00:00:00-05:00,10.774088344098226,10.92611996540403,10.742787528048874,10.852339744567871,44199600,0.0,0.0
2006-03-24 00:00:00-05:00,10.888114188700078,10.892585369339013,10.73608253320637,10.774090766906738,29178900,0.0,0.0
2006-03-27 00:00:00-05:00,10.774089969090838,10.798683379745505,10.709253377050207,10.720431327819824,25991400,0.0,0.0
2006-03-28 00:00:00-05:00,10.72042788646363,10.803151092142246,10.655591954889765,10.675713539123535,30132900,0.0,0.0
2006-03-29 00:00:00-05:00,10.686894727384852,10.771852903526813,10.619821910740443,10.742788314819336,26045400,0.0,0.0
2006-03-30 00:00:00-05:00,10.742791478568558,10.77185607583555,10.577346257522004,10.655597686767578,29380800,0.0,0.0
2006-03-31 00:00:00-05:00,10.718196338871012,10.718196338871012,10.552750504777604,10.561694145202637,30273000,0.0,0.0
2006-04-03 00:00:00-04:00,10.568404259741003,10.577347262800332,10.402958383316385,10.456616401672363,42327000,0.0,0.0
2006-04-04 00:00:00-04:00,10.438726635864324,10.456613276290874,10.362711452407249,10.396247863769531,26145300,0.0,0.0
2006-04-05 00:00:00-04:00,10.414132986553222,10.501327392882482,10.396246987288439,10.47896957397461,23291100,0.0,0.0
2006-04-06 00:00:00-04:00,10.481206246788247,10.528156836930012,10.36271101690852,10.409662246704102,26291700,0.0,0.0
2006-04-07 00:00:00-04:00,10.396249778367086,10.456615202005464,10.241983153205863,10.288933753967285,37372500,0.0,0.0
2006-04-10 00:00:00-04:00,10.279992679725899,10.28446386175405,10.174912226215353,10.217391014099121,28747500,0.0,0.0
2006-04-11 00:00:00-04:00,10.195029451587533,10.230801451085009,10.121249862537443,10.172672271728516,28961100,0.0,0.0
2006-04-12 00:00:00-04:00,10.235275030189088,10.275518216714241,10.206210435514933,10.262104034423828,27855600,0.0,0.0
2006-04-13 00:00:00-04:00,10.275518634649334,10.286697866608938,10.199503439386103,10.233039855957031,21597000,0.0,0.0
2006-04-17 00:00:00-04:00,10.23974733118495,10.347063353159326,10.201739093661898,10.244217872619629,27675300,0.0,0.0
2006-04-18 00:00:00-04:00,10.31576105334395,10.400719878431161,10.300110642461487,10.37389087677002,31637700,0.0,0.0
2006-04-19 00:00:00-04:00,10.356008062617704,10.440966919097738,10.340358285606406,10.389544486999512,32229600,0.0,0.0
2006-04-20 00:00:00-04:00,10.36718346644127,10.44319865132091,10.342590055005092,10.37389087677002,26534700,0.0,0.0
2006-04-21 00:00:00-04:00,10.418606728154964,10.418606728154964,10.212918325691355,10.244217872619629,30354300,0.0,0.0
2006-04-24 00:00:00-04:00,10.199503740895773,10.226332747014824,10.150316909850531,10.181617736816406,36430800,0.0,0.0
2006-04-25 00:00:00-04:00,10.208443859744179,10.268809266376412,10.1726718616886,10.201736450195312,27617700,0.0,0.0
2006-04-26 00:00:00-04:00,10.228571573018153,10.291172607097318,10.210685563281247,10.279994010925293,31746900,0.0,0.0
2006-04-27 00:00:00-04:00,10.235275550173588,10.302347744340961,10.199503542709937,10.203974723815918,38375100,0.0,0.0
2006-04-28 00:00:00-04:00,10.19055646798963,10.210678695149214,10.058647714647961,10.067590713500977,46130400,0.0,0.0
2006-05-01 00:00:00-04:00,10.266577542432875,10.414136770150709,10.181618695231561,10.268813133239746,55640700,0.0,0.0
2006-05-02 00:00:00-04:00,10.311289704415488,10.342590527610708,10.262103518949422,10.320233345031738,28794900,0.0,0.0
2006-05-03 00:00:00-04:00,10.356005725413938,10.472264749332645,10.349298953774474,10.438728332519531,35379600,0.0,0.0
2006-05-04 00:00:00-04:00,10.490149883968302,10.503564064971945,10.311289233240165,10.37389087677002,31755900,0.0,0.0
2006-05-05 00:00:00-04:00,10.418608139637701,10.584054015755965,10.400722773206194,10.563932418823242,27241500,0.0,0.0
2006-05-08 00:00:00-04:00,10.563930195730778,10.709254444334022,10.530393781464346,10.63547420501709,29634900,0.0,0.0
2006-05-09 00:00:00-04:00,10.66230609842895,10.769622781099612,10.637712678657463,10.702549934387207,43520700,0.0,0.0
2006-05-10 00:00:00-04:00,10.66677349500144,10.751732958387187,10.637708903578988,10.682424545288086,28349400,0.0,0.0
2006-05-11 00:00:00-04:00,10.709256698008781,10.709256698008781,10.514746221915022,10.563932418823242,33613500,0.0,0.0
2006-05-12 00:00:00-04:00,10.566166405513872,10.60864582343131,10.402956784675329,10.405192375183105,34224300,0.0,0.0
2006-05-15 00:00:00-04:00,10.34035481517697,10.63323825314932,10.302346581795335,10.60417366027832,51152700,0.0,0.0
2006-05-16 00:00:00-04:00,10.702543833559584,10.800916177261678,10.662300020541721,10.747258186340332,53055000,0.0,0.0
2006-05-17 00:00:00-04:00,10.690725528050391,10.697456464233976,10.5067506710493,10.508994102478027,46541400,0.056,0.0
2006-05-18 00:00:00-04:00,10.549377892322173,10.632391264831476,10.466365161710202,10.594249725341797,32823600,0.0,0.0
2006-05-19 00:00:00-04:00,10.645853041696466,10.652583977470162,10.520211902775175,10.61668586730957,39083700,0.0,0.0
2006-05-22 00:00:00-04:00,10.609953765929351,10.717646152372634,10.567325369154572,10.623414993286133,29745900,0.0,0.0
2006-05-23 00:00:00-04:00,10.679504019211844,10.767004233510807,10.65706778702616,10.661555290222168,33067800,0.0,0.0
2006-05-24 00:00:00-04:00,10.66379632905736,10.8006558383299,10.627898879129553,10.775976181030273,48705000,0.0,0.0
2006-05-25 00:00:00-04:00,10.953223100166953,11.179826953562266,10.915082848961525,11.09457015991211,77421000,0.0,0.0
2006-05-26 00:00:00-04:00,11.128222740853872,11.217967673603924,11.094569353918416,11.139440536499023,52302900,0.0,0.0
2006-05-30 00:00:00-04:00,10.908356155295728,10.928548967051206,10.820856538612011,10.83656120300293,57822000,0.0,0.0
2006-05-31 00:00:00-04:00,10.876941582384076,10.930787776998073,10.791684786629942,10.870210647583008,36148800,0.0,0.0
2006-06-01 00:00:00-04:00,10.825337980362578,10.897134189006032,10.751300266483694,10.856748580932617,40404600,0.0,0.0
2006-06-02 00:00:00-04:00,10.807390784062367,10.847775109279619,10.616684387180985,10.731107711791992,41328000,0.0,0.0
2006-06-05 00:00:00-04:00,10.717645396727542,10.778221878408017,10.567324624107812,10.587516784667969,37337700,0.0,0.0
2006-06-06 00:00:00-04:00,10.621172293347735,10.654826326901716,10.443929043217853,10.551621437072754,49392900,0.0,0.0
2006-06-07 00:00:00-04:00,10.560592863444816,10.708670193723728,10.526939479110794,10.553862571716309,29064600,0.0,0.0
2006-06-08 00:00:00-04:00,10.565085773080167,10.666047903440163,10.508995486692118,10.612201690673828,48796200,0.0,0.0
2006-06-09 00:00:00-04:00,10.578544129219786,10.654825917655078,10.544890096958438,10.574056625366211,22483800,0.0,0.0
2006-06-12 00:00:00-04:00,10.567325119524636,10.6391206840214,10.526940796511024,10.542645454406738,22406700,0.0,0.0
2006-06-13 00:00:00-04:00,10.565083160906653,10.753545500889773,10.551621931992047,10.663801193237305,42543900,0.0,0.0
2006-06-14 00:00:00-04:00,10.670532092717968,10.746814529301675,10.627903691153465,10.704185485839844,31289400,0.0,0.0
2006-06-15 00:00:00-04:00,10.710917430860734,10.937520688912718,10.61444346282789,10.917327880859375,47199900,0.0,0.0
2006-06-16 00:00:00-04:00,10.89489165837302,11.029507803417184,10.814122998382285,10.838801383972168,50226900,0.0,0.0
2006-06-19 00:00:00-04:00,10.870210680113185,10.971172134842252,10.769249225384119,10.829826354980469,34856100,0.0,0.0
2006-06-20 00:00:00-04:00,10.825344652679002,10.901627770194795,10.816370923439091,10.865730285644531,26099100,0.0,0.0
2006-06-21 00:00:00-04:00,10.836552775430343,10.993603148586713,10.836552775430343,10.97116756439209,29909400,0.0,0.0
2006-06-22 00:00:00-04:00,10.928545086918971,11.036237477122453,10.8298264206685,10.876941680908203,25397700,0.0,0.0
2006-06-23 00:00:00-04:00,10.847779431800998,10.91059937563812,10.71540732281431,10.755791664123535,24741000,0.0,0.0
2006-06-26 00:00:00-04:00,10.789439354652997,10.814119014946705,10.72437473734257,10.784951210021973,20329200,0.0,0.0
2006-06-27 00:00:00-04:00,10.758025864781969,10.82982140019872,10.672769749675734,10.68623161315918,25269300,0.0,0.0
2006-06-28 00:00:00-04:00,10.690725576981496,10.753546792452614,10.625661571968791,10.751302719116211,21863100,0.0,0.0
2006-06-29 00:00:00-04:00,10.793926985756316,10.930785879501641,10.749055164700703,10.928543090820312,32900700,0.0,0.0
2006-06-30 00:00:00-04:00,10.926304249968446,10.95995765045087,10.805149954159825,10.807394027709961,33358800,0.0,0.0
2006-07-03 00:00:00-04:00,10.713159280708119,10.780466701224691,10.56732535944391,10.672774314880371,27291900,0.0,0.0
2006-07-05 00:00:00-04:00,10.592006798955111,10.62117333133354,10.491045330323706,10.549378395080566,34569000,0.0,0.0
2006-07-06 00:00:00-04:00,10.506742946721296,10.57629440505835,10.434948058604837,10.482063293457031,30522000,0.0,0.0
2006-07-07 00:00:00-04:00,10.428227141708618,10.461881188305785,10.293611597217499,10.320534706115723,31576200,0.0,0.0
2006-07-10 00:00:00-04:00,10.376621439641712,10.484313838307317,10.331749606864378,10.360916137695312,21926100,0.0,0.0
2006-07-11 00:00:00-04:00,10.320530894753265,10.367646157451146,10.188159472978136,10.349698066711426,39618300,0.0,0.0
2006-07-12 00:00:00-04:00,10.367644998268574,10.376620005480927,10.120850273051587,10.1298246383667,39775500,0.0,0.0
2006-07-13 00:00:00-04:00,9.995211269831222,10.010915931026881,9.80674891650954,9.907711029052734,78919500,0.0,0.0
2006-07-14 00:00:00-04:00,9.856108414552383,9.878544653886156,9.604826128639479,9.658672332763672,60216900,0.0,0.0
2006-07-17 00:00:00-04:00,9.699054650438445,9.856106367463449,9.584631329965628,9.651939392089844,53091900,0.0,0.0
2006-07-18 00:00:00-04:00,9.593608709468521,9.699057697580045,9.492647226460498,9.685596466064453,61125600,0.0,0.0
2006-07-19 00:00:00-04:00,9.710273425488378,9.945850367298734,9.69905498681377,9.916683197021484,52826100,0.0,0.0
2006-07-20 00:00:00-04:00,9.950336570184486,10.008670264977944,9.905465386047226,9.936875343322754,30757200,0.0,0.0
2006-07-21 00:00:00-04:00,9.986235970427225,9.986235970427225,9.773094608595482,9.808991432189941,38928900,0.0,0.0
2006-07-24 00:00:00-04:00,9.878547582507819,10.071496216872909,9.878547582507819,9.968291282653809,34950600,0.0,0.0
2006-07-25 00:00:00-04:00,9.91892734508894,10.05129940213624,9.858350214996477,10.022132873535156,32036700,0.0,0.0
2006-07-26 00:00:00-04:00,9.972770256055666,9.977257116564083,9.788795495372135,9.797770500183105,37042200,0.0,0.0
2006-07-27 00:00:00-04:00,9.865082131985938,9.871813067532369,9.752902226502353,9.766364097595215,26120400,0.0,0.0
2006-07-28 00:00:00-04:00,9.820208010143858,9.992965011499662,9.820208010143858,9.975015640258789,37083900,0.0,0.0
2006-07-31 00:00:00-04:00,10.100656130007614,10.123091717945336,9.945847877269461,9.983988761901855,40390200,0.0,0.0
2006-08-01 00:00:00-04:00,9.95033898747757,9.957069923492236,9.82469848595565,9.892005920410156,28932900,0.0,0.0
2006-08-02 00:00:00-04:00,9.939121693692446,9.96828822682435,9.8718136182678,9.954826354980469,23969100,0.0,0.0
2006-08-03 00:00:00-04:00,9.932389101143698,10.125337644177463,9.909952865778504,10.03559398651123,33106500,0.0,0.0
2006-08-04 00:00:00-04:00,10.129824761767454,10.197132181502115,10.017644873013355,10.067004203796387,29199000,0.0,0.0
2006-08-07 00:00:00-04:00,10.006424595144566,10.107386662554147,9.983988366198963,10.05578327178955,22005000,0.0,0.0
2006-08-08 00:00:00-04:00,10.055784922305344,10.093926453583556,9.95482348022145,9.975015640258789,23071500,0.0,0.0
2006-08-09 00:00:00-04:00,10.046812413323195,10.069248006764724,9.840401359036415,9.84937572479248,30838800,0.0,0.0
2006-08-10 00:00:00-04:00,9.849373667562604,10.08270712848416,9.815719642532326,10.071489334106445,36422400,0.0,0.0
2006-08-11 00:00:00-04:00,10.07373485610071,10.082708579376481,9.939119378505694,10.026618957519531,24733500,0.0,0.0
2006-08-14 00:00:00-04:00,10.060269718961187,10.192641722731572,10.035590062279178,10.118602752685547,32912700,0.0,0.0
2006-08-15 00:00:00-04:00,10.04681245770836,10.071491482223614,9.883029800513642,9.995209693908691,55768200,0.0,0.0
2006-08-16 00:00:00-04:00,10.03304173303203,10.062318657200958,9.920437236827663,10.006016731262207,49362300,0.056,0.0
2006-08-17 00:00:00-04:00,10.021783101450076,10.134387623149632,9.983497834689572,10.051060676574707,37104600,0.0,0.0
2006-08-18 00:00:00-04:00,10.071334136260448,10.07583798425392,9.976746885124307,10.019536018371582,27250800,0.0,0.0
2006-08-21 00:00:00-04:00,9.976742376267968,9.994758404427074,9.913683378239453,9.929448127746582,28446900,0.0,0.0
2006-08-22 00:00:00-04:00,9.9542227694785,9.992508690219642,9.904677231353455,9.924945831298828,24802200,0.0,0.0
2006-08-23 00:00:00-04:00,9.931699775725761,9.942960678963066,9.79207024566089,9.85512924194336,31738800,0.0,0.0
2006-08-24 00:00:00-04:00,9.895666647695503,9.900170493627096,9.832608294363983,9.8416166305542,22440300,0.0,0.0
2006-08-25 00:00:00-04:00,9.81909451947974,9.92269134215127,9.80107849316652,9.882153511047363,23162100,0.0,0.0
2006-08-28 00:00:00-04:00,9.954218005794793,10.055562245676784,9.945210316198384,10.006016731262207,33606600,0.0,0.0
2006-08-29 00:00:00-04:00,10.05556937962865,10.05556937962865,9.922696843238704,10.019536018371582,29574300,0.0,0.0
2006-08-30 00:00:00-04:00,10.051064480625136,10.120878627514955,9.95422402696393,10.048811912536621,36462900,0.0,0.0
2006-08-31 00:00:00-04:00,10.11862527945116,10.129884895955563,10.026289336516689,10.071331024169922,26354700,0.0,0.0
2006-09-01 00:00:00-04:00,10.134384674837337,10.31455198600745,9.913680185790897,10.23572826385498,34149600,0.0,0.0
2006-09-05 00:00:00-04:00,10.29428488938707,10.334822720004109,10.215461795201188,10.262755393981934,31680900,0.0,0.0
2006-09-06 00:00:00-04:00,10.233480382797989,10.280774634765951,10.168170101358003,10.224472045898438,30328800,0.0,0.0
2006-09-07 00:00:00-04:00,10.224477675845836,10.368611789930934,10.201957143359918,10.256007194519043,48023700,0.0,0.0
2006-09-08 00:00:00-04:00,10.2897827434848,10.542016831200375,10.258253885224793,10.521747589111328,42160500,0.0,0.0
2006-09-11 00:00:00-04:00,10.517244129841728,10.697410881752157,10.427160753886515,10.695158958435059,51446100,0.0,0.0
2006-09-12 00:00:00-04:00,10.731192688916265,10.954149213384328,10.690654846137003,10.825779914855957,55311300,0.0,0.0
2006-09-13 00:00:00-04:00,10.79875300990232,10.89334086360378,10.70867029085989,10.828030586242676,33506400,0.0,0.0
2006-09-14 00:00:00-04:00,10.77398453976854,10.902353863135303,10.71543000983027,10.89334487915039,30481500,0.0,0.0
2006-09-15 00:00:00-04:00,10.954145297596275,10.999187615395094,10.843792714344934,10.85955810546875,51441900,0.0,0.0
2006-09-18 00:00:00-04:00,10.814520973034584,10.929377456541234,10.733446566238399,10.832537651062012,32491500,0.0,0.0
2006-09-19 00:00:00-04:00,10.864065611579907,10.92262077331543,10.810015585200077,10.92262077331543,34267800,0.0,0.0
2006-09-20 00:00:00-04:00,10.983422448328394,11.039725024562006,10.904599357062885,11.00594425201416,41135700,0.0,0.0
2006-09-21 00:00:00-04:00,11.005946392074556,11.048734863493651,10.857307871192608,10.913610458374023,39155100,0.0,0.0
2006-09-22 00:00:00-04:00,10.77172900326326,10.949644467882823,10.719931547751044,10.875325202941895,35315400,0.0,0.0
2006-09-25 00:00:00-04:00,10.866315888970021,11.035222366919339,10.816771002512827,10.994685173034668,36589200,0.0,0.0
2006-09-26 00:00:00-04:00,11.019454259115804,11.22664657689637,10.990177335905141,11.091522216796875,44937000,0.0,0.0
2006-09-27 00:00:00-04:00,11.048734801736746,11.206381014040248,11.04423095561056,11.1478271484375,47144400,0.0,0.0
2006-09-28 00:00:00-04:00,11.14782580625595,11.224396335798575,11.04197705878289,11.217639923095703,38317500,0.0,0.0
2006-09-29 00:00:00-04:00,11.172600548897673,11.249171089809776,11.105037700490923,11.107290267944336,37746900,0.0,0.0
2006-10-02 00:00:00-04:00,10.949643445919138,11.003693463925835,10.816770323904253,10.909106254577637,54018000,0.0,0.0
2006-10-03 00:00:00-04:00,10.913610630887579,11.147827386964149,10.823527263165822,11.138819694519043,44959500,0.0,0.0
2006-10-04 00:00:00-04:00,10.879829038290831,11.172600962678256,10.839291843207134,11.159088134765625,74332800,0.0,0.0
2006-10-05 00:00:00-04:00,11.141072003773623,11.141072003773623,10.832535957543898,10.902351379394531,75213000,0.0,0.0
2006-10-06 00:00:00-04:00,10.9046044183068,11.030722453790913,10.864067214703745,10.882083892822266,46336800,0.0,0.0
2006-10-09 00:00:00-04:00,10.852801693366235,10.929372216105001,10.803255530383687,10.85955810546875,28935900,0.0,0.0
2006-10-10 00:00:00-04:00,10.920367861478457,10.920367861478457,10.78299023218054,10.837040901184082,28988700,0.0,0.0
2006-10-11 00:00:00-04:00,10.816773585061487,10.911360822926861,10.780740228859965,10.879831314086914,30018300,0.0,0.0
2006-10-12 00:00:00-04:00,10.920369817069547,10.960907020672602,10.828033858466704,10.882083892822266,37275000,0.0,0.0
2006-10-13 00:00:00-04:00,10.873071977049426,10.927121996828102,10.83703991918443,10.913610458374023,26406300,0.0,0.0
2006-10-16 00:00:00-04:00,10.879831324812026,10.913613401693294,10.834790273842957,10.882083892822266,19855800,0.0,0.0
2006-10-17 00:00:00-04:00,10.85505533434046,10.882079696770607,10.72893799181352,10.87307071685791,33348000,0.0,0.0
2006-10-18 00:00:00-04:00,10.906855443575488,10.938384947986764,10.846049002444557,10.888838768005371,30847800,0.0,0.0
2006-10-19 00:00:00-04:00,10.906855365835234,11.032972093927135,10.897846383787247,10.920368194580078,30279000,0.0,0.0
2006-10-20 00:00:00-04:00,10.974418796848973,11.199627896016466,10.956402120461746,11.118552207946777,56866800,0.0,0.0
2006-10-23 00:00:00-04:00,11.118548977425124,11.744628622135828,11.041977158536787,11.548696517944336,159304800,0.0,0.0
2006-10-24 00:00:00-04:00,11.553201675415039,11.68832606500259,11.49689909470541,11.553201675415039,56346900,0.0,0.0
2006-10-25 00:00:00-04:00,11.496901470809759,11.66130411262868,11.384297574772235,11.451860427856445,51850200,0.0,0.0
2006-10-26 00:00:00-04:00,11.43384245731505,11.654547691345213,11.406818089290395,11.654547691345215,42690000,0.0,0.0
2006-10-27 00:00:00-04:00,11.616259313248246,11.620764447509893,11.402311827362805,11.424832344055176,37599600,0.0,0.0
2006-10-30 00:00:00-05:00,11.084768855708907,11.197372734886171,11.057743203060099,11.154582977294922,78261900,0.0,0.0
2006-10-31 00:00:00-05:00,11.170347598868444,11.210884791062467,11.062247560581648,11.098280906677246,52747800,0.0,0.0
2006-11-01 00:00:00-05:00,11.120802262405403,11.192870248672147,10.956400913885668,11.001441955566406,50362500,0.0,0.0
2006-11-02 00:00:00-05:00,10.735696298889462,10.893341877292345,10.73344437567743,10.875325202941895,73147500,0.0,0.0
2006-11-03 00:00:00-05:00,10.877578349120945,10.91586426739762,10.629848097133442,10.704167366027832,54042300,0.0,0.0
2006-11-06 00:00:00-05:00,10.751460907325285,10.857309035154444,10.629848027622181,10.695158958435059,52292100,0.0,0.0
2006-11-07 00:00:00-05:00,10.740201881111593,10.80776474300863,10.677143510693723,10.731193542480469,53654100,0.0,0.0
2006-11-08 00:00:00-05:00,10.652369663648207,10.699663274168387,10.59156322479248,10.59156322479248,90334800,0.0,0.0
2006-11-09 00:00:00-05:00,10.609581675380957,10.632102846301521,10.429415529652776,10.447431564331055,81691800,0.0,0.0
2006-11-10 00:00:00-05:00,10.429412814191508,10.514991050695311,10.429412814191508,10.465445518493652,39597000,0.0,0.0
2006-11-13 00:00:00-05:00,10.465443979964746,10.548770925338168,10.35283945988885,10.431662559509277,72541800,0.0,0.0
2006-11-14 00:00:00-05:00,10.771728840875866,10.855057086062917,10.627595448245128,10.733444213867188,85865400,0.0,0.0
2006-11-15 00:00:00-05:00,10.758217971069634,10.828032752731374,10.715428203825937,10.73794937133789,49422900,0.0,0.0
2006-11-16 00:00:00-05:00,10.801005590163452,10.80776200350601,10.697409400001012,10.789745330810547,33229200,0.0,0.0
2006-11-17 00:00:00-05:00,10.753712216449976,10.769476322151899,10.677141033685695,10.697409629821777,47462700,0.0,0.0
2006-11-20 00:00:00-05:00,10.697407799569916,10.864062319233424,10.679391773896857,10.746953964233398,37007400,0.0,0.0
2006-11-21 00:00:00-05:00,10.755960550641134,10.805506062923078,10.719927216499052,10.767221450805664,26232600,0.0,0.0
2006-11-22 00:00:00-05:00,10.78299483471121,10.857313489281118,10.755969810837845,10.816776275634766,32466300,0.0,0.0
2006-11-24 00:00:00-05:00,10.755967058158904,10.821277354723406,10.708673439565796,10.787496566772461,15244200,0.0,0.0
2006-11-27 00:00:00-05:00,10.683894544520326,10.740197119247474,10.483459904253198,10.49697208404541,70507500,0.0,0.0
2006-11-28 00:00:00-05:00,10.478959717376696,10.560034762399704,10.467698811211449,10.51949691772461,40095600,0.0,0.0
2006-11-29 00:00:00-05:00,10.56003189086914,10.659123585618474,10.501477385444668,10.56003189086914,38019900,0.0,0.0
2006-11-30 00:00:00-05:00,10.472200631808194,10.523998725111241,10.364100599346369,10.38211727142334,72662100,0.0,0.0
2006-12-01 00:00:00-05:00,10.359596336287241,10.382117499040717,10.228975783028988,10.33031940460205,75074100,0.0,0.0
2006-12-04 00:00:00-05:00,10.415905064822521,10.474458962730884,10.330325497938102,10.42491340637207,43487700,0.0,0.0
2006-12-05 00:00:00-05:00,10.41589684275509,10.48345967320788,10.375359015618036,10.467694282531738,31411200,0.0,0.0
2006-12-06 00:00:00-05:00,10.469949495131894,10.528503361615703,10.440671917562923,10.481209754943848,29517300,0.0,0.0
2006-12-07 00:00:00-05:00,10.517242155970589,10.539763317896195,10.440670978615936,10.442923545837402,42616200,0.0,0.0
2006-12-08 00:00:00-05:00,10.427159082932855,10.499225772148328,10.415898823824692,10.438419342041016,31621800,0.0,0.0
2006-12-11 00:00:00-05:00,10.460942762205388,10.460942762205388,10.341583080489723,10.359599113464355,49509600,0.0,0.0
2006-12-12 00:00:00-05:00,10.341579589289738,10.397881525769282,10.2650077701159,10.280773162841797,54008700,0.0,0.0
2006-12-13 00:00:00-05:00,10.375261306762695,10.404646388370518,10.35265759682043,10.375261306762695,52116900,0.056,0.0
2006-12-14 00:00:00-05:00,10.424988883457244,10.535749121297584,10.377520579644035,10.515405654907227,55315200,0.0,0.0
2006-12-15 00:00:00-05:00,10.540267956427968,10.599038751676787,10.486018290063075,10.499580383300781,48263400,0.0,0.0
2006-12-18 00:00:00-05:00,10.510884751432824,10.578697169802348,10.461156205108038,10.481499671936035,38610600,0.0,0.0
2006-12-19 00:00:00-05:00,10.427243700449864,10.452107635247021,10.284838225217232,10.418201446533203,52049700,0.0,0.0
2006-12-20 00:00:00-05:00,10.397864809721604,10.427250537451663,10.36847972869873,10.36847972869873,41810400,0.0,0.0
2006-12-21 00:00:00-05:00,10.386559383074284,10.411423972330724,10.309705374474454,10.33230972290039,33844800,0.0,0.0
2006-12-22 00:00:00-05:00,10.284844571902983,10.352656991177058,10.171824088681909,10.293886184692383,33296100,0.0,0.0
2006-12-26 00:00:00-05:00,10.126612791503714,10.463413245405361,10.126612791503714,10.422725677490234,31479900,0.0,0.0
2006-12-27 00:00:00-05:00,10.34135447056512,10.454374953572044,10.34135447056512,10.43403148651123,36372300,0.0,0.0
2006-12-28 00:00:00-05:00,10.354918388222503,10.44307363772619,10.354918388222503,10.400126457214355,21301500,0.0,0.0
2006-12-29 00:00:00-05:00,10.443071431687324,10.535748438573558,10.404644742838475,10.43855094909668,32431500,0.0,0.0
2007-01-03 00:00:00-05:00,10.64424353250817,10.91775266798891,10.637462811328778,10.748222351074219,107061900,0.0,0.0
2007-01-04 00:00:00-05:00,10.804738111721397,10.84768593606006,10.696238106710545,10.800217628479004,51219000,0.0,0.0
2007-01-05 00:00:00-05:00,10.736922965936722,10.804735371029041,10.657809355605048,10.712059020996094,40670700,0.0,0.0
2007-01-08 00:00:00-05:00,10.603560763306781,10.693976881442074,10.601299875323082,10.62390422821045,49189200,0.0,0.0
2007-01-09 00:00:00-05:00,10.623903153058889,10.775350297285648,10.623903153058889,10.712059020996094,43929600,0.0,0.0
2007-01-10 00:00:00-05:00,10.635205397954671,10.76404819634213,10.513143322961358,10.68719482421875,40044300,0.0,0.0
2007-01-11 00:00:00-05:00,10.68493407894837,10.788912279863558,10.671371339385901,10.759527206420898,44469600,0.0,0.0
2007-01-12 00:00:00-05:00,10.764048243302767,10.874808466415338,10.671371889441295,10.845422744750977,41732400,0.0,0.0
2007-01-16 00:00:00-05:00,10.834122894660497,10.958444580176232,10.802476927895201,10.92001724243164,43447200,0.0,0.0
2007-01-17 00:00:00-05:00,10.922277233930538,10.942621345198338,10.870288451909483,10.895153045654297,33916200,0.0,0.0
2007-01-18 00:00:00-05:00,10.895154286276181,11.026257346937287,10.868028801497026,10.938100814819336,40968600,0.0,0.0
2007-01-19 00:00:00-05:00,10.960705468307419,11.017216030858714,10.892893051928716,10.92001724243164,35880900,0.0,0.0
2007-01-22 00:00:00-05:00,10.886110385126651,10.910974977952906,10.759527826547421,10.840902328491211,38159700,0.0,0.0
2007-01-23 00:00:00-05:00,10.800215928690843,10.883850029169874,10.72788238783207,10.806997299194336,33822900,0.0,0.0
2007-01-24 00:00:00-05:00,10.86576617949894,11.008172365037867,10.847683603710102,10.987828254699707,40474800,0.0,0.0
2007-01-25 00:00:00-05:00,10.987827031436643,10.9946084007944,10.870286745006057,10.883848190307617,29280300,0.0,0.0
2007-01-26 00:00:00-05:00,10.861246514316823,10.931319815143793,10.730142818005223,10.775351524353027,33175200,0.0,0.0
2007-01-29 00:00:00-05:00,10.883851972787348,10.883851972787348,10.736925916980727,10.766311645507812,28611000,0.0,0.0
2007-01-30 00:00:00-05:00,10.793433917878291,10.813777381474829,10.603560081994175,10.68719482421875,49027200,0.0,0.0
2007-01-31 00:00:00-05:00,10.669112654020047,10.840903941502487,10.632946850037662,10.77987289428711,44682900,0.0,0.0
2007-02-01 00:00:00-05:00,10.739186577756398,10.868029404065199,10.723362946286462,10.800217628479004,39706200,0.0,0.0
2007-02-02 00:00:00-05:00,10.793432657442958,10.94487914287272,10.768568067780246,10.868025779724121,37835100,0.0,0.0
2007-02-05 00:00:00-05:00,10.94940254455657,11.053380106974224,10.944880768736043,10.967484474182129,42644700,0.0,0.0
2007-02-06 00:00:00-05:00,10.9878290008833,11.02399544833114,10.922277476560867,10.981047630310059,26885700,0.0,0.0
2007-02-07 00:00:00-05:00,10.938099812288977,11.019474965753707,10.913235217991813,10.981047630310059,30252900,0.0,0.0
2007-02-08 00:00:00-05:00,10.931320389673308,10.98557006409342,10.879330309970124,10.92001724243164,32374800,0.0,0.0
2007-02-09 00:00:00-05:00,10.933579611243156,10.97200694767628,10.775351722938154,10.84316349029541,37218000,0.0,0.0
2007-02-12 00:00:00-05:00,10.883848372435823,10.90419248084953,10.777609935352407,10.79117202758789,30991200,0.0,0.0
2007-02-13 00:00:00-05:00,10.804735817380397,10.888371206676899,10.791173077118836,10.845422744750977,30205200,0.0,0.0
2007-02-14 00:00:00-05:00,10.868024928658816,10.87932677881793,10.793431812218973,10.820556640625,36827100,0.0,0.0
2007-02-15 00:00:00-05:00,10.827338492523927,10.972004250477786,10.809254626072743,10.931317329406738,33889500,0.0,0.0
2007-02-16 00:00:00-05:00,10.929058565545114,11.04207838755409,10.906453566411997,10.958443641662598,51311100,0.0,0.0
2007-02-20 00:00:00-05:00,11.25907705203963,11.36757639144685,11.16866093586695,11.360795021057129,109508700,0.0,0.0
2007-02-21 00:00:00-05:00,11.281684334417521,11.396965067545862,11.272642074263137,11.295247077941895,71367300,0.0,0.0
2007-02-22 00:00:00-05:00,11.322364936420724,11.342709040324232,11.20030289982706,11.231948852539062,31898700,0.0,0.0
2007-02-23 00:00:00-05:00,11.225173330501887,11.277162120778826,11.141538571032118,11.204829216003418,33151800,0.0,0.0
2007-02-26 00:00:00-05:00,11.236476230314162,11.313329625432667,11.177706063071453,11.297507286071777,31988400,0.0,0.0
2007-02-27 00:00:00-05:00,11.211608807085964,11.252295736207406,10.895153045654297,10.895153045654297,61958100,0.0,0.0
2007-02-28 00:00:00-05:00,10.962966356438605,10.99913151263775,10.852204826052937,10.92001724243164,63995400,0.0,0.0
2007-03-01 00:00:00-05:00,10.80021501899335,10.89515225792446,10.666850448250559,10.825078964233398,61369800,0.0,0.0
2007-03-02 00:00:00-05:00,10.81603826425621,10.922277364218273,10.784392299711303,10.806997299194336,55079100,0.0,0.0
2007-03-05 00:00:00-05:00,10.770827297690584,10.910972565629038,10.723358363688064,10.73013973236084,42993900,0.0,0.0
2007-03-06 00:00:00-05:00,10.813775637690078,10.915493585977192,10.793432177374045,10.858983039855957,44755800,0.0,0.0
2007-03-07 00:00:00-05:00,10.861245891623815,10.90645330196561,10.761788166116332,10.834121704101562,39981000,0.0,0.0
2007-03-08 00:00:00-05:00,10.861246398385498,10.883850104611035,10.709799238528879,10.822819709777832,61187100,0.0,0.0
2007-03-09 00:00:00-05:00,10.800216059641677,10.879329678549011,10.657810510877127,10.718841552734375,41851500,0.0,0.0
2007-03-12 00:00:00-04:00,10.743705449527416,10.766309802470465,10.64650796061578,10.682674407958984,36591600,0.0,0.0
2007-03-13 00:00:00-04:00,10.619383186864315,10.65328939312252,10.404644742838475,10.43855094909668,71961000,0.0,0.0
2007-03-14 00:00:00-04:00,10.488516082167719,10.497600972605333,10.234139149914485,10.386310577392578,82756500,0.073333,0.0
2007-03-15 00:00:00-04:00,10.390856186013764,10.48397682578933,10.331804057136509,10.447636604309082,39872400,0.0,0.0
2007-03-16 00:00:00-04:00,10.49760061308181,10.629331844816992,10.390852991645081,10.495328903198242,56977200,0.0,0.0
2007-03-19 00:00:00-04:00,10.561195587060856,10.633874713186414,10.533940914763773,10.581636428833008,36238500,0.0,0.0
2007-03-20 00:00:00-04:00,10.5566548094613,10.765607986317127,10.547569916980732,10.74289608001709,45801000,0.0,0.0
2007-03-21 00:00:00-04:00,10.724722495210102,10.86780967220247,10.66339932652729,10.849639892578125,40896000,0.0,0.0
2007-03-22 00:00:00-04:00,10.815573755169892,10.947305660917062,10.801946742377138,10.90415096282959,45351900,0.0,0.0
2007-03-23 00:00:00-04:00,10.904150462728872,10.935947907458159,10.845099643466726,10.881439208984375,23981700,0.0,0.0
2007-03-26 00:00:00-04:00,10.865540504455566,10.883710287244215,10.708826290354134,10.865540504455566,38118300,0.0,0.0
2007-03-27 00:00:00-04:00,10.804220584779353,10.856458888507944,10.68157483885449,10.786050796508789,38851500,0.0,0.0
2007-03-28 00:00:00-04:00,10.713367419980191,10.717909540355786,10.552110450199281,10.592992782592773,54241500,0.0,0.0
2007-03-29 00:00:00-04:00,10.658861223533016,10.683844842382726,10.529401007567882,10.611165046691895,37689300,0.0,0.0
2007-03-30 00:00:00-04:00,10.642961711553044,10.695200006251076,10.592995127348278,10.663402557373047,45561900,0.0,0.0
2007-04-02 00:00:00-04:00,10.688387520606064,10.792863467006727,10.640691344181269,10.765608787536621,41238900,0.0,0.0
2007-04-03 00:00:00-04:00,10.790590356867202,10.967745414876976,10.781504815633172,10.924592018127441,51485700,0.0,0.0
2007-04-04 00:00:00-04:00,10.9018797129474,10.974558841721432,10.879167810106848,10.913235664367676,32921700,0.0,0.0
2007-04-05 00:00:00-04:00,10.876897581771777,11.004086074453586,10.870083750070275,10.963204383850098,28546200,0.0,0.0
2007-04-09 00:00:00-04:00,10.963203736422575,11.02679732920523,10.876896939441066,11.008628845214844,25613400,0.0,0.0
2007-04-10 00:00:00-04:00,11.004085748255916,11.004085748255916,10.888253211975098,10.888253211975098,29252100,0.0,0.0
2007-04-11 00:00:00-04:00,10.89052653171732,10.926866757319061,10.688388453589702,10.736083984375,53176200,0.0,0.0
2007-04-12 00:00:00-04:00,10.761063189767984,10.788317862079914,10.652044500520265,10.733808517456055,34715700,0.0,0.0
2007-04-13 00:00:00-04:00,10.765604611429218,10.770147381146781,10.63614444681326,10.767875671386719,37264200,0.0,0.0
2007-04-16 00:00:00-04:00,10.817846750658923,10.929137175734473,10.790592072032771,10.917779922485352,42750000,0.0,0.0
2007-04-17 00:00:00-04:00,10.945031889123106,10.999541229632744,10.876894888584761,10.940489768981934,37173900,0.0,0.0
2007-04-18 00:00:00-04:00,10.901880092301838,10.942761778758463,10.86326881644507,10.895066261291504,23980500,0.0,0.0
2007-04-19 00:00:00-04:00,10.845100464070923,10.988187676574155,10.822387909002483,10.97910213470459,24150900,0.0,0.0
2007-04-20 00:00:00-04:00,11.035883725483203,11.319786453704157,11.017713940480217,11.301616668701172,70264200,0.0,0.0
2007-04-23 00:00:00-04:00,11.294802997896179,11.344768926913371,11.092663672762745,11.113103866577148,42166500,0.0,0.0
2007-04-24 00:00:00-04:00,11.029067065717152,11.124459387227638,10.931404333916904,11.058592796325684,55658700,0.0,0.0
2007-04-25 00:00:00-04:00,11.076764220639793,11.151715063035114,11.044966775417045,11.08584976196289,43509000,0.0,0.0
2007-04-26 00:00:00-04:00,11.079033273555808,11.142626849142932,11.031337766964194,11.060863494873047,27693300,0.0,0.0
2007-04-27 00:00:00-04:00,11.01998382410395,11.058595102740023,10.974560013572544,10.97910213470459,27906300,0.0,0.0
2007-04-30 00:00:00-04:00,10.95865656594162,11.051777162357855,10.872351098097905,10.883707046508789,41966100,0.0,0.0
2007-05-01 00:00:00-04:00,10.883712698729433,11.029070993245414,10.790592703755841,10.97683334350586,44356800,0.0,0.0
2007-05-02 00:00:00-04:00,10.970014687110172,11.069949120448165,10.940488958970791,10.965471267700195,36355200,0.0,0.0
2007-05-03 00:00:00-04:00,11.019982750595592,11.072221687144435,10.947304920746326,10.983644485473633,32854800,0.0,0.0
2007-05-04 00:00:00-04:00,10.992730121486257,11.015443327026428,10.913237151109437,10.963204383850098,28817400,0.0,0.0
2007-05-07 00:00:00-04:00,10.999541710979573,11.101746566457043,10.965472559416918,11.040423393249512,26679900,0.0,0.0
2007-05-08 00:00:00-04:00,10.985915197739656,11.04723837735187,10.920049897313117,10.924592018127441,30517500,0.0,0.0
2007-05-09 00:00:00-04:00,10.917774834271576,10.96547033718822,10.865537211935486,10.885978698730469,45677400,0.0,0.0
2007-05-10 00:00:00-04:00,10.788316494339268,10.976828766183873,10.77696054476633,10.845097541809082,53550600,0.0,0.0
2007-05-11 00:00:00-04:00,10.86554332890381,10.881442055427351,10.767880558577154,10.851916313171387,47667900,0.0,0.0
2007-05-14 00:00:00-04:00,10.82011604748394,10.901880070032865,10.786047542304551,10.865540504455566,38914200,0.0,0.0
2007-05-15 00:00:00-04:00,10.892794636557612,10.924591429954035,10.7678772236515,10.815572738647461,58139400,0.0,0.0
2007-05-16 00:00:00-04:00,10.836109343632975,10.89315329003949,10.71973919682151,10.765375137329102,49549500,0.073333,0.0
2007-05-17 00:00:00-04:00,10.831546525583327,10.831546525583327,10.728867281656258,10.74940299987793,37878000,0.0,0.0
2007-05-18 00:00:00-04:00,10.797324340119715,10.808733657447217,10.765380601751042,10.785916328430176,41229300,0.0,0.0
2007-05-21 00:00:00-04:00,10.753962425692336,10.815570207798421,10.637592315673828,10.637592315673828,63066900,0.0,0.0
2007-05-22 00:00:00-04:00,10.626185699715686,10.678667093283448,10.603368383714336,10.619340896606445,33590700,0.0,0.0
2007-05-23 00:00:00-04:00,10.696920416914262,10.756245956389634,10.56914097603645,10.571422576904297,42760800,0.0,0.0
2007-05-24 00:00:00-04:00,10.589680205741212,10.712895172563407,10.575989291195002,10.644442558288574,44194200,0.0,0.0
2007-05-25 00:00:00-04:00,10.678666301146126,10.724301582582234,10.64215807599724,10.703765869140625,26388000,0.0,0.0
2007-05-29 00:00:00-04:00,10.76309112518371,10.847516883231323,10.669538963907753,10.710610389709473,44844600,0.0,0.0
2007-05-30 00:00:00-04:00,10.644442044087745,10.75853059945951,10.603369955251923,10.75168514251709,48114900,0.0,0.0
2007-05-31 00:00:00-04:00,10.747117539101875,10.906841330358054,10.747117539101875,10.8612060546875,52451700,0.0,0.0
2007-06-01 00:00:00-04:00,10.92966309561492,11.395143722153392,10.890872608190913,11.2878999710083,147313200,0.0,0.0
2007-06-04 00:00:00-04:00,11.443062142989215,11.737410302346198,11.443062142989215,11.684928894042969,164037900,0.0,0.0
2007-06-05 00:00:00-04:00,11.616471294075566,11.682643593429546,11.490974761941771,11.527482986450195,98185500,0.0,0.0
2007-06-06 00:00:00-04:00,11.44534097316175,11.646136245583909,11.443060024725748,11.57996654510498,75783300,0.0,0.0
2007-06-07 00:00:00-04:00,11.497825541061468,11.579969737059066,11.319847537764758,11.354073524475098,74399400,0.0,0.0
2007-06-08 00:00:00-04:00,11.38373409236687,11.443060952347064,11.317563080886506,11.427087783813477,44208300,0.0,0.0
2007-06-11 00:00:00-04:00,11.386013929002994,11.436213066928302,11.306152020204685,11.365477561950684,37919100,0.0,0.0
2007-06-12 00:00:00-04:00,11.31984577544852,11.365480417291067,11.157839663377484,11.16012191772461,57197400,0.0,0.0
2007-06-13 00:00:00-04:00,11.221728978673733,11.303871850754975,11.173812085686773,11.294745445251465,42428400,0.0,0.0
2007-06-14 00:00:00-04:00,11.249109139189532,11.32897106014623,11.176093980596475,11.244545936584473,40100400,0.0,0.0
2007-06-15 00:00:00-04:00,11.258238792419434,11.335818472639732,11.228576011912779,11.258238792419434,68178900,0.0,0.0
2007-06-18 00:00:00-04:00,11.25367499195899,11.283337770891874,11.196630382849582,11.205758094787598,33091800,0.0,0.0
2007-06-19 00:00:00-04:00,11.164681961236814,11.173809670404731,10.899997327105616,11.137301445007324,44540700,0.0,0.0
2007-06-20 00:00:00-04:00,11.1464303505414,11.237702240159553,11.080259340360048,11.087104797363281,53974200,0.0,0.0
2007-06-21 00:00:00-04:00,11.114486391586393,11.132739202361176,10.970734408817133,11.041468620300293,49538100,0.0,0.0
2007-06-22 00:00:00-04:00,11.009524358458847,11.050597102480513,10.913690567016602,10.913690567016602,61351800,0.0,0.0
2007-06-25 00:00:00-04:00,10.952478599015299,10.979860422218689,10.881743745649931,10.911406517028809,53461800,0.0,0.0
2007-06-26 00:00:00-04:00,10.931943628529682,11.064286287473578,10.895435398864972,10.945633888244629,48224700,0.0,0.0
2007-06-27 00:00:00-04:00,10.91368784710222,11.064285259708065,10.897715987721524,11.057439804077148,53705400,0.0,0.0
2007-06-28 00:00:00-04:00,11.027774730624179,11.066565202553459,10.991266511974345,11.00039291381836,40659600,0.0,0.0
2007-06-29 00:00:00-04:00,11.066566821472902,11.100792791850177,10.922814873486768,10.977577209472656,42394500,0.0,0.0
2007-07-02 00:00:00-04:00,10.998115850563407,11.064286857032334,10.98442493732505,11.027778625488281,31632600,0.0,0.0
2007-07-03 00:00:00-04:00,11.030059772967448,11.059723854064941,10.982142881405913,11.059723854064941,18636300,0.0,0.0
2007-07-05 00:00:00-04:00,11.034622627356153,11.057439942653724,10.97073257775834,10.973014831542969,33595800,0.0,0.0
2007-07-06 00:00:00-04:00,10.973016662982678,11.064287245043559,10.950198691058109,11.041468620300293,39320100,0.0,0.0
2007-07-09 00:00:00-04:00,11.046034861856668,11.141868661648457,11.011807572189888,11.066571235656738,32103900,0.0,0.0
2007-07-10 00:00:00-04:00,11.04146931487585,11.04146931487585,10.836110818729916,10.856646537780762,50195100,0.0,0.0
2007-07-11 00:00:00-04:00,10.884027352304152,10.927381043273751,10.776784251996776,10.879464149475098,41057700,0.0,0.0
2007-07-12 00:00:00-04:00,11.15783854587771,11.23541951826001,10.879463602733484,11.141866683959961,74922300,0.0,0.0
2007-07-13 00:00:00-04:00,11.125894167413925,11.239983378544522,11.105359101694875,11.214883804321289,39303000,0.0,0.0
2007-07-16 00:00:00-04:00,11.21260011873598,11.21260011873598,11.112203140296566,11.16696548461914,35248500,0.0,0.0
2007-07-17 00:00:00-04:00,11.125893485495062,11.153275312292124,11.020933297805964,11.032341957092285,42296700,0.0,0.0
2007-07-18 00:00:00-04:00,11.050597576605314,11.121333101696981,10.94335446739399,10.961607933044434,58868400,0.0,0.0
2007-07-19 00:00:00-04:00,11.034622444448344,11.176092147095229,10.975295597766001,11.132737159729004,46246800,0.0,0.0
2007-07-20 00:00:00-04:00,11.066568595864451,11.150993714174618,10.934225283451081,10.966170310974121,56925600,0.0,0.0
2007-07-23 00:00:00-04:00,11.02093088866612,11.043748202250972,10.941068332663525,10.977577209472656,38086200,0.0,0.0
2007-07-24 00:00:00-04:00,10.888586298094191,11.10307174917491,10.888586298094191,10.957038879394531,65639700,0.0,0.0
2007-07-25 00:00:00-04:00,11.04374865661565,11.055157313877453,10.849798871890728,10.922815322875977,46463700,0.0,0.0
2007-07-26 00:00:00-04:00,10.84067552706311,10.900001087390761,10.617062242952544,10.683233261108398,79928400,0.0,0.0
2007-07-27 00:00:00-04:00,10.660413177865966,10.696922061457181,10.434518336756115,10.48243522644043,70263900,0.0,0.0
2007-07-30 00:00:00-04:00,10.541761939625205,10.601088143920041,10.450492011081606,10.54404354095459,53850000,0.0,0.0
2007-07-31 00:00:00-04:00,10.57370826738411,10.680951376853061,10.47331061556225,10.484719276428223,81560100,0.0,0.0
2007-08-01 00:00:00-04:00,10.50753394979626,10.553169231741554,10.377472906638248,10.546323776245117,66111000,0.0,0.0
2007-08-02 00:00:00-04:00,10.54176187552093,10.749402610062159,10.514380701278746,10.66269588470459,50003400,0.0,0.0
2007-08-03 00:00:00-04:00,10.655849976441598,10.724303235555976,10.382038245621409,10.386601448059082,61352400,0.0,0.0
2007-08-06 00:00:00-04:00,10.427674870324312,10.735713942277993,10.427674870324312,10.72886848449707,61953600,0.0,0.0
2007-08-07 00:00:00-04:00,10.678668940764247,10.833828936000401,10.621624988073282,10.737995147705078,57748800,0.0,0.0
2007-08-08 00:00:00-04:00,10.740272935143944,11.048311233520508,10.655847831671824,11.048311233520508,73293000,0.0,0.0
2007-08-09 00:00:00-04:00,10.83838728186441,10.952475788938663,10.585111357583415,10.598801612854004,70726800,0.0,0.0
2007-08-10 00:00:00-04:00,10.54403981714072,10.785907751558902,10.427669703797283,10.51209545135498,65011500,0.0,0.0
2007-08-13 00:00:00-04:00,10.653568942209558,10.662696653767323,10.514381459644028,10.534917831420898,46698600,0.0,0.0
2007-08-14 00:00:00-04:00,10.05346217636285,10.083124291966962,9.930246595501817,9.998699188232422,189981000,0.0,0.0
2007-08-15 00:00:00-04:00,10.085847877270384,10.085847877270384,9.881745608386428,9.925318717956543,86341500,0.073333,0.0
2007-08-16 00:00:00-04:00,9.872571694624515,10.078966391312987,9.842759243967333,9.97576904296875,108804600,0.0,0.0
2007-08-17 00:00:00-04:00,10.24867076949828,10.250963883852672,9.904678684052046,9.973477363586426,91322400,0.0,0.0
2007-08-20 00:00:00-04:00,10.021634685337206,10.04915402219314,9.851931780002579,9.996408462524414,68875800,0.0,0.0
2007-08-21 00:00:00-04:00,9.994113815558412,10.033099372763093,9.904675820466672,10.02163314819336,58793100,0.0,0.0
2007-08-22 00:00:00-04:00,10.04227294130919,10.065205389995489,9.959714945035772,10.033099174499512,56742900,0.0,0.0
2007-08-23 00:00:00-04:00,10.033099039172834,10.051445260319472,9.867983048853088,9.900089263916016,71297100,0.0,0.0
2007-08-24 00:00:00-04:00,9.897793934933919,10.072082996816855,9.890913939515684,10.030803680419922,53884800,0.0,0.0
2007-08-27 00:00:00-04:00,10.037685197233271,10.097310739707858,9.989526534231251,10.049151420593262,59365200,0.0,0.0
2007-08-28 00:00:00-04:00,10.010168779949595,10.136298585831973,9.952836990356445,9.952836990356445,83790000,0.0,0.0
2007-08-29 00:00:00-04:00,9.99182197248228,10.163817998644939,9.964302634540765,10.134005546569824,67777500,0.0,0.0
2007-08-30 00:00:00-04:00,9.909262077489803,10.010166953565745,9.897796508998418,9.934488296508789,71853900,0.0,0.0
2007-08-31 00:00:00-04:00,9.987235334875168,10.076672681559208,9.941369120419614,10.00558090209961,62468700,0.0,0.0
2007-09-04 00:00:00-04:00,9.978060744985141,10.007873847536171,9.923022079508442,9.929902076721191,58165800,0.0,0.0
2007-09-05 00:00:00-04:00,9.911558743436737,9.911558743436737,9.71204335891046,9.734975814819336,92355300,0.0,0.0
2007-09-06 00:00:00-04:00,9.975768453313973,9.9987009044293,9.780839994382887,9.806065559387207,88295700,0.0,0.0
2007-09-07 00:00:00-04:00,9.732684339015718,9.833588605450947,9.702871878869908,9.72121810913086,76145400,0.0,0.0
2007-09-10 00:00:00-04:00,9.76707996142777,9.78771995468778,9.652415737952053,9.693695068359375,54646800,0.0,0.0
2007-09-11 00:00:00-04:00,9.72121366157063,9.865690322804223,9.702867439703274,9.847343444824219,56692200,0.0,0.0
2007-09-12 00:00:00-04:00,9.81523952683997,9.906969989280054,9.764786427466861,9.794599533081055,46953300,0.0,0.0
2007-09-13 00:00:00-04:00,9.828999967507611,9.968889774941431,9.80836062754961,9.874865531921387,51424500,0.0,0.0
2007-09-14 00:00:00-04:00,9.817531624544909,9.98494073454676,9.780839180921891,9.934488296508789,44528100,0.0,0.0
2007-09-17 00:00:00-04:00,9.913848960999005,9.98494073454676,9.85881029556448,9.934488296508789,42075600,0.0,0.0
2007-09-18 00:00:00-04:00,9.973474780268408,10.239495003745613,9.941368563171723,10.191335678100586,83757900,0.0,0.0
2007-09-19 00:00:00-04:00,10.221150854416992,10.331228866707521,10.184458402357746,10.262430191040039,66558600,0.0,0.0
2007-09-20 00:00:00-04:00,10.246374147979985,10.280772819860246,10.081257504836726,10.16381549835205,50306100,0.0,0.0
2007-09-21 00:00:00-04:00,10.221151688539024,10.271604142294178,10.12483432207969,10.143179893493652,63128700,0.0,0.0
2007-09-24 00:00:00-04:00,10.163816593012484,10.19821592471022,10.058326140215483,10.083552360534668,50254800,0.0,0.0
2007-09-25 00:00:00-04:00,9.927612903829207,9.929906018439501,9.787723070907562,9.89780044555664,63953400,0.0,0.0
2007-09-26 00:00:00-04:00,9.929902076721191,9.998700080510742,9.849637192206176,9.929902076721191,57439800,0.0,0.0
2007-09-27 00:00:00-04:00,9.98952655158347,10.09501698768126,9.97117967561801,10.000992774963379,42612900,0.0,0.0
2007-09-28 00:00:00-04:00,10.000995916427986,10.090433930332772,9.978062806351955,10.01016902923584,39167100,0.0,0.0
2007-10-01 00:00:00-04:00,10.05144382899736,10.244079779718394,10.012458278640437,10.198213577270508,45557700,0.0,0.0
2007-10-02 00:00:00-04:00,10.193630458712242,10.34498713582356,10.172991120596567,10.289948463439941,55058700,0.0,0.0
2007-10-03 00:00:00-04:00,10.24866984927608,10.45735832738276,10.202804285742348,10.349574089050293,51161100,0.0,0.0
2007-10-04 00:00:00-04:00,10.333518408043165,10.397729520832582,10.267012869595964,10.319758415222168,28660800,0.0,0.0
2007-10-05 00:00:00-04:00,10.42295398943754,10.52156506774651,10.312876689775191,10.404607772827148,39368100,0.0,0.0
2007-10-08 00:00:00-04:00,10.365626424848065,10.41149198495053,10.338107088786586,10.38167953491211,24210600,0.0,0.0
2007-10-09 00:00:00-04:00,10.32664314406882,10.432133627552243,10.234912003599376,10.367921829223633,36743400,0.0,0.0
2007-10-10 00:00:00-04:00,10.342687994997664,10.489458367918823,10.342687994997664,10.455059051513672,47490000,0.0,0.0
2007-10-11 00:00:00-04:00,10.858679044164337,10.938943921253868,10.714202396625698,10.755481719970703,123289800,0.0,0.0
2007-10-12 00:00:00-04:00,10.773829367970624,10.842628030626093,10.73255069526748,10.792176246643066,41990100,0.0,0.0
2007-10-15 00:00:00-04:00,10.780706899499288,10.794466235215493,10.608710938315333,10.65228271484375,49338000,0.0,0.0
2007-10-16 00:00:00-04:00,10.61329911104927,10.617885338141305,10.452768696688635,10.51698112487793,54055500,0.0,0.0
2007-10-17 00:00:00-04:00,10.581191352955615,10.63164312416912,10.383969182299403,10.546792030334473,71746800,0.0,0.0
2007-10-18 00:00:00-04:00,10.4986356658968,10.558261215206928,10.397730789200786,10.5238618850708,57064800,0.0,0.0
2007-10-19 00:00:00-04:00,10.512396341614753,10.553675674251974,10.310587874775031,10.315174102783203,68912400,0.0,0.0
2007-10-22 00:00:00-04:00,10.2738940739355,10.42525007608637,10.237201630248908,10.377091407775879,63655500,0.0,0.0
2007-10-23 00:00:00-04:00,10.43671916060534,10.452771616023321,9.975769747375518,10.074380874633789,114216000,0.0,0.0
2007-10-24 00:00:00-04:00,10.113366826576728,10.131713709107572,9.923024563461428,10.06062126159668,66849900,0.0,0.0
2007-10-25 00:00:00-04:00,10.081258507472143,10.147764056502723,9.925316271435399,10.062912940979004,63851400,0.0,0.0
2007-10-26 00:00:00-04:00,10.216563306758061,10.276188861711617,10.115658420511629,10.237202644348145,51100500,0.0,0.0
2007-10-29 00:00:00-04:00,10.255549011628641,10.351867015252397,10.232615903675281,10.322053909301758,41109000,0.0,0.0
2007-10-30 00:00:00-04:00,10.2601311529922,10.514685072489499,10.24866493163882,10.404607772827148,49287000,0.0,0.0
2007-10-31 00:00:00-04:00,10.482586082866872,10.505519196040668,10.21197889042558,10.367921829223633,66366900,0.0,0.0
2007-11-01 00:00:00-04:00,10.250961091263848,10.305999757452469,10.076671981666554,10.097311973571777,59600400,0.0,0.0
2007-11-02 00:00:00-04:00,10.127126204169024,10.177577995672083,10.012461968022993,10.134005546569824,54106200,0.0,0.0
2007-11-05 00:00:00-05:00,10.14776375618835,10.177576203012356,10.039979537540807,10.097311973571777,37737600,0.0,0.0
2007-11-06 00:00:00-05:00,10.092725817334635,10.182163820364678,10.046860258872139,10.156937599182129,37687200,0.0,0.0
2007-11-07 00:00:00-05:00,10.090433986164555,10.225736908744489,10.049154650244411,10.074380874633789,52828800,0.0,0.0
2007-11-08 00:00:00-05:00,10.134004952575141,10.177577399123445,9.819825370740261,10.003288269042969,62400600,0.0,0.0
2007-11-09 00:00:00-05:00,9.895503743877033,9.955129298874533,9.746440840552347,9.83817195892334,61294200,0.0,0.0
2007-11-12 00:00:00-05:00,9.856517181866202,10.22114850439809,9.783132294620168,9.934488296508789,76438500,0.0,0.0
2007-11-13 00:00:00-05:00,10.31975993545801,10.629352602299216,10.31975993545801,10.542207717895508,122207700,0.0,0.0
2007-11-14 00:00:00-05:00,10.604128419765766,10.796763791858805,10.576609080895333,10.666047096252441,87331200,0.0,0.0
2007-11-15 00:00:00-05:00,10.615592574244774,10.792175445356303,10.519274584900975,10.594952583312988,65489700,0.0,0.0
2007-11-16 00:00:00-05:00,10.645407115006472,10.686685792769712,10.46194486691929,10.627060890197754,56775600,0.0,0.0
2007-11-19 00:00:00-05:00,10.549087193422,10.629352076430731,10.377091203006898,10.427543640136719,44969400,0.0,0.0
2007-11-20 00:00:00-05:00,10.422955613728144,10.597244698687694,10.250959642174132,10.434422492980957,76708500,0.0,0.0
2007-11-21 00:00:00-05:00,10.326638223895046,10.413783093876882,10.24637335019863,10.287652015686035,52436700,0.0,0.0
2007-11-23 00:00:00-05:00,10.372503815027448,10.60641844079536,10.289945827599814,10.487167358398438,40749300,0.0,0.0
2007-11-26 00:00:00-05:00,10.549087915753388,10.636232801812858,10.319760131534622,10.326640129089355,65968800,0.0,0.0
2007-11-27 00:00:00-05:00,10.381678713902845,10.590367159893638,10.354159380017665,10.510102272033691,63041400,0.0,0.0
2007-11-28 00:00:00-05:00,10.567436238093402,10.89766896909375,10.54909001171076,10.83116340637207,85763400,0.0,0.0
2007-11-29 00:00:00-05:00,10.732550270915588,10.973344268463686,10.723377159998398,10.902253150939941,44294400,0.0,0.0
2007-11-30 00:00:00-05:00,10.938944619800266,11.06048948410908,10.916012171231726,10.984810829162598,49191900,0.0,0.0
2007-12-03 00:00:00-05:00,10.941236022321496,11.078832660551704,10.909130468124042,10.97792911529541,36828300,0.0,0.0
2007-12-04 00:00:00-05:00,10.89078460931719,11.136165452958565,10.89078460931719,11.051314353942871,49381500,0.0,0.0
2007-12-05 00:00:00-05:00,11.131578797286952,11.26458855211964,11.124698801385255,11.214136123657227,52347600,0.0,0.0
2007-12-06 00:00:00-05:00,11.120117434271496,11.331098381145518,11.00774630581347,11.298992156982422,60868200,0.0,0.0
2007-12-07 00:00:00-05:00,11.296700709415378,11.326513165867508,11.191209570428486,11.24166202545166,43161000,0.0,0.0
2007-12-10 00:00:00-05:00,11.25083517943758,11.393018783197382,11.21873026264167,11.335687637329102,37674300,0.0,0.0
2007-12-11 00:00:00-05:00,11.331098609795617,11.477868423530731,11.149930113050955,11.243953704833984,78168000,0.0,0.0
2007-12-12 00:00:00-05:00,11.430544546173357,11.435151444777242,10.967516964848095,11.110342025756836,71838000,0.073333,0.0
2007-12-13 00:00:00-05:00,11.013590095194619,11.167931746204218,10.999768081004854,11.133378028869629,49199700,0.0,0.0
2007-12-14 00:00:00-05:00,11.096520548708112,11.103431556018228,10.965214046095646,10.972125053405762,40764600,0.0,0.0
2007-12-17 00:00:00-05:00,10.965212527761397,11.094214904027796,10.886889326921876,11.018195152282715,49522500,0.0,0.0
2007-12-18 00:00:00-05:00,11.075789224037438,11.184058612827487,10.797051371134883,11.11264705657959,50591700,0.0,0.0
2007-12-19 00:00:00-05:00,11.091910439114153,11.170234296504383,11.022802355014798,11.075785636901855,39363300,0.0,0.0
2007-12-20 00:00:00-05:00,11.07578467652385,11.135678300278611,10.900709384761289,11.022801399230957,42476100,0.0,0.0
2007-12-21 00:00:00-05:00,11.015890865561111,11.172537914398852,11.011283967722532,11.105731964111328,69742800,0.0,0.0
2007-12-24 00:00:00-05:00,11.085004546215368,11.306151545557505,11.085004546215368,11.227828979492188,18975000,0.0,0.0
2007-12-26 00:00:00-05:00,11.10343083057713,11.17253958102321,11.038928978656848,11.144895553588867,28039800,0.0,0.0
2007-12-27 00:00:00-05:00,11.105735445427472,11.126468469409636,10.96982203053771,11.004376411437988,32275200,0.0,0.0
2007-12-28 00:00:00-05:00,11.057356726599386,11.165627398463673,11.004373444712328,11.075785636901855,25832700,0.0,0.0
2007-12-31 00:00:00-05:00,11.020504137404679,11.075790894556599,10.903019613689318,10.949091911315918,36529200,0.0,0.0
2008-01-02 00:00:00-05:00,10.921445288992526,10.972125130864576,10.702601775496737,10.803960800170898,59755800,0.0,0.0
2008-01-03 00:00:00-05:00,10.762494221114565,10.803959601597956,10.649617302744561,10.684171676635742,59403000,0.0,0.0
2008-01-04 00:00:00-05:00,10.575904806131865,10.681871408536512,10.451509286706413,10.532135963439941,61053600,0.0,0.0
2008-01-07 00:00:00-05:00,10.550564646384837,10.783229539308982,10.502188248997932,10.725639343261719,60979500,0.0,0.0
2008-01-08 00:00:00-05:00,10.73254992179498,10.845426866638526,10.568993128815546,10.589725494384766,57051300,0.0,0.0
2008-01-09 00:00:00-05:00,10.58972418553442,10.826997271677268,10.42156051391068,10.803960800170898,81592800,0.0,0.0
2008-01-10 00:00:00-05:00,10.850034448732245,11.234738232806658,10.850034448732245,11.149504661560059,107084400,0.0,0.0
2008-01-11 00:00:00-05:00,11.071179227472902,11.19787749709168,10.942176190592411,10.9928560256958,84555000,0.0,0.0
2008-01-14 00:00:00-05:00,11.052749079842753,11.052749079842753,9.930888350441725,10.981337547302246,61687800,0.0,0.0
2008-01-15 00:00:00-05:00,10.82469367980957,10.92605336839128,10.774014494588684,10.82469367980957,73440300,0.0,0.0
2008-01-16 00:00:00-05:00,10.753284868456568,11.068879944112515,10.753284868456568,10.9398775100708,75972900,0.0,0.0
2008-01-17 00:00:00-05:00,10.953695080699337,11.041232740642458,10.850031958281976,10.937569618225098,83734200,0.0,0.0
2008-01-18 00:00:00-05:00,11.03201877995251,11.174843189833119,10.923749406896174,10.960606575012207,101128200,0.0,0.0
2008-01-22 00:00:00-05:00,10.704907301684834,11.409814371366991,10.617369615676179,11.333794593811035,135385500,0.0,0.0
2008-01-23 00:00:00-05:00,11.172543071150239,11.60101508511226,11.128772907992824,11.55494213104248,151266600,0.0,0.0
2008-01-24 00:00:00-05:00,11.566460594271666,11.573371602832712,11.167934115471942,11.266989707946777,107149500,0.0,0.0
2008-01-25 00:00:00-05:00,11.308451406623215,11.347613338580262,11.055054198392824,11.07809066772461,74927100,0.0,0.0
2008-01-28 00:00:00-05:00,11.071179440696133,11.23703964393274,11.034321617754665,11.220914840698242,70322700,0.0,0.0
2008-01-29 00:00:00-05:00,11.310757781659865,11.331490805934477,11.08730668654688,11.290024757385254,65224500,0.0,0.0
2008-01-30 00:00:00-05:00,11.241648464026412,11.518083501483742,11.17254102280203,11.324579238891602,73460100,0.0,0.0
2008-01-31 00:00:00-05:00,11.25316851229735,11.817555283341694,11.225525794175368,11.688552856445312,138653700,0.0,0.0
2008-02-01 00:00:00-05:00,11.725408818723482,11.859018124263125,11.589495404483506,11.789909362792969,77237400,0.0,0.0
2008-02-04 00:00:00-05:00,11.748446208027618,11.806035751855879,11.478923452118897,11.534210205078125,60963900,0.0,0.0
2008-02-05 00:00:00-05:00,11.393686486982496,11.670120169633353,11.393686486982496,11.416722297668457,85211100,0.0,0.0
2008-02-06 00:00:00-05:00,11.425938097812574,11.524993682895756,11.174844290151952,11.248559951782227,85476900,0.0,0.0
2008-02-07 00:00:00-05:00,11.022800993445246,11.518079379552958,11.020497544709421,11.481220245361328,108858600,0.0,0.0
2008-02-08 00:00:00-05:00,11.44206273380932,11.541118306003554,11.204789654972954,11.23243236541748,67626900,0.0,0.0
2008-02-11 00:00:00-05:00,11.250864561169584,11.444367522489856,11.135682846141737,11.425938606262207,64658700,0.0,0.0
2008-02-12 00:00:00-05:00,11.398292146654628,11.683940913417652,11.398292146654628,11.57567024230957,70102200,0.0,0.0
2008-02-13 00:00:00-05:00,11.660907029887113,11.75074749766562,11.568762453393774,11.670122146606445,48235800,0.0,0.0
2008-02-14 00:00:00-05:00,11.651693566720969,11.725409230037666,11.462796190866902,11.511173248291016,54035700,0.0,0.0
2008-02-15 00:00:00-05:00,11.44436583446133,11.518082806638832,11.313060649544216,11.389079093933105,77497500,0.0,0.0
2008-02-19 00:00:00-05:00,11.541117016403922,11.591795532912728,11.356826588760336,11.439757347106934,66081600,0.0,0.0
2008-02-20 00:00:00-05:00,11.356829665196404,11.511173319123008,11.29002500967208,11.448975563049316,65030400,0.0,0.0
2008-02-21 00:00:00-05:00,11.483532370240704,11.571070074012708,11.42594149815062,11.469710350036621,67199100,0.0,0.0
2008-02-22 00:00:00-05:00,11.495047123102966,11.56415588699738,11.395991535753648,11.511173248291016,58556700,0.0,0.0
2008-02-25 00:00:00-05:00,11.561848122760365,11.610223846749715,11.448971872831752,11.594099044799805,76609200,0.0,0.0
2008-02-26 00:00:00-05:00,11.561849817029117,11.859016528669954,11.561849817029117,11.840587615966797,93085800,0.0,0.0
2008-02-27 00:00:00-05:00,11.746138639593307,11.879747908699509,11.73001251936832,11.84749698638916,87573900,0.0,0.0
2008-02-28 00:00:00-05:00,11.778394060986141,11.84059182825361,11.663213645150966,11.679338455200195,55191000,0.0,0.0
2008-02-29 00:00:00-05:00,11.60561859319837,11.672423236655947,11.409811561444148,11.423633575439453,60658200,0.0,0.0
2008-03-03 00:00:00-05:00,11.386778210308286,11.522690316826392,11.338402469013012,11.492743492126465,59256300,0.0,0.0
2008-03-04 00:00:00-05:00,11.455885725914959,11.522689058369528,11.43054580359636,11.48813533782959,74967300,0.0,0.0
2008-03-05 00:00:00-05:00,11.50886977468261,11.561852416313078,11.347616422742776,11.414421081542969,68984400,0.0,0.0
2008-03-06 00:00:00-05:00,11.573370379910946,11.610226891441846,11.483528596250737,11.51347541809082,82549200,0.0,0.0
2008-03-07 00:00:00-05:00,11.444365820303128,11.688549912605598,11.444365820303128,11.49504566192627,73038900,0.0,0.0
2008-03-10 00:00:00-04:00,11.518083325263994,11.518083325263994,11.20479046335754,11.253166198730469,72975900,0.0,0.0
2008-03-11 00:00:00-04:00,11.483525691440793,11.60792116464855,11.412112840680221,11.57567024230957,85064100,0.0,0.0
2008-03-12 00:00:00-04:00,11.577524716970439,11.739546766667656,11.559009424905478,11.640018463134766,78821100,0.079333,0.0
2008-03-13 00:00:00-04:00,11.556693243982087,11.727971598889289,11.447908629251893,11.711770057678223,89558700,0.0,0.0
2008-03-14 00:00:00-04:00,11.737232612317339,11.737232612317339,11.380786723889218,11.531234741210938,82444200,0.0,0.0
2008-03-17 00:00:00-04:00,11.420130362791676,11.665475118891086,11.408557646871415,11.561319351196289,66378300,0.0,0.0
2008-03-18 00:00:00-04:00,11.633074658498964,11.80666810490462,11.623817012393193,11.799725532531738,79140000,0.0,0.0
2008-03-19 00:00:00-04:00,11.762686471424443,11.908504258441145,11.725653256523797,11.753427505493164,77489700,0.0,0.0
2008-03-20 00:00:00-04:00,11.76963276604862,12.3806809365773,11.75805872517009,12.320502281188965,133599900,0.0,0.0
2008-03-24 00:00:00-04:00,12.371424841798955,12.533444217017069,12.32050382344425,12.413086891174316,66739200,0.0,0.0
2008-03-25 00:00:00-04:00,12.389939742798152,12.431603115281014,12.246436985621498,12.278840065002441,60982500,0.0,0.0
2008-03-26 00:00:00-04:00,12.239490822884182,12.359848122660777,12.188569815557598,12.244119644165039,57679200,0.0,0.0
2008-03-27 00:00:00-04:00,12.26958044302182,12.318186378671191,12.100615880287764,12.121447563171387,56943900,0.0,0.0
2008-03-28 00:00:00-04:00,12.038123819902877,12.190886866672146,11.982573982281124,12.063584327697754,45144000,0.0,0.0
2008-03-31 00:00:00-04:00,12.082103275693177,12.292729949607759,11.950171889184624,12.19320297241211,58783200,0.0,0.0
2008-04-01 00:00:00-04:00,12.311244613321406,12.535759044823948,12.223290369597459,12.517242431640625,72697800,0.0,0.0
2008-04-02 00:00:00-04:00,12.570482229816657,12.70472872244373,12.498730821664132,12.605201721191406,65160900,0.0,0.0
2008-04-03 00:00:00-04:00,12.521868778049821,12.77647249008426,12.496409598817522,12.71397876739502,69571200,0.0,0.0
2008-04-04 00:00:00-04:00,12.709351203005651,12.718610170888645,12.549645595633493,12.591307640075684,62184300,0.0,0.0
2008-04-07 00:00:00-04:00,12.658431431210856,12.68620701316934,12.47789412171863,12.551961898803711,56574300,0.0,0.0
2008-04-08 00:00:00-04:00,12.501041290178257,12.695466417604177,12.496413791760494,12.602883338928223,47271000,0.0,0.0
2008-04-09 00:00:00-04:00,12.584362686193925,12.637598767112754,12.438544880711712,12.5311279296875,58592400,0.0,0.0
2008-04-10 00:00:00-04:00,12.626027793934052,12.806565114391622,12.593624712231268,12.651488304138184,86902800,0.0,0.0
2008-04-11 00:00:00-04:00,12.556586871350977,12.76258464807315,12.528812619390756,12.683889389038086,70383300,0.0,0.0
2008-04-14 00:00:00-04:00,12.704725352347982,12.808881150017184,12.697781455914992,12.764904022216797,52270500,0.0,0.0
2008-04-15 00:00:00-04:00,12.778792654133195,13.051913084503935,12.774163831011549,13.024137496948242,76900500,0.0,0.0
2008-04-16 00:00:00-04:00,13.065802952798652,13.220879809505771,13.042656184689486,13.209305763244629,84398400,0.0,0.0
2008-04-17 00:00:00-04:00,13.142178801581222,13.183842175643417,13.005618610229167,13.116718292236328,62940300,0.0,0.0
2008-04-18 00:00:00-04:00,13.193101413836112,13.276426847612516,12.994047461760163,13.033395767211914,59207100,0.0,0.0
2008-04-21 00:00:00-04:00,12.977842554107617,13.072740682663879,12.903774785284137,13.049593925476074,43120500,0.0,0.0
2008-04-22 00:00:00-04:00,13.019507749248723,13.091259137984004,12.924609597723158,13.088945388793945,43611900,0.0,0.0
2008-04-23 00:00:00-04:00,13.033393475490431,13.25559282727339,13.033393475490431,13.174582481384277,45650400,0.0,0.0
2008-04-24 00:00:00-04:00,13.197726659641091,13.350489692757973,13.195411586625692,13.297253608703613,58024500,0.0,0.0
2008-04-25 00:00:00-04:00,13.408352431845366,13.433812935765681,13.225501407487956,13.343544960021973,50947200,0.0,0.0
2008-04-28 00:00:00-04:00,13.30883409875813,13.410674845775054,13.23939644318429,13.274114608764648,37407300,0.0,0.0
2008-04-29 00:00:00-04:00,13.287999922400727,13.609726297896856,13.285684848695938,13.565749168395996,53074200,0.0,0.0
2008-04-30 00:00:00-04:00,13.58658096059256,13.665276249779332,13.396784647759974,13.419931411743164,60805200,0.0,0.0
2008-05-01 00:00:00-04:00,13.470850902012765,13.676848754421552,13.338919514594169,13.44076156616211,55959000,0.0,0.0
2008-05-02 00:00:00-04:00,13.630556256376526,13.630556256376526,13.169955933849604,13.308831214904785,58466400,0.0,0.0
2008-05-05 00:00:00-04:00,13.21161582738986,13.271794487944417,13.14912209357835,13.186155319213867,55494600,0.0,0.0
2008-05-06 00:00:00-04:00,13.190783473687818,13.248647052247007,12.968582829018308,13.042649269104004,63580200,0.0,0.0
2008-05-07 00:00:00-04:00,13.02413413478057,13.158380565955987,12.96858429842223,13.1537504196167,75089400,0.0,0.0
2008-05-08 00:00:00-04:00,13.283363036758994,13.331970289012501,13.135231505116858,13.230128288269043,79497000,0.0,0.0
2008-05-09 00:00:00-04:00,13.153749943780223,13.306512981548888,13.10283025560319,13.234760284423828,38976000,0.0,0.0
2008-05-12 00:00:00-04:00,13.35280908682916,13.510201008108496,13.34123636568426,13.429190635681152,54615300,0.0,0.0
2008-05-13 00:00:00-04:00,13.274110819394554,13.30883029947664,13.047282621980155,13.112090110778809,87001800,0.0,0.0
2008-05-14 00:00:00-04:00,13.220866489117888,13.388220407967616,13.167407133096553,13.353354454040527,52408200,0.079333,0.0
2008-05-15 00:00:00-04:00,13.381249462803217,13.381249462803217,13.167409342831247,13.276654243469238,50018100,0.0,0.0
2008-05-16 00:00:00-04:00,13.33941068305765,13.348708715924595,13.153463325722868,13.258058547973633,43622700,0.0,0.0
2008-05-19 00:00:00-04:00,13.237138326397533,13.260381410096155,13.053514507177868,13.109298706054688,46667700,0.0,0.0
2008-05-20 00:00:00-04:00,13.051190062122366,13.106974257004095,12.89545901849419,13.0047025680542,65506800,0.0,0.0
2008-05-21 00:00:00-04:00,13.002379930859185,13.062812480205269,12.795513028866564,12.837350845336914,61101900,0.0,0.0
2008-05-22 00:00:00-04:00,12.830376663199843,13.065136311372594,12.80480874122063,13.027945518493652,45195600,0.0,0.0
2008-05-23 00:00:00-04:00,12.988432361738436,13.011675443208954,12.876863974679845,12.95821475982666,40674600,0.0,0.0
2008-05-27 00:00:00-04:00,12.969838873862743,13.174380936411083,12.969838873862743,13.109298706054688,51840600,0.0,0.0
2008-05-28 00:00:00-04:00,13.204598738981314,13.30454560644942,13.146489693011375,13.269680976867676,61251900,0.0,0.0
2008-05-29 00:00:00-04:00,13.232487757597173,13.516057055188405,13.232487757597173,13.467246055603027,55637400,0.0,0.0
2008-05-30 00:00:00-04:00,13.476544345325674,13.499787425576319,13.364975964122566,13.420760154724121,36368100,0.0,0.0
2008-06-02 00:00:00-04:00,13.344060956179499,13.478872463724782,13.137194013221727,13.295249938964844,51842400,0.0,0.0
2008-06-03 00:00:00-04:00,13.43238463387608,13.49281852373463,13.332439091034015,13.427736282348633,51219300,0.0,0.0
2008-06-04 00:00:00-04:00,13.362656674746148,13.48584664724586,13.327790709887363,13.406819343566895,44131800,0.0,0.0
2008-06-05 00:00:00-04:00,13.597409295760604,13.922817736137782,13.576489725736357,13.89957332611084,107220600,0.0,0.0
2008-06-06 00:00:00-04:00,13.790331730379927,13.846115928309992,13.557896907337897,13.567194938659668,70562700,0.0,0.0
2008-06-09 00:00:00-04:00,13.708982577807191,13.885633241176876,13.583467772781413,13.846118927001953,70035000,0.0,0.0
2008-06-10 00:00:00-04:00,13.774061542258762,13.93444228709966,13.725250531655123,13.894927978515625,63729600,0.0,0.0
2008-06-11 00:00:00-04:00,13.864708513629068,13.894924783244692,13.59043591711805,13.602057456970215,62267100,0.0,0.0
2008-06-12 00:00:00-04:00,13.69503792062685,13.906553243189132,13.650876579213328,13.739200592041016,57747300,0.0,0.0
2008-06-13 00:00:00-04:00,13.801960280790567,13.887962126688754,13.681095122232449,13.755474090576172,62651700,0.0,0.0
2008-06-16 00:00:00-04:00,13.690388914933234,13.80428218472317,13.597415224288564,13.785687446594238,54270300,0.0,0.0
2008-06-17 00:00:00-04:00,13.82752219955257,13.8368189015491,13.597412200134915,13.64157485961914,40677000,0.0,0.0
2008-06-18 00:00:00-04:00,13.52768040633391,13.808926231601363,13.385895738554503,13.40449047088623,66710100,0.0,0.0
2008-06-19 00:00:00-04:00,13.39286974015363,13.53930409738036,13.33476069934934,13.409139633178711,62031300,0.0,0.0
2008-06-20 00:00:00-04:00,13.341736288952552,13.411466884452402,13.062815236953641,13.076760292053223,81155700,0.0,0.0
2008-06-23 00:00:00-04:00,13.155790995024748,13.248764693682121,13.116276674345105,13.165087699890137,42887400,0.0,0.0
2008-06-24 00:00:00-04:00,13.09070904205554,13.446333946349759,13.074439143166547,13.32314395904541,58876800,0.0,0.0
2008-06-25 00:00:00-04:00,13.346383299412455,13.650873580162173,13.330113405097737,13.509087562561035,66186900,0.0,0.0
2008-06-26 00:00:00-04:00,13.42308480861704,13.543949900220097,13.209244728088379,13.209244728088379,63154800,0.0,0.0
2008-06-27 00:00:00-04:00,13.16740691978603,13.330111155476255,12.981459601854382,13.086054801940918,85960500,0.0,0.0
2008-06-30 00:00:00-04:00,13.186002747292157,13.43935582277681,13.02097365766437,13.062812805175781,66726600,0.0,0.0
2008-07-01 00:00:00-04:00,13.01633147636831,13.265034963487421,12.925681286389622,13.255738258361816,68144700,0.0,0.0
2008-07-02 00:00:00-04:00,13.306866476131594,13.43470608589361,13.12092049193249,13.132540702819824,62302500,0.0,0.0
2008-07-03 00:00:00-04:00,13.216221939491932,13.381251065541083,13.023301372279867,13.155789375305176,35380800,0.0,0.0
2008-07-07 00:00:00-04:00,13.190655140284193,13.450981460546968,13.062815491047688,13.227843284606934,66692700,0.0,0.0
2008-07-08 00:00:00-04:00,13.28827850339209,13.781038422327883,13.227844604088121,13.739200592041016,98142900,0.0,0.0
2008-07-09 00:00:00-04:00,13.781033468103686,13.781033468103686,13.388220578846031,13.40449047088623,76490100,0.0,0.0
2008-07-10 00:00:00-04:00,13.492819450847096,13.513737699158147,13.032599367996543,13.297574043273926,89661900,0.0,0.0
2008-07-11 00:00:00-04:00,13.174385652881428,13.327791922212544,12.93265403787455,13.083735466003418,83675100,0.0,0.0
2008-07-14 00:00:00-04:00,13.248763119499607,13.278979401722948,13.011679883592729,13.088383674621582,63148800,0.0,0.0
2008-07-15 00:00:00-04:00,13.011679146087562,13.202274862385917,12.862921254342417,13.072113037109375,79768800,0.0,0.0
2008-07-16 00:00:00-04:00,13.062816933309943,13.274332258126863,12.932653758807271,13.23946762084961,79238100,0.0,0.0
2008-07-17 00:00:00-04:00,13.244115054227418,13.460278716349606,12.881516999699473,13.406819343566895,74310900,0.0,0.0
2008-07-18 00:00:00-04:00,13.457954840390112,13.497469160063337,13.2627107431828,13.462604522705078,61952100,0.0,0.0
2008-07-21 00:00:00-04:00,13.499790569982176,13.627628871137158,13.248760988804719,13.320815086364746,49934100,0.0,0.0
2008-07-22 00:00:00-04:00,13.297573428507091,13.843793980273997,13.2836270436108,13.727577209472656,77735700,0.0,0.0
2008-07-23 00:00:00-04:00,13.364976458386188,13.711303154928693,13.176704309393255,13.502111434936523,93696900,0.0,0.0
2008-07-24 00:00:00-04:00,13.47887111026961,13.506763877306025,13.19995008990714,13.241787910461426,63706500,0.0,0.0
2008-07-25 00:00:00-04:00,13.272002114113091,13.388220185270034,13.151137022510035,13.209244728088379,49356600,0.0,0.0
2008-07-28 00:00:00-04:00,13.199946737918372,13.295245227758953,13.00470140824499,13.020971298217773,46301100,0.0,0.0
2008-07-29 00:00:00-04:00,13.109298096551505,13.364977325349656,13.03724400843577,13.353354454040527,52998300,0.0,0.0
2008-07-30 00:00:00-04:00,13.390541591380098,13.713626501628564,13.390541591380098,13.61135482788086,58251600,0.0,0.0
2008-07-31 00:00:00-04:00,13.497468380539095,13.799633873528917,13.46027890417117,13.6253080368042,55843500,0.0,0.0
2008-08-01 00:00:00-04:00,13.655522582770738,13.662495775631793,13.332440180212162,13.423089027404785,51886800,0.0,0.0
2008-08-04 00:00:00-04:00,13.383577850183007,13.72990608350715,13.376604655686457,13.581148147583008,41493300,0.0,0.0
2008-08-05 00:00:00-04:00,13.718281124667895,14.17617774046284,13.674119782891347,14.025094985961914,112725300,0.0,0.0
2008-08-06 00:00:00-04:00,13.985578089674133,14.178497290914155,13.876333196321031,14.122713088989258,71464500,0.0,0.0
2008-08-07 00:00:00-04:00,13.571848085561538,13.713634135823952,13.220871551634284,13.23946762084961,113628300,0.0,0.0
2008-08-08 00:00:00-04:00,13.262712479922243,13.59509431893218,13.204603413381822,13.448659896850586,71747400,0.0,0.0
2008-08-11 00:00:00-04:00,13.450975457685523,13.89957246026091,13.32778421521672,13.61135482788086,73047600,0.0,0.0
2008-08-12 00:00:00-04:00,13.646227044843966,13.885635143525741,13.57417292912458,13.77174186706543,60927000,0.0,0.0
2008-08-13 00:00:00-04:00,13.745598151970551,13.757266563260712,13.355868140495657,13.507558822631836,67919100,0.079333,0.0
2008-08-14 00:00:00-04:00,13.42354715749836,13.745600983988982,13.276523542514024,13.558903694152832,80443500,0.0,0.0
2008-08-15 00:00:00-04:00,13.565905128732709,13.985974702240064,13.565905128732709,13.855286598205566,67695300,0.0,0.0
2008-08-18 00:00:00-04:00,13.885624950929163,13.908963116484156,13.682592124615855,13.729267120361328,38748600,0.0,0.0
2008-08-19 00:00:00-04:00,13.652248085695406,13.724592762206205,13.509891613467227,13.582236289978027,46013100,0.0,0.0
2008-08-20 00:00:00-04:00,13.656921640198203,13.687259787769268,13.460890121934531,13.619582176208496,38570700,0.0,0.0
2008-08-21 00:00:00-04:00,13.509895682164755,13.673256142915656,13.41421282135595,13.652252197265625,34145700,0.0,0.0
2008-08-22 00:00:00-04:00,13.701263132527453,13.88796046217682,13.701263132527453,13.871624946594238,38174700,0.0,0.0
2008-08-25 00:00:00-04:00,13.83194699367064,13.836614091630086,13.60557605058467,13.663919448852539,35895600,0.0,0.0
2008-08-26 00:00:00-04:00,13.663921571653361,13.810946530813357,13.544901875329339,13.768939971923828,32911800,0.0,0.0
2008-08-27 00:00:00-04:00,13.766604130663678,13.969636920812185,13.647584448382046,13.836614608764648,35181600,0.0,0.0
2008-08-28 00:00:00-04:00,13.8669523712369,14.011641743054916,13.773602407910795,13.974302291870117,36336000,0.0,0.0
2008-08-29 00:00:00-04:00,13.91130032065764,13.974309508628254,13.782945056320766,13.785279273986816,38561400,0.0,0.0
2008-09-02 00:00:00-04:00,13.97897003066055,14.233344862305408,13.88562007196977,13.920626640319824,69067800,0.0,0.0
2008-09-03 00:00:00-04:00,13.906630244186532,14.055989443797408,13.806280262225512,13.9533052444458,47470500,0.0,0.0
2008-09-04 00:00:00-04:00,14.002308919270334,14.210010137588739,13.932297107601135,13.950966835021973,82839000,0.0,0.0
2008-09-05 00:00:00-04:00,13.862287219555684,14.207677892452015,13.773605668159602,14.175006866455078,68471100,0.0,0.0
2008-09-08 00:00:00-04:00,14.326687875763975,14.471378519105249,14.060643401934161,14.469045639038086,85692300,0.0,0.0
2008-09-09 00:00:00-04:00,14.38737334777137,14.553068030133133,14.214678685356573,14.266020774841309,76103700,0.0,0.0
2008-09-10 00:00:00-04:00,14.340698619970386,14.581072201660659,14.284689436182985,14.473719596862793,70707000,0.0,0.0
2008-09-11 00:00:00-04:00,14.357032634109261,14.756099529267777,14.2986892396527,14.742096900939941,86970300,0.0,0.0
2008-09-12 00:00:00-04:00,14.634747226449269,14.672086682454891,14.371036817647951,14.564735412597656,57424800,0.0,0.0
2008-09-15 00:00:00-04:00,14.282353836306335,14.58573655193367,14.256682795969262,14.38270378112793,77406900,0.0,0.0
2008-09-16 00:00:00-04:00,14.235679629901663,14.744430695978805,14.235679629901663,14.501724243164062,100169700,0.0,0.0
2008-09-17 00:00:00-04:00,14.394368706709038,14.46438049654742,13.820274433689189,13.918290138244629,123751800,0.0,0.0
2008-09-18 00:00:00-04:00,14.128327661915288,14.389703804157872,13.792272621889106,14.347697257995605,125092200,0.0,0.0
2008-09-19 00:00:00-04:00,14.753770113516394,14.900793752706575,13.873958489550485,13.932300567626953,133640100,0.0,0.0
2008-09-22 00:00:00-04:00,13.873948798409602,13.98363289686919,13.710587087812149,13.74325942993164,66252900,0.0,0.0
2008-09-23 00:00:00-04:00,13.747934516333686,13.981305449326648,13.612577986418913,13.628914833068848,66529800,0.0,0.0
2008-09-24 00:00:00-04:00,13.74560469751449,13.857623101679179,13.570575774086578,13.750271797180176,51601200,0.0,0.0
2008-09-25 00:00:00-04:00,13.848280500626819,14.111990834533815,13.773600274460644,14.03031063079834,64288500,0.0,0.0
2008-09-26 00:00:00-04:00,13.787605897281562,14.212342514883707,13.787605897281562,14.16800308227539,63599400,0.0,0.0
2008-09-29 00:00:00-04:00,14.013986411740579,14.200683806911405,13.598583705961662,13.640591621398926,82605600,0.0,0.0
2008-09-30 00:00:00-04:00,13.810947337715275,14.004644630401613,13.47489217623623,13.976640701293945,80777100,0.0,0.0
2008-10-01 00:00:00-04:00,13.88795751957443,14.072321928142655,13.766604948697035,13.922964096069336,70091100,0.0,0.0
2008-10-02 00:00:00-04:00,13.922965934404244,13.967306713576141,13.589243649699293,13.73393440246582,63599700,0.0,0.0
2008-10-03 00:00:00-04:00,13.862280760215183,14.053646405187402,13.738594023442776,13.93929386138916,93355800,0.0,0.0
2008-10-06 00:00:00-04:00,13.696590477587048,13.897290359394425,12.7304305193346,13.512226104736328,119186400,0.0,0.0
2008-10-07 00:00:00-04:00,13.70359137633562,13.70359137633562,12.707093311433416,12.79810905456543,103654200,0.0,0.0
2008-10-08 00:00:00-04:00,12.534405725725469,13.248522767307769,12.310367566698392,12.730437278747559,143388300,0.0,0.0
2008-10-09 00:00:00-04:00,12.758437310922563,12.914796446824894,11.612581274756241,11.992977142333984,123553800,0.0,0.0
2008-10-10 00:00:00-04:00,11.442216531869057,12.655751183395163,11.061821430957213,11.890291213989258,154762500,0.0,0.0
2008-10-13 00:00:00-04:00,12.294027276281748,12.767773128018755,11.948637974905152,12.718765258789062,88662300,0.0,0.0
2008-10-14 00:00:00-04:00,13.075821816681264,13.085157347566263,12.303361719719524,12.704761505126953,85679700,0.0,0.0
2008-10-15 00:00:00-04:00,12.471388935558485,12.508728387406633,11.640585464255135,11.680257797241211,83835600,0.0,0.0
2008-10-16 00:00:00-04:00,11.801610168379122,12.840114708029658,11.372206527250807,12.746766090393066,142170300,0.0,0.0
2008-10-17 00:00:00-04:00,12.543737023210896,12.924131583095207,11.60091370578057,12.548402786254883,93669000,0.0,0.0
2008-10-20 00:00:00-04:00,12.753774735502857,12.763108934950564,12.22401952358605,12.702432632446289,85245000,0.0,0.0
2008-10-21 00:00:00-04:00,12.64407932981836,12.952130372027883,12.499388668547773,12.525059700012207,58332900,0.0,0.0
2008-10-22 00:00:00-04:00,12.387376693523576,12.501729285808084,11.934636093580242,12.198345184326172,84611100,0.0,0.0
2008-10-23 00:00:00-04:00,12.221685823937694,12.410717371439684,11.668595150396055,12.312700271606445,104835900,0.0,0.0
2008-10-24 00:00:00-04:00,11.668592160753402,12.361706321978014,11.666257943963297,11.995311737060547,89429400,0.0,0.0
2008-10-27 00:00:00-04:00,11.866961201101153,12.137671669027432,11.575245446871921,11.591582298278809,80234400,0.0,0.0
2008-10-28 00:00:00-04:00,11.887962082444137,13.003480164959212,11.855289719761318,12.87512493133545,126016200,0.0,0.0
2008-10-29 00:00:00-04:00,12.865790407952362,13.255520527079701,12.49706290080309,12.840119361877441,102701700,0.0,0.0
2008-10-30 00:00:00-04:00,13.059487374505023,13.068822906153239,12.55773760172561,12.777107238769531,69974100,0.0,0.0
2008-10-31 00:00:00-04:00,12.835451203008153,13.248519495383757,12.665090745024415,13.024482727050781,78094500,0.0,0.0
2008-11-03 00:00:00-05:00,13.246185972152533,13.348870153681176,13.012813682092057,13.061822891235352,56271300,0.0,0.0
2008-11-04 00:00:00-05:00,13.255515478278689,13.360532504263151,12.966135436622556,13.099156379699707,69164100,0.0,0.0
2008-11-05 00:00:00-05:00,13.040818849627877,13.068824111791821,12.602079535065,12.632417678833008,66570000,0.0,0.0
2008-11-06 00:00:00-05:00,12.970805090851437,13.150501044996478,12.382708026954761,12.483057975769043,97344300,0.0,0.0
2008-11-07 00:00:00-05:00,12.569404625557281,12.76543741486099,12.462053367971064,12.69309139251709,58313100,0.0,0.0
2008-11-10 00:00:00-05:00,12.861121154530176,13.005811873909659,12.683758078768705,12.877456665039062,54605700,0.0,0.0
2008-11-11 00:00:00-05:00,12.833116422566006,12.98480846277639,12.396711365231281,12.777107238769531,71357400,0.0,0.0
2008-11-12 00:00:00-05:00,12.403718038283877,12.767778557909939,12.21001936039326,12.280031204223633,85122300,0.0,0.0
2008-11-13 00:00:00-05:00,12.361705147273499,12.823781210846544,11.915964593585983,12.819112777709961,113225700,0.0,0.0
2008-11-14 00:00:00-05:00,12.69542576247971,12.863453297329448,12.25201943389631,12.301027297973633,77255100,0.0,0.0
2008-11-17 00:00:00-05:00,12.315032549425913,12.385044371033175,11.943970829662526,12.090995788574219,80894700,0.0,0.0
2008-11-18 00:00:00-05:00,12.060657315734716,12.501729509731161,11.894962631263681,12.303363800048828,109886100,0.0,0.0
2008-11-19 00:00:00-05:00,12.252020976122688,12.555403729504286,11.83895273352712,11.901963233947754,89328600,0.0,0.0
2008-11-20 00:00:00-05:00,11.810952928092929,12.485396268786351,11.752609505592693,11.82262134552002,122490000,0.0,0.0
2008-11-21 00:00:00-05:00,11.995314562239402,12.378044748736686,11.715268572862588,12.3500394821167,120777600,0.0,0.0
2008-11-24 00:00:00-05:00,12.438717831392246,12.62774932613196,12.1890100551426,12.315031051635742,91222800,0.0,0.0
2008-11-25 00:00:00-05:00,12.54373258089116,12.87045205496214,12.450382633597876,12.760767936706543,82114200,0.0,0.0
2008-11-26 00:00:00-05:00,12.557736429820427,13.243850536503462,12.532065389388832,13.22984790802002,71235900,0.0,0.0
2008-11-28 00:00:00-05:00,13.204181571639822,13.302197335214194,12.954472392605535,13.040821075439453,27215400,0.0,0.0
2008-12-01 00:00:00-05:00,12.921798983022947,13.005813433024688,12.354705785445438,12.371041297912598,77836200,0.0,0.0
2008-12-02 00:00:00-05:00,12.548400981445791,12.662753555871248,12.186676202585264,12.473723411560059,73387500,0.0,0.0
2008-12-03 00:00:00-05:00,12.296361163415746,12.721097799172648,12.252020393547957,12.690759658813477,75645900,0.0,0.0
2008-12-04 00:00:00-05:00,12.861116409301758,13.115491181167434,12.602073205843817,12.861116409301758,86379000,0.0,0.0
2008-12-05 00:00:00-05:00,12.669757535919924,13.70126113323912,12.602079930718126,13.584575653076172,112969500,0.0,0.0
2008-12-08 00:00:00-05:00,13.670922651169713,13.82261470639344,13.187842558510809,13.432883262634277,81184800,0.0,0.0
2008-12-09 00:00:00-05:00,13.34420236595431,13.379208945609134,12.814448590579733,13.024482727050781,91214400,0.0,0.0
2008-12-10 00:00:00-05:00,13.05948546278599,13.099157794231699,12.644083075581149,12.893792152404785,63895800,0.0,0.0
2008-12-11 00:00:00-05:00,12.773790631019448,12.998796620977142,12.680036794062254,12.84175968170166,74848800,0.079333,0.0
2008-12-12 00:00:00-05:00,12.598003264017802,12.862853199790528,12.598003264017802,12.8042573928833,70874400,0.0,0.0
2008-12-15 00:00:00-05:00,12.888635562181788,12.919104953225325,12.658940960075864,12.823009490966797,50157000,0.0,0.0
2008-12-16 00:00:00-05:00,12.893323723785114,13.11833105198909,12.68941255093777,12.947232246398926,68988000,0.0,0.0
2008-12-17 00:00:00-05:00,12.935511589050293,13.144110022909883,12.813632692099977,12.935511589050293,66586800,0.0,0.0
2008-12-18 00:00:00-05:00,12.998798904221443,13.174585032395482,12.839418962768848,12.987078666687012,80824200,0.0,0.0
2008-12-19 00:00:00-05:00,13.050359397861087,13.338648488149838,13.015202715100598,13.064422607421875,97314600,0.0,0.0
2008-12-22 00:00:00-05:00,13.123021125793457,13.242554408283437,13.00348650216172,13.123021125793457,51045900,0.0,0.0
2008-12-23 00:00:00-05:00,13.160520161359882,13.219114635937471,12.930825529362755,12.958951950073242,38562900,0.0,0.0
2008-12-24 00:00:00-05:00,13.038639847004516,13.083172447610108,12.954261935030393,12.994107246398926,13682100,0.0,0.0
2008-12-26 00:00:00-05:00,13.055045555899124,13.064420133069818,12.937853953276846,12.97301197052002,19121100,0.0,0.0
2008-12-29 00:00:00-05:00,12.973009057434766,12.984727946837275,12.77847120170215,12.916757583618164,30142800,0.0,0.0
2008-12-30 00:00:00-05:00,12.947234943401572,12.984735949057054,12.733947806093303,12.902702331542969,41927100,0.0,0.0
2008-12-31 00:00:00-05:00,12.954260431331504,13.202705508036505,12.837070167159714,13.139422416687012,41645700,0.0,0.0
2009-01-02 00:00:00-05:00,13.120674273563383,13.479278075134655,13.073797354803979,13.401931762695312,48164400,0.0,0.0
2009-01-05 00:00:00-05:00,13.350377129790548,13.441785367209144,13.050367615201768,13.247248649597168,48063900,0.0,0.0
2009-01-06 00:00:00-05:00,13.268331336836267,13.312862585837063,13.031605180578602,13.130044937133789,57438000,0.0,0.0
2009-01-07 00:00:00-05:00,13.005826241319737,13.174580708038707,12.905040814911962,13.01754379272461,50346000,0.0,0.0
2009-01-08 00:00:00-05:00,12.02611109238569,12.145645680214722,11.79173054690468,12.042518615722656,278516400,0.0,0.0
2009-01-09 00:00:00-05:00,12.089391708374023,12.283928245432845,12.012045420015587,12.089391708374023,86091900,0.0,0.0
2009-01-12 00:00:00-05:00,12.070647147935674,12.2323700477151,11.990956514654087,12.0448637008667,55306200,0.0,0.0
2009-01-13 00:00:00-05:00,12.091738624516049,12.351902615151591,12.084707020321426,12.215960502624512,74980200,0.0,0.0
2009-01-14 00:00:00-05:00,12.019081744097845,12.18783625132824,12.009707164266958,12.084709167480469,61431000,0.0,0.0
2009-01-15 00:00:00-05:00,12.084707063384169,12.150334475340253,11.796417996084216,12.035487174987793,84182100,0.0,0.0
2009-01-16 00:00:00-05:00,12.164398460609421,12.199556487829259,11.955798636243744,12.084709167480469,65023800,0.0,0.0
2009-01-20 00:00:00-05:00,12.049550801165669,12.103457980530248,11.822200507699229,11.850325584411621,67708200,0.0,0.0
2009-01-21 00:00:00-05:00,11.770634181563969,11.794071964791517,11.372185160989773,11.517501831054688,117235200,0.0,0.0
2009-01-22 00:00:00-05:00,11.470629817925792,11.62532111274491,11.196403243448778,11.4542236328125,93343200,0.0,0.0
2009-01-23 00:00:00-05:00,11.271407164054018,11.390941786371634,11.250312345595,11.332345962524414,69273900,0.0,0.0
2009-01-26 00:00:00-05:00,11.400313337134671,11.482346932260922,11.257340959734536,11.390938758850098,56647200,0.0,0.0
2009-01-27 00:00:00-05:00,11.472971962663717,11.55500421385068,11.374530847184948,11.435469627380371,49435500,0.0,0.0
2009-01-28 00:00:00-05:00,11.604226946015073,11.634697684724602,11.369846345735375,11.42141056060791,73991100,0.0,0.0
2009-01-29 00:00:00-05:00,11.38156311246232,11.501097705877214,11.201089735311653,11.217495918273926,56619300,0.0,0.0
2009-01-30 00:00:00-05:00,11.250312423457618,11.320627144332578,10.997180635335337,11.04405689239502,61844100,0.0,0.0
2009-02-02 00:00:00-05:00,10.915144920349121,11.020616987873378,10.840143589429301,10.915144920349121,62583300,0.0,0.0
2009-02-03 00:00:00-05:00,11.022962298867267,11.250311968775655,10.915145906131091,11.205780029296875,67655400,0.0,0.0
2009-02-04 00:00:00-05:00,10.99014706875802,11.154213603915977,10.849518322663732,10.879987716674805,79518300,0.0,0.0
2009-02-05 00:00:00-05:00,11.055773111343344,11.48000430848502,11.053429466700702,11.381563186645508,99879300,0.0,0.0
2009-02-06 00:00:00-05:00,11.447190259545035,11.737822303679616,11.37453124265535,11.63235092163086,84891300,0.0,0.0
2009-02-09 00:00:00-05:00,11.61594709755679,11.61594709755679,11.43078505673422,11.55031967163086,48831900,0.0,0.0
2009-02-10 00:00:00-05:00,11.484690145106354,11.550317559028752,11.095617644806689,11.184682846069336,76822800,0.0,0.0
2009-02-11 00:00:00-05:00,11.24561991376554,11.372185421347211,11.191712742879782,11.304216384887695,53277900,0.0,0.0
2009-02-12 00:00:00-05:00,11.245621533606752,11.318279880768515,11.022959873492407,11.280778884887695,67178100,0.0,0.0
2009-02-13 00:00:00-05:00,11.191711852049565,11.276089073911349,10.894046925601755,10.905766487121582,77000700,0.0,0.0
2009-02-17 00:00:00-05:00,11.140148746785417,11.45656352730736,11.086241574926538,11.306559562683105,116757300,0.0,0.0
2009-02-18 00:00:00-05:00,11.470629125216773,11.719074249267578,11.37218799705709,11.719074249267578,142068000,0.0,0.0
2009-02-19 00:00:00-05:00,11.587821495554275,11.876110644643129,11.587821495554275,11.82454776763916,81933000,0.0,0.0
2009-02-20 00:00:00-05:00,11.71672652839593,11.87141776891172,11.608910852400813,11.723756790161133,88744200,0.0,0.0
2009-02-23 00:00:00-05:00,11.801105468528146,11.822200281514915,11.435470090272508,11.456564903259277,70857000,0.0,0.0
2009-02-24 00:00:00-05:00,11.433129255028783,11.803451991732073,11.41203443809585,11.721418380737305,78678900,0.0,0.0
2009-02-25 00:00:00-05:00,11.47766210715798,11.733137525667102,11.381565282833293,11.533913612365723,76429800,0.0,0.0
2009-02-26 00:00:00-05:00,11.60422436502525,11.634695096957536,11.283122933592342,11.308903694152832,69507300,0.0,0.0
2009-02-27 00:00:00-05:00,11.219844066817965,11.719077424402872,11.15187298483583,11.540946960449219,84485100,0.0,0.0
2009-03-02 00:00:00-05:00,11.440161224647103,11.59954116165839,11.240936638668412,11.259686470031738,76052400,0.0,0.0
2009-03-03 00:00:00-05:00,11.330000789162685,11.383909318541342,11.015930228094723,11.104994773864746,84125400,0.0,0.0
2009-03-04 00:00:00-05:00,11.24093834497934,11.531571169075395,11.051089651720622,11.365160942077637,95431200,0.0,0.0
2009-03-05 00:00:00-05:00,11.801106096347478,11.953454402249161,11.552662322168148,11.660476684570312,138795600,0.0,0.0
2009-03-06 00:00:00-05:00,11.754229726782235,11.754229726782235,11.273747053246689,11.46359634399414,101318400,0.0,0.0
2009-03-09 00:00:00-04:00,11.381563851286876,11.510474372720768,11.086243821376307,11.13546371459961,79526700,0.0,0.0
2009-03-10 00:00:00-04:00,11.158904122466486,11.465944460047417,11.079214816694781,11.4073486328125,97597500,0.0,0.0
2009-03-11 00:00:00-04:00,11.469335021678095,11.504691365757841,11.113423482652806,11.186491012573242,78197700,0.091,0.0
2009-03-12 00:00:00-04:00,11.283132733790904,11.577761815660724,11.15349502064745,11.535335540771484,75390000,0.0,0.0
2009-03-13 00:00:00-04:00,11.471691903798687,11.660254565735125,11.393909299984953,11.594258308410645,61714500,0.0,0.0
2009-03-16 00:00:00-04:00,11.629611851818494,11.679109375817308,11.469332934802278,11.502331733703613,49141500,0.0,0.0
2009-03-17 00:00:00-04:00,11.525903778304194,11.785179138183594,11.499976242316254,11.785179138183594,55867800,0.0,0.0
2009-03-18 00:00:00-04:00,11.537693314998272,12.044455130319179,11.537693314998272,11.888891220092773,60572700,0.0,0.0
2009-03-19 00:00:00-04:00,11.973739375877008,11.999666909514232,11.693252932476435,11.773391723632812,62254500,0.0,0.0
2009-03-20 00:00:00-04:00,11.818175827830903,11.877102164773563,11.547116835825108,11.688539505004883,78924900,0.0,0.0
2009-03-23 00:00:00-04:00,11.851176764767946,12.134020805358887,11.631972801898314,12.134020805358887,59039100,0.0,0.0
2009-03-24 00:00:00-04:00,12.020882386975872,12.162305072187673,11.924243507124253,12.039738655090332,61909800,0.0,0.0
2009-03-25 00:00:00-04:00,12.084521104139215,12.324938832791883,11.936027166462436,12.181159973144531,70334100,0.0,0.0
2009-03-26 00:00:00-04:00,12.270730581511941,12.492293471533204,12.244804386678313,12.435723304748535,75148500,0.0,0.0
2009-03-27 00:00:00-04:00,12.341439314805854,12.492290812949383,12.26601424008745,12.390936851501465,60853200,0.0,0.0
2009-03-30 00:00:00-04:00,12.256583866872136,12.294297748123977,12.0821637410268,12.2000150680542,50155200,0.0,0.0
2009-03-31 00:00:00-04:00,12.266017407917504,12.362656315623509,12.035028394113693,12.280159950256348,63535800,0.0,0.0
2009-04-01 00:00:00-04:00,12.11045337416999,12.504077575039371,12.072740827426562,12.44986629486084,67957200,0.0,0.0
2009-04-02 00:00:00-04:00,12.572431738574073,12.862347087018698,12.539432925641337,12.643141746520996,65542800,0.0,0.0
2009-04-03 00:00:00-04:00,12.657280034263144,12.798702700047468,12.480502376385987,12.6808500289917,49566900,0.0,0.0
2009-04-06 00:00:00-04:00,12.588932318019403,12.669072496717012,12.468723398680135,12.593646049499512,46532400,0.0,0.0
2009-04-07 00:00:00-04:00,12.482865056164922,12.497006249601931,12.256588427981107,12.34851360321045,42833100,0.0,0.0
2009-04-08 00:00:00-04:00,12.412148919803728,12.497001442615364,12.320223779933501,12.40036392211914,51762900,0.0,0.0
2009-04-09 00:00:00-04:00,11.794608916984735,12.101022982063592,11.70268375336626,11.94074535369873,126973500,0.0,0.0
2009-04-13 00:00:00-04:00,11.973743281745339,12.251874974335031,11.931317007729628,12.145807266235352,58039800,0.0,0.0
2009-04-14 00:00:00-04:00,12.068024856603211,12.091594856766825,11.914817158126102,12.049168586730957,53807100,0.0,0.0
2009-04-15 00:00:00-04:00,11.964315538715127,12.119879438916382,11.931316726943074,12.089238166809082,39026100,0.0,0.0
2009-04-16 00:00:00-04:00,12.091591048119831,12.136374843548642,11.84881580704292,11.969024658203125,63739500,0.0,0.0
2009-04-17 00:00:00-04:00,12.065662819903531,12.079804005506812,11.81817386431102,11.832316398620605,72072000,0.0,0.0
2009-04-20 00:00:00-04:00,11.806394054927049,11.888890409696833,11.594261341922977,11.613116264343262,60895200,0.0,0.0
2009-04-21 00:00:00-04:00,11.705041383698935,11.785181547209266,11.532977404564681,11.745111465454102,46714800,0.0,0.0
2009-04-22 00:00:00-04:00,11.688541609818307,11.839391764797583,11.507048836990439,11.540047645568848,61171500,0.0,0.0
2009-04-23 00:00:00-04:00,11.549476000941999,11.591903621847978,11.377413372526297,11.516478538513184,48756600,0.0,0.0
2009-04-24 00:00:00-04:00,11.507048328897202,11.681469824420496,11.247774973651467,11.283130645751953,80793000,0.0,0.0
2009-04-27 00:00:00-04:00,11.257203253339807,11.535333555071544,11.228918850164716,11.433980941772461,61824300,0.0,0.0
2009-04-28 00:00:00-04:00,11.37977061384427,11.636688507786642,11.320845604991709,11.424555778503418,81424800,0.0,0.0
2009-04-29 00:00:00-04:00,11.514120984421776,12.044454106718053,11.43162597974655,11.891247749328613,102965700,0.0,0.0
2009-04-30 00:00:00-04:00,11.983171451287141,11.985528990881342,11.768681204248278,11.879461288452148,69167100,0.0,0.0
2009-05-01 00:00:00-04:00,11.903027147501408,11.907742225049034,11.603684461133946,11.796960830688477,47331900,0.0,0.0
2009-05-04 00:00:00-04:00,11.834677895540894,12.10337939376305,11.829962816723128,11.983170509338379,63605700,0.0,0.0
2009-05-05 00:00:00-04:00,11.943101822260349,12.110452073401339,11.773395380142883,11.893604278564453,58946100,0.0,0.0
2009-05-06 00:00:00-04:00,11.943103928206183,12.042100381761086,11.565978434779364,11.669687271118164,78267900,0.0,0.0
2009-05-07 00:00:00-04:00,11.987887282828122,12.056241107264476,11.67675808849988,11.759254455566406,93789300,0.0,0.0
2009-05-08 00:00:00-04:00,11.879457840450309,11.879457840450309,11.726250180260402,11.818175315856934,55603800,0.0,0.0
2009-05-11 00:00:00-04:00,11.778103375061969,12.027948482944739,11.721534595048542,11.933667182922363,53983500,0.0,0.0
2009-05-12 00:00:00-04:00,11.992594607257594,12.098662271611582,11.940740893160934,11.997309684753418,51612300,0.0,0.0
2009-05-13 00:00:00-04:00,11.91982394282116,11.91982394282116,11.739722714243795,11.855840682983398,57554400,0.091,0.0
2009-05-14 00:00:00-04:00,11.87242536245899,11.936408598710148,11.552509181203208,11.63545036315918,78991500,0.0,0.0
2009-05-15 00:00:00-04:00,11.602272838848915,11.692323413885081,11.403215100325962,11.410323143005371,60168300,0.0,0.0
2009-05-18 00:00:00-04:00,11.564360687743298,11.843990797457247,11.538293336229666,11.829771995544434,56515200,0.0,0.0
2009-05-19 00:00:00-04:00,11.829770996082216,11.84873030101721,11.694696457261282,11.697065353393555,43863000,0.0,0.0
2009-05-20 00:00:00-04:00,11.791852779273501,11.919819248553221,11.57620598281448,11.5975341796875,60555900,0.0,0.0
2009-05-21 00:00:00-04:00,11.56672950641121,11.737351040278455,11.53355275805328,11.637822151184082,47151000,0.0,0.0
2009-05-22 00:00:00-04:00,11.69943672882571,11.794226482704556,11.63782372779936,11.671000480651855,34034100,0.0,0.0
2009-05-26 00:00:00-04:00,11.654411973074843,12.005134756872708,11.649672824153434,11.848731994628906,52041900,0.0,0.0
2009-05-27 00:00:00-04:00,11.905602898793207,12.043047675305699,11.670998135585013,11.687585830688477,52394400,0.0,0.0
2009-05-28 00:00:00-04:00,11.732612478905292,11.798965986607836,11.592798774207095,11.74209213256836,46216800,0.0,0.0
2009-05-29 00:00:00-04:00,11.825032905697508,11.841621960004804,11.628343998190868,11.787117004394531,38519700,0.0,0.0
2009-06-01 00:00:00-04:00,11.89138203556171,12.014607991465892,11.74919678000248,11.988540649414062,59977500,0.0,0.0
2009-06-02 00:00:00-04:00,11.938776326180651,12.050155093784621,11.81791926464138,11.832138061523438,52197900,0.0,0.0
2009-06-03 00:00:00-04:00,11.789483768659796,12.080963732690533,11.77763657712217,12.057265281677246,59210700,0.0,0.0
2009-06-04 00:00:00-04:00,12.045415750174183,12.0857018932244,11.907970983029923,12.054895401000977,45876000,0.0,0.0
2009-06-05 00:00:00-04:00,12.114141011194318,12.263434343638059,11.89849418256709,12.102291107177734,75981600,0.0,0.0
2009-06-08 00:00:00-04:00,12.083336338185577,12.09992403674443,11.943519924705491,12.040679931640625,56925600,0.0,0.0
2009-06-09 00:00:00-04:00,12.052524091989174,12.123616721026194,11.967212665948924,11.993281364440918,43213800,0.0,0.0
2009-06-10 00:00:00-04:00,12.040676464798816,12.050156115517,11.78474487911689,11.862945556640625,59491500,0.0,0.0
2009-06-11 00:00:00-04:00,11.860576249270961,11.907971794676943,11.680476431078613,11.687585830688477,64824000,0.0,0.0
2009-06-12 00:00:00-04:00,11.694697305520817,11.815554408375924,11.661520553447353,11.810813903808594,46015200,0.0,0.0
2009-06-15 00:00:00-04:00,11.635453044559256,11.659150143156483,11.426915593748653,11.483789443969727,73821300,0.0,0.0
2009-06-16 00:00:00-04:00,11.495634377765208,11.521701720415512,11.386625860130971,11.434020042419434,62130300,0.0,0.0
2009-06-17 00:00:00-04:00,11.4458695514329,11.585684553955486,11.39847401479075,11.507482528686523,57816000,0.0,0.0
2009-06-18 00:00:00-04:00,11.52881265099223,11.585686490883692,11.469568559279715,11.535922050476074,41781300,0.0,0.0
2009-06-19 00:00:00-04:00,11.623603192824643,11.623603192824643,11.398476713437981,11.41506576538086,71303400,0.0,0.0
2009-06-22 00:00:00-04:00,11.398477088237582,11.588056573965597,11.379519139664781,11.514595031738281,60085200,0.0,0.0
2009-06-23 00:00:00-04:00,11.545403017840508,11.571470369987805,11.434024208122098,11.457722663879395,48711600,0.0,0.0
2009-06-24 00:00:00-04:00,11.493268997425286,11.557250891887588,11.400848144129505,11.495637893676758,50043900,0.0,0.0
2009-06-25 00:00:00-04:00,11.479049434423391,11.718393366653542,11.450611833456133,11.647300720214844,59588700,0.0,0.0
2009-06-26 00:00:00-04:00,11.621229751137221,11.625968897828967,11.476675607196261,11.524069786071777,61609800,0.0,0.0
2009-06-29 00:00:00-04:00,11.543032949505516,11.588056892120058,11.469570049281808,11.554880142211914,51972900,0.0,0.0
2009-06-30 00:00:00-04:00,11.57857953813879,11.630714241384354,11.445873883682546,11.479050636291504,50517300,0.0,0.0
2009-07-01 00:00:00-04:00,11.505116521084108,11.526444723837141,11.415067273412536,11.462461471557617,55294800,0.0,0.0
2009-07-02 00:00:00-04:00,11.436391539673233,11.46956828447652,11.317904715066373,11.325014114379883,59958600,0.0,0.0
2009-07-06 00:00:00-04:00,11.313169173365734,11.417437916817555,11.272883691984095,11.310799598693848,60765600,0.0,0.0
2009-07-07 00:00:00-04:00,11.35108422720335,11.386629876457466,11.310798073265003,11.336865425109863,45279300,0.0,0.0
2009-07-08 00:00:00-04:00,11.40084847157718,11.493269327527413,11.370041293597174,11.462461471557617,56639400,0.0,0.0
2009-07-09 00:00:00-04:00,11.564360295876446,11.576208845075767,11.346343871856018,11.393738746643066,45369600,0.0,0.0
2009-07-10 00:00:00-04:00,11.360560894562393,11.431653538849622,11.220745857989957,11.272880554199219,47913300,0.0,0.0
2009-07-13 00:00:00-04:00,11.279988146240424,11.360559073662818,11.237333108896706,11.334491729736328,48102900,0.0,0.0
2009-07-14 00:00:00-04:00,11.34160584309703,11.410328252933736,11.265774709407816,11.40558910369873,40399200,0.0,0.0
2009-07-15 00:00:00-04:00,11.457721315057166,11.509856013214373,11.36530114522649,11.505115509033203,56225100,0.0,0.0
2009-07-16 00:00:00-04:00,11.457721993857856,11.514595843586207,11.372411219265329,11.495637893676758,56589900,0.0,0.0
2009-07-17 00:00:00-04:00,11.519335333716324,11.543033788790652,11.379520279489961,11.490899085998535,43236900,0.0,0.0
2009-07-20 00:00:00-04:00,11.531185427596778,11.576210735494643,11.42691736402785,11.569101333618164,51321600,0.0,0.0
2009-07-21 00:00:00-04:00,11.590426543371912,11.599906195416851,11.48141800274185,11.578577995300293,51564300,0.0,0.0
2009-07-22 00:00:00-04:00,11.564356347944521,11.737348090352285,11.531179607924843,11.652036666870117,45115500,0.0,0.0
2009-07-23 00:00:00-04:00,11.654410391936343,11.727873292160051,11.526443896561705,11.554880142211914,79989000,0.0,0.0
2009-07-24 00:00:00-04:00,11.566727688190383,11.656778267015312,11.554877785941459,11.5975341796875,39274200,0.0,0.0
2009-07-27 00:00:00-04:00,11.635451270064705,11.635451270064705,11.50037538789742,11.604644775390625,42810600,0.0,0.0
2009-07-28 00:00:00-04:00,11.554879075019501,11.60938402111591,11.531181979836377,11.592796325683594,35418000,0.0,0.0
2009-07-29 00:00:00-04:00,11.592798834041496,11.746831342039487,11.56436122888516,11.699437141418457,49822500,0.0,0.0
2009-07-30 00:00:00-04:00,11.742095903589133,11.943524031837605,11.73024734968982,11.843995094299316,52130700,0.0,0.0
2009-07-31 00:00:00-04:00,11.860575352260794,11.950625932536145,11.794223220885794,11.820290565490723,43985700,0.0,0.0
2009-08-03 00:00:00-04:00,11.9008645068739,11.9008645068739,11.734982102486141,11.810813903808594,45601500,0.0,0.0
2009-08-04 00:00:00-04:00,11.756309935282104,11.915082933803914,11.730242584900067,11.813183784484863,54801600,0.0,0.0
2009-08-05 00:00:00-04:00,11.834509274413492,11.841618673432077,11.65440811522059,11.659147262573242,53149200,0.0,0.0
2009-08-06 00:00:00-04:00,11.670997895258814,11.701803032968346,11.5525097121734,11.607014656066895,48633000,0.0,0.0
2009-08-07 00:00:00-04:00,11.678109750768968,11.730244459866274,11.597538790514786,11.680480003356934,40184700,0.0,0.0
2009-08-10 00:00:00-04:00,11.70180493997824,11.78474749524252,11.61412459227194,11.782377243041992,39144300,0.0,0.0
2009-08-11 00:00:00-04:00,11.780004713219267,11.93166828122104,11.734979421971332,11.858206748962402,48754800,0.0,0.0
2009-08-12 00:00:00-04:00,11.93755239326731,12.1138750053648,11.93755239326731,12.03524398803711,54929400,0.091,0.0
2009-08-13 00:00:00-04:00,12.34976839392135,12.39027417168793,12.044777298183602,12.361681938171387,96432000,0.0,0.0
2009-08-14 00:00:00-04:00,12.359302836043982,12.449847428875449,12.280671790150647,12.340239524841309,51714000,0.0,0.0
2009-08-17 00:00:00-04:00,12.223483722523456,12.356917332735266,12.18535983389151,12.28781795501709,53142600,0.0,0.0
2009-08-18 00:00:00-04:00,12.30449765352345,12.354535091026865,12.20918792413173,12.237781524658203,36855300,0.0,0.0
2009-08-19 00:00:00-04:00,12.16867835315427,12.354532629289688,12.140086121742938,12.311643600463867,42990300,0.0,0.0
2009-08-20 00:00:00-04:00,12.294969040366343,12.347388376122781,12.211571481920956,12.321179389953613,27902700,0.0,0.0
2009-08-21 00:00:00-04:00,12.383128691553338,12.414104183178408,12.211569815230325,12.237781524658203,63281400,0.0,0.0
2009-08-24 00:00:00-04:00,12.275904044331435,12.318794445090871,12.187742715133567,12.283052444458008,34857300,0.0,0.0
2009-08-25 00:00:00-04:00,12.314026854505496,12.523708217386632,12.28543325967652,12.311643600463867,49747200,0.0,0.0
2009-08-26 00:00:00-04:00,12.3283273187093,12.447464151290161,12.28543691370903,12.342622756958008,42874800,0.0,0.0
2009-08-27 00:00:00-04:00,12.306879526899712,12.328324724887878,12.180594320055285,12.209186553955078,51652200,0.0,0.0
2009-08-28 00:00:00-04:00,12.23777970744144,12.247309997256478,12.059073820941181,12.182975769042969,44379900,0.0,0.0
2009-08-31 00:00:00-04:00,12.156764761752274,12.26398937851967,12.087665392412104,12.121024131774902,51727800,0.0,0.0
2009-09-01 00:00:00-04:00,12.106729700458732,12.242546575067454,12.066222554500543,12.144853591918945,49847100,0.0,0.0
2009-09-02 00:00:00-04:00,12.101961946627199,12.163912916043698,12.097195438658538,12.13293743133545,40324200,0.0,0.0
2009-09-03 00:00:00-04:00,12.187741896451094,12.354534252419466,12.149619370700021,12.328325271606445,48886800,0.0,0.0
2009-09-04 00:00:00-04:00,12.318791977237698,12.414101687468516,12.27113780383111,12.314026832580566,39809700,0.0,0.0
2009-09-08 00:00:00-04:00,12.323559374222206,12.342621319752245,12.230632901044977,12.24731159210205,42396600,0.0,0.0
2009-09-09 00:00:00-04:00,12.27590378418362,12.27590378418362,12.113877929474636,12.17821216583252,45269700,0.0,0.0
2009-09-10 00:00:00-04:00,12.130552718196848,12.221097270863496,12.08766369556118,12.159146308898926,68593200,0.0,0.0
2009-09-11 00:00:00-04:00,12.149617502928526,12.161529682617486,12.061454829788186,12.085283279418945,48269400,0.0,0.0
2009-09-14 00:00:00-04:00,12.00189152316608,12.040014057060906,11.961384370989286,12.004273414611816,49630500,0.0,0.0
2009-09-15 00:00:00-04:00,12.03763290798245,12.051929711211024,11.873223761108456,11.897050857543945,79187700,0.0,0.0
2009-09-16 00:00:00-04:00,11.908961028584544,11.956616571359426,11.854157086222537,11.923257827758789,52833600,0.0,0.0
2009-09-17 00:00:00-04:00,11.93755357250224,11.94708386216473,11.87798449014976,11.904194831848145,53304300,0.0,0.0
2009-09-18 00:00:00-04:00,11.91372860860018,12.009036975884957,11.89943180814029,11.939937591552734,100336800,0.0,0.0
2009-09-21 00:00:00-04:00,11.920870966621418,12.144849086718697,11.91848771300752,12.130552291870117,45849300,0.0,0.0
2009-09-22 00:00:00-04:00,12.159149392850944,12.223483624830402,12.132939049198734,12.149619102478027,43624500,0.0,0.0
2009-09-23 00:00:00-04:00,12.161530655910227,12.182975853268895,12.009035110473633,12.009035110473633,42050400,0.0,0.0
2009-09-24 00:00:00-04:00,12.07099129064265,12.113880335594114,11.994743493654202,12.080521583557129,35829000,0.0,0.0
2009-09-25 00:00:00-04:00,12.009038135871785,12.066223979817153,11.775529613949383,11.787443161010742,79026300,0.0,0.0
2009-09-28 00:00:00-04:00,11.81841517609604,11.842243626620487,11.754080950173595,11.794588088989258,44375700,0.0,0.0
2009-09-29 00:00:00-04:00,11.83033095612884,11.837479356295786,11.71834253482184,11.730256080627441,51301200,0.0,0.0
2009-09-30 00:00:00-04:00,11.742170756858616,11.749319157713742,11.611120376962774,11.696898460388184,66273900,0.0,0.0
2009-10-01 00:00:00-04:00,11.692130377290248,11.763613004467405,11.611117460312247,11.675450325012207,67401300,0.0,0.0
2009-10-02 00:00:00-04:00,11.649241037026698,11.756464293236462,11.637327493383133,11.694513320922852,45281400,0.0,0.0
2009-10-05 00:00:00-04:00,11.675451011404297,11.720724662581892,11.639710377423404,11.68974781036377,42652500,0.0,0.0
2009-10-06 00:00:00-04:00,11.73025539680549,11.827948375501451,11.706428306583298,11.789824485778809,52748400,0.0,0.0
2009-10-07 00:00:00-04:00,11.80173896304431,11.842246110355743,11.751701524258388,11.792208671569824,34860600,0.0,0.0
2009-10-08 00:00:00-04:00,11.801736786142031,11.882749702403625,11.770761299436648,11.851774215698242,44885400,0.0,0.0
2009-10-09 00:00:00-04:00,11.868456617614761,11.920877317709472,11.823185682170921,11.90658187866211,49148400,0.0,0.0
2009-10-12 00:00:00-04:00,11.920868925499978,11.963759302701916,11.787435377733999,11.820794105529785,49072800,0.0,0.0
2009-10-13 00:00:00-04:00,11.837478421723935,12.051926319547828,11.830330022121357,11.99474048614502,62561700,0.0,0.0
2009-10-14 00:00:00-04:00,12.063841020113458,12.066222911263955,11.937555796344851,11.958999633789062,48216600,0.0,0.0
2009-10-15 00:00:00-04:00,11.980443179109182,12.149618781224225,11.961381235449583,12.140087127685547,65054700,0.0,0.0
2009-10-16 00:00:00-04:00,12.104344819199238,12.249693328847874,12.06145578792504,12.204421043395996,49629900,0.0,0.0
2009-10-19 00:00:00-04:00,12.235396711149278,12.383127113737622,12.21156825927405,12.364065170288086,46234200,0.0,0.0
2009-10-20 00:00:00-04:00,12.385508865152405,12.390272646164597,12.27113721833249,12.318791389465332,39724200,0.0,0.0
2009-10-21 00:00:00-04:00,12.311640325159928,12.383122929797986,11.999500936210444,12.063835144042969,65711400,0.0,0.0
2009-10-22 00:00:00-04:00,12.061457396161876,12.092434250931193,11.920875376123835,12.02810001373291,73812600,0.0,0.0
2009-10-23 00:00:00-04:00,12.07574812527446,12.082896521749102,11.908955843312032,12.018562316894531,45340200,0.0,0.0
2009-10-26 00:00:00-04:00,12.051926737166568,12.05907513701685,11.870837576740401,11.875602722167969,45821100,0.0,0.0
2009-10-27 00:00:00-04:00,11.904196665013304,11.93993730187799,11.858924373600624,11.88275146484375,46772100,0.0,0.0
2009-10-28 00:00:00-04:00,11.868452150869343,12.001887105770898,11.849391572646393,11.889897346496582,51051300,0.0,0.0
2009-10-29 00:00:00-04:00,11.949467390173538,12.025715162891837,11.868453109097056,12.009035110473633,43167300,0.0,0.0
2009-10-30 00:00:00-04:00,12.006651348156653,12.02094814416723,11.823180344079297,11.837475776672363,52905300,0.0,0.0
2009-11-02 00:00:00-05:00,11.868451341804777,11.997119779961738,11.839859113001852,11.980441093444824,45113100,0.0,0.0
2009-11-03 00:00:00-05:00,11.95184831597401,12.0495412781635,11.799352782849503,11.889897346496582,48612900,0.0,0.0
2009-11-04 00:00:00-05:00,11.923260473676345,12.09958315789417,11.880371430053815,12.004273414611816,43565100,0.0,0.0
2009-11-05 00:00:00-05:00,12.03524558668137,12.235396674002718,12.030480441687889,12.218716621398926,50059200,0.0,0.0
2009-11-06 00:00:00-05:00,12.159148558433778,12.216334387000297,12.080517532873175,12.211567878723145,37095900,0.0,0.0
2009-11-09 00:00:00-05:00,12.30926207714914,12.397423401238214,12.249694351909406,12.390275001525879,45853500,0.0,0.0
2009-11-10 00:00:00-05:00,12.335473367846907,12.502265738148083,12.33309011328737,12.464141845703125,50464500,0.0,0.0
2009-11-11 00:00:00-05:00,12.53085342939823,12.628546368996284,12.433160489800176,12.621397972106934,69892200,0.0,0.0
2009-11-12 00:00:00-05:00,12.716716924707478,12.804878278222192,12.654764560995327,12.685741424560547,84795300,0.0,0.0
2009-11-13 00:00:00-05:00,12.695266624871127,12.75960085452526,12.642845939461425,12.676204681396484,52907100,0.0,0.0
2009-11-16 00:00:00-05:00,12.711949777049306,12.738160128956103,12.583281272568017,12.666677474975586,46039200,0.0,0.0
2009-11-17 00:00:00-05:00,12.723860982406219,12.819170715689767,12.652379705007037,12.785813331604004,53133900,0.0,0.0
2009-11-18 00:00:00-05:00,12.819171670204332,12.962136962483822,12.773900736514502,12.902567863464355,40082700,0.0,0.0
2009-11-19 00:00:00-05:00,12.866823528078731,13.021702323013283,12.809637700268423,12.995491981506348,52104900,0.0,0.0
2009-11-20 00:00:00-05:00,12.993107513240505,13.07412178429788,12.86682232572084,12.933538436889648,45151500,0.0,0.0
2009-11-23 00:00:00-05:00,13.052673820841745,13.069352504241657,12.99072150374794,13.028846740722656,35796600,0.0,0.0
2009-11-24 00:00:00-05:00,13.04791172093444,13.086036970785718,12.993109145467853,13.069356918334961,31799700,0.0,0.0
2009-11-25 00:00:00-05:00,13.071742518153554,13.12654510345409,13.052680571516241,13.095569610595703,27189600,0.0,0.0
2009-11-27 00:00:00-05:00,12.888270151605148,13.06697605372349,12.888270151605148,13.016937255859375,22586100,0.0,0.0
2009-11-30 00:00:00-05:00,12.993113881633588,13.033621037016292,12.890655729068815,12.997879028320312,35786100,0.0,0.0
2009-12-01 00:00:00-05:00,13.069356452857466,13.124160389789884,13.014553879342726,13.04552936553955,36022800,0.0,0.0
2009-12-02 00:00:00-05:00,13.026468767633867,13.076506201533578,12.981196479006076,13.002641677856445,30120900,0.0,0.0
2009-12-03 00:00:00-05:00,13.040766674005514,13.050296965358461,12.940690434291978,12.971667289733887,34223700,0.0,0.0
2009-12-04 00:00:00-05:00,13.036000049705548,13.057443884526352,12.854910900360483,12.924010276794434,33363600,0.0,0.0
2009-12-07 00:00:00-05:00,12.900186540997892,13.100337686332361,12.900186540997892,13.088422775268555,34088100,0.0,0.0
2009-12-08 00:00:00-05:00,13.062208244504934,13.06935664348811,12.881120469462667,12.964516639709473,47524800,0.0,0.0
2009-12-09 00:00:00-05:00,12.98918152115217,12.996365967432446,12.874233121253809,12.948470115661621,38048400,0.091,0.0
2009-12-10 00:00:00-05:00,12.998759208511697,13.140051484450192,12.981996414905236,13.096944808959961,30339300,0.0,0.0
2009-12-11 00:00:00-05:00,13.128078049424694,13.171183359727827,13.084972739121561,13.08736801147461,34198800,0.0,0.0
2009-12-14 00:00:00-05:00,13.070602961840258,13.07539350622245,12.88620674162326,12.948470115661621,44623200,0.0,0.0
2009-12-15 00:00:00-05:00,12.922129809060445,12.94847095340165,12.809575303778113,12.926918983459473,45641100,0.0,0.0
2009-12-16 00:00:00-05:00,12.981995754287066,12.986786298181945,12.723361195678669,12.768861770629883,51537600,0.0,0.0
2009-12-17 00:00:00-05:00,12.71618273520136,12.740129982194848,12.538969544686775,12.634759902954102,46921200,0.0,0.0
2009-12-18 00:00:00-05:00,12.706601750633228,12.706601750633228,12.526994675456155,12.656311988830566,78155700,0.0,0.0
2009-12-21 00:00:00-05:00,12.677859450711505,12.82154422203107,12.675464179244015,12.788017272949219,40296300,0.0,0.0
2009-12-22 00:00:00-05:00,12.802390399730628,12.871839592354771,12.752100644604429,12.773653984069824,35872200,0.0,0.0
2009-12-23 00:00:00-05:00,12.799994824775089,12.83831095417686,12.752098977876436,12.768861770629883,25893000,0.0,0.0
2009-12-24 00:00:00-05:00,12.792812163822394,12.869444433316135,12.78083854300063,12.835917472839355,13419300,0.0,0.0
2009-12-28 00:00:00-05:00,12.881418400935948,12.929314255805538,12.838313090758488,12.926918983459473,22275900,0.0,0.0
2009-12-29 00:00:00-05:00,12.924530424769436,12.979610754995637,12.907767620518838,12.958057403564453,21792600,0.0,0.0
2009-12-30 00:00:00-05:00,12.914951271954799,13.015530831823225,12.905371548480137,13.003557205200195,20391000,0.0,0.0
2009-12-31 00:00:00-05:00,12.991580515711993,13.020318312098224,12.792816695312622,12.80000114440918,29294400,0.0,0.0
2010-01-04 00:00:00-05:00,12.869446957505687,13.092159363117641,12.852682788832672,12.986790657043457,62259300,0.0,0.0
2010-01-05 00:00:00-05:00,12.953258925462784,12.977206162994896,12.828730823768705,12.857468605041504,46945200,0.0,0.0
2010-01-06 00:00:00-05:00,12.811968325854725,12.890995864329732,12.79281162957437,12.82873249053955,37551600,0.0,0.0
2010-01-07 00:00:00-05:00,12.864655259046042,12.871839705597715,12.754494658782455,12.835917472839355,31988100,0.0,0.0
2010-01-08 00:00:00-05:00,12.795207505874364,12.819154750213084,12.6970218856751,12.771260261535645,34089600,0.0,0.0
2010-01-11 00:00:00-05:00,12.77125968823769,13.037078747461901,12.716180754672465,12.981998443603516,41963100,0.0,0.0
2010-01-12 00:00:00-05:00,12.931705664156166,13.111312687269447,12.898178709241977,13.106523513793945,45351000,0.0,0.0
2010-01-13 00:00:00-05:00,13.1208960839665,13.219081714612903,13.029896271738163,13.17358112335205,39872100,0.0,0.0
2010-01-14 00:00:00-05:00,13.106526575102631,13.132869090810004,12.970024821971649,12.981998443603516,41316000,0.0,0.0
2010-01-15 00:00:00-05:00,13.013131483877734,13.063421248065866,12.835919672873208,12.855077743530273,57262500,0.0,0.0
2010-01-19 00:00:00-05:00,12.91015552961102,12.993972252535421,12.811969912403995,12.93889331817627,43855500,0.0,0.0
2010-01-20 00:00:00-05:00,12.912551764310889,12.917340939330918,12.747313578626978,12.89818286895752,39925800,0.0,0.0
2010-01-21 00:00:00-05:00,12.948469221628608,12.948469221628608,12.65391379594014,12.67307186126709,48086100,0.0,0.0
2010-01-22 00:00:00-05:00,12.682655157165316,12.804788029367916,12.617996497158451,12.677865982055664,58247700,0.0,0.0
2010-01-25 00:00:00-05:00,12.72576035786884,12.744918428426313,12.639548355213556,12.663496971130371,36009900,0.0,0.0
2010-01-26 00:00:00-05:00,12.649130084190148,12.898185040984671,12.627578107824066,12.838316917419434,46752000,0.0,0.0
2010-01-27 00:00:00-05:00,12.816755049388693,12.876623133149927,12.716175572435736,12.788017272949219,39576300,0.0,0.0
2010-01-28 00:00:00-05:00,12.78323313595345,12.799997302244517,12.574888285572637,12.598836898803711,50880300,0.0,0.0
2010-01-29 00:00:00-05:00,12.855076502504136,12.96762964288855,12.788022576531128,12.795207023620605,72842400,0.0,0.0
2010-02-01 00:00:00-05:00,12.840708861651658,12.879025003006632,12.766471851636387,12.807183265686035,33058500,0.0,0.0
2010-02-02 00:00:00-05:00,12.833525189114681,12.864658254852937,12.77126179822494,12.809577941894531,34163700,0.0,0.0
2010-02-03 00:00:00-05:00,12.86704920308789,13.051446801166305,12.845495863362432,12.996366500854492,53966700,0.0,0.0
2010-02-04 00:00:00-05:00,12.902967008759179,13.003547866689091,12.68264997058764,12.68504524230957,63089700,0.0,0.0
2010-02-05 00:00:00-05:00,12.637156828905495,12.819157848275264,12.634761555775457,12.80000114440918,46637400,0.0,0.0
2010-02-08 00:00:00-05:00,12.783237211063234,12.821553360095814,12.673077940021173,12.6754732131958,31517700,0.0,0.0
2010-02-09 00:00:00-05:00,12.742516878089896,12.840701074334326,12.649120483744618,12.752095222473145,32475000,0.0,0.0
2010-02-10 00:00:00-05:00,12.756893161085157,12.811972104869769,12.682656145076324,12.749710083007812,28225200,0.0,0.0
2010-02-11 00:00:00-05:00,12.723366980919023,12.800000644860319,12.670683306756285,12.711393356323242,34738800,0.0,0.0
2010-02-12 00:00:00-05:00,12.718571300877345,12.718571300877345,12.610807364332164,12.668281555175781,51115200,0.0,0.0
2010-02-16 00:00:00-05:00,12.749705966793375,12.864654363027876,12.66828315840754,12.826336860656738,47313600,0.0,0.0
2010-02-17 00:00:00-05:00,12.857475240667236,12.991580388174638,12.847895518534685,12.946081161499023,46602600,0.0,0.0
2010-02-18 00:00:00-05:00,12.740126131207674,12.811967850472378,12.670678313742684,12.804784774780273,88372500,0.0,0.0
2010-02-19 00:00:00-05:00,12.737734829940699,12.831131286568697,12.708998407335198,12.809577941894531,45271200,0.0,0.0
2010-02-22 00:00:00-05:00,12.816763725446393,12.912554094600388,12.773658401900477,12.891000747680664,36291600,0.0,0.0
2010-02-23 00:00:00-05:00,12.87183797220343,12.950864133043575,12.799994886654574,12.840704917907715,42414000,0.0,0.0
2010-02-24 00:00:00-05:00,12.86944276176732,12.919732510804065,12.807179393464006,12.912548065185547,31872600,0.0,0.0
2010-02-25 00:00:00-05:00,12.802395970789618,12.998765902518311,12.752106193779445,12.967634201049805,40530300,0.0,0.0
2010-02-26 00:00:00-05:00,12.984392347062993,12.98918152115217,12.811968376922433,12.948470115661621,47858700,0.0,0.0
2010-03-01 00:00:00-05:00,12.941288122738728,12.962841465665548,12.821550526051816,12.90776252746582,36386100,0.0,0.0
2010-03-02 00:00:00-05:00,12.890997001420645,12.905365895191373,12.80478637938253,12.83352279663086,42245100,0.0,0.0
2010-03-03 00:00:00-05:00,12.776049063743512,12.871840778891164,12.728154576462869,12.850287437438965,34893600,0.0,0.0
2010-03-04 00:00:00-05:00,12.936499063510961,12.953263231590714,12.87184177473843,12.922131538391113,33635400,0.0,0.0
2010-03-05 00:00:00-05:00,12.924524300164075,12.972420157216577,12.811969789751936,12.965235710144043,34125300,0.0,0.0
2010-03-08 00:00:00-05:00,12.934107226278472,12.998765902518311,12.914950521030455,12.967634201049805,22670100,0.0,0.0
2010-03-09 00:00:00-05:00,12.96045005955108,13.05145125348939,12.912554189475403,12.946081161499023,37753800,0.0,0.0
2010-03-10 00:00:00-05:00,12.92512725785457,13.009416425455314,12.891411315210865,12.915494918823242,38091000,0.101,0.0
2010-03-11 00:00:00-05:00,12.91789206284893,13.002182541573227,12.89140108451065,12.99736499786377,32021700,0.0,0.0
2010-03-12 00:00:00-05:00,13.043131722043423,13.062397777168815,12.954026389340601,12.980517387390137,31433700,0.0,0.0
2010-03-15 00:00:00-04:00,13.098517802976971,13.375467447654517,13.088885466857436,13.346569061279297,73121700,0.0,0.0
2010-03-16 00:00:00-04:00,13.457348997742672,13.551270474607929,13.38991713382665,13.483839988708496,55359000,0.0,0.0
2010-03-17 00:00:00-04:00,13.49829000395195,13.517556056082624,13.404368516571196,13.4669828414917,37485600,0.0,0.0
2010-03-18 00:00:00-04:00,13.459754504132611,13.474204384089461,13.37546537507285,13.471796989440918,28416600,0.0,0.0
2010-03-19 00:00:00-04:00,13.327308654785156,13.551276411599817,13.281551593798927,13.327308654785156,51552300,0.0,0.0
2010-03-22 00:00:00-04:00,13.320076631018749,13.471797621652925,13.276728367130326,13.394733428955078,29622300,0.0,0.0
2010-03-23 00:00:00-04:00,13.3971434803912,13.48625017663249,13.392327311896647,13.459757804870605,28107900,0.0,0.0
2010-03-24 00:00:00-04:00,13.42122984926438,13.48625296042129,13.348981794865923,13.38510513305664,26096700,0.0,0.0
2010-03-25 00:00:00-04:00,13.397140615096337,13.483838519539587,13.389915674891363,13.392324447631836,29379300,0.0,0.0
2010-03-26 00:00:00-04:00,13.392328725865893,13.476617884495187,13.358612786810799,13.368245124816895,29841900,0.0,0.0
2010-03-29 00:00:00-04:00,13.365837322460283,13.426042878207886,13.348980042454322,13.423635482788086,29329500,0.0,0.0
2010-03-30 00:00:00-04:00,13.433269129206597,13.498292238162207,13.404370735235755,13.464577674865723,20823900,0.0,0.0
2010-03-31 00:00:00-04:00,13.440489626215472,13.462164448036505,13.365834203303885,13.38991641998291,29900700,0.0,0.0
2010-04-01 00:00:00-04:00,13.426041058525962,13.450124655577703,13.286362534502471,13.363428115844727,35364300,0.0,0.0
2010-04-05 00:00:00-04:00,13.41400132702507,13.421226268338929,13.298405022036668,13.363428115844727,32246400,0.0,0.0
2010-04-06 00:00:00-04:00,13.351390163507938,13.397147222027344,13.315266822684938,13.373064994812012,28701600,0.0,0.0
2010-04-07 00:00:00-04:00,13.365834841132486,13.462165090462063,13.279136927727572,13.31285285949707,38805600,0.0,0.0
2010-04-08 00:00:00-04:00,13.315266359174055,13.414005416543738,13.283959189280516,13.336939811706543,33419100,0.0,0.0
2010-04-09 00:00:00-04:00,13.336933018096788,13.336933018096788,13.156313656239465,13.262277603149414,37605300,0.0,0.0
2010-04-12 00:00:00-04:00,13.250244140625,13.269510198631494,13.1442801325807,13.250244140625,35862900,0.0,0.0
2010-04-13 00:00:00-04:00,13.223746998488197,13.295995026970223,13.163540078417086,13.177989959716797,38553300,0.0,0.0
2010-04-14 00:00:00-04:00,13.156312197803288,13.223744043455655,13.086472957816621,13.158720970153809,44060700,0.0,0.0
2010-04-15 00:00:00-04:00,13.040722006942108,13.09129660375995,12.985332619211713,13.035905838012695,52977900,0.0,0.0
2010-04-16 00:00:00-04:00,13.031094551086426,13.14669091680081,12.966071423119912,13.031094551086426,57696000,0.0,0.0
2010-04-19 00:00:00-04:00,13.004599729772977,13.120196061574045,13.004599729772977,13.09852123260498,33946800,0.0,0.0
2010-04-20 00:00:00-04:00,13.122602028613258,13.202073628468696,13.096111035989221,13.129825592041016,27276900,0.0,0.0
2010-04-21 00:00:00-04:00,13.110557653128684,13.141864806245058,13.047941968879602,13.117782592773438,34497900,0.0,0.0
2010-04-22 00:00:00-04:00,13.093702696034677,13.161134566402579,13.040720709033716,13.122602462768555,32763600,0.0,0.0
2010-04-23 00:00:00-04:00,13.117787020888082,13.151501579922696,12.985332046049246,13.132235527038574,49787400,0.0,0.0
2010-04-26 00:00:00-04:00,13.132232934501706,13.173173805554308,13.00700292646915,13.014227867126465,44253000,0.0,0.0
2010-04-27 00:00:00-04:00,12.908265286191098,13.105741944763732,12.89140663198519,13.014227867126465,57523800,0.0,0.0
2010-04-28 00:00:00-04:00,12.985334314738237,13.028682596796761,12.889004033487609,12.91067886352539,44712600,0.0,0.0
2010-04-29 00:00:00-04:00,12.92271400932536,13.059985113478527,12.896223021961603,12.93234634399414,39960000,0.0,0.0
2010-04-30 00:00:00-04:00,12.961250694535465,13.040722306756887,12.917901039123535,12.917901039123535,48838200,0.0,0.0
2010-05-03 00:00:00-04:00,12.97569013129739,12.992548778178564,12.87695253391877,12.941975593566895,36903000,0.0,0.0
2010-05-04 00:00:00-04:00,12.905860409204946,13.14187061520007,12.896228070765156,13.009415626525879,56012700,0.0,0.0
2010-05-05 00:00:00-04:00,13.03109120249825,13.233385479523728,12.96125192174452,13.190035820007324,49829700,0.0,0.0
2010-05-06 00:00:00-04:00,13.088886132394512,13.192441330036417,12.409756792837138,12.819161415100098,72202500,0.0,0.0
2010-05-07 00:00:00-04:00,12.77340735364608,12.9130859132117,12.47478280076406,12.619278907775879,86835300,0.0,0.0
2010-05-10 00:00:00-04:00,12.7782206677028,12.821570316929801,12.482004954735114,12.66262435913086,81270900,0.0,0.0
2010-05-11 00:00:00-04:00,12.607235126716198,12.708381553405367,12.563885476977944,12.633726119995117,58869900,0.0,0.0
2010-05-12 00:00:00-04:00,12.716810662761837,12.731344493307503,12.627187684434166,12.711966514587402,40830300,0.101,0.0
2010-05-13 00:00:00-04:00,12.7482999764006,12.830657427231582,12.68289912357477,12.692588806152344,37374000,0.0,0.0
2010-05-14 00:00:00-04:00,12.69500368552536,12.765250036674459,12.600536605392985,12.62475872039795,55944900,0.0,0.0
2010-05-17 00:00:00-04:00,12.695006783536828,12.818541540639174,12.605383827330071,12.772520065307617,50836200,0.0,0.0
2010-05-18 00:00:00-04:00,12.915431602465649,13.189146008158733,12.886365334138462,13.009900093078613,96683100,0.0,0.0
2010-05-19 00:00:00-04:00,12.966303559489088,13.022016122910987,12.787057576008799,12.847614288330078,61256100,0.0,0.0
2010-05-20 00:00:00-04:00,12.685323366879347,12.828236152866523,12.426142692565916,12.426142692565918,81768000,0.0,0.0
2010-05-21 00:00:00-04:00,12.288071389742331,12.443095207214355,12.234781605980759,12.443095207214355,73645800,0.0,0.0
2010-05-24 00:00:00-04:00,12.363161960030352,12.48427537094069,12.329251535556978,12.353473663330078,40673400,0.0,0.0
2010-05-25 00:00:00-04:00,12.171801651791206,12.232356954899851,12.111246348682563,12.179068565368652,72187200,0.0,0.0
2010-05-26 00:00:00-04:00,12.198453976656328,12.256587934696654,12.113675114594658,12.116096496582031,57234300,0.0,0.0
2010-05-27 00:00:00-04:00,12.237205481659652,12.28807250312377,12.188759841299017,12.280805587768555,41941200,0.0,0.0
2010-05-28 00:00:00-04:00,12.292917185143574,12.336517288229809,12.232359099374307,12.246892929077148,42058500,0.0,0.0
2010-06-01 00:00:00-04:00,12.30502638925713,12.477006800083354,12.23720416328592,12.334094047546387,48160800,0.0,0.0
2010-06-02 00:00:00-04:00,12.409186638567629,12.53272143480438,12.358318228098701,12.527875900268555,40997400,0.0,0.0
2010-06-03 00:00:00-04:00,12.530298667536467,12.615077503621393,12.469741960040816,12.527875900268555,31527300,0.0,0.0
2010-06-04 00:00:00-04:00,12.452781811775525,12.523026788457448,12.164533606124765,12.208133697509766,72125700,0.0,0.0
2010-06-07 00:00:00-04:00,12.222671301462134,12.44309597885222,12.18875949278158,12.290494918823242,58501800,0.0,0.0
2010-06-08 00:00:00-04:00,12.302604155551874,12.348627020637897,12.239624695631868,12.30018138885498,60946500,0.0,0.0
2010-06-09 00:00:00-04:00,12.34378441558988,12.440674305239716,12.254160054894259,12.351051330566406,49592700,0.0,0.0
2010-06-10 00:00:00-04:00,12.40434126315755,12.518187763828026,12.368008069807546,12.406764030456543,47551500,0.0,0.0
2010-06-11 00:00:00-04:00,12.346200163341955,12.41886789392866,12.244466172133576,12.319555282592773,42082200,0.0,0.0
2010-06-14 00:00:00-04:00,12.38011489362393,12.464893701756635,12.3268251194796,12.411603927612305,41700300,0.0,0.0
2010-06-15 00:00:00-04:00,12.401918101015564,12.510919051435957,12.36800629381167,12.508496284484863,42932400,0.0,0.0
2010-06-16 00:00:00-04:00,12.474585588386025,12.493962179478615,12.334094214786724,12.348628044128418,47702100,0.0,0.0
2010-06-17 00:00:00-04:00,12.365582950384644,12.472162514907552,12.343783592930206,12.452784538269043,38001900,0.0,0.0
2010-06-18 00:00:00-04:00,12.452780113688169,12.573892078141164,12.452780113688169,12.486690521240234,76277400,0.0,0.0
2010-06-21 00:00:00-04:00,12.525453654572512,12.566630993127912,12.283228227329683,12.358317375183105,43965600,0.0,0.0
2010-06-22 00:00:00-04:00,12.370427084820351,12.467318353931583,12.256581991949092,12.275959968566895,40974600,0.0,0.0
2010-06-23 00:00:00-04:00,12.295337325622922,12.363159547356563,12.208135742225787,12.307448387145996,47837700,0.0,0.0
2010-06-24 00:00:00-04:00,12.288070745272643,12.31229286897671,12.099135131132114,12.118513107299805,44457600,0.0,0.0
2010-06-25 00:00:00-04:00,12.099132322769035,12.159689003995409,11.820573806762695,11.820573806762695,135999600,0.0,0.0
2010-06-28 00:00:00-04:00,11.883556729038272,12.05553716421849,11.871445665043456,12.007091522216797,44091600,0.0,0.0
2010-06-29 00:00:00-04:00,11.91019796871631,11.93199870882928,11.730952058971928,11.844797134399414,61052400,0.0,0.0
2010-06-30 00:00:00-04:00,11.859329690563136,11.8617524567679,11.629215411875684,11.643749237060547,55166400,0.0,0.0
2010-07-01 00:00:00-04:00,11.651020194130405,11.726110726304173,11.571086206898563,11.70915412902832,54343200,0.0,0.0
2010-07-02 00:00:00-04:00,11.733375321320636,11.733375321320636,11.588039819802589,11.626795768737793,40743900,0.0,0.0
2010-07-06 00:00:00-04:00,11.951377761524771,11.975599884266993,11.689774400637955,11.764864921569824,54676800,0.0,0.0
2010-07-07 00:00:00-04:00,11.786664247873622,11.861754768615928,11.665552248446128,11.84964370727539,48528600,0.0,0.0
2010-07-08 00:00:00-04:00,11.946534257059511,11.946534257059511,11.818153950368519,11.912622451782227,37950000,0.0,0.0
2010-07-09 00:00:00-04:00,11.929574013066677,12.002240354538024,11.905350513221276,11.973174095153809,34821600,0.0,0.0
2010-07-12 00:00:00-04:00,12.05795571502973,12.191180159745677,12.033733592725778,12.140313148498535,40322700,0.0,0.0
2010-07-13 00:00:00-04:00,12.196027295629792,12.278384749280233,12.135471975030873,12.242050170898438,39659400,0.0,0.0
2010-07-14 00:00:00-04:00,12.12335713827862,12.198447661470343,12.120935757544803,12.196024894714355,32124900,0.0,0.0
2010-07-15 00:00:00-04:00,12.193604634187658,12.217826759884094,12.089447830466222,12.210559844970703,36766800,0.0,0.0
2010-07-16 00:00:00-04:00,12.147582725629576,12.191182832539996,11.99498027240949,12.031314849853516,47766600,0.0,0.0
2010-07-19 00:00:00-04:00,12.043424540451507,12.065223898409918,11.890822104631381,11.994978904724121,35688000,0.0,0.0
2010-07-20 00:00:00-04:00,11.93199640403764,12.360734507956657,11.93199640403764,12.324399948120117,48851700,0.0,0.0
2010-07-21 00:00:00-04:00,12.353471469321423,12.353471469321423,12.1378909667702,12.196024894714355,36933300,0.0,0.0
2010-07-22 00:00:00-04:00,12.244466172133576,12.375267809985308,12.234776494578565,12.319555282592773,35952600,0.0,0.0
2010-07-23 00:00:00-04:00,12.331668982948287,12.54967222143094,12.329247602556842,12.51576042175293,39139200,0.0,0.0
2010-07-26 00:00:00-04:00,12.515760891682643,12.515760891682643,12.331669445965911,12.38495922088623,42336300,0.0,0.0
2010-07-27 00:00:00-04:00,12.305026990654738,12.42614039141631,12.271116569022908,12.34378433227539,36885600,0.0,0.0
2010-07-28 00:00:00-04:00,12.305024558505751,12.447937289780048,12.305024558505751,12.38495922088623,27985500,0.0,0.0
2010-07-29 00:00:00-04:00,12.409189257043966,12.542412378418996,12.305031032882123,12.368010520935059,28891500,0.0,0.0
2010-07-30 00:00:00-04:00,12.25900513651454,12.414027568211365,12.232358858569029,12.399495124816895,40654200,0.0,0.0
2010-08-02 00:00:00-04:00,12.48669495786977,12.523029530330861,12.341360826092062,12.452784538269043,41583000,0.0,0.0
2010-08-03 00:00:00-04:00,12.414026864036048,12.510918130636659,12.360738469234548,12.42371654510498,32005800,0.0,0.0
2010-08-04 00:00:00-04:00,12.363160679174731,12.52545279930339,12.355893764391189,12.498807907104492,24206700,0.0,0.0
2010-08-05 00:00:00-04:00,12.50849099641794,12.51575790817679,12.406757003837422,12.503646850585938,22317000,0.0,0.0
2010-08-06 00:00:00-04:00,12.455207343317062,12.544830322265625,12.380118195014854,12.544830322265625,24810900,0.0,0.0
2010-08-09 00:00:00-04:00,12.5545173807094,12.678052143338915,12.547250466905066,12.610228538513184,24796200,0.0,0.0
2010-08-10 00:00:00-04:00,12.57389439615677,12.711962975860665,12.520604623005584,12.648984909057617,26537400,0.0,0.0
2010-08-11 00:00:00-04:00,12.576627513657908,12.576627513657908,12.420698923930741,12.43044376373291,33918900,0.101,0.0
2010-08-12 00:00:00-04:00,12.318364472626962,12.371965250947872,12.18436392093565,12.286691665649414,38390700,0.0,0.0
2010-08-13 00:00:00-04:00,12.262329498117692,12.362221741696152,12.181929716120939,12.279383659362793,30285900,0.0,0.0
2010-08-16 00:00:00-04:00,12.22335089264268,12.320806258135674,12.196550492868168,12.281824111938477,28946100,0.0,0.0
2010-08-17 00:00:00-04:00,12.374407449591544,12.576627513657908,12.342734629067158,12.43044376373291,48946500,0.0,0.0
2010-08-18 00:00:00-04:00,12.425565361437886,12.503529618764915,12.332982457334317,12.39145565032959,47235000,0.0,0.0
2010-08-19 00:00:00-04:00,12.352476054871117,12.415823072523493,12.181930252576436,12.196547508239746,46902300,0.0,0.0
2010-08-20 00:00:00-04:00,12.223347203177074,12.296439053762832,12.189237487022242,12.235528945922852,35105100,0.0,0.0
2010-08-23 00:00:00-04:00,12.320808026053127,12.547393003184679,12.27695345381645,12.45968246459961,43973400,0.0,0.0
2010-08-24 00:00:00-04:00,12.345171759019024,12.600992657841205,12.328117590075577,12.498664855957031,50102400,0.0,0.0
2010-08-25 00:00:00-04:00,12.486473706462135,12.618038735439274,12.447492973032412,12.559565544128418,44527200,0.0,0.0
2010-08-26 00:00:00-04:00,12.576625086841402,12.576625086841402,12.36466022387413,12.418259620666504,35696100,0.0,0.0
2010-08-27 00:00:00-04:00,12.430443861589833,12.486480176172336,12.357353380163499,12.42557144165039,35805000,0.0,0.0
2010-08-30 00:00:00-04:00,12.430437940815684,12.486474228707399,12.311054647437926,12.31592845916748,25507500,0.0,0.0
2010-08-31 00:00:00-04:00,12.306184721615576,12.449931526303802,12.211166285313228,12.216038703918457,76078200,0.0,0.0
2010-09-01 00:00:00-04:00,12.301315284380417,12.530335743666361,12.294005957645473,12.474299430847168,40294500,0.0,0.0
2010-09-02 00:00:00-04:00,12.454804929533088,12.62291521583155,12.454804929533088,12.610732078552246,33618300,0.0,0.0
2010-09-03 00:00:00-04:00,12.635096710064142,12.691133006355892,12.559567952153998,12.678951263427734,28839300,0.0,0.0
2010-09-07 00:00:00-04:00,12.686262342354446,12.805645670137368,12.630226038313593,12.635098457336426,31751400,0.0,0.0
2010-09-08 00:00:00-04:00,12.64240623942188,12.664334213514419,12.552258830893317,12.627787590026855,26880000,0.0,0.0
2010-09-09 00:00:00-04:00,12.683824971881467,12.693571203681978,12.63022557636806,12.647279739379883,21869100,0.0,0.0
2010-09-10 00:00:00-04:00,12.644844960332117,12.686264012758128,12.600990395129658,12.661900520324707,24481200,0.0,0.0
2010-09-13 00:00:00-04:00,12.730122249893647,12.783721664015507,12.671647627012085,12.720376014709473,23604000,0.0,0.0
2010-09-14 00:00:00-04:00,12.708193451209773,12.92015836911304,12.705756544042098,12.830012321472168,33604200,0.0,0.0
2010-09-15 00:00:00-04:00,12.783714771781401,12.937207785867525,12.769096123942534,12.878734588623047,30594300,0.0,0.0
2010-09-16 00:00:00-04:00,12.830006157848825,12.981062265108326,12.803205768326093,12.949389457702637,32228100,0.0,0.0
2010-09-17 00:00:00-04:00,12.954264388297583,12.993246527144482,12.883609435901484,12.915282249450684,62399400,0.0,0.0
2010-09-20 00:00:00-04:00,12.937209572528099,13.07608256384307,12.934772666181415,13.04440975189209,27780300,0.0,0.0
2010-09-21 00:00:00-04:00,13.039539827035243,13.14674142101201,12.990811449560862,13.051721572875977,28275300,0.0,0.0
2010-09-22 00:00:00-04:00,13.039540876426736,13.156487318843084,13.022486709699521,13.112632751464844,29730000,0.0,0.0
2010-09-23 00:00:00-04:00,13.090701930713555,13.13699339505778,13.041973559889172,13.071210861206055,21873600,0.0,0.0
2010-09-24 00:00:00-04:00,13.144300131091041,13.251500295209311,13.117499741533727,13.175972938537598,29305200,0.0,0.0
2010-09-27 00:00:00-04:00,13.134556060989494,13.158919548552918,13.027355879243704,13.029792785644531,25986600,0.0,0.0
2010-09-28 00:00:00-04:00,13.041976389324018,13.154051805945802,12.92502994690767,13.112632751464844,33441900,0.0,0.0
2010-09-29 00:00:00-04:00,13.107754525497967,13.110191431686568,12.939644245372781,12.998117446899414,29592300,0.0,0.0
2010-09-30 00:00:00-04:00,13.04197484976798,13.154050253159685,12.946956399313105,13.039539337158203,32703000,0.0,0.0
2010-10-01 00:00:00-04:00,13.059026327133973,13.063898744942103,12.961571000416544,13.000553131103516,24688200,0.0,0.0
2010-10-04 00:00:00-04:00,12.995685263186315,13.083394390884171,12.946956885711936,13.051721572875977,21427500,0.0,0.0
2010-10-05 00:00:00-04:00,13.141864047839286,13.2173914092394,13.11506365660413,13.156482696533203,30648000,0.0,0.0
2010-10-06 00:00:00-04:00,13.136987808165776,13.309970453687157,13.132115391388854,13.292916297912598,31241400,0.0,0.0
2010-10-07 00:00:00-04:00,13.317295997871815,13.356278167793187,13.166239740898408,13.244205474853516,23309400,0.0,0.0
2010-10-08 00:00:00-04:00,13.241759521564893,13.300232736506413,13.161358328228523,13.256378173828125,26380800,0.0,0.0
2010-10-11 00:00:00-04:00,13.283178182970207,13.336780376696634,13.26125159702703,13.305106163024902,21111900,0.0,0.0
2010-10-12 00:00:00-04:00,13.266120606507311,13.266120606507311,13.095574806110156,13.136992454528809,45104400,0.0,0.0
2010-10-13 00:00:00-04:00,13.200341886221324,13.283178601071679,13.090704770719944,13.112632751464844,40840800,0.0,0.0
2010-10-14 00:00:00-04:00,13.124814871790848,13.124814871790848,12.895794400346832,12.973758697509766,46640700,0.0,0.0
2010-10-15 00:00:00-04:00,13.000554353088017,13.054155136348538,12.917716272008635,12.998117446899414,37677000,0.0,0.0
2010-10-18 00:00:00-04:00,12.973756221367818,13.132121692546598,12.973756221367818,13.09801197052002,27689700,0.0,0.0
2010-10-19 00:00:00-04:00,13.022485559833349,13.098012941099782,12.944519877661811,12.990811347961426,30675000,0.0,0.0
2010-10-20 00:00:00-04:00,12.983503047705984,13.117505049718364,12.97375820798411,13.027359008789062,29226900,0.0,0.0
2010-10-21 00:00:00-04:00,13.080958763732326,13.23932285238771,13.05659387815259,13.163795471191406,28806600,0.0,0.0
2010-10-22 00:00:00-04:00,13.146742844182098,13.18085117858389,13.12237795575162,13.171106338500977,17386500,0.0,0.0
2010-10-25 00:00:00-04:00,13.200336753224855,13.253937533684056,13.13211871873125,13.14430046081543,23889300,0.0,0.0
2010-10-26 00:00:00-04:00,13.117496746947424,13.334335325793099,13.11505984150363,13.292916297912598,30880800,0.0,0.0
2010-10-27 00:00:00-04:00,13.21495431073435,13.309972727615644,13.046844053269268,13.124808311462402,39060900,0.0,0.0
2010-10-28 00:00:00-04:00,13.202773328094912,13.21251955798438,13.056589638529744,13.175972938537598,24550800,0.0,0.0
2010-10-29 00:00:00-04:00,13.16623513333862,13.300237166869188,13.061471808185464,13.197909355163574,24098700,0.0,0.0
2010-11-01 00:00:00-04:00,13.168667116977787,13.278305610366532,13.161357791144447,13.232012748718262,24622500,0.0,0.0
2010-11-02 00:00:00-04:00,13.290478161482504,13.397679685309594,13.275860912505614,13.34895133972168,26547600,0.0,0.0
2010-11-03 00:00:00-04:00,13.344089846908728,13.387945812071639,13.210089226542086,13.378199577331543,27567600,0.0,0.0
2010-11-04 00:00:00-04:00,13.40011872089055,13.521938919845981,13.38793837392809,13.487829208374023,39740400,0.0,0.0
2010-11-05 00:00:00-04:00,13.509762663267614,13.575545207057925,13.375760668838659,13.4488525390625,30784200,0.0,0.0
2010-11-08 00:00:00-05:00,13.378199577331543,13.41961863528151,13.280744200488982,13.378199577331543,29823300,0.0,0.0
2010-11-09 00:00:00-05:00,13.419614203348052,13.451287016097728,13.358704090145618,13.412304878234863,30141300,0.0,0.0
2010-11-10 00:00:00-05:00,13.34164850319353,13.34164850319353,13.178412021111034,13.280739784240723,33710700,0.0,0.0
2010-11-11 00:00:00-05:00,13.283176268355952,13.283176268355952,13.146740170275239,13.2393217086792,37698300,0.0,0.0
2010-11-12 00:00:00-05:00,13.18084870952953,13.239321921408518,13.122375497650541,13.18815803527832,32033400,0.0,0.0
2010-11-15 00:00:00-05:00,13.19790124127463,13.241755791599877,13.12480939465854,13.14430046081543,34378500,0.0,0.0
2010-11-16 00:00:00-05:00,13.295360240190194,13.485398536178346,13.214959047319057,13.219831466674805,70665600,0.0,0.0
2010-11-17 00:00:00-05:00,13.241754143990557,13.263682113480295,13.04927901832066,13.100442886352539,43514100,0.0,0.0
2010-11-18 00:00:00-05:00,13.19059633451621,13.314852097141474,13.13212311646382,13.15161418914795,34761900,0.0,0.0
2010-11-19 00:00:00-05:00,13.180843294620763,13.266116867843076,13.14429807500153,13.251498222351074,30922500,0.0,0.0
2010-11-22 00:00:00-05:00,13.205212748941584,13.302668095841101,13.136993309056296,13.249067306518555,28505400,0.0,0.0
2010-11-23 00:00:00-05:00,13.20521177457545,13.219829029948384,13.049281836930492,13.076082229614258,41554200,0.0,0.0
2010-11-24 00:00:00-05:00,13.093142942417709,13.200343161264898,13.093142942417709,13.158924102783203,30937200,0.0,0.0
2010-11-26 00:00:00-05:00,13.080958856291469,13.139432072696,13.05172155103348,13.093140602111816,12465000,0.0,0.0
2010-11-29 00:00:00-05:00,13.071209530863536,13.136992058020144,13.017608746645394,13.119937896728516,32362800,0.0,0.0
2010-11-30 00:00:00-05:00,13.098012200803767,13.261250093967371,13.059030058976978,13.178413391113281,52670700,0.0,0.0
2010-12-01 00:00:00-05:00,13.258811697969502,13.363576366624867,13.251502372934105,13.327031135559082,53648700,0.0,0.0
2010-12-02 00:00:00-05:00,13.329472345521486,13.375762428838978,13.249071138284817,13.339217185974121,47324700,0.0,0.0
2010-12-03 00:00:00-05:00,13.3099783136747,13.34165113259455,13.232014022760767,13.30754280090332,30290700,0.0,0.0
2010-12-06 00:00:00-05:00,13.37088205888285,13.38550070498186,13.270991230131543,13.275863647460938,25898700,0.0,0.0
2010-12-07 00:00:00-05:00,13.288048004064093,13.482958676723227,13.288048004064093,13.422048568725586,47679900,0.0,0.0
2010-12-08 00:00:00-05:00,13.439934468339546,13.461983716864967,13.339489760818912,13.349289894104004,37439100,0.101,0.0
2010-12-09 00:00:00-05:00,13.405636925382158,13.417886041372483,13.307642595638086,13.312541961669922,32198400,0.0,0.0
2010-12-10 00:00:00-05:00,13.305187004467275,13.327236245713342,13.263540306763709,13.297837257385254,36149700,0.0,0.0
2010-12-13 00:00:00-05:00,13.305191284472588,13.327240532811443,13.229246209896596,13.280693054199219,33975600,0.0,0.0
2010-12-14 00:00:00-05:00,13.253745674737722,13.37133887318918,13.234146808329147,13.33949089050293,32238600,0.0,0.0
2010-12-15 00:00:00-05:00,13.285594940185547,13.312542154662035,13.23904605583314,13.285594940185547,31650600,0.0,0.0
2010-12-16 00:00:00-05:00,13.251294653337109,13.383585929870605,13.22924540633755,13.383585929870605,37005900,0.0,0.0
2010-12-17 00:00:00-05:00,13.39583631809864,13.412984797720267,13.32234023062359,13.329689979553223,64686600,0.0,0.0
2010-12-20 00:00:00-05:00,13.366441822691392,13.366441822691392,13.13370576945261,13.17290210723877,40846800,0.0,0.0
2010-12-21 00:00:00-05:00,13.17044989634085,13.194948127135405,13.141050897930267,13.143501281738281,24875700,0.0,0.0
2010-12-22 00:00:00-05:00,13.128798863584208,13.143498359521336,13.023454812403275,13.060203552246094,34376400,0.0,0.0
2010-12-23 00:00:00-05:00,13.025907267209972,13.153300582556284,13.018557518072559,13.131251335144043,27185100,0.0,0.0
2010-12-27 00:00:00-05:00,13.121450030079194,13.16309813752991,13.040605600432938,13.123900413513184,17628600,0.0,0.0
2010-12-28 00:00:00-05:00,13.138597811053309,13.212093882296003,13.109198821827846,13.165546417236328,20367300,0.0,0.0
2010-12-29 00:00:00-05:00,13.12390121853355,13.292941238496953,13.12390121853355,13.248844146728516,22886100,0.0,0.0
2010-12-30 00:00:00-05:00,13.229243772393579,13.275791242429378,13.190046050449864,13.246392250061035,18911400,0.0,0.0
2010-12-31 00:00:00-05:00,13.221894944551801,13.290490261817013,13.177797854751223,13.212096214294434,21281700,0.0,0.0
2011-01-03 00:00:00-05:00,13.285593473837762,13.425234504196668,13.265993207946641,13.366437911987305,42894900,0.0,0.0
2011-01-04 00:00:00-05:00,13.378688049199415,13.444834395717503,13.297842203050319,13.417885780334473,36463200,0.0,0.0
2011-01-05 00:00:00-05:00,13.412984797720267,13.491380250541315,13.307640732764325,13.329689979553223,42646800,0.0,0.0
2011-01-06 00:00:00-05:00,13.305193819240058,13.322343705155731,13.175351491869344,13.219449996948242,46756500,0.0,0.0
2011-01-07 00:00:00-05:00,13.202296671375782,13.265992626354777,13.170448693886284,13.248844146728516,23905800,0.0,0.0
2011-01-10 00:00:00-05:00,13.143500425217702,13.256194242078708,13.11655181237129,13.16309928894043,31437900,0.0,0.0
2011-01-11 00:00:00-05:00,13.217001928959386,13.356643014049268,13.16310468118763,13.300296783447266,36070200,0.0,0.0
2011-01-12 00:00:00-05:00,13.356643634171371,13.552633762606451,13.312546521138904,13.43748950958252,40659900,0.0,0.0
2011-01-13 00:00:00-05:00,13.400737910340695,13.562428208198018,13.398287526349863,13.422785758972168,38596800,0.0,0.0
2011-01-14 00:00:00-05:00,13.40808782458218,13.4717837909083,13.332141339973482,13.42768669128418,27856800,0.0,0.0
2011-01-18 00:00:00-05:00,13.501179409159011,13.57222510792561,13.412983830186606,13.508527755737305,31602600,0.0,0.0
2011-01-19 00:00:00-05:00,13.484034933339185,13.510983554331142,13.403190472185047,13.481584548950195,29685000,0.0,0.0
2011-01-20 00:00:00-05:00,13.503634439548057,13.785368379228332,13.503634439548057,13.71677303314209,58837500,0.0,0.0
2011-01-21 00:00:00-05:00,13.755964120096504,13.778013364505714,13.567323855511438,13.653070449829102,38876400,0.0,0.0
2011-01-24 00:00:00-05:00,13.569776961035418,13.731467247009277,13.547727712202953,13.731467247009277,33222600,0.0,0.0
2011-01-25 00:00:00-05:00,13.748620021974068,14.035253307980524,13.6702245453972,14.02790355682373,61443300,0.0,0.0
2011-01-26 00:00:00-05:00,14.05975102324545,14.147946632038906,13.964207065389049,14.0426025390625,39633600,0.0,0.0
2011-01-27 00:00:00-05:00,14.076896032671858,14.157740460752606,13.96910159280265,14.10384464263916,30519600,0.0,0.0
2011-01-28 00:00:00-05:00,14.133243119061076,14.184689958830253,13.841709157940748,13.890707015991211,43794600,0.0,0.0
2011-01-31 00:00:00-05:00,13.829462179608356,13.856409390871715,13.645722655355588,13.736367225646973,47065500,0.0,0.0
2011-02-01 00:00:00-05:00,13.809864220414749,13.861311066284463,13.697170395174634,13.800064086914062,38554800,0.0,0.0
2011-02-02 00:00:00-05:00,13.758414998830565,13.763315766144713,13.63347206692477,13.684920310974121,42115800,0.0,0.0
2011-02-03 00:00:00-05:00,13.699620246887207,13.729019247434211,13.569777932054778,13.699620246887207,33850800,0.0,0.0
2011-02-04 00:00:00-05:00,13.729019559762044,13.743719060369951,13.638374975715838,13.726569175720215,21318000,0.0,0.0
2011-02-07 00:00:00-05:00,13.736367225646973,13.778015337108993,13.67757063395894,13.736367225646973,20162100,0.0,0.0
2011-02-08 00:00:00-05:00,13.743717753223647,13.834362328648773,13.706969005199003,13.812313079833984,26458200,0.0,0.0
2011-02-09 00:00:00-05:00,13.782916569807975,13.89806079864502,13.743720234540776,13.89806079864502,25743900,0.0,0.0
2011-02-10 00:00:00-05:00,13.755967428361298,13.758416410448325,13.547728252605364,13.618775367736816,47286000,0.0,0.0
2011-02-11 00:00:00-05:00,13.604076573610683,13.689821791176515,13.5501793393999,13.643274307250977,28747500,0.0,0.0
2011-02-14 00:00:00-05:00,13.537930539270407,13.550179656091592,13.39338871786594,13.425236701965332,48821700,0.0,0.0
2011-02-15 00:00:00-05:00,13.420335567562681,13.486481911139988,13.354189223985372,13.461983680725098,33992100,0.0,0.0
2011-02-16 00:00:00-05:00,13.449733130731795,13.523229223617712,13.334590326606914,13.363987922668457,46191300,0.0,0.0
2011-02-17 00:00:00-05:00,13.356641038629538,13.449736016135493,13.314994318456003,13.412988662719727,25617000,0.0,0.0
2011-02-18 00:00:00-05:00,13.395833762059533,13.613870197476569,13.35173667871711,13.567322731018066,59923800,0.0,0.0
2011-02-22 00:00:00-05:00,13.18270058234186,13.231697049768469,12.972012408035681,13.148402214050293,86089800,0.0,0.0
2011-02-23 00:00:00-05:00,13.096955569531023,13.131253938364702,12.9597634960179,12.99161148071289,60355800,0.0,0.0
2011-02-24 00:00:00-05:00,13.016105307240739,13.025905438655336,12.709873279217181,12.761320114135742,70616100,0.0,0.0
2011-02-25 00:00:00-05:00,12.761321014043684,12.780919876433842,12.62167859383086,12.67802619934082,60968400,0.0,0.0
2011-02-28 00:00:00-05:00,12.678032136473977,12.844623245715677,12.660883649534894,12.734379768371582,53704500,0.0,0.0
2011-03-01 00:00:00-05:00,12.778474155367666,12.88626722510773,12.72702730369382,12.756424903869629,52932000,0.0,0.0
2011-03-02 00:00:00-05:00,12.805421620811343,12.829921256893462,12.670679930556888,12.731926918029785,33432600,0.0,0.0
2011-03-03 00:00:00-05:00,12.785824426422334,12.805421892789708,12.665780833081588,12.74172592163086,37542000,0.0,0.0
2011-03-04 00:00:00-05:00,12.837270757540857,12.859320009038893,12.673130067913002,12.756424903869629,47178000,0.0,0.0
2011-03-07 00:00:00-05:00,12.802966765249694,12.810316512520549,12.67802386528707,12.744170188903809,39093600,0.0,0.0
2011-03-08 00:00:00-05:00,12.763771112753666,12.871564152583959,12.741721867373723,12.847065925598145,35746500,0.0,0.0
2011-03-09 00:00:00-05:00,12.895174791124546,13.035796003355197,12.882841231607816,12.993857383728027,34149000,0.121667,0.0
2011-03-10 00:00:00-05:00,12.914913241235295,13.292367899562052,12.892709444773171,12.988923072814941,54933900,0.0,0.0
2011-03-11 00:00:00-05:00,12.986455110281549,13.062932490216648,12.863102584929198,12.974120140075684,43617900,0.0,0.0
2011-03-14 00:00:00-04:00,12.914909159571598,12.956847768549594,12.843364086353963,12.90750789642334,30649200,0.0,0.0
2011-03-15 00:00:00-04:00,12.771821998861968,12.914910751285786,12.675608389369845,12.843365669250488,41569800,0.0,0.0
2011-03-16 00:00:00-04:00,12.710145985704196,12.796493597533278,12.574459906358795,12.67560863494873,49214400,0.0,0.0
2011-03-17 00:00:00-04:00,12.764421839268696,12.796493041660934,12.59172803475906,12.673140525817871,32648100,0.0,0.0
2011-03-18 00:00:00-04:00,12.737284404150781,12.80142822800266,12.643536932991573,12.7101469039917,35415600,0.0,0.0
2011-03-21 00:00:00-04:00,12.761959373391665,12.828567951619096,12.749624399214461,12.808833122253418,26150100,0.0,0.0
2011-03-22 00:00:00-04:00,12.821162884330967,12.863101497154975,12.77675530136898,12.82856273651123,25284000,0.0,0.0
2011-03-23 00:00:00-04:00,12.791559256720507,12.798960521373578,12.675609404331803,12.739751815795898,40587000,0.0,0.0
2011-03-24 00:00:00-04:00,12.786625204994099,13.062932490216648,12.77182267608832,12.974120140075684,45207900,0.0,0.0
2011-03-25 00:00:00-04:00,12.96672349649888,12.993861005281358,12.897645944753048,12.914916038513184,22837800,0.0,0.0
2011-03-28 00:00:00-04:00,12.905042335714292,12.951916068477724,12.831031104422197,12.875438690185547,25064100,0.0,0.0
2011-03-29 00:00:00-04:00,12.840903233978807,12.922314338881858,12.83843567469649,12.89271068572998,26129100,0.0,0.0
2011-03-30 00:00:00-04:00,12.959320369892207,13.011127820444118,12.848304202759948,12.917380332946777,25660200,0.0,0.0
2011-03-31 00:00:00-04:00,12.865574183999048,12.907514225187532,12.801431754126199,12.840904235839844,32699100,0.0,0.0
2011-04-01 00:00:00-04:00,12.890240813691504,12.917376899720578,12.808828320663942,12.860635757446289,23879700,0.0,0.0
2011-04-04 00:00:00-04:00,12.905044416703113,13.03333066573919,12.843368145406357,12.988923072814941,27660300,0.0,0.0
2011-04-05 00:00:00-04:00,13.001260058581659,13.122143636082372,12.993858792751475,13.011127471923828,26605200,0.0,0.0
2011-04-06 00:00:00-04:00,12.993858946784606,13.127078910012933,12.993858946784606,13.07033634185791,25095300,0.0,0.0
2011-04-07 00:00:00-04:00,13.038262423516361,13.134477448825129,13.013591071696744,13.075268745422363,36501300,0.0,0.0
2011-04-08 00:00:00-04:00,13.077737553511746,13.11227632376969,12.895176288803826,12.961786270141602,29199900,0.0,0.0
2011-04-11 00:00:00-04:00,12.96178147855032,13.05552892960314,12.927244132706948,13.030858993530273,22400100,0.0,0.0
2011-04-12 00:00:00-04:00,12.998792413007536,13.260298627896175,12.99385870636925,13.203556060791016,40248900,0.0,0.0
2011-04-13 00:00:00-04:00,13.252895704355588,13.312104411550122,13.19861929153527,13.230691909790039,25788900,0.0,0.0
2011-04-14 00:00:00-04:00,13.193688501267108,13.257830921795145,13.129544669091977,13.198620796203613,22244400,0.0,0.0
2011-04-15 00:00:00-04:00,13.210955619812012,13.245494385112066,13.149279354036693,13.210955619812012,26143800,0.0,0.0
2011-04-18 00:00:00-04:00,13.095003241246943,13.235624437684615,13.053064626329844,13.151745796203613,28522200,0.0,0.0
2011-04-19 00:00:00-04:00,13.139410623398236,13.191219477538521,13.099939563464813,13.161614418029785,18443400,0.0,0.0
2011-04-20 00:00:00-04:00,13.260297372690069,13.309637257696677,13.23315845963067,13.245494842529297,22202400,0.0,0.0
2011-04-21 00:00:00-04:00,13.27756387814365,13.304701375116869,13.178882712625914,13.218355178833008,17559900,0.0,0.0
2011-04-25 00:00:00-04:00,13.22328412729025,13.238086649704579,13.132004258478952,13.166543006896973,17441400,0.0,0.0
2011-04-26 00:00:00-04:00,13.171484561880062,13.378715764270456,13.144347058492805,13.299769401550293,35973600,0.0,0.0
2011-04-27 00:00:00-04:00,13.29237053326237,13.472464264746113,13.29237053326237,13.425590515136719,29148300,0.0,0.0
2011-04-28 00:00:00-04:00,13.39352058897473,13.519339316009182,13.39105302920343,13.492201805114746,29473800,0.0,0.0
2011-04-29 00:00:00-04:00,13.423124251046401,13.608151688348476,13.403388009889477,13.563745498657227,29445600,0.0,0.0
2011-05-02 00:00:00-04:00,13.588406761072678,13.588406761072678,13.487258060432994,13.578537940979004,24530100,0.0,0.0
2011-05-03 00:00:00-04:00,13.58841194955139,13.758636809258277,13.558806889612649,13.682159423828125,33367800,0.0,0.0
2011-05-04 00:00:00-04:00,13.645152495404556,13.76356990662822,13.618014995543273,13.659955024719238,24491400,0.0,0.0
2011-05-05 00:00:00-04:00,13.605678501365364,13.71669463549955,13.541536097047254,13.585942268371582,33390300,0.0,0.0
2011-05-06 00:00:00-04:00,13.642685472213929,13.704361739015091,13.534136880154339,13.573609352111816,24127800,0.0,0.0
2011-05-09 00:00:00-04:00,13.561270629255729,13.657484223666275,13.49466067479975,13.593341827392578,19639500,0.0,0.0
2011-05-10 00:00:00-04:00,13.605682028091508,13.716698191002171,13.59334705572889,13.699429512023926,26265300,0.0,0.0
2011-05-11 00:00:00-04:00,13.685771190996121,13.809938477865021,13.668386832982891,13.70067024230957,28266600,0.121667,0.0
2011-05-12 00:00:00-04:00,13.718058323816726,13.864576358906076,13.636107124906115,13.837259292602539,26850000,0.0,0.0
2011-05-13 00:00:00-04:00,13.849675882560941,13.914242718739683,13.742891503733528,13.837259292602539,26857500,0.0,0.0
2011-05-16 00:00:00-04:00,13.809939280407669,14.023507992504712,13.77765586920489,13.921689987182617,42520500,0.0,0.0
2011-05-17 00:00:00-04:00,13.797516902929802,13.97880070676046,13.718049640706298,13.792549133300781,43771500,0.0,0.0
2011-05-18 00:00:00-04:00,13.782621857385628,13.792554558577208,13.646037979583985,13.703154563903809,34248300,0.0,0.0
2011-05-19 00:00:00-04:00,13.715569346417961,13.807453214794336,13.668385469497398,13.777653694152832,23075400,0.0,0.0
2011-05-20 00:00:00-04:00,13.795034599034992,13.829801885488811,13.70315074418246,13.730467796325684,26396700,0.0,0.0
2011-05-23 00:00:00-04:00,13.65597193238996,13.782623120608017,13.65597193238996,13.713089942932129,22018200,0.0,0.0
2011-05-24 00:00:00-04:00,13.718055393378544,13.735438331409451,13.561603267151048,13.60382080078125,36721800,0.0,0.0
2011-05-25 00:00:00-04:00,13.566568689710294,13.583953047539172,13.45978576198701,13.549185752868652,30593400,0.0,0.0
2011-05-26 00:00:00-04:00,13.541730492095871,13.583948007172793,13.457296882928736,13.564081192016602,17315100,0.0,0.0
2011-05-27 00:00:00-04:00,13.596371399164687,13.6808050506229,13.564087985989117,13.583954811096191,15946500,0.0,0.0
2011-05-31 00:00:00-04:00,13.628654870128475,13.713089942932129,13.61127193095636,13.713089942932129,26703300,0.0,0.0
2011-06-01 00:00:00-04:00,13.653487845181523,13.700670306041129,13.47220113299182,13.484619140625,33544800,0.0,0.0
2011-06-02 00:00:00-04:00,13.462265537145337,13.462265537145337,13.199030546488379,13.298364639282227,44354700,0.0,0.0
2011-06-03 00:00:00-04:00,13.199027706692126,13.372862686927165,13.171710659427765,13.325678825378418,39862200,0.0,0.0
2011-06-06 00:00:00-04:00,13.375347579043837,13.457298735716094,13.28594618803893,13.35051441192627,33726900,0.0,0.0
2011-06-07 00:00:00-04:00,13.395216952149326,13.484618360208062,13.352999423206704,13.367899894714355,29724900,0.0,0.0
2011-06-08 00:00:00-04:00,13.313266876312888,13.390250275580616,13.268565462879556,13.333133697509766,34981800,0.0,0.0
2011-06-09 00:00:00-04:00,13.343062402288261,13.467231063329164,13.31326288990941,13.31574535369873,34022400,0.0,0.0
2011-06-10 00:00:00-04:00,13.328163990171937,13.370381511952175,13.084795821113165,13.092246055603027,43756200,0.0,0.0
2011-06-13 00:00:00-04:00,13.139431330197668,13.223864961789959,13.05748016304254,13.067414283752441,37635300,0.0,0.0
2011-06-14 00:00:00-04:00,13.127017273240378,13.226349973547817,13.10466656307879,13.139433860778809,26392200,0.0,0.0
2011-06-15 00:00:00-04:00,13.07237860822465,13.07237860822465,12.861292430468259,12.992911338806152,45972000,0.0,0.0
2011-06-16 00:00:00-04:00,13.027683033679295,13.154334214803832,12.963114789683315,13.119566917419434,35231100,0.0,0.0
2011-06-17 00:00:00-04:00,13.176679234051031,13.233795801898921,13.11707878112793,13.11707878112793,61692900,0.0,0.0
2011-06-20 00:00:00-04:00,13.08728588862693,13.285952744595553,13.08728588862693,13.171719551086426,45594300,0.0,0.0
2011-06-21 00:00:00-04:00,13.186621272216442,13.233803749084473,13.099702294229946,13.233803749084473,32673000,0.0,0.0
2011-06-22 00:00:00-04:00,13.186614429821551,13.233796882207104,13.119563737186184,13.164263725280762,31747500,0.0,0.0
2011-06-23 00:00:00-04:00,13.251188113076866,13.335621783508786,13.07983688564619,13.233803749084473,54463200,0.0,0.0
2011-06-24 00:00:00-04:00,13.208968329204682,13.26608634266184,13.000367364543749,13.015266418457031,62301300,0.0,0.0
2011-06-27 00:00:00-04:00,12.992916240359898,13.102183066537611,12.98049823146508,12.985466003417969,30501000,0.0,0.0
2011-06-28 00:00:00-04:00,13.022715170020815,13.045065879821777,12.94821422500494,13.045065879821777,32963100,0.0,0.0
2011-06-29 00:00:00-04:00,13.067415622896243,13.109631732525138,13.020231741909761,13.072381973266602,26600400,0.0,0.0
2011-06-30 00:00:00-04:00,13.077352259597106,13.201519582150752,13.050035192857525,13.196553230285645,29952900,0.0,0.0
2011-07-01 00:00:00-04:00,13.208966733405246,13.323201325531176,13.161784270232138,13.288434028625488,28439400,0.0,0.0
2011-07-05 00:00:00-04:00,13.246217979946202,13.300850679932717,13.166749263355939,13.258634567260742,27637500,0.0,0.0
2011-07-06 00:00:00-04:00,13.268563434726774,13.397698463261253,13.268563434726774,13.340581893920898,24234600,0.0,0.0
2011-07-07 00:00:00-04:00,13.551664223647167,13.611264667415819,13.457296499100135,13.531797409057617,38460900,0.0,0.0
2011-07-08 00:00:00-04:00,13.472195416827498,13.489579767545528,13.35299453041808,13.42997932434082,27399900,0.0,0.0
2011-07-11 00:00:00-04:00,13.3654167810697,13.429983593151132,13.33561583950159,13.377833366394043,22645200,0.0,0.0
2011-07-12 00:00:00-04:00,13.375352024687443,13.51441979615025,13.350518849315929,13.395218849182129,28457100,0.0,0.0
2011-07-13 00:00:00-04:00,13.42749665299523,13.477164403980519,13.370380089299593,13.415080070495605,30460200,0.0,0.0
2011-07-14 00:00:00-04:00,13.29091548096218,13.335615471092359,13.256148190422232,13.318232536315918,46566300,0.0,0.0
2011-07-15 00:00:00-04:00,13.343065706278567,13.402666166781161,13.276015010589765,13.318232536315918,30550500,0.0,0.0
2011-07-18 00:00:00-04:00,13.263599792334372,13.295883200809818,13.206483211337384,13.241249084472656,24658200,0.0,0.0
2011-07-19 00:00:00-04:00,13.261119184156438,13.417571335880972,13.246220129553556,13.402670860290527,25756200,0.0,0.0
2011-07-20 00:00:00-04:00,13.387768360365863,13.40266883370324,13.31078494976833,13.38280200958252,26573700,0.0,0.0
2011-07-21 00:00:00-04:00,13.410115089066732,13.58146621861239,13.387764385696327,13.526833534240723,31831800,0.0,0.0
2011-07-22 00:00:00-04:00,13.554153708770958,13.588921007559735,13.47220252326614,13.539253234863281,20407500,0.0,0.0
2011-07-25 00:00:00-04:00,13.417571335880972,13.509455233709435,13.397704508756235,13.402670860290527,24532800,0.0,0.0
2011-07-26 00:00:00-04:00,13.41756440686551,13.432464874761147,13.288429386748042,13.308296203613281,32794200,0.0,0.0
2011-07-27 00:00:00-04:00,13.271051301291125,13.34803613287464,13.204000592261469,13.223867416381836,36600300,0.0,0.0
2011-07-28 00:00:00-04:00,13.238767142459821,13.298367611456786,13.154333499960936,13.159299850463867,26725800,0.0,0.0
2011-07-29 00:00:00-04:00,13.107147531403262,13.199032826473307,13.079831894530066,13.089764595031738,39579600,0.0,0.0
2011-08-01 00:00:00-04:00,13.109630389055045,13.15929815063039,12.930829005160561,13.067414283752441,32064000,0.0,0.0
2011-08-02 00:00:00-04:00,12.973047358523475,13.050030759738048,12.831495721045815,12.833979606628418,45718800,0.0,0.0
2011-08-03 00:00:00-04:00,12.853850640639637,12.92586914422602,12.667598927959112,12.734649658203125,64366200,0.0,0.0
2011-08-04 00:00:00-04:00,12.662623451334504,12.662623451334504,12.434154381436507,12.441604614257812,78213600,0.0,0.0
2011-08-05 00:00:00-04:00,12.563290889759516,12.645242048911483,12.314956369095832,12.627859115600586,81896700,0.0,0.0
2011-08-08 00:00:00-04:00,12.615445468116981,12.747064429455698,12.111324597118719,12.148575782775879,99128700,0.0,0.0
2011-08-09 00:00:00-04:00,12.25287678493065,12.642763071575567,12.086491937842375,12.620413780212402,71966700,0.0,0.0
2011-08-10 00:00:00-04:00,12.511602759392845,12.521608746251461,12.083877235608488,12.108891487121582,81008700,0.121667,0.0
2011-08-11 00:00:00-04:00,12.218949475697645,12.606653937450005,12.218949475697645,12.439066886901855,64798500,0.0,0.0
2011-08-12 00:00:00-04:00,12.531614734749718,12.584142229780369,12.326505601156736,12.444067001342773,45481200,0.0,0.0
2011-08-15 00:00:00-04:00,12.47658268230057,12.526608311962123,12.32900478477245,12.501595497131348,44489100,0.0,0.0
2011-08-16 00:00:00-04:00,12.86679413659222,13.126931238174555,12.786751951489965,12.986857414245605,76786500,0.0,0.0
2011-08-17 00:00:00-04:00,12.936829126456471,13.051890114627366,12.796755315590568,12.894306182861328,46540200,0.0,0.0
2011-08-18 00:00:00-04:00,12.634170286916282,12.994361551233016,12.584144636848537,12.954339027404785,75137100,0.0,0.0
2011-08-19 00:00:00-04:00,12.879298556168953,13.191963114434667,12.876796701546455,13.081904411315918,69107100,0.0,0.0
2011-08-22 00:00:00-04:00,13.066894453853696,13.16694714583267,13.026873377062104,13.054388046264648,41313900,0.0,0.0
2011-08-23 00:00:00-04:00,13.046887517795204,13.309526443481445,13.03938338491651,13.309526443481445,51510000,0.0,0.0
2011-08-24 00:00:00-04:00,13.261993015352148,13.362047115101294,13.209465543306921,13.349540710449219,34187100,0.0,0.0
2011-08-25 00:00:00-04:00,13.352049993231525,13.379564674231736,13.144440389448562,13.181961059570312,32912400,0.0,0.0
2011-08-26 00:00:00-04:00,13.204470414529878,13.317030979853746,12.994360412628348,13.231985092163086,31380600,0.0,0.0
2011-08-29 00:00:00-04:00,13.284511970752865,13.36705599978837,13.256998725674672,13.304522514343262,25431000,0.0,0.0
2011-08-30 00:00:00-04:00,13.221975359590452,13.289509668573585,13.109414838330105,13.211969375610352,40452600,0.0,0.0
2011-08-31 00:00:00-04:00,13.256998725674672,13.352047734278829,13.221979916574732,13.304522514343262,39690600,0.0,0.0
2011-09-01 00:00:00-04:00,13.307021248327644,13.394567534913131,13.169447898864746,13.169447898864746,37477800,0.0,0.0
2011-09-02 00:00:00-04:00,13.06939404903989,13.166944870134296,12.999356461126194,13.014363288879395,32428500,0.0,0.0
2011-09-06 00:00:00-04:00,12.876795593078649,12.954335904497846,12.724215393380563,12.926822662353516,51343200,0.0,0.0
2011-09-07 00:00:00-04:00,13.019367042869511,13.146934382461652,12.969339989713255,13.111915588378906,31210500,0.0,0.0
2011-09-08 00:00:00-04:00,13.026881684401891,13.194468797979953,13.021877973162086,13.059398651123047,34807500,0.0,0.0
2011-09-09 00:00:00-04:00,12.981849897606809,13.051887504668,12.806758742487327,12.846779823303223,36083400,0.0,0.0
2011-09-12 00:00:00-04:00,12.719213697855896,12.964342484099252,12.71170956555794,12.961840629577637,33687900,0.0,0.0
2011-09-13 00:00:00-04:00,12.95433969377877,12.95684154891772,12.811765438737915,12.904314041137695,32312400,0.0,0.0
2011-09-14 00:00:00-04:00,12.934329649756263,13.204471303424553,12.901811260351923,13.056893348693848,37522800,0.0,0.0
2011-09-15 00:00:00-04:00,13.061890488485073,13.134427070617676,12.991852897520653,13.134427070617676,32997600,0.0,0.0
2011-09-16 00:00:00-04:00,13.194460714670132,13.294514840424952,13.144435083059362,13.169447898864746,107053800,0.0,0.0
2011-09-19 00:00:00-04:00,13.051888110352747,13.161946803337209,13.016869305197073,13.119423866271973,27086700,0.0,0.0
2011-09-20 00:00:00-04:00,13.116925021496531,13.236988297063816,13.049389250081541,13.079405784606934,25263600,0.0,0.0
2011-09-21 00:00:00-04:00,13.096908952385228,13.154440142207994,12.829267834560122,12.836771965026855,31421700,0.0,0.0
2011-09-22 00:00:00-04:00,12.669187763284084,12.81426528195301,12.491594720517405,12.576639175415039,63960900,0.0,0.0
2011-09-23 00:00:00-04:00,12.551625414797812,12.746728563669654,12.514104752745395,12.706706047058105,38109000,0.0,0.0
2011-09-26 00:00:00-04:00,12.741726177588044,12.969346303028967,12.70670736645858,12.964344024658203,34081800,0.0,0.0
2011-09-27 00:00:00-04:00,13.0969072822206,13.221974199028434,12.956833537659568,13.014363288879395,34477500,0.0,0.0
2011-09-28 00:00:00-04:00,13.036877711877727,13.111917587419498,12.829268200596559,12.834270477294922,34380600,0.0,0.0
2011-09-29 00:00:00-04:00,12.95933903838608,13.106916953989604,12.836773940676913,12.989354133605957,31033200,0.0,0.0
2011-09-30 00:00:00-04:00,12.96934135627127,13.15443989805995,12.934323989765167,12.981847763061523,40857900,0.0,0.0
2011-10-03 00:00:00-04:00,12.97684615131042,13.23698314716559,12.969342020598582,12.996856689453125,46500600,0.0,0.0
2011-10-04 00:00:00-04:00,12.94183036380376,13.251993027267536,12.914314260321648,13.226980209350586,56092500,0.0,0.0
2011-10-05 00:00:00-04:00,13.18195573803408,13.319527656230337,13.039380111663434,13.169447898864746,40813500,0.0,0.0
2011-10-06 00:00:00-04:00,13.191966166947218,13.231987262566053,13.089411572698724,13.194466590881348,30063600,0.0,0.0
2011-10-07 00:00:00-04:00,13.277008678813871,13.514634793540257,13.23198531070095,13.432090759277344,41738700,0.0,0.0
2011-10-10 00:00:00-04:00,13.554654756464066,13.802285407400328,13.554654756464066,13.709736824035645,36565200,0.0,0.0
2011-10-11 00:00:00-04:00,13.70223360801319,13.70473403153788,13.604681308874184,13.687225341796875,30640500,0.0,0.0
2011-10-12 00:00:00-04:00,13.769767034614674,14.104943956393127,13.757259194048695,13.807286262512207,66291900,0.0,0.0
2011-10-13 00:00:00-04:00,13.767268437707513,13.834804208916085,13.687226254240633,13.762266159057617,31503300,0.0,0.0
2011-10-14 00:00:00-04:00,13.827302042833931,13.874827274938283,13.664715797806794,13.872326850891113,32118000,0.0,0.0
2011-10-17 00:00:00-04:00,13.704733737985292,13.872323655032663,13.627193416306968,13.70223331451416,26910600,0.0,0.0
2011-10-18 00:00:00-04:00,13.74225188723489,14.054916402720826,13.709734937926227,13.979876518249512,42211200,0.0,0.0
2011-10-19 00:00:00-04:00,13.934856629822946,14.1149515386373,13.932356206186912,14.069928169250488,38955600,0.0,0.0
2011-10-20 00:00:00-04:00,14.057417367515784,14.227506234870498,14.019896712020875,14.099940299987793,37937400,0.0,0.0
2011-10-21 00:00:00-04:00,14.192493985301262,14.362582914022687,14.169981583882025,14.237517356872559,43495800,0.0,0.0
2011-10-24 00:00:00-04:00,14.22751126096246,14.257527795962199,14.157475064741678,14.202498435974121,27838500,0.0,0.0
2011-10-25 00:00:00-04:00,14.17248446937591,14.295048180413012,14.14496978717422,14.184990882873535,30312900,0.0,0.0
2011-10-26 00:00:00-04:00,14.282539003233621,14.367584888588684,14.157473461190357,14.350074768066406,38174100,0.0,0.0
2011-10-27 00:00:00-04:00,14.457629790796997,14.497650873686304,14.370083493068284,14.460131645202637,45976500,0.0,0.0
2011-10-28 00:00:00-04:00,14.470134614229508,14.475138322492334,14.247518259600335,14.295042037963867,33878400,0.0,0.0
2011-10-31 00:00:00-04:00,14.152472603638408,14.330065662541303,14.152472603638408,14.187491416931152,28442700,0.0,0.0
2011-11-01 00:00:00-04:00,13.962367776684264,14.192489706478682,13.927348973234375,14.064922332763672,41364300,0.0,0.0
2011-11-02 00:00:00-04:00,14.199996030104481,14.305052467260921,14.142466248609637,14.222508430480957,26760900,0.0,0.0
2011-11-03 00:00:00-04:00,14.270031718058384,14.390094974569635,14.15747259398745,14.362580299377441,28726800,0.0,0.0
2011-11-04 00:00:00-04:00,14.277537672279056,14.382594108581543,14.232514303159189,14.382594108581543,21018300,0.0,0.0
2011-11-07 00:00:00-05:00,14.34257024070555,14.49765231008353,14.270032199690116,14.492650032043457,25560300,0.0,0.0
2011-11-08 00:00:00-05:00,14.512659592662706,14.857841085590195,14.47013665403436,14.837830543518066,60312900,0.0,0.0
2011-11-09 00:00:00-05:00,14.640230633183556,14.740283368528983,14.407608202413838,14.520167350769043,41840400,0.0,0.0
2011-11-10 00:00:00-05:00,14.590201081502997,14.630223600137372,14.385093366561854,14.540175437927246,28230000,0.0,0.0
2011-11-11 00:00:00-05:00,14.635224315353835,14.820322916213591,14.602707361068639,14.807816505432129,25193700,0.0,0.0
2011-11-14 00:00:00-05:00,14.710262705310031,14.752785642627186,14.597703588533422,14.730273246765137,31656300,0.0,0.0
2011-11-15 00:00:00-05:00,14.500148828242068,14.52015936430484,14.31505172747804,14.372581481933594,48017700,0.0,0.0
2011-11-16 00:00:00-05:00,14.28254239637592,14.362584591302172,14.167481383352598,14.17748737335205,35342400,0.0,0.0
2011-11-17 00:00:00-05:00,14.142465774513152,14.305051987714076,14.072428152090056,14.189990997314453,30671400,0.0,0.0
2011-11-18 00:00:00-05:00,14.26503067766366,14.347574710400847,14.159975676919633,14.315057754516602,26946900,0.0,0.0
2011-11-21 00:00:00-05:00,14.240013467916675,14.330060174737218,14.102440122403902,14.172477722167969,29796600,0.0,0.0
2011-11-22 00:00:00-05:00,14.14746462206936,14.290040255898008,14.132456359294405,14.220004081726074,22491900,0.0,0.0
2011-11-23 00:00:00-05:00,14.169975647006098,14.257521929711572,14.087431640986674,14.167473793029785,24781200,0.0,0.0
2011-11-25 00:00:00-05:00,14.179982492873187,14.340066806682211,14.179982492873187,14.230008125305176,12776400,0.0,0.0
2011-11-28 00:00:00-05:00,14.390092611699334,14.507653994337788,14.257522966644617,14.32005500793457,27864300,0.0,0.0
2011-11-29 00:00:00-05:00,14.342566158926916,14.582692611715942,14.342566158926916,14.550175666809082,32451600,0.0,0.0
2011-11-30 00:00:00-05:00,14.697758784227986,14.75779185002408,14.585199648394438,14.73277759552002,44535600,0.0,0.0
2011-12-01 00:00:00-05:00,14.66774812353364,14.795315564439653,14.622724741821957,14.66024398803711,26361900,0.0,0.0
2011-12-02 00:00:00-05:00,14.727775467558851,14.750287867462333,14.517664028927587,14.530170440673828,33597300,0.0,0.0
2011-12-05 00:00:00-05:00,14.572694226746826,14.635226289087324,14.507658878138681,14.592704772949219,31545600,0.0,0.0
2011-12-06 00:00:00-05:00,14.650231295880564,14.760289991131739,14.607709789206393,14.7027587890625,34204800,0.0,0.0
2011-12-07 00:00:00-05:00,14.686398650655956,14.900338941208162,14.66374559016308,14.726668357849121,47263800,0.121667,0.0
2011-12-08 00:00:00-05:00,14.696467087551593,14.736738238709066,14.565586566394787,14.593273162841797,31050900,0.0,0.0
2011-12-09 00:00:00-05:00,14.638578068511334,14.721637859104451,14.464908906552992,14.678849220275879,30176700,0.0,0.0
2011-12-12 00:00:00-05:00,14.565586575528298,14.70905165148553,14.537898538853957,14.62095832824707,30111300,0.0,0.0
2011-12-13 00:00:00-05:00,14.63102717702388,14.686400371242716,14.45232303935582,14.497629165649414,32916300,0.0,0.0
2011-12-14 00:00:00-05:00,14.527827166900998,14.628505015029276,14.477487522732089,14.510209083557129,26952600,0.0,0.0
2011-12-15 00:00:00-05:00,14.555521693286142,14.698988245189659,14.555521693286142,14.585725784301758,25672200,0.0,0.0
2011-12-16 00:00:00-05:00,14.673814601487221,14.721638215601947,14.620958893542559,14.666263580322266,44741700,0.0,0.0
2011-12-19 00:00:00-05:00,14.673814947106457,14.74177269898167,14.50014577685205,14.54293441772461,21706200,0.0,0.0
2011-12-20 00:00:00-05:00,14.69143309685438,14.917957955018505,14.658712967582666,14.897822380065918,33202200,0.0,0.0
2011-12-21 00:00:00-05:00,14.897821470769182,15.016118866526488,14.890270450596603,14.948161125183105,25723500,0.0,0.0
2011-12-22 00:00:00-05:00,14.953195571238012,14.985915700509727,14.862584763846408,14.897822380065918,23705100,0.0,0.0
2011-12-23 00:00:00-05:00,14.930542210791232,15.101695314570861,14.885237528106291,15.0991792678833,18571800,0.0,0.0
2011-12-27 00:00:00-05:00,15.089115414793811,15.096666437605425,15.016124114562013,15.058911323547363,14599200,0.0,0.0
2011-12-28 00:00:00-05:00,15.043810929718013,15.08659958361185,15.00857473967538,15.033743858337402,15725100,0.0,0.0
2011-12-29 00:00:00-05:00,15.031221523750942,15.0991792678833,14.935577184586146,15.0991792678833,18996600,0.0,0.0
2011-12-30 00:00:00-05:00,15.074006592506306,15.08659114479804,15.02366838333937,15.04128646850586,13995900,0.0,0.0
2012-01-03 00:00:00-05:00,15.094144518391104,15.368491545684972,15.068975409882105,15.184755325317383,38006400,0.0,0.0
2012-01-04 00:00:00-05:00,15.154557399173148,15.189795029526277,14.968303616208836,15.02871036529541,28779900,0.0,0.0
2012-01-05 00:00:00-05:00,14.938093743628002,15.006051490091211,14.69143330698335,14.955713272094727,38304600,0.0,0.0
2012-01-06 00:00:00-05:00,14.95571754366895,14.963268566567095,14.81728452422021,14.850006103515625,24208200,0.0,0.0
2012-01-09 00:00:00-05:00,14.857550532151357,14.988432483299288,14.82986393786603,14.895305633544922,20037900,0.0,0.0
2012-01-10 00:00:00-05:00,14.95822870642812,15.028703936989638,14.844966280363433,14.860068321228027,20721900,0.0,0.0
2012-01-11 00:00:00-05:00,14.865109625149723,14.983405646602314,14.860076088966997,14.950685501098633,19096800,0.0,0.0
2012-01-12 00:00:00-05:00,15.04884283886737,15.101698553370536,14.950680991752748,14.975850105285645,21709200,0.0,0.0
2012-01-13 00:00:00-05:00,14.895303924145935,15.00353280203728,14.852515294213644,14.985913276672363,23187900,0.0,0.0
2012-01-17 00:00:00-05:00,15.06897930522466,15.129386045387395,14.980885962461054,15.063945770263672,25500000,0.0,0.0
2012-01-18 00:00:00-05:00,15.048840055761,15.109246781194559,15.013602439205606,15.104211807250977,17734200,0.0,0.0
2012-01-19 00:00:00-05:00,15.084076388545414,15.285432122853688,15.038771708378507,15.255228042602539,27703800,0.0,0.0
2012-01-20 00:00:00-05:00,15.290470028896285,15.416318478986202,15.270334449707127,15.355910301208496,31136400,0.0,0.0
2012-01-23 00:00:00-05:00,15.305568958814717,15.348357595963467,15.230060192168072,15.330738067626953,21402300,0.0,0.0
2012-01-24 00:00:00-05:00,15.290464006289683,15.60508356738192,15.290464006289683,15.45154857635498,22088400,0.0,0.0
2012-01-25 00:00:00-05:00,15.39869603615808,15.506924933866943,15.363458419185669,15.471687316894531,17747400,0.0,0.0
2012-01-26 00:00:00-05:00,15.554742397118343,15.564809461657543,15.29549604240542,15.34583568572998,22308600,0.0,0.0
2012-01-27 00:00:00-05:00,15.318156808547165,15.383597081620827,15.237614490853352,15.280403137207031,18861900,0.0,0.0
2012-01-30 00:00:00-05:00,15.219996297422274,15.433936647343247,15.189792208383428,15.428901672363281,22910700,0.0,0.0
2012-01-31 00:00:00-05:00,15.486786967954378,15.496854033986862,15.247676147061236,15.443998336791992,29284500,0.0,0.0
2012-02-01 00:00:00-05:00,15.552232590813853,15.763656892846395,15.552232590813853,15.650394439697266,36391800,0.0,0.0
2012-02-02 00:00:00-05:00,15.705762412608678,15.723381940315747,15.559779858460896,15.589983940124512,18633900,0.0,0.0
2012-02-03 00:00:00-05:00,15.685620182871489,15.7133067659125,15.529570627853813,15.612628936767578,23181600,0.0,0.0
2012-02-06 00:00:00-05:00,15.567329580189618,15.600049705788972,15.52957592146954,15.574880599975586,16441800,0.0,0.0
2012-02-07 00:00:00-05:00,15.509448135900657,15.57992195560422,15.509448135900657,15.527066230773926,18253200,0.0,0.0
2012-02-08 00:00:00-05:00,15.582434567875293,15.610119725382043,15.411281447501535,15.509443283081055,21780000,0.0,0.0
2012-02-09 00:00:00-05:00,15.49937593856956,15.645358519119835,15.49937593856956,15.595020294189453,19359300,0.0,0.0
2012-02-10 00:00:00-05:00,15.524540908202766,15.582431579676346,15.449032150747092,15.579914093017578,16503000,0.0,0.0
2012-02-13 00:00:00-05:00,15.607604031647593,15.625222121406953,15.537130232400086,15.552230834960938,12525000,0.0,0.0
2012-02-14 00:00:00-05:00,15.582432801063534,15.665492584796171,15.552228719629895,15.660457611083984,15519300,0.0,0.0
2012-02-15 00:00:00-05:00,15.685628678870476,15.715832764078396,15.501892441292481,15.544679641723633,17501100,0.0,0.0
2012-02-16 00:00:00-05:00,15.547199366093666,15.652910799112869,15.529581273993884,15.615157127380371,21769200,0.0,0.0
2012-02-17 00:00:00-05:00,15.685627106706026,15.748551317775624,15.582433186412173,15.725899696350098,24575400,0.0,0.0
2012-02-21 00:00:00-05:00,15.184757810200592,15.227546453835895,15.01863821035305,15.119316101074219,71684400,0.0,0.0
2012-02-22 00:00:00-05:00,14.995986713114572,15.076529026379214,14.691435551003837,14.749324798583984,85890600,0.0,0.0
2012-02-23 00:00:00-05:00,14.746800772536576,14.824825556216874,14.651156467231486,14.734214782714844,44640900,0.0,0.0
2012-02-24 00:00:00-05:00,14.787070663836227,14.837410303164505,14.724147914937635,14.797139167785645,29777700,0.0,0.0
2012-02-27 00:00:00-05:00,14.774498046932775,14.794632188711821,14.671302649157816,14.714091300964355,36776400,0.0,0.0
2012-02-28 00:00:00-05:00,14.70904653609204,14.875166057106558,14.686394921560584,14.832377433776855,32285700,0.0,0.0
2012-02-29 00:00:00-05:00,14.809727634592422,14.933058559388524,14.779524995174679,14.870134353637695,34453200,0.0,0.0
2012-03-01 00:00:00-05:00,14.940609654306908,14.955711694196495,14.759389496261246,14.804694175720215,48851700,0.0,0.0
2012-03-02 00:00:00-05:00,14.847483594497717,14.920474870880843,14.79966142578949,14.852517127990723,29544300,0.0,0.0
2012-03-05 00:00:00-05:00,14.839940504025451,14.998507695361132,14.787083333369585,14.950685501098633,28953000,0.0,0.0
2012-03-06 00:00:00-05:00,14.860071093752227,14.905375784588868,14.787078362691332,14.842453002929688,27171300,0.0,0.0
2012-03-07 00:00:00-05:00,14.87769032326457,15.066461563110352,14.87769032326457,15.066461563110352,44750700,0.0,0.0
2012-03-08 00:00:00-05:00,15.162228649136269,15.190100547556089,15.063411286433414,15.144491195678711,23386800,0.132667,0.0
2012-03-09 00:00:00-05:00,15.159700919703061,15.25345255063164,15.159700919703061,15.22304630279541,18878700,0.0,0.0
2012-03-12 00:00:00-04:00,15.245853572117793,15.430819628348898,15.225583220075347,15.375077247619629,22730400,0.0,0.0
2012-03-13 00:00:00-04:00,15.438423574593749,15.476431396696245,15.334537460647146,15.456159591674805,26203800,0.0,0.0
2012-03-14 00:00:00-04:00,15.415619829409884,15.494166909448092,15.377612008544528,15.476430892944336,19125000,0.0,0.0
2012-03-15 00:00:00-04:00,15.428283338707232,15.522033515001262,15.400411429563123,15.514431953430176,20265000,0.0,0.0
2012-03-16 00:00:00-04:00,15.560037519218522,15.575240640060898,15.397874763164921,15.41561222076416,36231300,0.0,0.0
2012-03-19 00:00:00-04:00,15.349733812905974,15.425747973702162,15.319329018497214,15.390275955200195,24755700,0.0,0.0
2012-03-20 00:00:00-04:00,15.28639238177957,15.420683266187034,15.276256482089506,15.354804992675781,23734500,0.0,0.0
2012-03-21 00:00:00-04:00,15.316795525869017,15.385208129371899,15.29652517852926,15.344667434692383,21908400,0.0,0.0
2012-03-22 00:00:00-04:00,15.26105841923353,15.397882223558902,15.26105841923353,15.367477416992188,17132400,0.0,0.0
2012-03-23 00:00:00-04:00,15.357337348620524,15.418148395106668,15.306662201473594,15.392810821533203,20873100,0.0,0.0
2012-03-26 00:00:00-04:00,15.430823642452987,15.537244105747018,15.395350154688309,15.506837844848633,18644400,0.0,0.0
2012-03-27 00:00:00-04:00,15.544839760847138,15.582846122669839,15.46122402501747,15.478960037231445,22054800,0.0,0.0
2012-03-28 00:00:00-04:00,15.494167076225722,15.57778283317942,15.451093478581504,15.504302978515625,21372000,0.0,0.0
2012-03-29 00:00:00-04:00,15.397879422225234,15.443488798552757,15.359873058468805,15.410548210144043,20075100,0.0,0.0
2012-03-30 00:00:00-04:00,15.47389869544226,15.562581689928793,15.435892319169596,15.506837844848633,20824200,0.0,0.0
2012-04-02 00:00:00-04:00,15.476423521223474,15.580309582305677,15.448551615814848,15.547369003295898,19397700,0.0,0.0
2012-04-03 00:00:00-04:00,15.49163243109392,15.560045058181661,15.263591307368193,15.367477416992188,33540300,0.0,0.0
2012-04-04 00:00:00-04:00,15.337065517872457,15.352268640487443,15.207841875344217,15.26865291595459,32555100,0.0,0.0
2012-04-05 00:00:00-04:00,15.253459342258228,15.377614376603868,15.220518742485561,15.372547149658203,19586100,0.0,0.0
2012-04-09 00:00:00-04:00,15.258523418433818,15.288928223679779,15.223049937438496,15.235718727111816,20495100,0.0,0.0
2012-04-10 00:00:00-04:00,15.210380913918033,15.301596778103587,15.088758795103947,15.185043334960938,28659300,0.0,0.0
2012-04-11 00:00:00-04:00,15.276261809284367,15.276261809284367,15.116633294760137,15.152105331420898,23243100,0.0,0.0
2012-04-12 00:00:00-04:00,15.152094018091722,15.25344717526214,15.09128299369898,15.23824405670166,22103100,0.0,0.0
2012-04-13 00:00:00-04:00,15.20276932868345,15.255978789357991,15.139425423046646,15.144491195678711,20077800,0.0,0.0
2012-04-16 00:00:00-04:00,15.187576249339775,15.408017246229655,15.16984023400899,15.349739074707031,20533800,0.0,0.0
2012-04-17 00:00:00-04:00,15.484032808928445,15.696870811209838,15.47896413279782,15.676600456237793,32029200,0.0,0.0
2012-04-18 00:00:00-04:00,15.595518248083462,15.772884207586532,15.595518248083462,15.72474193572998,23871900,0.0,0.0
2012-04-19 00:00:00-04:00,15.699406366227318,15.722209611182135,15.575249888705649,15.646195411682129,19138800,0.0,0.0
2012-04-20 00:00:00-04:00,15.633523139802387,15.833692303849299,15.62338723980201,15.82355785369873,26993100,0.0,0.0
2012-04-23 00:00:00-04:00,14.987403337769715,15.263586649983404,14.982334663346782,15.086220741271973,114021900,0.0,0.0
2012-04-24 00:00:00-04:00,15.015279137063601,15.038083830526832,14.60733914178934,14.637743949890137,90271800,0.0,0.0
2012-04-25 00:00:00-04:00,14.67321162505304,14.804969607593632,14.488244162014198,14.533853530883789,84035400,0.0,0.0
2012-04-26 00:00:00-04:00,14.592130655679114,15.058348657582435,14.587063431164314,14.936726570129395,75278700,0.0,0.0
2012-04-27 00:00:00-04:00,14.995006638404389,15.065952140206141,14.934195586924387,14.956998825073242,27083700,0.0,0.0
2012-04-30 00:00:00-04:00,14.903791949543185,14.946866995588136,14.830312097351861,14.926596641540527,22447800,0.0,0.0
2012-05-01 00:00:00-04:00,14.93672727381314,15.017808669268325,14.817639517931983,14.967133522033691,29747100,0.0,0.0
2012-05-02 00:00:00-04:00,14.939262212437269,15.030478061071035,14.903788738035349,14.95193099975586,22043100,0.0,0.0
2012-05-03 00:00:00-04:00,15.000072658979244,15.000072658979244,14.90125380210378,14.946863174438477,20675700,0.0,0.0
2012-05-04 00:00:00-04:00,14.913926132805617,14.995007539652205,14.868316754066974,14.873385429382324,20833500,0.0,0.0
2012-05-07 00:00:00-04:00,14.835374829654493,15.04061264591224,14.835374829654493,14.997537612915039,25974600,0.0,0.0
2012-05-08 00:00:00-04:00,14.964598126490076,15.043146628938691,14.855644827820738,14.962063789367676,30819900,0.0,0.0
2012-05-09 00:00:00-04:00,14.918189845798313,15.112065630176886,14.864617829818204,15.058493614196777,33472800,0.132667,0.0
2012-05-10 00:00:00-04:00,15.140123811082885,15.206450576245082,15.073798505608734,15.099308013916016,23222100,0.0,0.0
2012-05-11 00:00:00-04:00,15.071245311016932,15.216652119792403,15.00236847842265,15.157979965209961,22420800,0.0,0.0
2012-05-14 00:00:00-04:00,15.073806217436394,15.19115205924782,15.030438863376643,15.068704605102539,18603000,0.0,0.0
2012-05-15 00:00:00-04:00,15.0380886136176,15.216658142150933,15.0380886136176,15.140128135681152,31684200,0.0,0.0
2012-05-16 00:00:00-04:00,15.1860412179736,15.219205330398722,15.089104794468321,15.099308013916016,32514300,0.0,0.0
2012-05-17 00:00:00-04:00,15.647775287692863,15.943689164598377,15.624817308095134,15.734508514404297,87877200,0.0,0.0
2012-05-18 00:00:00-04:00,15.782982147043139,15.976858021536787,15.754921088382803,15.925837516784668,49892100,0.0,0.0
2012-05-21 00:00:00-04:00,15.913073272633634,16.096744352848425,15.851849579228702,16.081438064575195,33449700,0.0,0.0
2012-05-22 00:00:00-04:00,16.068685040243334,16.313579817972588,16.04572560744821,16.257457733154297,36223200,0.0,0.0
2012-05-23 00:00:00-04:00,16.17072620642182,16.502355710325148,16.145216693717963,16.474294662475586,47046600,0.0,0.0
2012-05-24 00:00:00-04:00,16.507456470560324,16.627353801530976,16.443682692085936,16.599292755126953,33908100,0.0,0.0
2012-05-25 00:00:00-04:00,16.545720581809356,16.708982314575852,16.530414292594717,16.66051483154297,30539700,0.0,0.0
2012-05-29 00:00:00-04:00,16.683484901747267,16.775321243931348,16.635017383573857,16.754913330078125,30110700,0.0,0.0
2012-05-30 00:00:00-04:00,16.68602666389733,16.82378036663449,16.665618761998797,16.693679809570312,29939100,0.0,0.0
2012-05-31 00:00:00-04:00,16.683474413992638,17.004899220045512,16.678372803658647,16.790616989135742,50296500,0.0,0.0
2012-06-01 00:00:00-04:00,16.691122428639996,16.805916654153283,16.61459245840188,16.72173500061035,45902100,0.0,0.0
2012-06-04 00:00:00-04:00,16.8110268436454,16.869699018524695,16.683476352656413,16.833986282348633,41630400,0.0,0.0
2012-06-05 00:00:00-04:00,16.770209539408366,16.8110253425551,16.6911280085064,16.708984375,28023000,0.0,0.0
2012-06-06 00:00:00-04:00,16.73448907037585,16.828875397291565,16.69877489109518,16.81867218017578,32540700,0.0,0.0
2012-06-07 00:00:00-04:00,16.85694198616537,16.85694198616537,16.780411993838985,16.80337142944336,37640100,0.0,0.0
2012-06-08 00:00:00-04:00,16.885002371123438,17.40540454694831,16.85694132637914,17.40285301208496,54037800,0.0,0.0
2012-06-11 00:00:00-04:00,17.446220541533016,17.46917997649524,17.211528960879676,17.226835250854492,31474200,0.0,0.0
2012-06-12 00:00:00-04:00,17.262546226906014,17.30846362859327,17.168158429426825,17.275300979614258,26963400,0.0,0.0
2012-06-13 00:00:00-04:00,17.24214344320397,17.28295778815972,17.081430300112768,17.1094913482666,32246700,0.0,0.0
2012-06-14 00:00:00-04:00,17.117140088496928,17.29315801826001,17.11458855398027,17.252342224121094,29983200,0.0,0.0
2012-06-15 00:00:00-04:00,17.359485156712637,17.362036691499434,17.242140830905626,17.282955169677734,38226000,0.0,0.0
2012-06-18 00:00:00-04:00,17.211527502714144,17.41815802080391,17.201324283387457,17.377342224121094,22660500,0.0,0.0
2012-06-19 00:00:00-04:00,17.369693850811892,17.410509658705813,17.270205866453626,17.29826545715332,23718000,0.0,0.0
2012-06-20 00:00:00-04:00,17.311016766373335,17.484483170897533,17.29060740852435,17.479381561279297,26969400,0.0,0.0
2012-06-21 00:00:00-04:00,17.471728173518116,17.515095503888798,17.26509766013498,17.270200729370117,29530800,0.0,0.0
2012-06-22 00:00:00-04:00,17.36969417444558,17.436019498586873,17.14010561568668,17.16816520690918,34202100,0.0,0.0
2012-06-25 00:00:00-04:00,17.106946037488868,17.405412994773656,17.106946037488868,17.392658233642578,35491800,0.0,0.0
2012-06-26 00:00:00-04:00,17.469184239712195,17.581426987647117,17.41051060038594,17.494693756103516,32435400,0.0,0.0
2012-06-27 00:00:00-04:00,17.497241973876953,17.538059239332547,17.413058827098887,17.497241973876953,26393400,0.0,0.0
2012-06-28 00:00:00-04:00,17.32633323290178,17.43602594165588,17.21664198383668,17.42327117919922,25735200,0.0,0.0
2012-06-29 00:00:00-04:00,17.586529749959087,17.785507202148438,17.489591829701634,17.785507202148438,31990200,0.0,0.0
2012-07-02 00:00:00-04:00,17.75488965745744,17.844174398099774,17.640093948282956,17.69111442565918,31275600,0.0,0.0
2012-07-03 00:00:00-04:00,17.76764083090955,18.053351359506408,17.678356108262058,18.048248291015625,28184100,0.0,0.0
2012-07-05 00:00:00-04:00,17.95131906734924,18.18856075801881,17.95131906734924,18.13243865966797,37321500,0.0,0.0
2012-07-06 00:00:00-04:00,18.04315527017331,18.203866958618164,18.04315527017331,18.203866958618164,24027600,0.0,0.0
2012-07-09 00:00:00-04:00,18.178348232498635,18.305898666381836,18.117124549722284,18.305898666381836,33451200,0.0,0.0
2012-07-10 00:00:00-04:00,18.349271873392986,18.515085155114527,18.275291955753907,18.39518928527832,39984600,0.0,0.0
2012-07-11 00:00:00-04:00,18.400291855475444,18.47937338751887,18.31100710234219,18.433454513549805,36731700,0.0,0.0
2012-07-12 00:00:00-04:00,18.384987150320164,18.525292400072253,18.275294485855223,18.446210861206055,30587400,0.0,0.0
2012-07-13 00:00:00-04:00,18.436007950613995,18.683454333673577,18.40539536480981,18.668148040771484,24540300,0.0,0.0
2012-07-16 00:00:00-04:00,18.601823985595715,18.668149313107307,18.51508929303137,18.617130279541016,24241800,0.0,0.0
2012-07-17 00:00:00-04:00,18.596718922610325,18.64773941040039,18.446210454208945,18.64773941040039,36528900,0.0,0.0
2012-07-18 00:00:00-04:00,18.59417380036275,18.739580696626916,18.550806447172885,18.583969116210938,28485300,0.0,0.0
2012-07-19 00:00:00-04:00,18.583967443512254,18.58651897924274,17.915608131610828,18.247236251831055,50634000,0.0,0.0
2012-07-20 00:00:00-04:00,18.229378775941065,18.492131472088253,18.191114500434676,18.430906295776367,33156000,0.0,0.0
2012-07-23 00:00:00-04:00,18.270197124430652,18.36458497789459,18.178360806896926,18.32887077331543,19969500,0.0,0.0
2012-07-24 00:00:00-04:00,18.285495778952274,18.428351077879576,18.226823614275897,18.402841567993164,22427100,0.0,0.0
2012-07-25 00:00:00-04:00,18.433462065049444,18.484482570464614,18.33397405006985,18.387544631958008,20945700,0.0,0.0
2012-07-26 00:00:00-04:00,18.545695997303483,18.864569234995926,18.54314446255923,18.793142318725586,24577200,0.0,0.0
2012-07-27 00:00:00-04:00,18.836509458622203,19.081404261773198,18.82375470341911,19.009977340698242,32584500,0.0,0.0
2012-07-30 00:00:00-04:00,18.994676751317844,19.19365420351777,18.992126675324787,19.127328872680664,27436800,0.0,0.0
2012-07-31 00:00:00-04:00,19.071205555795398,19.127327659724102,18.987022399902344,18.987022399902344,24968700,0.0,0.0
2012-08-01 00:00:00-04:00,19.055895723522603,19.07885515987237,18.7293693026632,18.7803897857666,29097000,0.0,0.0
2012-08-02 00:00:00-04:00,18.634985245004156,18.91814436321045,18.606924194781985,18.89008331298828,24279000,0.0,0.0
2012-08-03 00:00:00-04:00,19.06609856679994,19.12222065489926,18.94109963597657,19.017629623413086,26220000,0.0,0.0
2012-08-06 00:00:00-04:00,19.112020404160965,19.112020404160965,18.94875717163086,18.94875717163086,18352500,0.0,0.0
2012-08-07 00:00:00-04:00,18.981916042892735,19.030384987832694,18.869673322785584,18.874774932861328,22843500,0.0,0.0
2012-08-08 00:00:00-04:00,18.88965448009985,19.110226304771473,18.8332303241466,19.058931350708008,19734900,0.132667,0.0
2012-08-09 00:00:00-04:00,19.051232466145485,19.112787277523076,18.91786297436947,18.940946578979492,15854100,0.0,0.0
2012-08-10 00:00:00-04:00,18.94095411103587,19.043545504128332,18.83323351518455,18.89735221862793,16932600,0.0,0.0
2012-08-13 00:00:00-04:00,18.828098687578443,18.89991338067793,18.769109199918862,18.82553482055664,18903000,0.0,0.0
2012-08-14 00:00:00-04:00,18.938385115530973,19.048671025237642,18.869135755129918,18.98198699951172,21726000,0.0,0.0
2012-08-15 00:00:00-04:00,18.956338475571968,19.112790127706297,18.93325486751962,19.094837188720703,23323200,0.0,0.0
2012-08-16 00:00:00-04:00,18.61522021047476,18.65882209044465,18.410037482821096,18.504934310913086,53439600,0.0,0.0
2012-08-17 00:00:00-04:00,18.57161634281044,18.643429550336954,18.425423126213182,18.463895797729492,29204700,0.0,0.0
2012-08-20 00:00:00-04:00,18.469029315166893,18.571622159621878,18.379263144538708,18.54340934753418,16646100,0.0,0.0
2012-08-21 00:00:00-04:00,18.54340768020292,18.553666083176346,18.320270538330078,18.320270538330078,22902600,0.0,0.0
2012-08-22 00:00:00-04:00,18.29974635408648,18.427986622912194,18.29974635408648,18.407466888427734,19983000,0.0,0.0
2012-08-23 00:00:00-04:00,18.415167721544094,18.451075067802,18.312576351937725,18.353612899780273,18015300,0.0,0.0
2012-08-24 00:00:00-04:00,18.310006463358704,18.517754468833413,18.299746595980853,18.494670867919922,15570300,0.0,0.0
2012-08-27 00:00:00-04:00,18.51006334892439,18.669078848158623,18.484414409540562,18.594701766967773,17300700,0.0,0.0
2012-08-28 00:00:00-04:00,18.512628084801545,18.648562920412804,18.507498883716945,18.571619033813477,14468100,0.0,0.0
2012-08-29 00:00:00-04:00,18.622917230123765,18.7280739424155,18.576751477139783,18.66395378112793,12692400,0.0,0.0
2012-08-30 00:00:00-04:00,18.628046511271958,18.6588246584473,18.504936857736254,18.53058433532715,15711600,0.0,0.0
2012-08-31 00:00:00-04:00,18.61778645681703,18.71011942257498,18.558796970070766,18.620351791381836,17655300,0.0,0.0
2012-09-04 00:00:00-04:00,18.663947078796106,18.93837909853418,18.61265214225262,18.853740692138672,25572300,0.0,0.0
2012-09-05 00:00:00-04:00,18.943517187233862,18.966599330687764,18.81784219533842,18.8640079498291,23892300,0.0,0.0
2012-09-06 00:00:00-04:00,18.974298401141038,19.187175750732422,18.93839104236561,19.187175750732422,19525500,0.0,0.0
2012-09-07 00:00:00-04:00,19.15894752285103,19.184594986671677,18.851173554257116,18.933246612548828,19864200,0.0,0.0
2012-09-10 00:00:00-04:00,18.951202832670052,19.010193770793816,18.85117682586088,18.853740692138672,19500300,0.0,0.0
2012-09-11 00:00:00-04:00,18.9076097054913,19.087144987640595,18.864007818586142,18.99481201171875,15874200,0.0,0.0
2012-09-12 00:00:00-04:00,18.99481206077606,19.06919062812535,18.915302823719124,18.997377395629883,12893400,0.0,0.0
2012-09-13 00:00:00-04:00,18.966598364521296,19.284632362773806,18.966598364521296,19.271808624267578,22222200,0.0,0.0
2012-09-14 00:00:00-04:00,19.194862144478844,19.23333482240683,19.04610356912829,19.10765838623047,25607100,0.0,0.0
2012-09-17 00:00:00-04:00,19.07175497756615,19.15382807765343,18.94607999271396,18.976858139038086,20563800,0.0,0.0
2012-09-18 00:00:00-04:00,18.94094341445428,19.023016482578857,18.89734154666977,18.966590881347656,15912300,0.0,0.0
2012-09-19 00:00:00-04:00,19.04353788537443,19.141000036716317,18.976853873438383,19.074316024780273,16967700,0.0,0.0
2012-09-20 00:00:00-04:00,19.06149226970739,19.18973257019731,19.06149226970739,19.17177963256836,13569600,0.0,0.0
2012-09-21 00:00:00-04:00,19.22564136585199,19.258983376872482,19.0640590446509,19.094837188720703,31686900,0.0,0.0
2012-09-24 00:00:00-04:00,19.03071743990044,19.225641776283286,19.025588238306867,19.16921615600586,13241100,0.0,0.0
2012-09-25 00:00:00-04:00,19.212819800113735,19.24872715246928,19.04610824584961,19.04610824584961,19274100,0.0,0.0
2012-09-26 00:00:00-04:00,19.02044839660609,19.19485437492545,19.01531919748605,19.02814292907715,14414700,0.0,0.0
2012-09-27 00:00:00-04:00,19.0743164280309,19.107656967121315,18.935817732941526,18.974288940429688,16170300,0.0,0.0
2012-09-28 00:00:00-04:00,18.943514453273266,18.99480940250819,18.830663216824185,18.928125381469727,18063000,0.0,0.0
2012-10-01 00:00:00-04:00,18.928127932621987,19.105097879466907,18.928127932621987,18.992246627807617,13986900,0.0,0.0
2012-10-02 00:00:00-04:00,18.974297062474154,19.071759257595684,18.884529405660444,18.915306091308594,12709500,0.0,0.0
2012-10-03 00:00:00-04:00,18.98711977224762,19.17178574643634,18.915305063665002,19.03072166442871,24494100,0.0,0.0
2012-10-04 00:00:00-04:00,19.110219835337727,19.23845864466616,19.110219835337727,19.164081573486328,15002700,0.0,0.0
2012-10-05 00:00:00-04:00,19.220514056132497,19.36414346345143,19.20769031638965,19.269245147705078,15615300,0.0,0.0
2012-10-08 00:00:00-04:00,19.276928549981513,19.376954542746663,19.25128108531077,19.300010681152344,13637700,0.0,0.0
2012-10-09 00:00:00-04:00,19.276935800887152,19.333361418452622,19.012762119148434,19.01532745361328,24921900,0.0,0.0
2012-10-10 00:00:00-04:00,19.146133989380242,19.700127427941155,19.143568654598898,19.3436222076416,58094400,0.0,0.0
2012-10-11 00:00:00-04:00,19.646264026374,19.64882936074901,19.223074844617827,19.238462448120117,24976500,0.0,0.0
2012-10-12 00:00:00-04:00,19.343621783870777,19.5026387824253,19.31284510508305,19.443649291992188,24087900,0.0,0.0
2012-10-15 00:00:00-04:00,19.459034477489098,19.83862175633649,19.379525260305456,19.78732681274414,29008800,0.0,0.0
2012-10-16 00:00:00-04:00,19.902738919966374,19.902738919966374,19.669343439409428,19.72576904296875,18930300,0.0,0.0
2012-10-17 00:00:00-04:00,19.83349755225828,19.877097971779776,19.615491051902186,19.756553649902344,22483500,0.0,0.0
2012-10-18 00:00:00-04:00,19.753982446230232,19.80784418918533,19.535976010642802,19.636003494262695,21977100,0.0,0.0
2012-10-19 00:00:00-04:00,19.641133882282574,19.674475889644093,19.346183549367584,19.394914627075195,20827500,0.0,0.0
2012-10-22 00:00:00-04:00,19.410311038937827,19.435958520826883,19.258988547659456,19.402616500854492,16276200,0.0,0.0
2012-10-23 00:00:00-04:00,19.248721660055182,19.3615728873766,19.110222960190733,19.17434310913086,17501700,0.0,0.0
2012-10-24 00:00:00-04:00,19.217948224181043,19.2359011644692,19.112791514423222,19.189735412597656,13749600,0.0,0.0
2012-10-25 00:00:00-04:00,19.312841075081725,19.364137485801006,19.207684387035822,19.317970275878906,13298700,0.0,0.0
2012-10-26 00:00:00-04:00,19.287196080459726,19.343620231639935,19.153826569527695,19.26411247253418,13340700,0.0,0.0
2012-10-31 00:00:00-04:00,19.30001922776127,19.410306603364518,19.012763387013866,19.241029739379883,19653600,0.0,0.0
2012-11-01 00:00:00-04:00,19.26923581386098,19.276930347496112,18.76140833460004,18.83835220336914,38830800,0.0,0.0
2012-11-02 00:00:00-04:00,18.840925191468365,18.869136536148755,18.64856617518849,18.66395378112793,25690500,0.0,0.0
2012-11-05 00:00:00-05:00,18.63573476359055,18.774233444008413,18.633170897245762,18.75884437561035,14303100,0.0,0.0
2012-11-06 00:00:00-05:00,18.76654519495392,19.051237185335495,18.756286790974443,18.91786766052246,16003200,0.0,0.0
2012-11-07 00:00:00-05:00,18.83066361329266,18.953773255147663,18.68703569779516,18.751155853271484,20429700,0.0,0.0
2012-11-08 00:00:00-05:00,18.725504360064726,18.97428894443839,18.589570999145508,18.589570999145508,21411300,0.0,0.0
2012-11-09 00:00:00-05:00,18.499808974973007,18.620354769895556,18.445948681158164,18.545974731445312,20674200,0.0,0.0
2012-11-12 00:00:00-05:00,18.535710721617704,18.620349139208535,18.44081390239419,18.589570999145508,13148400,0.0,0.0
2012-11-13 00:00:00-05:00,18.458768784790923,18.543407211303535,18.256151389153796,18.41773223876953,26932200,0.0,0.0
2012-11-14 00:00:00-05:00,18.43055421658166,18.46646155781834,18.230500706928726,18.289491653442383,27333900,0.0,0.0
2012-11-15 00:00:00-05:00,17.866302223339726,17.87399675894648,17.402076493198777,17.625213623046875,69146700,0.0,0.0
2012-11-16 00:00:00-05:00,17.59187201708992,17.617520961034362,17.40977288030611,17.448244094848633,36771300,0.0,0.0
2012-11-19 00:00:00-05:00,17.479016637726804,17.73036505418473,17.350776361859726,17.702152252197266,38507100,0.0,0.0
2012-11-20 00:00:00-05:00,17.758582024957317,17.758582024957317,17.55596463095176,17.6970272064209,28183800,0.0,0.0
2012-11-21 00:00:00-05:00,17.661122983016984,17.712419407986793,17.614957227852184,17.6688175201416,21118800,0.0,0.0
2012-11-23 00:00:00-05:00,17.78423088666367,18.015062574871962,17.666250441701578,18.004802703857422,15404700,0.0,0.0
2012-11-26 00:00:00-05:00,17.986847443567232,18.012494916420664,17.81244139948226,17.930421829223633,27219600,0.0,0.0
2012-11-27 00:00:00-05:00,17.927851935022524,17.997101268179527,17.812436868954915,17.82526206970215,22146900,0.0,0.0
2012-11-28 00:00:00-05:00,17.815008905298967,18.161254233772347,17.771407022067383,18.097135543823242,31489200,0.0,0.0
2012-11-29 00:00:00-05:00,18.076616115505445,18.220244026438017,17.986848487724757,18.166383743286133,28861500,0.0,0.0
2012-11-30 00:00:00-05:00,18.202284903160514,18.497235160626968,18.171506770341402,18.471586227416992,37455600,0.0,0.0
2012-12-03 00:00:00-05:00,18.494670214246746,18.553659679942214,18.297182083129883,18.297182083129883,27260400,0.0,0.0
2012-12-04 00:00:00-05:00,18.330526670409228,18.620347775248906,18.325397469968607,18.497238159179688,38461500,0.0,0.0
2012-12-05 00:00:00-05:00,18.553459496669163,18.574091625840012,18.37034990367524,18.478668212890625,28539600,0.132667,0.0
2012-12-06 00:00:00-05:00,18.483827932247053,18.53025133483995,18.33682491788223,18.46319580078125,21498300,0.0,0.0
2012-12-07 00:00:00-05:00,18.543149060735246,18.721101037303175,18.5302541610682,18.64373016357422,21849000,0.0,0.0
2012-12-10 00:00:00-05:00,18.589567678090066,18.65662173468617,18.514776387928812,18.607620239257812,17704800,0.0,0.0
2012-12-11 00:00:00-05:00,18.633415394116437,18.749472455252512,18.26461650102203,18.282669067382812,43785000,0.0,0.0
2012-12-12 00:00:00-05:00,18.104716881898923,18.143403060448357,17.772023125007888,17.779760360717773,70205700,0.0,0.0
2012-12-13 00:00:00-05:00,17.805545806884766,17.888075809025562,17.795230478946202,17.805545806884766,42730500,0.0,0.0
2012-12-14 00:00:00-05:00,17.808126149720486,17.872602117177784,17.728177189683713,17.730756759643555,31506900,0.0,0.0
2012-12-17 00:00:00-05:00,17.784916801349897,17.926762165889592,17.76686276219241,17.846813201904297,31595100,0.0,0.0
2012-12-18 00:00:00-05:00,17.823598428590103,17.96544376870017,17.772017365815138,17.92418098449707,34769400,0.0,0.0
2012-12-19 00:00:00-05:00,17.906130838309515,17.9241848782796,17.67144012451172,17.67144012451172,29919600,0.0,0.0
2012-12-20 00:00:00-05:00,17.622438463907397,17.810707242456175,17.581174195381088,17.79523277282715,29058900,0.0,0.0
2012-12-21 00:00:00-05:00,17.76170241160784,17.836493699834417,17.60696069576043,17.70496368408203,39693000,0.0,0.0
2012-12-24 00:00:00-05:00,17.668855521213533,17.746226372280955,17.61727593765275,17.684329986572266,8714400,0.0,0.0
2012-12-26 00:00:00-05:00,17.681754923282664,17.704966627236242,17.467697826081658,17.534751892089844,18278700,0.0,0.0
2012-12-27 00:00:00-05:00,17.545062342938856,17.64564488971194,17.483165958665502,17.586326599121094,22152600,0.0,0.0
2012-12-28 00:00:00-05:00,17.5141232053492,17.627599225872004,17.418698276354263,17.436752319335938,16540200,0.0,0.0
2012-12-31 00:00:00-05:00,17.405800404781047,17.614699825217237,17.374851467989593,17.596647262573242,21037500,0.0,0.0
2013-01-02 00:00:00-05:00,17.777173484632637,17.85712242126465,17.653380725877597,17.85712242126465,31172400,0.0,0.0
2013-01-03 00:00:00-05:00,17.859713678201494,17.88550496207943,17.635339690980967,17.7436580657959,26730300,0.0,0.0
2013-01-04 00:00:00-05:00,17.725597087535334,17.841652644892832,17.62501599801923,17.810705184936523,19314000,0.0,0.0
2013-01-07 00:00:00-05:00,17.75138939460275,17.774601099648418,17.570857846185387,17.640491485595703,18604200,0.0,0.0
2013-01-08 00:00:00-05:00,17.60954420952042,17.766864054573983,17.59149164477636,17.68949317932129,17600700,0.0,0.0
2013-01-09 00:00:00-05:00,17.707541684610366,17.72043658050056,17.59406423961465,17.684329986572266,15165600,0.0,0.0
2013-01-10 00:00:00-05:00,17.70754358888007,17.802967009310358,17.46511568318545,17.630172729492188,34361400,0.0,0.0
2013-01-11 00:00:00-05:00,17.69207279295927,17.741074298215185,17.591491687892937,17.699810028076172,18673500,0.0,0.0
2013-01-14 00:00:00-05:00,17.663696080223605,17.710117995901385,17.565693110450223,17.614694595336914,16471200,0.0,0.0
2013-01-15 00:00:00-05:00,17.586335822734124,17.857133199354138,17.563125588787283,17.79007911682129,18421200,0.0,0.0
2013-01-16 00:00:00-05:00,17.77975449985026,17.890652382257876,17.766859603160025,17.849388122558594,14753700,0.0,0.0
2013-01-17 00:00:00-05:00,17.872597738217735,17.877755401147216,17.720435613851865,17.756542205810547,21697800,0.0,0.0
2013-01-18 00:00:00-05:00,17.756547433296642,17.846813201904297,17.756547433296642,17.846813201904297,23440200,0.0,0.0
2013-01-22 00:00:00-05:00,17.808128875095562,17.962870630384316,17.784918644810976,17.94481658935547,17243700,0.0,0.0
2013-01-23 00:00:00-05:00,17.895814787901685,17.960290764164323,17.83391838195117,17.921606063842773,19096200,0.0,0.0
2013-01-24 00:00:00-05:00,17.962870623194437,18.0505568307687,17.88549974558103,17.99897575378418,27417000,0.0,0.0
2013-01-25 00:00:00-05:00,18.02992348453636,18.053133713253253,17.77718020874438,17.79523277282715,23903100,0.0,0.0
2013-01-28 00:00:00-05:00,17.815862511286433,17.924182308396578,17.743649313213,17.885496139526367,21164400,0.0,0.0
2013-01-29 00:00:00-05:00,17.84938736580134,18.10471014633158,17.846809272008397,18.024761199951172,28682700,0.0,0.0
2013-01-30 00:00:00-05:00,18.084080422414477,18.084080422414477,17.92418250838834,17.988656997680664,21061800,0.0,0.0
2013-01-31 00:00:00-05:00,17.973189495284583,18.16661598957493,17.973189495284583,18.040245056152344,21048600,0.0,0.0
2013-02-01 00:00:00-05:00,18.08151089027173,18.192407359511733,18.04024660729451,18.179513931274414,19349400,0.0,0.0
2013-02-04 00:00:00-05:00,17.90870453209561,18.02733815944204,17.82875411501951,17.957704544067383,32277900,0.0,0.0
2013-02-05 00:00:00-05:00,18.019611155638735,18.329093221116626,17.991240306110505,18.25172233581543,31576500,0.0,0.0
2013-02-06 00:00:00-05:00,18.17692126860707,18.393557860345478,18.130497876897895,18.390979766845703,29273400,0.0,0.0
2013-02-07 00:00:00-05:00,18.424510951554833,18.476090541919042,18.285243696409164,18.370351791381836,24920700,0.0,0.0
2013-02-08 00:00:00-05:00,18.362614606989904,18.47609059153174,18.32908757801785,18.43482780456543,17719800,0.0,0.0
2013-02-11 00:00:00-05:00,18.37550941436862,18.442563471983405,18.189820233163225,18.414194107055664,18607800,0.0,0.0
2013-02-12 00:00:00-05:00,18.43740580810375,18.481249640396882,18.336824721681573,18.414194107055664,14286000,0.0,0.0
2013-02-13 00:00:00-05:00,18.38582981578165,18.491570070989418,18.365199154569915,18.41162109375,11905800,0.0,0.0
2013-02-14 00:00:00-05:00,18.336823482869583,18.370350509411935,18.246556254578618,18.264610290527344,20463000,0.0,0.0
2013-02-15 00:00:00-05:00,17.934498861462863,18.05313251883204,17.57085622787307,17.872602462768555,77051100,0.0,0.0
2013-02-19 00:00:00-05:00,17.84423531492971,17.911289386256698,17.676598660885496,17.73333740234375,44046900,0.0,0.0
2013-02-20 00:00:00-05:00,17.72301724955849,18.01444516135573,17.614697461053122,17.849388122558594,35920800,0.0,0.0
2013-02-21 00:00:00-05:00,18.05312462062778,18.432241556959923,17.98091292494016,18.120180130004883,61239300,0.0,0.0
2013-02-22 00:00:00-05:00,18.109879550837135,18.19240663779043,18.02477141717531,18.156301498413086,27495600,0.0,0.0
2013-02-25 00:00:00-05:00,18.182081369053932,18.398719465563705,18.166606903076172,18.166606903076172,35452800,0.0,0.0
2013-02-26 00:00:00-05:00,18.231084830372247,18.41161635101251,18.210452698748398,18.33940315246582,31672800,0.0,0.0
2013-02-27 00:00:00-05:00,18.290402430535934,18.558621628739445,18.20271623635009,18.481250762939453,26457000,0.0,0.0
2013-02-28 00:00:00-05:00,18.463198167739236,18.537989469425113,18.254297256469727,18.254297256469727,56650800,0.0,0.0
2013-03-01 00:00:00-05:00,18.25430113745143,18.54315255214117,18.25430113745143,18.501888275146484,26706900,0.0,0.0
2013-03-04 00:00:00-05:00,18.445152374388332,18.893901824951172,18.442572803280118,18.893901824951172,31701600,0.0,0.0
2013-03-05 00:00:00-05:00,18.948053402901607,19.095057906762374,18.824260602511462,19.012529373168945,27426000,0.0,0.0
2013-03-06 00:00:00-05:00,19.020260521799603,19.118263500619474,18.891311563972764,18.924837112426758,21448800,0.0,0.0
2013-03-07 00:00:00-05:00,18.953216174982533,18.984163643147127,18.87842338582045,18.909372329711914,20040000,0.0,0.0
2013-03-08 00:00:00-05:00,19.02617764579125,19.049539108863847,18.906778572969966,18.95609474182129,17233800,0.156667,0.0
2013-03-11 00:00:00-04:00,18.971656597872038,19.010592344102953,18.898979013652415,18.943105697631836,15446100,0.0,0.0
2013-03-12 00:00:00-04:00,18.93531970469606,19.18190634314697,18.906767317465416,19.104036331176758,24460200,0.0,0.0
2013-03-13 00:00:00-04:00,19.179317296468064,19.259783550154946,19.088469162771744,19.117021560668945,15978300,0.0,0.0
2013-03-14 00:00:00-04:00,19.174120153606268,19.207864965839185,18.98204206834174,19.005403518676758,19059600,0.0,0.0
2013-03-15 00:00:00-04:00,18.950896711097176,19.07808437594266,18.800349077165933,18.818519592285156,51585300,0.0,0.0
2013-03-18 00:00:00-04:00,18.764007324855772,18.878216885607973,18.69132824342308,18.753623962402344,17313000,0.0,0.0
2013-03-19 00:00:00-04:00,18.797751026807354,18.91455680180344,18.738051518568106,18.805538177490234,17258400,0.0,0.0
2013-03-20 00:00:00-04:00,18.898985893927563,19.046937327726983,18.88081686256984,18.945707321166992,18960900,0.0,0.0
2013-03-21 00:00:00-04:00,18.914559458916692,19.07029803871105,18.909367034233924,18.982046127319336,16520100,0.0,0.0
2013-03-22 00:00:00-04:00,19.039154197366365,19.283144730592888,19.02357989112922,19.280550003051758,21971400,0.0,0.0
2013-03-25 00:00:00-04:00,19.244208654782845,19.495987802884798,19.2390177149373,19.42850112915039,31316100,0.0,0.0
2013-03-26 00:00:00-04:00,19.449263979281174,19.490794463427385,19.319480102388813,19.407732009887695,19927200,0.0,0.0
2013-03-27 00:00:00-04:00,19.288330777757373,19.457048907289067,19.27016174998737,19.41032600402832,17910900,0.0,0.0
2013-03-28 00:00:00-04:00,19.425905538801526,19.459648876749505,19.30650500704503,19.423309326171875,22104900,0.0,0.0
2013-04-01 00:00:00-04:00,19.467429095332637,19.70882480024561,19.441472919271384,19.579042434692383,25246200,0.0,0.0
2013-04-02 00:00:00-04:00,19.610198146096458,19.73998205379438,19.57645480537424,19.732194900512695,19928400,0.0,0.0
2013-04-03 00:00:00-04:00,19.80746553022915,19.90350459641732,19.65432167271372,19.726999282836914,22361700,0.0,0.0
2013-04-04 00:00:00-04:00,19.716615864513226,19.87754686148765,19.716615864513226,19.778911590576172,22524600,0.0,0.0
2013-04-05 00:00:00-04:00,19.610199771998804,19.83342656708967,19.579052641537245,19.828235626220703,17640900,0.0,0.0
2013-04-08 00:00:00-04:00,19.752951970999387,20.10336629738698,19.68286910572187,20.06183433532715,24225300,0.0,0.0
2013-04-09 00:00:00-04:00,20.048865009463288,20.365534638792496,19.99175872655874,20.27728271484375,26009700,0.0,0.0
2013-04-10 00:00:00-04:00,20.318806770047825,20.34476443508753,20.082603454589844,20.082603454589844,25797000,0.0,0.0
2013-04-11 00:00:00-04:00,20.080008418454653,20.342169414305243,20.056646964124962,20.191621780395508,21387300,0.0,0.0
2013-04-12 00:00:00-04:00,20.150089482213637,20.466759024411846,20.13711139272568,20.3914852142334,19010400,0.0,0.0
2013-04-15 00:00:00-04:00,20.36034067114906,20.57837497851342,20.357744458824314,20.368127822875977,25636500,0.0,0.0
2013-04-16 00:00:00-04:00,20.3058317287979,20.46935745637767,20.253917879968697,20.422636032104492,20563200,0.0,0.0
2013-04-17 00:00:00-04:00,20.383700460840643,20.52386622019108,20.27468330812244,20.378509521484375,21745800,0.0,0.0
2013-04-18 00:00:00-04:00,20.443402048243744,20.51867736015077,19.88533665183802,20.02809715270996,42656700,0.0,0.0
2013-04-19 00:00:00-04:00,20.116353368562585,20.36034690336516,20.090397178359336,20.3214111328125,23521500,0.0,0.0
2013-04-22 00:00:00-04:00,20.32140516496073,20.360340924079,20.116347460930765,20.238344192504883,15464700,0.0,0.0
2013-04-23 00:00:00-04:00,20.274680821496872,20.562799456518967,20.259106520090892,20.529054641723633,19960800,0.0,0.0
2013-04-24 00:00:00-04:00,20.565396328466594,20.635479206856832,20.225365300284864,20.253917694091797,24250800,0.0,0.0
2013-04-25 00:00:00-04:00,20.292855394979135,20.461573574072155,20.214985351917164,20.414852142333984,17187300,0.0,0.0
2013-04-26 00:00:00-04:00,20.396676536744224,20.544629433135558,20.394081809946094,20.516077041625977,17770800,0.0,0.0
2013-04-29 00:00:00-04:00,20.526458277652758,20.570584966367466,20.28506108085701,20.34735679626465,18470400,0.0,0.0
2013-04-30 00:00:00-04:00,20.318805662988083,20.323998086861426,20.082602360399516,20.173450469970703,23897400,0.0,0.0
2013-05-01 00:00:00-04:00,20.20720062614719,20.41744782139188,20.1656701326115,20.261709213256836,18780900,0.0,0.0
2013-05-02 00:00:00-04:00,20.22276805231502,20.373317165154546,20.194215659970403,20.365530014038086,13558800,0.0,0.0
2013-05-03 00:00:00-04:00,20.484935681642003,20.593952854234516,20.47974325609182,20.570592880249023,16812300,0.0,0.0
2013-05-06 00:00:00-04:00,20.53165362026927,20.54722792377383,20.445996436241536,20.461570739746094,14417100,0.0,0.0
2013-05-07 00:00:00-04:00,20.53165362026927,20.54203549910742,20.445996436241536,20.461570739746094,19713300,0.0,0.0
2013-05-08 00:00:00-04:00,20.513796861213375,20.539908729829676,20.31012099886323,20.43284797668457,24025500,0.156667,0.0
2013-05-09 00:00:00-04:00,20.448513804784188,20.61824392340819,20.341454555694014,20.472015380859375,19550400,0.0,0.0
2013-05-10 00:00:00-04:00,20.490295015112018,20.605188123637358,20.4406800783581,20.599966049194336,17493600,0.0,0.0
2013-05-13 00:00:00-04:00,20.576462575531593,20.613020081573183,20.346674885514748,20.498126983642578,23141700,0.0,0.0
2013-05-14 00:00:00-04:00,20.362343469860885,20.592131169676506,20.281394596305798,20.57124137878418,30041100,0.0,0.0
2013-05-15 00:00:00-04:00,20.576465350125584,20.879368093069946,20.53729754889957,20.853256225585938,24003300,0.0,0.0
2013-05-16 00:00:00-04:00,20.393676539479284,20.59213029157165,20.195224281542558,20.498126983642578,36385800,0.0,0.0
2013-05-17 00:00:00-04:00,20.44591055713603,20.521635891698217,20.210899197903125,20.333627700805664,32007900,0.0,0.0
2013-05-20 00:00:00-04:00,20.336228552032022,20.34145211997154,20.20044566871632,20.21088981628418,16747800,0.0,0.0
2013-05-21 00:00:00-04:00,20.2683381503402,20.414566682882317,20.171723056680044,20.208280563354492,22452900,0.0,0.0
2013-05-22 00:00:00-04:00,20.156060291673004,20.315344795550622,20.041165669374113,20.114280700683594,27093900,0.0,0.0
2013-05-23 00:00:00-04:00,20.062048416626393,20.090772059970618,19.910597837316285,19.931486129760742,24144600,0.0,0.0
2013-05-24 00:00:00-04:00,19.92887616625955,20.213499326568744,19.88448480870047,20.187387466430664,22768800,0.0,0.0
2013-05-28 00:00:00-04:00,20.24223149252234,20.378014417730395,20.12211479349949,20.190006256103516,18177600,0.0,0.0
2013-05-29 00:00:00-04:00,20.119498324582505,20.119498324582505,19.860986975761627,19.905378341674805,17646900,0.0,0.0
2013-05-30 00:00:00-04:00,19.973275896427975,19.986330337813893,19.743486649590007,19.748708724975586,18684000,0.0,0.0
2013-05-31 00:00:00-04:00,19.678201910437267,19.74870364539888,19.537195452202713,19.542417526245117,29237100,0.0,0.0
2013-06-03 00:00:00-04:00,19.599863437724864,19.793093611035943,19.490190925652804,19.76436996459961,25321500,0.0,0.0
2013-06-04 00:00:00-04:00,19.78526522705953,19.944549724327203,19.706929617822162,19.82965660095215,28032000,0.0,0.0
2013-06-05 00:00:00-04:00,19.772207377756374,19.832266465343675,19.602477252530804,19.649478912353516,20335800,0.0,0.0
2013-06-06 00:00:00-04:00,19.654705391411007,19.77743387498638,19.542422552762837,19.748708724975586,28275300,0.0,0.0
2013-06-07 00:00:00-04:00,19.94454205961623,20.07249256284862,19.894930123827542,19.931486129760742,25041600,0.0,0.0
2013-06-10 00:00:00-04:00,19.91843542673782,20.01505052834567,19.756539164566593,19.780040740966797,20194500,0.0,0.0
2013-06-11 00:00:00-04:00,19.69387028194797,19.800931029357983,19.581588954081443,19.649478912353516,18019200,0.0,0.0
2013-06-12 00:00:00-04:00,19.706925558903986,19.769594929879826,19.49280408745312,19.542417526245117,14193300,0.0,0.0
2013-06-13 00:00:00-04:00,19.526750698499384,19.670368947368118,19.46930339895189,19.584197998046875,21718500,0.0,0.0
2013-06-14 00:00:00-04:00,19.542415242505477,19.65469803915187,19.53196960148569,19.550249099731445,19054500,0.0,0.0
2013-06-17 00:00:00-04:00,19.58420385538394,19.701708779685006,19.45625328524295,19.571147918701172,19441800,0.0,0.0
2013-06-18 00:00:00-04:00,19.58419850972933,19.813986219767305,19.531973283097358,19.774818420410156,20219100,0.0,0.0
2013-06-19 00:00:00-04:00,19.77743744334986,19.834883271268026,19.411865205591877,19.443199157714844,24987300,0.0,0.0
2013-06-20 00:00:00-04:00,19.453638128870384,19.495419210833095,19.064565904189106,19.069787979125977,27209100,0.0,0.0
2013-06-21 00:00:00-04:00,19.197733549005864,19.375297498219304,19.127231820249847,19.19512176513672,43693500,0.0,0.0
2013-06-24 00:00:00-04:00,19.075006649376594,19.52935992362747,19.035837362019727,19.37529754638672,29091900,0.0,0.0
2013-06-25 00:00:00-04:00,19.393581536164014,19.5189218002321,19.28129870134827,19.419694900512695,21653400,0.0,0.0
2013-06-26 00:00:00-04:00,19.48496818677577,19.631196703724143,19.46407839864029,19.58680534362793,16435200,0.0,0.0
2013-06-27 00:00:00-04:00,19.709539286934884,19.874047348290166,19.64686990502714,19.65209197998047,21263400,0.0,0.0
2013-06-28 00:00:00-04:00,19.612915492224264,19.756532201862555,19.44057514182726,19.451019287109375,43644900,0.0,0.0
2013-07-01 00:00:00-04:00,19.581585141434502,19.657308943959137,19.34918568364288,19.477134704589844,20093100,0.0,0.0
2013-07-02 00:00:00-04:00,19.404025384716544,19.761763651037214,19.377913516940747,19.508474349975586,20179200,0.0,0.0
2013-07-03 00:00:00-04:00,19.43013142535908,19.615529216940143,19.34657227821139,19.52152442932129,6949200,0.0,0.0
2013-07-05 00:00:00-04:00,19.62336655363981,19.65209020452199,19.43013635042053,19.639034271240234,16331700,0.0,0.0
2013-07-08 00:00:00-04:00,19.761764224047873,20.0463874758622,19.761764224047873,20.030719757080078,20140200,0.0,0.0
2013-07-09 00:00:00-04:00,20.096002689934238,20.221341462902465,20.038555378784793,20.114280700683594,15819300,0.0,0.0
2013-07-10 00:00:00-04:00,20.096007811859078,20.23701284676965,19.962835144868748,20.04639434814453,15432900,0.0,0.0
2013-07-11 00:00:00-04:00,20.22394866171671,20.302285750597342,20.192613228502182,20.270950317382812,14042100,0.0,0.0
2013-07-12 00:00:00-04:00,20.26572824323229,20.28139446568386,20.192613228502182,20.270950317382812,13373100,0.0,0.0
2013-07-15 00:00:00-04:00,20.184783947247727,20.184783947247727,20.028111228115456,20.114280700683594,14661600,0.0,0.0
2013-07-16 00:00:00-04:00,20.101221479906883,20.22394994222694,20.080331687826426,20.203060150146484,14122800,0.0,0.0
2013-07-17 00:00:00-04:00,20.268341469241125,20.312732841340214,20.129946772192795,20.15867042541504,16053900,0.0,0.0
2013-07-18 00:00:00-04:00,20.1638874247482,20.250058362724324,20.109051916638133,20.195222854614258,12449700,0.0,0.0
2013-07-19 00:00:00-04:00,20.223955469366103,20.41196364947223,20.19523181063592,20.38846206665039,20477700,0.0,0.0
2013-07-22 00:00:00-04:00,20.33884977701361,20.432853125381744,20.297070179037487,20.333627700805664,12474600,0.0,0.0
2013-07-23 00:00:00-04:00,20.35711998789483,20.532070667133258,20.315338914843807,20.511180877685547,15758700,0.0,0.0
2013-07-24 00:00:00-04:00,20.545138222330053,20.54774851345072,20.294460625365502,20.42763328552246,14790000,0.0,0.0
2013-07-25 00:00:00-04:00,20.3806162330983,20.48767694418551,20.27094523266844,20.37017059326172,17760600,0.0,0.0
2013-07-26 00:00:00-04:00,20.349287148656003,20.37539901323376,20.132555385518152,20.367565155029297,16047300,0.0,0.0
2013-07-29 00:00:00-04:00,20.3231824385716,20.432853511793876,20.31012650072669,20.36496353149414,10395000,0.0,0.0
2013-07-30 00:00:00-04:00,20.422401557579636,20.461570850307535,20.28661866053823,20.338842391967773,13601100,0.0,0.0
2013-07-31 00:00:00-04:00,20.34667802594053,20.492906578521023,20.297064580259807,20.351900100708008,18122400,0.0,0.0
2013-08-01 00:00:00-04:00,20.47723631800441,20.542517474039393,20.39628893961181,20.425012588500977,15506100,0.0,0.0
2013-08-02 00:00:00-04:00,20.43284747709681,20.56340980529785,20.36756780715216,20.56340980529785,18371700,0.0,0.0
2013-08-05 00:00:00-04:00,20.52946813085278,20.628693547588085,20.479854675407047,20.568635940551758,11718300,0.0,0.0
2013-08-06 00:00:00-04:00,20.51380203030816,20.516413815490274,20.25267879587925,20.333627700805664,20102700,0.0,0.0
2013-08-07 00:00:00-04:00,20.270565104909007,20.39403878636354,20.128703933083855,20.325735092163086,17459100,0.156667,0.0
2013-08-08 00:00:00-04:00,20.362519872994774,20.462349307504077,20.21014958025675,20.29421615600586,13424100,0.0,0.0
2013-08-09 00:00:00-04:00,20.28370903705131,20.312605607782807,20.168116741209385,20.202268600463867,17293800,0.0,0.0
2013-08-12 00:00:00-04:00,20.1129462568549,20.330994108987223,20.09455725852233,20.249553680419922,17361000,0.0,0.0
2013-08-13 00:00:00-04:00,20.273198035110113,20.29421467751627,20.023625970247817,20.19175910949707,19143000,0.0,0.0
2013-08-14 00:00:00-04:00,20.178624586692752,20.286335454446537,20.026254288488083,20.07091522216797,20460300,0.0,0.0
2013-08-15 00:00:00-04:00,19.561255710495754,19.724135043105033,19.44829108481006,19.548120498657227,39664500,0.0,0.0
2013-08-16 00:00:00-04:00,19.47193840456697,19.571766330752954,19.361601405334163,19.469310760498047,21763500,0.0,0.0
2013-08-19 00:00:00-04:00,19.40888900635516,19.422024220600974,19.23287442964922,19.330076217651367,16094700,0.0,0.0
2013-08-20 00:00:00-04:00,19.322195237820786,19.34058574077575,19.23024723273281,19.238128662109375,19989300,0.0,0.0
2013-08-21 00:00:00-04:00,19.219739478642634,19.474565344313625,19.159315688409617,19.322195053100586,24233700,0.0,0.0
2013-08-22 00:00:00-04:00,19.390501889922493,19.44829804527994,19.240759218788064,19.298555374145508,11842200,0.0,0.0
2013-08-23 00:00:00-04:00,19.34846340256682,19.374733828594962,19.18558405538054,19.29329490661621,16422300,0.0,0.0
2013-08-26 00:00:00-04:00,19.345840159847448,19.374736730869756,19.18558692932129,19.18558692932129,16044600,0.0,0.0
2013-08-27 00:00:00-04:00,19.09363738667879,19.20660202142357,19.04897646026335,19.14092445373535,17362800,0.0,0.0
2013-08-28 00:00:00-04:00,19.08837757428143,19.140919916623265,18.985922036073205,19.014820098876953,16825800,0.0,0.0
2013-08-29 00:00:00-04:00,19.00694318233052,19.146178242892873,18.97541897202808,19.0279598236084,12264600,0.0,0.0
2013-08-30 00:00:00-04:00,19.083127264024192,19.196091892550996,19.067364408130064,19.172449111938477,18198600,0.0,0.0
2013-09-03 00:00:00-04:00,19.303803880036288,19.330074305929802,19.056857968242486,19.093637466430664,21471000,0.0,0.0
2013-09-04 00:00:00-04:00,19.098891866324138,19.209228861214925,19.033214296245482,19.15406036376953,14002500,0.0,0.0
2013-09-05 00:00:00-04:00,19.135668153209302,19.303801261284885,19.07787202150118,19.091007232666016,14041500,0.0,0.0
2013-09-06 00:00:00-04:00,19.09889013351327,19.219736190073156,18.96490886477515,19.069992065429688,17370600,0.0,0.0
2013-09-09 00:00:00-04:00,19.138296740718374,19.348463152686822,19.09889110218507,19.311683654785156,16569000,0.0,0.0
2013-09-10 00:00:00-04:00,19.351088352704757,19.4955786822034,19.327444070633554,19.429901123046875,20535900,0.0,0.0
2013-09-11 00:00:00-04:00,19.440416626442364,19.503466562932516,19.351094755659513,19.453550338745117,16007400,0.0,0.0
2013-09-12 00:00:00-04:00,19.487696553444785,19.57701688822913,19.379985721079667,19.416765213012695,15785400,0.0,0.0
2013-09-13 00:00:00-04:00,19.474562713900053,19.54549406480143,19.43515707594539,19.53498649597168,12061200,0.0,0.0
2013-09-16 00:00:00-04:00,19.67684851152985,19.75303364418909,19.62168001902587,19.645322799682617,12601800,0.0,0.0
2013-09-17 00:00:00-04:00,19.661084282157503,19.826591251336428,19.647949070881623,19.742523193359375,12875400,0.0,0.0
2013-09-18 00:00:00-04:00,19.745148042622954,20.105058492916985,19.676844352363126,20.076160430908203,20645100,0.0,0.0
2013-09-19 00:00:00-04:00,20.097185055286708,20.105066484715472,19.866001970549146,20.020999908447266,21328500,0.0,0.0
2013-09-20 00:00:00-04:00,20.049902540943716,20.084054407414598,19.921175003051758,19.921175003051758,26542800,0.0,0.0
2013-09-23 00:00:00-04:00,19.805570306586905,20.07878807408295,19.755657112093587,20.076160430908203,16814100,0.0,0.0
2013-09-24 00:00:00-04:00,20.070916836681928,20.157611066718136,19.884393160524468,19.900156021118164,20624400,0.0,0.0
2013-09-25 00:00:00-04:00,19.942191951916357,19.950073383255795,19.32482769487729,19.61117935180664,44916900,0.0,0.0
2013-09-26 00:00:00-04:00,19.645329574713656,19.697871944836294,19.498213042891148,19.603296279907227,15234300,0.0,0.0
2013-09-27 00:00:00-04:00,19.540240280386556,19.56125692127479,19.45880136065543,19.53498649597168,12643800,0.0,0.0
2013-09-30 00:00:00-04:00,19.51396767721752,19.598034231388162,19.37210499124742,19.429901123046875,20257500,0.0,0.0
2013-10-01 00:00:00-04:00,19.406252474056878,19.411506256703163,19.26176368030059,19.33269500732422,17026500,0.0,0.0
2013-10-02 00:00:00-04:00,19.280163302690674,19.366857528686523,19.188215291151486,19.366857528686523,22128300,0.0,0.0
2013-10-03 00:00:00-04:00,19.316943622470202,19.316943622470202,19.16457331268513,19.219741821289062,21538800,0.0,0.0
2013-10-04 00:00:00-04:00,19.18033444729448,19.277536247347097,19.12253829486457,19.125165939331055,17243100,0.0,0.0
2013-10-07 00:00:00-04:00,19.025338733101318,19.025338733101318,18.786274168314986,18.880849838256836,20659200,0.0,0.0
2013-10-08 00:00:00-04:00,18.875585800202735,19.227614847477987,18.862449086688724,19.15142822265625,27672600,0.0,0.0
2013-10-09 00:00:00-04:00,19.13304823676823,19.267029549279297,19.064744509834483,19.17770767211914,19402200,0.0,0.0
2013-10-10 00:00:00-04:00,19.303803443694907,19.66896776698414,19.248633446045318,19.647951126098633,23040600,0.0,0.0
2013-10-11 00:00:00-04:00,19.600671404949576,19.658466061620782,19.39575870372099,19.655839920043945,19587600,0.0,0.0
2013-10-14 00:00:00-04:00,19.52973253978071,19.626934315130246,19.374733123460985,19.61905288696289,17712000,0.0,0.0
2013-10-15 00:00:00-04:00,19.553376176182983,19.80032209105456,19.437785398873622,19.537614822387695,26979900,0.0,0.0
2013-10-16 00:00:00-04:00,19.653202327979287,19.865996352693546,19.59015241360786,19.860742568969727,17743500,0.0,0.0
2013-10-17 00:00:00-04:00,19.831848231356236,19.99735372397991,18.83355698121641,19.90803337097168,19185300,0.0,0.0
2013-10-18 00:00:00-04:00,19.91328358668353,19.947435436029597,19.829217033453656,19.88964080810547,20365500,0.0,0.0
2013-10-21 00:00:00-04:00,19.892267307715816,19.918537730267573,19.655830498292865,19.742523193359375,16092300,0.0,0.0
2013-10-22 00:00:00-04:00,19.81607799116362,20.094549522319156,19.75828187118528,20.049888610839844,20845500,0.0,0.0
2013-10-23 00:00:00-04:00,20.013115115311894,20.057776040158846,19.915913340742602,19.939556121826172,17610300,0.0,0.0
2013-10-24 00:00:00-04:00,19.973703392290094,20.09980320656749,19.91853491144728,20.076160430908203,17592900,0.0,0.0
2013-10-25 00:00:00-04:00,20.063030151756852,20.165485712323907,19.908032237381672,19.986845016479492,19376400,0.0,0.0
2013-10-28 00:00:00-04:00,20.00786440655229,20.28370841968285,19.978966333471373,20.265317916870117,21097200,0.0,0.0
2013-10-29 00:00:00-04:00,20.294213646017724,20.394043068180125,20.162858510234035,20.244298934936523,22312800,0.0,0.0
2013-10-30 00:00:00-04:00,20.29946916200437,20.3677728763715,20.112947017931393,20.20489501953125,13938000,0.0,0.0
2013-10-31 00:00:00-04:00,20.197006589540635,20.267937923422906,20.123447612467032,20.162853240966797,13837200,0.0,0.0
2013-11-01 00:00:00-04:00,20.220654929727868,20.333618054760567,20.12082551360451,20.246925354003906,15348300,0.0,0.0
2013-11-04 00:00:00-05:00,20.286331347389932,20.39929597763911,20.28107756308801,20.315229415893555,14112300,0.0,0.0
2013-11-05 00:00:00-05:00,20.178625394083184,20.388793352634455,20.154982607377598,20.338878631591797,15256500,0.0,0.0
2013-11-06 00:00:00-05:00,20.396668595394242,20.564801721041107,20.307348248201524,20.53327751159668,14487600,0.0,0.0
2013-11-07 00:00:00-05:00,20.54116052192071,20.54904195069605,20.291588458026453,20.362518310546875,25042800,0.0,0.0
2013-11-08 00:00:00-05:00,20.357269663863597,20.480743408203125,20.173373621301213,20.480743408203125,17381400,0.0,0.0
2013-11-11 00:00:00-05:00,20.454464057365563,20.772341301250368,20.436075061066244,20.75657844543457,22351500,0.0,0.0
2013-11-12 00:00:00-05:00,20.71454479186217,20.746070502925257,20.55691924300402,20.677766799926758,15798300,0.0,0.0
2013-11-13 00:00:00-05:00,20.6015803672714,20.75132448982722,20.58319137112398,20.727680206298828,24860100,0.0,0.0
2013-11-14 00:00:00-05:00,20.425569521311026,20.8931894322032,20.407179019956523,20.77497100830078,27906300,0.0,0.0
2013-11-15 00:00:00-05:00,20.735561869038136,20.830137500994407,20.688274804674336,20.811748504638672,17733300,0.0,0.0
2013-11-18 00:00:00-05:00,20.81437464513025,20.838018928926484,20.73030808482631,20.811748504638672,17888100,0.0,0.0
2013-11-19 00:00:00-05:00,20.832763377938537,20.84590009314493,20.722426394742616,20.819629669189453,13365000,0.0,0.0
2013-11-20 00:00:00-05:00,20.835391049178835,20.85640768901674,20.619970866647478,20.727680206298828,13533900,0.0,0.0
2013-11-21 00:00:00-05:00,20.685656032346728,20.806500628406592,20.635739803254005,20.717180252075195,11523000,0.0,0.0
2013-11-22 00:00:00-05:00,20.719802862502746,20.98251014158453,20.68827714720478,20.966747283935547,14436300,0.0,0.0
2013-11-25 00:00:00-05:00,21.03242734019395,21.166408639581825,20.99302169464476,21.129629135131836,17011200,0.0,0.0
2013-11-26 00:00:00-05:00,21.132258744623382,21.195308685302734,21.045564512478336,21.195308685302734,16613400,0.0,0.0
2013-11-27 00:00:00-05:00,21.161151184126645,21.27936960350034,21.116490257666662,21.2609806060791,14439900,0.0,0.0
2013-11-29 00:00:00-05:00,21.32403629253699,21.371323372419507,21.23208827412538,21.282001495361328,10341600,0.0,0.0
2013-12-02 00:00:00-05:00,21.25047525858561,21.35293083914015,21.113867817846227,21.308271408081055,18535200,0.0,0.0
2013-12-03 00:00:00-05:00,21.334537506103516,21.3660632187824,21.20055623367568,21.334537506103516,22519200,0.0,0.0
2013-12-04 00:00:00-05:00,21.308113294317163,21.501007070091234,21.11522103052234,21.197134017944336,22923600,0.156667,0.0
2013-12-05 00:00:00-05:00,21.06501310760199,21.078224780556372,20.84041164341947,20.991025924682617,19350000,0.0,0.0
2013-12-06 00:00:00-05:00,21.06237054607361,21.19977466882643,21.043874506001476,21.123146057128906,15264300,0.0,0.0
2013-12-09 00:00:00-05:00,21.202427430906297,21.252631207500336,21.059738875168055,21.125797271728516,13474800,0.0,0.0
2013-12-10 00:00:00-05:00,21.065018323218215,21.08615730757496,20.887979140233053,20.895906448364258,18857100,0.0,0.0
2013-12-11 00:00:00-05:00,20.901194881468864,21.065022420090816,20.887983202673826,20.89855194091797,17996400,0.0,0.0
2013-12-12 00:00:00-05:00,20.9038278777161,20.943462895246164,20.7162184993242,20.742643356323242,17074800,0.0,0.0
2013-12-13 00:00:00-05:00,20.80342098001093,20.813989715070345,20.592031159029975,20.63166618347168,14943600,0.0,0.0
2013-12-16 00:00:00-05:00,20.676591698012203,20.74265311560176,20.504838362594143,20.541831970214844,18440700,0.0,0.0
2013-12-17 00:00:00-05:00,20.541826537366646,20.58146156306216,20.40442239339277,20.412349700927734,17296200,0.0,0.0
2013-12-18 00:00:00-05:00,20.42028449238622,20.60525103737981,20.2960919781283,20.594680786132812,31901100,0.0,0.0
2013-12-19 00:00:00-05:00,20.523332567002882,20.565610539920634,20.39914158854933,20.409711837768555,17866200,0.0,0.0
2013-12-20 00:00:00-05:00,20.42027632207229,20.57881793150457,20.412349014803787,20.459911346435547,28706400,0.0,0.0
2013-12-23 00:00:00-05:00,20.53918590240643,20.607888738092758,20.44406122527072,20.57617950439453,13475700,0.0,0.0
2013-12-24 00:00:00-05:00,20.59731370789268,20.673942322234844,20.512757786966276,20.61316680908203,6284700,0.0,0.0
2013-12-26 00:00:00-05:00,20.626383720983974,20.747931745289687,20.602601796934906,20.713581085205078,8334600,0.0,0.0
2013-12-27 00:00:00-05:00,20.769072798457245,20.856270165017452,20.689801228146603,20.734722137451172,9150000,0.0,0.0
2013-12-30 00:00:00-05:00,20.77171224489344,20.84305650016872,20.724149912036353,20.776996612548828,9259500,0.0,0.0
2013-12-31 00:00:00-05:00,20.78492700043444,20.84041816096758,20.703013997708535,20.79285430908203,11577300,0.0,0.0
2014-01-02 00:00:00-05:00,20.800781201602202,20.998959377888784,20.742650125982006,20.85098648071289,20634000,0.0,0.0
2014-01-03 00:00:00-05:00,20.82455983955774,20.909115767452516,20.74792970692125,20.78228187561035,14872200,0.0,0.0
2014-01-06 00:00:00-05:00,20.837770411438225,20.850982085475138,20.555036353506587,20.666015625,21840600,0.0,0.0
2014-01-07 00:00:00-05:00,20.655449281474468,20.83512988354991,20.589389391664152,20.729434967041016,15036900,0.0,0.0
2014-01-08 00:00:00-05:00,20.742649677398006,20.745291105517556,20.504834963809433,20.565608978271484,17865600,0.0,0.0
2014-01-09 00:00:00-05:00,20.713583649391815,20.71622658971758,20.475770427379256,20.634313583374023,17748900,0.0,0.0
2014-01-10 00:00:00-05:00,20.692445651804405,20.80078353064527,20.488983084403486,20.62110137939453,15543900,0.0,0.0
2014-01-13 00:00:00-05:00,20.50482960649994,20.60259719690701,20.409704955501354,20.47576332092285,18473700,0.0,0.0
2014-01-14 00:00:00-05:00,20.467844333347603,20.61053287981693,20.446705345425467,20.599964141845703,12264600,0.0,0.0
2014-01-15 00:00:00-05:00,20.59996823848201,20.63696034071746,20.496914706880446,20.52069664001465,14977200,0.0,0.0
2014-01-16 00:00:00-05:00,20.44934551333882,20.47048449839488,20.174538707610008,20.282875061035156,21604500,0.0,0.0
2014-01-17 00:00:00-05:00,20.274949807186808,20.29873022102408,20.0899817930221,20.132261276245117,34322100,0.0,0.0
2014-01-21 00:00:00-05:00,20.148117540244623,20.185109634121563,19.780825934069515,20.039779663085938,26913300,0.0,0.0
2014-01-22 00:00:00-05:00,20.103191167993355,20.103191167993355,19.825741467353975,19.910297393798828,17561100,0.0,0.0
2014-01-23 00:00:00-05:00,19.775536026383794,19.849523217374205,19.67776842627299,19.8072452545166,18018900,0.0,0.0
2014-01-24 00:00:00-05:00,19.746475234185986,19.849528742322477,19.614356941476775,19.664562225341797,27998400,0.0,0.0
2014-01-27 00:00:00-05:00,19.58793006211266,19.651348529518632,19.508660001814164,19.593215942382812,27266100,0.0,0.0
2014-01-28 00:00:00-05:00,19.622279663204143,19.923511319180193,19.58000320718474,19.73061752319336,18070200,0.0,0.0
2014-01-29 00:00:00-05:00,19.89444169097442,19.915580671428913,19.572072617038227,19.579999923706055,25301100,0.0,0.0
2014-01-30 00:00:00-05:00,19.69625980993596,19.841591217875617,19.648697490964278,19.751750946044922,20198700,0.0,0.0
2014-01-31 00:00:00-05:00,19.532438109910252,19.868020404424122,19.458452426634153,19.733259201049805,31634400,0.0,0.0
2014-02-03 00:00:00-05:00,19.603780800757324,19.68569378498609,19.167789507449612,19.19949722290039,31292100,0.0,0.0
2014-02-04 00:00:00-05:00,19.202143887847797,19.315766121549945,19.104376270936523,19.217998504638672,23266500,0.0,0.0
2014-02-05 00:00:00-05:00,19.096446500513952,19.33161824599395,19.096446500513952,19.254989624023438,14322900,0.0,0.0
2014-02-06 00:00:00-05:00,19.28141204765816,19.34482899161951,19.15722109939272,19.241775512695312,22059300,0.0,0.0
2014-02-07 00:00:00-05:00,19.30255333587175,19.500731498433105,19.15722338891714,19.487518310546875,21862800,0.0,0.0
2014-02-10 00:00:00-05:00,19.445240595624774,19.49015998840332,19.278770163624017,19.49015998840332,18612300,0.0,0.0
2014-02-11 00:00:00-05:00,19.52715378738398,19.778180151888712,19.466379779124573,19.76496696472168,19533600,0.0,0.0
2014-02-12 00:00:00-05:00,19.611708542315778,19.865376319461394,19.611708542315778,19.8072452545166,16019400,0.0,0.0
2014-02-13 00:00:00-05:00,19.733264543907968,19.947297368154924,19.70155530536188,19.912946701049805,15750600,0.0,0.0
2014-02-14 00:00:00-05:00,19.923509765094057,20.079409948926457,19.844238203284835,20.026561737060547,14726700,0.0,0.0
2014-02-18 00:00:00-05:00,19.947293914857003,19.989571884279435,19.780823465269016,19.90501594543457,17981400,0.0,0.0
2014-02-19 00:00:00-05:00,19.82045562001272,19.90237011887563,19.661914013661907,19.778179168701172,24390900,0.0,0.0
2014-02-20 00:00:00-05:00,19.302553496915635,19.55357987717808,19.23913654484608,19.42674446105957,39237300,0.0,0.0
2014-02-21 00:00:00-05:00,19.33954820098428,19.39503784821544,19.241779071313744,19.3210506439209,26913000,0.0,0.0
2014-02-24 00:00:00-05:00,19.352758202236092,19.50601545388962,19.326333339001856,19.381824493408203,21964500,0.0,0.0
2014-02-25 00:00:00-05:00,19.33690358669142,19.484876470489848,19.313121663374414,19.381824493408203,28448100,0.0,0.0
2014-02-26 00:00:00-05:00,19.537723149397195,19.844237628613524,19.49808661365078,19.759681701660156,27066600,0.0,0.0
2014-02-27 00:00:00-05:00,19.759678283049798,19.759678283049798,19.57735478609769,19.70154571533203,16344600,0.0,0.0
2014-02-28 00:00:00-05:00,19.680424803566922,19.868032824852452,19.606437562058662,19.738555908203125,22333800,0.0,0.0
2014-03-03 00:00:00-05:00,19.683060454324284,19.730622803055653,19.508664167656075,19.58529281616211,16042800,0.0,0.0
2014-03-04 00:00:00-05:00,19.7570371487743,19.94728948086437,19.727972374239073,19.852163314819336,22631400,0.0,0.0
2014-03-05 00:00:00-05:00,19.902371108236792,19.90501404806606,19.706835896291544,19.76496696472168,16574400,0.0,0.0
2014-03-06 00:00:00-05:00,19.780819835057365,19.84687971714878,19.68833660492105,19.786104202270508,15319800,0.0,0.0
2014-03-07 00:00:00-05:00,19.935035101240484,19.935035101240484,19.77546911637109,19.83397674560547,15163800,0.16,0.0
2014-03-10 00:00:00-04:00,19.818025632238975,19.839301001654498,19.693031885838753,19.794090270996094,14481000,0.0,0.0
2014-03-11 00:00:00-04:00,19.87121457491392,19.937699152444615,19.732923914528094,19.924402236938477,27016800,0.0,0.0
2014-03-12 00:00:00-04:00,19.905784291870077,20.145131783575298,19.897805839248672,20.086624145507812,25882800,0.0,0.0
2014-03-13 00:00:00-04:00,20.134486662677816,20.25947881880441,19.92173156345193,19.927051544189453,17473500,0.0,0.0
2014-03-14 00:00:00-04:00,19.857909169891105,19.964285978348947,19.751532361433263,19.754192352294922,19857000,0.0,0.0
2014-03-17 00:00:00-04:00,19.759514447879038,19.905783537504618,19.682391437773816,19.860572814941406,17341200,0.0,0.0
2014-03-18 00:00:00-04:00,19.855246311848752,19.94300773007741,19.799398689969994,19.884498596191406,11831400,0.0,0.0
2014-03-19 00:00:00-04:00,19.8286576104427,19.97492668977621,19.6850485222731,19.78078842163086,17283300,0.0,0.0
2014-03-20 00:00:00-04:00,19.685047351428477,20.126513032600954,19.642498147475234,20.046730041503906,25912500,0.0,0.0
2014-03-21 00:00:00-04:00,20.1823649363953,20.48287854900611,20.06534965515143,20.23821258544922,51480600,0.0,0.0
2014-03-24 00:00:00-04:00,20.267464959304867,20.42437097246504,20.240871132459873,20.413732528686523,21838500,0.0,0.0
2014-03-25 00:00:00-04:00,20.44564743353727,20.514791995731926,20.2541691308745,20.4429874420166,22146600,0.0,0.0
2014-03-26 00:00:00-04:00,20.49883384949859,20.61850759120345,20.272783279418945,20.272783279418945,23183400,0.0,0.0
2014-03-27 00:00:00-04:00,20.3126702318522,20.429685482112568,20.222250325027126,20.248844146728516,16789800,0.0,0.0
2014-03-28 00:00:00-04:00,20.280763361182313,20.371183292131946,20.1504511653032,20.214277267456055,17613300,0.0,0.0
2014-03-31 00:00:00-04:00,20.304692427905042,20.419046160640896,20.21693099399095,20.32596778869629,14086800,0.0,0.0
2014-04-01 00:00:00-04:00,20.413735195652237,20.544047398992138,20.355227551562123,20.41639518737793,17310000,0.0,0.0
2014-04-02 00:00:00-04:00,20.365864664375298,20.52808914913867,20.30203856274376,20.52543067932129,18234300,0.0,0.0
2014-04-03 00:00:00-04:00,20.530743304555052,20.623823199858638,20.47755566251521,20.59988784790039,18121500,0.0,0.0
2014-04-04 00:00:00-04:00,20.631804008289,20.716905462665128,20.54404256281335,20.559999465942383,20280600,0.0,0.0
2014-04-07 00:00:00-04:00,20.53872410234835,20.669036275012065,20.501491835625284,20.559999465942383,23027100,0.0,0.0
2014-04-08 00:00:00-04:00,20.50149184560404,20.825940760137446,20.424368842754888,20.79136848449707,22496100,0.0,0.0
2014-04-09 00:00:00-04:00,20.79668702638981,20.802005486489062,20.55201960101718,20.735519409179688,20633400,0.0,0.0
2014-04-10 00:00:00-04:00,20.730201005611598,20.780730181027085,20.384475228740783,20.448301315307617,22798800,0.0,0.0
2014-04-11 00:00:00-04:00,20.419052257534695,20.538727529236237,20.288741584862674,20.344589233398438,23937000,0.0,0.0
2014-04-14 00:00:00-04:00,20.461597654701187,20.62382208457745,20.421705403594707,20.578611373901367,16127700,0.0,0.0
2014-04-15 00:00:00-04:00,20.485535115106245,20.559999649216163,20.328629116984825,20.44564437866211,20785800,0.0,0.0
2014-04-16 00:00:00-04:00,20.559999502685546,20.602550229949653,20.485534969106336,20.53606414794922,15110400,0.0,0.0
2014-04-17 00:00:00-04:00,20.49884192014219,20.677024889773723,20.49884192014219,20.65308952331543,20894100,0.0,0.0
2014-04-21 00:00:00-04:00,20.586592024914058,20.671693474060536,20.52542592899026,20.637121200561523,13785300,0.0,0.0
2014-04-22 00:00:00-04:00,20.61584508999744,20.698286545215545,20.58127281775327,20.626482009887695,19396500,0.0,0.0
2014-04-23 00:00:00-04:00,20.695632830229215,20.817965045738294,20.629146739573574,20.754138946533203,17418600,0.0,0.0
2014-04-24 00:00:00-04:00,20.788716052042602,20.86849906916105,20.66372230348565,20.825946807861328,13042500,0.0,0.0
2014-04-25 00:00:00-04:00,20.825943235618364,20.95093696273533,20.748820223601967,20.90838623046875,16177800,0.0,0.0
2014-04-28 00:00:00-04:00,20.972215584628916,21.27273074856442,20.964237130873567,21.211563110351562,28796100,0.0,0.0
2014-04-29 00:00:00-04:00,21.232835086752978,21.24081353923336,21.161030536163754,21.187625885009766,14087100,0.0,0.0
2014-04-30 00:00:00-04:00,21.16634516617211,21.25676506852627,21.145068283782372,21.198257446289062,18335100,0.0,0.0
2014-05-01 00:00:00-04:00,21.20357705261646,21.20357705261646,21.051989539974823,21.195598602294922,15294000,0.0,0.0
2014-05-02 00:00:00-04:00,21.16900540028738,21.211556125147172,21.012099412150157,21.041353225708008,16860000,0.0,0.0
2014-05-05 00:00:00-04:00,20.97221232886862,20.9961476864189,20.8791324118187,20.90838623046875,13773000,0.0,0.0
2014-05-06 00:00:00-04:00,20.83125774907933,20.847213128189452,20.735517865749504,20.74615478515625,16916700,0.0,0.0
2014-05-07 00:00:00-04:00,20.83178638541314,20.898682557234352,20.74615652940258,20.861221313476562,18258600,0.16,0.0
2014-05-08 00:00:00-04:00,20.871924627514364,21.094023292237896,20.871924627514364,21.056560516357422,14461800,0.0,0.0
2014-05-09 00:00:00-04:00,21.011066564572257,21.214434574712964,21.011066564572257,21.19302749633789,14689200,0.0,0.0
2014-05-12 00:00:00-04:00,21.126134322443896,21.201058341779856,21.045857384390537,21.179651260375977,17999400,0.0,0.0
2014-05-13 00:00:00-04:00,21.185003097335297,21.238521567557903,21.136837545943642,21.17697525024414,13091100,0.0,0.0
2014-05-14 00:00:00-04:00,21.152890517005623,21.152890517005623,20.89065264963805,21.06993865966797,16824900,0.0,0.0
2014-05-15 00:00:00-04:00,20.411668987419098,20.722072398823293,20.403642672546336,20.5588436126709,39107400,0.0,0.0
2014-05-16 00:00:00-04:00,20.604334959694654,20.70601744028751,20.510677263103776,20.607009887695312,21731400,0.0,0.0
2014-05-19 00:00:00-04:00,20.633765235386374,20.639116621733834,20.470536468127136,20.499971389770508,18393900,0.0,0.0
2014-05-20 00:00:00-04:00,20.433080137709588,20.435756597303836,20.208304997609318,20.253795623779297,22310100,0.0,0.0
2014-05-21 00:00:00-04:00,20.32069697860732,20.32604836760044,20.141412432514816,20.245771408081055,17112300,0.0,0.0
2014-05-22 00:00:00-04:00,20.28055263591096,20.315340483511704,20.133379523079284,20.17351722717285,15731100,0.0,0.0
2014-05-23 00:00:00-04:00,20.219008307723918,20.269850319419728,20.184221990491057,20.23238754272461,11110800,0.0,0.0
2014-05-27 00:00:00-04:00,20.259145000006086,20.285903466647497,20.146756684032965,20.227033615112305,16112400,0.0,0.0
2014-05-28 00:00:00-04:00,20.17083985509068,20.32068940916873,20.160135549936136,20.21097755432129,15110700,0.0,0.0
2014-05-29 00:00:00-04:00,20.24844460403253,20.387591413512197,20.22168613222485,20.331398010253906,12010500,0.0,0.0
2014-05-30 00:00:00-04:00,20.352802551410512,20.55349414230622,20.33942331617151,20.54279136657715,17894400,0.0,0.0
2014-06-02 00:00:00-04:00,20.49195170517606,20.6337734523682,20.462516771810822,20.540117263793945,13171200,0.0,0.0
2014-06-03 00:00:00-04:00,20.53476696920661,20.59631329903269,20.433082926920065,20.5267391204834,21640800,0.0,0.0
2014-06-04 00:00:00-04:00,20.49729649305776,20.68460880988743,20.478565873836796,20.639118194580078,18599700,0.0,0.0
2014-06-05 00:00:00-04:00,20.61771519988543,20.722075683635136,20.569549647238425,20.689964294433594,14087400,0.0,0.0
2014-06-06 00:00:00-04:00,20.727426263301492,20.76221257947666,20.623067314775984,20.66053009033203,12566700,0.0,0.0
2014-06-09 00:00:00-04:00,20.623065580319757,20.807701452035488,20.52405802772756,20.607009887695312,16642800,0.0,0.0
2014-06-10 00:00:00-04:00,20.553497426214566,20.58828528078055,20.47322047079907,20.502656936645508,10097100,0.0,0.0
2014-06-11 00:00:00-04:00,20.483923247706112,20.534765264629023,20.350129352788453,20.37956428527832,13389900,0.0,0.0
2014-06-12 00:00:00-04:00,20.350126080922976,20.387588855446452,20.22435852312742,20.264497756958008,16009800,0.0,0.0
2014-06-13 00:00:00-04:00,20.24844350731742,20.27252551817782,20.101270389191097,20.14408302307129,14944500,0.0,0.0
2014-06-16 00:00:00-04:00,20.09859619621522,20.197603772630522,20.074512651483595,20.160140991210938,11540700,0.0,0.0
2014-06-17 00:00:00-04:00,20.14675603393056,20.18154234567292,20.047748485628063,20.06648063659668,19632600,0.0,0.0
2014-06-18 00:00:00-04:00,20.079860161619347,20.326042356364542,20.047750306001173,20.2564697265625,20222100,0.0,0.0
2014-06-19 00:00:00-04:00,20.304638734735704,20.41167415695654,20.283231650291537,20.301963806152344,15765900,0.0,0.0
2014-06-20 00:00:00-04:00,20.379564025959997,20.38223895450793,20.10127193187154,20.251121520996094,33992100,0.0,0.0
2014-06-23 00:00:00-04:00,20.219005225200426,20.320689233089638,20.14943260134152,20.280550003051758,12802200,0.0,0.0
2014-06-24 00:00:00-04:00,20.344778073723347,20.392945165948024,20.251123411538384,20.328723907470703,16956900,0.0,0.0
2014-06-25 00:00:00-04:00,20.27252479756442,20.293933410476498,20.144082307023545,20.235063552856445,12954600,0.0,0.0
2014-06-26 00:00:00-04:00,20.20830711335297,20.23239065875655,19.9888848694684,20.04507827758789,20766300,0.0,0.0
2014-06-27 00:00:00-04:00,20.015642785132172,20.1708452992546,19.980856463512378,20.160140991210938,41882400,0.0,0.0
2014-06-30 00:00:00-04:00,20.17619350324114,20.253793982476736,20.05310240152198,20.087888717651367,19961400,0.0,0.0
2014-07-01 00:00:00-04:00,20.141408094728643,20.18154580026619,20.002262823940896,20.14408302307129,19813500,0.0,0.0
2014-07-02 00:00:00-04:00,20.13873091937316,20.30998757342766,20.13605445997033,20.235063552856445,13100400,0.0,0.0
2014-07-03 00:00:00-04:00,20.232392712999054,20.35013246094136,20.20830916515021,20.269855499267578,8622000,0.0,0.0
2014-07-07 00:00:00-04:00,20.25379616297855,20.392942973631744,20.216333383438602,20.355480194091797,15084000,0.0,0.0
2014-07-08 00:00:00-04:00,20.360829672049373,20.598984031807085,20.344773977873512,20.510679244995117,23881500,0.0,0.0
2014-07-09 00:00:00-04:00,20.54279037605738,20.69263994712632,20.5026526722757,20.66053009033203,18720300,0.0,0.0
2014-07-10 00:00:00-04:00,20.58025413999381,20.756862188732256,20.58025413999381,20.620391845703125,16117500,0.0,0.0
2014-07-11 00:00:00-04:00,20.569550653006058,20.596310655700904,20.486598778771576,20.556171417236328,13642500,0.0,0.0
2014-07-14 00:00:00-04:00,20.639122013732454,20.671233402516147,20.46519042833843,20.48392105102539,14468700,0.0,0.0
2014-07-15 00:00:00-04:00,20.486601309053267,20.585608890901916,20.486601309053267,20.561525344848633,13970700,0.0,0.0
2014-07-16 00:00:00-04:00,20.57758205046086,20.61771976469406,20.524065098149933,20.566879272460938,11172600,0.0,0.0
2014-07-17 00:00:00-04:00,20.49194354467187,20.6177095451891,20.454480777929863,20.499971389770508,13890900,0.0,0.0
2014-07-18 00:00:00-04:00,20.50265763027607,20.631100150824004,20.47322116343376,20.6284236907959,14739900,0.0,0.0
2014-07-21 00:00:00-04:00,20.540114907067217,20.580254143939555,20.465190883497733,20.54279136657715,10372800,0.0,0.0
2014-07-22 00:00:00-04:00,20.56152017108591,20.57489940514157,20.443781992703013,20.50800323486328,13149600,0.0,0.0
2014-07-23 00:00:00-04:00,20.505329042660364,20.620392305646646,20.494626266694617,20.601661682128906,11982900,0.0,0.0
2014-07-24 00:00:00-04:00,20.51870983790806,20.54814477078438,20.38759240100637,20.43040657043457,21684900,0.0,0.0
2014-07-25 00:00:00-04:00,20.387593777197143,20.43308287831301,20.283233275199258,20.328723907470703,11845200,0.0,0.0
2014-07-28 00:00:00-04:00,20.184222090282297,20.318015972106004,20.165491467419784,20.25914764404297,16529700,0.0,0.0
2014-07-29 00:00:00-04:00,20.12534906148262,20.339419851148236,20.109293369468933,20.1868953704834,18880500,0.0,0.0
2014-07-30 00:00:00-04:00,20.304637928076385,20.315342235450938,19.98085521453825,20.010290145874023,29931600,0.0,0.0
2014-07-31 00:00:00-04:00,19.798890314167824,19.868462933888438,19.678474162371796,19.689178466796875,28894800,0.0,0.0
2014-08-01 00:00:00-04:00,19.619609913470114,19.769459488394503,19.592851443593865,19.678478240966797,24671700,0.0,0.0
2014-08-04 00:00:00-04:00,19.635664076702685,19.702561782548596,19.550035748174462,19.678478240966797,16206300,0.0,0.0
2014-08-05 00:00:00-04:00,19.6169378187445,19.67313123044964,19.472439599413775,19.62496566772461,31739700,0.0,0.0
2014-08-06 00:00:00-04:00,19.71384852675168,20.010133912361248,19.71115443477171,19.98589324951172,23804400,0.16,0.0
2014-08-07 00:00:00-04:00,20.02360423054423,20.15019882008508,19.86737925088038,19.918556213378906,21147000,0.0,0.0
2014-08-08 00:00:00-04:00,19.94818173930643,20.12864735345226,19.891618143136345,20.112485885620117,14988900,0.0,0.0
2014-08-11 00:00:00-04:00,20.010134230195934,20.09363412923323,19.93740915800711,20.028989791870117,14164200,0.0,0.0
2014-08-12 00:00:00-04:00,20.01552753477565,20.05054303381663,19.934721707088716,19.99128532409668,11784600,0.0,0.0
2014-08-13 00:00:00-04:00,20.004749782689526,20.04245936893352,19.800041921287324,19.940105438232422,19857300,0.0,0.0
2014-08-14 00:00:00-04:00,19.90239815359889,20.04784833075863,19.82698051363198,20.03707504272461,18408900,0.0,0.0
2014-08-15 00:00:00-04:00,20.107109885168082,20.107109885168082,19.794662895009402,19.90509605407715,20828100,0.0,0.0
2014-08-18 00:00:00-04:00,19.972431503131517,20.115187593467617,19.94549519946504,20.064010620117188,12047100,0.0,0.0
2014-08-19 00:00:00-04:00,20.150200008809893,20.185215502849793,19.969734353956,20.16905403137207,15143700,0.0,0.0
2014-08-20 00:00:00-04:00,20.155586221690914,20.21484392168163,20.0693937639745,20.190603256225586,14694900,0.0,0.0
2014-08-21 00:00:00-04:00,20.217538488912123,20.44648701744459,20.201377017399942,20.349519729614258,15781800,0.0,0.0
2014-08-22 00:00:00-04:00,20.41146809407972,20.524595293173423,20.37375851396765,20.398000717163086,12413400,0.0,0.0
2014-08-25 00:00:00-04:00,20.451868525963242,20.47611072714496,20.338741336266626,20.387224197387695,10180800,0.0,0.0
2014-08-26 00:00:00-04:00,20.424938199233043,20.511130656006536,20.31989172050636,20.34143829345703,12668700,0.0,0.0
2014-08-27 00:00:00-04:00,20.338739759326504,20.433012923845116,20.31988574291968,20.43031883239746,9601200,0.0,0.0
2014-08-28 00:00:00-04:00,20.327976370332674,20.45457098762975,20.327976370332674,20.443796157836914,8771100,0.0,0.0
2014-08-29 00:00:00-04:00,20.4033869166905,20.438402404162,20.27948489400811,20.336050033569336,15241500,0.0,0.0
2014-09-02 00:00:00-04:00,20.31450243286401,20.45456593813626,20.311809882012746,20.40338897705078,13597200,0.0,0.0
2014-09-03 00:00:00-04:00,20.457259261225136,20.559611638305967,20.438403699761977,20.473419189453125,14128200,0.0,0.0
2014-09-04 00:00:00-04:00,20.513828091284747,20.632341968040578,20.500360710374512,20.62156867980957,15846900,0.0,0.0
2014-09-05 00:00:00-04:00,20.610790924247343,20.93670673623118,20.600017637545808,20.87744903564453,23525400,0.0,0.0
2014-09-08 00:00:00-04:00,20.775097350335088,20.826274320803446,20.586552482745702,20.613487243652344,17816700,0.0,0.0
2014-09-09 00:00:00-04:00,20.621564889395884,20.740080285610556,20.516516871616027,20.670047760009766,16896000,0.0,0.0
2014-09-10 00:00:00-04:00,20.6835181635213,20.76162989461311,20.570390935129215,20.60809898376465,20091300,0.0,0.0
2014-09-11 00:00:00-04:00,20.564996192626104,20.589236851310957,20.494963684361796,20.497657775878906,14859900,0.0,0.0
2014-09-12 00:00:00-04:00,20.462642557236098,20.484190665925045,20.37914267278999,20.408771514892578,16956900,0.0,0.0
2014-09-15 00:00:00-04:00,20.411471113771285,20.441099963868194,20.36568079248648,20.419551849365234,11245500,0.0,0.0
2014-09-16 00:00:00-04:00,20.37375559266589,20.62425215813115,20.362982309174317,20.556915283203125,12328500,0.0,0.0
2014-09-17 00:00:00-04:00,20.567695089711826,20.59732394057382,20.4734218936717,20.53537368774414,12717000,0.0,0.0
2014-09-18 00:00:00-04:00,20.5542241825122,20.626949251010362,20.446483625707977,20.529983520507812,14255100,0.0,0.0
2014-09-19 00:00:00-04:00,20.591938754368616,20.758937043207617,20.573083189080563,20.696985244750977,39970500,0.0,0.0
2014-09-22 00:00:00-04:00,20.6835165200813,20.702372084143715,20.538067898523845,20.554227828979492,13352100,0.0,0.0
2014-09-23 00:00:00-04:00,20.470722710875993,20.52998193910677,20.354902969820102,20.36298370361328,20124000,0.0,0.0
2014-09-24 00:00:00-04:00,20.3980052238004,20.82358090160909,20.389924487616604,20.761629104614258,25303800,0.0,0.0
2014-09-25 00:00:00-04:00,20.72122701153716,20.753548415102202,20.5030517578125,20.5030517578125,14890500,0.0,0.0
2014-09-26 00:00:00-04:00,20.53807018582395,20.6242611149147,20.43302214932793,20.60271453857422,11258700,0.0,0.0
2014-09-29 00:00:00-04:00,20.486887053923805,20.53806555554462,20.3764539394826,20.49227523803711,14877900,0.0,0.0
2014-09-30 00:00:00-04:00,20.48149736794602,20.6646570695199,20.40877230564774,20.597318649291992,16922100,0.0,0.0
2014-10-01 00:00:00-04:00,20.608098245952426,20.702372987894456,20.446488145641553,20.5030517578125,19574700,0.0,0.0
2014-10-02 00:00:00-04:00,20.52729005408363,20.71583641954661,20.459951626063265,20.532676696777344,14763600,0.0,0.0
2014-10-03 00:00:00-04:00,20.624253521805876,20.869365002974384,20.613480237601973,20.82626724243164,17459100,0.0,0.0
2014-10-06 00:00:00-04:00,20.7535390794639,20.987875700180023,20.737379155572075,20.8343448638916,16289100,0.0,0.0
2014-10-07 00:00:00-04:00,20.748159627529446,20.925932723118276,20.66466126414149,20.820884704589844,21179700,0.0,0.0
2014-10-08 00:00:00-04:00,20.850510047406882,21.141410306727533,20.688898449730427,21.074071884155273,24321300,0.0,0.0
2014-10-09 00:00:00-04:00,21.039060083539493,21.232993109981756,20.91785213466842,20.971721649169922,21218100,0.0,0.0
2014-10-10 00:00:00-04:00,20.990573945343172,21.378439937861643,20.990573945343172,21.087539672851562,30234000,0.0,0.0
2014-10-13 00:00:00-04:00,21.017509125830536,21.165651811908724,20.861285705421903,20.890913009643555,24603600,0.0,0.0
2014-10-14 00:00:00-04:00,20.96364371128825,21.179124880535035,20.92054747743889,21.004047393798828,23703300,0.0,0.0
2014-10-15 00:00:00-04:00,20.89630192265137,20.925930769149566,20.02898926331879,20.255245208740234,63173100,0.0,0.0
2014-10-16 00:00:00-04:00,19.724619789296394,19.95087571389076,19.557621552243695,19.88353729248047,43039800,0.0,0.0
2014-10-17 00:00:00-04:00,19.980511511566732,20.066702439930573,19.670755590019105,19.95896339416504,34386900,0.0,0.0
2014-10-20 00:00:00-04:00,19.969732067870567,20.260632356197018,19.910474373397758,20.239084243774414,21122100,0.0,0.0
2014-10-21 00:00:00-04:00,20.249858313254087,20.52459714258832,20.204067994617503,20.47611427307129,24899100,0.0,0.0
2014-10-22 00:00:00-04:00,20.597324764880415,20.648501732849894,20.473422713019726,20.478809356689453,17782800,0.0,0.0
2014-10-23 00:00:00-04:00,20.570393995590557,20.645811645324947,20.41147641718513,20.53807258605957,19101300,0.0,0.0
2014-10-24 00:00:00-04:00,20.505745073155136,20.605404913797727,20.336054243073335,20.573081970214844,13438800,0.0,0.0
2014-10-27 00:00:00-04:00,20.559609971624653,20.73468894713003,20.554223329318663,20.629642486572266,12322200,0.0,0.0
2014-10-28 00:00:00-04:00,20.64042198747965,20.68621231397737,20.47072960317385,20.565004348754883,14938800,0.0,0.0
2014-10-29 00:00:00-04:00,20.618873286524497,20.64311549537953,20.46264982832857,20.575777053833008,17279100,0.0,0.0
2014-10-30 00:00:00-04:00,20.516522643552143,20.63234398016693,20.465347207599656,20.591941833496094,14617200,0.0,0.0
2014-10-31 00:00:00-04:00,20.71045149629073,20.84782092468466,20.473422226781015,20.543453216552734,22712100,0.0,0.0
2014-11-03 00:00:00-05:00,20.565000047142952,20.573079240724002,20.360292208257956,20.546144485473633,20683200,0.0,0.0
2014-11-04 00:00:00-05:00,20.602711227650634,20.8397404829769,20.546146079496783,20.810110092163086,20714700,0.0,0.0
2014-11-05 00:00:00-05:00,20.974419249487923,21.071386549548755,20.820888333242838,20.92862892150879,17021400,0.0,0.0
2014-11-06 00:00:00-05:00,21.049831042396985,21.057911776927238,20.785867059793016,20.958251953125,13865700,0.0,0.0
2014-11-07 00:00:00-05:00,20.966336464037727,21.300333025647987,20.90438620980423,21.216833114624023,28496400,0.0,0.0
2014-11-10 00:00:00-05:00,21.1710443698366,21.583151117138474,21.122559953836426,21.39729881286621,37921500,0.0,0.0
2014-11-11 00:00:00-05:00,21.386523081892587,21.391909724862817,21.238378840891585,21.281475067138672,16807200,0.0,0.0
2014-11-12 00:00:00-05:00,21.232989413485086,21.39729356185038,21.184506550625677,21.33264923095703,20373600,0.0,0.0
2014-11-13 00:00:00-05:00,21.80671070348739,22.3723482525245,21.77977440782465,22.34002685546875,68437200,0.0,0.0
2014-11-14 00:00:00-05:00,22.2430668874966,22.396597812355214,22.113778174323986,22.345420837402344,31909800,0.0,0.0
2014-11-17 00:00:00-05:00,22.243063631442343,22.550125436210287,22.229596251780332,22.509721755981445,23980200,0.0,0.0
2014-11-18 00:00:00-05:00,22.490862194462263,22.603990937755356,22.447767511948154,22.5689754486084,18289200,0.0,0.0
2014-11-19 00:00:00-05:00,22.614767182753642,23.06727756058065,22.603992355517395,22.89219856262207,36569400,0.0,0.0
2014-11-20 00:00:00-05:00,22.843712950808854,22.97300161466707,22.63631103728249,22.781761169433594,23438100,0.0,0.0
2014-11-21 00:00:00-05:00,22.98647140653608,23.013406162359512,22.781763563295723,22.80061912536621,19948800,0.0,0.0
2014-11-24 00:00:00-05:00,22.854487906335475,23.059195743031147,22.83293979411712,23.00263214111328,23986500,0.0,0.0
2014-11-25 00:00:00-05:00,23.029574320886802,23.032266872505584,22.730593204187993,22.881431579589844,20026500,0.0,0.0
2014-11-26 00:00:00-05:00,22.86795192136297,22.92451705620618,22.754824734161208,22.889501571655273,11828400,0.0,0.0
2014-11-28 00:00:00-05:00,23.212726437222074,23.727187034406253,23.137307274432196,23.579044342041016,23461800,0.0,0.0
2014-12-01 00:00:00-05:00,23.358179988686096,23.452451644071406,23.096906972752848,23.22350311279297,27422700,0.0,0.0
2014-12-02 00:00:00-05:00,23.236966704166676,23.352787997107953,23.145387614832593,23.271982192993164,20298900,0.0,0.0
2014-12-03 00:00:00-05:00,23.280112498674775,23.293656664922473,22.936125702663293,23.006547927856445,19122900,0.16,0.0
2014-12-04 00:00:00-05:00,22.78714209940488,22.97403258926648,22.657131189079212,22.957780838012695,20704200,0.0,0.0
2014-12-05 00:00:00-05:00,22.971333460326626,22.974041053298247,22.61921928608048,22.784442901611328,19710300,0.0,0.0
2014-12-08 00:00:00-05:00,22.79256564587213,22.933411615749755,22.711309965020607,22.81423568725586,18798000,0.0,0.0
2014-12-09 00:00:00-05:00,22.657138636480518,22.80881808171749,22.386281709345234,22.632761001586914,19900800,0.0,0.0
2014-12-10 00:00:00-05:00,22.7329803734278,22.83590455448899,22.4539975527845,22.475666046142578,20920800,0.0,0.0
2014-12-11 00:00:00-05:00,22.535253766617902,22.88736793008062,22.524418745504626,22.70589256286621,24098400,0.0,0.0
2014-12-12 00:00:00-05:00,22.621923800593546,23.022790064842713,22.621923800593546,22.700471878051758,21852300,0.0,0.0
2014-12-15 00:00:00-05:00,22.822361226582778,22.941538711253884,22.494624693590094,22.735687255859375,18953100,0.0,0.0
2014-12-16 00:00:00-05:00,22.649017702743865,22.957793396208345,22.46483625395914,22.470252990722656,22312200,0.0,0.0
2014-12-17 00:00:00-05:00,22.556921381667735,22.8223600154588,22.46753827290774,22.81423568725586,19923000,0.0,0.0
2014-12-18 00:00:00-05:00,22.968620025292257,23.280104748227362,22.827774071943498,23.27739715576172,25937700,0.0,0.0
2014-12-19 00:00:00-05:00,23.364074118448027,23.385744161514893,23.066133499145508,23.066133499145508,36206400,0.0,0.0
2014-12-22 00:00:00-05:00,23.109468801040677,23.401992663179804,23.10134292294615,23.396575927734375,13727400,0.0,0.0
2014-12-23 00:00:00-05:00,23.48054561801181,23.58617894845542,23.39116249619976,23.47241973876953,16657800,0.0,0.0
2014-12-24 00:00:00-05:00,23.556386564081528,23.58347179727473,23.39929035173721,23.410123825073242,7475400,0.0,0.0
2014-12-26 00:00:00-05:00,23.342416044925262,23.602438062298237,23.296369898153745,23.54014015197754,9747900,0.0,0.0
2014-12-29 00:00:00-05:00,23.418251043496017,23.58347314521236,23.401999282709962,23.467004776000977,10816800,0.0,0.0
2014-12-30 00:00:00-05:00,23.43450373997312,23.59972584828644,23.423670265585333,23.50763511657715,9796200,0.0,0.0
2014-12-31 00:00:00-05:00,23.5861816322141,23.68369064436351,23.25573743797782,23.261154174804688,12454200,0.0,0.0
2015-01-02 00:00:00-05:00,23.366785735568058,23.488672378924345,23.17176927599227,23.266569137573242,13505400,0.0,0.0
2015-01-05 00:00:00-05:00,23.21781725749644,23.380330211813614,23.160936096139594,23.198856353759766,20937000,0.0,0.0
2015-01-06 00:00:00-05:00,23.288237572088452,23.496798196932193,23.236774701659105,23.377620697021484,24615300,0.0,0.0
2015-01-07 00:00:00-05:00,23.504926018150766,24.019553249036633,23.47513163874727,23.99788475036621,25495200,0.0,0.0
2015-01-08 00:00:00-05:00,24.163105789973308,24.558555460385083,24.12518553394667,24.504384994506836,38140800,0.0,0.0
2015-01-09 00:00:00-05:00,24.463758041877984,24.482717396860885,24.173941680855975,24.201026916503906,25567500,0.0,0.0
2015-01-12 00:00:00-05:00,24.203731191017592,24.461043977616626,24.165810938826834,24.382495880126953,22117500,0.0,0.0
2015-01-13 00:00:00-05:00,24.593761005780003,24.639807131235337,24.08725982518234,24.190185546875,24646200,0.0,0.0
2015-01-14 00:00:00-05:00,23.74056606954611,23.976210353422253,23.429079734201114,23.45887565612793,35862900,0.0,0.0
2015-01-15 00:00:00-05:00,23.564510860689204,23.775779075077747,23.483253616716226,23.667436599731445,28238100,0.0,0.0
2015-01-16 00:00:00-05:00,23.61868050999332,23.68910272445868,23.355949452372645,23.50221061706543,25226700,0.0,0.0
2015-01-20 00:00:00-05:00,23.51575424302345,23.754107659480155,23.171765957433603,23.48054313659668,23559300,0.0,0.0
2015-01-21 00:00:00-05:00,23.320743578486105,23.54013614968502,23.21510868322995,23.467004776000977,24521400,0.0,0.0
2015-01-22 00:00:00-05:00,23.626809297105684,23.94371085106437,23.526591148979627,23.916624069213867,21371400,0.0,0.0
2015-01-23 00:00:00-05:00,23.949125119100255,24.17664352419379,23.805571544485925,23.973501205444336,22697400,0.0,0.0
2015-01-26 00:00:00-05:00,23.919337963400483,24.149565580814503,23.867875082471542,24.006011962890625,14000100,0.0,0.0
2015-01-27 00:00:00-05:00,23.911205449295764,23.959960722874378,23.634931765095367,23.70806312561035,18061500,0.0,0.0
2015-01-28 00:00:00-05:00,23.840780158385083,23.89765975370816,23.50220862931948,23.5157527923584,17810400,0.0,0.0
2015-01-29 00:00:00-05:00,23.58346821038731,23.759525299072266,23.366783278091777,23.759525299072266,19568400,0.0,0.0
2015-01-30 00:00:00-05:00,23.504916187290572,23.662013899335452,22.99570590658465,23.017375946044922,30840600,0.0,0.0
2015-02-02 00:00:00-05:00,22.965914709604625,23.258440134611106,22.732979576560133,23.215103149414062,20781600,0.0,0.0
2015-02-03 00:00:00-05:00,23.24760441458841,23.437202544096767,23.201558291075592,23.345111846923828,24850500,0.0,0.0
2015-02-04 00:00:00-05:00,23.323444781719715,23.575340805474422,23.293651961579084,23.469707489013672,26796900,0.0,0.0
2015-02-05 00:00:00-05:00,23.59430766104728,23.66202229629585,23.445335773471072,23.640352249145508,15272400,0.0,0.0
2015-02-06 00:00:00-05:00,23.634925898962887,23.83535902997371,23.504914968060863,23.653886795043945,16852800,0.0,0.0
2015-02-09 00:00:00-05:00,23.55638281103621,23.615971554449967,23.19614430743048,23.269275665283203,16368600,0.0,0.0
2015-02-10 00:00:00-05:00,23.461583045628025,23.675560384161134,23.407412587674706,23.643056869506836,17196300,0.0,0.0
2015-02-11 00:00:00-05:00,23.46429793005889,23.597018064285066,23.2719890376207,23.38574981689453,17559300,0.0,0.0
2015-02-12 00:00:00-05:00,23.44533455165277,23.477838070831226,23.085095996592432,23.26386070251465,20824800,0.0,0.0
2015-02-13 00:00:00-05:00,23.250321010211096,23.33699500578338,23.109476542332782,23.24219512939453,16791000,0.0,0.0
2015-02-17 00:00:00-05:00,23.13926237481869,23.28552507578345,23.014668164743046,23.28281593322754,15261600,0.0,0.0
2015-02-18 00:00:00-05:00,23.282822246408628,23.374912970194796,23.163644739276883,23.372203826904297,18098100,0.0,0.0
2015-02-19 00:00:00-05:00,22.88736552002062,22.96862119547619,22.58671425133596,22.621925354003906,55940400,0.0,0.0
2015-02-20 00:00:00-05:00,22.407958273059787,22.854870860543727,22.359202989082682,22.833202362060547,41521200,0.0,0.0
2015-02-23 00:00:00-05:00,22.8575761622306,22.984879546712666,22.814240719462816,22.914457321166992,20191200,0.0,0.0
2015-02-24 00:00:00-05:00,22.892787849335917,22.97404510000194,22.73027489785701,22.90633201599121,15593100,0.0,0.0
2015-02-25 00:00:00-05:00,22.922586219254537,22.946963863656766,22.62193635422746,22.635478973388672,20425200,0.0,0.0
2015-02-26 00:00:00-05:00,22.71130951340049,22.71401710613004,22.554211790535383,22.697765350341797,17664300,0.0,0.0
2015-02-27 00:00:00-05:00,22.67610302850484,22.79527897890655,22.589427496594894,22.732982635498047,17632200,0.0,0.0
2015-03-02 00:00:00-05:00,22.732982061329597,22.751941413230792,22.535256463561378,22.741107940673828,18184500,0.0,0.0
2015-03-03 00:00:00-05:00,22.659845001556928,22.70318198059811,22.527124922048582,22.581296920776367,19382400,0.0,0.0
2015-03-04 00:00:00-05:00,22.537967114388618,22.537967114388618,22.26440099100837,22.367326736450195,18643200,0.0,0.0
2015-03-05 00:00:00-05:00,22.52171973255177,22.716736238209354,22.47025684982712,22.635478973388672,17992500,0.0,0.0
2015-03-06 00:00:00-05:00,22.429620459948772,22.508170106396054,22.3131521115959,22.370033264160156,17193000,0.0,0.0
2015-03-09 00:00:00-04:00,22.370033597790815,22.573175924705488,22.356489432790607,22.44858169555664,14014500,0.0,0.0
2015-03-10 00:00:00-04:00,22.283359382845184,22.345657276013313,22.229188919067383,22.229188919067383,18933300,0.0,0.0
2015-03-11 00:00:00-04:00,22.294585885182062,22.335459320963007,21.945807548716125,21.98668098449707,18482700,0.163333,0.0
2015-03-12 00:00:00-04:00,22.019371374236446,22.37632428762922,22.01119668960465,22.316377639770508,15677400,0.0,0.0
2015-03-13 00:00:00-04:00,22.330003153597946,22.411748440754216,22.150163210021812,22.316377639770508,14286600,0.0,0.0
2015-03-16 00:00:00-04:00,22.46624823567505,22.716933411546123,22.46352282059486,22.695133209228516,19557300,0.0,0.0
2015-03-17 00:00:00-04:00,22.61067211382935,22.618846802822762,22.409034982533505,22.5125789642334,14406000,0.0,0.0
2015-03-18 00:00:00-04:00,22.338175876746593,22.605208794903525,22.11473867419504,22.488040924072266,30756900,0.0,0.0
2015-03-19 00:00:00-04:00,22.433541356445414,22.46351467481068,22.171957733433686,22.21282958984375,21638700,0.0,0.0
2015-03-20 00:00:00-04:00,22.297302848356964,22.749624971789487,22.264605671288912,22.68150520324707,37095900,0.0,0.0
2015-03-23 00:00:00-04:00,22.665159906435193,22.861347681569033,22.64881053538358,22.70058250427246,19517100,0.0,0.0
2015-03-24 00:00:00-04:00,22.667885870284824,22.80957783397311,22.60521535430773,22.629737854003906,16077300,0.0,0.0
2015-03-25 00:00:00-04:00,22.64063598895434,22.684233272585264,22.155615039188937,22.158340454101562,19937700,0.0,0.0
2015-03-26 00:00:00-04:00,22.052077812412705,22.428104081797624,21.975781768651068,22.313661575317383,24801600,0.0,0.0
2015-03-27 00:00:00-04:00,22.302752635049387,22.392672602603852,22.139262068434284,22.16651153564453,17152200,0.0,0.0
2015-03-30 00:00:00-04:00,22.261879866323735,22.561611520136616,22.18830927025939,22.488040924072266,17105100,0.0,0.0
2015-03-31 00:00:00-04:00,22.449899157456066,22.627013720100518,22.411752700805664,22.411752700805664,16763100,0.0,0.0
2015-04-01 00:00:00-04:00,22.419922680067977,22.419922680067977,21.915828536582357,21.992124557495117,24920100,0.0,0.0
2015-04-02 00:00:00-04:00,21.99756622314453,22.15833133526902,21.948519689034356,21.99756622314453,17387100,0.0,0.0
2015-04-06 00:00:00-04:00,21.92400873907011,22.161069987343982,21.83953957102346,22.06842613220215,19142100,0.0,0.0
2015-04-07 00:00:00-04:00,22.095672763825505,22.150168595738997,21.924007463141496,21.934906005859375,19818300,0.0,0.0
2015-04-08 00:00:00-04:00,21.90493177042175,22.13381829253965,21.896757084721624,22.079320907592773,20084100,0.0,0.0
2015-04-09 00:00:00-04:00,22.027549743652344,22.177414829206988,21.95670454387465,22.027549743652344,11770800,0.0,0.0
2015-04-10 00:00:00-04:00,22.03300556159372,22.071153587871787,21.948536379771646,21.975784301757812,16440900,0.0,0.0
2015-04-13 00:00:00-04:00,21.907658879172093,22.049350853743615,21.87223627531974,21.877685546875,14094300,0.0,0.0
2015-04-14 00:00:00-04:00,21.877685033372327,21.913109195555325,21.711470561122386,21.83953857421875,16595100,0.0,0.0
2015-04-15 00:00:00-04:00,21.956704060858744,22.06569727318132,21.7032934779421,21.72781753540039,18601200,0.0,0.0
2015-04-16 00:00:00-04:00,21.66242273180171,21.768690534643426,21.561604200068338,21.591577529907227,24045300,0.0,0.0
2015-04-17 00:00:00-04:00,21.50983582405156,21.567057078164158,21.131084133342227,21.22100257873535,35468400,0.0,0.0
2015-04-20 00:00:00-04:00,21.359963193463138,21.479856499437457,21.25914467298208,21.29184341430664,26542800,0.0,0.0
2015-04-21 00:00:00-04:00,21.419909184293726,21.482581250174473,21.229170690228255,21.261869430541992,18600600,0.0,0.0
2015-04-22 00:00:00-04:00,21.180124463824015,21.428084198080498,21.131077911762784,21.37086296081543,22784100,0.0,0.0
2015-04-23 00:00:00-04:00,21.357243193794055,21.67332276813595,21.308196632113773,21.57522964477539,22406700,0.0,0.0
2015-04-24 00:00:00-04:00,21.629721434944177,22.052071858832743,21.591574982524282,21.755064010620117,20603400,0.0,0.0
2015-04-27 00:00:00-04:00,21.73599019618678,21.760514251360288,21.60519835358491,21.626996994018555,19349400,0.0,0.0
2015-04-28 00:00:00-04:00,21.651525237760033,21.65697450913219,21.463510563381178,21.553430557250977,14687700,0.0,0.0
2015-04-29 00:00:00-04:00,21.44443988232827,21.468962385998104,21.19648007506552,21.22100257873535,21325200,0.0,0.0
2015-04-30 00:00:00-04:00,21.207377780299304,21.38449236681372,21.14198184116259,21.267324447631836,26387700,0.0,0.0
2015-05-01 00:00:00-04:00,21.308199220376594,21.460788195436113,21.300024532576572,21.417192459106445,14999100,0.0,0.0
2015-05-04 00:00:00-04:00,21.520733811611098,21.676048183459,21.37904183889219,21.57522964477539,20007600,0.0,0.0
2015-05-05 00:00:00-04:00,21.52889900613488,21.52889900613488,21.27004077566624,21.289113998413086,17566200,0.0,0.0
2015-05-06 00:00:00-04:00,21.365895508088926,21.420736834456097,21.160243279965506,21.291860580444336,16440300,0.163333,0.0
2015-05-07 00:00:00-04:00,21.313807327307,21.481070866510382,21.195899907917145,21.396068572998047,16614300,0.0,0.0
2015-05-08 00:00:00-04:00,21.55235633556943,21.73058870320893,21.497515003602608,21.533161163330078,16042200,0.0,0.0
2015-05-11 00:00:00-04:00,21.475573851455202,21.555092430889037,21.396055272021368,21.41524887084961,11234700,0.0,0.0
2015-05-12 00:00:00-04:00,21.393314893339447,21.79365201648035,21.35218507626421,21.651065826416016,25347000,0.0,0.0
2015-05-13 00:00:00-04:00,21.711390715562548,21.779941979381213,21.382347473436454,21.431703567504883,25263600,0.0,0.0
2015-05-14 00:00:00-04:00,21.489291133638268,21.598972240861613,21.393319968692555,21.585262298583984,18510600,0.0,0.0
2015-05-15 00:00:00-04:00,21.582516995990552,21.73058685379693,21.544128223781122,21.72784423828125,19851600,0.0,0.0
2015-05-18 00:00:00-04:00,21.76349001687909,21.91978614951516,21.705907644066322,21.9143009185791,24900900,0.0,0.0
2015-05-19 00:00:00-04:00,21.437190641894478,21.48654831282214,20.902495092195693,20.95733642578125,67375800,0.0,0.0
2015-05-20 00:00:00-04:00,20.971042831641398,20.976526493374866,20.792810488787374,20.81200408935547,31625700,0.0,0.0
2015-05-21 00:00:00-04:00,20.784579332460247,20.95458535830382,20.718770700101597,20.869583129882812,20268600,0.0,0.0
2015-05-22 00:00:00-04:00,20.894267276399123,20.943623374693185,20.80103874206543,20.80103874206543,20445000,0.0,0.0
2015-05-26 00:00:00-04:00,20.776357497460623,20.792810051316792,20.51586552707945,20.53780174255371,31720800,0.0,0.0
2015-05-27 00:00:00-04:00,20.567957642844018,20.705060132826393,20.56521659720534,20.6173152923584,20961300,0.0,0.0
2015-05-28 00:00:00-04:00,20.584413070426002,20.609091898633345,20.469248343461867,20.521347045898438,15076500,0.0,0.0
2015-05-29 00:00:00-04:00,20.51586948266648,20.53232047069261,20.332153446522693,20.36505699157715,19125300,0.0,0.0
2015-06-01 00:00:00-04:00,20.480222631683834,20.587161110760228,20.403445080806826,20.49118995666504,16938000,0.0,0.0
2015-06-02 00:00:00-04:00,20.439090577083135,20.56522422428578,20.406187034205367,20.43634796142578,17393400,0.0,0.0
2015-06-03 00:00:00-04:00,20.48296597525752,20.620068535911397,20.41989992703841,20.535064697265625,18281400,0.0,0.0
2015-06-04 00:00:00-04:00,20.41715366743823,20.55973986575237,20.277310084688573,20.332151412963867,26948400,0.0,0.0
2015-06-05 00:00:00-04:00,20.337630084035357,20.365049956942876,20.01132951703156,20.03326416015625,31905300,0.0,0.0
2015-06-08 00:00:00-04:00,20.134721322475706,20.151173874481408,19.90713291640254,19.909873962402344,28779000,0.0,0.0
2015-06-09 00:00:00-04:00,19.93455842771832,19.97568825036199,19.8413298883247,19.871492385864258,25006800,0.0,0.0
2015-06-10 00:00:00-04:00,19.93729811902637,20.107302616218448,19.835841747183384,19.997621536254883,33647400,0.0,0.0
2015-06-11 00:00:00-04:00,20.079884805973357,20.20053479085679,19.972946330373844,20.0003662109375,22260000,0.0,0.0
2015-06-12 00:00:00-04:00,19.94552513728486,19.989396001898513,19.852295039100138,19.86052131652832,21739800,0.0,0.0
2015-06-15 00:00:00-04:00,19.797457941950793,19.852297706838677,19.660355391726682,19.72342300415039,22700400,0.0,0.0
2015-06-16 00:00:00-04:00,19.802938744073924,19.901650934213865,19.665837782656457,19.838584899902344,18646800,0.0,0.0
2015-06-17 00:00:00-04:00,19.915363811531016,19.989398749559193,19.835845210797622,19.942785263061523,17111700,0.0,0.0
2015-06-18 00:00:00-04:00,19.945526717288256,20.148436346583757,19.945526717288256,20.011335372924805,25129800,0.0,0.0
2015-06-19 00:00:00-04:00,19.961975200792494,20.077141510463754,19.93455532330016,19.945524215698242,43652100,0.0,0.0
2015-06-22 00:00:00-04:00,20.011334519622274,20.06891689472362,19.931814357908742,19.9592342376709,19468500,0.0,0.0
2015-06-23 00:00:00-04:00,19.98665730736628,20.000367248359243,19.835844818439327,19.89891242980957,23628900,0.0,0.0
2015-06-24 00:00:00-04:00,19.89616930200929,19.920848136562853,19.78100454543026,19.846813201904297,22015200,0.0,0.0
2015-06-25 00:00:00-04:00,19.86600149215573,19.915357579061226,19.695995449479334,19.704221725463867,15879600,0.0,0.0
2015-06-26 00:00:00-04:00,19.73164408206193,19.868745027148474,19.706965252965603,19.775516510009766,20693400,0.0,0.0
2015-06-29 00:00:00-04:00,19.687770134932386,19.74261145450685,19.580831679914596,19.583574295043945,24563400,0.0,0.0
2015-06-30 00:00:00-04:00,19.6905132963206,19.6905132963206,19.408083552230362,19.449214935302734,33307800,0.0,0.0
2015-07-01 00:00:00-04:00,19.632933191899284,19.728904338127276,19.292921041319993,19.70970916748047,32321700,0.0,0.0
2015-07-02 00:00:00-04:00,19.748094151380247,19.896163981098454,19.649381977569252,19.704221725463867,19758300,0.0,0.0
2015-07-06 00:00:00-04:00,19.57261367643686,19.931819529122293,19.57261367643686,19.88794708251953,31609500,0.0,0.0
2015-07-07 00:00:00-04:00,19.923585061944387,20.252629845251285,19.74261168632704,20.233434677124023,37263900,0.0,0.0
2015-07-08 00:00:00-04:00,20.099072796535292,20.17859293836975,19.989391735903556,20.03326416015625,23373000,0.0,0.0
2015-07-09 00:00:00-04:00,20.200532458582877,20.21698501262236,19.93729786995879,19.956491470336914,26087400,0.0,0.0
2015-07-10 00:00:00-04:00,20.03875344038098,20.167628124297146,20.03875344038098,20.049720764160156,16737900,0.0,0.0
2015-07-13 00:00:00-04:00,20.15665749535454,20.321179889887087,20.15665749535454,20.258113861083984,18253500,0.0,0.0
2015-07-14 00:00:00-04:00,20.28553338218089,20.315695872950748,20.148432435137554,20.233434677124023,16554600,0.0,0.0
2015-07-15 00:00:00-04:00,20.178598299174656,20.263600555370996,20.068917209404177,20.195049285888672,13700100,0.0,0.0
2015-07-16 00:00:00-04:00,20.282798339773098,20.32941182830455,20.225214387348153,20.244409561157227,15695100,0.0,0.0
2015-07-17 00:00:00-04:00,20.219721806355327,20.310209265539278,20.10181447554045,20.123750686645508,17041800,0.0,0.0
2015-07-20 00:00:00-04:00,20.11279414370109,20.137471413792426,20.033273962955352,20.04424285888672,15256800,0.0,0.0
2015-07-21 00:00:00-04:00,20.04423640227142,20.096335110908008,19.887940276361654,19.945524215698242,19323300,0.0,0.0
2015-07-22 00:00:00-04:00,19.956496298720452,20.241667172059007,19.956496298720452,20.060693740844727,20884800,0.0,0.0
2015-07-23 00:00:00-04:00,20.036007408193818,20.077138787856523,19.85777509065941,19.88245391845703,12758700,0.0,0.0
2015-07-24 00:00:00-04:00,19.88794101955996,19.896167296915454,19.605511250028563,19.62744903564453,17853300,0.0,0.0
2015-07-27 00:00:00-04:00,19.572607040405273,19.64664196507143,19.471152238159622,19.572607040405273,18592800,0.0,0.0
2015-07-28 00:00:00-04:00,19.61373675707833,19.84955146866791,19.531477124757984,19.77003288269043,25776900,0.0,0.0
2015-07-29 00:00:00-04:00,19.811165229372296,19.915362659756386,19.76729436126554,19.805683135986328,14819100,0.0,0.0
2015-07-30 00:00:00-04:00,19.75084522883814,19.887946226318796,19.682293945596623,19.78649139404297,13813500,0.0,0.0
2015-07-31 00:00:00-04:00,19.863266682484312,19.876976623762374,19.649388146741682,19.737133026123047,23785200,0.0,0.0
2015-08-03 00:00:00-04:00,19.698736976944236,19.846806798487787,19.698736976944236,19.79196548461914,15395400,0.0,0.0
2015-08-04 00:00:00-04:00,19.857781819718927,19.961979258170786,19.723423451296277,19.811166763305664,17620200,0.0,0.0
2015-08-05 00:00:00-04:00,19.98509782865878,20.34399669688001,19.946446913975304,20.294301986694336,26147400,0.163333,0.0
2015-08-06 00:00:00-04:00,20.250127461797305,20.258408332109518,20.059634270584265,20.095523834228516,19103100,0.0,0.0
2015-08-07 00:00:00-04:00,20.07343510300362,20.10656331629664,19.648278377782308,19.670364379882812,23392500,0.0,0.0
2015-08-10 00:00:00-04:00,19.73938335678487,19.808404289680446,19.695212929596984,19.733863830566406,18060300,0.0,0.0
2015-08-11 00:00:00-04:00,19.67036714961857,19.979571222563887,19.64276003803452,19.85809898376465,20487600,0.0,0.0
2015-08-12 00:00:00-04:00,19.747672395451115,20.059637890704767,19.675893255208788,20.037551879882812,26524200,0.0,0.0
2015-08-13 00:00:00-04:00,19.98785079022694,20.089998352133325,19.869138331872097,19.90778923034668,22957200,0.0,0.0
2015-08-14 00:00:00-04:00,19.96024431953476,20.043067224704387,19.888463625872806,19.982330322265625,17737500,0.0,0.0
2015-08-17 00:00:00-04:00,19.8304912032479,19.94092281408745,19.811166540194655,19.852577209472656,22813200,0.0,0.0
2015-08-18 00:00:00-04:00,19.32526942223581,19.46330812163218,19.115453189886733,19.181711196899414,63945000,0.0,0.0
2015-08-19 00:00:00-04:00,19.013303853000348,19.156862064945795,18.70962095425722,18.93048095703125,49000200,0.0,0.0
2015-08-20 00:00:00-04:00,18.795205891293456,19.132018621138798,18.756556570909442,18.89183235168457,29580300,0.0,0.0
2015-08-21 00:00:00-04:00,18.74828160360989,18.858711662448997,18.370058059692383,18.370058059692383,47239500,0.0,0.0
2015-08-24 00:00:00-04:00,17.59704608918955,18.265147491061136,16.978636234749004,17.65502166748047,66718800,0.0,0.0
2015-08-25 00:00:00-04:00,18.069133099400396,18.140912229816486,17.39274772832052,17.42035484313965,44403000,0.0,0.0
2015-08-26 00:00:00-04:00,17.732314865223724,17.903481768171623,17.39826350718037,17.897960662841797,41784900,0.0,0.0
2015-08-27 00:00:00-04:00,18.03323941656184,18.270664361910395,17.93109184233413,18.243057250976562,41738400,0.0,0.0
2015-08-28 00:00:00-04:00,18.245821759792562,18.254104210452937,17.793057795226485,17.928335189819336,42909000,0.0,0.0
2015-08-31 00:00:00-04:00,17.895203282771146,17.944897980889476,17.74888369098171,17.870357513427734,24525600,0.0,0.0
2015-09-01 00:00:00-04:00,17.613606167052755,17.757165994240086,17.46728657646989,17.61912727355957,40181700,0.0,0.0
2015-09-02 00:00:00-04:00,17.831701160952345,17.928327604822034,17.68538003414492,17.7902889251709,28543800,0.0,0.0
2015-09-03 00:00:00-04:00,17.867597185158132,17.947658763719648,17.77649181314891,17.906248092651367,25571400,0.0,0.0
2015-09-04 00:00:00-04:00,17.688145645122155,17.751642315690358,17.53354361356354,17.638452529907227,27697200,0.0,0.0
2015-09-08 00:00:00-04:00,18.008397286337498,18.359013668941856,17.994593728082236,18.325883865356445,53120400,0.0,0.0
2015-09-09 00:00:00-04:00,18.458398398113292,18.499809069464188,17.947658886206337,17.97802734375,28392600,0.0,0.0
2015-09-10 00:00:00-04:00,17.68814651720835,17.84826966285976,17.621888500416482,17.701950073242188,43574400,0.0,0.0
2015-09-11 00:00:00-04:00,17.718517613774413,17.85655477440656,17.666063145196684,17.8482723236084,24187200,0.0,0.0
2015-09-14 00:00:00-04:00,17.848266103585107,17.8537887886699,17.619123643744018,17.746118545532227,20870100,0.0,0.0
2015-09-15 00:00:00-04:00,17.801341744273515,17.86207866775134,17.682629241009057,17.757169723510742,20582400,0.0,0.0
2015-09-16 00:00:00-04:00,17.83446090135987,17.881394241948747,17.682620249590673,17.85930824279785,16876200,0.0,0.0
2015-09-17 00:00:00-04:00,17.862066951103213,18.024949788571142,17.71298608388965,17.798568725585938,21399300,0.0,0.0
2015-09-18 00:00:00-04:00,17.599805618463837,17.73232167556675,17.46452821777777,17.486614227294922,38655600,0.0,0.0
2015-09-21 00:00:00-04:00,17.599806575629383,17.668824371801513,17.49489762978843,17.591524124145508,21358800,0.0,0.0
2015-09-22 00:00:00-04:00,17.456239706058398,17.619122572703876,17.370655469316194,17.555625915527344,26402400,0.0,0.0
2015-09-23 00:00:00-04:00,17.591524124145508,17.649499704816535,17.4258798336163,17.591524124145508,17629800,0.0,0.0
2015-09-24 00:00:00-04:00,17.492136312672745,17.663303275470962,17.475571411175768,17.621891021728516,20868600,0.0,0.0
2015-09-25 00:00:00-04:00,17.6881472082779,17.795817477093653,17.563913619403856,17.60808563232422,21489000,0.0,0.0
2015-09-28 00:00:00-04:00,17.55839166731147,17.655018138386836,17.52526186935844,17.574954986572266,28183200,0.0,0.0
2015-09-29 00:00:00-04:00,17.599803182437178,17.67986475839086,17.456244930303896,17.60808563232422,22920300,0.0,0.0
2015-09-30 00:00:00-04:00,17.787534617829724,17.928333103237403,17.649495895843685,17.900724411010742,23937600,0.0,0.0
2015-10-01 00:00:00-04:00,17.878634050612973,17.928328736688076,17.63568804431326,17.743356704711914,23511600,0.0,0.0
2015-10-02 00:00:00-04:00,17.602560283987092,17.939373016357422,17.50593540258715,17.939373016357422,21252000,0.0,0.0
2015-10-05 00:00:00-04:00,18.002870451976786,18.19888312844909,17.983544212794623,18.18507957458496,18900900,0.0,0.0
2015-10-06 00:00:00-04:00,18.093980390058363,18.20717178192281,17.99459413647847,18.132631301879883,22232700,0.0,0.0
2015-10-07 00:00:00-04:00,18.17679656973963,18.320356369018555,18.157470331149245,18.320356369018555,21408000,0.0,0.0
2015-10-08 00:00:00-04:00,18.28447276044885,18.494289052595267,18.262385172100863,18.46392059326172,17923500,0.0,0.0
2015-10-09 00:00:00-04:00,18.480484055154555,18.50257006206624,18.361771570539776,18.41146469116211,20262000,0.0,0.0
2015-10-12 00:00:00-04:00,18.405937342729832,18.49704110302396,18.381090000986728,18.47771644592285,16931700,0.0,0.0
2015-10-13 00:00:00-04:00,18.392134070568044,18.480478069601467,18.292746281797786,18.422502517700195,26575200,0.0,0.0
2015-10-14 00:00:00-04:00,18.389374525025435,18.759315452053542,16.570038339984343,16.572799682617188,242694300,0.0,0.0
2015-10-15 00:00:00-04:00,16.481698521197835,16.69427772592167,16.18077686607144,16.37955093383789,138760500,0.0,0.0
2015-10-16 00:00:00-04:00,16.418198513679073,16.423719619513278,16.114515576780033,16.258073806762695,78585300,0.0,0.0
2015-10-19 00:00:00-04:00,16.230467267727583,16.371265739594346,16.150405701316206,16.247032165527344,53417400,0.0,0.0
2015-10-20 00:00:00-04:00,16.249795237090147,16.288446142829496,16.169732082445865,16.219425201416016,31271100,0.0,0.0
2015-10-21 00:00:00-04:00,16.233226491023824,16.299484493855946,16.169728250987585,16.189054489135742,39352800,0.0,0.0
2015-10-22 00:00:00-04:00,16.271877530661186,16.55347444010225,16.189054631464035,16.260833740234375,43765500,0.0,0.0
2015-10-23 00:00:00-04:00,16.340897435429397,16.365744782354938,16.07310562390478,16.095190048217773,39121800,0.0,0.0
2015-10-26 00:00:00-04:00,16.122797931644833,16.136601486007866,16.004085468464115,16.01788902282715,32519400,0.0,0.0
2015-10-27 00:00:00-04:00,16.015127361661282,16.02340981005754,15.841200684486385,15.868807792663574,31534200,0.0,0.0
2015-10-28 00:00:00-04:00,15.918502139446263,15.935067037525094,15.780465008125805,15.912981033325195,35504100,0.0,0.0
2015-10-29 00:00:00-04:00,15.935069491843686,16.045499529851604,15.868811469038933,16.001327514648438,38566500,0.0,0.0
2015-10-30 00:00:00-04:00,15.937826716174342,16.045495383012444,15.802549362182615,15.802549362182617,47416500,0.0,0.0
2015-11-02 00:00:00-05:00,15.81635340789035,15.904697418212892,15.672793601258466,15.90469741821289,32157600,0.0,0.0
2015-11-03 00:00:00-05:00,15.893657031352953,16.103473290097885,15.882613238937065,16.04273796081543,30761700,0.0,0.0
2015-11-04 00:00:00-05:00,16.17249660676635,16.22218973551122,16.06482789786646,16.114521026611328,30169500,0.0,0.0
2015-11-05 00:00:00-05:00,16.153165998236933,16.28292226233525,16.128320230431893,16.180774688720703,26581500,0.0,0.0
2015-11-06 00:00:00-05:00,16.266353989368657,16.34365577914113,16.097948437018673,16.227703094482422,29931900,0.0,0.0
2015-11-09 00:00:00-05:00,16.150399990451845,16.227700186657646,16.017884014343288,16.147640228271484,25321200,0.0,0.0
2015-11-10 00:00:00-05:00,16.097952367703673,16.208382394545996,16.097952367703673,16.20009994506836,22844700,0.0,0.0
2015-11-11 00:00:00-05:00,16.150405541818536,16.21390378951866,15.866048837737022,15.896415710449219,26069700,0.0,0.0
2015-11-12 00:00:00-05:00,15.9129809446933,15.948870503853785,15.714206908001344,15.722489356994629,28654500,0.0,0.0
2015-11-13 00:00:00-05:00,15.664518780454234,15.752862824885517,15.543044929503157,15.57617473602295,37544700,0.0,0.0
2015-11-16 00:00:00-05:00,15.567890444299426,16.020652828636084,15.559607993648447,15.976482391357422,39964800,0.0,0.0
2015-11-17 00:00:00-05:00,16.3823096510417,16.812985938972442,16.343658749131773,16.54243278503418,74037900,0.0,0.0
2015-11-18 00:00:00-05:00,16.575564458342143,16.859922806333692,16.440288643016206,16.821271896362305,44633100,0.0,0.0
2015-11-19 00:00:00-05:00,16.873723576721932,16.939981591563157,16.683231981517874,16.75777244567871,34698300,0.0,0.0
2015-11-20 00:00:00-05:00,16.835077172927903,16.970352989370287,16.57004348787672,16.583847045898438,37113300,0.0,0.0
2015-11-23 00:00:00-05:00,16.644581582871655,16.768816746719047,16.531390211690674,16.63629913330078,31731000,0.0,0.0
2015-11-24 00:00:00-05:00,16.550715233994566,16.680469915037506,16.52586788711341,16.54243278503418,37361700,0.0,0.0
2015-11-25 00:00:00-05:00,16.564521244567786,16.7605355463512,16.531391443815043,16.630779266357422,23460600,0.0,0.0
2015-11-27 00:00:00-05:00,16.686001048284524,16.75501885836937,16.528637597801534,16.53415870666504,16022700,0.0,0.0
2015-11-30 00:00:00-05:00,16.528624721121645,16.581079163751166,16.21389964505969,16.244266510009766,44827800,0.0,0.0
2015-12-01 00:00:00-05:00,16.32433582296195,16.368507839909356,16.191819772119736,16.285686492919922,36612300,0.0,0.0
2015-12-02 00:00:00-05:00,16.316313102365303,16.50561587546914,16.23558089681089,16.243932723999023,40760700,0.163333,0.0
2015-12-03 00:00:00-05:00,16.338574557755607,16.608610971477823,16.31351909084057,16.436010360717773,47532300,0.0,0.0
2015-12-04 00:00:00-05:00,16.438799980994773,16.661511616917874,16.433232628157363,16.608617782592773,31305900,0.0,0.0
2015-12-07 00:00:00-05:00,16.58355698918406,16.906487244449778,16.58355698918406,16.842458724975586,34787700,0.0,0.0
2015-12-08 00:00:00-05:00,16.722753105173766,16.839677054415574,16.564071626669076,16.594696044921875,31132800,0.0,0.0
2015-12-09 00:00:00-05:00,16.49725546270729,16.733886195360924,16.39703677450225,16.4610652923584,26945100,0.0,0.0
2015-12-10 00:00:00-05:00,16.461065591906017,16.72831914885986,16.449930889879425,16.580772399902344,34078200,0.0,0.0
2015-12-11 00:00:00-05:00,16.43879388074197,16.57241985693999,16.371980892642956,16.525094985961914,29235000,0.0,0.0
2015-12-14 00:00:00-05:00,16.508394070664806,16.82575701132734,16.444365543836867,16.81183624267578,43574700,0.0,0.0
2015-12-15 00:00:00-05:00,16.881430848200157,16.93710913451129,16.58355607845117,16.603042602539062,43846200,0.0,0.0
2015-12-16 00:00:00-05:00,16.733891293585366,16.884220964640384,16.61975180390511,16.786785125732422,29881500,0.0,0.0
2015-12-17 00:00:00-05:00,16.795127868437692,16.795127868437692,16.416521015717755,16.41930389404297,38928300,0.0,0.0
2015-12-18 00:00:00-05:00,16.40538676253706,16.536228255545467,16.355275831091703,16.383115768432617,48770100,0.0,0.0
2015-12-21 00:00:00-05:00,16.374764248591354,16.586339492960064,16.333006731230405,16.577987670898438,28936500,0.0,0.0
2015-12-22 00:00:00-05:00,16.64480114015352,16.898133909275636,16.59469179926871,16.853591918945312,27798900,0.0,0.0
2015-12-23 00:00:00-05:00,16.98165457726624,17.015061877564897,16.825759152365027,17.006710052490234,22559400,0.0,0.0
2015-12-24 00:00:00-05:00,16.920405091512652,17.009489073158214,16.892566745485226,16.934324264526367,7448400,0.0,0.0
2015-12-28 00:00:00-05:00,16.864731401089006,16.973303528890636,16.842461992557848,16.912057876586914,16265100,0.0,0.0
2015-12-29 00:00:00-05:00,16.981652417650576,17.190443239121258,16.976086658905622,17.151470184326172,23650800,0.0,0.0
2015-12-30 00:00:00-05:00,17.165388306608143,17.22384947816062,17.1180634307048,17.170955657958984,17150100,0.0,0.0
2015-12-31 00:00:00-05:00,17.073524020979246,17.18209616011219,17.028982013372868,17.06517219543457,19725300,0.0,0.0
2016-01-04 00:00:00-05:00,16.842458727423676,17.118062516413286,16.803484084154544,17.109710693359375,35967600,0.0,0.0
2016-01-05 00:00:00-05:00,17.268397334236436,17.552353057795873,17.21828796918124,17.516162872314453,39978000,0.0,0.0
2016-01-06 00:00:00-05:00,17.39366844196002,17.802898264185366,17.390883969617562,17.69154167175293,49693800,0.0,0.0
2016-01-07 00:00:00-05:00,17.53007704282879,18.159233974654825,17.51615786723229,18.10355567932129,79290000,0.0,0.0
2016-01-08 00:00:00-05:00,18.117477154853315,18.209345636989568,17.652570577711696,17.68876075744629,53303700,0.0,0.0
2016-01-11 00:00:00-05:00,17.75000674786869,17.947662910980842,17.71381656420188,17.878067016601562,37961400,0.0,0.0
2016-01-12 00:00:00-05:00,17.922598886180477,18.02003627774067,17.65813142776448,17.71102523803711,36587700,0.0,0.0
2016-01-13 00:00:00-05:00,17.741646964503257,17.741646964503257,17.21271048720973,17.237764358520508,41177100,0.0,0.0
2016-01-14 00:00:00-05:00,17.260035950776142,17.711023130828796,17.209925025144873,17.555126190185547,38804700,0.0,0.0
2016-01-15 00:00:00-05:00,17.134765263186356,17.390882537382673,17.05403309432701,17.24055290222168,45523200,0.0,0.0
2016-01-19 00:00:00-05:00,17.329639796464917,17.482752336431584,17.26282679108802,17.415939331054688,39153900,0.0,0.0
2016-01-20 00:00:00-05:00,17.204366754860185,17.351911952429756,16.758946689386832,16.937114715576172,52107300,0.0,0.0
2016-01-21 00:00:00-05:00,16.97608287185764,17.479963928942787,16.95659475585998,17.22663116455078,36267600,0.0,0.0
2016-01-22 00:00:00-05:00,17.38253569247606,17.610813089763578,17.296234554673156,17.452133178710938,27592500,0.0,0.0
2016-01-25 00:00:00-05:00,17.477185976091267,17.766709015822254,17.413157439660026,17.663705825805664,38470200,0.0,0.0
2016-01-26 00:00:00-05:00,17.638642365797526,17.947651768066063,17.610802432382503,17.816808700561523,28323600,0.0,0.0
2016-01-27 00:00:00-05:00,17.844659758413663,18.14531912033164,17.786198569806928,17.802902221679688,30642900,0.0,0.0
2016-01-28 00:00:00-05:00,17.825171588156646,17.958797616902363,17.658139848698454,17.878067016601562,33834900,0.0,0.0
2016-01-29 00:00:00-05:00,18.02560419425775,18.521135068611272,18.022821315245103,18.47381019592285,49317300,0.0,0.0
2016-02-01 00:00:00-05:00,18.348538682316818,18.91088267705248,18.34297133005845,18.791175842285156,44185200,0.0,0.0
2016-02-02 00:00:00-05:00,18.735490538392614,18.88582014381623,18.451534971025147,18.613000869750977,40757700,0.0,0.0
2016-02-03 00:00:00-05:00,18.738276294323235,18.791170107003207,18.114688429176315,18.448753356933594,36946800,0.0,0.0
2016-02-04 00:00:00-05:00,18.306777516271953,18.52670301981604,18.09798671503388,18.49051284790039,38500200,0.0,0.0
2016-02-05 00:00:00-05:00,18.61300639066116,18.799526216984223,18.340185442725808,18.651979446411133,42589500,0.0,0.0
2016-02-08 00:00:00-05:00,18.512786385221816,18.69373725405457,18.139745165838384,18.6241397857666,62230800,0.0,0.0
2016-02-09 00:00:00-05:00,18.23160999271917,18.487727223089,18.006115578564028,18.320693969726562,43927200,0.0,0.0
2016-02-10 00:00:00-05:00,18.426483308053818,18.537838289691617,18.27615368460596,18.315128326416016,29127900,0.0,0.0
2016-02-11 00:00:00-05:00,18.100771377588817,18.306779320021853,18.033958378327508,18.184288024902344,33560100,0.0,0.0
2016-02-12 00:00:00-05:00,18.239964996251967,18.44318685865579,18.05901253903725,18.4237003326416,29086500,0.0,0.0
2016-02-16 00:00:00-05:00,18.543405300139376,18.596299114564783,18.23439423617486,18.34575080871582,34081500,0.0,0.0
2016-02-17 00:00:00-05:00,18.40143038672721,18.543408207084624,18.320698212984276,18.40421485900879,37280100,0.0,0.0
2016-02-18 00:00:00-05:00,17.74443558805673,18.03395696928712,17.357475205503214,17.850221633911133,83683800,0.0,0.0
2016-02-19 00:00:00-05:00,17.786198721432726,18.03117977684592,17.660924517214923,18.00055694580078,46686900,0.0,0.0
2016-02-22 00:00:00-05:00,18.00054583237947,18.412559967673474,18.00054583237947,18.27058219909668,31761900,0.0,0.0
2016-02-23 00:00:00-05:00,18.32904375100243,18.540618969312572,18.173146808596478,18.507211685180664,34296000,0.0,0.0
2016-02-24 00:00:00-05:00,18.426486479958722,18.743847834019686,18.295644951366704,18.685386657714844,30873600,0.0,0.0
2016-02-25 00:00:00-05:00,18.777254703212225,18.966557403799015,18.743847407257174,18.941503524780273,28743900,0.0,0.0
2016-02-26 00:00:00-05:00,18.952637847199824,18.986045142483412,18.457108513090887,18.51556968688965,32952900,0.0,0.0
2016-02-29 00:00:00-05:00,18.548974815773107,18.6380604027927,18.434836943960356,18.468242645263672,28035600,0.0,0.0
2016-03-01 00:00:00-05:00,18.554543676929008,18.62135667218357,18.373591217425947,18.501649856567383,31288500,0.0,0.0
2016-03-02 00:00:00-05:00,18.432052612304688,18.560111252996478,18.373591439867614,18.432052612304688,27496800,0.0,0.0
2016-03-03 00:00:00-05:00,18.35967141277593,18.42926887780079,18.06179662003169,18.412565231323242,35540400,0.0,0.0
2016-03-04 00:00:00-05:00,18.41256837748242,18.729929750046466,18.398649200688556,18.590736389160156,30031500,0.0,0.0
2016-03-07 00:00:00-05:00,18.546192518599245,19.063994445104655,18.448756697906518,18.899744033813477,38476200,0.0,0.0
2016-03-08 00:00:00-05:00,18.85520399847564,19.061210347039957,18.78839099951309,18.941503524780273,30203700,0.0,0.0
2016-03-09 00:00:00-05:00,19.011617823710292,19.067708314739505,18.82371716611004,18.938701629638672,23474400,0.166667,0.0
2016-03-10 00:00:00-05:00,18.944305822494762,19.081726129752408,18.62178998659173,18.90504264831543,30677400,0.0,0.0
2016-03-11 00:00:00-05:00,19.0060059690063,19.053682797898567,18.733970424280034,18.837736129760742,24872700,0.0,0.0
2016-03-14 00:00:00-04:00,18.83212966697073,18.97796365092542,18.77884426541461,18.891023635864258,20137500,0.0,0.0
2016-03-15 00:00:00-04:00,18.79006250939443,19.16866890997639,18.79006250939443,19.095752716064453,22700700,0.0,0.0
2016-03-16 00:00:00-04:00,19.053681029224826,19.165860376728684,18.860171855373167,19.067703247070312,24654000,0.0,0.0
2016-03-17 00:00:00-04:00,19.020029291824162,19.328522945181827,18.8629781816272,18.916263580322266,35514300,0.0,0.0
2016-03-18 00:00:00-04:00,18.924680420538383,19.078926470825202,18.719952444202363,18.776042938232422,69459300,0.0,0.0
2016-03-21 00:00:00-04:00,18.798474037208084,19.177080394970634,18.78164833610547,19.062097549438477,28247400,0.0,0.0
2016-03-22 00:00:00-04:00,19.07050968246003,19.261213784345777,19.011614116704052,19.03404998779297,22543500,0.0,0.0
2016-03-23 00:00:00-04:00,19.07331531955689,19.098556279162857,18.91345911819963,18.919069290161133,18331800,0.0,0.0
2016-03-24 00:00:00-04:00,18.910656562425995,19.081729906597875,18.896632736576194,19.070512771606445,18914100,0.0,0.0
2016-03-28 00:00:00-04:00,19.050880627127558,19.23317271341254,19.050880627127558,19.10416603088379,16810500,0.0,0.0
2016-03-29 00:00:00-04:00,19.112573060261305,19.129400361876332,18.910650255100396,19.07891845703125,19473000,0.0,0.0
2016-03-30 00:00:00-04:00,19.163052633930892,19.35095321553625,19.15183389836622,19.294862747192383,21625500,0.0,0.0
2016-03-31 00:00:00-04:00,19.280847400436393,19.404243896901257,19.202321044262238,19.207929611206055,18850500,0.0,0.0
2016-04-01 00:00:00-04:00,19.076116572326633,19.40704767556454,19.076116572326633,19.36778450012207,19807200,0.0,0.0
2016-04-04 00:00:00-04:00,19.350960989061036,19.454726712204465,19.328525113658664,19.379005432128906,20470200,0.0,0.0
2016-04-05 00:00:00-04:00,19.359370148108738,19.421067587585178,19.146228578902793,19.2499942779541,17337000,0.0,0.0
2016-04-06 00:00:00-04:00,19.26682103600906,19.367783251388744,19.2163407306892,19.362173080444336,16088100,0.0,0.0
2016-04-07 00:00:00-04:00,19.303279269211632,19.331325309925532,19.053681221459804,19.132205963134766,18331500,0.0,0.0
2016-04-08 00:00:00-04:00,19.15744828622879,19.17988415755788,19.03124671059518,19.08733558654785,19548000,0.0,0.0
2016-04-11 00:00:00-04:00,19.073306379392463,19.17426856575241,18.89662295444743,18.902233123779297,23596200,0.0,0.0
2016-04-12 00:00:00-04:00,18.94991110085983,19.31449513324562,18.9162581036453,19.294862747192383,23203800,0.0,0.0
2016-04-13 00:00:00-04:00,19.353759364450937,19.468743797329576,19.314497796410397,19.393022537231445,18788100,0.0,0.0
2016-04-14 00:00:00-04:00,19.393019863239346,19.41826081470505,19.11257233573923,19.294862747192383,20931300,0.0,0.0
2016-04-15 00:00:00-04:00,19.334129891245645,19.46594163635821,19.334129891245645,19.36778450012207,22753500,0.0,0.0
2016-04-18 00:00:00-04:00,19.364980207453304,19.603361146042598,19.30889133001589,19.592144012451172,19868700,0.0,0.0
2016-04-19 00:00:00-04:00,19.572512635079306,19.65384407915937,19.491184400479693,19.566904067993164,24598200,0.0,0.0
2016-04-20 00:00:00-04:00,19.564100929953668,19.62860507445735,19.387419013597427,19.409854888916016,16237500,0.0,0.0
2016-04-21 00:00:00-04:00,19.482771229088197,19.541665196799084,19.137819471289916,19.202322006225586,19852800,0.0,0.0
2016-04-22 00:00:00-04:00,19.300474854538766,19.334127855131054,19.14903234002371,19.272430419921875,18645300,0.0,0.0
2016-04-25 00:00:00-04:00,19.224751928404586,19.491178848356576,19.087331643127253,19.482765197753906,17688600,0.0,0.0
2016-04-26 00:00:00-04:00,19.54727228573869,19.60055768219502,19.37900244379867,19.43509292602539,19945200,0.0,0.0
2016-04-27 00:00:00-04:00,19.488376667199002,19.56970649549072,19.348152880652595,19.4687442779541,15441900,0.0,0.0
2016-04-28 00:00:00-04:00,19.370589671950892,19.524837301532447,19.280847784840102,19.32571792602539,14330700,0.0,0.0
2016-04-29 00:00:00-04:00,19.275240520136386,19.300481482803907,18.610577883962954,18.75360679626465,36297000,0.0,0.0
2016-05-02 00:00:00-04:00,18.68349455721148,18.986379697981477,18.65825359390048,18.955530166625977,22829100,0.0,0.0
2016-05-03 00:00:00-04:00,18.75079656670447,18.930283528244445,18.719947044597287,18.790058135986328,17767800,0.0,0.0
2016-05-04 00:00:00-04:00,18.747993885337493,18.927482474634548,18.633011038818417,18.843347549438477,18088500,0.0,0.0
2016-05-05 00:00:00-04:00,18.7816475386457,18.860173892751224,18.67227166005158,18.848955154418945,24273000,0.0,0.0
2016-05-06 00:00:00-04:00,18.764814325654047,19.14341894340216,18.733964810878035,19.140615463256836,29476200,0.0,0.0
2016-05-09 00:00:00-04:00,19.140628322126865,19.37900934582689,19.115387355423998,19.336942672729492,25968600,0.0,0.0
2016-05-10 00:00:00-04:00,19.32852467019651,19.387418641183963,19.196714507009393,19.29206657409668,19208700,0.0,0.0
2016-05-11 00:00:00-04:00,19.060411076443796,19.0688863310141,18.534958225001095,18.76095962524414,43792500,0.166667,0.0
2016-05-12 00:00:00-04:00,18.80051059768672,18.941762699779638,18.752486305486055,18.88526153564453,28600500,0.0,0.0
2016-05-13 00:00:00-04:00,18.780738347640366,18.800512868406685,18.26375901849784,18.345685958862305,41234100,0.0,0.0
2016-05-16 00:00:00-04:00,18.323082306054296,18.744009725633777,18.272230776978844,18.65078353881836,30545400,0.0,0.0
2016-05-17 00:00:00-04:00,18.66208030674128,18.721405461105498,18.328727899847856,18.390878677368164,27758100,0.0,0.0
2016-05-18 00:00:00-04:00,17.803278937548388,18.0179811009199,17.718529614997255,17.840003967285156,66767700,0.0,0.0
2016-05-19 00:00:00-04:00,19.23839234824055,19.58586977829027,19.06889045317196,19.549144744873047,105230100,0.0,0.0
2016-05-20 00:00:00-04:00,19.585864265257598,19.814689657753544,19.450263433967624,19.7355899810791,50239800,0.0,0.0
2016-05-23 00:00:00-04:00,19.662139921020625,19.792089505214598,19.61693964395592,19.63389015197754,30299400,0.0,0.0
2016-05-24 00:00:00-04:00,19.676266949628634,19.893793104644782,19.648015561017626,19.84294319152832,26484000,0.0,0.0
2016-05-25 00:00:00-04:00,19.84577271612786,20.057649281663107,19.84294709176449,19.910747528076172,21791700,0.0,0.0
2016-05-26 00:00:00-04:00,19.97006994852516,20.1649959739271,19.94464418223764,20.015270233154297,26081700,0.0,0.0
2016-05-27 00:00:00-04:00,20.01809559903784,20.026569237868078,19.9135701442418,19.987018585205078,17321100,0.0,0.0
2016-05-31 00:00:00-04:00,19.938993390925678,20.057645343542415,19.910743618798186,19.995492935180664,25170600,0.0,0.0
2016-06-01 00:00:00-04:00,19.91639518737793,20.03222152745358,19.89096942009603,19.91639518737793,21662700,0.0,0.0
2016-06-02 00:00:00-04:00,19.916392480255716,20.05764456841367,19.81751666514096,20.04351806640625,19526100,0.0,0.0
2016-06-03 00:00:00-04:00,19.93616316445317,20.07176397914647,19.922038281650437,20.02091407775879,19123500,0.0,0.0
2016-06-06 00:00:00-04:00,20.20454464035482,20.21301989495061,20.05764453799989,20.071767807006836,27054000,0.0,0.0
2016-06-07 00:00:00-04:00,20.08589437330645,20.145219539177397,20.015268329108427,20.066118240356445,22090200,0.0,0.0
2016-06-08 00:00:00-04:00,20.015265698701917,20.18476753590543,20.001140815016512,20.136741638183594,18417000,0.0,0.0
2016-06-09 00:00:00-04:00,20.159340693959937,20.22431547872519,20.015264625012495,20.083065032958984,18209700,0.0,0.0
2016-06-10 00:00:00-04:00,20.057645636670227,20.173470350681477,19.967243454859823,20.09719467163086,22534200,0.0,0.0
2016-06-13 00:00:00-04:00,20.057646382914392,20.1084962986768,19.913570274512836,19.924869537353516,23722800,0.0,0.0
2016-06-14 00:00:00-04:00,19.961592760508776,20.105668855876587,19.83164155065885,20.04351806640625,27199200,0.0,0.0
2016-06-15 00:00:00-04:00,20.114143336889157,20.229969656766475,20.05764379699059,20.091543197631836,24051000,0.0,0.0
2016-06-16 00:00:00-04:00,20.057645701635725,20.187595302338046,20.00114453988242,20.14239501953125,20115600,0.0,0.0
2016-06-17 00:00:00-04:00,20.071767837442028,20.145219505220396,19.888142709219938,20.04351806640625,54177900,0.0,0.0
2016-06-20 00:00:00-04:00,20.14521879465988,20.277994007036426,20.071767129472292,20.085893630981445,21427500,0.0,0.0
2016-06-21 00:00:00-04:00,20.043517369723066,20.261045125308303,20.043517369723066,20.187593460083008,20024400,0.0,0.0
2016-06-22 00:00:00-04:00,20.22714353553737,20.410768652179545,20.218668281463202,20.269519805908203,25372500,0.0,0.0
2016-06-23 00:00:00-04:00,20.396648148606097,20.407947411243537,20.28082181587928,20.368396759033203,20910600,0.0,0.0
2016-06-24 00:00:00-04:00,19.930518968932876,20.543548425359052,19.919218089715834,20.328847885131836,45361200,0.0,0.0
2016-06-27 00:00:00-04:00,20.238443241101997,20.275168265236957,20.023742726969292,20.19889259338379,33910200,0.0,0.0
2016-06-28 00:00:00-04:00,20.272343414947535,20.303418807112923,19.964416733248797,20.201717376708984,25683600,0.0,0.0
2016-06-29 00:00:00-04:00,20.235616162788176,20.478568026411477,20.21584003368582,20.4700927734375,21044100,0.0,0.0
2016-06-30 00:00:00-04:00,20.501168427810484,20.676319886400602,20.430542396438387,20.628293991088867,26140800,0.0,0.0
2016-07-01 00:00:00-04:00,20.659368358986583,20.670667618213592,20.458791151060147,20.568967819213867,22916400,0.0,0.0
2016-07-05 00:00:00-04:00,20.552023933236224,20.797801490208528,20.532249414975443,20.662199020385742,32245800,0.0,0.0
2016-07-06 00:00:00-04:00,20.696098561052878,20.899499826498143,20.670672796688635,20.854299545288086,33188100,0.0,0.0
2016-07-07 00:00:00-04:00,20.828876268932994,20.885375814564835,20.665024030323472,20.772375106811523,23378400,0.0,0.0
2016-07-08 00:00:00-04:00,20.8543013877591,20.86277664329597,20.690450758018876,20.85995101928711,27382800,0.0,0.0
2016-07-11 00:00:00-04:00,20.811928781955153,21.004029204797014,20.763902867999757,20.922103881835938,27120300,0.0,0.0
2016-07-12 00:00:00-04:00,20.78085195212927,20.828877862783038,20.622649332679153,20.698925018310547,37083600,0.0,0.0
2016-07-13 00:00:00-04:00,20.69328030882599,20.800629794187852,20.605703729319455,20.797805786132812,19197000,0.0,0.0
2016-07-14 00:00:00-04:00,20.845828205383757,20.936228784781264,20.794978283595125,20.820404052734375,19939200,0.0,0.0
2016-07-15 00:00:00-04:00,20.89949700018208,20.90797225382402,20.746945667605818,20.811922073364258,17984400,0.0,0.0
2016-07-18 00:00:00-04:00,20.8034514710276,20.956002837711807,20.77237607288899,20.85995101928711,16371900,0.0,0.0
2016-07-19 00:00:00-04:00,20.803449566376937,20.89385012850733,20.786499056855096,20.809099197387695,14394300,0.0,0.0
2016-07-20 00:00:00-04:00,20.871245231755243,20.936220014796177,20.800619202501814,20.8458194732666,15846000,0.0,0.0
2016-07-21 00:00:00-04:00,20.744124268505093,20.809099065942302,20.66219734516357,20.769548416137695,13175700,0.0,0.0
2016-07-22 00:00:00-04:00,20.837344104403297,20.879720368315052,20.74129393368528,20.778018951416016,12949800,0.0,0.0
2016-07-25 00:00:00-04:00,20.778020805028717,20.857122093727856,20.738470160679146,20.83452033996582,14202000,0.0,0.0
2016-07-26 00:00:00-04:00,20.82322334071387,20.924924777729213,20.738472412616,20.828874588012695,15744900,0.0,0.0
2016-07-27 00:00:00-04:00,20.80910104394963,20.854301329025823,20.662199309207164,20.713050842285156,17333700,0.0,0.0
2016-07-28 00:00:00-04:00,20.66219737309368,20.71304890140672,20.47292261150127,20.690448760986328,13809600,0.0,0.0
2016-07-29 00:00:00-04:00,20.670671521594073,20.693273277294452,20.554845201954596,20.614171981811523,18906600,0.0,0.0
2016-08-01 00:00:00-04:00,20.568972812239846,20.90232528769384,20.568972812239846,20.842998504638672,17605200,0.0,0.0
2016-08-02 00:00:00-04:00,20.820397006099565,20.826046636277333,20.518118352493843,20.65937042236328,19539300,0.0,0.0
2016-08-03 00:00:00-04:00,20.622650342455817,20.73565268087893,20.484225468393703,20.605701446533203,19704300,0.0,0.0
2016-08-04 00:00:00-04:00,20.566146988748933,20.76107461248639,20.506821822759523,20.7073974609375,14834700,0.0,0.0
2016-08-05 00:00:00-04:00,20.752597723892958,20.891022561472866,20.752597723892958,20.83734703063965,16246200,0.0,0.0
2016-08-08 00:00:00-04:00,20.905158570198317,20.92493309413489,20.633955169200153,20.718706130981445,19731600,0.0,0.0
2016-08-09 00:00:00-04:00,20.724348071190775,20.87124979151467,20.64524838831602,20.775197982788086,19283700,0.0,0.0
2016-08-10 00:00:00-04:00,20.925956372101385,21.193326370157717,20.874758346639158,21.034042358398438,24156900,0.166667,0.0
2016-08-11 00:00:00-04:00,21.190480663923914,21.275811788424186,20.914579027536394,20.991376876831055,18870900,0.0,0.0
2016-08-12 00:00:00-04:00,20.99136767924398,21.082387071481616,20.92310313506575,21.016965866088867,29982600,0.0,0.0
2016-08-15 00:00:00-04:00,20.99421751728504,21.05110546882213,20.79511375579428,20.85484504699707,28908300,0.0,0.0
2016-08-16 00:00:00-04:00,20.647201408256063,20.851995054838063,20.539115465671202,20.732532501220703,29289900,0.0,0.0
2016-08-17 00:00:00-04:00,20.47654721241269,20.749605492700795,20.47654721241269,20.743915557861328,43029900,0.0,0.0
2016-08-18 00:00:00-04:00,20.74391882770242,21.386744851208757,20.74391882770242,21.133596420288086,80574900,0.0,0.0
2016-08-19 00:00:00-04:00,21.07669651340367,21.1307378476574,20.66995263059787,20.709774017333984,46039200,0.0,0.0
2016-08-22 00:00:00-04:00,20.780883778546688,20.80363862623875,20.60737826833911,20.67848777770996,30936300,0.0,0.0
2016-08-23 00:00:00-04:00,20.73253156341815,20.783729565858984,20.46800665199283,20.470849990844727,28174200,0.0,0.0
2016-08-24 00:00:00-04:00,20.470852944823342,20.69271315748863,20.411121662097187,20.54480743408203,30152100,0.0,0.0
2016-08-25 00:00:00-04:00,20.58462760318571,20.64435888706963,20.209171726201227,20.257526397705078,31542600,0.0,0.0
2016-08-26 00:00:00-04:00,20.311567644632433,20.391210434728176,20.163660303406886,20.234769821166992,30115500,0.0,0.0
2016-08-29 00:00:00-04:00,20.234768689658633,20.38267602261335,20.223392078884142,20.3087215423584,22404300,0.0,0.0
2016-08-30 00:00:00-04:00,20.308725023462657,20.411122675760936,20.237617125045556,20.283126831054688,17322600,0.0,0.0
2016-08-31 00:00:00-04:00,20.32579290573508,20.376990921470764,20.237618454881652,20.320104598999023,18934800,0.0,0.0
2016-09-01 00:00:00-04:00,20.357080796324567,20.72400343118133,20.311571087856542,20.71831512451172,35284200,0.0,0.0
2016-09-02 00:00:00-04:00,20.760977367623497,20.81786531014077,20.598848440382394,20.621604919433594,24248700,0.0,0.0
2016-09-06 00:00:00-04:00,20.69555039066494,20.78657139886321,20.536268102093974,20.76381492614746,28712700,0.0,0.0
2016-09-07 00:00:00-04:00,20.763822546996227,20.778045754552572,20.482231031335257,20.4964542388916,28854900,0.0,0.0
2016-09-08 00:00:00-04:00,20.44809681816826,20.57040434281323,20.396898811531265,20.4310302734375,28983600,0.0,0.0
2016-09-09 00:00:00-04:00,20.28596864825603,20.340011623531076,19.9958438873291,19.9958438873291,36517800,0.0,0.0
2016-09-12 00:00:00-04:00,20.135217241275853,20.547649516609386,20.11530735743666,20.462318420410156,32592000,0.0,0.0
2016-09-13 00:00:00-04:00,20.433876357739795,20.45378624264449,20.23761596526715,20.325790405273438,22523700,0.0,0.0
2016-09-14 00:00:00-04:00,20.371306249196184,20.496458785051505,20.308729981268524,20.342863082885742,20941500,0.0,0.0
2016-09-15 00:00:00-04:00,20.331480644559566,20.638670333357783,20.268902766998,20.59316062927246,21886800,0.0,0.0
2016-09-16 00:00:00-04:00,20.570402281816683,20.752441067225135,20.54195912848539,20.726842880249023,41807100,0.0,0.0
2016-09-19 00:00:00-04:00,20.661426725798016,20.726847947520223,20.504987716674805,20.504987716674805,20762100,0.0,0.0
2016-09-20 00:00:00-04:00,20.52204799328556,20.635822236240276,20.450940108660834,20.470849990844727,17731800,0.0,0.0
2016-09-21 00:00:00-04:00,20.53057941129122,20.63297703448279,20.340007368104004,20.533424377441406,20027700,0.0,0.0
2016-09-22 00:00:00-04:00,20.60169638559653,20.632984514371138,20.476545498053696,20.55618667602539,17615700,0.0,0.0
2016-09-23 00:00:00-04:00,20.650052790051163,20.69840584329374,20.576098285143907,20.578943252563477,23089200,0.0,0.0
2016-09-26 00:00:00-04:00,20.567560132608303,20.573250066098012,20.34285658642518,20.371299743652344,17846100,0.0,0.0
2016-09-27 00:00:00-04:00,20.459479355409904,20.618763342064554,20.359926660306293,20.573253631591797,19033200,0.0,0.0
2016-09-28 00:00:00-04:00,20.541966215475544,20.57040937861974,20.3030394134195,20.419658660888672,18554700,0.0,0.0
2016-09-29 00:00:00-04:00,20.357075808194676,20.39689720023558,20.08686259070994,20.11815071105957,23990400,0.0,0.0
2016-09-30 00:00:00-04:00,20.337170932731365,20.610230833263568,20.30872776951857,20.51352310180664,29947800,0.0,0.0
2016-10-03 00:00:00-04:00,20.431033126350624,20.52205254088391,20.365613532488144,20.48223114013672,17573100,0.0,0.0
2016-10-04 00:00:00-04:00,20.479385403655826,20.641514327150258,20.35138957039404,20.40827751159668,19707900,0.0,0.0
2016-10-05 00:00:00-04:00,20.44240887598772,20.556183130290652,20.365611050888823,20.385520935058594,19393200,0.0,0.0
2016-10-06 00:00:00-04:00,20.385527203013247,20.385527203013247,19.59479548559211,19.72848129272461,60330900,0.0,0.0
2016-10-07 00:00:00-04:00,19.700034492308333,19.759767412207637,19.389999789043074,19.54075050354004,37961400,0.0,0.0
2016-10-10 00:00:00-04:00,19.55496962164032,19.61470090148873,19.270531545579615,19.335952758789062,26965200,0.0,0.0
2016-10-11 00:00:00-04:00,19.327420560984045,19.330265527822753,19.1425367777975,19.168136596679688,25774500,0.0,0.0
2016-10-12 00:00:00-04:00,19.267684743994714,19.3160394035422,19.162443781501974,19.18804359436035,26822100,0.0,0.0
2016-10-13 00:00:00-04:00,19.11124758827295,19.4952350520836,19.077114501238135,19.407060623168945,27581400,0.0,0.0
2016-10-14 00:00:00-04:00,19.46110936487044,19.57203867552546,19.40137807239807,19.469642639160156,19248000,0.0,0.0
2016-10-17 00:00:00-04:00,19.526526208671946,19.526526208671946,19.284756105620456,19.404218673706055,22480200,0.0,0.0
2016-10-18 00:00:00-04:00,19.5037687919533,19.620388005381006,19.40706108895885,19.589099884033203,23573100,0.0,0.0
2016-10-19 00:00:00-04:00,19.68865579183532,19.722787257747946,19.53790509331398,19.594791412353516,21369900,0.0,0.0
2016-10-20 00:00:00-04:00,19.62038585880808,19.648829010537817,19.50376665813912,19.54927635192871,18882000,0.0,0.0
2016-10-21 00:00:00-04:00,19.438352584838867,19.52083872473227,19.338799898055658,19.438352584838867,23533800,0.0,0.0
2016-10-24 00:00:00-04:00,19.517993437803646,19.731320387762995,19.452573845872372,19.68012237548828,21490800,0.0,0.0
2016-10-25 00:00:00-04:00,19.628926958599763,19.873543715007724,19.626083618590016,19.72848129272461,22889100,0.0,0.0
2016-10-26 00:00:00-04:00,19.711407687323103,19.856470057685403,19.665897987897882,19.793893814086914,15151500,0.0,0.0
2016-10-27 00:00:00-04:00,19.796740141914924,19.910512770746077,19.737007233201084,19.862159729003906,21394800,0.0,0.0
2016-10-28 00:00:00-04:00,19.85362228880185,19.970241487451407,19.833712408446804,19.907665252685547,20858700,0.0,0.0
2016-10-31 00:00:00-04:00,19.927581065374287,19.958869192071525,19.867849778972467,19.91620445251465,19167000,0.0,0.0
2016-11-01 00:00:00-04:00,19.90482566055099,19.927578883779333,19.665898913545004,19.711408615112305,26515800,0.0,0.0
2016-11-02 00:00:00-04:00,19.682971903963544,19.901987211031145,19.682971903963544,19.754079818725586,22935900,0.0,0.0
2016-11-03 00:00:00-04:00,19.805274963378906,19.933272446452726,19.725633784913274,19.805274963378906,20411700,0.0,0.0
2016-11-04 00:00:00-04:00,19.828031449929092,19.893451047523413,19.663057531009997,19.67159080505371,21786300,0.0,0.0
2016-11-07 00:00:00-05:00,19.802421222254292,19.864997447322626,19.67158046826271,19.847930908203125,29266200,0.0,0.0
2016-11-08 00:00:00-05:00,19.828029169650108,19.92189191822525,19.75976461270663,19.85078239440918,22863900,0.0,0.0
2016-11-09 00:00:00-05:00,19.711411275752166,20.33716894298947,19.708566308686954,20.22339630126953,50338500,0.0,0.0
2016-11-10 00:00:00-05:00,20.26606010095776,20.504986869120593,20.19495220318435,20.30588150024414,42963900,0.0,0.0
2016-11-11 00:00:00-05:00,20.226233355865133,20.274588015615247,20.081171004169814,20.260366439819336,24671700,0.0,0.0
2016-11-14 00:00:00-05:00,20.24045906748922,20.283125431150193,19.964557511073252,20.049888610839844,38752500,0.0,0.0
2016-11-15 00:00:00-05:00,20.135215712164655,20.314411163330078,20.010064857791257,20.314411163330078,29175300,0.0,0.0
2016-11-16 00:00:00-05:00,20.408279151615485,20.496453595876694,20.28881495375634,20.30588150024414,33577200,0.0,0.0
2016-11-17 00:00:00-05:00,19.64883424922166,19.77398512673268,19.375776013682568,19.68012237548828,70320900,0.0,0.0
2016-11-18 00:00:00-05:00,19.606168268849984,19.739852411201568,19.466794192951678,19.495237350463867,33405900,0.0,0.0
2016-11-21 00:00:00-05:00,19.49523575153125,19.73985079220646,19.46110429082704,19.7313175201416,25068000,0.0,0.0
2016-11-22 00:00:00-05:00,19.833715643526713,20.029976023163506,19.833715643526713,19.944644927978516,32952000,0.0,0.0
2016-11-23 00:00:00-05:00,19.973093255704327,20.163663735938982,19.96171501480143,20.14659881591797,22196700,0.0,0.0
2016-11-25 00:00:00-05:00,20.226233355865133,20.379828978549003,20.18925693328476,20.260366439819336,12703200,0.0,0.0
2016-11-28 00:00:00-05:00,20.17504195791549,20.342859211298027,20.13806552323798,20.248994827270508,21297600,0.0,0.0
2016-11-29 00:00:00-05:00,20.30303521846599,20.419654441839636,20.251837209873678,20.30019187927246,21930300,0.0,0.0
2016-11-30 00:00:00-05:00,20.172194100231835,20.24045865313656,19.95886716896016,20.032821655273438,27978300,0.0,0.0
2016-12-01 00:00:00-05:00,19.981623105388344,20.118152207493797,19.924735165733434,20.101085662841797,20549400,0.0,0.0
2016-12-02 00:00:00-05:00,20.0754832008164,20.18072416637891,20.038506777312417,20.16081428527832,20022600,0.0,0.0
2016-12-05 00:00:00-05:00,20.166502224562215,20.192102037703126,19.856467638445782,19.893444061279297,31583700,0.0,0.0
2016-12-06 00:00:00-05:00,19.91335626512505,20.021442207589345,19.768295523068765,20.012908935546875,23334000,0.0,0.0
2016-12-07 00:00:00-05:00,20.032965142124574,20.239224565508636,20.024370794583046,20.22490119934082,20898600,0.166667,0.0
2016-12-08 00:00:00-05:00,20.190523733266353,20.310841310218798,20.14468830974123,20.15041732788086,20532600,0.0,0.0
2016-12-09 00:00:00-05:00,20.130363495415335,20.17620055857675,19.97853549766117,20.07593536376953,32270100,0.0,0.0
2016-12-12 00:00:00-05:00,20.07307680398329,20.562943267617598,20.05875343406709,20.531431198120117,27252300,0.0,0.0
2016-12-13 00:00:00-05:00,20.531425379061787,20.69185101074613,20.514238323556306,20.568666458129883,26662500,0.0,0.0
2016-12-14 00:00:00-05:00,20.597319398553594,20.763472446396598,20.391059933891917,20.4368953704834,26008200,0.0,0.0
2016-12-15 00:00:00-05:00,20.40251600462327,20.568669036432738,20.348086224022715,20.362409591674805,21408900,0.0,0.0
2016-12-16 00:00:00-05:00,20.359548077959627,20.522835798011243,20.224905457069795,20.333765029907227,53534400,0.0,0.0
2016-12-19 00:00:00-05:00,20.293649994095457,20.554340775810708,20.293649994095457,20.505640029907227,17667900,0.0,0.0
2016-12-20 00:00:00-05:00,20.548605472755863,20.605900551404616,20.48558137800327,20.57438850402832,18324300,0.0,0.0
2016-12-21 00:00:00-05:00,20.528560758423886,20.625960625354363,20.40824317932129,20.40824317932129,15303000,0.0,0.0
2016-12-22 00:00:00-05:00,20.408241339018947,20.408241339018947,19.826702600986838,19.935562133789062,36320400,0.0,0.0
2016-12-23 00:00:00-05:00,19.889725890564982,19.981396727193854,19.869673509753866,19.92123794555664,14411700,0.0,0.0
2016-12-27 00:00:00-05:00,19.852486790728204,20.001451095450033,19.838161786778162,19.96707534790039,13307100,0.0,0.0
2016-12-28 00:00:00-05:00,20.03583042124856,20.053017477084712,19.841029035601178,19.8553524017334,14627100,0.0,0.0
2016-12-29 00:00:00-05:00,19.826701036018825,19.915506540966636,19.80091963868755,19.84102439880371,12895200,0.0,0.0
2016-12-30 00:00:00-05:00,19.800928115844727,19.889733658811892,19.71784995339896,19.800928115844727,20668500,0.0,0.0
2017-01-03 00:00:00-05:00,19.83529089245783,19.83529089245783,19.494389034195926,19.669137954711914,31419600,0.0,0.0
2017-01-04 00:00:00-05:00,19.669150501322243,19.947026804280117,19.65196180322459,19.78373908996582,23754000,0.0,0.0
2017-01-05 00:00:00-05:00,19.603257811739674,19.86108332315413,19.514452284859576,19.826705932617188,21297600,0.0,0.0
2017-01-06 00:00:00-05:00,19.597529540102215,19.623310944783494,19.482940965951336,19.55455780029297,28473300,0.0,0.0
2017-01-09 00:00:00-05:00,19.574610225988504,19.709251174913756,19.571744897167235,19.683469772338867,26055600,0.0,0.0
2017-01-10 00:00:00-05:00,19.663415540514116,19.84389355264547,19.543097958562626,19.545963287353516,30769500,0.0,0.0
2017-01-11 00:00:00-05:00,19.537370056204914,19.657687645029224,19.53450472725035,19.63190460205078,20092800,0.0,0.0
2017-01-12 00:00:00-05:00,19.583202640836543,19.640496097975316,19.457154412404893,19.471479415893555,19634700,0.0,0.0
2017-01-13 00:00:00-05:00,19.47434306102708,19.48580109674724,19.21651922607985,19.23084259033203,30037500,0.0,0.0
2017-01-17 00:00:00-05:00,19.508720544900374,19.849620877750453,19.497260869918502,19.600391387939453,39502500,0.0,0.0
2017-01-18 00:00:00-05:00,19.44569552757364,19.51158332824707,19.348294031964354,19.51158332824707,21964500,0.0,0.0
2017-01-19 00:00:00-05:00,19.517318647185075,19.534507344807263,19.331113220292803,19.371219635009766,20463300,0.0,0.0
2017-01-20 00:00:00-05:00,19.40559268319092,19.43137572602643,19.19933325811942,19.245168685913086,36164100,0.0,0.0
2017-01-23 00:00:00-05:00,19.196464982449655,19.245165731706248,19.067553066468964,19.09333610534668,23854200,0.0,0.0
2017-01-24 00:00:00-05:00,19.162090679867614,19.311054988949074,19.096201233062754,19.308191299438477,32131800,0.0,0.0
2017-01-25 00:00:00-05:00,19.34256089013828,19.402721299565332,19.13343621905371,19.162084579467773,26168700,0.0,0.0
2017-01-26 00:00:00-05:00,19.2308452831339,19.256628325920484,19.084744652418316,19.116256713867188,19512300,0.0,0.0
2017-01-27 00:00:00-05:00,19.153494266933496,19.18500632257954,18.700869091878175,18.809728622436523,40300800,0.0,0.0
2017-01-30 00:00:00-05:00,18.801133085882526,19.044633530414924,18.801133085882526,19.02744483947754,25924500,0.0,0.0
2017-01-31 00:00:00-05:00,18.96728837463133,19.162089737547564,18.872752202144984,19.11911964416504,27962700,0.0,0.0
2017-02-01 00:00:00-05:00,19.038914105151253,19.11053259400322,18.91859484717539,18.973026275634766,27150000,0.0,0.0
2017-02-02 00:00:00-05:00,19.004525978715936,19.23370304663606,19.004525978715936,19.107656478881836,26996100,0.0,0.0
2017-02-03 00:00:00-05:00,19.142036564117106,19.17354862300885,19.033178661550448,19.05036735534668,22875900,0.0,0.0
2017-02-06 00:00:00-05:00,19.013130351447494,19.153501994283868,19.013130351447494,19.021724700927734,27291600,0.0,0.0
2017-02-07 00:00:00-05:00,19.067548432428815,19.193594989277212,19.053225071823555,19.162084579467773,17417100,0.0,0.0
2017-02-08 00:00:00-05:00,19.16208916478088,19.428507342037925,19.16208916478088,19.425642013549805,22982400,0.0,0.0
2017-02-09 00:00:00-05:00,19.42563959834386,19.806647918899365,19.408450907960116,19.789459228515625,33241500,0.0,0.0
2017-02-10 00:00:00-05:00,19.551689227612936,19.65195440985531,19.41131764463284,19.48579978942871,37336800,0.0,0.0
2017-02-13 00:00:00-05:00,19.57173937302719,19.666275526996564,19.35402198098151,19.414180755615234,25122900,0.0,0.0
2017-02-14 00:00:00-05:00,19.44568993958953,19.67486697068853,19.39698920577971,19.669137954711914,25386900,0.0,0.0
2017-02-15 00:00:00-05:00,19.422785582106663,19.683474839004894,19.41132590307592,19.677745819091797,25689900,0.0,0.0
2017-02-16 00:00:00-05:00,19.672012066946497,19.835301402829923,19.65482500990953,19.729307174682617,25241400,0.0,0.0
2017-02-17 00:00:00-05:00,19.71784644808228,19.99285901648934,19.677741677926075,19.872541427612305,38512200,0.0,0.0
2017-02-21 00:00:00-05:00,20.399645921146888,20.706168843401866,20.253545321998974,20.468399047851562,67238700,0.0,0.0
2017-02-22 00:00:00-05:00,20.69758008142436,20.731957473652894,20.47699891784314,20.54288673400879,45728100,0.0,0.0
2017-02-23 00:00:00-05:00,20.62596404555618,20.769200999786552,20.385327208244462,20.428298950195312,38399100,0.0,0.0
2017-02-24 00:00:00-05:00,20.436892176113105,20.855140059835406,20.42543249915417,20.737686157226562,41669700,0.0,0.0
2017-02-27 00:00:00-05:00,20.70617075219397,20.74627715626985,20.491317006535155,20.551477432250977,27764100,0.0,0.0
2017-02-28 00:00:00-05:00,20.302248332195735,20.339491050624364,20.05301717547204,20.31943702697754,47857800,0.0,0.0
2017-03-01 00:00:00-05:00,20.330896496580067,20.362406917754214,20.095988708160878,20.181930541992188,40568100,0.0,0.0
2017-03-02 00:00:00-05:00,20.173336820547586,20.31084310326203,20.101718350265575,20.270736694335938,26748900,0.0,0.0
2017-03-03 00:00:00-05:00,20.27073784778182,20.345220012022615,20.018642981793963,20.061613082885742,27893700,0.0,0.0
2017-03-06 00:00:00-05:00,20.053014356366663,20.17906258144083,19.989991883033504,20.018638610839844,27547800,0.0,0.0
2017-03-07 00:00:00-05:00,20.02436838784657,20.113175542299118,20.01291035197114,20.015775680541992,21848700,0.0,0.0
2017-03-08 00:00:00-05:00,20.11100602140734,20.20912206233167,20.067719969861702,20.142749786376953,23939400,0.17,0.0
2017-03-09 00:00:00-05:00,20.128319028218712,20.212006376670157,20.07348904449049,20.160062789916992,22693500,0.0,0.0
2017-03-10 00:00:00-05:00,20.200461511469545,20.30435033145725,20.14274678467609,20.229320526123047,21296400,0.0,0.0
2017-03-13 00:00:00-04:00,20.197579349931317,20.330325550299094,20.11677839183157,20.186037063598633,20407500,0.0,0.0
2017-03-14 00:00:00-04:00,20.43710245845909,20.549648850448456,20.408245086669922,20.408245086669922,29875200,0.0,0.0
2017-03-15 00:00:00-04:00,20.344751684853904,20.402468063057007,20.20623435867459,20.36783790588379,26441400,0.0,0.0
2017-03-16 00:00:00-04:00,20.23220871658934,20.402469817734847,20.22066477945319,20.327438354492188,21183000,0.0,0.0
2017-03-17 00:00:00-04:00,20.36784448166856,20.41690168515976,20.145639738923922,20.168725967407227,42235200,0.0,0.0
2017-03-20 00:00:00-04:00,20.240863403727133,20.33032354463629,20.116776407235996,20.194692611694336,22398600,0.0,0.0
2017-03-21 00:00:00-04:00,20.249524188135428,20.31589811803586,20.111006836069855,20.171607971191406,26240400,0.0,0.0
2017-03-22 00:00:00-04:00,20.20911863292235,20.29857876936213,20.11966014773931,20.272607803344727,19366800,0.0,0.0
2017-03-23 00:00:00-04:00,20.258178820730045,20.289922582428325,20.128319028218712,20.160062789916992,20696400,0.0,0.0
2017-03-24 00:00:00-04:00,20.197579210920175,20.24952280157372,20.064833011466032,20.087919235229492,17577000,0.0,0.0
2017-03-27 00:00:00-04:00,20.06194321538393,20.22066200890323,20.01577242693623,20.102344512939453,17377800,0.0,0.0
2017-03-28 00:00:00-04:00,20.007123856960018,20.307244849578062,20.007123856960018,20.292816162109375,21756600,0.0,0.0
2017-03-29 00:00:00-04:00,20.30147198018353,20.54099180458233,20.289928040434802,20.414016723632812,20973000,0.0,0.0
2017-03-30 00:00:00-04:00,20.3995840609008,20.696820223588425,20.385155377470443,20.659303665161133,24424500,0.0,0.0
2017-03-31 00:00:00-04:00,20.581388805191295,20.939226122288026,20.55541783381396,20.800708770751953,29819400,0.0,0.0
2017-04-03 00:00:00-04:00,20.800704552534555,20.930564336857955,20.714130812566705,20.728559494018555,24873900,0.0,0.0
2017-04-04 00:00:00-04:00,20.70259347318157,20.794938377537438,20.641990684848032,20.780508041381836,16701900,0.0,0.0
2017-04-05 00:00:00-04:00,20.673728364719896,20.867075657690766,20.650642145428698,20.67661476135254,19063500,0.0,0.0
2017-04-06 00:00:00-04:00,20.691041034862426,20.806472117889477,20.598696168440785,20.61312484741211,17823300,0.0,0.0
2017-04-07 00:00:00-04:00,20.806485479271245,21.063320423160306,20.71991169859142,21.0373477935791,32304000,0.0,0.0
2017-04-10 00:00:00-04:00,21.06331533883186,21.204719091434512,20.988285517607117,21.083515167236328,22487700,0.0,0.0
2017-04-11 00:00:00-04:00,21.0662001291381,21.19606159471215,21.046000300691336,21.190290451049805,17431500,0.0,0.0
2017-04-12 00:00:00-04:00,21.224914307549373,21.30571690612265,21.1383422178367,21.19317054748535,19881900,0.0,0.0
2017-04-13 00:00:00-04:00,21.172973153635635,21.256660507383973,21.109485626220703,21.109485626220703,16009200,0.0,0.0
2017-04-17 00:00:00-04:00,21.112372162838387,21.233574424153357,21.109485765661567,21.207603454589844,16396200,0.0,0.0
2017-04-18 00:00:00-04:00,21.22203184518544,21.383637072292828,21.204718414787138,21.323034286499023,19883700,0.0,0.0
2017-04-19 00:00:00-04:00,21.383638467906398,21.464439435476535,21.314379788021775,21.374980926513672,17821800,0.0,0.0
2017-04-20 00:00:00-04:00,21.39518279330233,21.675103937050913,21.386525251085047,21.585643768310547,23043900,0.0,0.0
2017-04-21 00:00:00-04:00,21.56832667570701,21.67510025950869,21.527925369300224,21.626041412353516,17267100,0.0,0.0
2017-04-24 00:00:00-04:00,21.666442070286063,21.75878696716224,21.475981133293196,21.57986831665039,23437500,0.0,0.0
2017-04-25 00:00:00-04:00,21.63470300111706,21.69241939981979,21.60295922951916,21.65778923034668,17161200,0.0,0.0
2017-04-26 00:00:00-04:00,21.72127216193925,21.86556065117641,21.69241479434322,21.767444610595703,20845500,0.0,0.0
2017-04-27 00:00:00-04:00,21.799183976152197,21.84535641549057,21.649122722674143,21.770326614379883,18156600,0.0,0.0
2017-04-28 00:00:00-04:00,21.712614229307306,21.770330614714094,21.623155730872316,21.69529914855957,21991200,0.0,0.0
2017-05-01 00:00:00-04:00,21.669326938619797,21.85113032229596,21.669326938619797,21.709728240966797,18497700,0.0,0.0
2017-05-02 00:00:00-04:00,21.729925389025055,21.848242884442275,21.715495056834484,21.793411254882812,21955200,0.0,0.0
2017-05-03 00:00:00-04:00,21.758785628818845,21.897302965613164,21.695298103307223,21.862672805786133,16570800,0.0,0.0
2017-05-04 00:00:00-04:00,21.911727069323668,22.047359631959058,21.882869709669713,22.030044555664062,16502400,0.0,0.0
2017-05-05 00:00:00-04:00,22.053135243410818,22.105078831567273,21.98387657544991,22.076221466064453,16793400,0.0,0.0
2017-05-08 00:00:00-04:00,22.076224162278788,22.081995305832816,21.952135493953183,21.966564178466797,19536600,0.0,0.0
2017-05-09 00:00:00-04:00,22.058908766370276,22.234941026690652,22.02716500038933,22.139711380004883,24765900,0.0,0.0
2017-05-10 00:00:00-04:00,22.174567050567465,22.305295860410208,22.133897047368038,22.28205680847168,22535700,0.17,0.0
2017-05-11 00:00:00-04:00,22.180380816060644,22.28786892299868,22.058365806667823,22.11646842956543,25048200,0.0,0.0
2017-05-12 00:00:00-04:00,22.06418131521553,22.15133443453472,21.89568484124977,21.99445915222168,17678700,0.0,0.0
2017-05-15 00:00:00-04:00,22.020600498416265,22.215241714280072,22.020600498416265,22.16295051574707,26531700,0.0,0.0
2017-05-16 00:00:00-04:00,22.133895099172612,22.157134149065666,21.811429178456986,21.820144653320312,25115400,0.0,0.0
2017-05-17 00:00:00-04:00,21.82015336848062,22.000269375546594,21.77657763906632,21.82305908203125,32913000,0.0,0.0
2017-05-18 00:00:00-04:00,22.33725346136351,22.560946804626425,22.11646749323708,22.526084899902344,57500400,0.0,0.0
2017-05-19 00:00:00-04:00,22.65100424733089,23.07805261187619,22.59290162614237,22.883411407470703,55745100,0.0,0.0
2017-05-22 00:00:00-04:00,22.848554022212355,22.950230712971223,22.74687566914615,22.819501876831055,26692800,0.0,0.0
2017-05-23 00:00:00-04:00,22.828217294799998,22.941516838185308,22.78754728352524,22.802072525024414,22754700,0.0,0.0
2017-05-24 00:00:00-04:00,22.82240596070693,22.836931201206916,22.70039261066129,22.703296661376953,22281000,0.0,0.0
2017-05-25 00:00:00-04:00,22.764301833648773,22.9066501681414,22.703293504801085,22.749774932861328,18405000,0.0,0.0
2017-05-26 00:00:00-04:00,22.76720902916362,22.816596176665396,22.59871424474507,22.697486877441406,18377400,0.0,0.0
2017-05-30 00:00:00-04:00,22.659720939877,22.77592452618409,22.63938593563847,22.703296661376953,16231200,0.0,0.0
2017-05-31 00:00:00-04:00,22.76139847445129,22.926989202402332,22.723632518035895,22.834026336669922,24605100,0.0,0.0
2017-06-01 00:00:00-04:00,22.84564964140185,23.185544967651367,22.83403011241752,23.185544967651367,24459300,0.0,0.0
2017-06-02 00:00:00-04:00,23.182639407206242,23.220405367407647,23.014144611751583,23.130348205566406,23989500,0.0,0.0
2017-06-05 00:00:00-04:00,23.124537217741484,23.377281078024524,23.089676970089517,23.316272735595703,30437100,0.0,0.0
2017-06-06 00:00:00-04:00,23.075149219613994,23.112915176425723,22.735252283694052,22.929893493652344,34577700,0.0,0.0
2017-06-07 00:00:00-04:00,22.973468023090387,23.095481354913968,22.871789692468415,22.993803024291992,25533600,0.0,0.0
2017-06-08 00:00:00-04:00,22.993805880090896,23.27850424380738,22.72653846945896,22.929893493652344,32799000,0.0,0.0
2017-06-09 00:00:00-04:00,22.95894700381913,23.11291822664267,22.868889838176074,23.072246551513672,28215300,0.0,0.0
2017-06-12 00:00:00-04:00,23.066430385939594,23.348224658000568,22.90374539287806,23.019948959350586,31231800,0.0,0.0
2017-06-13 00:00:00-04:00,23.01123071199464,23.11581307806777,22.918267870015526,23.101287841796875,16584000,0.0,0.0
2017-06-14 00:00:00-04:00,23.101297068193034,23.252362577896314,23.025765144495097,23.21169090270996,15019500,0.0,0.0
2017-06-15 00:00:00-04:00,23.00252899171993,23.037389247152795,22.590005718200054,22.924091339111328,33891600,0.0,0.0
2017-06-16 00:00:00-04:00,21.48315493096528,21.933445630026338,21.291419458079204,21.857912063598633,168699000,0.0,0.0
2017-06-19 00:00:00-04:00,21.89858688469584,22.08160690851657,21.64874876026205,21.933448791503906,48285300,0.0,0.0
2017-06-20 00:00:00-04:00,22.04384099166801,22.055462181394535,21.88115597164714,21.945068359375,30057600,0.0,0.0
2017-06-21 00:00:00-04:00,21.962496527622523,22.255910336590865,21.956685102342632,22.148422241210938,27034200,0.0,0.0
2017-06-22 00:00:00-04:00,22.087420286351154,22.09613576447927,21.87534974702768,21.939260482788086,24333900,0.0,0.0
2017-06-23 00:00:00-04:00,21.962498296665622,22.01478949224758,21.657463274874434,21.741710662841797,39240900,0.0,0.0
2017-06-26 00:00:00-04:00,21.77366782247894,22.058366191413594,21.764952345776926,21.933448791503906,25762500,0.0,0.0
2017-06-27 00:00:00-04:00,21.93344590638228,22.18618804826628,21.91891900558498,22.08160400390625,19363200,0.0,0.0
2017-06-28 00:00:00-04:00,22.151333598575405,22.31111292604117,22.11937573831334,22.226863861083984,20966700,0.0,0.0
2017-06-29 00:00:00-04:00,22.151331308693482,22.171666313331848,21.930543659215218,22.058366775512695,21190500,0.0,0.0
2017-06-30 00:00:00-04:00,22.101944250688888,22.157139500977237,21.982834948529177,21.985740661621094,20889900,0.0,0.0
2017-07-03 00:00:00-04:00,22.03222270734919,22.177476782129396,21.811435050852854,21.892778396606445,14545800,0.0,0.0
2017-07-05 00:00:00-04:00,21.947973362715928,22.06417861579616,21.837581198212096,21.88115692138672,18110700,0.0,0.0
2017-07-06 00:00:00-04:00,21.88987601615081,22.06999202719288,21.857919815618544,21.92473793029785,18485400,0.0,0.0
2017-07-07 00:00:00-04:00,21.977026597935552,22.026412087523173,21.80272037197107,21.884063720703125,15921300,0.0,0.0
2017-07-10 00:00:00-04:00,21.831773688934287,21.87825513358303,21.244945865820846,21.273996353149414,45200100,0.0,0.0
2017-07-11 00:00:00-04:00,21.317567330226492,21.512208544075648,21.303042089801405,21.343713760375977,22597800,0.0,0.0
2017-07-12 00:00:00-04:00,21.39890988145805,21.558690844850297,21.39890988145805,21.480253219604492,17100600,0.0,0.0
2017-07-13 00:00:00-04:00,21.69232718797003,21.86082199241254,21.64584574796469,21.80272102355957,24481500,0.0,0.0
2017-07-14 00:00:00-04:00,22.157134498451278,22.241383536022962,22.052552123055975,22.177471160888672,27455700,0.0,0.0
2017-07-17 00:00:00-04:00,22.162945125062684,22.331439869523468,22.133894650977755,22.186185836791992,26506800,0.0,0.0
2017-07-18 00:00:00-04:00,22.15133339249651,22.23557913205509,22.07870385712174,22.13680648803711,12944700,0.0,0.0
2017-07-19 00:00:00-04:00,22.101942187133698,22.142613855086918,21.96249789327161,22.040935516357422,15940800,0.0,0.0
2017-07-20 00:00:00-04:00,22.072893183126553,22.151330811453782,21.99154984178453,22.08451271057129,14896200,0.0,0.0
2017-07-21 00:00:00-04:00,22.03222105958015,22.14551893021995,21.947972006955087,22.122278213500977,21459900,0.0,0.0
2017-07-24 00:00:00-04:00,22.087415459836475,22.41569119426214,22.087415459836475,22.33725357055664,22164000,0.0,0.0
2017-07-25 00:00:00-04:00,22.546421697948304,22.909557675325978,22.482509313782298,22.81078338623047,34512000,0.0,0.0
2017-07-26 00:00:00-04:00,22.819498572059473,22.999614533186445,22.64228832374202,22.92117691040039,20148300,0.0,0.0
2017-07-27 00:00:00-04:00,22.86888174297782,23.20006312882896,22.79915960842602,23.176820755004883,24157500,0.0,0.0
2017-07-28 00:00:00-04:00,23.182640916559002,23.229122357111198,23.107107328931104,23.185544967651367,14925600,0.0,0.0
2017-07-31 00:00:00-04:00,23.188447782641006,23.33951327670713,23.150681824701284,23.237834930419922,18789600,0.0,0.0
2017-08-01 00:00:00-04:00,23.313367751855683,23.452812061499024,23.24074154619184,23.38599395751953,17179500,0.0,0.0
2017-08-02 00:00:00-04:00,23.339511481082994,23.56320316078225,23.327890292137877,23.39470672607422,26019000,0.0,0.0
2017-08-03 00:00:00-04:00,23.630025016432338,23.752038385661965,23.435383770976397,23.493486404418945,29840700,0.0,0.0
2017-08-04 00:00:00-04:00,23.548680874463713,23.647453512501873,23.301748448214653,23.380186080932617,21425400,0.0,0.0
2017-08-07 00:00:00-04:00,23.40632626222722,23.661974115589597,23.397610786710583,23.612586975097656,16453500,0.0,0.0
2017-08-08 00:00:00-04:00,23.58063292042946,23.781083874407553,23.50219530151507,23.702646255493164,22144200,0.0,0.0
2017-08-09 00:00:00-04:00,23.711420082533394,23.96867602651314,23.650029668633643,23.857587814331055,19819500,0.17,0.0
2017-08-10 00:00:00-04:00,23.69972323386709,23.796194829723895,23.54770921068282,23.579866409301758,24135000,0.0,0.0
2017-08-11 00:00:00-04:00,23.600326335239565,23.75234033919327,23.492162138711826,23.503854751586914,23716500,0.0,0.0
2017-08-14 00:00:00-04:00,23.5594088775702,23.749428136196133,23.5330979782522,23.59156608581543,23376000,0.0,0.0
2017-08-15 00:00:00-04:00,23.629562994542123,23.79619529809368,23.544785684134087,23.612022399902344,21198300,0.0,0.0
2017-08-16 00:00:00-04:00,23.758187711498437,23.807885496855366,23.54478164073166,23.673410415649414,34608000,0.0,0.0
2017-08-17 00:00:00-04:00,23.050733774240125,23.331376561150975,22.89871976771156,23.29922103881836,51881100,0.0,0.0
2017-08-18 00:00:00-04:00,23.27584029906894,23.48924476260912,23.176444697830796,23.18521499633789,29259000,0.0,0.0
2017-08-21 00:00:00-04:00,23.129668296749802,23.407388809154092,23.033196696741488,23.302146911621094,28841700,0.0,0.0
2017-08-22 00:00:00-04:00,23.32845803932138,23.433698265151875,23.30214714648214,23.392770767211914,19638300,0.0,0.0
2017-08-23 00:00:00-04:00,23.489245140782828,23.55063555855747,23.351847698407525,23.375234603881836,23397900,0.0,0.0
2017-08-24 00:00:00-04:00,23.565250902421884,23.644180234896787,22.758401927692464,22.90164566040039,57384000,0.0,0.0
2017-08-25 00:00:00-04:00,22.948421656770357,23.120898603385346,22.942573676425617,22.98642349243164,29706600,0.0,0.0
2017-08-28 00:00:00-04:00,22.922111925654857,22.936728531731255,22.76132591328777,22.811023712158203,25864500,0.0,0.0
2017-08-29 00:00:00-04:00,22.705777276877708,23.088739639839485,22.656079487921673,23.027347564697266,22995600,0.0,0.0
2017-08-30 00:00:00-04:00,23.041963018863,23.123817999795566,22.954261731510375,22.96010971069336,17489400,0.0,0.0
2017-08-31 00:00:00-04:00,22.97765738020347,23.02150720100477,22.819795348897287,22.822717666625977,24584400,0.0,0.0
2017-09-01 00:00:00-04:00,22.89287505453888,22.948420829231363,22.86364184492237,22.910415649414062,19423200,0.0,0.0
2017-09-05 00:00:00-04:00,22.78763974241867,23.35477182592823,22.773023134459976,23.328462600708008,36205500,0.0,0.0
2017-09-06 00:00:00-04:00,23.351848131547996,23.503862183568938,23.305074319731787,23.410314559936523,25278300,0.0,0.0
2017-09-07 00:00:00-04:00,23.480469205627553,23.609097991240535,23.38692327894951,23.4220027923584,20462400,0.0,0.0
2017-09-08 00:00:00-04:00,23.310920843721735,23.351848347630497,22.72332420005711,23.059511184692383,29998800,0.0,0.0
2017-09-11 00:00:00-04:00,23.138440056008818,23.19690815227927,22.995194641995027,23.117977142333984,21000600,0.0,0.0
2017-09-12 00:00:00-04:00,23.182289589281527,23.36061619342287,23.144286079915382,23.27291488647461,18015000,0.0,0.0
2017-09-13 00:00:00-04:00,23.272915966743547,23.58571602692653,23.267069658745836,23.34600067138672,26471100,0.0,0.0
2017-09-14 00:00:00-04:00,23.325528393090746,23.334298688577157,23.15889779713745,23.293371200561523,20817900,0.0,0.0
2017-09-15 00:00:00-04:00,23.331380234475365,23.606178430877204,23.173518223793263,23.49801254272461,39953400,0.0,0.0
2017-09-18 00:00:00-04:00,23.448313238179594,23.714339428150414,23.372304560500076,23.38692283630371,24528300,0.0,0.0
2017-09-19 00:00:00-04:00,23.439547846748418,23.521401175457175,23.29922642087911,23.40154266357422,18523200,0.0,0.0
2017-09-20 00:00:00-04:00,23.436618770209865,23.550629276699873,23.34891747988364,23.53308868408203,15954600,0.0,0.0
2017-09-21 00:00:00-04:00,23.55355702991763,23.55355702991763,23.30507139492463,23.389848709106445,19290900,0.0,0.0
2017-09-22 00:00:00-04:00,23.354767203115944,23.410311306022773,23.167673654619623,23.249526977539062,17265900,0.0,0.0
2017-09-25 00:00:00-04:00,23.07119865581858,23.41615583739949,23.05365806321817,23.13843536376953,25643400,0.0,0.0
2017-09-26 00:00:00-04:00,23.106281184069942,23.252448905037472,23.071201667053543,23.208599090576172,17505900,0.0,0.0
2017-09-27 00:00:00-04:00,23.217366753505864,23.261216562991446,22.998114360551924,23.179363250732422,18943800,0.0,0.0
2017-09-28 00:00:00-04:00,23.094582428008707,23.117970998511804,22.837328225629097,23.079967498779297,37118400,0.0,0.0
2017-09-29 00:00:00-04:00,23.050739764580232,23.094589584144472,22.796407800133544,22.843181610107422,31060200,0.0,0.0
2017-10-02 00:00:00-04:00,22.773021119614498,23.044893683672015,22.656084920763803,22.933805465698242,23127600,0.0,0.0
2017-10-03 00:00:00-04:00,23.044890927173494,23.28753024887691,23.021504024753444,23.158903121948242,23810100,0.0,0.0
2017-10-04 00:00:00-04:00,23.173511668800124,23.322603339742155,23.115045265241623,23.120891571044922,18520200,0.0,0.0
2017-10-05 00:00:00-04:00,23.144280605029362,23.331375790120337,23.117971390102756,23.214441299438477,15416100,0.0,0.0
2017-10-06 00:00:00-04:00,23.030272696159365,23.14428321012097,22.875333014898544,23.094585418701172,18740100,0.0,0.0
2017-10-09 00:00:00-04:00,23.240758625506682,23.790351720346443,23.211525412928477,23.5418643951416,40479000,0.0,0.0
2017-10-10 00:00:00-04:00,24.170388160772188,24.81352886498922,24.149925246809133,24.594276428222656,75372000,0.0,0.0
2017-10-11 00:00:00-04:00,24.72582691125545,25.225722186411392,24.58550548920337,25.062015533447266,55683000,0.0,0.0
2017-10-12 00:00:00-04:00,25.053246748973162,25.249112288182094,24.86614983550432,25.170181274414062,38631000,0.0,0.0
2017-10-13 00:00:00-04:00,25.211110408661234,25.41866857746975,25.211110408661234,25.32219696044922,28167000,0.0,0.0
2017-10-16 00:00:00-04:00,25.310502840019474,25.322195456244263,24.85445735198445,25.064939498901367,27900900,0.0,0.0
2017-10-17 00:00:00-04:00,24.99477988091915,25.24618954119042,24.942159760069938,25.135101318359375,17554500,0.0,0.0
2017-10-18 00:00:00-04:00,25.18479450384957,25.249108902408693,25.14386700724257,25.205257415771484,16416300,0.0,0.0
2017-10-19 00:00:00-04:00,25.184796229072386,25.333887948325707,25.073708018999202,25.25787925720215,21087000,0.0,0.0
2017-10-20 00:00:00-04:00,25.31635108407339,25.564836761867692,25.22280345606784,25.561914443969727,22853400,0.0,0.0
2017-10-23 00:00:00-04:00,25.532673435820602,25.994565156579906,25.509286534424728,25.915634155273438,31758000,0.0,0.0
2017-10-24 00:00:00-04:00,25.92732855502273,25.95948575367719,25.699305847231273,25.719770431518555,23102700,0.0,0.0
2017-10-25 00:00:00-04:00,25.681770972901592,25.901023432369193,25.55899013088406,25.865943908691406,19224000,0.0,0.0
2017-10-26 00:00:00-04:00,25.918564412798148,26.050115555865926,25.731469156388233,25.906871795654297,19454700,0.0,0.0
2017-10-27 00:00:00-04:00,25.766545940096456,25.83963064414474,25.47713278702343,25.77531623840332,19851000,0.0,0.0
2017-10-30 00:00:00-04:00,25.708076139979728,25.71100012995259,25.254954714447887,25.418663024902344,21156000,0.0,0.0
2017-10-31 00:00:00-04:00,25.3923555781122,25.567758199489745,25.316348556138166,25.523906707763672,18020700,0.0,0.0
2017-11-01 00:00:00-04:00,25.453746651455308,25.8425554152437,25.43328373662999,25.708080291748047,18528300,0.0,0.0
2017-11-02 00:00:00-04:00,25.80747220626703,26.067652134375276,25.667150785598977,25.959487915039062,15549300,0.0,0.0
2017-11-03 00:00:00-04:00,26.023802157382466,26.275211802214894,25.94779513496074,26.216745376586914,19536300,0.0,0.0
2017-11-06 00:00:00-05:00,26.140730339197283,26.216737338314626,25.924400281517585,25.930248260498047,15772200,0.0,0.0
2017-11-07 00:00:00-05:00,25.97994905091407,26.035493151890677,25.816240738001035,26.00333595275879,16047900,0.0,0.0
2017-11-08 00:00:00-05:00,26.05010464673586,26.433065298421038,26.047182330055463,26.38629150390625,20302500,0.0,0.0
2017-11-09 00:00:00-05:00,26.292747385141183,26.476920270828106,26.120268786007856,26.39798927307129,20713500,0.0,0.0
2017-11-10 00:00:00-05:00,26.380451289973315,26.80433952794061,26.36875867502579,26.579240798950195,22943400,0.0,0.0
2017-11-13 00:00:00-05:00,26.61432134806416,26.889117883140067,26.564625223466255,26.59970474243164,25474800,0.0,0.0
2017-11-14 00:00:00-05:00,26.514926245064814,26.66109396764262,26.362910542283853,26.628936767578125,29502300,0.0,0.0
2017-11-15 00:00:00-05:00,26.409685131412438,26.558776848518235,26.207973300258494,26.26059341430664,25300200,0.0,0.0
2017-11-16 00:00:00-05:00,27.80705930808345,29.140113012877734,27.690124772575178,29.122575759887695,114367200,0.0,0.0
2017-11-17 00:00:00-05:00,29.011479147572043,29.271657368399588,28.23386178386606,28.494043350219727,70726500,0.0,0.0
2017-11-20 00:00:00-05:00,28.19294302255765,28.543744942767546,27.994153483490997,28.496971130371094,49182900,0.0,0.0
2017-11-21 00:00:00-05:00,28.572978975196055,28.62559741853292,28.157859335945997,28.216325759887695,38239500,0.0,0.0
2017-11-22 00:00:00-05:00,28.254322596970674,28.301096391413267,28.09646062253621,28.184160232543945,26754600,0.0,0.0
2017-11-24 00:00:00-05:00,28.3186446278017,28.423884857328183,28.21924903320489,28.245561599731445,13488300,0.0,0.0
2017-11-27 00:00:00-05:00,28.312796647345447,28.546665682696844,28.152010640064308,28.245561599731445,26714700,0.0,0.0
2017-11-28 00:00:00-05:00,28.236791660835486,28.324491300830253,28.01169290720812,28.289413452148438,26128800,0.0,0.0
2017-11-29 00:00:00-05:00,28.420955832921152,28.724987197788447,28.321560255930194,28.52035140991211,34272000,0.0,0.0
2017-11-30 00:00:00-05:00,28.67529498097008,28.77761122202554,28.213401537264748,28.423885345458984,38564100,0.0,0.0
2017-12-01 00:00:00-05:00,28.534983792471863,28.564217014687568,28.131559973050624,28.45897674560547,24888600,0.0,0.0
2017-12-04 00:00:00-05:00,28.570055268929195,28.63729031891992,28.263099849130285,28.35957145690918,26869500,0.0,0.0
2017-12-05 00:00:00-05:00,28.356647921920448,28.631446143539026,28.33326268994643,28.599288940429688,27030300,0.0,0.0
2017-12-06 00:00:00-05:00,28.646070777965512,28.68992060935077,28.426818275511526,28.43851089477539,21423000,0.0,0.0
2017-12-07 00:00:00-05:00,28.52372124121859,28.676539766814837,28.403232751198754,28.441434860229492,22507800,0.17,0.0
2017-12-08 00:00:00-05:00,28.300376410504814,28.41792887408353,28.253356097704938,28.37384796142578,17463300,0.0,0.0
2017-12-11 00:00:00-05:00,28.494338061640136,28.585439292212115,28.297441962118707,28.485523223876953,26786700,0.0,0.0
2017-12-12 00:00:00-05:00,28.462017249288706,28.57663034277607,28.38854904226293,28.417936325073242,23431800,0.0,0.0
2017-12-13 00:00:00-05:00,28.406179155694044,28.773523516105946,28.373852475304034,28.729442596435547,23638200,0.0,0.0
2017-12-14 00:00:00-05:00,28.799972191721196,28.967481016803404,28.535483334112023,28.54429817199707,28157400,0.0,0.0
2017-12-15 00:00:00-05:00,28.71474867094579,28.943974832005697,28.479647071883424,28.538421630859375,48428400,0.0,0.0
2017-12-18 00:00:00-05:00,28.61775562584843,28.849917718827854,28.611880190515972,28.770570755004883,23893200,0.0,0.0
2017-12-19 00:00:00-05:00,29.361278980254113,29.361278980254113,28.885196979815547,29.035076141357422,36036600,0.0,0.0
2017-12-20 00:00:00-05:00,29.226088560016898,29.284863102520777,28.932209121182268,29.020374298095703,32189400,0.0,0.0
2017-12-21 00:00:00-05:00,29.093851000873652,29.190831042315274,28.79409603785346,28.817607879638672,22107300,0.0,0.0
2017-12-22 00:00:00-05:00,28.885195183464877,28.92340066241092,28.70593211667068,28.86168670654297,16436100,0.0,0.0
2017-12-26 00:00:00-05:00,28.902818696919883,29.22314597230521,28.902818696919883,29.140859603881836,12887700,0.0,0.0
2017-12-27 00:00:00-05:00,29.258417028643724,29.27017126523515,29.043884554271642,29.170251846313477,15422400,0.0,0.0
2017-12-28 00:00:00-05:00,29.246655609953137,29.276046242330693,29.12910653307245,29.211389541625977,29291700,0.0,0.0
2017-12-29 00:00:00-05:00,29.21139156123331,29.29661733839003,29.020374298095703,29.020374298095703,21432900,0.0,0.0
2018-01-02 00:00:00-05:00,29.182008482795645,29.32600882314593,28.952785716201664,28.973358154296875,30451500,0.0,0.0
2018-01-03 00:00:00-05:00,29.04976816885783,29.387725228189648,29.026256328620303,29.22609519958496,26710800,0.0,0.0
2018-01-04 00:00:00-05:00,29.252544403076172,29.323073200668993,29.067402525841665,29.252544403076172,20491200,0.0,0.0
2018-01-05 00:00:00-05:00,29.28192967416707,29.499398216305426,29.273114836256944,29.42593002319336,21852000,0.0,0.0
2018-01-08 00:00:00-05:00,29.46119178417811,29.902007604574003,29.449434184476388,29.860862731933594,26531700,0.0,0.0
2018-01-09 00:00:00-05:00,29.984299699889768,30.07834371018194,29.47883374391717,29.502342224121094,21938100,0.0,0.0
2018-01-10 00:00:00-05:00,29.314254712521574,29.355396225732044,28.95572524176196,29.290742874145508,23791200,0.0,0.0
2018-01-11 00:00:00-05:00,29.299563643132778,29.51997159262317,29.029195975477112,29.393604278564453,19613100,0.0,0.0
2018-01-12 00:00:00-05:00,29.502333541031703,29.810903272633,29.47588566779669,29.643394470214844,20853600,0.0,0.0
2018-01-16 00:00:00-05:00,29.78151478696779,29.949026945723944,29.487638703923473,29.59049415588379,21512100,0.0,0.0
2018-01-17 00:00:00-05:00,29.72568102736654,30.251719274148954,29.59343493410018,30.181190490722656,26045700,0.0,0.0
2018-01-18 00:00:00-05:00,30.780696754153862,30.839471294128543,30.4515546218752,30.651390075683594,36923700,0.0,0.0
2018-01-19 00:00:00-05:00,30.75131167803413,30.83653409444588,30.463311030559638,30.736618041992188,25135800,0.0,0.0
2018-01-22 00:00:00-05:00,30.710173034249543,30.98935890197754,30.574990882618753,30.98935890197754,21924900,0.0,0.0
2018-01-23 00:00:00-05:00,30.942339935561794,31.195071210401135,30.73074681598926,31.12160301208496,24863400,0.0,0.0
2018-01-24 00:00:00-05:00,31.253855824761256,31.28030370918679,30.804221610571588,31.089282989501953,20469300,0.0,0.0
2018-01-25 00:00:00-05:00,31.10690075771757,31.38902259691147,31.10690075771757,31.327308654785156,17571300,0.0,0.0
2018-01-26 00:00:00-05:00,31.444866218066004,31.85923084501368,31.35082558970308,31.853355407714844,20358900,0.0,0.0
2018-01-29 00:00:00-05:00,31.77107294885436,32.32062314905575,31.73580686806446,32.19425582885742,25065600,0.0,0.0
2018-01-30 00:00:00-05:00,32.073765138577954,32.13841849459647,31.488948897176392,31.65939712524414,27541500,0.0,0.0
2018-01-31 00:00:00-05:00,31.671144436105372,31.79163628376529,31.171554099594207,31.327308654785156,29438400,0.0,0.0
2018-02-01 00:00:00-05:00,31.139226801387778,31.31555378812144,30.910004072844295,31.009920120239258,19160400,0.0,0.0
2018-02-02 00:00:00-05:00,30.901186451955073,31.28910650265891,30.60731037733869,30.70429039001465,27759300,0.0,0.0
2018-02-05 00:00:00-05:00,30.38690604036533,30.742496098676394,28.532541435932185,29.414173126220703,37684800,0.0,0.0
2018-02-06 00:00:00-05:00,28.69417651166479,29.70511507913428,28.57956679316854,29.6522159576416,49241400,0.0,0.0
2018-02-07 00:00:00-05:00,29.534662079386504,30.73662113488021,29.39066174115915,30.22527313232422,33495600,0.0,0.0
2018-02-08 00:00:00-05:00,30.33695003333064,30.410418228774635,29.387725477665573,29.393604278564453,41925300,0.0,0.0
2018-02-09 00:00:00-05:00,29.543470124133048,29.71098226177439,28.338575308685712,29.202573776245117,42553800,0.0,0.0
2018-02-12 00:00:00-05:00,29.42593186389649,29.51997250222585,29.03507567103749,29.255483627319336,27405300,0.0,0.0
2018-02-13 00:00:00-05:00,29.19083287705996,29.746261918217137,29.19083287705996,29.675729751586914,19868400,0.0,0.0
2018-02-14 00:00:00-05:00,29.640462263817923,30.048951513912563,29.449441578597476,29.88732147216797,21922800,0.0,0.0
2018-02-15 00:00:00-05:00,30.13712047520437,30.45744456112342,29.925527322119198,30.336956024169922,22484700,0.0,0.0
2018-02-16 00:00:00-05:00,30.29580843437504,30.83947980550339,29.96960224853963,30.79245948791504,48192900,0.0,0.0
2018-02-20 00:00:00-05:00,28.503155200261954,28.782337682187176,27.65384847211686,27.656787872314453,156265500,0.0,0.0
2018-02-21 00:00:00-05:00,27.950662517953297,28.01825526630063,26.813358530429664,26.89564323425293,148511100,0.0,0.0
2018-02-22 00:00:00-05:00,26.86919708113906,27.445195089531115,26.83393100468534,27.262990951538086,61095000,0.0,0.0
2018-02-23 00:00:00-05:00,27.29531842744184,27.474584852035143,26.966176218266497,27.29825782775879,38374500,0.0,0.0
2018-02-26 00:00:00-05:00,27.301195191742174,27.565684026849958,27.101358024572978,27.365848541259766,44097900,0.0,0.0
2018-02-27 00:00:00-05:00,27.515723798496403,27.542173354142616,26.89270383421036,26.89564323425293,40128300,0.0,0.0
2018-02-28 00:00:00-05:00,27.036708863843845,27.06609614123012,26.44895322664344,26.45189094543457,42431100,0.0,0.0
2018-03-01 00:00:00-05:00,26.498916284773678,26.501854003935232,25.77597840780783,26.1785888671875,56728800,0.0,0.0
2018-03-02 00:00:00-05:00,25.64667034731013,26.125690066839123,25.63785382712502,26.087486267089844,57130200,0.0,0.0
2018-03-05 00:00:00-05:00,25.902341746613214,26.59589396231649,25.88177098799635,26.443077087402344,40149600,0.0,0.0
2018-03-06 00:00:00-05:00,26.551810444251004,26.59589304201778,26.046341200386383,26.17270851135254,33164100,0.0,0.0
2018-03-07 00:00:00-05:00,25.855320509256206,26.016952206191302,25.667237573827272,25.7847900390625,34359000,0.0,0.0
2018-03-08 00:00:00-05:00,25.947384324499122,26.05381162128424,25.820263629930132,25.991729736328125,28766100,0.173333,0.0
2018-03-09 00:00:00-05:00,26.08633519477935,26.22823715209961,25.876437492323486,26.22823715209961,29263200,0.0,0.0
2018-03-12 00:00:00-04:00,26.22232487478265,26.441089968426887,25.979907763420634,26.03607749938965,25422000,0.0,0.0
2018-03-13 00:00:00-04:00,26.13067791377478,26.281448949060287,26.009471053827095,26.10407066345215,21519000,0.0,0.0
2018-03-14 00:00:00-04:00,26.1661552012319,26.308058859027145,25.867571717095124,25.917827606201172,33121800,0.0,0.0
2018-03-15 00:00:00-04:00,25.920775293512325,26.248922839026005,25.3945544210612,25.87051773071289,49845600,0.0,0.0
2018-03-16 00:00:00-04:00,25.932606216825928,26.6332485839144,25.867569090961705,26.361268997192383,85188000,0.0,0.0
2018-03-19 00:00:00-04:00,26.284400919988933,26.33465679454207,25.74931093060784,25.852781295776367,36160200,0.0,0.0
2018-03-20 00:00:00-04:00,25.97399166028245,26.059723867971925,25.829132800487255,26.000598907470703,24774000,0.0,0.0
2018-03-21 00:00:00-04:00,25.982857965658063,26.51203408696693,25.920776087125223,26.06859016418457,35508000,0.0,0.0
2018-03-22 00:00:00-04:00,25.8764374364348,26.095202530596513,25.716799003497872,25.76114273071289,36744600,0.0,0.0
2018-03-23 00:00:00-04:00,25.82322357393886,25.923737033162872,25.2112703519826,25.25265884399414,30375300,0.0,0.0
2018-03-26 00:00:00-04:00,25.48916395458432,25.923738923380633,25.456644543604448,25.867570877075195,27599400,0.0,0.0
2018-03-27 00:00:00-04:00,26.00356026370319,26.027210591793622,25.270400092899735,25.438907623291016,19637400,0.0,0.0
2018-03-28 00:00:00-04:00,25.500984869466457,26.08633249739219,25.480291470515454,25.947385787963867,34728900,0.0,0.0
2018-03-29 00:00:00-04:00,25.985819988644792,26.41152755137491,25.947388420063238,26.30214500427246,27823800,0.0,0.0
2018-04-02 00:00:00-04:00,26.015380998139293,26.086333664241252,25.081194013060607,25.29109001159668,57386700,0.0,0.0
2018-04-03 00:00:00-04:00,25.498032008387412,25.704972783568,25.291091233206824,25.660627365112305,29086500,0.0,0.0
2018-04-04 00:00:00-04:00,25.30586784956765,25.867565103296336,25.25856720626465,25.784788131713867,19609800,0.0,0.0
2018-04-05 00:00:00-04:00,25.89713517045824,26.11885721235735,25.734538104209594,25.959217071533203,19142700,0.0,0.0
2018-04-06 00:00:00-04:00,25.66949195808618,25.98581522411079,25.46255121910858,25.62810516357422,19050000,0.0,0.0
2018-04-09 00:00:00-04:00,25.675406152363784,25.852782722725603,25.495072657380884,25.50689697265625,25104300,0.0,0.0
2018-04-10 00:00:00-04:00,25.672448384148613,25.749311505726205,25.32360572092112,25.557153701782227,27382200,0.0,0.0
2018-04-11 00:00:00-04:00,25.424125408625986,25.678365140267996,25.364998748789777,25.397518157958984,18837000,0.0,0.0
2018-04-12 00:00:00-04:00,25.48029054895623,25.6694931323096,25.24969947759318,25.255613327026367,20568900,0.0,0.0
2018-04-13 00:00:00-04:00,25.391601167184696,25.503940622855012,25.184662112365896,25.43003273010254,22677600,0.0,0.0
2018-04-16 00:00:00-04:00,25.483248428842,25.91191118217092,25.459598105036363,25.67245101928711,21062100,0.0,0.0
2018-04-17 00:00:00-04:00,25.861649384078373,26.06563318212158,25.84095598848135,25.98581314086914,20405700,0.0,0.0
2018-04-18 00:00:00-04:00,26.07450554632979,26.18093284526701,25.870521722605023,25.888259887695312,17562000,0.0,0.0
2018-04-19 00:00:00-04:00,25.840958631026563,26.027204285258545,25.59558632509276,25.982860565185547,19764900,0.0,0.0
2018-04-20 00:00:00-04:00,25.976949054427823,26.12771838307258,25.622192518591003,25.713838577270508,24974700,0.0,0.0
2018-04-23 00:00:00-04:00,25.6872301471667,25.74339987303511,25.430031839684816,25.453683853149414,22081500,0.0,0.0
2018-04-24 00:00:00-04:00,25.651751970600913,25.693140453775623,25.296997168255526,25.580801010131836,25409100,0.0,0.0
2018-04-25 00:00:00-04:00,25.51871815030456,25.92668742602382,25.39159747289975,25.770004272460938,20281200,0.0,0.0
2018-04-26 00:00:00-04:00,25.7700121508898,26.109985805457402,25.690192087576953,25.99764633178711,17347500,0.0,0.0
2018-04-27 00:00:00-04:00,25.97695089395301,25.985818285532787,25.74340288104218,25.805484771728516,16953300,0.0,0.0
2018-04-30 00:00:00-04:00,25.99764305367377,26.50612585463083,25.99173089570102,26.151371002197266,26057700,0.0,0.0
2018-05-01 00:00:00-04:00,25.917818850404892,26.018332286265483,25.527587729410392,25.84095573425293,20873100,0.0,0.0
2018-05-02 00:00:00-04:00,25.758181613498948,25.793656251176586,25.471420821018217,25.524635314941406,18249000,0.0,0.0
2018-05-03 00:00:00-04:00,25.480287107738622,25.509849584493917,25.163963869964892,25.49211311340332,20628300,0.0,0.0
2018-05-04 00:00:00-04:00,25.42412669782743,26.04494735376211,25.234922391720257,25.87643814086914,20914500,0.0,0.0
2018-05-07 00:00:00-04:00,25.864606935553123,25.867563859969103,25.208308426763494,25.26743507385254,32350800,0.0,0.0
2018-05-08 00:00:00-04:00,25.282222608320872,25.379780839089076,25.104846006093414,25.347261428833008,19654200,0.0,0.0
2018-05-09 00:00:00-04:00,24.407161387336018,24.73826596860361,24.241607405097383,24.554975509643555,96795600,0.0,0.0
2018-05-10 00:00:00-04:00,24.584721661179213,24.920885995950975,24.39730095021104,24.59959602355957,47572800,0.173333,0.0
2018-05-11 00:00:00-04:00,24.599592176360552,24.846510298233945,24.379448923941407,24.804861068725586,29804400,0.0,0.0
2018-05-14 00:00:00-04:00,24.956586093249122,25.22432802347023,24.885188131706048,25.105331420898438,28497600,0.0,0.0
2018-05-15 00:00:00-04:00,25.007158110083765,25.251100698548157,24.92980904845135,25.14400291442871,27968700,0.0,0.0
2018-05-16 00:00:00-04:00,25.24812874936017,25.622966766357422,25.2094550667618,25.622966766357422,41200800,0.0,0.0
2018-05-17 00:00:00-04:00,25.893682994976555,26.057304377592047,24.944685784852982,25.135080337524414,89162100,0.0,0.0
2018-05-18 00:00:00-04:00,25.060705512731083,25.12020465845126,24.837586695238013,24.88220977783203,36129300,0.0,0.0
2018-05-21 00:00:00-04:00,25.030955822612167,25.14995240718734,24.93575855495203,25.141027450561523,32147100,0.0,0.0
2018-05-22 00:00:00-04:00,25.138059300256025,25.230281035866277,24.778092209679272,24.80189323425293,24201900,0.0,0.0
2018-05-23 00:00:00-04:00,24.676945691094094,24.69776945991703,24.44490187133616,24.694795608520508,28197600,0.0,0.0
2018-05-24 00:00:00-04:00,24.691820607528445,24.691820607528445,24.32887967989028,24.64719581604004,25728600,0.0,0.0
2018-05-25 00:00:00-04:00,24.647189005295136,24.792960446773417,24.4895187575491,24.53116798400879,17740500,0.0,0.0
2018-05-29 00:00:00-04:00,24.382418133626267,24.549013317688456,24.33779506195751,24.513315200805664,25284600,0.0,0.0
2018-05-30 00:00:00-04:00,24.52819729643552,25.057733432392478,24.471673699799144,25.025009155273438,27942300,0.0,0.0
2018-05-31 00:00:00-04:00,24.971464537858875,25.081536200448422,24.546050550209003,24.554975509643555,34406100,0.0,0.0
2018-06-01 00:00:00-04:00,24.703717135139076,24.816764326784927,24.64719353931615,24.6888427734375,15713700,0.0,0.0
2018-06-04 00:00:00-04:00,24.840561623661138,25.44149570177964,24.78106417762139,25.411746978759766,32766000,0.0,0.0
2018-06-05 00:00:00-04:00,25.42066995787989,25.42661936156857,25.06367850037626,25.173751831054688,24844200,0.0,0.0
2018-06-06 00:00:00-04:00,25.271927517419197,25.33142496557466,25.09343176842958,25.15590476989746,22088400,0.0,0.0
2018-06-07 00:00:00-04:00,25.221352688417213,25.5128939219998,25.194577816065735,25.271926879882812,23117100,0.0,0.0
2018-06-08 00:00:00-04:00,25.22135293766401,25.343325087677346,25.030958382869493,25.096406936645508,22807200,0.0,0.0
2018-06-11 00:00:00-04:00,25.11128606593776,25.149959754440058,24.926840880397492,25.078561782836914,18756900,0.0,0.0
2018-06-12 00:00:00-04:00,25.084510606921295,25.16483353589614,24.831643009469605,25.019062042236328,24185100,0.0,0.0
2018-06-13 00:00:00-04:00,24.95658551997053,25.099381439776508,24.94468671111752,25.016084671020508,19075200,0.0,0.0
2018-06-14 00:00:00-04:00,25.054759484527743,25.230279689997538,24.891138088448248,24.926837921142578,22552200,0.0,0.0
2018-06-15 00:00:00-04:00,24.84056150566784,24.986334673652852,24.709666103645212,24.900060653686523,37509000,0.0,0.0
2018-06-18 00:00:00-04:00,24.706690896690844,24.861387321898093,24.638268492658963,24.691818237304688,25506900,0.0,0.0
2018-06-19 00:00:00-04:00,24.572819315584436,24.876261051824816,24.50439691329011,24.873287200927734,28057500,0.0,0.0
2018-06-20 00:00:00-04:00,24.903035923467744,24.935760199166367,24.73941454497463,24.873287200927734,23899800,0.0,0.0
2018-06-21 00:00:00-04:00,24.810813856856505,25.152929291554955,24.66206853376289,25.051782608032227,24276000,0.0,0.0
2018-06-22 00:00:00-04:00,25.126157385708378,25.242178437155484,25.019059590151137,25.233253479003906,32439000,0.0,0.0
2018-06-25 00:00:00-04:00,25.164834222089617,25.76279287506198,25.132109938854807,25.724119186401367,47818500,0.0,0.0
2018-06-26 00:00:00-04:00,25.741964037616057,25.896660474298073,25.512895787178778,25.578344345092773,30378600,0.0,0.0
2018-06-27 00:00:00-04:00,25.554545156071732,26.027557724399262,25.450422914015505,25.849061965942383,30899100,0.0,0.0
2018-06-28 00:00:00-04:00,25.837159359977058,25.968054754984365,25.4920684053915,25.54264259338379,25401000,0.0,0.0
2018-06-29 00:00:00-04:00,25.554538979993282,25.643786837652097,25.441491807109532,25.480165481567383,24766800,0.0,0.0
2018-07-02 00:00:00-04:00,25.48017006290138,25.56644408558246,24.810813563501924,24.989309310913086,24375300,0.0,0.0
2018-07-03 00:00:00-04:00,25.0160807966731,25.30167259205423,25.0160807966731,25.120203018188477,13188600,0.0,0.0
2018-07-05 00:00:00-04:00,25.268953789963614,25.459348361437,25.069634260169693,25.15888214111328,16102500,0.0,0.0
2018-07-06 00:00:00-04:00,25.048805735863798,25.248125227809886,24.93575855495203,25.141027450561523,16841100,0.0,0.0
2018-07-09 00:00:00-04:00,25.286794689936844,25.724109009837605,25.21837229895347,25.56346321105957,19726200,0.0,0.0
2018-07-10 00:00:00-04:00,25.56347238150144,25.97996138666568,25.54859801735441,25.94426155090332,18145200,0.0,0.0
2018-07-11 00:00:00-04:00,25.89963633220028,25.926409504562212,25.70031680492213,25.74196434020996,16787700,0.0,0.0
2018-07-12 00:00:00-04:00,25.863932962293827,26.003755018746734,25.649739101382295,25.73898696899414,14665800,0.0,0.0
2018-07-13 00:00:00-04:00,25.73898649761613,26.176299168417682,25.733035391559234,26.09002685546875,19165800,0.0,0.0
2018-07-16 00:00:00-04:00,26.066228482951782,26.09597720526884,25.83120915076705,26.07217788696289,13341600,0.0,0.0
2018-07-17 00:00:00-04:00,26.00078045253927,26.38752065944906,26.00078045253927,26.23579978942871,17734500,0.0,0.0
2018-07-18 00:00:00-04:00,26.277447305501248,26.53329040783017,26.161426264851915,26.20009994506836,15136500,0.0,0.0
2018-07-19 00:00:00-04:00,26.137627016726306,26.32207216324763,26.003756061073243,26.095977783203125,14649300,0.0,0.0
2018-07-20 00:00:00-04:00,26.0007824193086,26.229850667133622,25.941284968982885,26.197126388549805,14445300,0.0,0.0
2018-07-23 00:00:00-04:00,26.075155437172754,26.22390076241185,25.99483251895561,26.069204330444336,12450000,0.0,0.0
2018-07-24 00:00:00-04:00,26.214966558650232,26.32801371495572,26.06324573355835,26.167367935180664,16768500,0.0,0.0
2018-07-25 00:00:00-04:00,25.962107593081033,26.185226426502314,25.91450895401147,26.149526596069336,17427300,0.0,0.0
2018-07-26 00:00:00-04:00,26.328026481081192,26.6046934013677,26.232829187982095,26.247703552246094,19644900,0.0,0.0
2018-07-27 00:00:00-04:00,26.369671696418457,26.44106965534218,26.18820039467509,26.21795082092285,14038200,0.0,0.0
2018-07-30 00:00:00-04:00,26.17927821786546,26.45892238118166,26.146555639361782,26.441072463989258,18032100,0.0,0.0
2018-07-31 00:00:00-04:00,26.476770310753867,26.673114278345313,26.41727115866641,26.54519271850586,20124300,0.0,0.0
2018-08-01 00:00:00-04:00,26.43512227567641,26.515443496138523,26.143579311045585,26.25067710876465,15150000,0.0,0.0
2018-08-02 00:00:00-04:00,26.161429993051467,26.42917194178919,26.066232704410336,26.405372619628906,12918300,0.0,0.0
2018-08-03 00:00:00-04:00,26.533295544802037,26.85756111302224,26.476773641262323,26.6552677154541,17241600,0.0,0.0
2018-08-06 00:00:00-04:00,26.568988442338743,26.76830793634497,26.515438702030366,26.676084518432617,13954800,0.0,0.0
2018-08-07 00:00:00-04:00,26.723690983119493,26.88136299498982,26.67014292938233,26.705841064453125,13580100,0.0,0.0
2018-08-08 00:00:00-04:00,26.76533375352006,26.842682814949104,26.586839716805677,26.789133071899414,15123300,0.0,0.0
2018-08-09 00:00:00-04:00,26.768189607208548,26.81905754123847,26.558735623983477,26.633541107177734,14183700,0.173333,0.0
2018-08-10 00:00:00-04:00,26.540785395696503,27.040481123501706,26.5258229284089,26.98362922668457,24734700,0.0,0.0
2018-08-13 00:00:00-04:00,26.989610821307128,27.091344968172706,26.74125855679084,26.822046279907227,17637600,0.0,0.0
2018-08-14 00:00:00-04:00,26.822048843850297,27.264894362421128,26.819057720277645,27.184104919433594,17510400,0.0,0.0
2018-08-15 00:00:00-04:00,27.004565290450156,27.052442088565392,26.83101853185643,26.995590209960938,25850700,0.0,0.0
2018-08-16 00:00:00-04:00,29.95487704340003,29.984798550669076,29.296593610590072,29.515026092529297,127893900,0.0,0.0
2018-08-17 00:00:00-04:00,29.254703394672458,29.823218866014308,29.2068282994764,29.278642654418945,49389900,0.0,0.0
2018-08-20 00:00:00-04:00,29.22478167740678,29.410296385842003,28.710123551687275,28.72508430480957,38037900,0.0,0.0
2018-08-21 00:00:00-04:00,28.71311626044621,28.83280228489634,28.533583799474133,28.7490234375,31593900,0.0,0.0
2018-08-22 00:00:00-04:00,28.784930737302577,28.979423975297497,28.494689010378554,28.626344680786133,23297100,0.0,0.0
2018-08-23 00:00:00-04:00,28.575477189149773,28.68319702311309,28.443821516693134,28.47972869873047,18289200,0.0,0.0
2018-08-24 00:00:00-04:00,28.45279506754761,28.623350738478024,28.231373177396478,28.410903930664062,25782900,0.0,0.0
2018-08-27 00:00:00-04:00,28.50366504088358,28.60839375296013,28.213423304313732,28.288227081298828,21120900,0.0,0.0
2018-08-28 00:00:00-04:00,28.357048139735532,28.82981690560264,28.285235487733317,28.746034622192383,29949000,0.0,0.0
2018-08-29 00:00:00-04:00,28.80887081786273,28.973442550731683,28.584454351546327,28.617368698120117,23588400,0.0,0.0
2018-08-30 00:00:00-04:00,28.575474322283622,28.87469624351181,28.560515280800416,28.755006790161133,21176100,0.0,0.0
2018-08-31 00:00:00-04:00,28.781938347784077,28.8567455477405,28.458782270209824,28.683197021484375,18974100,0.0,0.0
2018-09-04 00:00:00-04:00,28.665242168729367,28.805876342645835,28.497681033769005,28.533586502075195,24842100,0.0,0.0
2018-09-05 00:00:00-04:00,28.626341410364425,28.97343841784008,28.53358405572318,28.910602569580078,28423800,0.0,0.0
2018-09-06 00:00:00-04:00,28.883667507121594,28.940521102842805,28.728074320204755,28.859731674194336,18452400,0.0,0.0
2018-09-07 00:00:00-04:00,28.665236616049004,28.868706604199033,28.617361526148795,28.674213409423828,20017200,0.0,0.0
2018-09-10 00:00:00-04:00,28.75799642308547,29.081154144416825,28.752010752580585,28.9943790435791,24997800,0.0,0.0
2018-09-11 00:00:00-04:00,29.105091554448332,29.221788165538626,28.871701756564562,28.916584014892578,19390500,0.0,0.0
2018-09-12 00:00:00-04:00,28.802885546218906,28.94651085390996,28.70414421727426,28.71611213684082,17700000,0.0,0.0
2018-09-13 00:00:00-04:00,28.521610200552335,28.611376418546126,28.39893135770408,28.461767196655273,22958700,0.0,0.0
2018-09-14 00:00:00-04:00,28.285234733415678,28.37799209772244,28.23137567388751,28.30318832397461,18958200,0.0,0.0
2018-09-17 00:00:00-04:00,28.351062850134486,28.5694953571235,28.237360767043093,28.37200927734375,15989400,0.0,0.0
2018-09-18 00:00:00-04:00,28.264291267928566,28.60240810693396,28.17153218737502,28.554533004760742,20279400,0.0,0.0
2018-09-19 00:00:00-04:00,28.596418156820214,28.69216834110889,28.389957035966297,28.497676849365234,17025300,0.0,0.0
2018-09-20 00:00:00-04:00,28.530594350522676,28.662251732482765,28.410906599717432,28.650283813476562,16656900,0.0,0.0
2018-09-21 00:00:00-04:00,28.701153409058588,28.811866089689143,28.614379993549917,28.69516944885254,28590300,0.0,0.0
2018-09-24 00:00:00-04:00,28.557524787746985,28.725087639174966,28.383977976805166,28.40192985534668,16011000,0.0,0.0
2018-09-25 00:00:00-04:00,28.722093518983552,28.880677846373075,28.422873316576208,28.455787658691406,18579600,0.0,0.0
2018-09-26 00:00:00-04:00,28.455790419428276,28.602406843263207,28.282241897606312,28.30318832397461,17755800,0.0,0.0
2018-09-27 00:00:00-04:00,28.183498098870018,28.413896783648212,28.07278544157802,28.165544509887695,16090200,0.0,0.0
2018-09-28 00:00:00-04:00,28.210423303364216,28.237353683528177,28.033883695079783,28.099712371826172,18918900,0.0,0.0
2018-10-01 00:00:00-04:00,28.21341782823468,28.324128766403167,28.138612353620232,28.2463321685791,14982900,0.0,0.0
2018-10-02 00:00:00-04:00,28.10569812556188,28.608388314513746,28.08176057904743,28.470746994018555,23263800,0.0,0.0
2018-10-03 00:00:00-04:00,28.575477532718747,28.587447164257995,28.138617656287035,28.147594451904297,18982200,0.0,0.0
2018-10-04 00:00:00-04:00,28.14759250331382,28.276257044672953,27.88727229702933,28.189483642578125,18135900,0.0,0.0
2018-10-05 00:00:00-04:00,28.084754892805382,28.183497919430994,27.79451148398353,27.920183181762695,20080200,0.0,0.0
2018-10-08 00:00:00-04:00,27.902223790102084,28.40491390097181,27.833403996618358,28.333101272583008,17287800,0.0,0.0
2018-10-09 00:00:00-04:00,28.6173631164269,29.24572670254504,28.482714632618624,29.048240661621094,34796700,0.0,0.0
2018-10-10 00:00:00-04:00,28.904621589460213,29.278647328519522,28.635322851879664,28.653276443481445,27008400,0.0,0.0
2018-10-11 00:00:00-04:00,28.668233175421474,28.811860175928494,28.0069586242893,28.10270881652832,29779500,0.0,0.0
2018-10-12 00:00:00-04:00,28.35404826650898,28.476728825286465,28.027899433632722,28.369009017944336,25661700,0.0,0.0
2018-10-15 00:00:00-04:00,28.27625442990472,28.422872547697395,28.072784423828125,28.072784423828125,24916500,0.0,0.0
2018-10-16 00:00:00-04:00,28.336101026122662,28.746032188654407,28.228381201164183,28.66823387145996,33725100,0.0,0.0
2018-10-17 00:00:00-04:00,28.479726601962884,28.910604193944913,28.395944324809875,28.892650604248047,28618200,0.0,0.0
2018-10-18 00:00:00-04:00,28.84477330193008,29.099112979809842,28.64729065550795,28.775955200195312,34195200,0.0,0.0
2018-10-19 00:00:00-04:00,28.725088277950913,29.218800047868722,28.725088277950913,29.069189071655273,26852100,0.0,0.0
2018-10-22 00:00:00-04:00,29.126041367066186,29.197855728184553,28.946508888567486,29.066198348999023,21368700,0.0,0.0
2018-10-23 00:00:00-04:00,28.874690836467735,29.320527374940387,28.75799424055528,29.263673782348633,28217400,0.0,0.0
2018-10-24 00:00:00-04:00,29.173914239459993,29.673611620490934,29.108085554892103,29.19186782836914,31094100,0.0,0.0
2018-10-25 00:00:00-04:00,29.32651536825956,29.766369747182942,29.02430403310543,29.676605224609375,32211300,0.0,0.0
2018-10-26 00:00:00-04:00,29.565889335627272,29.823214942190095,29.329503301956674,29.604785919189453,44776800,0.0,0.0
2018-10-29 00:00:00-04:00,29.77534456419769,30.43961366792837,29.649672863996567,29.862119674682617,38118300,0.0,0.0
2018-10-30 00:00:00-04:00,29.98479617176277,30.69993315108464,29.939913914420035,30.646072387695312,38125500,0.0,0.0
2018-10-31 00:00:00-04:00,30.66701730279925,30.66701730279925,29.95786602904741,30.005741119384766,37064700,0.0,0.0
2018-11-01 00:00:00-04:00,29.909994254328826,30.27204859504729,29.838183323010604,30.09551239013672,23205300,0.0,0.0
2018-11-02 00:00:00-04:00,30.185270721192932,30.39173181480849,30.014716798022576,30.32291030883789,21909600,0.0,0.0
2018-11-05 00:00:00-05:00,30.27803592927468,30.87049069845535,30.110471373166327,30.792694091796875,22850400,0.0,0.0
2018-11-06 00:00:00-05:00,30.681979039742767,30.951276003500745,30.535360928820943,30.91836166381836,19106100,0.0,0.0
2018-11-07 00:00:00-05:00,31.0171116197648,31.25947996864106,30.834586293041465,31.214597702026367,26017800,0.0,0.0
2018-11-08 00:00:00-05:00,31.217589971484855,31.495862074024565,31.127822015587057,31.382158279418945,17884200,0.0,0.0
2018-11-09 00:00:00-05:00,31.418060154983092,31.687357128595014,31.361209979431482,31.58562469482422,25351200,0.0,0.0
2018-11-12 00:00:00-05:00,31.56766635019909,31.780109691952564,31.01410830934642,31.079936981201172,26829300,0.0,0.0
2018-11-13 00:00:00-05:00,31.02010257092482,31.1637278699435,30.681984037429277,30.80167007446289,23870100,0.0,0.0
2018-11-14 00:00:00-05:00,30.819625094140733,30.86450736010976,30.224177444252287,30.37977409362793,31445700,0.0,0.0
2018-11-15 00:00:00-05:00,30.616149037363968,30.75977430678153,29.5090363014924,29.784318923950195,48247800,0.0,0.0
2018-11-16 00:00:00-05:00,29.568886752677972,29.748419240727646,29.000371202200967,29.23076820373535,42705600,0.0,0.0
2018-11-19 00:00:00-05:00,29.305568270428928,29.398325615646172,28.853746036523333,28.958471298217773,27643200,0.0,0.0
2018-11-20 00:00:00-05:00,28.419881847656743,28.485710535052586,28.00695955789837,28.174522399902344,37861800,0.0,0.0
2018-11-21 00:00:00-05:00,28.234366925502403,28.401929776465007,27.920185937891784,28.177515029907227,28052700,0.0,0.0
2018-11-23 00:00:00-05:00,28.165544250692616,28.59043615052275,28.165544250692616,28.455787658691406,14670000,0.0,0.0
2018-11-26 00:00:00-05:00,28.632325861028196,28.746029635008938,28.348066426076347,28.470746994018555,30103800,0.0,0.0
2018-11-27 00:00:00-05:00,28.422871126516778,28.58744111226375,28.249322634904605,28.43783187866211,27126900,0.0,0.0
2018-11-28 00:00:00-05:00,28.56051569994323,29.20982234754968,28.440826244836035,29.16194725036621,30212400,0.0,0.0
2018-11-29 00:00:00-05:00,29.030283118575905,29.2726513836978,28.946500861935696,29.111072540283203,18723900,0.0,0.0
2018-11-30 00:00:00-05:00,29.143993913810306,29.45219092469637,29.045250882956772,29.21879768371582,31992000,0.0,0.0
2018-12-03 00:00:00-05:00,29.329506826987217,29.79928269138133,29.224781555567752,29.54793930053711,27246300,0.0,0.0
2018-12-04 00:00:00-05:00,29.398329961082805,29.610776775363952,28.608390855931887,28.66823387145996,31278900,0.0,0.0
2018-12-06 00:00:00-05:00,28.562940571973897,28.704340483828886,28.009370710816604,28.511795043945312,31101600,0.173333,0.0
2018-12-07 00:00:00-05:00,28.430562245807522,28.620098501130137,27.81381540256822,28.03644561767578,25489500,0.0,0.0
2018-12-10 00:00:00-05:00,28.147758786115272,28.355348312419117,27.780719528954528,28.262083053588867,21830700,0.0,0.0
2018-12-11 00:00:00-05:00,28.355348937701557,28.427553467988936,28.054494145933113,28.23500633239746,19357500,0.0,0.0
2018-12-12 00:00:00-05:00,28.37038834573889,28.37038834573889,27.99733248331075,28.012374877929688,28917600,0.0,0.0
2018-12-13 00:00:00-05:00,28.05449794723035,28.183866351535855,27.807799532361212,27.967252731323242,24126900,0.0,0.0
2018-12-14 00:00:00-05:00,27.693472271446964,27.846907117798796,27.549063206820755,27.633302688598633,34480800,0.0,0.0
2018-12-17 00:00:00-05:00,27.443768958482558,27.681441586958762,27.124864287011853,27.30838394165039,27005400,0.0,0.0
2018-12-18 00:00:00-05:00,27.317406181806042,27.455798627215742,27.160962173627297,27.40164566040039,28820100,0.0,0.0
2018-12-19 00:00:00-05:00,27.46482515207662,27.97928265447834,27.151937127249216,27.2421932220459,36694500,0.0,0.0
2018-12-20 00:00:00-05:00,27.109817429768718,27.109817429768718,25.91543270487441,26.258403778076172,49121400,0.0,0.0
2018-12-21 00:00:00-05:00,26.135049065878327,26.917265445348242,26.11398834136523,26.21327018737793,44764500,0.0,0.0
2018-12-24 00:00:00-05:00,26.035774046484292,26.34565288993089,25.807125512621102,25.81916046142578,18330900,0.0,0.0
2018-12-26 00:00:00-05:00,25.999671915959112,27.203080688185754,25.963568792046466,27.2000732421875,30084900,0.0,0.0
2018-12-27 00:00:00-05:00,27.001514224452773,27.561098935323525,26.607395871091992,27.555082321166992,29644500,0.0,0.0
2018-12-28 00:00:00-05:00,27.69948899271064,28.12068293407086,27.57312977740753,27.717538833618164,29622000,0.0,0.0
2018-12-31 00:00:00-05:00,27.879997387588975,28.096610955863717,27.753639903134946,28.02440643310547,21017400,0.0,0.0
2019-01-02 00:00:00-05:00,27.57012886936651,28.174842581210864,27.57012886936651,28.08157730102539,24458100,0.0,0.0
2019-01-03 00:00:00-05:00,28.04246280223699,28.493741577223727,27.889027949881825,27.937164306640625,24831900,0.0,0.0
2019-01-04 00:00:00-05:00,28.042459109304243,28.177842379673155,27.886016831186097,28.111656188964844,24087300,0.0,0.0
2019-01-07 00:00:00-05:00,28.16581135241557,28.632132498709986,28.03343551767773,28.442594528198242,23369100,0.0,0.0
2019-01-08 00:00:00-05:00,28.59903741165091,28.80963438324738,28.25305716445435,28.641157150268555,21602700,0.0,0.0
2019-01-09 00:00:00-05:00,28.79458978716595,28.923954717723067,28.511788308768526,28.547889709472656,18816900,0.0,0.0
2019-01-10 00:00:00-05:00,28.244033208145705,28.57497108182421,28.015386380789625,28.568954467773438,28188900,0.0,0.0
2019-01-11 00:00:00-05:00,28.57797344181697,28.66822779555395,28.445597635283082,28.53284454345703,16183800,0.0,0.0
2019-01-14 00:00:00-05:00,28.424544776342888,28.716372070034197,28.36437347268319,28.56594467163086,21255300,0.0,0.0
2019-01-15 00:00:00-05:00,28.72238879369346,29.062352443014714,28.69531144871937,28.95705223083496,21174600,0.0,0.0
2019-01-16 00:00:00-05:00,28.860783332000768,29.14057569768147,28.830696817132644,28.98714256286621,16230000,0.0,0.0
2019-01-17 00:00:00-05:00,28.978109905068006,29.24586727288022,28.92997355563079,29.104467391967773,16843500,0.0,0.0
2019-01-18 00:00:00-05:00,29.167652051499264,29.543718864060395,29.137567257371813,29.402318954467773,18361800,0.0,0.0
2019-01-22 00:00:00-05:00,29.227821403681066,29.61291571716042,29.11650628911499,29.33011245727539,24189600,0.0,0.0
2019-01-23 00:00:00-05:00,29.745290984939732,29.889700058561147,29.342145114389734,29.69715118408203,25037400,0.0,0.0
2019-01-24 00:00:00-05:00,29.54371012110885,29.62193125128883,29.011201159478222,29.591846466064453,22829100,0.0,0.0
2019-01-25 00:00:00-05:00,29.70919005794154,29.75732641938339,29.10748381842638,29.164644241333008,21654600,0.0,0.0
2019-01-28 00:00:00-05:00,29.041285574067704,29.203746166592346,28.905904042285787,29.20073699951172,17627400,0.0,0.0
2019-01-29 00:00:00-05:00,29.11349910430553,29.23082910597496,29.035274512547517,29.095447540283203,15760200,0.0,0.0
2019-01-30 00:00:00-05:00,29.086420037270425,29.122523165315688,28.358358077107265,28.52081871032715,35547900,0.0,0.0
2019-01-31 00:00:00-05:00,28.469669662943552,29.1435802906255,28.469669662943552,28.830692291259766,44169000,0.0,0.0
2019-02-01 00:00:00-05:00,28.85777017512981,28.88183835080226,28.012374859075766,28.238014221191406,37775700,0.0,0.0
2019-02-04 00:00:00-05:00,28.238019281424357,28.511795043945312,28.084584418830634,28.511795043945312,21805800,0.0,0.0
2019-02-05 00:00:00-05:00,28.656202814444526,28.863790642147002,28.58700572421574,28.76150131225586,18299700,0.0,0.0
2019-02-06 00:00:00-05:00,28.7103522135572,28.884847779881326,28.647173467031394,28.773530960083008,12794700,0.0,0.0
2019-02-07 00:00:00-05:00,28.614081249486464,29.128540477096454,28.58098901193072,29.10146141052246,21030300,0.0,0.0
2019-02-08 00:00:00-05:00,28.98413025645162,29.089427021866406,28.623105889062433,28.755481719970703,18507600,0.0,0.0
2019-02-11 00:00:00-05:00,28.776540904016628,28.98713960060413,28.773531736389742,28.94200897216797,16628400,0.0,0.0
2019-02-12 00:00:00-05:00,29.12853500716477,29.233831757007845,29.03226231582932,29.173662185668945,17643900,0.0,0.0
2019-02-13 00:00:00-05:00,29.27294684742558,29.4835438102621,29.20976810287296,29.465492248535156,16375500,0.0,0.0
2019-02-14 00:00:00-05:00,29.387271060421362,29.84456466579799,29.188707324741372,29.639986038208008,21602400,0.0,0.0
2019-02-15 00:00:00-05:00,29.77837900432126,30.08524869038871,29.74227932118314,30.082242965698242,28443000,0.0,0.0
2019-02-19 00:00:00-05:00,30.801272674090658,31.342805680907485,30.708009153569733,30.74711799621582,62091900,0.0,0.0
2019-02-20 00:00:00-05:00,30.62979552991543,30.789246992578583,29.679098203535094,30.04914665222168,52895400,0.0,0.0
2019-02-21 00:00:00-05:00,29.982959892777817,30.061181034261516,29.757320528004918,29.901729583740234,19239600,0.0,0.0
2019-02-22 00:00:00-05:00,30.031095648611792,30.133383242529366,29.82651357480984,29.949865341186523,24260700,0.0,0.0
2019-02-25 00:00:00-05:00,30.121350760336266,30.124359927904834,29.799438690169545,29.820499420166016,27705000,0.0,0.0
2019-02-26 00:00:00-05:00,29.790413459757065,29.80244668657496,29.44443150562155,29.691131591796875,25464300,0.0,0.0
2019-02-27 00:00:00-05:00,29.51964506203631,29.600871920182367,29.360190184055714,29.51663589477539,23706900,0.0,0.0
2019-02-28 00:00:00-05:00,29.51663533121141,29.925792553323074,29.41434430419196,29.781383514404297,34127700,0.0,0.0
2019-03-01 00:00:00-05:00,29.92579632089572,29.952875386153032,29.218793430326457,29.46248435974121,31057500,0.0,0.0
2019-03-04 00:00:00-05:00,29.519649655811065,29.661049552230438,29.294010277892443,29.438419342041016,23051400,0.0,0.0
2019-03-05 00:00:00-05:00,29.5226500421736,29.841552904130335,29.510616816416356,29.58582878112793,18357900,0.0,0.0
2019-03-06 00:00:00-05:00,29.564772930758757,29.784393944158516,29.44142117106927,29.561763763427734,14089800,0.0,0.0
2019-03-07 00:00:00-05:00,29.39629632194925,29.543714546014627,29.254896433023337,29.31807518005371,18379800,0.0,0.0
2019-03-08 00:00:00-05:00,29.348163838379122,29.609906363712007,29.182694030067076,29.360197067260742,16977000,0.0,0.0
2019-03-11 00:00:00-04:00,29.49558055060356,29.658041182515017,29.429392630714908,29.62795639038086,16035900,0.0,0.0
2019-03-12 00:00:00-04:00,29.643000249989566,29.706179005187323,29.498591174825552,29.594863891601562,15211500,0.0,0.0
2019-03-13 00:00:00-04:00,29.694144262285825,29.889698853825607,29.600877275240137,29.79342269897461,16446900,0.0,0.0
2019-03-14 00:00:00-04:00,29.766194849640502,29.772245566771087,29.518167369916373,29.70872688293457,14777400,0.176667,0.0
2019-03-15 00:00:00-04:00,29.726876064341955,29.796445474560283,29.52119665416368,29.769224166870117,43800000,0.0,0.0
2019-03-18 00:00:00-04:00,29.732922972864856,30.177557223388884,29.720825000053576,30.144285202026367,17310300,0.0,0.0
2019-03-19 00:00:00-04:00,30.244115084224177,30.39534846723324,30.117074196382212,30.201766967773438,16243200,0.0,0.0
2019-03-20 00:00:00-04:00,30.005149768876528,30.111016562012487,29.805521079792566,29.83576774597168,18969300,0.0,0.0
2019-03-21 00:00:00-04:00,29.717800755430197,29.98397347479903,29.672430759555727,29.96280288696289,19653000,0.0,0.0
2019-03-22 00:00:00-04:00,29.817618764340782,30.10496555176039,29.624037333467484,29.72687530517578,20124300,0.0,0.0
2019-03-25 00:00:00-04:00,29.58168756619923,29.829715058604453,29.5302668524862,29.693601608276367,16222200,0.0,0.0
2019-03-26 00:00:00-04:00,29.75107349846006,29.89928492444596,29.65125742821391,29.738975524902344,14837700,0.0,0.0
2019-03-27 00:00:00-04:00,29.68453597058316,29.902316849992847,28.734777338304816,29.403236389160156,25413600,0.0,0.0
2019-03-28 00:00:00-04:00,29.518177057842994,29.602869817924237,29.19755817486735,29.37904167175293,24162900,0.0,0.0
2019-03-29 00:00:00-04:00,29.518171580655586,29.54237099112129,29.351814912429106,29.500022888183594,22319700,0.0,0.0
2019-04-01 00:00:00-04:00,29.6331099432778,29.751074709416482,29.50909792086856,29.587739944458008,25517400,0.0,0.0
2019-04-02 00:00:00-04:00,29.569596997262085,29.735957153429975,29.30947146634855,29.321569442749023,18822000,0.0,0.0
2019-04-03 00:00:00-04:00,29.376012226843812,29.46070497514675,29.276196144362775,29.397186279296875,17062500,0.0,0.0
2019-04-04 00:00:00-04:00,29.41533342013544,29.726876164667313,29.41230806115763,29.675458908081055,12078900,0.0,0.0
2019-04-05 00:00:00-04:00,29.71780910541198,30.00515595486323,29.690587792540533,29.89324188232422,13968000,0.0,0.0
2019-04-08 00:00:00-04:00,29.7782973704469,30.02027416999768,29.720829394963857,30.01422691345215,16267200,0.0,0.0
2019-04-09 00:00:00-04:00,29.884166957367384,30.014229715613048,29.687560140343976,29.850894927978516,13102500,0.0,0.0
2019-04-10 00:00:00-04:00,29.79644758123485,30.162439888990324,29.79342222205335,30.126142501831055,12273300,0.0,0.0
2019-04-11 00:00:00-04:00,30.156394074284655,30.498187025675612,30.0868246478351,30.489110946655273,16820700,0.0,0.0
2019-04-12 00:00:00-04:00,30.549604464374816,30.858125349139648,30.549604464374816,30.71898651123047,15486000,0.0,0.0
2019-04-15 00:00:00-04:00,30.640339103368262,31.127318027646023,30.62824112960898,30.982131958007812,15335700,0.0,0.0
2019-04-16 00:00:00-04:00,31.121268010260266,31.272504800935515,31.015404679843908,31.13336944580078,14485200,0.0,0.0
2019-04-17 00:00:00-04:00,31.154544622421504,31.27553476507906,30.976086498520544,31.202939987182617,11187600,0.0,0.0
2019-04-18 00:00:00-04:00,31.187808419435935,31.396513158532393,31.12126437776625,31.208982467651367,11183400,0.0,0.0
2019-04-22 00:00:00-04:00,31.087995556272325,31.317874367241604,30.903490204935416,30.9639835357666,15238200,0.0,0.0
2019-04-23 00:00:00-04:00,31.01237782860236,31.24225663168378,30.833919739566635,31.17571258544922,15152400,0.0,0.0
2019-04-24 00:00:00-04:00,31.196886647349338,31.411642118326096,31.18176331515454,31.314847946166992,14093400,0.0,0.0
2019-04-25 00:00:00-04:00,31.227133966959375,31.502382772490705,31.10312194805819,31.311826705932617,11883300,0.0,0.0
2019-04-26 00:00:00-04:00,30.383245568321048,30.954917355741635,30.14429409265677,30.709915161132812,24323100,0.0,0.0
2019-04-29 00:00:00-04:00,30.81577724129357,30.85207463044462,30.48306040476774,30.71898651123047,19139100,0.0,0.0
2019-04-30 00:00:00-04:00,30.78250167594419,31.13034526925576,30.685710956998054,31.10614585876465,18400800,0.0,0.0
2019-05-01 00:00:00-04:00,31.084972907313613,31.09707088088553,30.634287911293562,30.65848731994629,16011600,0.0,0.0
2019-05-02 00:00:00-04:00,30.679661534251466,30.870217599688758,30.319719991863973,30.594968795776367,15021000,0.0,0.0
2019-05-03 00:00:00-04:00,30.948873073164023,31.07893586544314,30.79158896299267,30.87628173828125,15950700,0.0,0.0
2019-05-06 00:00:00-04:00,30.4739758642685,31.01842616581473,30.41045718164773,30.991201400756836,13841100,0.0,0.0
2019-05-07 00:00:00-04:00,30.791575683962275,30.903489728879567,30.477004137769804,30.640338897705078,13726800,0.0,0.0
2019-05-08 00:00:00-04:00,30.322744404864945,30.561695818905118,30.20477964643648,30.337867736816406,17646000,0.0,0.0
2019-05-09 00:00:00-04:00,30.185825963086547,30.389556524991672,30.058113748176343,30.267927169799805,18720300,0.176667,0.0
2019-05-10 00:00:00-04:00,30.334825807611274,31.049408734977973,30.31658070769122,30.98859405517578,26228100,0.0,0.0
2019-05-13 00:00:00-04:00,30.544642521143096,30.75749740323486,30.106770515670792,30.374357223510742,22084500,0.0,0.0
2019-05-14 00:00:00-04:00,30.450379737405214,30.672355435417607,30.374357897893415,30.495990753173828,19061100,0.0,0.0
2019-05-15 00:00:00-04:00,30.468631023748905,30.517283479756316,30.14326402680757,30.371322631835938,20220900,0.0,0.0
2019-05-16 00:00:00-04:00,31.268352349137892,31.611957442738255,30.663236427312146,30.80615234375,51366000,0.0,0.0
2019-05-17 00:00:00-04:00,30.480788406137613,31.000761664275505,30.380442079146512,30.669315338134766,37113900,0.0,0.0
2019-05-20 00:00:00-04:00,30.526398008977498,31.00988103854579,30.483828423695723,30.870006561279297,21582300,0.0,0.0
2019-05-21 00:00:00-04:00,30.866964789679336,30.90953437449049,30.52943910181958,30.748376846313477,20667300,0.0,0.0
2019-05-22 00:00:00-04:00,30.894331021135017,31.146714033647694,30.730128599542443,31.085899353027344,22022700,0.0,0.0
2019-05-23 00:00:00-04:00,30.96122676586887,30.994675538008757,30.605455993033498,30.973392486572266,19363800,0.0,0.0
2019-05-24 00:00:00-04:00,31.070696952595377,31.28658977359962,31.040289611042585,31.21969223022461,13449600,0.0,0.0
2019-05-28 00:00:00-04:00,31.186249823843088,31.49336817781803,31.137593896980274,31.1436767578125,30815100,0.0,0.0
2019-05-29 00:00:00-04:00,31.049406842920906,31.283544737850477,30.854797095495236,31.052448272705078,19560600,0.0,0.0
2019-05-30 00:00:00-04:00,31.164961699132615,31.469038607161256,30.988597022878057,31.0737361907959,15058800,0.0,0.0
2019-05-31 00:00:00-04:00,30.818312416303556,31.02204648956301,30.590253860208662,30.845678329467773,17782500,0.0,0.0
2019-06-03 00:00:00-04:00,30.903451222144014,31.222731769004685,30.83351225287093,31.00379753112793,19844100,0.0,0.0
2019-06-04 00:00:00-04:00,31.201450542692225,31.213612783307976,30.84567629552983,31.186246871948242,17894700,0.0,0.0
2019-06-05 00:00:00-04:00,31.244023854168823,31.86130200778717,31.19841283649262,31.751834869384766,20708700,0.0,0.0
2019-06-06 00:00:00-04:00,31.773125797971804,32.12889665691513,31.68494170101493,31.961652755737305,24191100,0.0,0.0
2019-06-07 00:00:00-04:00,31.998135768281934,32.341744306174014,31.943400463874397,32.250518798828125,20428200,0.0,0.0
2019-06-10 00:00:00-04:00,32.37823064472002,32.77353305209763,32.34478535230386,32.69447326660156,18977100,0.0,0.0
2019-06-11 00:00:00-04:00,32.84043443443932,33.135390559345126,32.76441607025141,32.82218933105469,20241900,0.0,0.0
2019-06-12 00:00:00-04:00,32.81610205142623,33.117140996892644,32.81610205142623,33.08977508544922,13905300,0.0,0.0
2019-06-13 00:00:00-04:00,33.144507821267474,33.320875975130406,32.89212479125558,33.038082122802734,16455000,0.0,0.0
2019-06-14 00:00:00-04:00,33.07761029557491,33.32391394518732,32.98030540781919,33.165794372558594,13577700,0.0,0.0
2019-06-17 00:00:00-04:00,33.180994956181515,33.31174860442981,32.91948765968492,33.19315719604492,12441000,0.0,0.0
2019-06-18 00:00:00-04:00,33.38776264537095,33.43641507844385,33.11713457387061,33.3421516418457,14733600,0.0,0.0
2019-06-19 00:00:00-04:00,33.38777015465963,33.39993587558644,33.10497978126242,33.333038330078125,11773800,0.0,0.0
2019-06-20 00:00:00-04:00,33.39385442387919,33.59758849923059,33.22965198341304,33.545894622802734,15004500,0.0,0.0
2019-06-21 00:00:00-04:00,33.551969782003994,34.11451601131145,33.527645301979376,33.79219055175781,39535800,0.0,0.0
2019-06-24 00:00:00-04:00,33.901667625940405,34.123643338119145,33.76178965944614,33.82564926147461,18098400,0.0,0.0
2019-06-25 00:00:00-04:00,33.716174874222446,33.88341873726151,33.57021754281488,33.66752243041992,18315000,0.0,0.0
2019-06-26 00:00:00-04:00,33.707047751598274,33.77698671393576,33.47898924648583,33.49723434448242,12485100,0.0,0.0
2019-06-27 00:00:00-04:00,33.4668264089797,33.6036594216609,33.101931415370046,33.47898864746094,16443900,0.0,0.0
2019-06-28 00:00:00-04:00,33.61581775701297,33.90773232604789,33.5215543299093,33.59757614135742,19520100,0.0,0.0
2019-07-01 00:00:00-04:00,33.84388365895565,34.04761770408107,33.4546641481575,33.63711166381836,16544100,0.0,0.0
2019-07-02 00:00:00-04:00,33.700974383855126,33.93815724471444,33.55197560816609,33.935115814208984,12188700,0.0,0.0
2019-07-03 00:00:00-04:00,33.807406187681586,34.17838070040321,33.75267087404153,34.154052734375,9621900,0.0,0.0
2019-07-05 00:00:00-04:00,34.056746190372984,34.12972660504604,33.81652537188664,34.05066680908203,10738200,0.0,0.0
2019-07-08 00:00:00-04:00,34.03242210475431,34.339540480328814,33.965524550484936,34.27568435668945,14147100,0.0,0.0
2019-07-09 00:00:00-04:00,34.32737462122756,34.47636990742387,34.239190541736235,34.32433319091797,16270200,0.0,0.0
2019-07-10 00:00:00-04:00,34.397324665150336,34.546319999281785,34.1753454198002,34.35475158691406,13737000,0.0,0.0
2019-07-11 00:00:00-04:00,34.46421071425179,34.64665827009273,34.366905815122976,34.64057540893555,11689800,0.0,0.0
2019-07-12 00:00:00-04:00,34.692261837704415,34.899037313864156,34.54934595028597,34.84734344482422,11229900,0.0,0.0
2019-07-15 00:00:00-04:00,34.868635117578634,34.99330941607109,34.801741042162874,34.9629020690918,10038000,0.0,0.0
2019-07-16 00:00:00-04:00,35.06933082260295,35.11798327796557,34.67706974876098,34.8960075378418,10464600,0.0,0.0
2019-07-17 00:00:00-04:00,34.91119955366857,35.02066667170217,34.72571060708926,34.84734344482422,8065500,0.0,0.0
2019-07-18 00:00:00-04:00,34.77132248466098,34.902072642558025,34.58583355201289,34.88383102416992,9670800,0.0,0.0
2019-07-19 00:00:00-04:00,34.96897905525273,35.06324600030882,34.62233253951507,34.63449478149414,11388900,0.0,0.0
2019-07-22 00:00:00-04:00,34.69530319125924,34.76828358971896,34.15404350233942,34.30608367919922,13550700,0.0,0.0
2019-07-23 00:00:00-04:00,34.397307594479116,34.42163207291511,33.92598341589146,34.0841064453125,17262600,0.0,0.0
2019-07-24 00:00:00-04:00,34.065864097201725,34.296964060487795,33.925986155261555,34.056739807128906,12531900,0.0,0.0
2019-07-25 00:00:00-04:00,34.1114835392645,34.17533966596946,33.95336393789012,34.1236457824707,11554500,0.0,0.0
2019-07-26 00:00:00-04:00,34.09323183906917,34.46420628432661,34.00200981282295,34.36690139770508,14187000,0.0,0.0
2019-07-29 00:00:00-04:00,34.31217026157459,34.3547398453632,33.98376539267097,34.13884353637695,11239800,0.0,0.0
2019-07-30 00:00:00-04:00,34.074981689453125,34.17836942113254,33.95639028898518,34.074981689453125,9105600,0.0,0.0
2019-07-31 00:00:00-04:00,34.02937404910974,34.16012770156269,33.3360741561465,33.56413269042969,18633900,0.0,0.0
2019-08-01 00:00:00-04:00,33.54589080504661,34.1084335612168,33.24181044180599,33.26005554199219,22365000,0.0,0.0
2019-08-02 00:00:00-04:00,33.369539209796216,33.4911686188019,32.88605256528307,33.266151428222656,16970100,0.0,0.0
2019-08-05 00:00:00-04:00,32.84043668368789,32.84043668368789,32.10760846705238,32.177547454833984,22710000,0.0,0.0
2019-08-06 00:00:00-04:00,32.29005290241349,32.79178105156119,32.10760535366045,32.61845779418945,21049200,0.0,0.0
2019-08-07 00:00:00-04:00,32.54243668719626,33.03504403598508,32.20795240684309,32.901248931884766,21835500,0.0,0.0
2019-08-08 00:00:00-04:00,33.00514633013785,33.258771730907746,32.931806673946326,33.160987854003906,13123200,0.176667,0.0
2019-08-09 00:00:00-04:00,33.02042819913204,33.142656309173674,32.607901333686264,32.78207778930664,12580500,0.0,0.0
2019-08-12 00:00:00-04:00,32.6109501912942,32.64762001463418,32.03646911473297,32.152587890625,17605200,0.0,0.0
2019-08-13 00:00:00-04:00,32.16175358547994,33.03569905726749,32.03952550376317,32.82179641723633,20025900,0.0,0.0
2019-08-14 00:00:00-04:00,32.232041410575604,33.0204252389678,32.12814472873208,32.452056884765625,27938400,0.0,0.0
2019-08-15 00:00:00-04:00,34.386338322922924,34.725528943922676,33.66212854422835,34.43523025512695,59438700,0.0,0.0
2019-08-16 00:00:00-04:00,34.85998673177564,35.119724933594306,34.24272295520222,34.52690887451172,32895600,0.0,0.0
2019-08-19 00:00:00-04:00,34.94249947104996,35.073893303573094,34.71331824495048,34.777488708496094,21534300,0.0,0.0
2019-08-20 00:00:00-04:00,34.79275542618181,34.847756663697865,34.227440061742904,34.239662170410156,18336900,0.0,0.0
2019-08-21 00:00:00-04:00,34.82942072422123,34.85692483919429,34.187712828267955,34.23049545288086,24469200,0.0,0.0
2019-08-22 00:00:00-04:00,34.28551378805557,34.46580307095403,34.02577552410443,34.196895599365234,17986200,0.0,0.0
2019-08-23 00:00:00-04:00,34.108277700157004,34.196892383485924,33.652968183395316,33.86687088012695,18710100,0.0,0.0
2019-08-26 00:00:00-04:00,34.08993525816334,34.306890812232,33.986038586477655,34.22133255004883,17807100,0.0,0.0
2019-08-27 00:00:00-04:00,34.352725982666016,34.47190116398681,34.074652890935475,34.352725982666016,17201100,0.0,0.0
2019-08-28 00:00:00-04:00,34.30995089415902,34.554410591677055,34.12660524676366,34.44440460205078,16113000,0.0,0.0
2019-08-29 00:00:00-04:00,34.89664404338689,35.01581920417083,34.62468380162492,34.85997772216797,15811500,0.0,0.0
2019-08-30 00:00:00-04:00,35.141102738820535,35.25722149550277,34.8049720725492,34.91497802734375,17115900,0.0,0.0
2019-09-03 00:00:00-04:00,34.73775342821922,35.23584198868658,34.67969578470597,35.031105041503906,17828100,0.0,0.0
2019-09-04 00:00:00-04:00,35.351951172133916,35.434456517689725,35.08610372269983,35.4191780090332,17348700,0.0,0.0
2019-09-05 00:00:00-04:00,35.95699293538043,36.04561109239776,35.223613952747954,35.27556228637695,17479200,0.0,0.0
2019-09-06 00:00:00-04:00,35.275560409701875,35.37028786755983,35.0249914562746,35.05860137939453,13039200,0.0,0.0
2019-09-09 00:00:00-04:00,34.988339745242726,35.6331008702928,34.957779213541876,35.547542572021484,17921100,0.0,0.0
2019-09-10 00:00:00-04:00,35.44362492948357,35.740032886637046,35.287779948235986,35.46195983886719,14572200,0.0,0.0
2019-09-11 00:00:00-04:00,35.446695257919,35.66059795540393,35.20834483930802,35.45280456542969,15852300,0.0,0.0
2019-09-12 00:00:00-04:00,35.64529694445789,35.77364129216116,35.41611585481234,35.72780227661133,13422900,0.0,0.0
2019-09-13 00:00:00-04:00,35.80115780868345,36.115900770948414,35.73698735483677,35.883663177490234,16915800,0.0,0.0
2019-09-16 00:00:00-04:00,35.611696538480295,35.80420786590585,35.25722740711177,35.31528854370117,18270900,0.0,0.0
2019-09-17 00:00:00-04:00,35.2388965525288,35.65753617457137,35.217508733925875,35.60253143310547,13813500,0.0,0.0
2019-09-18 00:00:00-04:00,35.72475491820661,35.82253877171273,35.50168309819008,35.8011474609375,11868000,0.0,0.0
2019-09-19 00:00:00-04:00,35.87449189843766,35.999779893920596,35.68198054802219,35.7858772277832,10141800,0.0,0.0
2019-09-20 00:00:00-04:00,35.85921685559631,35.94783152618209,35.691149725827046,35.746150970458984,33997200,0.0,0.0
2019-09-23 00:00:00-04:00,35.63309300900656,36.183130002847165,35.61781449504107,35.94172668457031,15487500,0.0,0.0
2019-09-24 00:00:00-04:00,36.13422962383236,36.62620535213862,36.06088997629576,36.1800651550293,21819300,0.0,0.0
2019-09-25 00:00:00-04:00,36.201454162597656,36.27784670972684,35.99977364174464,36.201454162597656,13840800,0.0,0.0
2019-09-26 00:00:00-04:00,36.302294539397685,36.53147570062375,36.11589600644371,36.14950942993164,11960700,0.0,0.0
2019-09-27 00:00:00-04:00,36.427576728744874,36.433686033935125,35.98143658664047,36.19533920288086,10304100,0.0,0.0
2019-09-30 00:00:00-04:00,36.26257241305169,36.49786288435475,36.22895898900453,36.265628814697266,10204200,0.0,0.0
2019-10-01 00:00:00-04:00,36.31758595916943,36.397034936086584,35.97228592704756,36.01200866699219,11187900,0.0,0.0
2019-10-02 00:00:00-04:00,35.87450001587085,35.92033905950814,35.32752286501682,35.483367919921875,17833500,0.0,0.0
2019-10-03 00:00:00-04:00,35.41001126998832,35.69114071690682,35.01276306245072,35.54140853881836,15619500,0.0,0.0
2019-10-04 00:00:00-04:00,35.56890879367065,36.149502590881255,35.50473836042978,36.106719970703125,13881000,0.0,0.0
2019-10-07 00:00:00-04:00,36.08840276798313,36.14951682427036,35.71559863176457,35.82255172729492,14085000,0.0,0.0
2019-10-08 00:00:00-04:00,35.69419870005397,36.26256692415174,35.64835967636298,35.92948913574219,15375300,0.0,0.0
2019-10-09 00:00:00-04:00,36.11284077349608,36.45508432561316,36.06394883747936,36.34202194213867,11710200,0.0,0.0
2019-10-10 00:00:00-04:00,36.33284567080047,36.63231003204622,36.241174619983084,36.5498046875,13024500,0.0,0.0
2019-10-11 00:00:00-04:00,36.64453366030354,36.88594039878953,36.27784594478863,36.7423210144043,18383700,0.0,0.0
2019-10-14 00:00:00-04:00,36.6231528558971,36.809551402046296,36.393971678447215,36.41535949707031,13719900,0.0,0.0
2019-10-15 00:00:00-04:00,36.46425369078397,36.66593074209644,36.32368718847681,36.525367736816406,13550100,0.0,0.0
2019-10-16 00:00:00-04:00,36.45814301252638,36.7026027079329,36.39397256104638,36.491756439208984,11344800,0.0,0.0
2019-10-17 00:00:00-04:00,36.56814977195224,36.7453826177291,36.47342229367826,36.62009811401367,11732700,0.0,0.0
2019-10-18 00:00:00-04:00,36.80649747704334,36.852333011857375,36.403136377814654,36.406192779541016,16776900,0.0,0.0
2019-10-21 00:00:00-04:00,36.45508107321422,36.61703537825641,36.30840527824996,36.589534759521484,10230300,0.0,0.0
2019-10-22 00:00:00-04:00,36.592593936381064,36.720934829580706,36.48258445904388,36.540645599365234,7634100,0.0,0.0
2019-10-23 00:00:00-04:00,36.41535506741922,36.62314840096953,36.26867927157438,36.470359802246094,8520000,0.0,0.0
2019-10-24 00:00:00-04:00,36.409249001031,36.53758989668584,36.2136812558375,36.39397048950195,8700900,0.0,0.0
2019-10-25 00:00:00-04:00,36.363407317297806,36.46424757455344,36.11894767714469,36.37562942504883,7692900,0.0,0.0
2019-10-28 00:00:00-04:00,36.439818329609984,36.577328476834936,36.219802793455735,36.4306526184082,10213800,0.0,0.0
2019-10-29 00:00:00-04:00,36.21061862277606,36.28090186193117,35.7767040741839,35.798091888427734,14373300,0.0,0.0
2019-10-30 00:00:00-04:00,35.80726089231551,36.170895696751394,35.76753467118157,36.0883903503418,8988600,0.0,0.0
2019-10-31 00:00:00-04:00,36.03644776199645,36.14339734073541,35.70031352047701,35.83171081542969,14643900,0.0,0.0
2019-11-01 00:00:00-04:00,36.03339776836324,36.04867628232872,35.82255147801736,35.94172668457031,11287800,0.0,0.0
2019-11-04 00:00:00-05:00,36.18007009512397,36.39702916884573,35.80421309274586,35.92644119262695,13938000,0.0,0.0
2019-11-05 00:00:00-05:00,35.96004689276033,36.40618705492429,35.77670478233343,36.32062530517578,12651300,0.0,0.0
2019-11-06 00:00:00-05:00,36.311463759010934,36.55286702968747,36.27479393391331,36.516197204589844,10843200,0.0,0.0
2019-11-07 00:00:00-05:00,36.6689822002163,36.950111669902576,36.52841921388649,36.73926544189453,13324200,0.0,0.0
2019-11-08 00:00:00-05:00,36.76371476671059,36.937891197434745,36.34507865381783,36.49786376953125,11498100,0.0,0.0
2019-11-11 00:00:00-05:00,36.2717327665988,36.55591862822591,36.14339189264673,36.37562942504883,13317000,0.0,0.0
2019-11-12 00:00:00-05:00,36.54676126680276,36.66898936627577,36.305354475694365,36.40008544921875,15189300,0.0,0.0
2019-11-13 00:00:00-05:00,36.41230998578863,37.0845750687629,36.25952135424025,36.96845626831055,23135400,0.0,0.0
2019-11-14 00:00:00-05:00,38.07463081391808,38.3129776893397,36.51925457775527,36.867610931396484,67512600,0.0,0.0
2019-11-15 00:00:00-05:00,36.876778337211306,36.974562213223756,36.17395629124341,36.32368850708008,30413100,0.0,0.0
2019-11-18 00:00:00-05:00,36.19534322518707,36.93483500939466,36.13117278288648,36.74537658691406,19644000,0.0,0.0
2019-11-19 00:00:00-05:00,36.70259136505957,36.77898390344408,36.580359806618105,36.6353645324707,11146200,0.0,0.0
2019-11-20 00:00:00-05:00,36.73315096189257,36.81565630795653,36.180061251661726,36.40312957763672,15227700,0.0,0.0
2019-11-21 00:00:00-05:00,36.31146253408168,36.66898457415539,36.262570601276494,36.62620544433594,12908400,0.0,0.0
2019-11-22 00:00:00-05:00,36.7148186275716,36.760654157038886,36.44591475648084,36.47341537475586,11529300,0.0,0.0
2019-11-25 00:00:00-05:00,36.66899166887041,36.67510447303885,36.02728361525967,36.33897018432617,17644500,0.0,0.0
2019-11-26 00:00:00-05:00,36.351187391744524,36.45508406642655,36.19534587674857,36.421470642089844,18877500,0.0,0.0
2019-11-27 00:00:00-05:00,36.482588570969945,36.607876573665,36.28091150050836,36.290077209472656,10302300,0.0,0.0
2019-11-29 00:00:00-05:00,36.40619342886937,36.65982232127412,36.3634142950187,36.39091491699219,9471900,0.0,0.0
2019-12-02 00:00:00-05:00,36.40925187507473,36.47953163484518,36.008947147955105,36.448974609375,17012700,0.0,0.0
2019-12-03 00:00:00-05:00,36.18007168702391,36.35119173379208,35.987560323024404,36.262577056884766,19784400,0.0,0.0
2019-12-04 00:00:00-05:00,36.40008135992503,36.42452557826256,36.14950888831716,36.268680572509766,16669800,0.0,0.0
2019-12-05 00:00:00-05:00,36.33006742169426,36.45898395789153,36.04153675775127,36.422149658203125,13058400,0.176667,0.0
2019-12-06 00:00:00-05:00,36.55106430760914,36.77206658161914,36.501953081463796,36.765926361083984,13022400,0.0,0.0
2019-12-09 00:00:00-05:00,36.701474572532064,36.79049022243938,36.58176483995673,36.63701629638672,14448000,0.0,0.0
2019-12-10 00:00:00-05:00,36.63395062404282,36.69840890799775,36.53265803133849,36.56949234008789,12846900,0.0,0.0
2019-12-11 00:00:00-05:00,36.649288460701186,36.72602365739187,36.38224505842061,36.526512145996094,10519200,0.0,0.0
2019-12-12 00:00:00-05:00,36.52651659896,36.86722512905714,36.42829413013673,36.75979232788086,12447000,0.0,0.0
2019-12-13 00:00:00-05:00,36.57562518095789,37.032973298705485,36.532650658518804,36.9224739074707,16098900,0.0,0.0
2019-12-16 00:00:00-05:00,36.96237605510617,37.24783663087631,36.96237605510617,36.999210357666016,16052100,0.0,0.0
2019-12-17 00:00:00-05:00,37.12505630260844,37.355265421496405,37.04832110054992,37.226348876953125,13727400,0.0,0.0
2019-12-18 00:00:00-05:00,37.296956306526546,37.34913766151353,36.78435660345109,36.790496826171875,15309000,0.0,0.0
2019-12-19 00:00:00-05:00,36.81505387453077,36.99001159735386,36.76594262665819,36.858028411865234,13392300,0.0,0.0
2019-12-20 00:00:00-05:00,37.287736271929056,37.48418470804201,36.83959848586654,36.9224739074707,23863200,0.0,0.0
2019-12-23 00:00:00-05:00,36.89484648179417,37.04525028513734,36.529580604062495,36.53572082519531,13457400,0.0,0.0
2019-12-24 00:00:00-05:00,36.566420063392634,36.71068717866523,36.529585756824616,36.68305969238281,6682200,0.0,0.0
2019-12-26 00:00:00-05:00,36.71375831536328,36.78742693760594,36.51117662962246,36.686134338378906,12671400,0.0,0.0
2019-12-27 00:00:00-05:00,36.81505184004849,36.81505184004849,36.60325981484668,36.70762252807617,10632000,0.0,0.0
2019-12-30 00:00:00-05:00,36.772064176481685,36.77513428654846,36.56640895454881,36.64928436279297,8837400,0.0,0.0
2019-12-31 00:00:00-05:00,36.679994867383,36.772080647073636,36.27789808632606,36.477413177490234,14736000,0.0,0.0
2020-01-02 00:00:00-05:00,36.48354504143228,36.79969973639986,36.43443380302532,36.50810241699219,20294700,0.0,0.0
2020-01-03 00:00:00-05:00,36.30244972776273,36.46206389854065,36.09372782777696,36.18581008911133,16197600,0.0,0.0
2020-01-06 00:00:00-05:00,36.035405740811896,36.24720126175951,35.842030887125524,36.112144470214844,19336500,0.0,0.0
2020-01-07 00:00:00-05:00,35.99243091385008,36.07223623330643,35.66706941425394,35.77756881713867,20540700,0.0,0.0
2020-01-08 00:00:00-05:00,35.69775998097125,35.82974663433846,35.507455277377744,35.654788970947266,17627400,0.0,0.0
2020-01-09 00:00:00-05:00,35.65171829783654,36.02619099066144,35.630231036807416,36.02312088012695,16691100,0.0,0.0
2020-01-10 00:00:00-05:00,35.986297425719734,36.01699151189538,35.59954421193806,35.722320556640625,18164400,0.0,0.0
2020-01-13 00:00:00-05:00,35.72231424531619,35.77449558768072,35.41230332717153,35.568843841552734,18337800,0.0,0.0
2020-01-14 00:00:00-05:00,35.443005721239444,35.67014478225575,35.33864301203165,35.66093444824219,19757400,0.0,0.0
2020-01-15 00:00:00-05:00,35.18515904465243,35.56577194980706,35.1513948549729,35.384674072265625,22362600,0.0,0.0
2020-01-16 00:00:00-05:00,35.45220916404213,35.58419583728623,35.384680771897436,35.57498550415039,16108200,0.0,0.0
2020-01-17 00:00:00-05:00,35.62103275062202,35.69776796880403,35.188238392106626,35.286460876464844,30135000,0.0,0.0
2020-01-21 00:00:00-05:00,35.172887345052246,35.51052577933581,35.15140008132174,35.47983169555664,22061100,0.0,0.0
2020-01-22 00:00:00-05:00,35.36626565778809,35.76836592279867,35.35398872561187,35.63637924194336,14778300,0.0,0.0
2020-01-23 00:00:00-05:00,35.67014696799248,35.70084105782543,35.311021199148186,35.547367095947266,12915300,0.0,0.0
2020-01-24 00:00:00-05:00,35.605680810576914,35.61488763040741,35.037829735980225,35.1053581237793,13150200,0.0,0.0
2020-01-27 00:00:00-05:00,34.74317694678946,35.676290812619506,34.58663635479487,35.562721252441406,21055200,0.0,0.0
2020-01-28 00:00:00-05:00,35.59954389195737,35.881934400033245,35.59033707127263,35.789852142333984,15810600,0.0,0.0
2020-01-29 00:00:00-05:00,35.77757409664834,35.94946520446761,35.571922302246094,35.571922302246094,11326500,0.0,0.0
2020-01-30 00:00:00-05:00,35.48597294069483,35.82668149572376,35.40002739600715,35.78371047973633,13744500,0.0,0.0
2020-01-31 00:00:00-05:00,35.54428183183492,35.685478800130085,34.96108734819883,35.14218521118164,23327400,0.0,0.0
2020-02-03 00:00:00-05:00,35.26804374183506,35.418447579728756,35.02248753079833,35.074668884277344,13041300,0.0,0.0
2020-02-04 00:00:00-05:00,35.37240404988384,35.6793484146849,35.26497123894009,35.38161087036133,15696600,0.0,0.0
2020-02-05 00:00:00-05:00,35.48289915340823,35.89727627886931,35.25269002956457,35.854305267333984,17048700,0.0,0.0
2020-02-06 00:00:00-05:00,35.860443000305025,35.98322284246115,35.62409716104113,35.70083236694336,16058700,0.0,0.0
2020-02-07 00:00:00-05:00,35.6394419460653,35.838953468781014,35.532009151890655,35.74380111694336,11068800,0.0,0.0
2020-02-10 00:00:00-05:00,35.5289434435659,35.90648629982454,35.31408134130618,35.37547302246094,18434700,0.0,0.0
2020-02-11 00:00:00-05:00,35.43071560785057,35.452202868639084,35.126841409872604,35.4215087890625,17390400,0.0,0.0
2020-02-12 00:00:00-05:00,35.45220997897093,35.73460048550916,35.424586004354154,35.55964279174805,14206800,0.0,0.0
2020-02-13 00:00:00-05:00,35.55964144822764,36.07837780039325,35.476766014795594,36.04768371582031,15999600,0.0,0.0
2020-02-14 00:00:00-05:00,36.11828169238088,36.3945355018102,35.96174114556983,36.18581008911133,24391800,0.0,0.0
2020-02-18 00:00:00-05:00,36.36384258665316,36.81812071088443,36.023130480766504,36.71989822387695,34539600,0.0,0.0
2020-02-19 00:00:00-05:00,36.6799901124733,36.815046896702974,36.1213493347168,36.1213493347168,21563400,0.0,0.0
2020-02-20 00:00:00-05:00,35.977082648246565,36.25333290241711,35.8696533599018,36.12441635131836,15068700,0.0,0.0
2020-02-21 00:00:00-05:00,36.047686977321845,36.4497837368633,36.0077825561389,36.397605895996094,18726300,0.0,0.0
2020-02-24 00:00:00-05:00,36.05383011063723,36.36077806425092,35.59034509381959,35.703914642333984,19848000,0.0,0.0
2020-02-25 00:00:00-05:00,35.713107686789904,35.934109987619365,35.00713328618905,35.11149597167969,23292900,0.0,0.0
2020-02-26 00:00:00-05:00,35.206653504816096,35.35091711171537,34.884358581720456,34.92426300048828,20019900,0.0,0.0
2020-02-27 00:00:00-05:00,34.549790914822935,35.013279342783086,33.871440371504704,33.88678741455078,28476900,0.0,0.0
2020-02-28 00:00:00-05:00,33.05496525264302,33.30972826567851,32.03590617507535,33.05189514160156,52369200,0.0,0.0
2020-03-02 00:00:00-05:00,33.02733672047866,35.72845446655168,32.93218085489046,35.568843841552734,51222600,0.0,0.0
2020-03-03 00:00:00-05:00,35.630236882142036,36.07530813942737,34.48226124377206,34.65721893310547,33340800,0.0,0.0
2020-03-04 00:00:00-05:00,35.065456342035404,35.86351301951873,34.82910699066238,35.84202575683594,24625200,0.0,0.0
2020-03-05 00:00:00-05:00,35.11457615429096,35.98937185140586,34.96417580186272,35.58113479614258,25638300,0.0,0.0
2020-03-06 00:00:00-05:00,34.951887037297325,36.19194482979744,34.68791020015328,35.98322296142578,29411100,0.0,0.0
2020-03-09 00:00:00-04:00,34.93653928883644,37.02683878933531,34.60197095295996,35.96173858642578,59243400,0.0,0.0
2020-03-10 00:00:00-04:00,36.250268475532074,37.04218498152888,35.27418043877401,36.769004821777344,37797300,0.0,0.0
2020-03-11 00:00:00-04:00,36.06916589148483,36.53572438711959,34.623452792445384,35.123775482177734,31620000,0.0,0.0
2020-03-12 00:00:00-04:00,32.542363055580914,34.221355367126,31.609249596648823,31.937681198120117,56323200,0.0,0.0
2020-03-13 00:00:00-04:00,33.223788827998014,35.172891478745164,31.885504839125637,35.02248764038086,42962100,0.0,0.0
2020-03-16 00:00:00-04:00,32.29067285366528,34.17225068640662,31.30844797166976,32.769508361816406,36753900,0.0,0.0
2020-03-17 00:00:00-04:00,34.614249916299904,36.60939716810027,33.90520527217898,36.606327056884766,52806000,0.0,0.0
2020-03-18 00:00:00-04:00,35.298736331745545,39.31358460277667,35.14526590180355,37.62538528442383,77355900,0.0,0.0
2020-03-19 00:00:00-04:00,38.371485006225186,39.15457444881275,36.26576868673639,36.826881408691406,57100500,0.18,0.0
2020-03-20 00:00:00-04:00,36.84228764150365,37.85660818110339,34.49609650854466,35.13737106323242,55423500,0.0,0.0
2020-03-23 00:00:00-04:00,35.19903851843194,36.238021790302966,34.59476111964832,35.23295211791992,39366000,0.0,0.0
2020-03-24 00:00:00-04:00,35.723150162539355,36.185605722544224,34.31728483673382,35.464176177978516,42705000,0.0,0.0
2020-03-25 00:00:00-04:00,34.829070911827316,35.146624547388264,33.31221715377681,33.72842788696289,53287500,0.0,0.0
2020-03-26 00:00:00-04:00,33.72841937463149,34.181627287111056,32.94224648789242,33.857906341552734,58250700,0.0,0.0
2020-03-27 00:00:00-04:00,33.947317035245256,34.616334230303984,33.48177785458519,33.78391647338867,36160500,0.0,0.0
2020-03-30 00:00:00-04:00,34.486848436280816,35.70156328680985,34.203208450603725,35.51350021362305,29212500,0.0,0.0
2020-03-31 00:00:00-04:00,35.24219768099643,35.82180900719771,34.72732985410299,35.02946853637695,26258400,0.0,0.0
2020-04-01 00:00:00-04:00,34.57625633925574,35.618323122299714,34.46835169618658,35.189781188964844,28269600,0.0,0.0
2020-04-02 00:00:00-04:00,34.89379830028784,36.7220409863124,34.63482442066061,36.58021926879883,29515500,0.0,0.0
2020-04-03 00:00:00-04:00,36.13628498173803,36.96870658084717,36.080789032378526,36.83613586425781,28625100,0.0,0.0
2020-04-06 00:00:00-04:00,36.70663908417834,38.96650452975217,36.669641794442455,38.86784744262695,47768700,0.0,0.0
2020-04-07 00:00:00-04:00,38.22349111610117,38.997332832078094,37.50205810880637,37.60996627807617,41369700,0.0,0.0
2020-04-08 00:00:00-04:00,38.13407697845498,38.17107426220138,37.178336160622194,37.563716888427734,27876600,0.0,0.0
2020-04-09 00:00:00-04:00,36.44765749282235,37.88127231898276,36.27500937386185,37.55138397216797,32828700,0.0,0.0
2020-04-13 00:00:00-04:00,37.38798656152481,38.74452323567384,37.35715666369265,38.63045120239258,24194100,0.0,0.0
2020-04-14 00:00:00-04:00,39.185407781494284,40.01474207808327,38.85860303698106,39.771183013916016,34098900,0.0,0.0
2020-04-15 00:00:00-04:00,39.77117628132771,40.042481507512,39.19156501086961,39.697181701660156,22435200,0.0,0.0
2020-04-16 00:00:00-04:00,39.77118052036241,40.979731733785876,39.53995272663937,40.79783248901367,31882200,0.0,0.0
2020-04-17 00:00:00-04:00,40.535767656562456,40.99513946727477,39.99623388069411,40.73308181762695,30915300,0.0,0.0
2020-04-20 00:00:00-04:00,40.81633036218559,41.12154920942107,40.005491251596546,40.03323745727539,24401700,0.0,0.0
2020-04-21 00:00:00-04:00,40.101055940837526,40.39702716463943,39.51219718836285,39.835914611816406,27900600,0.0,0.0
2020-04-22 00:00:00-04:00,40.07947781728001,40.81324209193224,39.74034541077853,40.56968307495117,19448100,0.0,0.0
2020-04-23 00:00:00-04:00,40.03323370985817,40.41553080325838,39.37963139189557,39.62627410888672,28839900,0.0,0.0
2020-04-24 00:00:00-04:00,39.879079819265215,40.04556054765194,39.635517296387334,39.90682601928711,17343600,0.0,0.0
2020-04-27 00:00:00-04:00,40.07947802705038,40.175054945326686,39.515281716823786,39.555362701416016,17923800,0.0,0.0
2020-04-28 00:00:00-04:00,39.549197674983944,40.15347500593037,39.37038213787429,39.46287536621094,20732100,0.0,0.0
2020-04-29 00:00:00-04:00,38.71368824681898,38.772264339345945,37.78260993040378,38.10633087158203,44612100,0.0,0.0
2020-04-30 00:00:00-04:00,37.9460184318133,38.057006767990416,37.31707864638367,37.47431182861328,40497900,0.0,0.0
2020-05-01 00:00:00-04:00,37.45274098876878,38.134093220231485,37.23692811267095,37.896697998046875,31143900,0.0,0.0
2020-05-04 00:00:00-04:00,38.18032622008933,38.35297787863749,37.5236402350421,38.13716506958008,17807700,0.0,0.0
2020-05-05 00:00:00-04:00,38.167999633395624,38.61812395054984,38.001515345246204,38.4547233581543,19337400,0.0,0.0
2020-05-06 00:00:00-04:00,38.60270976273956,38.689035604273755,37.875112793712624,38.01384735107422,17309100,0.0,0.0
2020-05-07 00:00:00-04:00,38.23060165391476,38.39162727191773,37.62366984382838,37.74443817138672,27345600,0.18,0.0
2020-05-08 00:00:00-04:00,38.01074631538623,38.09125735355405,37.66083036751315,38.069580078125,20830800,0.0,0.0
2020-05-11 00:00:00-04:00,38.10055794200023,38.493828568233475,38.09126970310537,38.2956428527832,25341900,0.0,0.0
2020-05-12 00:00:00-04:00,38.54645496146099,38.911853661486056,38.32969284057617,38.32969284057617,19100100,0.0,0.0
2020-05-13 00:00:00-04:00,38.24299325938666,39.09146178152158,38.11603040361751,38.308021545410156,29175300,0.0,0.0
2020-05-14 00:00:00-04:00,38.661035818566035,38.74773783976002,37.56174235897074,38.21821975708008,22233000,0.0,0.0
2020-05-15 00:00:00-04:00,38.233705376302304,38.998565673828125,38.11603428870016,38.998565673828125,31770000,0.0,0.0
2020-05-18 00:00:00-04:00,39.48163961043472,39.80987836805307,39.048115252012686,39.531185150146484,38633700,0.0,0.0
2020-05-19 00:00:00-04:00,40.79768013268471,40.8719966424707,38.648639167543145,38.691993713378906,74746200,0.0,0.0
2020-05-20 00:00:00-04:00,39.16887233327272,39.19983784370356,38.592902499177505,38.846824645996094,32246400,0.0,0.0
2020-05-21 00:00:00-04:00,38.673422150303395,39.060494625223484,38.47524002253683,38.70438766479492,22448100,0.0,0.0
2020-05-22 00:00:00-04:00,38.738447031287805,38.81586081070578,38.326600054743146,38.50000762939453,22359600,0.0,0.0
2020-05-26 00:00:00-04:00,38.5031058859115,38.86540734425106,38.283246494143,38.354469299316406,23730600,0.0,0.0
2020-05-27 00:00:00-04:00,38.388539517175666,38.549561631272574,37.47813980474095,37.927146911621094,31073700,0.0,0.0
2020-05-28 00:00:00-04:00,38.31112207270142,38.69200358493948,38.137710932666096,38.30183029174805,24424800,0.0,0.0
2020-05-29 00:00:00-04:00,38.47214477939384,38.61768412264492,37.756830017053055,38.416404724121094,29311200,0.0,0.0
2020-06-01 00:00:00-04:00,38.22442251701349,38.524793027130535,37.8899892255934,38.38544464111328,20550300,0.0,0.0
2020-06-02 00:00:00-04:00,38.27085884078041,38.44426641014624,38.02932573009301,38.37923812866211,19187700,0.0,0.0
2020-06-03 00:00:00-04:00,38.36686128079647,38.394733081840094,37.98288248124402,38.233707427978516,20262900,0.0,0.0
2020-06-04 00:00:00-04:00,38.02623355281056,38.36376050091901,37.72276583613967,37.81256866455078,24015000,0.0,0.0
2020-06-05 00:00:00-04:00,37.95500982179784,37.98907259618547,37.131315803693845,37.64225387573242,39337200,0.0,0.0
2020-06-08 00:00:00-04:00,37.029139248081265,37.543174743652344,36.991979201708155,37.543174743652344,28344300,0.0,0.0
2020-06-09 00:00:00-04:00,37.65463851521077,37.77850411301138,37.33259433972576,37.57722473144531,20746200,0.0,0.0
2020-06-10 00:00:00-04:00,37.64225243670626,37.933331094185725,37.50909860442238,37.51838684082031,28141500,0.0,0.0
2020-06-11 00:00:00-04:00,37.46574656284463,37.95810458521555,36.99815953270303,37.187049865722656,34162800,0.0,0.0
2020-06-12 00:00:00-04:00,37.31711124733506,37.39143132115987,36.24878676442477,36.459354400634766,32359200,0.0,0.0
2020-06-15 00:00:00-04:00,36.6637234644924,36.75042901806705,36.233296500124965,36.564632415771484,32703300,0.0,0.0
2020-06-16 00:00:00-04:00,37.09725213746251,37.23040597163562,36.7070788714729,37.05080032348633,25167600,0.0,0.0
2020-06-17 00:00:00-04:00,37.11583368189676,37.1994384454328,36.66372937036585,36.85881423950195,20166900,0.0,0.0
2020-06-18 00:00:00-04:00,36.70707636468316,36.86810198500043,36.434577738518485,36.536766052246094,20070000,0.0,0.0
2020-06-19 00:00:00-04:00,36.81546255963661,37.252080562098804,36.462449319193524,37.112735748291016,40078800,0.0,0.0
2020-06-22 00:00:00-04:00,37.459553444600104,37.806372155218185,37.283045057314645,37.679412841796875,27338400,0.0,0.0
2020-06-23 00:00:00-04:00,38.01075033619309,38.04171585078122,37.45645770249278,37.49052047729492,19727700,0.0,0.0
2020-06-24 00:00:00-04:00,37.38832244444415,37.50599349558957,37.02911831596344,37.252071380615234,20614800,0.0,0.0
2020-06-25 00:00:00-04:00,37.08486447117432,37.208730073407345,36.65753469945596,37.06938171386719,20569800,0.0,0.0
2020-06-26 00:00:00-04:00,37.03532195785948,37.419297168654474,36.54605762007163,36.638954162597656,26991600,0.0,0.0
2020-06-29 00:00:00-04:00,36.694691906338,37.06009062066551,36.60798634583513,36.86810302734375,16511400,0.0,0.0
2020-06-30 00:00:00-04:00,36.917641649544954,37.19942846685842,36.7070705357469,37.09104919433594,20509200,0.0,0.0
2020-07-01 00:00:00-04:00,36.98887419771346,37.134413547802644,36.74424377388998,37.063194274902344,19733700,0.0,0.0
2020-07-02 00:00:00-04:00,37.18705325417821,37.43168365766791,36.80617174968502,36.914554595947266,17695800,0.0,0.0
2020-07-06 00:00:00-04:00,37.09725446251614,37.11893174081191,36.60799010525774,36.81546401977539,21695100,0.0,0.0
2020-07-07 00:00:00-04:00,36.6792098712247,39.497114064641515,36.60798706543563,39.311317443847656,93458100,0.0,0.0
2020-07-08 00:00:00-04:00,39.63646359332387,39.676717343696275,38.52168737922935,38.53407287597656,52217100,0.0,0.0
2020-07-09 00:00:00-04:00,38.89637950880125,39.692205366754344,38.69200638214136,39.559051513671875,42771600,0.0,0.0
2020-07-10 00:00:00-04:00,39.86561344726854,40.68001926193711,39.40731460437448,40.46635437011719,44236800,0.0,0.0
2020-07-13 00:00:00-04:00,40.667638263740834,41.379852286085224,39.912066136133205,40.10715103149414,42338400,0.0,0.0
2020-07-14 00:00:00-04:00,40.03282174713107,41.02992673094502,39.95540443074683,40.87819290161133,26455800,0.0,0.0
2020-07-15 00:00:00-04:00,40.95871130379799,41.53467767195054,40.503509733890084,40.87510299682617,31731300,0.0,0.0
2020-07-16 00:00:00-04:00,40.8905863343515,41.10115396298927,40.639761409876954,40.937034606933594,17676600,0.0,0.0
2020-07-17 00:00:00-04:00,41.29934479800443,41.29934479800443,40.710989307128365,40.79459762573242,18189600,0.0,0.0
2020-07-20 00:00:00-04:00,40.86272096055133,41.10425412127294,40.60879875791352,40.71098709106445,18342600,0.0,0.0
2020-07-21 00:00:00-04:00,40.73885168459928,41.49132644341328,40.704788909945215,40.977291107177734,21712500,0.0,0.0
2020-07-22 00:00:00-04:00,41.051611231754336,41.19405686325867,40.62428142479388,41.07948303222656,16164600,0.0,0.0
2020-07-23 00:00:00-04:00,41.18476134645289,41.23120961799211,40.66143777498095,40.76362609863281,16796400,0.0,0.0
2020-07-24 00:00:00-04:00,40.549959784001366,40.99896327014974,40.41370869060558,40.6397590637207,13037400,0.0,0.0
2020-07-27 00:00:00-04:00,40.52209124166058,40.86890997939346,40.52209124166058,40.63047409057617,14045700,0.0,0.0
2020-07-28 00:00:00-04:00,40.72027020655356,40.99277239401154,40.540668102899815,40.80078125,14414100,0.0,0.0
2020-07-29 00:00:00-04:00,40.738853035565484,40.83175312578273,40.209334924543505,40.46944808959961,14223300,0.0,0.0
2020-07-30 00:00:00-04:00,40.076176107189056,40.38583476733209,39.85941398195624,40.292938232421875,13788300,0.0,0.0
2020-07-31 00:00:00-04:00,40.147409408541385,40.28366053039246,39.5188001441211,40.06999206542969,21631500,0.0,0.0
2020-08-03 00:00:00-04:00,40.227914432898444,40.29294272333856,39.72007360665752,40.03902053833008,14971500,0.0,0.0
2020-08-04 00:00:00-04:00,40.14740244030648,40.78529983241887,39.92754303582302,40.76362609863281,18219600,0.0,0.0
2020-08-05 00:00:00-04:00,40.39511963662746,40.48801615564571,39.8934699288688,40.196937561035156,25483500,0.0,0.0
2020-08-06 00:00:00-04:00,39.98636768779238,40.32699535563831,39.955402180492776,40.05449676513672,14496300,0.0,0.0
2020-08-07 00:00:00-04:00,40.125714540069936,40.398216664334086,39.98017524359932,40.246482849121094,16558500,0.0,0.0
2020-08-10 00:00:00-04:00,40.3301069662395,40.98039348225537,40.14740757313974,40.837947845458984,17683200,0.0,0.0
2020-08-11 00:00:00-04:00,41.05779260771197,41.144498154288655,40.172164216387905,40.31770706176758,25360200,0.0,0.0
2020-08-12 00:00:00-04:00,40.401322508032,40.94632332858508,39.97089550213193,40.84103775024414,19094400,0.0,0.0
2020-08-13 00:00:00-04:00,40.79750886059535,41.03070854788566,40.64826120306335,40.99650573730469,19867200,0.18,0.0
2020-08-14 00:00:00-04:00,41.148867580637564,41.344754483916404,40.928104286063125,41.22970962524414,20106300,0.0,0.0
2020-08-17 00:00:00-04:00,41.77383497459552,42.327296347579356,41.61837089558213,42.16250228881836,39465000,0.0,0.0
2020-08-18 00:00:00-04:00,42.33973567539015,42.79369864570218,41.40693690375046,41.885772705078125,80232600,0.0,0.0
2020-08-19 00:00:00-04:00,41.73029739743973,41.8702150405661,40.99649570456518,41.170616149902344,38155200,0.0,0.0
2020-08-20 00:00:00-04:00,40.79751144620586,41.06491396102422,40.43682691555257,40.598514556884766,26810700,0.0,0.0
2020-08-21 00:00:00-04:00,40.592288679651375,41.2514648902928,40.45237101371905,40.928096771240234,24864000,0.0,0.0
2020-08-24 00:00:00-04:00,41.12087896352639,41.192394581480876,40.52388830498022,40.83482360839844,19813800,0.0,0.0
2020-08-25 00:00:00-04:00,40.67001618477783,40.80682740067695,40.318661725011495,40.617156982421875,21722400,0.0,0.0
2020-08-26 00:00:00-04:00,40.48657742369643,40.69490430038981,40.32800332925849,40.63893508911133,18814800,0.0,0.0
2020-08-27 00:00:00-04:00,40.75707417951743,43.32848997672819,40.7011049898828,42.482749938964844,119018700,0.0,0.0
2020-08-28 00:00:00-04:00,43.84153554426445,43.863301936824094,42.8589877029156,43.62388229370117,64050900,0.0,0.0
2020-08-31 00:00:00-04:00,42.747065647802565,43.185478714683306,42.14074493454701,43.17304229736328,45236400,0.0,0.0
2020-09-01 00:00:00-04:00,43.90373192067085,46.51246157320499,43.54616092327086,45.890594482421875,106798200,0.0,0.0
2020-09-02 00:00:00-04:00,47.02860424823098,47.05347707836087,45.274941623660816,45.91857147216797,51666000,0.0,0.0
2020-09-03 00:00:00-04:00,45.61386561504904,46.515571652930404,44.09340247898868,44.9422492980957,48015000,0.0,0.0
2020-09-04 00:00:00-04:00,44.7805562481768,45.097707939032475,43.561698699822756,44.410545349121094,33982200,0.0,0.0
2020-09-08 00:00:00-04:00,43.969018980836175,44.12137661965659,42.98958108367017,43.04866027832031,33966900,0.0,0.0
2020-09-09 00:00:00-04:00,43.5585845490954,44.34213550122402,43.359587707814754,43.49639892578125,33669000,0.0,0.0
2020-09-10 00:00:00-04:00,43.54926104487932,43.69850868583304,42.47032119307712,42.538726806640625,33709200,0.0,0.0
2020-09-11 00:00:00-04:00,42.61335263797957,43.045549156321094,42.14695331267033,42.50452423095703,28879800,0.0,0.0
2020-09-14 00:00:00-04:00,42.33041044596265,43.872636321075035,42.249564847021794,42.69731140136719,45733800,0.0,0.0
2020-09-15 00:00:00-04:00,42.98025597780983,43.24454846939097,42.49831021815989,42.70974349975586,30427800,0.0,0.0
2020-09-16 00:00:00-04:00,43.03622399176404,43.120176022045506,42.30242211473932,42.36771774291992,27860400,0.0,0.0
2020-09-17 00:00:00-04:00,42.10963773854314,42.7750338757043,41.98215649824957,42.50141143798828,37245000,0.0,0.0
2020-09-18 00:00:00-04:00,42.42369114132802,42.76260928935178,41.898216070550674,42.06612014770508,54709200,0.0,0.0
2020-09-21 00:00:00-04:00,42.44234121228227,42.67243089602195,42.0661138708533,42.619571685791016,47275500,0.0,0.0
2020-09-22 00:00:00-04:00,42.619565869859855,43.2165599504985,42.464101811977464,43.005123138427734,33102000,0.0,0.0
2020-09-23 00:00:00-04:00,43.21967675459597,43.294302366959656,42.230912299192475,42.28377151489258,23133300,0.0,0.0
2020-09-24 00:00:00-04:00,42.20291895436698,42.8434423075745,41.99770567090515,42.50452423095703,29453100,0.0,0.0
2020-09-25 00:00:00-04:00,42.448559214525595,42.76571090274128,42.27443518406248,42.681758880615234,22618800,0.0,0.0
2020-09-28 00:00:00-04:00,42.6475619136768,42.92429084610767,42.51075066505458,42.67554473876953,21197100,0.0,0.0
2020-09-29 00:00:00-04:00,42.67554115767412,42.952270066883415,42.40813866993143,42.64133834838867,27702900,0.0,0.0
2020-09-30 00:00:00-04:00,42.71907339462903,44.07163233653146,42.65999775171222,43.50262451171875,34826400,0.0,0.0
2020-10-01 00:00:00-04:00,43.77935951718932,44.892498841279554,43.61145544255807,44.488285064697266,43290900,0.0,0.0
2020-10-02 00:00:00-04:00,44.25818723483456,44.4944968934555,43.57102465231287,43.68606948852539,24585000,0.0,0.0
2020-10-05 00:00:00-04:00,43.93171978126785,44.211558736096315,43.8633141499005,44.090293884277344,14259000,0.0,0.0
2020-10-06 00:00:00-04:00,44.112054999700895,44.444753135134505,43.60834280633086,43.726497650146484,21475500,0.0,0.0
2020-10-07 00:00:00-04:00,43.92238738709209,44.01255941212653,43.60834563383,43.807342529296875,16949100,0.0,0.0
2020-10-08 00:00:00-04:00,44.00011899656376,44.18046304482577,43.87885771096585,43.9534797668457,14676900,0.0,0.0
2020-10-09 00:00:00-04:00,44.04675215561776,44.56911710761855,44.01565934260289,44.394996643066406,14494800,0.0,0.0
2020-10-12 00:00:00-04:00,44.469626310399455,45.206538203623396,44.469626310399455,44.852073669433594,18402300,0.0,0.0
2020-10-13 00:00:00-04:00,44.98577423799438,45.58276843955665,44.88627579745815,45.46772003173828,23800200,0.0,0.0
2020-10-14 00:00:00-04:00,45.52058247429333,45.561005275404305,44.69971850247211,44.75568771362305,19710900,0.0,0.0
2020-10-15 00:00:00-04:00,44.49138973113907,45.07283393539218,44.41365769046718,44.93913269042969,13692600,0.0,0.0
2020-10-16 00:00:00-04:00,45.20964904068952,45.44284874099683,44.920480131304245,44.9951057434082,16935000,0.0,0.0
2020-10-19 00:00:00-04:00,45.1163669458608,45.200318973535595,44.38567152658654,44.44786071777344,14643300,0.0,0.0
2020-10-20 00:00:00-04:00,44.80855125537261,45.25007432479999,44.65619357560156,44.743255615234375,14523000,0.0,0.0
2020-10-21 00:00:00-04:00,44.72459166664945,45.31225588712603,44.72459166664945,44.898712158203125,13114200,0.0,0.0
2020-10-22 00:00:00-04:00,44.83341536320386,44.94846376789019,44.36701599109428,44.63441848754883,13344000,0.0,0.0
2020-10-23 00:00:00-04:00,44.76501208254127,44.81786773504359,44.41676755962188,44.727699279785156,10540500,0.0,0.0
2020-10-26 00:00:00-04:00,44.41365776106325,44.50071978176099,43.822883575983624,44.20222091674805,16111800,0.0,0.0
2020-10-27 00:00:00-04:00,44.16801899627985,44.68106115089212,44.14314616606248,44.4229850769043,11831100,0.0,0.0
2020-10-28 00:00:00-04:00,43.82910393820676,44.19289487392983,43.493295825740915,43.54304504394531,16849200,0.0,0.0
2020-10-29 00:00:00-04:00,43.53062132961463,43.875755964415546,43.12640747938992,43.50574493408203,15153900,0.0,0.0
2020-10-30 00:00:00-04:00,43.27563848963158,43.558587364009206,42.71285073391187,43.141937255859375,18601800,0.0,0.0
2020-11-02 00:00:00-05:00,43.714062723600506,43.782468349105166,43.22900691624158,43.65498352050781,16575600,0.0,0.0
2020-11-03 00:00:00-05:00,44.043642162647394,44.82408315602259,44.018765777228886,44.394996643066406,15413100,0.0,0.0
2020-11-04 00:00:00-05:00,44.01877650433339,44.89560970174675,43.94726444030988,44.14004135131836,17927400,0.0,0.0
2020-11-05 00:00:00-05:00,44.77434073034156,44.84585634612258,44.44475259241234,44.60954666137695,14202600,0.0,0.0
2020-11-06 00:00:00-05:00,44.88627521773461,45.46461300943377,44.63441912619043,45.32469177246094,16198500,0.0,0.0
2020-11-09 00:00:00-05:00,46.01807543954745,46.08026463903529,44.61266073466004,44.631317138671875,28198500,0.0,0.0
2020-11-10 00:00:00-05:00,44.69660024699583,45.533006849321694,44.62819463757202,45.2593879699707,18199200,0.0,0.0
2020-11-11 00:00:00-05:00,45.68226816105579,46.3165716762548,45.520584067642794,46.01185989379883,18805800,0.0,0.0
2020-11-12 00:00:00-05:00,46.16731639069535,46.23883200260283,45.73822983593987,46.08958435058594,12564300,0.0,0.0
2020-11-13 00:00:00-05:00,46.31035382918471,46.93221735020115,45.86882724208477,46.80784606933594,19738200,0.0,0.0
2020-11-16 00:00:00-05:00,46.80473609602213,47.69711213499217,46.41606872645876,47.398616790771484,34560300,0.0,0.0
2020-11-17 00:00:00-05:00,46.79541204435176,47.64736888352858,46.3849782564933,46.44405746459961,42711600,0.0,0.0
2020-11-18 00:00:00-05:00,46.596402831163466,47.15919058555619,46.344546771046105,46.35698318481445,24936900,0.0,0.0
2020-11-19 00:00:00-05:00,46.47203414630898,47.40172291704124,46.42850491320771,47.29911804199219,18590700,0.0,0.0
2020-11-20 00:00:00-05:00,47.003722949064866,47.49810509010793,46.58085641427708,46.71455764770508,21937200,0.0,0.0
2020-11-23 00:00:00-05:00,46.75498741538784,47.07524916082967,46.4440556511305,46.92911148071289,18557100,0.0,0.0
2020-11-24 00:00:00-05:00,47.18097148285681,47.25559354675178,46.723898442497614,47.06281661987305,17155200,0.0,0.0
2020-11-25 00:00:00-05:00,47.02860574962145,47.38306671952979,47.01616577581456,47.208946228027344,13833300,0.0,0.0
2020-11-27 00:00:00-05:00,47.3084423316399,47.485672807839876,46.98196420223344,47.137428283691406,10999500,0.0,0.0
2020-11-30 00:00:00-05:00,47.137431529992526,47.5571916955269,46.67103213680876,47.507442474365234,32695500,0.0,0.0
2020-12-01 00:00:00-05:00,47.7593031559018,47.77795956042052,47.1560924570628,47.46080780029297,22935300,0.0,0.0
2020-12-02 00:00:00-05:00,47.26180341924868,47.454580304867264,46.49379875340348,46.80162048339844,23547000,0.0,0.0
2020-12-03 00:00:00-05:00,46.72700230757644,46.72700230757644,46.13933806372236,46.42228698730469,25725900,0.0,0.0
2020-12-04 00:00:00-05:00,46.48758587648324,46.48758587648324,45.88748517461884,46.301025390625,20889300,0.0,0.0
2020-12-07 00:00:00-05:00,46.16109739036749,46.32589144122383,45.75688368763218,46.052268981933594,18479100,0.0,0.0
2020-12-08 00:00:00-05:00,45.81907936576986,46.59330413364018,45.76311371107244,46.468929290771484,20716500,0.0,0.0
2020-12-09 00:00:00-05:00,46.639939086278744,46.639939086278744,45.98386923390503,46.10202407836914,20139600,0.0,0.0
2020-12-10 00:00:00-05:00,46.108266099422416,46.23309198786402,45.740024014356806,45.886695861816406,20652300,0.18,0.0
2020-12-11 00:00:00-05:00,45.84924685176313,46.033367895038936,45.54342128103599,45.87421417236328,16860900,0.0,0.0
2020-12-14 00:00:00-05:00,46.09266626051427,46.09890898393718,45.37490663501893,45.45292282104492,25088100,0.0,0.0
2020-12-15 00:00:00-05:00,45.412347639569056,45.67448483440332,45.20638065999845,45.43107223510742,31871400,0.0,0.0
2020-12-16 00:00:00-05:00,45.637042621047556,45.83988827048414,45.27504324222803,45.3842658996582,25650900,0.0,0.0
2020-12-17 00:00:00-05:00,45.58085995564938,45.699443094236294,45.2968732668723,45.59334182739258,30679500,0.0,0.0
2020-12-18 00:00:00-05:00,45.75563558047787,45.930396141734406,45.30001314774347,45.54655075073242,41384100,0.0,0.0
2020-12-21 00:00:00-05:00,45.40610830860522,45.77122902049526,45.268796978635855,45.55278015136719,25553100,0.0,0.0
2020-12-22 00:00:00-05:00,45.29688468057038,45.633920302018474,44.669626718371234,45.00041961669922,37599000,0.0,0.0
2020-12-23 00:00:00-05:00,44.79444983518225,45.00665596362768,44.40748319765136,44.69458770751953,20430600,0.0,0.0
2020-12-24 00:00:00-05:00,44.79446405561274,45.059722693216266,44.68211644781282,44.781978607177734,9054600,0.0,0.0
2020-12-28 00:00:00-05:00,44.950487316361624,45.34369672108044,44.72892065058424,45.318729400634766,19344900,0.0,0.0
2020-12-29 00:00:00-05:00,45.4498008348163,45.51533871580008,44.81006097548957,45.0316276550293,17938200,0.0,0.0
2020-12-30 00:00:00-05:00,45.21262024081325,45.296879135861296,44.919276574409814,44.99417495727539,18751200,0.0,0.0
2020-12-31 00:00:00-05:00,45.00041310968045,45.02225906609004,44.57912221514051,44.98480987548828,17814000,0.0,0.0
2021-01-04 00:00:00-05:00,45.03162568104629,45.839886892876756,45.02538652933468,45.727542877197266,32182200,0.0,0.0
2021-01-05 00:00:00-05:00,45.74938920674378,45.89606105775543,45.090921200942006,45.484127044677734,26498100,0.0,0.0
2021-01-06 00:00:00-05:00,45.27815799013747,46.21748770650873,45.25319067213204,45.768104553222656,21918900,0.0,0.0
2021-01-07 00:00:00-05:00,46.06770313740552,46.11139148790512,45.57463154948556,45.764991760253906,20538000,0.0,0.0
2021-01-08 00:00:00-05:00,45.83676709973091,45.874216296689426,45.502852831446845,45.758750915527344,24478200,0.0,0.0
2021-01-11 00:00:00-05:00,45.56213658275153,46.18315525333516,45.56213658275153,45.96470642089844,26264400,0.0,0.0
2021-01-12 00:00:00-05:00,46.49835868374722,46.788581045523216,46.286148938512795,46.48899459838867,23373300,0.0,0.0
2021-01-13 00:00:00-05:00,46.4203207684367,46.52018287842316,46.00839045758025,46.01463317871094,16069500,0.0,0.0
2021-01-14 00:00:00-05:00,46.13011532303306,46.18628554826618,45.57463079464202,45.8648567199707,23017200,0.0,0.0
2021-01-15 00:00:00-05:00,45.29376940396769,45.53093932541537,44.83502565568242,45.137733459472656,35920500,0.0,0.0
2021-01-19 00:00:00-05:00,45.13773056765983,45.27192054277694,44.522954485618136,44.747642517089844,24123600,0.0,0.0
2021-01-20 00:00:00-05:00,44.810056467155675,45.45603898482732,44.5916075999106,45.40922927856445,23775600,0.0,0.0
2021-01-21 00:00:00-05:00,45.36241578804272,45.477881149066036,45.00353426059626,45.2032585144043,14325900,0.0,0.0
2021-01-22 00:00:00-05:00,45.43731385191653,45.98031643794339,45.287520650831816,45.66512680053711,19219500,0.0,0.0
2021-01-25 00:00:00-05:00,45.362420278880634,45.64016073078119,45.02226331297237,45.62455749511719,19031100,0.0,0.0
2021-01-26 00:00:00-05:00,45.446672436751825,46.12698632108655,45.39674494319304,46.033363342285156,15031500,0.0,0.0
2021-01-27 00:00:00-05:00,45.861722783874235,46.14258454708918,44.79756373034221,44.888065338134766,29910300,0.0,0.0
2021-01-28 00:00:00-05:00,45.08154816448907,45.643275278594025,44.82253234832133,44.859981536865234,22301700,0.0,0.0
2021-01-29 00:00:00-05:00,44.68210006895657,44.85998193042508,43.798944197596846,43.84263610839844,32509200,0.0,0.0
2021-02-01 00:00:00-05:00,43.97371404362032,44.15471373316916,43.436954126877694,43.461917877197266,25945200,0.0,0.0
2021-02-02 00:00:00-05:00,43.61483351694907,44.360678253351594,43.51497137053487,43.930023193359375,27002400,0.0,0.0
2021-02-03 00:00:00-05:00,43.895687381803185,44.32946372468545,43.88632686974412,44.064205169677734,14966700,0.0,0.0
2021-02-04 00:00:00-05:00,44.24832495750628,44.68210128828765,44.08292853538256,44.47925567626953,17346300,0.0,0.0
2021-02-05 00:00:00-05:00,44.7694883648934,45.203264761792944,44.479262456001244,45.050350189208984,20451600,0.0,0.0
2021-02-08 00:00:00-05:00,45.19078189438914,45.43107672765021,45.08155567150619,45.259437561035156,15825300,0.0,0.0
2021-02-09 00:00:00-05:00,45.11900240384449,45.66200498446349,45.11900240384449,45.509090423583984,15906900,0.0,0.0
2021-02-10 00:00:00-05:00,45.50909358918604,45.53093597700847,44.79445537296099,44.978572845458984,18576900,0.0,0.0
2021-02-11 00:00:00-05:00,44.98169764100812,45.23447437183042,44.84750765691796,44.944252014160156,12791400,0.0,0.0
2021-02-12 00:00:00-05:00,44.987934062865826,45.12836675076911,44.83501950109494,45.08467483520508,13423500,0.0,0.0
2021-02-16 00:00:00-05:00,45.54342351276284,45.68385264470766,45.228233842108736,45.4560432434082,27891000,0.0,0.0
2021-02-17 00:00:00-05:00,45.14085443868159,46.03025324346793,45.094044727135376,45.93663024902344,25571100,0.0,0.0
2021-02-18 00:00:00-05:00,43.377645702694004,43.90816630526987,42.90954159953058,42.95947265625,96927300,0.0,0.0
2021-02-19 00:00:00-05:00,43.00317409433353,43.508723923575026,42.962603539290804,43.17169189453125,36606000,0.0,0.0
2021-02-22 00:00:00-05:00,42.98444860258053,43.171690995718784,42.51946576671079,42.96884536743164,32106600,0.0,0.0
2021-02-23 00:00:00-05:00,42.787850553078265,42.875227251288166,42.14810712531171,42.27605438232422,31300200,0.0,0.0
2021-02-24 00:00:00-05:00,42.40088512179412,42.49138318437488,41.52084681915395,41.570777893066406,46565700,0.0,0.0
2021-02-25 00:00:00-05:00,41.53644808304327,41.820427679868295,41.030894687910745,41.17756652832031,33324600,0.0,0.0
2021-02-26 00:00:00-05:00,41.03089233873842,41.13387582866755,40.52533897255071,40.544063568115234,42470700,0.0,0.0
2021-03-01 00:00:00-05:00,41.06210489567481,41.3710518399171,40.921672193795246,40.9965705871582,34634400,0.0,0.0
2021-03-02 00:00:00-05:00,41.040256972524766,41.4272236532346,40.57215275045432,40.60335922241211,29230800,0.0,0.0
2021-03-03 00:00:00-05:00,40.41300303887027,40.54719302441382,39.80446606126054,39.81694793701172,41837400,0.0,0.0
2021-03-04 00:00:00-05:00,39.90120509409703,40.43796501267467,39.40813709575598,39.798221588134766,45348000,0.0,0.0
2021-03-05 00:00:00-05:00,39.57977627314288,40.49101744727626,39.55480895138548,40.29441452026367,34073700,0.0,0.0
2021-03-08 00:00:00-05:00,40.35994111010647,40.519094809719526,39.88559422960636,39.907440185546875,40988400,0.0,0.0
2021-03-09 00:00:00-05:00,40.19454825265338,40.53158027666457,40.0447550515312,40.222633361816406,31988700,0.0,0.0
2021-03-10 00:00:00-05:00,40.21327332585686,41.52084159701806,40.09156523245511,41.24934387207031,44929200,0.0,0.0
2021-03-11 00:00:00-05:00,41.61758683073752,41.65815381516969,41.04649911645111,41.23373794555664,35489700,0.0,0.0
2021-03-12 00:00:00-05:00,41.355444970898766,41.979585099147315,41.21813721404651,41.854759216308594,28437600,0.0,0.0
2021-03-15 00:00:00-04:00,42.04824750325302,42.05136886509465,41.4490745983405,41.639434814453125,25071900,0.0,0.0
2021-03-16 00:00:00-04:00,41.4490671873115,41.904685936863,41.4490671873115,41.62694549560547,19881000,0.0,0.0
2021-03-17 00:00:00-04:00,41.349211398462735,41.548935695033094,41.18693272898522,41.280555725097656,24156300,0.0,0.0
2021-03-18 00:00:00-04:00,41.10193427400325,41.349497616549506,40.71648627971765,40.741554260253906,29815500,0.183333,0.0
2021-03-19 00:00:00-04:00,40.77915021348812,41.52184365247964,40.70707351046026,41.2836799621582,57703500,0.0,0.0
2021-03-22 00:00:00-04:00,41.05178713052791,41.50617736660374,41.048652736975036,41.48110580444336,24654000,0.0,0.0
2021-03-23 00:00:00-04:00,41.274276076572754,42.08591181132612,41.24920810236864,41.97309875488281,29154900,0.0,0.0
2021-03-24 00:00:00-04:00,42.12665513516817,42.12665513516817,41.694198475926484,41.7130012512207,23547300,0.0,0.0
2021-03-25 00:00:00-04:00,41.76000775940218,42.157993274638784,41.63779509539467,41.99503707885742,28125900,0.0,0.0
2021-03-26 00:00:00-04:00,41.99191210590467,42.36795691752415,41.810153108961224,42.34601974487305,28653600,0.0,0.0
2021-03-29 00:00:00-04:00,42.30527690104683,42.935153746834075,42.17992984512461,42.828609466552734,30146400,0.0,0.0
2021-03-30 00:00:00-04:00,42.722064011786536,43.116915150010044,42.452563522824406,42.537174224853516,27230100,0.0,0.0
2021-03-31 00:00:00-04:00,42.477638807590985,42.88815477838142,42.29274900446437,42.56538391113281,24546000,0.0,0.0
2021-04-01 00:00:00-04:00,42.599844430020106,42.89755085392137,42.408689456620934,42.499568939208984,25595100,0.0,0.0
2021-04-05 00:00:00-04:00,42.84428173532934,43.92228372811686,42.681329113342464,43.693519592285156,40043100,0.0,0.0
2021-04-06 00:00:00-04:00,43.59324387367589,44.169850469334285,43.40835406611553,43.90348434448242,31044600,0.0,0.0
2021-04-07 00:00:00-04:00,43.966158565294656,44.1071776153522,43.762465975773054,43.809471130371094,20361600,0.0,0.0
2021-04-08 00:00:00-04:00,44.01316020529924,44.22312156650652,43.76559687517422,43.78126525878906,19095600,0.0,0.0
2021-04-09 00:00:00-04:00,43.75619484441927,43.90034828098408,43.467895143816094,43.80320358276367,20676600,0.0,0.0
2021-04-12 00:00:00-04:00,43.89408184315294,43.99122654657491,43.66532127235108,43.809471130371094,18723000,0.0,0.0
2021-04-13 00:00:00-04:00,43.80947508104831,43.87215221242792,43.51804094450127,43.67472839355469,17397900,0.0,0.0
2021-04-14 00:00:00-04:00,43.596372642690945,43.70292051338935,43.377011700011394,43.6590461730957,21924600,0.0,0.0
2021-04-15 00:00:00-04:00,43.68411944424613,44.01942786578392,43.62144591139201,43.92228317260742,21710400,0.0,0.0
2021-04-16 00:00:00-04:00,44.15103472220692,44.17297188874073,43.78125521570024,44.063289642333984,26488500,0.0,0.0
2021-04-19 00:00:00-04:00,43.96302066047912,44.05076576048012,43.74992849155937,43.78126525878906,19281000,0.0,0.0
2021-04-20 00:00:00-04:00,43.69038291016818,44.42681123700154,43.50236231907497,44.11970520019531,24452100,0.0,0.0
2021-04-21 00:00:00-04:00,44.11343016644295,44.40486777939216,44.0382226579072,44.2481803894043,17335200,0.0,0.0
2021-04-22 00:00:00-04:00,44.2105903133382,44.32653779377001,43.690388469084844,43.768733978271484,19705200,0.0,0.0
2021-04-23 00:00:00-04:00,43.59009953347995,43.97867822050549,43.568162367312866,43.84079360961914,22971000,0.0,0.0
2021-04-26 00:00:00-04:00,43.84393221185835,43.87213816714159,43.132579095493824,43.21718978881836,22846200,0.0,0.0
2021-04-27 00:00:00-04:00,43.24539339747527,43.5430962362661,43.10437437580451,43.36447525024414,16151400,0.0,0.0
2021-04-28 00:00:00-04:00,43.3550718290559,43.43027933738292,43.20465322613947,43.21091842651367,14286600,0.0,0.0
2021-04-29 00:00:00-04:00,43.2140632402274,43.87214613152155,43.2140632402274,43.756195068359375,19596000,0.0,0.0
2021-04-30 00:00:00-04:00,43.781263388384154,43.869008484636545,43.5932392067756,43.843936920166016,19680000,0.0,0.0
2021-05-03 00:00:00-04:00,43.77185675826161,44.73077670271429,43.77185675826161,44.53648376464844,27139500,0.0,0.0
2021-05-04 00:00:00-04:00,44.354733364759156,44.508286379144465,43.903477502669574,44.0977668762207,19084200,0.0,0.0
2021-05-05 00:00:00-04:00,44.094636795129986,44.248189824533284,43.95048694771271,44.0601692199707,18351000,0.0,0.0
2021-05-06 00:00:00-04:00,44.04443548645794,44.47229349702686,43.87140282024055,44.3747673034668,16302000,0.183333,0.0
2021-05-07 00:00:00-04:00,44.55723066891174,44.5855473926395,43.830497165902045,44.10734939575195,23408400,0.0,0.0
2021-05-10 00:00:00-04:00,44.185995893175175,44.69880038319129,44.14195285982335,44.302398681640625,26307600,0.0,0.0
2021-05-11 00:00:00-04:00,44.318137096008506,44.318137096008506,43.51589709714715,43.90285873413086,26464200,0.0,0.0
2021-05-12 00:00:00-04:00,43.68892892036039,43.72353544986133,42.75770292692619,42.76713943481445,25998300,0.0,0.0
2021-05-13 00:00:00-04:00,42.85837999965981,43.7235397213573,42.71051735932259,43.4907341003418,21475200,0.0,0.0
2021-05-14 00:00:00-04:00,43.67005208383933,44.119933364734706,43.550502582561826,43.8934211730957,16091700,0.0,0.0
2021-05-17 00:00:00-04:00,44.04443680796056,44.170276132369395,43.65747512484837,43.69522476196289,19675800,0.0,0.0
2021-05-18 00:00:00-04:00,45.148689173839074,45.48531438603847,44.42510230275949,44.64532470703125,58183800,0.0,0.0
2021-05-19 00:00:00-04:00,44.267792411066964,45.214748236543706,44.2017260604845,44.64846420288086,34874700,0.0,0.0
2021-05-20 00:00:00-04:00,44.5163390038125,44.94734370647069,44.26465676862036,44.80577087402344,30540900,0.0,0.0
2021-05-21 00:00:00-04:00,44.83723167423159,45.01340742836086,44.547796220647996,44.59498596191406,22927500,0.0,0.0
2021-05-24 00:00:00-04:00,44.5981330871582,44.805768670764856,44.47229017557693,44.5981330871582,18945900,0.0,0.0
2021-05-25 00:00:00-04:00,44.610715553855364,44.874980983316135,44.38105665447602,44.780601501464844,21505200,0.0,0.0
2021-05-26 00:00:00-04:00,44.796340148852344,44.95049621287507,44.598141038114754,44.72712707519531,19294200,0.0,0.0
2021-05-27 00:00:00-04:00,45.09835191479297,45.20217150926696,44.57611083984375,44.57611083984375,56577000,0.0,0.0
2021-05-28 00:00:00-04:00,44.651618936157014,44.81521149079875,44.560382549714475,44.68307876586914,21186300,0.0,0.0
2021-06-01 00:00:00-04:00,44.739706161339676,44.92532204165704,44.44398087421897,44.56667709350586,20767500,0.0,0.0
2021-06-02 00:00:00-04:00,44.481733755248996,44.58240665223139,44.07274876112796,44.46915054321289,23298000,0.0,0.0
2021-06-03 00:00:00-04:00,44.48173560506509,44.62645155036539,44.280389802727136,44.54780197143555,18374400,0.0,0.0
2021-06-04 00:00:00-04:00,44.503745758538294,44.76486806499852,44.43767940637227,44.626441955566406,13635900,0.0,0.0
2021-06-07 00:00:00-04:00,44.62645149822215,44.66420473620314,44.16713003704528,44.327579498291016,16630800,0.0,0.0
2021-06-08 00:00:00-04:00,44.20488053949474,44.327576755166675,43.98465813202958,43.99095153808594,20120700,0.0,0.0
2021-06-09 00:00:00-04:00,43.836793526748465,44.04757581567552,43.73926733932928,43.75499725341797,17085300,0.0,0.0
2021-06-10 00:00:00-04:00,43.755001101708125,44.104209545606075,43.755001101708125,44.006683349609375,16378500,0.0,0.0
2021-06-11 00:00:00-04:00,44.11679172086763,44.31184770862274,44.000388908971246,44.28038787841797,25232400,0.0,0.0
2021-06-14 00:00:00-04:00,44.33701820956285,44.33701820956285,44.05387611133735,44.22061538696289,15140700,0.0,0.0
2021-06-15 00:00:00-04:00,44.30869136083019,44.33071467731841,43.93745968466522,44.04442596435547,19327200,0.0,0.0
2021-06-16 00:00:00-04:00,43.99723773606114,44.05701068241704,43.0911782307618,43.14780807495117,28794900,0.0,0.0
2021-06-17 00:00:00-04:00,43.100624783470835,43.525339677536735,43.00938839869124,43.3271369934082,19341900,0.0,0.0
2021-06-18 00:00:00-04:00,42.60984532614751,42.908717315923376,42.28265660867459,42.52490234375,44812800,0.0,0.0
2021-06-21 00:00:00-04:00,42.6790596020541,43.021974644125244,42.58153340477737,42.911865234375,20775000,0.0,0.0
2021-06-22 00:00:00-04:00,42.85837561756152,43.32713351471618,42.85837561756152,43.11005783081055,19107000,0.0,0.0
2021-06-23 00:00:00-04:00,42.94333112296372,43.09748719863557,42.764008618795096,42.77344512939453,19390500,0.0,0.0
2021-06-24 00:00:00-04:00,42.83949438515042,43.17611953411798,42.8174746691021,43.07229995727539,23444100,0.0,0.0
2021-06-25 00:00:00-04:00,43.14152158675834,43.68578599763256,43.07545522478478,43.581966400146484,28640700,0.0,0.0
2021-06-28 00:00:00-04:00,43.42781298681286,43.61657557546628,42.9747849342528,43.44668960571289,15549000,0.0,0.0
2021-06-29 00:00:00-04:00,43.38376991274076,43.56309239164586,43.17298400212623,43.19500732421875,35962500,0.0,0.0
2021-06-30 00:00:00-04:00,43.90601208745357,44.856114858921494,43.632306507547646,44.365333557128906,45511200,0.0,0.0
2021-07-01 00:00:00-04:00,44.173420175384074,44.437685621005826,43.732975365783375,43.830501556396484,26348700,0.0,0.0
2021-07-02 00:00:00-04:00,43.839941505819624,44.38420591003288,43.839941505819624,44.07904052734375,26280600,0.0,0.0
2021-07-06 00:00:00-04:00,44.012975473058994,44.28039125085983,43.89028284598532,44.02556228637695,18279300,0.0,0.0
2021-07-07 00:00:00-04:00,43.96893120981008,44.41881256409765,43.84309188289192,43.95320129394531,25607400,0.0,0.0
2021-07-08 00:00:00-04:00,43.522195745489675,44.24892576562538,43.484442507980916,43.91544723510742,21267000,0.0,0.0
2021-07-09 00:00:00-04:00,44.17342336819519,44.308702803774025,44.02241401687557,44.138816833496094,15185400,0.0,0.0
2021-07-12 00:00:00-04:00,44.261507366451376,44.292967193888565,43.833645792543344,44.06016159057617,19515000,0.0,0.0
2021-07-13 00:00:00-04:00,44.04128993966924,44.41566840900637,44.02556002417711,44.226905822753906,18947700,0.0,0.0
2021-07-14 00:00:00-04:00,44.26780110533331,44.61071973549383,43.990952439077596,44.53207015991211,18812100,0.0,0.0
2021-07-15 00:00:00-04:00,44.67363979718831,44.874985592763295,44.38735101908345,44.56667709350586,17974800,0.0,0.0
2021-07-16 00:00:00-04:00,44.579256509360334,44.714535929263825,44.34330420024246,44.535213470458984,18095400,0.0,0.0
2021-07-19 00:00:00-04:00,44.488011278985866,44.981939118595456,43.97206372447893,44.4313850402832,27383100,0.0,0.0
2021-07-20 00:00:00-04:00,44.34959417707358,44.82149875882418,44.28981762852923,44.63273620605469,19020300,0.0,0.0
2021-07-21 00:00:00-04:00,44.8309428717139,44.8435260839409,44.26780182048024,44.41252136230469,18591900,0.0,0.0
2021-07-22 00:00:00-04:00,44.39993071644505,44.71138949451458,44.29611472410174,44.44397735595703,13013400,0.0,0.0
2021-07-23 00:00:00-04:00,44.52262922901713,44.90015438553613,44.36218337772192,44.80891799926758,15947400,0.0,0.0
2021-07-26 00:00:00-04:00,44.786905851147324,45.25881057641088,44.50376013571133,44.87184524536133,18517200,0.0,0.0
2021-07-27 00:00:00-04:00,44.988244449332754,44.988244449332754,44.66105573755876,44.87498474121094,15395700,0.0,0.0
2021-07-28 00:00:00-04:00,44.82464140299418,45.06688709661308,44.5666693971803,44.692508697509766,14071500,0.0,0.0
2021-07-29 00:00:00-04:00,44.87499247857732,44.941062453213576,44.67994005931442,44.74915313720703,11063100,0.0,0.0
2021-07-30 00:00:00-04:00,44.421964706454325,44.975665733453816,44.421964706454325,44.8466796875,16332300,0.0,0.0
2021-08-02 00:00:00-04:00,44.93476436804921,44.947347580806785,44.56982239530362,44.742855072021484,19958400,0.0,0.0
2021-08-03 00:00:00-04:00,44.81206063526365,45.2713820272606,44.78689421396468,45.246212005615234,18915300,0.0,0.0
2021-08-04 00:00:00-04:00,45.10778670562562,45.283966059299644,44.90644453054261,44.937904357910156,15301500,0.0,0.0
2021-08-05 00:00:00-04:00,45.37520824930626,45.78733636101052,45.29970177367826,45.7716064453125,27005400,0.0,0.0
2021-08-06 00:00:00-04:00,45.99811998475209,46.0799162623841,45.601718208108636,45.6898078918457,19263600,0.0,0.0
2021-08-09 00:00:00-04:00,45.90373894606034,46.083065024599975,45.74329308667952,45.799922943115234,15811800,0.0,0.0
2021-08-10 00:00:00-04:00,46.23721745329269,46.86013142386614,46.01070164565389,46.77518844604492,38262000,0.0,0.0
2021-08-11 00:00:00-04:00,47.036312198746344,47.68754296490723,46.92620278630993,47.1936149597168,41455800,0.0,0.0
2021-08-12 00:00:00-04:00,47.04836043691018,47.43042951155361,46.98836390943664,47.06730651855469,18269100,0.183333,0.0
2021-08-13 00:00:00-04:00,47.16834267897103,47.47778929964817,47.09887853634921,47.2157096862793,15981300,0.0,0.0
2021-08-16 00:00:00-04:00,47.26308053158877,47.91039118850812,47.06099379567582,47.60094451904297,47791500,0.0,0.0
2021-08-17 00:00:00-04:00,47.490421266452586,48.15351965344547,47.07993488615789,47.58515167236328,50950200,0.0,0.0
2021-08-18 00:00:00-04:00,47.537790391623304,48.175626160891674,47.054674333968975,47.07993698120117,28211700,0.0,0.0
2021-08-19 00:00:00-04:00,46.83679826578278,47.572522703507005,46.732596624879754,47.39885330200195,22630500,0.0,0.0
2021-08-20 00:00:00-04:00,47.51568733178118,47.90723127266467,47.28518328573654,47.82197570800781,19400400,0.0,0.0
2021-08-23 00:00:00-04:00,47.84722893075959,47.92932981634993,47.493577197922036,47.50621032714844,16166100,0.0,0.0
2021-08-24 00:00:00-04:00,47.52200126140645,47.52200126140645,46.95362965735295,47.016780853271484,18828900,0.0,0.0
2021-08-25 00:00:00-04:00,46.862062660202355,47.13677181676265,46.74207321592269,47.035728454589844,21921300,0.0,0.0
2021-08-26 00:00:00-04:00,46.56524756106353,46.81785597753909,46.31263914458796,46.52735900878906,23466900,0.0,0.0
2021-08-27 00:00:00-04:00,46.57787921130327,46.63471746271134,46.15791792553223,46.26527786254883,23088600,0.0,0.0
2021-08-30 00:00:00-04:00,46.2336935650265,46.732593761478036,46.10738756796307,46.63786697387695,16440600,0.0,0.0
2021-08-31 00:00:00-04:00,46.729441535050924,46.8715317238788,46.49262094007563,46.76417541503906,25078500,0.0,0.0
2021-09-01 00:00:00-04:00,46.59366756261872,46.710498727057896,46.28106262081971,46.66313171386719,19056600,0.0,0.0
2021-09-02 00:00:00-04:00,46.770488308344866,46.98204987048198,46.634711071031646,46.909423828125,20018100,0.0,0.0
2021-09-03 00:00:00-04:00,46.79575664968225,47.25360648243234,46.70102623212338,47.12730407714844,17211900,0.0,0.0
2021-09-07 00:00:00-04:00,47.038890536698226,47.10204173975825,46.43578859756388,46.502098083496094,25345200,0.0,0.0
2021-09-08 00:00:00-04:00,46.401047931013444,46.83363866777991,46.3315801723627,46.56208419799805,19508400,0.0,0.0
2021-09-09 00:00:00-04:00,46.56209277254543,46.609459790235846,46.050562949292214,46.23370361328125,22328700,0.0,0.0
2021-09-10 00:00:00-04:00,46.47999374615895,46.49262687765565,45.92109692609664,46.066349029541016,15775200,0.0,0.0
2021-09-13 00:00:00-04:00,46.265275784169646,46.46420423476744,45.67164510153832,45.804264068603516,19529400,0.0,0.0
2021-09-14 00:00:00-04:00,45.93687929964389,46.063185304516715,45.444292023752304,45.56428146362305,16533900,0.0,0.0
2021-09-15 00:00:00-04:00,45.49165777534157,45.70637400272916,45.403243935736526,45.64322280883789,14850000,0.0,0.0
2021-09-16 00:00:00-04:00,45.60848944563174,45.883202201201335,45.371668852263916,45.7947883605957,18428400,0.0,0.0
2021-09-17 00:00:00-04:00,45.51376286746551,46.15160227284744,45.4758743156731,45.7000617980957,73032600,0.0,0.0
2021-09-20 00:00:00-04:00,45.31167249823864,45.84531021274877,44.71804548494008,45.07169723510742,25054500,0.0,0.0
2021-09-21 00:00:00-04:00,45.059067109704785,45.65269777618087,45.049595875284666,45.16011047363281,17437500,0.0,0.0
2021-09-22 00:00:00-04:00,45.30219982223626,45.343250265736145,44.92960200275803,45.055904388427734,15044400,0.0,0.0
2021-09-23 00:00:00-04:00,45.22325910577314,45.352719768864304,44.98012196360193,45.0811653137207,15585300,0.0,0.0
2021-09-24 00:00:00-04:00,44.99591959000462,45.37167575958655,44.99276130707442,45.20747756958008,13360500,0.0,0.0
2021-09-27 00:00:00-04:00,45.11274709129667,45.32746333632549,44.78751263428243,44.91697692871094,21250800,0.0,0.0
2021-09-28 00:00:00-04:00,44.80013266060155,44.860129177893874,44.20334745125214,44.364383697509766,20580900,0.0,0.0
2021-09-29 00:00:00-04:00,44.411749382021085,44.78435079226276,44.30755136566669,44.34543991088867,21375600,0.0,0.0
2021-09-30 00:00:00-04:00,44.40860269943681,44.752779632066144,43.96969535272929,44.0107421875,22457700,0.0,0.0
2021-10-01 00:00:00-04:00,43.97284542518511,44.089676579005484,42.91820675839667,43.27501678466797,30014400,0.0,0.0
2021-10-04 00:00:00-04:00,43.28765145032497,43.647619801824305,42.53613914670992,42.85821533203125,29970300,0.0,0.0
2021-10-05 00:00:00-04:00,42.927686295369526,43.483424857511,42.911898493885715,43.13924789428711,20597400,0.0,0.0
2021-10-06 00:00:00-04:00,43.01926411490543,43.50869325271752,42.98453022433574,43.455013275146484,19376700,0.0,0.0
2021-10-07 00:00:00-04:00,43.82127777300202,44.42754148270453,43.81496482216458,43.966529846191406,21068100,0.0,0.0
2021-10-08 00:00:00-04:00,44.099159240722656,44.234936499438284,43.893914211166845,44.099159240722656,13847400,0.0,0.0
2021-10-11 00:00:00-04:00,44.05494698519496,44.452803848013666,44.02968433916439,44.058101654052734,13048200,0.0,0.0
2021-10-12 00:00:00-04:00,43.998112670154846,44.335976650909494,43.91285710428237,44.0107421875,15789300,0.0,0.0
2021-10-13 00:00:00-04:00,44.048635943149236,44.20967223250137,43.61604153270108,43.69182586669922,17937900,0.0,0.0
2021-10-14 00:00:00-04:00,43.732864187624926,44.228606049588684,43.732864187624926,44.16545486450195,19783500,0.0,0.0
2021-10-15 00:00:00-04:00,44.40228090713831,44.55384593822609,44.19387763429434,44.38017654418945,20737200,0.0,0.0
2021-10-18 00:00:00-04:00,44.20651601727265,44.841193531129576,44.15283605150057,44.73699188232422,19887000,0.0,0.0
2021-10-19 00:00:00-04:00,45.66848525314716,45.97793190808789,45.36219688085607,45.68743133544922,33444300,0.0,0.0
2021-10-20 00:00:00-04:00,45.75058094343861,46.25580135553833,45.75058094343861,46.101078033447266,17453700,0.0,0.0
2021-10-21 00:00:00-04:00,46.28422361861343,46.39157994127384,46.041086427395854,46.356849670410156,13954500,0.0,0.0
2021-10-22 00:00:00-04:00,46.44841425997346,47.26623600338157,46.44841425997346,46.83995819091797,21195600,0.0,0.0
2021-10-25 00:00:00-04:00,46.978887064764386,47.52830891245582,46.73574992855904,47.383060455322266,19287900,0.0,0.0
2021-10-26 00:00:00-04:00,47.36411592792199,47.53778531661644,46.877845253172794,46.96941375732422,17418600,0.0,0.0
2021-10-27 00:00:00-04:00,47.0357233521327,47.054669432184276,46.53998144289824,46.58418655395508,14565600,0.0,0.0
2021-10-28 00:00:00-04:00,46.839957128790005,47.04204384810205,46.64102869201638,46.874691009521484,12598500,0.0,0.0
2021-10-29 00:00:00-04:00,46.70418118649544,47.39569692421101,46.5936665897481,47.18098068237305,22022700,0.0,0.0
2021-11-01 00:00:00-04:00,47.35780633303534,47.600943512990064,47.15887788412464,47.297813415527344,12549600,0.0,0.0
2021-11-02 00:00:00-04:00,47.35466131895501,47.42097081544496,47.13678312923483,47.275718688964844,13638900,0.0,0.0
2021-11-03 00:00:00-04:00,47.23782643020085,47.45570098926338,47.05784042788239,47.42096710205078,14209500,0.0,0.0
2021-11-04 00:00:00-04:00,47.420960080982105,47.94828126375597,47.310441869451985,47.76829528808594,15149100,0.0,0.0
2021-11-05 00:00:00-04:00,47.99563371524836,47.99563371524836,47.244121611766914,47.436737060546875,15081900,0.0,0.0
2021-11-08 00:00:00-05:00,47.43358536766189,47.52515387506471,46.96310247394317,47.13361358642578,15373200,0.0,0.0
2021-11-09 00:00:00-05:00,47.21255784976621,47.32307606378047,47.007312835393286,47.297813415527344,15001800,0.0,0.0
2021-11-10 00:00:00-05:00,46.96309692096162,47.24412258829353,46.72627636091502,46.871524810791016,16803600,0.0,0.0
2021-11-11 00:00:00-05:00,46.975743247571195,47.045211022163535,46.7926025752806,46.89048767089844,13603200,0.0,0.0
2021-11-12 00:00:00-05:00,47.048362327893116,47.12414304392137,46.587350625602504,46.65681838989258,18313800,0.0,0.0
2021-11-15 00:00:00-05:00,46.779968105655186,46.874698529026325,46.227387821442136,46.388427734375,28896000,0.0,0.0
2021-11-16 00:00:00-05:00,45.81689969924891,46.31579999434065,44.93276838578461,45.20747756958008,73986600,0.0,0.0
2021-11-17 00:00:00-05:00,45.20431511954593,45.696902377587726,44.78119561962757,44.81908416748047,33116100,0.0,0.0
2021-11-18 00:00:00-05:00,44.882239039956815,45.245362015846304,44.478065620172494,45.204315185546875,24394200,0.0,0.0
2021-11-19 00:00:00-05:00,45.349567293222975,45.46955673855197,44.81908783037875,44.961181640625,28119300,0.0,0.0
2021-11-22 00:00:00-05:00,45.04643942029368,45.8989950965247,44.83803611863812,45.715850830078125,29126400,0.0,0.0
2021-11-23 00:00:00-05:00,45.548489430060606,46.094756616896674,45.232729867628095,46.04107666015625,29907900,0.0,0.0
2021-11-24 00:00:00-05:00,46.01582828711179,46.435789578082215,45.98740735425788,46.2715950012207,18089400,0.0,0.0
2021-11-26 00:00:00-05:00,46.24000525619802,46.69470032876627,45.60216956443363,45.75373458862305,21039600,0.0,0.0
2021-11-29 00:00:00-05:00,45.78532231740908,45.864264939442066,44.91066581770228,45.03696823120117,33039600,0.0,0.0
2021-11-30 00:00:00-05:00,44.67383364245449,44.99590977274002,44.20966372008011,44.40543746948242,64818900,0.0,0.0
2021-12-01 00:00:00-05:00,44.36754984687492,44.43385932633857,43.271860680847105,43.303436279296875,36621300,0.0,0.0
2021-12-02 00:00:00-05:00,43.45816378788417,43.71393049627408,42.70349679418748,42.776119232177734,39805800,0.0,0.0
2021-12-03 00:00:00-05:00,42.89926062303437,43.53709635142578,42.71927827572266,43.420265197753906,44142600,0.0,0.0
2021-12-06 00:00:00-05:00,43.43605575742585,44.00442737710249,43.29080728010158,43.890750885009766,32589300,0.0,0.0
2021-12-07 00:00:00-05:00,44.08021613241447,44.15284219112244,43.60341655323836,43.7486686706543,37739100,0.0,0.0
2021-12-08 00:00:00-05:00,43.59393329273519,43.73286880547244,42.94662273646046,43.30659103393555,34496400,0.0,0.0
2021-12-09 00:00:00-05:00,43.31609743856456,43.93114053904378,43.02443088094585,43.90895080566406,32351700,0.183333,0.0
2021-12-10 00:00:00-05:00,43.85823438989308,44.79664696258316,43.61411824926613,44.7110481262207,38575500,0.0,0.0
2021-12-13 00:00:00-05:00,44.46059014089185,45.57337492664095,44.38767167868831,45.51630783081055,54039300,0.0,0.0
2021-12-14 00:00:00-05:00,45.430710269860015,46.05843382894382,45.06612157680581,45.95064163208008,46721400,0.0,0.0
2021-12-15 00:00:00-05:00,46.03623978995151,46.43570220977949,45.46241233770317,46.21377944946289,33489900,0.0,0.0
2021-12-16 00:00:00-05:00,46.21377936851794,46.454724493941974,45.30072759357499,45.443389892578125,39069600,0.0,0.0
2021-12-17 00:00:00-05:00,45.25633610250913,45.63677611610871,43.87407821793002,43.98820877075195,78581100,0.0,0.0
2021-12-20 00:00:00-05:00,43.78848313265978,44.30524347713156,43.623627472500765,44.13087844848633,31017900,0.0,0.0
2021-12-21 00:00:00-05:00,44.03576570801926,44.34011628728747,43.753608492284705,44.26403045654297,24620400,0.0,0.0
2021-12-22 00:00:00-05:00,44.35280488003586,44.38134024648416,43.9184722941161,44.321102142333984,17028000,0.0,0.0
2021-12-23 00:00:00-05:00,44.32109184225308,44.435226025230335,44.019912275932676,44.22281265258789,17592600,0.0,0.0
2021-12-27 00:00:00-05:00,44.25769026168731,44.660323679779395,44.2481808930113,44.62544631958008,16040700,0.0,0.0
2021-12-28 00:00:00-05:00,44.57472486651074,45.32608834914635,44.57472486651074,45.26585388183594,15783000,0.0,0.0
2021-12-29 00:00:00-05:00,45.22780860677219,45.50362746105416,45.12001641292414,45.24365997314453,13045200,0.0,0.0
2021-12-30 00:00:00-05:00,45.41803503031334,45.557529976559465,45.17074787503237,45.38949966430664,14949000,0.0,0.0
2021-12-31 00:00:00-05:00,45.39900641686652,45.98234686011223,45.31023658799953,45.87138366699219,17947800,0.0,0.0
2022-01-03 00:00:00-05:00,45.652636017756734,45.90309053233506,45.3387724036248,45.858707427978516,20706600,0.0,0.0
2022-01-04 00:00:00-05:00,45.665315906664425,46.014053252036184,44.94248410702781,45.01856994628906,33930000,0.0,0.0
2022-01-05 00:00:00-05:00,45.28804903576265,46.27084831408435,45.25317530231698,45.62726974487305,35418000,0.0,0.0
2022-01-06 00:00:00-05:00,45.53215286261303,45.85552577103965,45.145374497515036,45.500450134277344,21828900,0.0,0.0
2022-01-07 00:00:00-05:00,45.494117024331956,46.08379949662945,45.32291935536112,45.934791564941406,19723500,0.0,0.0
2022-01-10 00:00:00-05:00,46.109150749530464,46.156704841542734,45.37363875219353,45.84601593017578,22731600,0.0,0.0
2022-01-11 00:00:00-05:00,45.71920493422245,45.84919048290625,45.392661005392554,45.716033935546875,21668700,0.0,0.0
2022-01-12 00:00:00-05:00,45.55118330557166,45.6399531375453,45.33560253776026,45.475093841552734,18946800,0.0,0.0
2022-01-13 00:00:00-05:00,45.471925499470174,46.18524788275826,45.37047530170863,46.11867141723633,24252600,0.0,0.0
2022-01-14 00:00:00-05:00,45.72238353987241,46.486431081279534,45.72238353987241,45.98868942260742,26867400,0.0,0.0
2022-01-18 00:00:00-05:00,45.78261022283273,45.87455104335351,45.05977853775576,45.18342208862305,21123900,0.0,0.0
2022-01-19 00:00:00-05:00,45.18976803090339,45.966499567140346,44.99320961855701,45.63361358642578,22674000,0.0,0.0
2022-01-20 00:00:00-05:00,45.12953272208419,45.798468414015325,44.72373190813476,44.77128601074219,22387200,0.0,0.0
2022-01-21 00:00:00-05:00,44.77128425890333,45.10099559326336,44.403528192687816,44.444740295410156,27508200,0.0,0.0
2022-01-24 00:00:00-05:00,44.08965983550622,44.552527681371686,43.53168379841884,44.447906494140625,28699200,0.0,0.0
2022-01-25 00:00:00-05:00,44.38132443343804,44.50179697066831,43.37316104425605,43.480953216552734,29479500,0.0,0.0
2022-01-26 00:00:00-05:00,43.541200852209386,44.00089778055119,42.85007177415473,43.0371208190918,26185500,0.0,0.0
2022-01-27 00:00:00-05:00,43.4080424359384,44.092833057326914,42.91664283355908,43.06564712524414,27759000,0.0,0.0
2022-01-28 00:00:00-05:00,43.11637632170739,43.614117969072566,42.466462997503776,43.5982666015625,25131900,0.0,0.0
2022-01-31 00:00:00-05:00,43.461945373757146,44.39719062774146,43.33830179695361,44.32427215576172,20193600,0.0,0.0
2022-02-01 00:00:00-05:00,44.134050570454924,44.74909380560414,44.06430672837568,44.67300796508789,20323200,0.0,0.0
2022-02-02 00:00:00-05:00,44.70153435327801,44.904434741238624,44.43205750227689,44.65398025512695,18149700,0.0,0.0
2022-02-03 00:00:00-05:00,44.4669283369668,45.01539499976323,44.311582057275366,44.698360443115234,20741100,0.0,0.0
2022-02-04 00:00:00-05:00,44.66666306750851,44.701536800357395,43.86140346926222,44.17209243774414,22036500,0.0,0.0
2022-02-07 00:00:00-05:00,44.40352691216471,44.40669428294022,43.626795443120315,43.73775863647461,20010300,0.0,0.0
2022-02-08 00:00:00-05:00,43.85189369769701,44.143563949846914,43.595097180961076,43.74727249145508,19458900,0.0,0.0
2022-02-09 00:00:00-05:00,43.908957139863126,44.00089434145837,43.58241317951677,43.65216064453125,21473700,0.0,0.0
2022-02-10 00:00:00-05:00,43.29073553550953,43.436568810373636,42.94516926861796,43.14173126220703,27810600,0.0,0.0
2022-02-11 00:00:00-05:00,43.37633454834479,43.490465095629276,42.5361977374683,42.90395736694336,23733300,0.0,0.0
2022-02-14 00:00:00-05:00,42.90395700324848,43.103686366339396,42.07333319477125,42.466453552246094,29363400,0.0,0.0
2022-02-15 00:00:00-05:00,42.71691475296819,43.01175234653623,42.41573516154677,42.599613189697266,21824400,0.0,0.0
2022-02-16 00:00:00-05:00,42.58693065136326,42.76129567384583,42.07016669701056,42.33330154418945,28490700,0.0,0.0
2022-02-17 00:00:00-05:00,42.48231652417531,44.21648306619184,42.412569052327925,44.0294303894043,53831400,0.0,0.0
2022-02-18 00:00:00-05:00,43.78214622686905,44.2545235264351,43.48413760437289,43.74727249145508,31103400,0.0,0.0
2022-02-22 00:00:00-05:00,43.67752200040442,43.82652992949446,43.09735253546821,43.25904083251953,25380900,0.0,0.0
2022-02-23 00:00:00-05:00,43.38901674885823,43.49363793335355,42.74861290382886,42.815189361572266,21030900,0.0,0.0
2022-02-24 00:00:00-05:00,42.45377899742355,42.802516338906706,41.85141977580058,42.65034103393555,31717500,0.0,0.0
2022-02-25 00:00:00-05:00,42.739101385696266,43.363653834510686,42.510836664815365,43.236839294433594,24997800,0.0,0.0
2022-02-28 00:00:00-05:00,42.799334420561564,43.13855867810735,42.40938507430001,42.850059509277344,26286600,0.0,0.0
2022-03-01 00:00:00-05:00,43.075164037628426,43.715567989910916,42.805687162936735,43.11320877075195,24024900,0.0,0.0
2022-03-02 00:00:00-05:00,43.008581532135864,43.37950855766409,42.85640624914621,43.16709518432617,23863800,0.0,0.0
2022-03-03 00:00:00-05:00,43.525343058438224,44.53350660398093,43.290739944131026,44.15940856933594,29885100,0.0,0.0
2022-03-04 00:00:00-05:00,43.690197160681336,45.31657103048742,43.6204497087819,45.278526306152344,35576400,0.0,0.0
2022-03-07 00:00:00-05:00,44.796646488736556,45.53533327296125,44.5271696140392,44.91394805908203,45870000,0.0,0.0
2022-03-08 00:00:00-05:00,44.860053247528285,45.16440384036232,43.93431747321581,43.985042572021484,28305600,0.0,0.0
2022-03-09 00:00:00-05:00,44.384504085489986,44.460589918070674,43.79482164930002,44.21330642700195,22122900,0.0,0.0
2022-03-10 00:00:00-05:00,44.222820176899795,45.33560506732126,44.070644868516446,45.218299865722656,27512700,0.0,0.0
2022-03-11 00:00:00-05:00,45.11367468235348,45.66847972034348,44.98051813534255,45.04075622558594,19162200,0.0,0.0
2022-03-14 00:00:00-04:00,45.024908817618304,45.92210922762977,45.01539944892564,45.66848373413086,22646400,0.0,0.0
2022-03-15 00:00:00-04:00,45.82065805045883,46.334251024366566,45.60507729263078,46.216949462890625,22872600,0.0,0.0
2022-03-16 00:00:00-04:00,46.093303993551004,46.58470358309313,45.5575213059893,46.080623626708984,24615900,0.0,0.0
2022-03-17 00:00:00-04:00,45.972419711638004,46.24293882114446,45.39955250134984,46.15064239501953,19023000,0.186667,0.0
2022-03-18 00:00:00-04:00,46.20475182928558,46.32887361762791,45.864215458898194,46.287498474121094,31233300,0.0,0.0
2022-03-21 00:00:00-04:00,46.2843049427556,46.87626802218868,45.708258178200516,45.90239715576172,21350700,0.0,0.0
2022-03-22 00:00:00-04:00,46.023334553559785,46.137906522701755,45.50457196625555,45.76554489135742,20235000,0.0,0.0
2022-03-23 00:00:00-04:00,45.55550129535019,45.74327377564977,45.03992187984737,45.17677307128906,19625400,0.0,0.0
2022-03-24 00:00:00-04:00,45.316806064749095,45.800560114387146,45.15449241302406,45.45684051513672,13440900,0.0,0.0
2022-03-25 00:00:00-04:00,45.654151916503906,45.8069157539895,45.27542376455718,45.654151916503906,14085300,0.0,0.0
2022-03-28 00:00:00-04:00,45.67006531452078,46.48480943623794,45.60641462510103,46.46571350097656,20105700,0.0,0.0
2022-03-29 00:00:00-04:00,46.65667584887271,47.13406337178926,46.54528348436404,46.857177734375,19934400,0.0,0.0
2022-03-30 00:00:00-04:00,46.825344282725915,47.79603555289465,46.79670219957603,47.6973762512207,24991500,0.0,0.0
2022-03-31 00:00:00-04:00,47.35366710243789,47.91061806792521,47.15952807725841,47.39503860473633,27163800,0.0,0.0
2022-04-01 00:00:00-04:00,47.63053883369701,48.14293492234092,47.36956953695031,48.06018829345703,20939700,0.0,0.0
2022-04-04 00:00:00-04:00,48.02836896938876,48.7571796897433,47.76421637645195,48.06974411010742,25332600,0.0,0.0
2022-04-05 00:00:00-04:00,48.01881264786717,48.79854819328904,48.01881264786717,48.20658874511719,18657900,0.0,0.0
2022-04-06 00:00:00-04:00,48.06336885978955,49.4637058726417,47.89787561130725,49.32685470581055,28018500,0.0,0.0
2022-04-07 00:00:00-04:00,49.36186834806005,50.138417032154784,49.15181668205418,49.820159912109375,27088200,0.0,0.0
2022-04-08 00:00:00-04:00,49.93791931875771,50.41530685971099,49.71513822350098,50.097049713134766,23294400,0.0,0.0
2022-04-11 00:00:00-04:00,49.95701265946692,50.3611996880823,48.89402852760257,49.10408020019531,24712800,0.0,0.0
2022-04-12 00:00:00-04:00,49.0881678429258,49.45734626182738,48.550309246890876,48.766727447509766,26761200,0.0,0.0
2022-04-13 00:00:00-04:00,48.83674365973721,50.21798490191599,48.8049183114066,50.03657531738281,29284500,0.0,0.0
2022-04-14 00:00:00-04:00,50.00156580077565,50.377110731763864,49.78515125073794,49.99201965332031,22360500,0.0,0.0
2022-04-18 00:00:00-04:00,49.886989206080436,50.27844677473771,49.39687234007402,49.610103607177734,14671800,0.0,0.0
2022-04-19 00:00:00-04:00,49.86153333394134,50.26890727101425,49.66103144983094,50.17342758178711,15855000,0.0,0.0
2022-04-20 00:00:00-04:00,50.39621092464907,51.03272886002536,50.37711498594821,50.80358123779297,19821600,0.0,0.0
2022-04-21 00:00:00-04:00,50.89587941160611,51.16639854181061,50.62536028140161,50.879966735839844,18168300,0.0,0.0
2022-04-22 00:00:00-04:00,51.00090152006188,51.03591013261813,49.85835400130575,49.92200469970703,21046200,0.0,0.0
2022-04-25 00:00:00-04:00,49.76606184108927,50.11614799666301,49.12318099089865,49.94746780395508,18057600,0.0,0.0
2022-04-26 00:00:00-04:00,49.76606587225293,50.326200124364995,49.39370412547367,49.42552947998047,19601100,0.0,0.0
2022-04-27 00:00:00-04:00,49.498718819690346,49.71195010367789,49.01814806220429,49.088165283203125,17496900,0.0,0.0
2022-04-28 00:00:00-04:00,49.40323943378303,49.9601939419676,49.043610821466984,49.71513366699219,14955900,0.0,0.0
2022-04-29 00:00:00-04:00,49.58783666938875,49.718321334226744,48.60123259789568,48.690345764160156,21088800,0.0,0.0
2022-05-02 00:00:00-04:00,49.31731264146349,49.326862431627745,47.84059529885843,48.36890411376953,20016000,0.0,0.0
2022-05-03 00:00:00-04:00,48.51212357379606,49.100899845548,48.30525515226275,48.53758239746094,17950500,0.0,0.0
2022-05-04 00:00:00-04:00,48.38481231386543,49.27275332377936,48.21931905476771,49.209102630615234,20022600,0.0,0.0
2022-05-05 00:00:00-04:00,49.07495235671948,49.13564324452735,48.35946297322336,48.787479400634766,23234400,0.186667,0.0
2022-05-06 00:00:00-04:00,48.45847543730736,49.17396474003063,47.35968646613121,47.771732330322266,34258200,0.0,0.0
2022-05-09 00:00:00-04:00,47.42357597001851,48.90246623832224,47.334138886178465,48.33071517944336,28207200,0.0,0.0
2022-05-10 00:00:00-04:00,48.36904433294766,48.643741609659756,47.45232423603269,47.650360107421875,24861300,0.0,0.0
2022-05-11 00:00:00-04:00,47.720632984115,48.151844260817676,46.92529098967857,47.152076721191406,27878700,0.0,0.0
2022-05-12 00:00:00-04:00,47.22874280032608,47.96020285471638,46.8007262826896,47.107364654541016,25244400,0.0,0.0
2022-05-13 00:00:00-04:00,47.18081849079691,47.39482486407695,46.67933552309829,47.2894172668457,19962300,0.0,0.0
2022-05-16 00:00:00-04:00,47.714245635015274,47.82604291664891,46.78155495359143,47.34053039550781,21449100,0.0,0.0
2022-05-17 00:00:00-04:00,43.5778095142946,43.900418292405966,41.72839543033212,41.95518112182617,132940200,0.0,0.0
2022-05-18 00:00:00-04:00,40.89473014487461,40.971391552121446,38.8185300005559,39.10600662231445,104253000,0.0,0.0
2022-05-19 00:00:00-04:00,38.60771395611834,38.90157655739588,37.88264012771705,38.03276443481445,71008500,0.0,0.0
2022-05-20 00:00:00-04:00,38.21483852269474,38.59813459924563,37.457823562537286,38.07429504394531,49356000,0.0,0.0
2022-05-23 00:00:00-04:00,38.30427227536484,39.534024069168666,38.28511057848351,39.160308837890625,43680900,0.0,0.0
2022-05-24 00:00:00-04:00,38.716315454693685,39.78316350571069,38.674793573850856,39.649009704589844,34584900,0.0,0.0
2022-05-25 00:00:00-04:00,39.607476849801316,39.821486849505845,39.1602988138321,39.406246185302734,27121800,0.0,0.0
2022-05-26 00:00:00-04:00,40.0227241198445,40.374079132258586,39.735251172339005,40.246315002441406,28197600,0.0,0.0
2022-05-27 00:00:00-04:00,40.08340915624059,41.08317648565891,40.02591311296348,41.03845977783203,25299900,0.0,0.0
2022-05-31 00:00:00-04:00,40.71266478312169,41.492036261189,40.69988544496999,41.08638000488281,36912300,0.0,0.0
2022-06-01 00:00:00-04:00,41.044856794508426,41.1790106093728,39.82469312185259,40.070640563964844,28534800,0.0,0.0
2022-06-02 00:00:00-04:00,40.10896759687447,40.735019894051376,39.71289220257195,40.728633880615234,23214300,0.0,0.0
2022-06-03 00:00:00-04:00,40.46032136287671,40.69988276158723,39.955647201671084,40.02911376953125,18302700,0.0,0.0
2022-06-06 00:00:00-04:00,40.18881944401937,40.34213859493181,39.795938891342686,39.8853759765625,19855500,0.0,0.0
2022-06-07 00:00:00-04:00,38.725892802236324,39.44457688008806,38.61090071788035,39.406246185302734,47707800,0.0,0.0
2022-06-08 00:00:00-04:00,39.08045416089765,39.578742374384895,38.952690014341464,39.064483642578125,22522800,0.0,0.0
2022-06-09 00:00:00-04:00,38.96866002267674,39.71928534012285,38.64605117034357,38.65563201904297,19880100,0.0,0.0
2022-06-10 00:00:00-04:00,38.24997573491487,39.2050266083462,38.11901309993028,38.872833251953125,25238100,0.0,0.0
2022-06-13 00:00:00-04:00,38.24678029174891,38.72590313819481,38.0391599042334,38.14137268066406,24897900,0.0,0.0
2022-06-14 00:00:00-04:00,38.05192959423759,38.32982167870822,37.74529131324125,38.1573371887207,21544200,0.0,0.0
2022-06-15 00:00:00-04:00,38.32024886136531,38.46078869470844,37.6590569593936,38.13179016113281,25914000,0.0,0.0
2022-06-16 00:00:00-04:00,37.80278869841182,38.89199323575149,37.76445799807774,38.527862548828125,30706800,0.0,0.0
2022-06-17 00:00:00-04:00,38.33621208715819,38.61090568736461,37.681409979393706,37.78362274169922,36838800,0.0,0.0
2022-06-21 00:00:00-04:00,37.78681899222739,39.21779771814007,37.76126397298481,39.022953033447266,23916600,0.0,0.0
2022-06-22 00:00:00-04:00,39.00059323711376,39.36791873540376,38.5182756449896,38.55021667480469,20235000,0.0,0.0
2022-06-23 00:00:00-04:00,38.888793411315746,39.594701820983545,38.713117758924525,39.48610305786133,18040800,0.0,0.0
2022-06-24 00:00:00-04:00,39.63623443326459,40.02592015851585,39.33917697383451,39.51805114746094,31845900,0.0,0.0
2022-06-27 00:00:00-04:00,39.53721436086384,39.84385633533956,39.220995193579625,39.645816802978516,19889100,0.0,0.0
2022-06-28 00:00:00-04:00,39.81828985714905,40.108957575250834,39.06127512554986,39.086830139160156,15399000,0.0,0.0
2022-06-29 00:00:00-04:00,39.2529331045361,39.39986623869467,38.639656515222434,38.94309997558594,19111500,0.0,0.0
2022-06-30 00:00:00-04:00,38.61091241965182,38.987826158716736,38.29469323037726,38.83450698852539,19166100,0.0,0.0
2022-07-01 00:00:00-04:00,38.949495279712075,39.26251963282974,38.70034934461937,39.169891357421875,17460900,0.0,0.0
2022-07-05 00:00:00-04:00,39.03573248286858,39.77038719851221,38.84408263195788,39.687339782714844,18218100,0.0,0.0
2022-07-06 00:00:00-04:00,39.76080157468583,40.33575111121091,39.703309179825055,39.968421936035156,21300000,0.0,0.0
2022-07-07 00:00:00-04:00,39.98758823411024,40.09619066873685,39.64581406942768,40.02911376953125,17487300,0.0,0.0
2022-07-08 00:00:00-04:00,40.18881458100725,40.44115528970927,39.97480822466585,40.05466079711914,14751000,0.0,0.0
2022-07-11 00:00:00-04:00,39.93329191438136,40.35172753257005,39.80552776895521,40.070640563964844,11532900,0.0,0.0
2022-07-12 00:00:00-04:00,39.96203241816079,40.60724997454858,39.83745948119326,39.94925308227539,13732200,0.0,0.0
2022-07-13 00:00:00-04:00,39.74802465820534,40.393242251135,39.578735002300526,40.045082092285156,12689100,0.0,0.0
2022-07-14 00:00:00-04:00,39.65858373019525,40.98735314150954,39.65219771792708,40.82764434814453,20905500,0.0,0.0
2022-07-15 00:00:00-04:00,41.14068263784166,41.610220979353855,40.90112121511419,41.226924896240234,21184200,0.0,0.0
2022-07-18 00:00:00-04:00,41.092761372246294,41.619799348899676,40.96819208268884,41.1310920715332,14243700,0.0,0.0
2022-07-19 00:00:00-04:00,41.329133078932394,41.51119842401942,41.07679600107783,41.3834342956543,16995300,0.0,0.0
2022-07-20 00:00:00-04:00,41.686875492087715,41.942407390357836,41.364266698985226,41.728397369384766,18564900,0.0,0.0
2022-07-21 00:00:00-04:00,41.741179635185574,42.341680552116635,41.68368358325859,42.33848571777344,18764700,0.0,0.0
2022-07-22 00:00:00-04:00,42.33529270668231,42.60679515087713,41.9168571197073,42.22988510131836,13616400,0.0,0.0
2022-07-25 00:00:00-04:00,42.28738036818865,42.38639830274697,41.99032290909673,42.16919708251953,20535300,0.0,0.0
2022-07-26 00:00:00-04:00,38.690758800438545,39.189046890343,38.34898467558151,38.96226119995117,95391600,0.0,0.0
2022-07-27 00:00:00-04:00,38.72590886966694,40.49227618688279,38.65883195367044,40.43478012084961,42159600,0.0,0.0
2022-07-28 00:00:00-04:00,40.33255756160007,41.686878549468005,40.33255756160007,41.444122314453125,33262200,0.0,0.0
2022-07-29 00:00:00-04:00,40.98736960876413,42.24586414741613,40.88834799695305,42.17878723144531,30141900,0.0,0.0
2022-08-01 00:00:00-04:00,41.86255589135847,42.875099008129105,41.84339054156811,42.335289001464844,24996300,0.0,0.0
2022-08-02 00:00:00-04:00,42.5301330167832,42.709007190474466,41.9711576209777,42.380008697509766,19695000,0.0,0.0
2022-08-03 00:00:00-04:00,42.213906781212025,42.46304899340512,41.479252169361,41.683677673339844,32003100,0.0,0.0
2022-08-04 00:00:00-04:00,41.73798508907115,41.77950696956888,40.03230907971077,40.10896682739258,53106000,0.0,0.0
2022-08-05 00:00:00-04:00,40.089805387755334,40.505046165744545,39.965236078692364,40.43157958984375,32007000,0.0,0.0
2022-08-08 00:00:00-04:00,40.453928465689565,40.95221652886497,40.44115278597128,40.76056671142578,18175200,0.0,0.0
2022-08-09 00:00:00-04:00,40.8500083977491,41.19497737704982,40.632803540905456,41.16303634643555,19325100,0.0,0.0
2022-08-10 00:00:00-04:00,41.523980139313466,41.57189169441206,41.009721406003756,41.24928283691406,25251000,0.0,0.0
2022-08-11 00:00:00-04:00,41.60858563768625,41.82352776161826,41.25570035072862,41.6470832824707,23854500,0.186667,0.0
2022-08-12 00:00:00-04:00,41.70483087991861,42.61592110713518,41.647088077431285,42.417022705078125,26625000,0.0,0.0
2022-08-15 00:00:00-04:00,42.2277388152459,42.850103897156444,42.141120956718794,42.53892135620117,26516100,0.0,0.0
2022-08-16 00:00:00-04:00,44.55999928051291,45.211235750170744,44.33222585216514,44.71078109741211,91773300,0.0,0.0
2022-08-17 00:00:00-04:00,44.45413098865041,45.7854789463509,44.399593277213114,44.7588996887207,41792100,0.0,0.0
2022-08-18 00:00:00-04:00,44.76210950726156,45.04762941757719,44.431681797756255,44.614540100097656,19197600,0.0,0.0
2022-08-19 00:00:00-04:00,44.566416220108174,44.61453643557845,43.92159358452768,43.95688247680664,22918800,0.0,0.0
2022-08-22 00:00:00-04:00,43.693829652891644,43.86064789061988,43.1292073011882,43.17091369628906,18667200,0.0,0.0
2022-08-23 00:00:00-04:00,43.183738158960516,43.29602233018148,42.73460881675068,42.9880485534668,16955100,0.0,0.0
2022-08-24 00:00:00-04:00,43.1003304510793,43.401890411810875,42.85972570075966,43.299232482910156,15766500,0.0,0.0
2022-08-25 00:00:00-04:00,43.39867969755686,43.626453114281944,43.31847567019147,43.587955474853516,19414500,0.0,0.0
2022-08-26 00:00:00-04:00,43.664950383335956,43.89593256603125,42.18924169283122,42.218116760253906,21331800,0.0,0.0
2022-08-29 00:00:00-04:00,41.97109570213523,42.94634608406152,41.89410041526185,42.628746032714844,17381700,0.0,0.0
2022-08-30 00:00:00-04:00,42.776320916822435,42.8757701071229,42.26303122042894,42.50042724609375,14468100,0.0,0.0
2022-08-31 00:00:00-04:00,42.59666723792995,42.920684797238174,42.32398231905691,42.522884368896484,22460700,0.0,0.0
2022-09-01 00:00:00-04:00,42.51967513275531,43.35376995320169,42.474759990723534,43.14204025268555,21741900,0.0,0.0
2022-09-02 00:00:00-04:00,43.26073767184735,43.52379633727899,42.48759440585919,42.66724395751953,17234400,0.0,0.0
2022-09-06 00:00:00-04:00,42.68328276433653,42.86614473077356,41.935805840094496,42.45551300048828,21899700,0.0,0.0
2022-09-07 00:00:00-04:00,42.68649208961492,43.62003974167077,42.58383415565714,43.5462532043457,17058900,0.0,0.0
2022-09-08 00:00:00-04:00,43.43718106004912,43.90876804498419,43.2703628225774,43.76761245727539,16956000,0.0,0.0
2022-09-09 00:00:00-04:00,43.725899893005284,44.11086525217519,43.671362185360884,43.89913558959961,16140600,0.0,0.0
2022-09-12 00:00:00-04:00,43.976131656349125,44.35147447995412,43.940842763782015,44.293731689453125,14284500,0.0,0.0
2022-09-13 00:00:00-04:00,43.90555364401129,44.25523381921457,43.247903354609775,43.379432678222656,17687400,0.0,0.0
2022-09-14 00:00:00-04:00,43.51096512342765,43.79969010916382,43.020133014809915,43.2831916809082,19934700,0.0,0.0
2022-09-15 00:00:00-04:00,43.3248996969705,43.356979844216866,42.65762308876854,42.81802749633789,20189400,0.0,0.0
2022-09-16 00:00:00-04:00,42.346431100021306,43.164485686827945,42.115448951360314,42.72819137573242,41874300,0.0,0.0
2022-09-19 00:00:00-04:00,42.60949958365489,43.23186100067171,42.497215405609694,43.09391784667969,16853100,0.0,0.0
2022-09-20 00:00:00-04:00,42.82122376845981,42.94954800239487,42.51966750928441,42.84368133544922,13963500,0.0,0.0
2022-09-21 00:00:00-04:00,43.45000754873729,44.09482647166019,43.18694524781838,43.23506546020508,24903600,0.0,0.0
2022-09-22 00:00:00-04:00,43.17090613707297,43.21902635052978,42.61591012972829,42.792354583740234,16744500,0.0,0.0
2022-09-23 00:00:00-04:00,42.625538976062366,42.72498815754183,41.31023103329953,41.72407150268555,27195300,0.0,0.0
2022-09-26 00:00:00-04:00,41.303816677785385,42.39134750540581,41.149829784499666,42.12508010864258,23011200,0.0,0.0
2022-09-27 00:00:00-04:00,42.420221857437916,42.80518724849951,41.80106554607126,42.00959014892578,17171700,0.0,0.0
2022-09-28 00:00:00-04:00,42.157156354815484,42.87576179037622,41.6149953654575,42.7025260925293,16838400,0.0,0.0
2022-09-29 00:00:00-04:00,42.827648727551086,43.02655077410724,42.22774118166602,42.426639556884766,15241500,0.0,0.0
2022-09-30 00:00:00-04:00,42.423427255072156,42.461921221201784,41.608577728271484,41.608577728271484,19602300,0.0,0.0
2022-10-03 00:00:00-04:00,41.78181114065583,42.59986569972863,41.708024618103096,42.516456604003906,17574900,0.0,0.0
2022-10-04 00:00:00-04:00,42.943137058781396,43.373017617490916,42.78594507987861,43.06825256347656,16134300,0.0,0.0
2022-10-05 00:00:00-04:00,42.91105098201927,43.18694460117628,42.51004187546071,42.64157485961914,14553900,0.0,0.0
2022-10-06 00:00:00-04:00,42.69290373135828,43.14203304865406,42.21169427301806,42.2437744140625,14200500,0.0,0.0
2022-10-07 00:00:00-04:00,42.1250813690559,42.234153127144424,41.08566705477438,41.242862701416016,17080500,0.0,0.0
2022-10-10 00:00:00-04:00,41.55404047839422,41.68236471425095,41.15303137159587,41.486671447753906,11411700,0.0,0.0
2022-10-11 00:00:00-04:00,41.547622970557704,42.92388231842038,41.53158289999699,42.561370849609375,21276000,0.0,0.0
2022-10-12 00:00:00-04:00,42.67044306574208,43.235061584067594,42.015997956212445,42.08015823364258,16947600,0.0,0.0
2022-10-13 00:00:00-04:00,41.473845005596154,42.64799372872436,41.18191128135875,42.43626403808594,20545500,0.0,0.0
2022-10-14 00:00:00-04:00,42.48759227256238,42.73781960131241,41.72086287146179,41.842769622802734,16641000,0.0,0.0
2022-10-17 00:00:00-04:00,42.01279227241824,42.612703392690726,41.89409428198025,42.144325256347656,17812500,0.0,0.0
2022-10-18 00:00:00-04:00,42.80518936470344,43.34093659568198,42.77310921980708,43.032962799072266,16842300,0.0,0.0
2022-10-19 00:00:00-04:00,43.09391465539797,43.22223522499011,42.65761664184338,42.91105270385742,11339400,0.0,0.0
2022-10-20 00:00:00-04:00,42.98163310401536,43.437176293689895,42.875766424850504,43.01692199707031,12754800,0.0,0.0
2022-10-21 00:00:00-04:00,43.24789774718602,44.081992390363226,42.988044210956865,43.88629913330078,18134700,0.0,0.0
2022-10-24 00:00:00-04:00,44.09483114885372,45.06687643032072,43.99217321633829,44.72361373901367,18806700,0.0,0.0
2022-10-25 00:00:00-04:00,44.62095327543813,45.054038879627065,44.37393103312481,44.935340881347656,15051300,0.0,0.0
2022-10-26 00:00:00-04:00,45.02838287303519,45.56733890330712,44.85514713728127,45.27861022949219,20754300,0.0,0.0
2022-10-27 00:00:00-04:00,45.23690225959383,45.58658243960696,45.005920081596585,45.14707565307617,16602900,0.0,0.0
2022-10-28 00:00:00-04:00,44.928929629971705,45.84322477683765,44.925720881203006,45.71811294555664,13648200,0.0,0.0
2022-10-31 00:00:00-04:00,45.66357099212321,45.89775823177961,45.48071271398992,45.660362243652344,22572000,0.0,0.0
2022-11-01 00:00:00-04:00,45.86567931053641,46.051746342093054,45.39409607020076,45.455047607421875,14814300,0.0,0.0
2022-11-02 00:00:00-04:00,45.28502129587174,46.058164498840554,45.13745190220288,45.15349197387695,15522000,0.0,0.0
2022-11-03 00:00:00-04:00,44.75569333738566,45.4614675326436,44.61774651279428,45.14386749267578,10976400,0.0,0.0
2022-11-04 00:00:00-04:00,45.564125440900824,45.62186823262057,44.52471113389878,45.22407150268555,14669400,0.0,0.0
2022-11-07 00:00:00-05:00,45.3171036502783,45.86568220523865,45.3171036502783,45.6988639831543,11364000,0.0,0.0
2022-11-08 00:00:00-05:00,45.740568586118606,46.218569335047256,45.397302237756264,45.80793762207031,15068400,0.0,0.0
2022-11-09 00:00:00-05:00,45.79831342612673,45.92663767784445,44.65944991856401,44.742862701416016,15932100,0.0,0.0
2022-11-10 00:00:00-05:00,45.718110754763515,45.77585354448397,45.07328812263414,45.66999053955078,20310600,0.0,0.0
2022-11-11 00:00:00-05:00,45.7694452814259,45.9138096159473,44.90968411498244,45.74057388305664,19270800,0.0,0.0
2022-11-14 00:00:00-05:00,45.43901616417153,45.97797221251761,44.35789898965152,44.39639663696289,37525800,0.0,0.0
2022-11-15 00:00:00-05:00,46.71261402353352,48.20757160412164,46.37256006698571,47.29969024658203,76548600,0.0,0.0
2022-11-16 00:00:00-05:00,47.4408417595665,48.18511363040924,47.19703191534011,47.63974380493164,32593200,0.0,0.0
2022-11-17 00:00:00-05:00,47.161739426179,47.71352670734875,47.06549532403479,47.47933578491211,24791400,0.0,0.0
2022-11-18 00:00:00-05:00,48.01508326990384,48.197945229358965,47.72635830448806,48.19473648071289,18987000,0.0,0.0
2022-11-21 00:00:00-05:00,48.31664755048374,48.80747966844814,48.18190579465949,48.4898796081543,21157200,0.0,0.0
2022-11-22 00:00:00-05:00,48.76255785011875,48.906918479434204,48.48024674531875,48.66310501098633,16898400,0.0,0.0
2022-11-23 00:00:00-05:00,48.78821768454806,49.202058073165404,48.724057408546244,48.89729309082031,16920600,0.0,0.0
2022-11-25 00:00:00-05:00,48.80106987121257,49.11224878799563,48.71765707741709,49.1058349609375,8777400,0.0,0.0
2022-11-28 00:00:00-05:00,48.99354268500163,49.60949026123991,48.99354268500163,49.246978759765625,17674800,0.0,0.0
2022-11-29 00:00:00-05:00,49.09299087648871,49.31114172551359,48.93900398553196,49.07374572753906,13841700,0.0,0.0
2022-11-30 00:00:00-05:00,48.95824461875475,49.009573573823495,48.505910267338194,48.89729309082031,31338000,0.0,0.0
2022-12-01 00:00:00-05:00,48.778601497241986,49.27905979251088,48.355134808986875,49.202064514160156,22732200,0.0,0.0
2022-12-02 00:00:00-05:00,48.59574115039987,49.1603634200382,48.59574115039987,49.15394592285156,20733000,0.0,0.0
2022-12-05 00:00:00-05:00,49.00316892554554,49.083369285566434,48.28455974867715,48.6502799987793,23608200,0.0,0.0
2022-12-06 00:00:00-05:00,48.50592081796015,48.73369058157656,47.86751565313918,48.085662841796875,20625600,0.0,0.0
2022-12-07 00:00:00-05:00,48.28135841939779,48.50912819380619,47.74240241274197,47.8354377746582,17550300,0.0,0.0
2022-12-08 00:00:00-05:00,48.03186261636785,48.07050169933158,47.703406457524366,47.90949630737305,13512600,0.186667,0.0
2022-12-09 00:00:00-05:00,47.48765421647208,47.56816059787169,46.76311889493887,46.7921028137207,27929400,0.0,0.0
2022-12-12 00:00:00-05:00,46.982089002550914,47.69052747850297,46.87260607141244,47.664764404296875,19432200,0.0,0.0
2022-12-13 00:00:00-05:00,48.30234981365816,48.36675196402921,47.25257928486726,47.49409103393555,23408100,0.0,0.0
2022-12-14 00:00:00-05:00,47.36528750648684,47.828989666124784,47.001409426355785,47.23004150390625,20334600,0.0,0.0
2022-12-15 00:00:00-05:00,46.879048499589885,47.149540514539204,46.25111639611204,46.808204650878906,17514000,0.0,0.0
2022-12-16 00:00:00-05:00,46.524827337013114,46.602112872483566,45.90977863879893,45.96773910522461,40343100,0.0,0.0
2022-12-19 00:00:00-05:00,46.051460124932795,46.22856972971224,45.63928045212024,45.98383712768555,15067500,0.0,0.0
2022-12-20 00:00:00-05:00,46.02248209269201,46.576349475797095,45.80673339715861,46.38636016845703,17009400,0.0,0.0
2022-12-21 00:00:00-05:00,46.473299037843425,46.99496528121395,46.45397765640266,46.7502326965332,13726500,0.0,0.0
2022-12-22 00:00:00-05:00,46.61821272895295,46.68583572891091,45.70368812194645,46.20281219482422,13082400,0.0,0.0
2022-12-23 00:00:00-05:00,46.0643467442076,46.30585851856006,45.8163932800729,46.29619598388672,9547500,0.0,0.0
2022-12-27 00:00:00-05:00,46.383146862924086,46.51517572570105,46.1094339716997,46.309085845947266,10044600,0.0,0.0
2022-12-28 00:00:00-05:00,46.19959366332157,46.26399582171062,45.375234243374344,45.49760055541992,15246300,0.0,0.0
2022-12-29 00:00:00-05:00,45.771315158215,46.054686877033255,45.64572799642806,45.774532318115234,9171900,0.0,0.0
2022-12-30 00:00:00-05:00,45.58453885533025,45.723005688480335,45.34302710844881,45.658599853515625,11505900,0.0,0.0
2023-01-03 00:00:00-05:00,45.9033439659171,46.27688095065084,45.7552182471924,46.24146270751953,17249700,0.0,0.0
2023-01-04 00:00:00-05:00,46.18349725207916,46.38636628024557,45.748775273738545,46.2929801940918,13338300,0.0,0.0
2023-01-05 00:00:00-05:00,46.196374186339604,46.412122897402625,45.93554101492736,46.13519287109375,13274400,0.0,0.0
2023-01-06 00:00:00-05:00,46.563467917955904,47.513414416633786,46.44754330537163,47.26546096801758,21231900,0.0,0.0
2023-01-09 00:00:00-05:00,47.11733392952821,47.613237127381765,46.627868735692346,46.676170349121094,17756700,0.0,0.0
2023-01-10 00:00:00-05:00,46.672960930816835,46.83719087889298,46.283323398223104,46.64720153808594,11970600,0.0,0.0
2023-01-11 00:00:00-05:00,46.930572681297186,47.072256698727465,46.605333660246735,47.056156158447266,14834700,0.0,0.0
2023-01-12 00:00:00-05:00,47.146320536164936,47.149541381197785,46.495849876269844,46.63109588623047,12472800,0.0,0.0
2023-01-13 00:00:00-05:00,46.86294163917373,46.956327712270934,46.32517848449226,46.78565979003906,13699800,0.0,0.0
2023-01-17 00:00:00-05:00,46.78566422412314,46.92091023680949,46.4346658120162,46.502288818359375,15122400,0.0,0.0
2023-01-18 00:00:00-05:00,46.43465947469608,46.45076001281006,45.2367632242373,45.35268783569336,22674300,0.0,0.0
2023-01-19 00:00:00-05:00,45.529807680040044,45.57488845986273,44.69256476910447,44.705448150634766,17342100,0.0,0.0
2023-01-20 00:00:00-05:00,44.88898932491275,45.333370108980304,44.492910159082584,45.25608825683594,29543100,0.0,0.0
2023-01-23 00:00:00-05:00,45.23032652050533,46.05146511036052,45.146602976048676,45.93231964111328,13149900,0.0,0.0
2023-01-24 00:00:00-05:00,47.19139869723043,47.19139869723043,45.40421306143626,46.054683685302734,13669200,0.0,0.0
2023-01-25 00:00:00-05:00,45.80351516788956,45.996725331081095,45.207784138480456,45.835716247558594,12491700,0.0,0.0
2023-01-26 00:00:00-05:00,46.0579116154911,46.28976457337548,45.648952700315675,45.79385757446289,15819000,0.0,0.0
2023-01-27 00:00:00-05:00,45.91944043853471,46.5216094812531,45.6457275723152,46.14485168457031,18412800,0.0,0.0
2023-01-30 00:00:00-05:00,45.76487346805967,45.87113924455805,45.49116059929699,45.774532318115234,15897600,0.0,0.0
2023-01-31 00:00:00-05:00,45.82928321757638,46.33162826272787,45.616755314565474,46.32841110229492,14103600,0.0,0.0
2023-02-01 00:00:00-05:00,46.260767083271006,46.88869907595199,45.95163235353852,46.586002349853516,12849300,0.0,0.0
2023-02-02 00:00:00-05:00,46.502289591095256,46.64719814148287,46.0289285388271,46.24789810180664,17806800,0.0,0.0
2023-02-03 00:00:00-05:00,46.16417201248536,46.35738217397371,45.359133972324116,45.63284683227539,17155500,0.0,0.0
2023-02-06 00:00:00-05:00,45.6682654461228,45.758430672971556,45.09185584841591,45.30116653442383,17454000,0.0,0.0
2023-02-07 00:00:00-05:00,45.008136254012975,45.5008186723368,44.66035869511269,45.39777374267578,16341300,0.0,0.0
2023-02-08 00:00:00-05:00,45.18847139755255,45.436421212283655,45.07898476652151,45.15304946899414,11691300,0.0,0.0
2023-02-09 00:00:00-05:00,45.362355881916145,45.70690891349479,45.26574895631603,45.57166290283203,13064400,0.0,0.0
2023-02-10 00:00:00-05:00,46.077221348428715,46.35093417110073,45.78096629918637,46.28009033203125,15002700,0.0,0.0
2023-02-13 00:00:00-05:00,46.598892971185066,47.052936288324624,46.53448712859654,46.98530960083008,16015800,0.0,0.0
2023-02-14 00:00:00-05:00,46.92735268155102,47.37817150269511,46.550594872959,46.850067138671875,13831200,0.0,0.0
2023-02-15 00:00:00-05:00,46.67938861863505,47.207496548151425,46.55058432326391,47.19783401489258,14674200,0.0,0.0
2023-02-16 00:00:00-05:00,46.846844212780844,47.011074141515856,46.42822649137048,46.45720672607422,16312200,0.0,0.0
2023-02-17 00:00:00-05:00,46.72769889864491,47.23648554121389,46.55381011949148,47.15597915649414,24770700,0.0,0.0
2023-02-21 00:00:00-05:00,46.00959974093096,47.76780502217726,45.774525990065484,47.442569732666016,54393900,0.0,0.0
2023-02-22 00:00:00-05:00,47.26224092975787,47.519853231661294,45.97095857549627,46.44754409790039,29844000,0.0,0.0
2023-02-23 00:00:00-05:00,46.489408907414244,46.489408907414244,45.310830199169494,45.75521469116211,22021200,0.0,0.0
2023-02-24 00:00:00-05:00,45.352691568177974,45.96452312239328,44.93084932748515,45.87757873535156,20623500,0.0,0.0
2023-02-27 00:00:00-05:00,45.95486881581544,46.07723514856812,45.29473552508654,45.5459098815918,16647300,0.0,0.0
2023-02-28 00:00:00-05:00,45.404215013653115,45.93554019699018,45.38811447386577,45.76809310913086,18054000,0.0,0.0
2023-03-01 00:00:00-05:00,45.423538870444105,45.49438272343478,44.87933396269626,45.1305046081543,14180100,0.0,0.0
2023-03-02 00:00:00-05:00,45.030674364724064,45.320487742237255,44.92118775503322,45.243202209472656,14785500,0.0,0.0
2023-03-03 00:00:00-05:00,45.417096217083895,45.465397838050386,45.00813733365252,45.297950744628906,16888800,0.0,0.0
2023-03-06 00:00:00-05:00,45.24320610140288,45.39777349505132,45.08863870775445,45.291507720947266,16720800,0.0,0.0
2023-03-07 00:00:00-05:00,45.462177188284706,45.62318257914697,44.6925574162898,44.8406867980957,17387400,0.0,0.0
2023-03-08 00:00:00-05:00,44.618492987384606,44.73441759694701,44.20630963693971,44.47036361694336,19090800,0.0,0.0
2023-03-09 00:00:00-05:00,44.70544435559866,44.753745976703605,44.09039192096117,44.170894622802734,15415800,0.0,0.0
2023-03-10 00:00:00-05:00,44.12259544482428,44.52833719196268,43.82312316628498,44.10649490356445,20065200,0.0,0.0
2023-03-13 00:00:00-04:00,44.013103967593814,44.59917240024497,43.98090289131763,44.235294342041016,28142100,0.0,0.0
2023-03-14 00:00:00-04:00,44.33833846952998,44.52510691970743,44.116148099045,44.47036361694336,25542600,0.0,0.0
2023-03-15 00:00:00-04:00,44.08072599836916,45.02100993462015,44.022761851236694,44.96626663208008,33133500,0.0,0.0
2023-03-16 00:00:00-04:00,45.082668360715324,45.15380256656456,44.581498574280346,44.71083450317383,28905600,0.19,0.0
2023-03-17 00:00:00-04:00,44.6817331994949,45.102070356292614,44.487734850463326,45.07297134399414,43081200,0.0,0.0
2023-03-20 00:00:00-04:00,45.29930759684594,45.88777815112935,45.2055387655514,45.55797576904297,33928500,0.0,0.0
2023-03-21 00:00:00-04:00,45.7164106630032,45.7164106630032,45.11500392562653,45.402774810791016,19013400,0.0,0.0
2023-03-22 00:00:00-04:00,45.47390989215854,45.661443857833625,45.09237386878176,45.11177444458008,18548400,0.0,0.0
2023-03-23 00:00:00-04:00,45.33163975672042,45.78754402004832,45.10207060211093,45.47713851928711,22044300,0.0,0.0
2023-03-24 00:00:00-04:00,45.593545807275866,46.06561663951193,45.4609795168341,45.84897994995117,22752300,0.0,0.0
2023-03-27 00:00:00-04:00,46.169081823071025,46.877186189199236,46.165847777054275,46.61528396606445,26775600,0.0,0.0
2023-03-28 00:00:00-04:00,46.44715184552086,46.69288756514681,46.253153467135824,46.43421936035156,21282900,0.0,0.0
2023-03-29 00:00:00-04:00,46.679943423893455,46.870711408562386,46.38247413758718,46.63467788696289,24216900,0.0,0.0
2023-03-30 00:00:00-04:00,47.045320708353685,47.400991773103094,46.89011979835801,47.10028839111328,21879000,0.0,0.0
2023-03-31 00:00:00-04:00,47.39452421747735,47.995927287984,47.35895711059974,47.67582702636719,20868000,0.0,0.0
2023-04-03 00:00:00-04:00,47.7663499386205,48.16082209287045,47.69198539174732,48.076751708984375,19766700,0.0,0.0
2023-04-04 00:00:00-04:00,48.025027870162646,48.10909827118589,47.53679419661456,47.60469436645508,18113700,0.0,0.0
2023-04-05 00:00:00-04:00,47.58528959215098,48.461527330599566,47.5755874542971,48.39362716674805,26540700,0.0,0.0
2023-04-06 00:00:00-04:00,48.11232279748867,48.83659735531575,48.02179171550642,48.758995056152344,17891700,0.0,0.0
2023-04-10 00:00:00-04:00,48.61673020696963,48.862465905302024,48.42596219119599,48.66522979736328,14519100,0.0,0.0
2023-04-11 00:00:00-04:00,48.82366799280029,48.82366799280029,48.37746581111829,48.52296829223633,18370500,0.0,0.0
2023-04-12 00:00:00-04:00,48.43243638873028,48.8139724683738,48.231966209437815,48.28693389892578,11209800,0.0,0.0
2023-04-13 00:00:00-04:00,48.38716008043378,48.50032948939249,47.91832701563238,48.33543014526367,13272600,0.0,0.0
2023-04-14 00:00:00-04:00,48.18669325386301,48.46476200477615,47.90215641096344,48.00885772705078,10464900,0.0,0.0
2023-04-17 00:00:00-04:00,48.060590269283196,48.39362669366394,48.01532472725183,48.34512710571289,16166700,0.0,0.0
2023-04-18 00:00:00-04:00,48.429197194883066,48.610266776270926,48.319261827591745,48.45183181762695,13482300,0.0,0.0
2023-04-19 00:00:00-04:00,48.77193721052058,48.95624085743966,48.425968242089006,48.503570556640625,12433500,0.0,0.0
2023-04-20 00:00:00-04:00,48.5682291528236,48.949765172872105,48.37099675111062,48.81396484375,13641600,0.0,0.0
2023-04-21 00:00:00-04:00,49.13406456766485,49.24399992829837,48.88186448773557,49.05970001220703,25335000,0.0,0.0
2023-04-24 00:00:00-04:00,49.05322611915384,49.45416266314587,49.05322611915384,49.39272689819336,13579500,0.0,0.0
2023-04-25 00:00:00-04:00,49.56411028373062,49.712843114167065,48.93037040555701,49.007972717285156,17246700,0.0,0.0
2023-04-26 00:00:00-04:00,48.81719791461908,48.956232286949074,48.571462228601206,48.79456329345703,12910200,0.0,0.0
2023-04-27 00:00:00-04:00,48.75252733930887,49.12759895434703,48.75252733930887,48.946529388427734,12861000,0.0,0.0
2023-04-28 00:00:00-04:00,48.91743211358412,49.20196525548723,48.558530715149786,48.81396484375,14088600,0.0,0.0
2023-05-01 00:00:00-04:00,48.836602975587226,49.32160630033038,48.8010358677577,49.014434814453125,11409600,0.0,0.0
2023-05-02 00:00:00-04:00,48.975631467998824,48.982095859374404,48.32572516689245,48.88186264038086,11329500,0.0,0.0
2023-05-03 00:00:00-04:00,49.00473558382958,49.17933707393689,48.587632435271175,48.700801849365234,12334500,0.0,0.0
2023-05-04 00:00:00-04:00,48.86308317897697,49.005892049502165,48.51904632859396,48.83711624145508,14011200,0.19,0.0
2023-05-05 00:00:00-04:00,48.78194181560279,49.3369456638003,48.629397658506626,49.25905227661133,14556000,0.0,0.0
2023-05-08 00:00:00-04:00,49.09676883223177,49.64203739665984,49.02861072597054,49.567386627197266,14926200,0.0,0.0
2023-05-09 00:00:00-04:00,49.567381689193226,49.71668321324465,49.44404710102208,49.65176773071289,15209700,0.0,0.0
2023-05-10 00:00:00-04:00,49.882203123035815,50.0964163901935,49.083776581877515,49.51219940185547,15827700,0.0,0.0
2023-05-11 00:00:00-04:00,49.51220466710837,49.74589223016199,49.333697306498124,49.697208404541016,11926800,0.0,0.0
2023-05-12 00:00:00-04:00,49.85300292350274,50.005547075237786,49.56413884888601,49.68098449707031,16119300,0.0,0.0
2023-05-15 00:00:00-04:00,49.820544460242324,49.93414005670707,49.13246707576406,49.29475021362305,16113900,0.0,0.0
2023-05-16 00:00:00-04:00,48.96044998490047,49.181152235472204,48.54500870648873,48.61316680908203,15512100,0.0,0.0
2023-05-17 00:00:00-04:00,49.054576139560204,49.05781875672186,48.26588473033354,48.53202819824219,26985900,0.0,0.0
2023-05-18 00:00:00-04:00,49.268788889592635,50.07695462527192,48.668347525490994,49.161685943603516,46768500,0.0,0.0
2023-05-19 00:00:00-04:00,49.13896055143926,49.15843482545157,48.39571037926958,48.65536117553711,27594000,0.0,0.0
2023-05-22 00:00:00-04:00,48.58720100803921,48.710535595315115,48.12956487405065,48.226932525634766,16117800,0.0,0.0
2023-05-23 00:00:00-04:00,48.03869505284197,48.31457383101059,47.73685304851886,48.13606643676758,16302300,0.0,0.0
2023-05-24 00:00:00-04:00,48.20097342772737,48.21070870798348,47.48368644714829,47.91535568237305,20515200,0.0,0.0
2023-05-25 00:00:00-04:00,47.671931543945476,47.85368896146484,47.090964502848536,47.43824768066406,21299100,0.0,0.0
2023-05-26 00:00:00-04:00,47.28894882274153,47.652459963995966,47.21430176698432,47.52263641357422,15720900,0.0,0.0
2023-05-30 00:00:00-04:00,47.483681799069316,47.80500173113958,47.256486900505685,47.40578842163086,15742500,0.0,0.0
2023-05-31 00:00:00-04:00,47.198068233192124,47.811494884704395,47.06499835643038,47.6686897277832,30130800,0.0,0.0
2023-06-01 00:00:00-04:00,47.45447025008065,48.00298134329707,47.366837882688586,47.84394454956055,20239200,0.0,0.0
2023-06-02 00:00:00-04:00,47.782284549873864,48.36325159124849,47.743336001195665,48.30158615112305,19178100,0.0,0.0
2023-06-05 00:00:00-04:00,48.48009308360645,49.090273341379735,48.48009308360645,48.61965560913086,15553200,0.0,0.0
2023-06-06 00:00:00-04:00,48.587203586350306,48.74623668284266,48.20097186209625,48.61316680908203,15015600,0.0,0.0
2023-06-07 00:00:00-04:00,48.4411474609375,48.801412241235376,48.372989359647036,48.6845703125,24256500,0.0,0.0
2023-06-08 00:00:00-04:00,48.81114579367999,49.47325617326251,48.61640679127263,49.38886642456055,18873000,0.0,0.0
2023-06-09 00:00:00-04:00,49.38563132605783,49.89195132366098,49.203873905651335,49.68747329711914,15603900,0.0,0.0
2023-06-12 00:00:00-04:00,49.797829653728066,50.08020108360745,49.713443600803515,50.015289306640625,14713500,0.0,0.0
2023-06-13 00:00:00-04:00,50.151604116398175,50.47292037483625,50.0055489079838,50.404762268066406,15738900,0.0,0.0
2023-06-14 00:00:00-04:00,50.60274096262435,51.0636197054158,50.50536959841648,50.91432189941406,21103200,0.0,0.0
2023-06-15 00:00:00-04:00,50.95651322133831,51.3557265299949,50.95002427326266,51.19344711303711,18160500,0.0,0.0
2023-06-16 00:00:00-04:00,51.30704446200193,51.32976506688924,50.39826483856461,50.479408264160156,34675800,0.0,0.0
2023-06-20 00:00:00-04:00,50.21001663343155,50.45343947259084,49.943873190220486,50.034751892089844,19994400,0.0,0.0
2023-06-21 00:00:00-04:00,50.05098242767527,50.417739871020935,49.77510369090882,50.13212585449219,19251000,0.0,0.0
2023-06-22 00:00:00-04:00,50.300900057258474,50.65792223585407,50.13861691113883,50.55081558227539,13307400,0.0,0.0
2023-06-23 00:00:00-04:00,50.593004128618084,50.72607771299286,50.313879063203856,50.456687927246094,18975000,0.0,0.0
2023-06-26 00:00:00-04:00,50.518351328031635,50.56054620501087,50.08668213631542,50.32361602783203,14106300,0.0,0.0
2023-06-27 00:00:00-04:00,50.031515594455236,50.58327686438353,50.00230603648638,50.141868591308594,12093600,0.0,0.0
2023-06-28 00:00:00-04:00,50.219762150693505,50.52809679652526,50.19054888044984,50.41450119018555,18889800,0.0,0.0
2023-06-29 00:00:00-04:00,50.14835453104528,50.226247913297684,49.70369998574071,50.07370376586914,21530400,0.0,0.0
2023-06-30 00:00:00-04:00,50.29764765205467,51.12853012832474,50.235982218291724,51.01493453979492,19073100,0.0,0.0
2023-07-03 00:00:00-04:00,50.89484956130276,51.4238864219818,50.739059086985655,51.34599304199219,8647500,0.0,0.0
2023-07-05 00:00:00-04:00,51.33300803151925,51.64458895951901,51.06686459597616,51.31678009033203,17585400,0.0,0.0
2023-07-06 00:00:00-04:00,51.258361474936116,51.33950118752297,50.914324636362345,50.992218017578125,14427000,0.0,0.0
2023-07-07 00:00:00-04:00,50.57028418218166,50.72607464781268,49.80431346424473,49.81729507446289,19774800,0.0,0.0
2023-07-10 00:00:00-04:00,50.16458373943036,50.46967204198482,50.08668664087462,50.2684440612793,12967800,0.0,0.0
2023-07-11 00:00:00-04:00,50.232738982850854,50.47291549915671,49.93738597726654,50.193790435791016,11460900,0.0,0.0
2023-07-12 00:00:00-04:00,50.408005912665935,50.59625227915465,50.24896910056776,50.32037353515625,16509900,0.0,0.0
2023-07-13 00:00:00-04:00,50.44695454468898,50.50213103644735,49.882211729952516,50.025020599365234,11859600,0.0,0.0
2023-07-14 00:00:00-04:00,50.021775797194366,50.20028688941778,49.84651103652741,50.19704055786133,10427400,0.0,0.0
2023-07-17 00:00:00-04:00,50.112653750732484,50.30090012043838,49.92440738102659,50.25870895385742,10135200,0.0,0.0
2023-07-18 00:00:00-04:00,50.20028349089216,50.521599720803245,49.93738636768968,50.16782760620117,13437300,0.0,0.0
2023-07-19 00:00:00-04:00,50.24247443482144,50.37230168735369,49.901683932723365,50.18405532836914,12372900,0.0,0.0
2023-07-20 00:00:00-04:00,50.28466850185354,51.13502529205251,50.274929508043385,51.1123046875,14987700,0.0,0.0
2023-07-21 00:00:00-04:00,51.24862096800886,51.534238690824104,51.099323158388614,51.40116882324219,16960500,0.0,0.0
2023-07-24 00:00:00-04:00,51.42713562558064,51.76143719778792,51.13827526571499,51.7030143737793,12529800,0.0,0.0
2023-07-25 00:00:00-04:00,52.07950760093994,52.095735543103025,51.37195595101316,51.66082000732422,15553800,0.0,0.0
2023-07-26 00:00:00-04:00,51.68354575752568,52.15415984144571,51.58617438051534,51.8458251953125,15094200,0.0,0.0
2023-07-27 00:00:00-04:00,51.95617303596323,52.13792673114153,51.64783470604608,51.65757369995117,13400400,0.0,0.0
2023-07-28 00:00:00-04:00,51.69977299073724,52.235302556749865,51.69977299073724,51.9010009765625,11020200,0.0,0.0
2023-07-31 00:00:00-04:00,51.9172253245608,52.13792757023561,51.576434819155736,51.884769439697266,13033200,0.0,0.0
2023-08-01 00:00:00-04:00,51.91398221371742,52.07626536244035,51.592665962165036,51.64134979248047,11782500,0.0,0.0
2023-08-02 00:00:00-04:00,51.45310295529053,52.069772229059524,51.45310295529053,51.67705154418945,12660000,0.0,0.0
2023-08-03 00:00:00-04:00,51.61213576539886,51.7679262375132,51.44660629946234,51.69002914428711,13202700,0.0,0.0
2023-08-04 00:00:00-04:00,51.852312370065654,52.011349173733514,51.26809531285691,51.39142990112305,14262000,0.0,0.0
2023-08-07 00:00:00-04:00,51.76792102179498,52.322924754930725,51.64134011522478,52.089237213134766,14268900,0.0,0.0
2023-08-08 00:00:00-04:00,52.25152729729055,52.45600160216032,51.771170540210036,52.14117431640625,11017500,0.0,0.0
2023-08-09 00:00:00-04:00,52.22555923461914,52.611790945049165,52.160647465775135,52.22555923461914,13209600,0.0,0.0
2023-08-10 00:00:00-04:00,52.37213086905159,52.684819445499656,52.12458481414474,52.19949722290039,15169500,0.19,0.0
2023-08-11 00:00:00-04:00,52.29396313627237,52.71088128823193,52.14739244521663,52.505680084228516,14195100,0.0,0.0
2023-08-14 00:00:00-04:00,52.766255063206074,53.02031316968805,51.847732705872936,52.11481857299805,20813700,0.0,0.0
2023-08-15 00:00:00-04:00,51.964986021127665,52.372134262222964,51.763038972707214,51.84772872924805,14559300,0.0,0.0
2023-08-16 00:00:00-04:00,52.075730257572225,52.43076375087657,51.58389968963192,51.87378692626953,26980800,0.0,0.0
2023-08-17 00:00:00-04:00,52.407957674537776,52.48613168451002,50.49273916072116,50.71097183227539,53614200,0.0,0.0
2023-08-18 00:00:00-04:00,50.58720248461862,52.007328978784756,50.58720248461862,51.440582275390625,27954900,0.0,0.0
2023-08-21 00:00:00-04:00,51.34286669851658,51.73698720857385,51.15069697907977,51.30378341674805,15679200,0.0,0.0
2023-08-22 00:00:00-04:00,51.12788715855423,51.238632424131275,50.890114725009,51.14091491699219,16670700,0.0,0.0
2023-08-23 00:00:00-04:00,51.010637863345615,51.593670215793054,50.9780628708384,51.49595642089844,14210400,0.0,0.0
2023-08-24 00:00:00-04:00,51.505719873481176,51.864011198409216,51.07903188270726,51.101829528808594,14033100,0.0,0.0
2023-08-25 00:00:00-04:00,51.19629176165051,51.47640909259128,50.9878326993264,51.40475082397461,12267000,0.0,0.0
2023-08-28 00:00:00-04:00,51.41778151781944,51.733728001099145,51.41778151781944,51.697898864746094,11871000,0.0,0.0
2023-08-29 00:00:00-04:00,51.789101506129754,52.189734029056616,51.74350248071117,52.131103515625,12702300,0.0,0.0
2023-08-30 00:00:00-04:00,52.24510623925379,52.534993476931206,52.08876193226895,52.505680084228516,10967700,0.0,0.0
2023-08-31 00:00:00-04:00,52.479620600783846,53.088712150391366,52.42750210818205,52.96493911743164,19582800,0.0,0.0
2023-09-01 00:00:00-04:00,53.049627886064144,53.07894127806816,52.16367310672396,52.62619400024414,12553500,0.0,0.0
2023-09-05 00:00:00-04:00,52.71739443726955,53.026825164031706,52.17344539780271,52.2027587890625,15209400,0.0,0.0
2023-09-06 00:00:00-04:00,52.24510636353608,52.82162669582829,52.08550418419521,52.593624114990234,14594700,0.0,0.0
2023-09-07 00:00:00-04:00,52.76625721503866,53.24831792637498,52.60014300932284,53.24506378173828,19120800,0.0,0.0
2023-09-08 00:00:00-04:00,53.24831378935361,53.372086829750636,53.11477086072046,53.3427734375,12667200,0.0,0.0
2023-09-11 00:00:00-04:00,53.417689386432855,53.57403369043532,53.30694410660277,53.5284309387207,11912100,0.0,0.0
2023-09-12 00:00:00-04:00,53.580547091696495,53.720605767290394,53.43071852764963,53.58706283569336,11757300,0.0,0.0
2023-09-13 00:00:00-04:00,53.72060519672111,54.02026604917445,53.538205369711875,53.60009002685547,14364300,0.0,0.0
2023-09-14 00:00:00-04:00,53.743400948699644,53.984431263207206,53.5512275259098,53.8248291015625,14923800,0.0,0.0
2023-09-15 00:00:00-04:00,53.81180591921087,53.958380334371796,53.34277300925502,53.62614822387695,63925200,0.0,0.0
2023-09-18 00:00:00-04:00,53.639181190173495,53.8085532699891,53.17340610690931,53.22877502441406,12997800,0.0,0.0
2023-09-19 00:00:00-04:00,53.21574020385742,53.34602898242338,52.88025396094571,53.21574020385742,14019600,0.0,0.0
2023-09-20 00:00:00-04:00,53.287398853143664,53.64894434536504,53.078939787984446,53.388370513916016,10120800,0.0,0.0
2023-09-21 00:00:00-04:00,53.50237413871009,53.580544425070364,52.69785126208472,52.74019241333008,18782400,0.0,0.0
2023-09-22 00:00:00-04:00,52.841169644518295,53.16688601620075,52.74019425178411,52.88025665283203,13215000,0.0,0.0
2023-09-25 00:00:00-04:00,52.88676641321901,53.127796741635024,52.72391009809582,53.114768981933594,10459500,0.0,0.0
2023-09-26 00:00:00-04:00,53.0724281180508,53.26785943852382,52.880258397177506,52.929115295410156,14435700,0.0,0.0
2023-09-27 00:00:00-04:00,52.76625442129954,52.84117056728542,52.209277589500324,52.675052642822266,15711000,0.0,0.0
2023-09-28 00:00:00-04:00,52.76625087076907,53.03659831600304,52.6327079478169,52.942138671875,11617200,0.0,0.0
2023-09-29 00:00:00-04:00,53.10174221015898,53.13431347378959,51.850984066998976,52.092018127441406,18842400,0.0,0.0
2023-10-02 00:00:00-04:00,51.948699285849884,52.20275736744769,51.56435242795488,52.14738845825195,12992700,0.0,0.0
2023-10-03 00:00:00-04:00,52.01384791908655,52.35910781188786,51.684873659292336,51.818416595458984,11253300,0.0,0.0
2023-10-04 00:00:00-04:00,52.00081697962501,52.45682213103507,51.79235790784238,52.44053649902344,15755700,0.0,0.0
2023-10-05 00:00:00-04:00,52.261390375885355,52.42750456650283,51.789099596471324,51.81515884399414,14269500,0.0,0.0
2023-10-06 00:00:00-04:00,51.67509469642241,51.7858399714464,49.395072763448795,50.94548797607422,42616200,0.0,0.0
2023-10-09 00:00:00-04:00,50.512288200889394,50.763092161580445,49.91948222793088,50.75983428955078,21022500,0.0,0.0
2023-10-10 00:00:00-04:00,50.88686400906978,51.489439856402555,50.70120258316925,51.33309555053711,16014300,0.0,0.0
2023-10-11 00:00:00-04:00,51.5480731769384,51.94870571551388,51.150698510493434,51.538299560546875,12026100,0.0,0.0
2023-10-12 00:00:00-04:00,51.63601490099498,51.890073003283135,51.3884688151497,51.7728157043457,13514100,0.0,0.0
2023-10-13 00:00:00-04:00,51.873786816018224,52.26464944501875,51.75652951833498,52.0594482421875,13809000,0.0,0.0
2023-10-16 00:00:00-04:00,52.29070514428533,52.79231305630998,52.21904687113896,52.50893783569336,14348100,0.0,0.0
2023-10-17 00:00:00-04:00,52.35585233258782,52.671795095887916,52.24184917690205,52.57733917236328,10893000,0.0,0.0
2023-10-18 00:00:00-04:00,52.7271661132516,52.8835104178426,52.34933497570889,52.616424560546875,10559100,0.0,0.0
2023-10-19 00:00:00-04:00,52.580590641813856,52.70761781505461,52.18647018048715,52.36561584472656,11745900,0.0,0.0
2023-10-20 00:00:00-04:00,52.38516389529824,52.47310779923858,51.69464042388534,51.7109260559082,15056700,0.0,0.0
2023-10-23 00:00:00-04:00,51.7011559273907,52.554535715065484,51.469895480690354,52.443790435791016,17097000,0.0,0.0
2023-10-24 00:00:00-04:00,52.570817543138304,53.248309474728586,52.56755967147616,53.173397064208984,17535000,0.0,0.0
2023-10-25 00:00:00-04:00,53.14408281318709,53.525175539831935,52.91933811442248,53.013797760009766,16621800,0.0,0.0
2023-10-26 00:00:00-04:00,52.997518018718765,53.368837171119914,52.63922662757488,52.691341400146484,16220100,0.0,0.0
2023-10-27 00:00:00-04:00,52.59688604612003,52.756488237778136,52.29396729643891,52.49591064453125,13829700,0.0,0.0
2023-10-30 00:00:00-04:00,52.590364128937416,53.17665432607151,52.37213517282425,53.09848403930664,12653700,0.0,0.0
2023-10-31 00:00:00-04:00,53.09197441905948,53.29392149428314,52.7499723858762,53.225521087646484,14168400,0.0,0.0
2023-11-01 00:00:00-04:00,53.48609024579864,53.86717925710603,53.08545773038033,53.70106506347656,14899500,0.0,0.0
2023-11-02 00:00:00-04:00,53.54145783319069,54.1310096312391,53.29716962916504,53.912776947021484,15492300,0.0,0.0
2023-11-03 00:00:00-04:00,54.030034548004345,54.166839074170866,53.58054514465524,53.632659912109375,17240100,0.0,0.0
2023-11-06 00:00:00-05:00,53.58054595971499,53.948607209372845,53.44048728708007,53.70431900024414,14529000,0.0,0.0
2023-11-07 00:00:00-05:00,53.994210910124785,54.26781251634332,53.85089436304181,53.95512390136719,15023400,0.0,0.0
2023-11-08 00:00:00-05:00,54.01700792895655,54.160324474368046,53.280889152832756,53.515403747558594,15591900,0.0,0.0
2023-11-09 00:00:00-05:00,53.538202676040235,53.58705957041266,53.17339931283386,53.39162826538086,15080100,0.0,0.0
2023-11-10 00:00:00-05:00,53.59683278085265,54.2124401252259,53.385115831238586,54.131011962890625,14319900,0.0,0.0
2023-11-13 00:00:00-05:00,54.19289530417417,54.678217577020376,54.08540789597754,54.616329193115234,15408900,0.0,0.0
2023-11-14 00:00:00-05:00,54.77593555847286,55.095136208008846,54.47627468688308,54.60655975341797,19792500,0.0,0.0
2023-11-15 00:00:00-05:00,54.84433357700605,55.352453514971536,54.560958351066034,55.30033874511719,35769900,0.0,0.0
2023-11-16 00:00:00-05:00,51.707670955046886,51.93567352669157,50.64908625543149,50.824974060058594,97658700,0.0,0.0
2023-11-17 00:00:00-05:00,50.795662485847956,51.3135523027002,50.48948588895135,50.6002311706543,42487800,0.0,0.0
2023-11-20 00:00:00-05:00,50.66212024618758,50.81520668295196,50.489486577340784,50.583946228027344,26663100,0.0,0.0
2023-11-21 00:00:00-05:00,50.636064809616364,51.08881213750822,50.202860987735846,50.766353607177734,29382300,0.0,0.0
2023-11-22 00:00:00-05:00,50.7207442095798,50.82823161479711,50.28428257258785,50.37874221801758,26416500,0.0,0.0
2023-11-24 00:00:00-05:00,50.53507900910154,50.85427957794897,50.388504618758816,50.83148193359375,13975200,0.0,0.0
2023-11-27 00:00:00-05:00,50.79566218326116,51.25492521209911,50.79566218326116,51.06275177001953,23393700,0.0,0.0
2023-11-28 00:00:00-05:00,51.02691244014641,51.76303106945548,51.02691244014641,51.67183303833008,23535000,0.0,0.0
2023-11-29 00:00:00-05:00,51.71417860091679,51.71417860091679,50.684911107415985,50.8380012512207,29896500,0.0,0.0
2023-11-30 00:00:00-05:00,50.818459232216256,50.92594663215712,50.326624980843064,50.71097183227539,29925900,0.0,0.0
2023-12-01 00:00:00-05:00,50.6100034578803,50.68491960655632,49.714282456061774,50.27125930786133,39273600,0.0,0.0
2023-12-04 00:00:00-05:00,49.93902395024976,50.46342950203883,49.93576607833637,50.25822830200195,24883200,0.0,0.0
2023-12-05 00:00:00-05:00,50.30709226506137,50.763097480896356,50.07583178477284,50.7240104675293,21883800,0.0,0.0
2023-12-06 00:00:00-05:00,50.66537258047867,50.756574355893015,50.04651111150445,50.17354202270508,26447400,0.0,0.0
2023-12-07 00:00:00-05:00,50.46123554597298,50.523350044316146,49.76814744191487,49.84334182739258,25362600,0.19,0.0
2023-12-08 00:00:00-05:00,49.69296115583918,49.76161560377053,49.1175695372119,49.32026290893555,34069500,0.0,0.0
2023-12-11 00:00:00-05:00,49.411803916526154,49.51315060340644,48.88872062160838,49.444496154785156,31883400,0.0,0.0
2023-12-12 00:00:00-05:00,49.43795818765954,49.594883182410484,49.11430202284253,49.48373031616211,21381900,0.0,0.0
2023-12-13 00:00:00-05:00,49.54583450714505,50.36315155029297,49.248330699369504,50.36315155029297,35348700,0.0,0.0
2023-12-14 00:00:00-05:00,50.1898878461236,50.32719674044277,49.670074534376226,49.74853515625,30891300,0.0,0.0
2023-12-15 00:00:00-05:00,49.621033166455206,50.17026871039795,49.54256880795679,49.93488311767578,70003500,0.0,0.0
2023-12-18 00:00:00-05:00,50.134309538731934,50.696621220714384,50.06238138352975,50.6639289855957,26316000,0.0,0.0
2023-12-19 00:00:00-05:00,50.62142834597638,50.89931607362718,50.37623285200375,50.847007751464844,24417000,0.0,0.0
2023-12-20 00:00:00-05:00,50.811052029036055,51.04643763810588,50.222584264974685,50.25200653076172,21967800,0.0,0.0
2023-12-21 00:00:00-05:00,50.34680723362363,50.693353144312475,50.31738497136552,50.60834884643555,20087700,0.0,0.0
2023-12-22 00:00:00-05:00,50.820862358259184,51.37663792990389,50.726055609023405,51.21317672729492,19405500,0.0,0.0
2023-12-26 00:00:00-05:00,51.213168948287425,51.32432554228711,51.0366278831757,51.13470458984375,11679900,0.0,0.0
2023-12-27 00:00:00-05:00,51.10201449638623,51.63817765786215,51.05297614099661,51.615291595458984,19896000,0.0,0.0
2023-12-28 00:00:00-05:00,51.579327189573675,51.762408198227405,51.491056657077515,51.51394271850586,16776000,0.0,0.0
2023-12-29 00:00:00-05:00,51.50085647920794,51.68066749385357,51.37989372609708,51.54008865356445,21948300,0.0,0.0
2024-01-02 00:00:00-05:00,51.409323747670555,52.157986383485365,51.38970765895836,52.076255798339844,23539800,0.0,0.0
2024-01-03 00:00:00-05:00,52.23317991470748,52.40645099722169,51.95855841860225,52.07952117919922,18756000,0.0,0.0
2024-01-04 00:00:00-05:00,52.05010233408518,52.157988956631534,51.487786901215614,51.57605743408203,19282500,0.0,0.0
2024-01-05 00:00:00-05:00,51.62836480521234,51.68721307316448,50.86989597233494,51.232784271240234,21709500,0.0,0.0
2024-01-08 00:00:00-05:00,51.22951847811034,51.749331792567965,51.222978534008945,51.73625564575195,20680800,0.0,0.0
2024-01-09 00:00:00-05:00,51.63162779096251,52.09259647408319,51.566243329675764,52.082786560058594,23322300,0.0,0.0
2024-01-10 00:00:00-05:00,52.1645285093684,52.79876461112899,52.1645285093684,52.73011016845703,20121900,0.0,0.0
2024-01-11 00:00:00-05:00,52.749729084083484,52.9262701579515,52.363954699169916,52.671268463134766,14355300,0.0,0.0
2024-01-12 00:00:00-05:00,52.75626768799777,52.81184598634249,52.432607813665534,52.73992156982422,13629000,0.0,0.0
2024-01-16 00:00:00-05:00,52.77914783360422,53.09299777926674,52.7104933918272,52.90665054321289,17032500,0.0,0.0
2024-01-17 00:00:00-05:00,52.759530726335086,52.95895784565012,52.51433522718062,52.65818405151367,14827800,0.0,0.0
2024-01-18 00:00:00-05:00,52.68761035445192,53.41665691262282,52.53068538375828,53.367618560791016,18190500,0.0,0.0
2024-01-19 00:00:00-05:00,53.42973231294662,53.475504433793695,52.779146378503484,53.08646011352539,19175400,0.0,0.0
2024-01-22 00:00:00-05:00,53.22049824356452,53.27280656563478,52.79876169536312,53.08972930908203,13938300,0.0,0.0
2024-01-23 00:00:00-05:00,53.0014607001032,53.24011625900351,52.88703413690312,53.22377014160156,12066600,0.0,0.0
2024-01-24 00:00:00-05:00,53.25646479994387,53.31204309819427,52.41299163462827,52.471839904785156,22932900,0.0,0.0
2024-01-25 00:00:00-05:00,52.7660757834909,53.246660654618665,52.445685869405715,53.23685073852539,16369500,0.0,0.0
2024-01-26 00:00:00-05:00,53.305502887130835,53.740315613848,53.17800391451007,53.7043571472168,15746400,0.0,0.0
2024-01-29 00:00:00-05:00,53.73051339547386,54.07705561360573,53.45916557080388,53.956092834472656,18240300,0.0,0.0
2024-01-30 00:00:00-05:00,53.84493470249331,54.20782300438045,53.4918525746522,54.13589859008789,15270000,0.0,0.0
2024-01-31 00:00:00-05:00,54.85840909506477,54.85840909506477,53.978973745162726,54.024742126464844,26134800,0.0,0.0
2024-02-01 00:00:00-05:00,54.17186331532279,55.03822255752912,54.00186218712171,55.025142669677734,20792700,0.0,0.0
2024-02-02 00:00:00-05:00,54.972830231257184,55.7672649964154,54.89763584728195,55.437068939208984,21670800,0.0,0.0
2024-02-05 00:00:00-05:00,55.58091726049423,55.58091726049423,54.946681141490636,55.13956832885742,19145100,0.0,0.0
2024-02-06 00:00:00-05:00,55.18206360316881,55.5613017539169,55.03494854811355,55.51552963256836,14181300,0.0,0.0
2024-02-07 00:00:00-05:00,55.665925697631586,55.793424680448574,55.31611350514898,55.37495803833008,17082600,0.0,0.0
2024-02-08 00:00:00-05:00,55.37495125844096,55.7574556428334,55.296490643343596,55.37168502807617,14427900,0.0,0.0
2024-02-09 00:00:00-05:00,55.378224476665316,55.48938107440496,55.224569467827564,55.342262268066406,14329800,0.0,0.0
2024-02-12 00:00:00-05:00,55.32591946779602,55.69534775038289,55.26707119345396,55.67573165893555,14795100,0.0,0.0
2024-02-13 00:00:00-05:00,55.78034846397274,55.927467279516634,55.01206963032552,55.2964973449707,18574200,0.0,0.0
2024-02-14 00:00:00-05:00,55.16898769271433,55.21148610113457,54.773407164438886,55.11994934082031,18484500,0.0,0.0
2024-02-15 00:00:00-05:00,55.51225879031772,55.5286086486761,54.91398492292339,55.34552764892578,16948800,0.0,0.0
2024-02-16 00:00:00-05:00,55.67246076906626,56.20862394942384,55.34553464690233,55.69534683227539,22373400,0.0,0.0
2024-02-20 00:00:00-05:00,58.34999184040328,59.288275476896615,57.287479203506706,57.49344253540039,71788500,0.0,0.0
2024-02-21 00:00:00-05:00,57.212283839047956,57.401904791070244,56.4930434342531,56.78728103637695,40501500,0.0,0.0
2024-02-22 00:00:00-05:00,56.84612400387812,57.365941009683404,56.65977677018123,57.3463249206543,29512800,0.0,0.0
2024-02-23 00:00:00-05:00,57.5686377670935,58.07864488786888,57.313636077399124,57.39536666870117,74365800,0.0,0.0
2024-02-26 00:00:00-05:00,57.983833980319844,58.68999825638788,57.06190019653172,58.45460891723633,32154800,0.0,3.0
2024-02-27 00:00:00-05:00,58.493843501698194,58.65076848712071,58.08191681798412,58.44480514526367,18012700,0.0,0.0
2024-02-28 00:00:00-05:00,58.405565836970375,58.61152915369596,58.17018025825151,58.474220275878906,14803300,0.0,0.0
2024-02-29 00:00:00-05:00,58.307491997449084,58.34672417628961,57.46401885931021,57.48363494873047,29245100,0.0,0.0
2024-03-01 00:00:00-05:00,57.66998092676309,57.71901927854961,57.08151322255193,57.6307487487793,19030900,0.0,0.0
2024-03-04 00:00:00-05:00,57.375745048017905,58.248640399699276,57.27766834790914,58.160369873046875,16033300,0.0,0.0
2024-03-05 00:00:00-05:00,58.71941928362965,59.180388036505086,58.4349953374383,58.88615417480469,19676900,0.0,0.0
2024-03-06 00:00:00-05:00,58.96461504724752,59.455006066000315,58.886154429768084,59.405967712402344,12698700,0.0,0.0
2024-03-07 00:00:00-05:00,59.82770448508792,59.896358928628736,59.190194662052846,59.20000457763672,16195300,0.0,0.0
2024-03-08 00:00:00-05:00,58.84692207160908,59.121539844032895,58.582110473320455,58.96461486816406,12143600,0.0,0.0
2024-03-11 00:00:00-04:00,58.94499672532863,59.54327434417256,58.71941731421125,59.49423599243164,14154000,0.0,0.0
2024-03-12 00:00:00-04:00,59.77866901826399,60.38675286530067,59.48443514010991,60.229827880859375,16613100,0.0,0.0
2024-03-13 00:00:00-04:00,60.082709348634005,60.27886651543843,59.71001484723102,60.102325439453125,15935200,0.0,0.0
2024-03-14 00:00:00-04:00,60.30701379433994,60.46447321335406,59.63781032499774,60.051143646240234,16584700,0.208,0.0
2024-03-15 00:00:00-04:00,59.716548919677734,60.17908765974482,59.50004078532648,59.716548919677734,50946300,0.0,0.0
2024-03-18 00:00:00-04:00,59.72638925044339,59.93305781500692,59.43115327066156,59.89369201660156,16801700,0.0,0.0
2024-03-19 00:00:00-04:00,60.00194461445077,60.10035535392286,59.63781661932009,59.90353012084961,12353600,0.0,0.0
2024-03-20 00:00:00-04:00,59.87401009765002,60.307022624810664,59.77559935415463,60.27750015258789,12007600,0.0,0.0
2024-03-21 00:00:00-04:00,60.30702050967562,60.68098807927463,60.08067280427148,60.47432327270508,14265900,0.0,0.0
2024-03-22 00:00:00-04:00,60.34638595673214,60.55305076210097,59.883847222129376,59.90353012084961,14029400,0.0,0.0
2024-03-25 00:00:00-04:00,59.90353141962019,60.021628814502044,59.40163063082429,59.60829544067383,14186600,0.0,0.0
2024-03-26 00:00:00-04:00,59.50003855852613,59.86416654433097,59.27369086023416,59.54924392700195,13738300,0.0,0.0
2024-03-27 00:00:00-04:00,59.90353271104996,60.08067505306253,59.42131481100517,59.755916595458984,14363400,0.0,0.0
2024-03-28 00:00:00-04:00,59.696867032938535,59.8051211019497,59.204805813163524,59.21464538574219,17535100,0.0,0.0
2024-04-01 00:00:00-04:00,59.35242350432357,59.79527558257856,58.9784559398516,59.04734420776367,13837600,0.0,0.0
2024-04-02 00:00:00-04:00,58.94892859225036,59.14575005335672,57.94512337326725,58.22067642211914,19510100,0.0,0.0
2024-04-03 00:00:00-04:00,58.437187606989646,58.555281240688714,58.00417135987817,58.486392974853516,14615100,0.0,0.0
2024-04-04 00:00:00-04:00,58.59464838962509,58.86036188718022,58.348617790495794,58.55528259277344,14436100,0.0,0.0
2024-04-05 00:00:00-04:00,58.604487089244756,59.08670870817543,58.54544214897538,58.899723052978516,10335900,0.0,0.0
2024-04-08 00:00:00-04:00,58.653691110062034,59.086707350777566,58.476548785065475,58.830833435058594,11070100,0.0,0.0
2024-04-09 00:00:00-04:00,58.91940318871496,59.01781767476475,58.358453757681865,58.840675354003906,10013500,0.0,0.0
2024-04-10 00:00:00-04:00,58.673371277840026,59.7952701145336,58.4470235962377,59.657493591308594,15097600,0.0,0.0
2024-04-11 00:00:00-04:00,59.785434468243324,59.923211000513625,59.11623095081992,59.13591384887695,10987600,0.0,0.0
2024-04-12 00:00:00-04:00,59.04734309567697,59.755912414146366,58.99813772725637,59.18511962890625,12280600,0.0,0.0
2024-04-15 00:00:00-04:00,59.54924361863976,59.736229273660186,58.958771691729545,58.97845458984375,10557200,0.0,0.0
2024-04-16 00:00:00-04:00,59.07686302764935,59.33273693904915,58.830832441988136,58.8898811340332,14726300,0.0,0.0
2024-04-17 00:00:00-04:00,59.19496495666091,59.4705180324369,58.62417215212025,58.702903747558594,15329700,0.0,0.0
2024-04-18 00:00:00-04:00,58.88005272169052,58.98830304642944,58.27973737824153,58.31909942626953,12061500,0.0,0.0
2024-04-19 00:00:00-04:00,58.50607669604795,58.72258106852113,58.033698400476034,58.58480453491211,14165800,0.0,0.0
2024-04-22 00:00:00-04:00,58.6143305977951,59.44099355129974,58.1025865071371,59.18511962890625,14910000,0.0,0.0
2024-04-23 00:00:00-04:00,59.293372410578144,59.39178314529269,57.63020696747737,58.151790618896484,17963900,0.0,0.0
2024-04-24 00:00:00-04:00,58.04353479971002,59.08670582507256,57.8762358049381,58.919403076171875,18529100,0.0,0.0
2024-04-25 00:00:00-04:00,59.096549811811954,59.56892811685462,58.88004543499805,59.25400924682617,19263000,0.0,0.0
2024-04-26 00:00:00-04:00,59.15559428606843,59.43114733914606,59.04734022832257,59.20479965209961,11045200,0.0,0.0
2024-04-29 00:00:00-04:00,59.2244901190974,59.43115493532042,58.98829907617876,59.283538818359375,9785100,0.0,0.0
2024-04-30 00:00:00-04:00,59.244171578308574,59.342582320556374,58.22068334076305,58.40766525268555,14209200,0.0,0.0
2024-05-01 00:00:00-04:00,58.36829512064974,58.46670584926158,57.78766281193112,57.91559600830078,15464300,0.0,0.0
2024-05-02 00:00:00-04:00,58.004169167464525,58.939086138056204,57.64988827975825,58.76194381713867,17574100,0.0,0.0
2024-05-03 00:00:00-04:00,58.67337207993243,59.027656718284945,58.20099381350533,58.87019729614258,14207400,0.0,0.0
2024-05-06 00:00:00-04:00,59.04734003072784,59.04734003072784,58.4470248064215,58.919403076171875,11119400,0.0,0.0
2024-05-07 00:00:00-04:00,59.214637799422,59.834635908063234,59.096544172961806,59.657493591308594,14520200,0.0,0.0
2024-05-08 00:00:00-04:00,59.66734107600415,59.88384544725166,59.26385104952099,59.34257888793945,11015700,0.0,0.0
2024-05-09 00:00:00-04:00,59.44924013975836,59.82450217406807,59.20235791639318,59.68624496459961,14550500,0.208,0.0
2024-05-10 00:00:00-04:00,59.656615624337235,59.824497481962744,59.40973342033532,59.72574234008789,12356600,0.0,0.0
2024-05-13 00:00:00-04:00,59.863996360228626,60.58489195094792,59.538113806645924,59.6566162109375,19260500,0.0,0.0
2024-05-14 00:00:00-04:00,59.76524467042425,59.79486932956058,58.69871173603447,59.11347579956055,18780100,0.0,0.0
2024-05-15 00:00:00-04:00,59.08384704589844,59.19247204424507,58.728336092405506,59.08384704589844,22240600,0.0,0.0
2024-05-16 00:00:00-04:00,63.41910730769586,63.61661007444595,62.155067751177235,63.211727142333984,60545600,0.0,0.0
2024-05-17 00:00:00-04:00,63.43884813065125,64.07086596118911,62.836458725817195,63.8437385559082,29330400,0.0,0.0
2024-05-20 00:00:00-04:00,63.61660150522994,63.95236520457453,63.07346143558106,63.37959671020508,15001400,0.0,0.0
2024-05-21 00:00:00-04:00,63.72523096993079,64.37700358118975,63.646226859309095,64.3375015258789,17131700,0.0,0.0
2024-05-22 00:00:00-04:00,64.16962693862071,64.87077150654433,63.92274473015829,64.4362564086914,14879400,0.0,0.0
2024-05-23 00:00:00-04:00,64.35725075652353,64.70288433326567,63.754857579524256,64.03136444091797,16222900,0.0,0.0
2024-05-24 00:00:00-04:00,64.3177464073093,64.87076764463043,64.19924777621998,64.56462860107422,11795000,0.0,0.0
2024-05-28 00:00:00-04:00,64.40664499334743,64.65352725257722,63.93262774055683,64.22888946533203,13349600,0.0,0.0
2024-05-29 00:00:00-04:00,63.94248112688464,64.39674340915919,63.84372976712857,64.11035919189453,11538600,0.0,0.0
2024-05-30 00:00:00-04:00,64.12023630350592,64.35724107271754,63.96222810120099,64.08073425292969,13051900,0.0,0.0
2024-05-31 00:00:00-04:00,63.863485326169375,65.07814905836024,63.3598510656788,64.93989562988281,27632200,0.0,0.0
2024-06-03 00:00:00-04:00,64.69300639639985,65.01888513709018,64.34737286279136,64.99913787841797,11578700,0.0,0.0
2024-06-04 00:00:00-04:00,65.16701607666573,65.8089112313565,65.00901540423571,65.7694091796875,14780800,0.0,0.0
2024-06-05 00:00:00-04:00,65.73978429700944,66.31255274285894,65.4534000740847,66.2532958984375,14982700,0.0,0.0
2024-06-06 00:00:00-04:00,66.22367190536403,66.59893763154935,65.9372876795764,66.31255340576172,13256000,0.0,0.0
2024-06-07 00:00:00-04:00,66.55945120374092,66.72732931315457,64.82139818218523,65.05840301513672,20213200,0.0,0.0
2024-06-10 00:00:00-04:00,66.35206628754159,66.4903197247292,65.44353401341938,66.12493133544922,21659500,0.0,0.0
2024-06-11 00:00:00-04:00,66.11505428107318,66.12493167928001,65.52253847086718,65.8978042602539,13367500,0.0,0.0
2024-06-12 00:00:00-04:00,66.0162986819353,66.10518019162085,65.07814933693028,65.4830322265625,11704700,0.0,0.0
2024-06-13 00:00:00-04:00,65.47316617683,65.92742854655201,65.12752504977766,65.86817169189453,11196600,0.0,0.0
2024-06-14 00:00:00-04:00,65.710171577385,66.27306272903235,65.47316675938804,66.1841812133789,12590100,0.0,0.0
2024-06-17 00:00:00-04:00,66.08542869129894,66.59894791137022,65.58179440354277,66.57919311523438,12103000,0.0,0.0
2024-06-18 00:00:00-04:00,66.78656740637943,67.02357973372051,66.46068864121689,66.75694274902344,12093500,0.0,0.0
2024-06-20 00:00:00-04:00,66.51006965820196,67.28034099182763,66.46069773393606,67.1618423461914,13860800,0.0,0.0
2024-06-21 00:00:00-04:00,67.40871338347647,67.69509761998314,66.98407572717295,67.06307983398438,25883000,0.0,0.0
2024-06-24 00:00:00-04:00,67.20134293023627,68.17899440650109,67.05321209219676,68.04074096679688,12470400,0.0,0.0
2024-06-25 00:00:00-04:00,66.33231090326666,66.7470712111531,65.72004783950493,66.57919311523438,20869200,0.0,0.0
2024-06-26 00:00:00-04:00,66.5594467787085,67.74447839892993,66.37181388404531,67.43834686279297,14177500,0.0,0.0
2024-06-27 00:00:00-04:00,67.43834533554497,67.7247296030331,66.8260747428896,67.03345489501953,12899200,0.0,0.0
2024-06-28 00:00:00-04:00,67.02358593059041,67.25071334748388,66.48044204802393,66.8655776977539,18816700,0.0,0.0
2024-07-01 00:00:00-04:00,67.04333353634561,67.38896712963874,66.41131567025325,66.6384506225586,8666000,0.0,0.0
2024-07-02 00:00:00-04:00,66.5989441678672,67.23096199223927,66.42118868387213,67.22108459472656,9436500,0.0,0.0
2024-07-03 00:00:00-04:00,66.96432411550978,67.39883918937457,66.77669877072452,67.38896179199219,6287500,0.0,0.0
2024-07-05 00:00:00-04:00,67.3099677036023,69.27514793752043,67.2507108513644,69.16651916503906,21586100,0.0,0.0
2024-07-08 00:00:00-04:00,69.02826217242638,69.26526696641015,68.48511833804011,68.81100463867188,12077700,0.0,0.0
2024-07-09 00:00:00-04:00,69.02826690673828,69.37390049130462,68.8011319601678,69.02826690673828,9758400,0.0,0.0
2024-07-10 00:00:00-04:00,69.22576707794732,69.56153078632386,68.85050884787643,69.53190612792969,10803400,0.0,0.0
2024-07-11 00:00:00-04:00,69.30477024890193,69.57139970507639,68.39624557733018,68.92951202392578,15624800,0.0,0.0
2024-07-12 00:00:00-04:00,69.02826801778419,69.15664405576166,68.30736864330223,68.37649536132812,12145300,0.0,0.0
2024-07-15 00:00:00-04:00,68.43574320306003,69.09738563620995,68.43574320306003,68.74187469482422,10171100,0.0,0.0
2024-07-16 00:00:00-04:00,68.94925601740738,69.36401627813537,68.71225123045517,69.11713409423828,9836800,0.0,0.0
2024-07-17 00:00:00-04:00,69.30476711879844,70.21329174933727,69.07763219404055,70.1441650390625,13533800,0.0,0.0
2024-07-18 00:00:00-04:00,69.79853703477166,70.30217884065445,69.55165483070614,69.9367904663086,10682700,0.0,0.0
2024-07-19 00:00:00-04:00,70.31204545554827,70.44042901764871,69.7689091522467,69.86766052246094,11665500,0.0,0.0
2024-07-22 00:00:00-04:00,69.9762830126268,70.37129599229499,69.35414265526539,69.50226593017578,12666100,0.0,0.0
2024-07-23 00:00:00-04:00,69.5911653884266,69.81829282473349,69.2356543684048,69.7689208984375,9263600,0.0,0.0
2024-07-24 00:00:00-04:00,69.64053171082305,69.95654064383044,69.46277621511595,69.71953582763672,22490800,0.0,0.0
2024-07-25 00:00:00-04:00,69.71953520299417,69.88741329903367,69.07763994456685,69.14676666259766,18821200,0.0,0.0
2024-07-26 00:00:00-04:00,69.35415200888743,69.36402187238195,67.97161016071173,68.90975952148438,16789300,0.0,0.0
2024-07-29 00:00:00-04:00,68.97888215562814,69.02826160716674,68.26786024525272,68.75175476074219,10315300,0.0,0.0
2024-07-30 00:00:00-04:00,68.68262887940719,68.97888298948055,68.11973778259654,68.32711791992188,12522500,0.0,0.0
2024-07-31 00:00:00-04:00,68.31724781942691,68.38637453925192,67.43834772411711,67.78398132324219,22908800,0.0,0.0
2024-08-01 00:00:00-04:00,68.05060937548869,68.92950935503826,67.66546623376534,68.91963195800781,17275500,0.0,0.0
2024-08-02 00:00:00-04:00,68.73199858810025,69.36401637703824,66.89519453454724,67.60621643066406,23578700,0.0,0.0
2024-08-05 00:00:00-04:00,67.25071981468487,67.72473702453131,66.07556549050467,66.74707794189453,20770500,0.0,0.0
2024-08-06 00:00:00-04:00,66.99396165618676,67.77411044598895,66.83596093891883,66.89521026611328,14815100,0.0,0.0
2024-08-07 00:00:00-04:00,67.0235806131063,67.16183403874595,65.97679498923182,66.07555389404297,18499200,0.0,0.0
2024-08-08 00:00:00-04:00,66.00642696825291,67.07295997083895,65.83854886624792,66.81620788574219,12489800,0.0,0.0
2024-08-09 00:00:00-04:00,67.00382583887802,67.36921419774946,66.49031419123794,67.10257720947266,13805600,0.0,0.0
2024-08-12 00:00:00-04:00,67.48771261138447,68.35674275200999,67.2210831582131,67.84322357177734,17385300,0.0,0.0
2024-08-13 00:00:00-04:00,67.57659612653545,67.75435161201361,66.3026830696498,67.28033447265625,26557900,0.0,0.0
2024-08-14 00:00:00-04:00,67.07296460600081,67.9321175064981,67.00383788073651,67.80374145507812,22928600,0.0,0.0
2024-08-15 00:00:00-04:00,73.19563634250794,73.51164525270927,71.87234385124525,72.2673568725586,49567500,0.0,0.0
2024-08-16 00:00:00-04:00,71.99798017912353,72.89919652544779,71.8197180202749,72.74073791503906,19872100,0.208,0.0
2024-08-19 00:00:00-04:00,72.68131772633174,73.26562439158151,72.63179752300266,73.00813293457031,13709300,0.0,0.0
2024-08-20 00:00:00-04:00,73.03784096223306,74.02818456850063,73.00813186296058,73.8202133178711,14434000,0.0,0.0
2024-08-21 00:00:00-04:00,74.57288401214734,74.85017904064416,73.86973333252956,74.51345825195312,14832000,0.0,0.0
2024-08-22 00:00:00-04:00,74.6422026929665,75.48399327386092,74.42432588375851,74.85017395019531,16511100,0.0,0.0
2024-08-23 00:00:00-04:00,74.86997654804635,75.07794780263522,74.28567743597131,74.96900939941406,12299100,0.0,0.0
2024-08-26 00:00:00-04:00,75.16708781291415,75.4740919399254,74.84027258083734,75.29582977294922,9508200,0.0,0.0
2024-08-27 00:00:00-04:00,75.71176897956582,75.71176897956582,75.03833499569845,75.39485931396484,11557800,0.0,0.0
2024-08-28 00:00:00-04:00,75.54341024548488,75.69196329986687,75.07794753442501,75.34534454345703,9814300,0.0,0.0
2024-08-29 00:00:00-04:00,75.25621216815809,75.73158044669893,74.93930250103834,75.68206024169922,11856800,0.0,0.0
2024-08-30 00:00:00-04:00,75.7018728908112,76.72192566655242,75.48399607352228,76.48424530029297,23230000,0.0,0.0
2024-09-03 00:00:00-04:00,76.58327856178215,77.05863929681614,76.05839762047592,76.42481994628906,22666100,0.0,0.0
2024-09-04 00:00:00-04:00,76.58328311984516,76.73183619178083,75.98907838782564,76.49414825439453,18442800,0.0,0.0
2024-09-05 00:00:00-04:00,76.50405086058203,76.70211657838503,75.65235467372808,76.21685028076172,13082900,0.0,0.0
2024-09-06 00:00:00-04:00,76.157431968078,76.57337450830546,75.56322725979265,75.89994049072266,14548600,0.0,0.0
2024-09-09 00:00:00-04:00,76.10790391908284,76.72191966928904,75.75137961970144,76.59317016601562,22260200,0.0,0.0
2024-09-10 00:00:00-04:00,76.60307988920232,78.13811557045105,76.53375613586529,78.04898071289062,17686300,0.0,0.0
2024-09-11 00:00:00-04:00,77.62313240383922,78.15791888040222,76.82095646685592,78.07868957519531,19518800,0.0,0.0
2024-09-12 00:00:00-04:00,78.22724161011654,79.13836349663134,77.86081930084254,78.89077758789062,14877700,0.0,0.0
2024-09-13 00:00:00-04:00,79.04923416942083,79.91083591216128,78.92049220793113,79.82170104980469,12994100,0.0,0.0
2024-09-16 00:00:00-04:00,80.05938427153269,80.23764644686516,79.36614667619705,79.78208923339844,15346400,0.0,0.0
2024-09-17 00:00:00-04:00,78.98982107472597,79.48499295887292,77.50430542228507,77.84101867675781,21065900,0.0,0.0
2024-09-18 00:00:00-04:00,77.88062752554406,78.64319640146016,77.52410319109131,78.26686096191406,15684900,0.0,0.0
2024-09-19 00:00:00-04:00,78.28667197529745,78.32627907399223,76.74173067590448,77.28642272949219,21525700,0.0,0.0
2024-09-20 00:00:00-04:00,77.47459030270639,78.84126187677761,77.35574633967826,78.29656982421875,39534300,0.0,0.0
2024-09-23 00:00:00-04:00,78.30647844402405,79.6632520744469,78.30647844402405,79.55431365966797,12147300,0.0,0.0
2024-09-24 00:00:00-04:00,79.7028539584279,80.12870199639958,79.4651660611494,79.8910140991211,14651100,0.0,0.0
2024-09-25 00:00:00-04:00,80.10890572373114,80.81204888297357,79.90093444190364,80.61398315429688,14163800,0.0,0.0
2024-09-26 00:00:00-04:00,80.25745735889986,80.41590842785517,78.49464671582963,79.14826965332031,17061100,0.0,0.0
2024-09-27 00:00:00-04:00,79.12845699193402,79.51469040046132,78.83135088273353,79.00961303710938,11899100,0.0,0.0
2024-09-30 00:00:00-04:00,79.11855681261751,80.15842070970857,79.08884771082452,79.97025299072266,18997000,0.0,0.0
2024-10-01 00:00:00-04:00,79.90092275962063,80.7427133170035,79.66324240881512,80.48522186279297,16054200,0.0,0.0
2024-10-02 00:00:00-04:00,80.20792556612338,80.20792556612338,79.34633147496608,79.65333557128906,16618300,0.0,0.0
2024-10-03 00:00:00-04:00,79.5245936241231,79.80188862154026,79.07893447336954,79.65333557128906,11640400,0.0,0.0
2024-10-04 00:00:00-04:00,79.27701151171036,80.32677335370164,79.07893825000855,80.15841674804688,11583400,0.0,0.0
2024-10-07 00:00:00-04:00,79.91083976463467,80.15842570262824,78.21735285544547,78.33618927001953,16791600,0.0,0.0
2024-10-08 00:00:00-04:00,78.85115743482184,79.04922312570761,78.3064654513033,78.9402847290039,15270000,0.0,0.0
2024-10-09 00:00:00-04:00,79.04922560935802,79.72265955753878,78.97990185979774,79.62362670898438,12413000,0.0,0.0
2024-10-10 00:00:00-04:00,79.534500387344,79.54440593997853,78.69270975075604,78.84126281738281,10812700,0.0,0.0
2024-10-11 00:00:00-04:00,78.93038386612487,79.3562319269738,78.6035762123235,79.32652282714844,9570700,0.0,0.0
2024-10-14 00:00:00-04:00,79.27700624195211,79.73256338000058,78.98980569836726,79.51468658447266,9914500,0.0,0.0
2024-10-15 00:00:00-04:00,79.89102448547135,81.02992125189881,79.73257342240785,80.86156463623047,13276200,0.0,0.0
2024-10-16 00:00:00-04:00,80.74271884397349,80.87146835775295,79.84151002613056,80.43571472167969,11123300,0.0,0.0
2024-10-17 00:00:00-04:00,80.4852222014804,80.71300455726404,79.87121399633884,80.10889434814453,9424700,0.0,0.0
2024-10-18 00:00:00-04:00,80.0890952321249,80.90117673847637,79.88112396832153,80.52484130859375,12324100,0.0,0.0
2024-10-21 00:00:00-04:00,80.44562080511264,80.76253048187907,79.94054341048648,80.02967071533203,9750400,0.0,0.0
2024-10-22 00:00:00-04:00,80.32677278907202,81.43596037963837,80.04947778036102,81.22798156738281,12240100,0.0,0.0
2024-10-23 00:00:00-04:00,81.09924035733889,82.5352356180467,81.01011305617548,82.46591186523438,13058200,0.0,0.0
2024-10-24 00:00:00-04:00,82.15890698739373,82.5154313001672,81.78257912645388,82.2381362915039,11645900,0.0,0.0
2024-10-25 00:00:00-04:00,82.39658881787452,82.49562922764498,81.64393308253165,81.7132568359375,8959400,0.0,0.0
2024-10-28 00:00:00-04:00,81.95093536376953,82.27775057496818,81.67364035634847,81.95093536376953,7990200,0.0,0.0
2024-10-29 00:00:00-04:00,81.8717063100738,82.05987401813665,80.88136267727536,80.91107177734375,9682400,0.0,0.0
2024-10-30 00:00:00-04:00,80.81204383964918,81.03982621356282,80.51494526517551,80.60407257080078,9268800,0.0,0.0
2024-10-31 00:00:00-04:00,80.50503042625353,81.64392705300256,80.43570667796735,81.15865325927734,15539000,0.0,0.0
2024-11-01 00:00:00-04:00,81.73306026029466,81.73306026029466,80.75262216198058,81.39634704589844,12181800,0.0,0.0
2024-11-04 00:00:00-05:00,81.40623796146924,82.1093885411427,81.2081722709021,81.65382385253906,11731000,0.0,0.0
2024-11-05 00:00:00-05:00,81.88161223428096,82.9610831721924,81.71325562931314,82.87195587158203,10612500,0.0,0.0
2024-11-06 00:00:00-05:00,84.3178663269822,84.714005338392,81.26760576156687,82.63428497314453,19974000,0.0,0.0
2024-11-07 00:00:00-05:00,82.91157176598514,83.57510019954482,82.61446564805449,83.04031372070312,12665800,0.0,0.0
2024-11-08 00:00:00-05:00,83.46616457927195,84.5951557759358,83.41665192844584,84.01085662841797,14396500,0.0,0.0
2024-11-11 00:00:00-05:00,84.1296874902903,84.58525220449106,83.3077080281019,83.39683532714844,10433200,0.0,0.0
2024-11-12 00:00:00-05:00,83.68403762577975,84.70409036662221,83.68403762577975,84.16930389404297,12860200,0.0,0.0
2024-11-13 00:00:00-05:00,84.16930767582873,84.96158564614869,83.95143085620461,84.67438507080078,12802600,0.0,0.0
2024-11-14 00:00:00-05:00,84.20892508591368,84.93187932417075,83.52558550304138,83.65433502197266,15740700,0.0,0.0
2024-11-15 00:00:00-05:00,83.71374979354607,83.96133571275364,83.12945065096308,83.43645477294922,17370600,0.0,0.0
2024-11-18 00:00:00-05:00,84.00094911818938,84.03065821913717,82.8521543991141,83.26809692382812,25093800,0.0,0.0
2024-11-19 00:00:00-05:00,85.39733349538184,87.43743893040914,85.08042383988516,85.76375579833984,36340900,0.0,0.0
2024-11-20 00:00:00-05:00,85.76376411574653,86.35796883296376,85.08043209102199,86.33816528320312,18183200,0.0,0.0
2024-11-21 00:00:00-05:00,86.60554312204016,87.78405440106901,86.09056778452177,87.53646850585938,18729200,0.0,0.0
2024-11-22 00:00:00-05:00,88.54662817146321,90.0321436263013,88.07125990139718,89.56668090820312,23990600,0.0,0.0
2024-11-25 00:00:00-05:00,89.62610881954598,90.0717604819948,88.20001141055275,88.6357650756836,25078600,0.0,0.0
2024-11-26 00:00:00-05:00,89.02198989552114,90.99277163902399,88.9724696908426,90.42827606201172,16657000,0.0,0.0
2024-11-27 00:00:00-05:00,91.11161892551584,91.35920484650909,90.42827936574321,90.9927749633789,14358900,0.0,0.0
2024-11-29 00:00:00-05:00,91.36910066263549,91.74542850238346,90.93334707029013,91.60678100585938,11041200,0.0,0.0
2024-12-02 00:00:00-05:00,91.92369978613833,92.09205639783517,91.06209806718915,91.74543762207031,17173000,0.0,0.0
2024-12-03 00:00:00-05:00,91.88407861848768,92.6862545220642,91.36910326753386,92.6070327758789,17775200,0.0,0.0
2024-12-04 00:00:00-05:00,92.54761257172541,93.60727999218881,92.15148114987642,93.53795623779297,17312600,0.0,0.0
2024-12-05 00:00:00-05:00,93.97370858848998,94.67685167513234,93.42901655728414,94.37975311279297,21932300,0.0,0.0
2024-12-06 00:00:00-05:00,94.61743547685363,95.25125482346246,94.4094642120966,94.77588653564453,18803500,0.0,0.0
2024-12-09 00:00:00-05:00,94.73628096039594,95.01357598452883,92.69616782221892,92.9239501953125,20931100,0.0,0.0
2024-12-10 00:00:00-05:00,93.14182159230724,94.3203253762483,92.8645190285988,93.63699340820312,13164500,0.0,0.0
2024-12-11 00:00:00-05:00,93.62709487140658,94.76599164444482,93.58748021648006,94.04303741455078,19682100,0.0,0.0
2024-12-12 00:00:00-05:00,94.7560850352982,94.79569968978304,93.18143463134766,93.18143463134766,14298600,0.0,0.0
2024-12-13 00:00:00-05:00,93.10006048621867,93.97349113499713,92.3457295421816,93.54669952392578,11495900,0.208,0.0
2024-12-16 00:00:00-05:00,93.71542463937324,94.99579941090747,93.39781282125752,94.16207122802734,16742000,0.0,0.0
2024-12-17 00:00:00-05:00,94.43005264325208,94.77743938435299,93.61617189018865,94.70796203613281,23560800,0.0,0.0
2024-12-18 00:00:00-05:00,94.62855721108474,95.18438356943958,92.43504941966108,92.85192108154297,24665600,0.0,0.0
2024-12-19 00:00:00-05:00,93.77498382260744,93.86430859853812,92.66333865209212,92.70304107666016,16606500,0.0,0.0
2024-12-20 00:00:00-05:00,92.31594753289684,93.0504234214808,90.94624045375642,91.55168914794922,49350600,0.0,0.0
2024-12-23 00:00:00-05:00,90.81721659247674,90.81721659247674,88.24654710185452,89.67579650878906,26205400,0.0,0.0
2024-12-24 00:00:00-05:00,89.6956434326435,91.9884033203125,89.67578843612637,91.9884033203125,8992400,0.0,0.0
2024-12-26 00:00:00-05:00,91.84946073293258,92.18691999354931,91.48221897361722,92.09759521484375,10994000,0.0,0.0
2024-12-27 00:00:00-05:00,91.44250723058087,91.66086676400782,90.35071713590881,90.97602081298828,11384400,0.0,0.0
2024-12-30 00:00:00-05:00,90.05296710864388,90.39042636027284,89.45743830994745,89.89415740966797,9790200,0.0,0.0
2024-12-31 00:00:00-05:00,89.8941560553596,90.26139779936126,89.38795961307908,89.67579650878906,11267700,0.0,0.0
