Date,WF_Equity
2005-01-06T05:00:00.000000+0000,1.0
2005-01-07T05:00:00.000000+0000,0.9957852039145035
2005-01-10T05:00:00.000000+0000,0.9912809816817028
2005-01-11T05:00:00.000000+0000,0.9933047970650877
2005-01-12T05:00:00.000000+0000,0.994515216806852
2005-01-13T05:00:00.000000+0000,0.9992061838194475
2005-01-14T05:00:00.000000+0000,0.9990379727139269
2005-01-18T05:00:00.000000+0000,0.9979888252932662
2005-01-19T05:00:00.000000+0000,1.0078983548497902
2005-01-20T05:00:00.000000+0000,1.0113507427666157
2005-01-21T05:00:00.000000+0000,1.0104838615795122
2005-01-24T05:00:00.000000+0000,1.0112928945420914
2005-01-25T05:00:00.000000+0000,1.0154902005698752
2005-01-26T05:00:00.000000+0000,1.0156397784050357
2005-01-27T05:00:00.000000+0000,1.0162201862825362
2005-01-28T05:00:00.000000+0000,1.015812805567354
2005-01-31T05:00:00.000000+0000,1.014398537566265
2005-02-01T05:00:00.000000+0000,1.0130543815144375
2005-02-02T05:00:00.000000+0000,1.017388305684181
2005-02-03T05:00:00.000000+0000,1.013000297598254
2005-02-04T05:00:00.000000+0000,1.0045943560762076
2005-02-07T05:00:00.000000+0000,1.0056680565733607
2005-02-08T05:00:00.000000+0000,1.001014893025081
2005-02-09T05:00:00.000000+0000,0.9971183431190307
2005-02-10T05:00:00.000000+0000,0.9989131768335483
2005-02-11T05:00:00.000000+0000,1.001368111796305
2005-02-14T05:00:00.000000+0000,0.9982565126921462
2005-02-15T05:00:00.000000+0000,0.9961384931366847
2005-02-16T05:00:00.000000+0000,0.9969151963041275
2005-02-17T05:00:00.000000+0000,0.998535853322798
2005-02-18T05:00:00.000000+0000,0.9984827670674152
2005-02-22T05:00:00.000000+0000,1.0007688475471979
2005-02-23T05:00:00.000000+0000,1.0063908660676673
2005-02-24T05:00:00.000000+0000,1.0084287093188087
2005-02-25T05:00:00.000000+0000,1.0097019479244196
2005-02-28T05:00:00.000000+0000,1.0138595603503469
2005-03-01T05:00:00.000000+0000,1.013698926458286
2005-03-02T05:00:00.000000+0000,1.015324434182923
2005-03-03T05:00:00.000000+0000,1.0105858449180383
2005-03-04T05:00:00.000000+0000,1.0067374898207624
2005-03-07T05:00:00.000000+0000,1.0079003690337132
2005-03-08T05:00:00.000000+0000,1.0171041082130454
2005-03-09T05:00:00.000000+0000,1.0165279875110673
2005-03-10T05:00:00.000000+0000,1.02016602810394
2005-03-11T05:00:00.000000+0000,1.0149533838059748
2005-03-14T05:00:00.000000+0000,1.0200253455430477
2005-03-15T05:00:00.000000+0000,1.0203260193586383
2005-03-16T05:00:00.000000+0000,1.0219438651243409
2005-03-17T05:00:00.000000+0000,1.0209369538230344
2005-03-18T05:00:00.000000+0000,1.0251754154800625
2005-03-21T05:00:00.000000+0000,1.0271910698852602
2005-03-22T05:00:00.000000+0000,1.0277284656177466
2005-03-23T05:00:00.000000+0000,1.027080797342351
2005-03-24T05:00:00.000000+0000,1.0265163407828
2005-03-28T05:00:00.000000+0000,1.0252737808205175
2005-03-29T05:00:00.000000+0000,1.0287717651947594
2005-03-30T05:00:00.000000+0000,1.0258073760581685
2005-03-31T05:00:00.000000+0000,1.0311238121743436
2005-04-01T05:00:00.000000+0000,1.029114508236128
2005-04-04T04:00:00.000000+0000,1.032144093480332
2005-04-05T04:00:00.000000+0000,1.0306115663422508
2005-04-06T04:00:00.000000+0000,1.0307519965874825
2005-04-07T04:00:00.000000+0000,1.027039147798778
2005-04-08T04:00:00.000000+0000,1.0303913324925564
2005-04-11T04:00:00.000000+0000,1.0288921306817145
2005-04-12T04:00:00.000000+0000,1.0251573646915428
2005-04-13T04:00:00.000000+0000,1.024553462021009
2005-04-14T04:00:00.000000+0000,1.0168467783101693
2005-04-15T04:00:00.000000+0000,1.0173042582775251
2005-04-18T04:00:00.000000+0000,1.0154858744716098
2005-04-19T04:00:00.000000+0000,1.0187797328708637
2005-04-20T04:00:00.000000+0000,1.014608084989477
2005-04-21T04:00:00.000000+0000,1.0220789135929054
2005-04-22T04:00:00.000000+0000,1.0029042933751764
2005-04-25T04:00:00.000000+0000,1.0110040351814489
2005-04-26T04:00:00.000000+0000,1.0117066280778835
2005-04-27T04:00:00.000000+0000,1.0130178979449493
2005-04-28T04:00:00.000000+0000,1.0200405498683562
2005-04-29T04:00:00.000000+0000,1.0192964043114219
2005-05-02T04:00:00.000000+0000,1.0186794018280958
2005-05-03T04:00:00.000000+0000,1.0207927856202255
2005-05-04T04:00:00.000000+0000,1.016201322747922
2005-05-05T04:00:00.000000+0000,1.0173615644864167
2005-05-06T04:00:00.000000+0000,1.0152642503988156
2005-05-09T04:00:00.000000+0000,1.0117811442853613
2005-05-10T04:00:00.000000+0000,1.0161060967531255
2005-05-11T04:00:00.000000+0000,1.016261890249788
2005-05-12T04:00:00.000000+0000,1.0158530570644344
2005-05-13T04:00:00.000000+0000,1.0149020757410567
2005-05-16T04:00:00.000000+0000,1.0199008514304622
2005-05-17T04:00:00.000000+0000,1.017321461236257
2005-05-18T04:00:00.000000+0000,1.012629138651442
2005-05-19T04:00:00.000000+0000,1.010544324963383
2005-05-20T04:00:00.000000+0000,1.0117070110122495
2005-05-23T04:00:00.000000+0000,1.0146338576209524
2005-05-24T04:00:00.000000+0000,1.0167299102667993
2005-05-25T04:00:00.000000+0000,1.0200274793855004
2005-05-26T04:00:00.000000+0000,1.0199525841654615
2005-05-27T04:00:00.000000+0000,1.021727312139059
2005-05-31T04:00:00.000000+0000,1.0182913237240188
2005-06-01T04:00:00.000000+0000,1.0227742975869953
2005-06-02T04:00:00.000000+0000,1.019176052878351
2005-06-03T04:00:00.000000+0000,1.0246594854751347
2005-06-06T04:00:00.000000+0000,1.0227281662048167
2005-06-07T04:00:00.000000+0000,1.023887108700208
2005-06-08T04:00:00.000000+0000,1.0220231117128193
2005-06-09T04:00:00.000000+0000,1.021104228901225
2005-06-10T04:00:00.000000+0000,1.020476721979152
2005-06-13T04:00:00.000000+0000,1.0178093220619564
2005-06-14T04:00:00.000000+0000,1.0114963336107545
2005-06-15T04:00:00.000000+0000,1.0118691816606606
2005-06-16T04:00:00.000000+0000,1.0136543585897968
2005-06-17T04:00:00.000000+0000,1.0142877519975664
2005-06-20T04:00:00.000000+0000,1.0147683690655285
2005-06-21T04:00:00.000000+0000,1.0168449799614239
2005-06-22T04:00:00.000000+0000,1.0144418536891935
2005-06-23T04:00:00.000000+0000,1.0094753520731998
2005-06-24T04:00:00.000000+0000,1.0062174670116328
2005-06-27T04:00:00.000000+0000,1.0061720512459857
2005-06-28T04:00:00.000000+0000,1.0135851664624869
2005-06-29T04:00:00.000000+0000,1.012474054987117
2005-06-30T04:00:00.000000+0000,1.0197215983529224
2005-07-01T04:00:00.000000+0000,1.0187585225492695
2005-07-05T04:00:00.000000+0000,1.0209663165094858
2005-07-06T04:00:00.000000+0000,1.0165433919129934
2005-07-07T04:00:00.000000+0000,1.017433295134334
2005-07-08T04:00:00.000000+0000,1.0233038262216299
2005-07-11T04:00:00.000000+0000,1.0208783285659764
2005-07-12T04:00:00.000000+0000,1.0182227843538298
2005-07-13T04:00:00.000000+0000,1.0149734132577135
2005-07-14T04:00:00.000000+0000,1.01210036702049
2005-07-15T04:00:00.000000+0000,1.0137474051008653
2005-07-18T04:00:00.000000+0000,1.0165489726044432
2005-07-19T04:00:00.000000+0000,1.0195021017884371
2005-07-20T04:00:00.000000+0000,1.0199938936961528
2005-07-21T04:00:00.000000+0000,1.0130968362088197
2005-07-22T04:00:00.000000+0000,1.0150631332948
2005-07-25T04:00:00.000000+0000,1.0154179979179792
2005-07-26T04:00:00.000000+0000,1.0163292542577909
2005-07-27T04:00:00.000000+0000,1.0179350486220202
2005-07-28T04:00:00.000000+0000,1.016941263772888
2005-07-29T04:00:00.000000+0000,1.0220027951197799
2005-08-01T04:00:00.000000+0000,1.0217486365331985
2005-08-02T04:00:00.000000+0000,1.0232219543977799
2005-08-03T04:00:00.000000+0000,1.0205051178006228
2005-08-04T04:00:00.000000+0000,1.0196705131043013
2005-08-05T04:00:00.000000+0000,1.0194261183491846
2005-08-08T04:00:00.000000+0000,1.0177545356899145
2005-08-09T04:00:00.000000+0000,1.020095392113056
2005-08-10T04:00:00.000000+0000,1.0168195337349217
2005-08-11T04:00:00.000000+0000,1.0182812971900315
2005-08-12T04:00:00.000000+0000,1.0195218612879566
2005-08-15T04:00:00.000000+0000,1.0202999121092873
2005-08-16T04:00:00.000000+0000,1.0227955674130957
2005-08-17T04:00:00.000000+0000,1.0213719189874129
2005-08-18T04:00:00.000000+0000,1.024334085597249
2005-08-19T04:00:00.000000+0000,1.0253347229823737
2005-08-22T04:00:00.000000+0000,1.0243790065968132
2005-08-23T04:00:00.000000+0000,1.0250025430505643
2005-08-24T04:00:00.000000+0000,1.026483593612618
2005-08-25T04:00:00.000000+0000,1.0245283044077187
2005-08-26T04:00:00.000000+0000,1.023958655388808
2005-08-29T04:00:00.000000+0000,1.0264859876907357
2005-08-30T04:00:00.000000+0000,1.0296661566227392
2005-08-31T04:00:00.000000+0000,1.0322228879026576
2005-09-01T04:00:00.000000+0000,1.0316896120485717
2005-09-02T04:00:00.000000+0000,1.0301853210300134
2005-09-06T04:00:00.000000+0000,1.03196549315582
2005-09-07T04:00:00.000000+0000,1.0322301221998065
2005-09-08T04:00:00.000000+0000,1.0347502955291155
2005-09-09T04:00:00.000000+0000,1.035184258949309
2005-09-12T04:00:00.000000+0000,1.0399410212042624
2005-09-13T04:00:00.000000+0000,1.0465880681291067
2005-09-14T04:00:00.000000+0000,1.044778769739693
2005-09-15T04:00:00.000000+0000,1.0450624224912992
2005-09-16T04:00:00.000000+0000,1.0447238232474485
2005-09-19T04:00:00.000000+0000,1.0442754963404903
2005-09-20T04:00:00.000000+0000,1.0360601185322866
2005-09-21T04:00:00.000000+0000,1.0314723969017023
2005-09-22T04:00:00.000000+0000,1.0411856147422127
2005-09-23T04:00:00.000000+0000,1.0436745409419241
2005-09-26T04:00:00.000000+0000,1.0435065959593905
2005-09-27T04:00:00.000000+0000,1.040514779741146
2005-09-28T04:00:00.000000+0000,1.0375745053691552
2005-09-29T04:00:00.000000+0000,1.0324484942125076
2005-09-30T04:00:00.000000+0000,1.029507522093171
2005-10-03T04:00:00.000000+0000,1.0295494745553548
2005-10-04T04:00:00.000000+0000,1.0327336065815458
2005-10-05T04:00:00.000000+0000,1.0276141056528019
2005-10-06T04:00:00.000000+0000,1.0248493758263195
2005-10-07T04:00:00.000000+0000,1.0205932624555827
2005-10-10T04:00:00.000000+0000,1.0176714757528003
2005-10-11T04:00:00.000000+0000,1.0160293298157654
2005-10-12T04:00:00.000000+0000,1.0193453027644905
2005-10-13T04:00:00.000000+0000,1.0216852526008635
2005-10-14T04:00:00.000000+0000,1.0263066913340821
2005-10-17T04:00:00.000000+0000,1.0250472645419857
2005-10-18T04:00:00.000000+0000,1.026651398868433
2005-10-19T04:00:00.000000+0000,1.0204442109397558
2005-10-20T04:00:00.000000+0000,1.0234012152797285
2005-10-21T04:00:00.000000+0000,1.0218748919454583
2005-10-24T04:00:00.000000+0000,1.0186058080089966
2005-10-25T04:00:00.000000+0000,1.0240042196298245
2005-10-26T04:00:00.000000+0000,1.0299894222786456
2005-10-27T04:00:00.000000+0000,1.0269034978066887
2005-10-28T04:00:00.000000+0000,1.034556654440109
2005-10-31T05:00:00.000000+0000,1.0376410679458363
2005-11-01T05:00:00.000000+0000,1.0412306083608205
2005-11-02T05:00:00.000000+0000,1.0382019890086462
2005-11-03T05:00:00.000000+0000,1.0388959463104117
2005-11-04T05:00:00.000000+0000,1.0339662627520387
2005-11-07T05:00:00.000000+0000,1.0323793661919738
2005-11-08T05:00:00.000000+0000,1.0348087481424229
2005-11-09T05:00:00.000000+0000,1.034741631669504
2005-11-10T05:00:00.000000+0000,1.0387171509353126
2005-11-11T05:00:00.000000+0000,1.0386213300708667
2005-11-14T05:00:00.000000+0000,1.0395830202906555
2005-11-15T05:00:00.000000+0000,1.044086793543945
2005-11-16T05:00:00.000000+0000,1.0464983387824727
2005-11-17T05:00:00.000000+0000,1.047142049213715
2005-11-18T05:00:00.000000+0000,1.0493838717936654
2005-11-21T05:00:00.000000+0000,1.0492952644853004
2005-11-22T05:00:00.000000+0000,1.0530055607766735
2005-11-23T05:00:00.000000+0000,1.0540294258935208
2005-11-25T05:00:00.000000+0000,1.0542391955924773
2005-11-28T05:00:00.000000+0000,1.05747107499133
2005-11-29T05:00:00.000000+0000,1.0512760846828137
2005-11-30T05:00:00.000000+0000,1.055409666818401
2005-12-01T05:00:00.000000+0000,1.0507210244569762
2005-12-02T05:00:00.000000+0000,1.0533050777134838
2005-12-05T05:00:00.000000+0000,1.0514082891991245
2005-12-06T05:00:00.000000+0000,1.0514251316357803
2005-12-07T05:00:00.000000+0000,1.0483826820220823
2005-12-08T05:00:00.000000+0000,1.0464832736611562
2005-12-09T05:00:00.000000+0000,1.044258674552883
2005-12-12T05:00:00.000000+0000,1.0418784145433846
2005-12-13T05:00:00.000000+0000,1.0439087117556496
2005-12-14T05:00:00.000000+0000,1.0391820856366325
2005-12-15T05:00:00.000000+0000,1.041187600345892
2005-12-16T05:00:00.000000+0000,1.0464445723587223
2005-12-19T05:00:00.000000+0000,1.0469570834110962
2005-12-20T05:00:00.000000+0000,1.0485828670667205
2005-12-21T05:00:00.000000+0000,1.049915830251048
2005-12-22T05:00:00.000000+0000,1.0490780297483615
2005-12-23T05:00:00.000000+0000,1.046760594722899
2005-12-27T05:00:00.000000+0000,1.045470748976409
2005-12-28T05:00:00.000000+0000,1.0456283139903317
2005-12-29T05:00:00.000000+0000,1.0430471632830547
2005-12-30T05:00:00.000000+0000,1.0390255797014296
2006-01-10T05:00:00.000000+0000,1.0390255797014296
2006-01-11T05:00:00.000000+0000,1.037925726911315
2006-01-12T05:00:00.000000+0000,1.0417945710835224
2006-01-13T05:00:00.000000+0000,1.0437624827635512
2006-01-17T05:00:00.000000+0000,1.042108874661573
2006-01-18T05:00:00.000000+0000,1.0414828511971723
2006-01-19T05:00:00.000000+0000,1.0451276506373874
2006-01-20T05:00:00.000000+0000,1.0353348799060222
2006-01-23T05:00:00.000000+0000,1.0356997473188403
2006-01-24T05:00:00.000000+0000,1.0404621441894621
2006-01-25T05:00:00.000000+0000,1.0414553057616527
2006-01-26T05:00:00.000000+0000,1.039523841141074
2006-01-27T05:00:00.000000+0000,1.0388522661848796
2006-01-30T05:00:00.000000+0000,1.0394642059273789
2006-01-31T05:00:00.000000+0000,1.0418951700267043
2006-02-01T05:00:00.000000+0000,1.0398484290227865
2006-02-02T05:00:00.000000+0000,1.043986434389627
2006-02-03T05:00:00.000000+0000,1.042431653563962
2006-02-06T05:00:00.000000+0000,1.040208518221629
2006-02-07T05:00:00.000000+0000,1.0408934689537066
2006-02-08T05:00:00.000000+0000,1.0450795824249073
2006-02-09T05:00:00.000000+0000,1.044864330142475
2006-02-10T05:00:00.000000+0000,1.0477823633193777
2006-02-13T05:00:00.000000+0000,1.048578947008908
2006-02-14T05:00:00.000000+0000,1.043938652464599
2006-02-15T05:00:00.000000+0000,1.0412145550848864
2006-02-16T05:00:00.000000+0000,1.039854136060261
2006-02-17T05:00:00.000000+0000,1.0436386329413467
2006-02-21T05:00:00.000000+0000,1.0453306336451254
2006-02-22T05:00:00.000000+0000,1.0409053910358916
2006-02-23T05:00:00.000000+0000,1.0413248730580131
2006-02-24T05:00:00.000000+0000,1.0384291988008678
2006-02-27T05:00:00.000000+0000,1.0420699751835065
2006-02-28T05:00:00.000000+0000,1.0454457127287942
2006-03-01T05:00:00.000000+0000,1.0399474984634118
2006-03-02T05:00:00.000000+0000,1.037525425433213
2006-03-03T05:00:00.000000+0000,1.0371092871931484
2006-03-06T05:00:00.000000+0000,1.0360752754769902
2006-03-07T05:00:00.000000+0000,1.0380601689646833
2006-03-08T05:00:00.000000+0000,1.0362293405187712
2006-03-09T05:00:00.000000+0000,1.0377461334237734
2006-03-10T05:00:00.000000+0000,1.0329014562731897
2006-03-13T05:00:00.000000+0000,1.0329488894455026
2006-03-14T05:00:00.000000+0000,1.037415286083932
2006-03-15T05:00:00.000000+0000,1.039270292951927
2006-03-16T05:00:00.000000+0000,1.0340090174682706
2006-03-17T05:00:00.000000+0000,1.0292531437673451
2006-03-20T05:00:00.000000+0000,1.024252461513519
2006-03-21T05:00:00.000000+0000,1.0240269085835134
2006-03-22T05:00:00.000000+0000,1.0270299319014828
2006-03-23T05:00:00.000000+0000,1.0230542166283418
2006-03-24T05:00:00.000000+0000,1.0261301202362954
2006-03-27T05:00:00.000000+0000,1.0249924775473593
2006-03-28T05:00:00.000000+0000,1.0202993596935261
2006-03-29T05:00:00.000000+0000,1.0220790905882113
2006-03-30T05:00:00.000000+0000,1.0206793440139743
2006-03-31T05:00:00.000000+0000,1.018204977783147
2006-04-03T04:00:00.000000+0000,1.0173150577784735
2006-04-04T04:00:00.000000+0000,1.0170311363135185
2006-04-05T04:00:00.000000+0000,1.0178248825334342
2006-04-06T04:00:00.000000+0000,1.0115460886286818
2006-04-07T04:00:00.000000+0000,1.0101966931703454
2006-04-10T04:00:00.000000+0000,1.012935800544578
2006-04-11T04:00:00.000000+0000,1.010864238183935
2006-04-12T04:00:00.000000+0000,1.0115273177200284
2006-04-13T04:00:00.000000+0000,1.0119999819927759
2006-04-17T04:00:00.000000+0000,1.0097093703889084
2006-04-18T04:00:00.000000+0000,1.0155310205355401
2006-04-19T04:00:00.000000+0000,1.0190887328180693
2006-04-20T04:00:00.000000+0000,1.019270907672068
2006-04-21T04:00:00.000000+0000,1.023686491795909
2006-04-24T04:00:00.000000+0000,1.02698369658125
2006-04-25T04:00:00.000000+0000,1.0266725189741825
2006-04-26T04:00:00.000000+0000,1.0252385009289642
2006-04-27T04:00:00.000000+0000,1.0216690776245247
2006-04-28T04:00:00.000000+0000,1.0200165376827321
2006-05-01T04:00:00.000000+0000,1.025627545554104
2006-05-02T04:00:00.000000+0000,1.0240786315221497
2006-05-03T04:00:00.000000+0000,1.0289258632098435
2006-05-04T04:00:00.000000+0000,1.0323900379593838
2006-05-05T04:00:00.000000+0000,1.023949005620332
2006-05-08T04:00:00.000000+0000,1.0212564333568852
2006-05-09T04:00:00.000000+0000,1.0202330987589165
2006-05-10T04:00:00.000000+0000,1.0198768358386348
2006-05-11T04:00:00.000000+0000,1.0247951082078461
2006-05-12T04:00:00.000000+0000,1.0295756067946236
2006-05-15T04:00:00.000000+0000,1.03250027281062
2006-05-16T04:00:00.000000+0000,1.0358402490693899
2006-05-17T04:00:00.000000+0000,1.0348202301594667
2006-05-18T04:00:00.000000+0000,1.0358732521674827
2006-05-19T04:00:00.000000+0000,1.0354183508406243
2006-05-22T04:00:00.000000+0000,1.037568561201472
2006-05-23T04:00:00.000000+0000,1.0360091140603176
2006-05-24T04:00:00.000000+0000,1.0376078851522759
2006-05-25T04:00:00.000000+0000,1.0338839533468154
2006-05-26T04:00:00.000000+0000,1.0324753782719776
2006-05-30T04:00:00.000000+0000,1.0411619469272175
2006-05-31T04:00:00.000000+0000,1.0389077373307982
2006-06-01T04:00:00.000000+0000,1.0427216182112509
2006-06-02T04:00:00.000000+0000,1.0466593047396475
2006-06-05T04:00:00.000000+0000,1.0415299646190537
2006-06-06T04:00:00.000000+0000,1.0413244272700006
2006-06-07T04:00:00.000000+0000,1.0399546979179914
2006-06-08T04:00:00.000000+0000,1.0462987157912267
2006-06-09T04:00:00.000000+0000,1.0458751521272964
2006-06-12T04:00:00.000000+0000,1.0423672529800583
2006-06-13T04:00:00.000000+0000,1.0477491060874804
2006-06-14T04:00:00.000000+0000,1.0428896231064066
2006-06-15T04:00:00.000000+0000,1.0379468450256584
2006-06-16T04:00:00.000000+0000,1.0416467906879268
2006-06-19T04:00:00.000000+0000,1.040689927970213
2006-06-20T04:00:00.000000+0000,1.0329920657088036
2006-06-21T04:00:00.000000+0000,1.02868766074135
2006-06-22T04:00:00.000000+0000,1.0316132639980733
2006-06-23T04:00:00.000000+0000,1.0304020083521368
2006-06-26T04:00:00.000000+0000,1.0279315340033741
2006-06-27T04:00:00.000000+0000,1.0289601978140703
2006-06-28T04:00:00.000000+0000,1.0277233288109453
2006-06-29T04:00:00.000000+0000,1.0314907037319152
2006-06-30T04:00:00.000000+0000,1.0392358365079368
2006-07-03T04:00:00.000000+0000,1.0380573539968336
2006-07-05T04:00:00.000000+0000,1.0396986130222026
2006-07-06T04:00:00.000000+0000,1.0401595706114344
2006-07-07T04:00:00.000000+0000,1.0386227794602518
2006-07-10T04:00:00.000000+0000,1.0379872815744937
2006-07-11T04:00:00.000000+0000,1.0357533203905451
2006-07-12T04:00:00.000000+0000,1.033761275473821
2006-07-13T04:00:00.000000+0000,1.026773351478699
2006-07-14T04:00:00.000000+0000,1.0193240206387784
2006-07-17T04:00:00.000000+0000,1.019694678216144
2006-07-18T04:00:00.000000+0000,1.0177056586154314
2006-07-19T04:00:00.000000+0000,1.0295790808278091
2006-07-20T04:00:00.000000+0000,1.0290707595612685
2006-07-21T04:00:00.000000+0000,1.0271894168176654
2006-07-24T04:00:00.000000+0000,1.0250924906222976
2006-07-25T04:00:00.000000+0000,1.0253336791392262
2006-07-26T04:00:00.000000+0000,1.034415538880747
2006-07-27T04:00:00.000000+0000,1.0321296619533882
2006-07-28T04:00:00.000000+0000,1.0379350303727097
2006-07-31T04:00:00.000000+0000,1.0427605058506848
2006-08-01T04:00:00.000000+0000,1.0420001802146936
2006-08-02T04:00:00.000000+0000,1.0509670296815108
2006-08-03T04:00:00.000000+0000,1.0390928241252562
2006-08-04T04:00:00.000000+0000,1.0396341624636556
2006-08-07T04:00:00.000000+0000,1.0380537320674874
2006-08-08T04:00:00.000000+0000,1.041190368086127
2006-08-09T04:00:00.000000+0000,1.0408977238985626
2006-08-10T04:00:00.000000+0000,1.0469440970406458
2006-08-11T04:00:00.000000+0000,1.0477908093868118
2006-08-14T04:00:00.000000+0000,1.0531080525403254
2006-08-15T04:00:00.000000+0000,1.0549593372142478
2006-08-16T04:00:00.000000+0000,1.0537335907732164
2006-08-17T04:00:00.000000+0000,1.0535529949664049
2006-08-18T04:00:00.000000+0000,1.0509633159234644
2006-08-21T04:00:00.000000+0000,1.0533103007381757
2006-08-22T04:00:00.000000+0000,1.053330016697541
2006-08-23T04:00:00.000000+0000,1.0482199213584185
2006-08-24T04:00:00.000000+0000,1.0450734658807483
2006-08-25T04:00:00.000000+0000,1.0425885516475866
2006-08-28T04:00:00.000000+0000,1.043568160925619
2006-08-29T04:00:00.000000+0000,1.0398376467727024
2006-08-30T04:00:00.000000+0000,1.0332116596851746
2006-08-31T04:00:00.000000+0000,1.0329469257300825
2006-09-01T04:00:00.000000+0000,1.0318521337122348
2006-09-05T04:00:00.000000+0000,1.036148789844449
2006-09-06T04:00:00.000000+0000,1.0364033873815874
2006-09-07T04:00:00.000000+0000,1.0310575798337491
2006-09-08T04:00:00.000000+0000,1.0272797339070021
2006-09-11T04:00:00.000000+0000,1.0243907692596645
2006-09-12T04:00:00.000000+0000,1.0209123483596123
2006-09-13T04:00:00.000000+0000,1.0251241037373198
2006-09-14T04:00:00.000000+0000,1.0232996065139643
2006-09-15T04:00:00.000000+0000,1.0244499099781446
2006-09-18T04:00:00.000000+0000,1.025402008550055
2006-09-19T04:00:00.000000+0000,1.0215973176844386
2006-09-20T04:00:00.000000+0000,1.0201056674321103
2006-09-21T04:00:00.000000+0000,1.0255750990227104
2006-09-22T04:00:00.000000+0000,1.0264525549104746
2006-09-25T04:00:00.000000+0000,1.0223182661170187
2006-09-26T04:00:00.000000+0000,1.0200141130931646
2006-09-27T04:00:00.000000+0000,1.0218021613376025
2006-09-28T04:00:00.000000+0000,1.0217627072346567
2006-09-29T04:00:00.000000+0000,1.023264194038891
2006-10-02T04:00:00.000000+0000,1.026308295333634
2006-10-03T04:00:00.000000+0000,1.032320929665194
2006-10-04T04:00:00.000000+0000,1.0392218688935166
2006-10-05T04:00:00.000000+0000,1.0424022140094804
2006-10-06T04:00:00.000000+0000,1.045041631591924
2006-10-09T04:00:00.000000+0000,1.045897031668484
2006-10-10T04:00:00.000000+0000,1.043797165880229
2006-10-11T04:00:00.000000+0000,1.0455245749645647
2006-10-12T04:00:00.000000+0000,1.0424894142925798
2006-10-13T04:00:00.000000+0000,1.0427161401966343
2006-10-16T04:00:00.000000+0000,1.0452224109457788
2006-10-17T04:00:00.000000+0000,1.044919594798331
2006-10-18T04:00:00.000000+0000,1.0505428043147902
2006-10-19T04:00:00.000000+0000,1.0546710826119277
2006-10-20T04:00:00.000000+0000,1.043860145450061
2006-10-23T04:00:00.000000+0000,1.036935056754307
2006-10-24T04:00:00.000000+0000,1.0382437304911483
2006-10-25T04:00:00.000000+0000,1.0387744408424975
2006-10-26T04:00:00.000000+0000,1.0349176837974292
2006-10-27T04:00:00.000000+0000,1.0408916229347922
2006-10-30T05:00:00.000000+0000,1.0441360503319932
2006-10-31T05:00:00.000000+0000,1.0435960119874508
2006-11-01T05:00:00.000000+0000,1.044532067178114
2006-11-02T05:00:00.000000+0000,1.0420911096411545
2006-11-03T05:00:00.000000+0000,1.035534481816812
2006-11-06T05:00:00.000000+0000,1.0383893612176274
2006-11-07T05:00:00.000000+0000,1.039429509411106
2006-11-08T05:00:00.000000+0000,1.0374922707790217
2006-11-09T05:00:00.000000+0000,1.036529007932084
2006-11-10T05:00:00.000000+0000,1.0405594136672176
2006-11-13T05:00:00.000000+0000,1.0403255782136207
2006-11-14T05:00:00.000000+0000,1.047322373970066
2006-11-15T05:00:00.000000+0000,1.045464931627213
2006-11-16T05:00:00.000000+0000,1.0477914242146678
2006-11-17T05:00:00.000000+0000,1.0512107395669164
2006-11-20T05:00:00.000000+0000,1.0506323161827025
2006-11-21T05:00:00.000000+0000,1.0504009479496688
2006-11-22T05:00:00.000000+0000,1.0499557195017166
2006-11-24T05:00:00.000000+0000,1.0520758614673278
2006-11-27T05:00:00.000000+0000,1.0467831643742083
2006-11-28T05:00:00.000000+0000,1.0482444849399988
2006-11-29T05:00:00.000000+0000,1.0520367383032947
2006-11-30T05:00:00.000000+0000,1.0443505999278144
2006-12-01T05:00:00.000000+0000,1.0438127804541035
2006-12-04T05:00:00.000000+0000,1.0512812644159315
2006-12-05T05:00:00.000000+0000,1.0471074224198953
2006-12-06T05:00:00.000000+0000,1.0463180387800126
2006-12-07T05:00:00.000000+0000,1.0476779425672962
2006-12-08T05:00:00.000000+0000,1.0474162688312736
2006-12-11T05:00:00.000000+0000,1.0480937112620394
2006-12-12T05:00:00.000000+0000,1.049583142902278
2006-12-13T05:00:00.000000+0000,1.0516375190917426
2006-12-14T05:00:00.000000+0000,1.0558780671608134
2006-12-15T05:00:00.000000+0000,1.060796283085049
2006-12-18T05:00:00.000000+0000,1.0611930192634371
2006-12-19T05:00:00.000000+0000,1.0593222858057043
2006-12-20T05:00:00.000000+0000,1.0598436212209779
2006-12-21T05:00:00.000000+0000,1.0577854259575985
2006-12-22T05:00:00.000000+0000,1.0571587997899528
2006-12-26T05:00:00.000000+0000,1.0622589316174862
2006-12-27T05:00:00.000000+0000,1.0653077885152566
2006-12-28T05:00:00.000000+0000,1.0675038406642965
2006-12-29T05:00:00.000000+0000,1.063992590565593
2007-01-18T05:00:00.000000+0000,1.063992590565593
2007-01-19T05:00:00.000000+0000,1.062878695855452
2007-01-22T05:00:00.000000+0000,1.064474001852117
2007-01-23T05:00:00.000000+0000,1.0646515123690226
2007-01-24T05:00:00.000000+0000,1.0621316940753043
2007-01-25T05:00:00.000000+0000,1.0692973153855263
2007-01-26T05:00:00.000000+0000,1.0720391647313146
2007-01-29T05:00:00.000000+0000,1.0717713774820081
2007-01-30T05:00:00.000000+0000,1.071702182359436
2007-01-31T05:00:00.000000+0000,1.0758525084216954
2007-02-01T05:00:00.000000+0000,1.07733769640288
2007-02-02T05:00:00.000000+0000,1.078685002845719
2007-02-05T05:00:00.000000+0000,1.0809502976543
2007-02-06T05:00:00.000000+0000,1.0808704347580984
2007-02-07T05:00:00.000000+0000,1.0789998666724867
2007-02-08T05:00:00.000000+0000,1.076931156889859
2007-02-09T05:00:00.000000+0000,1.0810913356333607
2007-02-12T05:00:00.000000+0000,1.0813895962542386
2007-02-13T05:00:00.000000+0000,1.0790738373459705
2007-02-14T05:00:00.000000+0000,1.0775678982546681
2007-02-15T05:00:00.000000+0000,1.0753019230083343
2007-02-16T05:00:00.000000+0000,1.0769593852189037
2007-02-20T05:00:00.000000+0000,1.0679361139594736
2007-02-21T05:00:00.000000+0000,1.0690813947421782
2007-02-22T05:00:00.000000+0000,1.0703568788263964
2007-02-23T05:00:00.000000+0000,1.0722639221278376
2007-02-26T05:00:00.000000+0000,1.0730710579377618
2007-02-27T05:00:00.000000+0000,1.076644664375065
2007-02-28T05:00:00.000000+0000,1.0850080080392324
2007-03-01T05:00:00.000000+0000,1.0872767104759649
2007-03-02T05:00:00.000000+0000,1.0839356867835708
2007-03-05T05:00:00.000000+0000,1.0827120191126272
2007-03-06T05:00:00.000000+0000,1.0871332515064225
2007-03-07T05:00:00.000000+0000,1.0855032227208032
2007-03-08T05:00:00.000000+0000,1.0799486239565352
2007-03-09T05:00:00.000000+0000,1.0780116938783828
2007-03-12T04:00:00.000000+0000,1.0734082940265177
2007-03-13T04:00:00.000000+0000,1.0664085012271955
2007-03-14T04:00:00.000000+0000,1.0656409218521175
2007-03-15T04:00:00.000000+0000,1.0703360768312091
2007-03-16T04:00:00.000000+0000,1.069062711245255
2007-03-19T04:00:00.000000+0000,1.0719407448317937
2007-03-20T04:00:00.000000+0000,1.072626739997224
2007-03-21T04:00:00.000000+0000,1.0756393169767198
2007-03-22T04:00:00.000000+0000,1.073034224421239
2007-03-23T04:00:00.000000+0000,1.0750528504915524
2007-03-26T04:00:00.000000+0000,1.075076757423162
2007-03-27T04:00:00.000000+0000,1.079475429097066
2007-03-28T04:00:00.000000+0000,1.0848704908592735
2007-03-29T04:00:00.000000+0000,1.0839166246985177
2007-03-30T04:00:00.000000+0000,1.0837657746074658
2007-04-02T04:00:00.000000+0000,1.0820940140215578
2007-04-03T04:00:00.000000+0000,1.0780666453329035
2007-04-04T04:00:00.000000+0000,1.0778207170875833
2007-04-05T04:00:00.000000+0000,1.0752472273167715
2007-04-09T04:00:00.000000+0000,1.0731529461605183
2007-04-10T04:00:00.000000+0000,1.0750408129201894
2007-04-11T04:00:00.000000+0000,1.0801827760908989
2007-04-12T04:00:00.000000+0000,1.0808535381893758
2007-04-13T04:00:00.000000+0000,1.0811707513257258
2007-04-16T04:00:00.000000+0000,1.0769247718876747
2007-04-17T04:00:00.000000+0000,1.068501805006599
2007-04-18T04:00:00.000000+0000,1.0697633595042253
2007-04-19T04:00:00.000000+0000,1.070948013286616
2007-04-20T04:00:00.000000+0000,1.0687838383193717
2007-04-23T04:00:00.000000+0000,1.073537816995361
2007-04-24T04:00:00.000000+0000,1.074730602717972
2007-04-25T04:00:00.000000+0000,1.0732202871811505
2007-04-26T04:00:00.000000+0000,1.0740095571683095
2007-04-27T04:00:00.000000+0000,1.0771008909174307
2007-04-30T04:00:00.000000+0000,1.082880680282271
2007-05-01T04:00:00.000000+0000,1.0857349834575962
2007-05-02T04:00:00.000000+0000,1.0819028317276698
2007-05-03T04:00:00.000000+0000,1.0783731785348993
2007-05-04T04:00:00.000000+0000,1.0800997421771277
2007-05-07T04:00:00.000000+0000,1.0801218663300771
2007-05-08T04:00:00.000000+0000,1.0814329666316185
2007-05-09T04:00:00.000000+0000,1.0802893089772623
2007-05-10T04:00:00.000000+0000,1.0824176445461444
2007-05-11T04:00:00.000000+0000,1.0834231461532577
2007-05-14T04:00:00.000000+0000,1.0851170801576304
2007-05-15T04:00:00.000000+0000,1.0856383862679369
2007-05-16T04:00:00.000000+0000,1.0842000139522652
2007-05-17T04:00:00.000000+0000,1.0798086790312778
2007-05-18T04:00:00.000000+0000,1.07631417737076
2007-05-21T04:00:00.000000+0000,1.0752232570532372
2007-05-22T04:00:00.000000+0000,1.0745652100185838
2007-05-23T04:00:00.000000+0000,1.0726879351360137
2007-05-24T04:00:00.000000+0000,1.0740052922708165
2007-05-25T04:00:00.000000+0000,1.0757448644559073
2007-05-29T04:00:00.000000+0000,1.0752945620328236
2007-05-30T04:00:00.000000+0000,1.0783110499267816
2007-05-31T04:00:00.000000+0000,1.0818321495192635
2007-06-01T04:00:00.000000+0000,1.0769727059602836
2007-06-04T04:00:00.000000+0000,1.0717616087975863
2007-06-05T04:00:00.000000+0000,1.0709686331506318
2007-06-06T04:00:00.000000+0000,1.0727199878530664
2007-06-07T04:00:00.000000+0000,1.0771277116899463
2007-06-08T04:00:00.000000+0000,1.0812473974390318
2007-06-11T04:00:00.000000+0000,1.0799156493745705
2007-06-12T04:00:00.000000+0000,1.082214757399001
2007-06-13T04:00:00.000000+0000,1.084253985114966
2007-06-14T04:00:00.000000+0000,1.0863606150889242
2007-06-15T04:00:00.000000+0000,1.0869331130740958
2007-06-18T04:00:00.000000+0000,1.0848853556456777
2007-06-19T04:00:00.000000+0000,1.0817425580664526
2007-06-20T04:00:00.000000+0000,1.080422205740448
2007-06-21T04:00:00.000000+0000,1.0777853956913732
2007-06-22T04:00:00.000000+0000,1.072128516181911
2007-06-25T04:00:00.000000+0000,1.0710065937663678
2007-06-26T04:00:00.000000+0000,1.0708764502546417
2007-06-27T04:00:00.000000+0000,1.0698418522323139
2007-06-28T04:00:00.000000+0000,1.0687673753550089
2007-06-29T04:00:00.000000+0000,1.0669646088429967
2007-07-02T04:00:00.000000+0000,1.0644643262094324
2007-07-03T04:00:00.000000+0000,1.065249722878636
2007-07-05T04:00:00.000000+0000,1.0650068591074793
2007-07-06T04:00:00.000000+0000,1.0610842802483105
2007-07-09T04:00:00.000000+0000,1.0619879805246009
2007-07-10T04:00:00.000000+0000,1.0669762593584542
2007-07-11T04:00:00.000000+0000,1.0676765739372447
2007-07-12T04:00:00.000000+0000,1.062810887167119
2007-07-13T04:00:00.000000+0000,1.060290207361774
2007-07-16T04:00:00.000000+0000,1.061824923968565
2007-07-17T04:00:00.000000+0000,1.0639382612602828
2007-07-18T04:00:00.000000+0000,1.0619809019766988
2007-07-19T04:00:00.000000+0000,1.0639903444500591
2007-07-20T04:00:00.000000+0000,1.0679274673942476
2007-07-23T04:00:00.000000+0000,1.0674946292498815
2007-07-24T04:00:00.000000+0000,1.0683255198909676
2007-07-25T04:00:00.000000+0000,1.06694988346408
2007-07-26T04:00:00.000000+0000,1.0718479534716148
2007-07-27T04:00:00.000000+0000,1.0662187812609798
2007-07-30T04:00:00.000000+0000,1.069322974699124
2007-07-31T04:00:00.000000+0000,1.0722722769193853
2007-08-01T04:00:00.000000+0000,1.078218039745297
2007-08-02T04:00:00.000000+0000,1.0822291338652321
2007-08-03T04:00:00.000000+0000,1.0773453939144928
2007-08-06T04:00:00.000000+0000,1.0757782204468236
2007-08-07T04:00:00.000000+0000,1.0694616892677389
2007-08-08T04:00:00.000000+0000,1.0712695727921415
2007-08-09T04:00:00.000000+0000,1.0765618481495
2007-08-10T04:00:00.000000+0000,1.0767269470251806
2007-08-13T04:00:00.000000+0000,1.0855629382906482
2007-08-14T04:00:00.000000+0000,1.0829563914502864
2007-08-15T04:00:00.000000+0000,1.0828873217460444
2007-08-16T04:00:00.000000+0000,1.0826151791754597
2007-08-17T04:00:00.000000+0000,1.0764851206603996
2007-08-20T04:00:00.000000+0000,1.0782782775549566
2007-08-21T04:00:00.000000+0000,1.0865227933398796
2007-08-22T04:00:00.000000+0000,1.090421115164718
2007-08-23T04:00:00.000000+0000,1.0868567407452439
2007-08-24T04:00:00.000000+0000,1.0892813323396993
2007-08-27T04:00:00.000000+0000,1.0899411732930786
2007-08-28T04:00:00.000000+0000,1.081084723340336
2007-08-29T04:00:00.000000+0000,1.089267131402528
2007-08-30T04:00:00.000000+0000,1.0936598335202312
2007-08-31T04:00:00.000000+0000,1.0936829658278413
2007-09-04T04:00:00.000000+0000,1.0993664672454406
2007-09-05T04:00:00.000000+0000,1.1004068605161696
2007-09-06T04:00:00.000000+0000,1.1010049238366153
2007-09-07T04:00:00.000000+0000,1.0989333776041286
2007-09-10T04:00:00.000000+0000,1.0967969337704488
2007-09-11T04:00:00.000000+0000,1.0995995661424283
2007-09-12T04:00:00.000000+0000,1.0964495706079642
2007-09-13T04:00:00.000000+0000,1.1012605158149005
2007-09-14T04:00:00.000000+0000,1.1005599354739468
2007-09-17T04:00:00.000000+0000,1.1018541324531093
2007-09-18T04:00:00.000000+0000,1.1051754443351098
2007-09-19T04:00:00.000000+0000,1.1036372095482734
2007-09-20T04:00:00.000000+0000,1.1059438629961589
2007-09-21T04:00:00.000000+0000,1.1053990101243845
2007-09-24T04:00:00.000000+0000,1.1063467160453253
2007-09-25T04:00:00.000000+0000,1.1078766370832638
2007-09-26T04:00:00.000000+0000,1.1024850114900753
2007-09-27T04:00:00.000000+0000,1.1012996687294907
2007-09-28T04:00:00.000000+0000,1.098645492198967
2007-10-01T04:00:00.000000+0000,1.094093690676623
2007-10-02T04:00:00.000000+0000,1.0951493219435684
2007-10-03T04:00:00.000000+0000,1.0987107616371046
2007-10-04T04:00:00.000000+0000,1.0961964345744728
2007-10-05T04:00:00.000000+0000,1.0959263059270619
2007-10-08T04:00:00.000000+0000,1.0952034316946033
2007-10-09T04:00:00.000000+0000,1.098359933895852
2007-10-10T04:00:00.000000+0000,1.0790574885393287
2007-10-11T04:00:00.000000+0000,1.0781144328531302
2007-10-12T04:00:00.000000+0000,1.0828490958372856
2007-10-15T04:00:00.000000+0000,1.0897430021584986
2007-10-16T04:00:00.000000+0000,1.0959167805192
2007-10-17T04:00:00.000000+0000,1.098338578093317
2007-10-18T04:00:00.000000+0000,1.0973152907636086
2007-10-19T04:00:00.000000+0000,1.1013329705722228
2007-10-22T04:00:00.000000+0000,1.0985058861650348
2007-10-23T04:00:00.000000+0000,1.0943925381373405
2007-10-24T04:00:00.000000+0000,1.0958431064300056
2007-10-25T04:00:00.000000+0000,1.0918312034868962
2007-10-26T04:00:00.000000+0000,1.0962715366094777
2007-10-29T04:00:00.000000+0000,1.0974844399199888
2007-10-30T04:00:00.000000+0000,1.1062856080716397
2007-10-31T04:00:00.000000+0000,1.1070810248431247
2007-11-01T04:00:00.000000+0000,1.1122922263111155
2007-11-02T04:00:00.000000+0000,1.1172812905549492
2007-11-05T05:00:00.000000+0000,1.1203027354082518
2007-11-06T05:00:00.000000+0000,1.122097292826917
2007-11-07T05:00:00.000000+0000,1.1286512739898955
2007-11-08T05:00:00.000000+0000,1.1343381511857156
2007-11-09T05:00:00.000000+0000,1.1357931242759403
2007-11-12T05:00:00.000000+0000,1.1378307969989416
2007-11-13T05:00:00.000000+0000,1.15797571948136
2007-11-14T05:00:00.000000+0000,1.1625749109305719
2007-11-15T05:00:00.000000+0000,1.167035094694595
2007-11-16T05:00:00.000000+0000,1.161456411237353
2007-11-19T05:00:00.000000+0000,1.1671843658539558
2007-11-20T05:00:00.000000+0000,1.164526453041015
2007-11-21T05:00:00.000000+0000,1.1707113768568023
2007-11-23T05:00:00.000000+0000,1.1704267908166661
2007-11-26T05:00:00.000000+0000,1.1774518511666552
2007-11-27T05:00:00.000000+0000,1.168220809937642
2007-11-28T05:00:00.000000+0000,1.158047303617663
2007-11-29T05:00:00.000000+0000,1.1599291646270558
2007-11-30T05:00:00.000000+0000,1.1608701040725187
2007-12-03T05:00:00.000000+0000,1.1638762059458156
2007-12-04T05:00:00.000000+0000,1.1647522883838533
2007-12-05T05:00:00.000000+0000,1.1605998119480814
2007-12-06T05:00:00.000000+0000,1.1539734868494593
2007-12-07T05:00:00.000000+0000,1.1523506376363704
2007-12-10T05:00:00.000000+0000,1.1517213211784154
2007-12-11T05:00:00.000000+0000,1.1587788287550216
2007-12-12T05:00:00.000000+0000,1.156414925024082
2007-12-13T05:00:00.000000+0000,1.1591070241031503
2007-12-14T05:00:00.000000+0000,1.1626523375064965
2007-12-17T05:00:00.000000+0000,1.169443796613692
2007-12-18T05:00:00.000000+0000,1.1692685740422764
2007-12-19T05:00:00.000000+0000,1.1726883169427158
2007-12-20T05:00:00.000000+0000,1.174451246639845
2007-12-21T05:00:00.000000+0000,1.1816430100574566
2007-12-24T05:00:00.000000+0000,1.1851543786699628
2007-12-26T05:00:00.000000+0000,1.1845240239489763
2007-12-27T05:00:00.000000+0000,1.1837476982063304
2007-12-28T05:00:00.000000+0000,1.1854202069875555
2008-01-16T05:00:00.000000+0000,1.1854202069875555
2008-01-17T05:00:00.000000+0000,1.174496253523264
2008-01-18T05:00:00.000000+0000,1.1671301543530952
2008-01-22T05:00:00.000000+0000,1.1319395965009371
2008-01-23T05:00:00.000000+0000,1.1446431280033604
2008-01-24T05:00:00.000000+0000,1.1465036210709845
2008-01-25T05:00:00.000000+0000,1.1278293790627762
2008-01-28T05:00:00.000000+0000,1.1415146449863762
2008-01-29T05:00:00.000000+0000,1.12357113408745
2008-01-30T05:00:00.000000+0000,1.114188693357725
2008-01-31T05:00:00.000000+0000,1.1276167657450957
2008-02-01T05:00:00.000000+0000,1.1372007549316328
2008-02-04T05:00:00.000000+0000,1.1358927715886413
2008-02-05T05:00:00.000000+0000,1.1146493346422306
2008-02-06T05:00:00.000000+0000,1.1033408967058458
2008-02-07T05:00:00.000000+0000,1.137234061976987
2008-02-08T05:00:00.000000+0000,1.1292594888842797
2008-02-11T05:00:00.000000+0000,1.1395377431910492
2008-02-12T05:00:00.000000+0000,1.1420257570831571
2008-02-13T05:00:00.000000+0000,1.1504621851171768
2008-02-14T05:00:00.000000+0000,1.1407666285627593
2008-02-15T05:00:00.000000+0000,1.1375623660505165
2008-02-19T05:00:00.000000+0000,1.1285247054752308
2008-02-20T05:00:00.000000+0000,1.1400271949690788
2008-02-21T05:00:00.000000+0000,1.1424952227869782
2008-02-22T05:00:00.000000+0000,1.1425772384464319
2008-02-25T05:00:00.000000+0000,1.1460751136664273
2008-02-26T05:00:00.000000+0000,1.1510052230203198
2008-02-27T05:00:00.000000+0000,1.1544767076818272
2008-02-28T05:00:00.000000+0000,1.1523733819066493
2008-02-29T05:00:00.000000+0000,1.1325504696609698
2008-03-03T05:00:00.000000+0000,1.1417420473815216
2008-03-04T05:00:00.000000+0000,1.1385857862615516
2008-03-05T05:00:00.000000+0000,1.1361816616003095
2008-03-06T05:00:00.000000+0000,1.133687428268278
2008-03-07T05:00:00.000000+0000,1.1324948315714007
2008-03-10T04:00:00.000000+0000,1.1288602071634455
2008-03-11T04:00:00.000000+0000,1.1595158694235357
2008-03-12T04:00:00.000000+0000,1.1637441316097898
2008-03-13T04:00:00.000000+0000,1.161686082479918
2008-03-14T04:00:00.000000+0000,1.139908974466308
2008-03-17T04:00:00.000000+0000,1.1417298618801106
2008-03-18T04:00:00.000000+0000,1.1661245391613646
2008-03-19T04:00:00.000000+0000,1.161200874350466
2008-03-20T04:00:00.000000+0000,1.182947956664371
2008-03-24T04:00:00.000000+0000,1.1832869547534222
2008-03-25T04:00:00.000000+0000,1.1833717042756848
2008-03-26T04:00:00.000000+0000,1.1834564537979475
2008-03-27T04:00:00.000000+0000,1.1835412033202104
2008-03-28T04:00:00.000000+0000,1.183625952842473
2008-03-31T04:00:00.000000+0000,1.1838802014092615
2008-04-01T04:00:00.000000+0000,1.1839649509315242
2008-04-02T04:00:00.000000+0000,1.184049700453787
2008-04-03T04:00:00.000000+0000,1.18413444997605
2008-04-04T04:00:00.000000+0000,1.1842191994983127
2008-04-07T04:00:00.000000+0000,1.1851748778942075
2008-04-08T04:00:00.000000+0000,1.1861476359860434
2008-04-09T04:00:00.000000+0000,1.18622054444685
2008-04-10T04:00:00.000000+0000,1.196799688297495
2008-04-11T04:00:00.000000+0000,1.190092026494684
2008-04-14T04:00:00.000000+0000,1.1923484988604898
2008-04-15T04:00:00.000000+0000,1.1945129101517933
2008-04-16T04:00:00.000000+0000,1.1999135210537712
2008-04-17T04:00:00.000000+0000,1.1881562314350647
2008-04-18T04:00:00.000000+0000,1.1849471113398748
2008-04-21T04:00:00.000000+0000,1.186312555333955
2008-04-22T04:00:00.000000+0000,1.1768480411438649
2008-04-23T04:00:00.000000+0000,1.178431212906975
2008-04-24T04:00:00.000000+0000,1.169231044048377
2008-04-25T04:00:00.000000+0000,1.1594689486281322
2008-04-28T04:00:00.000000+0000,1.1583009996416456
2008-04-29T04:00:00.000000+0000,1.1550177217326243
2008-04-30T04:00:00.000000+0000,1.1645824952069634
2008-05-01T04:00:00.000000+0000,1.1657473113594679
2008-05-02T04:00:00.000000+0000,1.1657135045561
2008-05-05T04:00:00.000000+0000,1.1592819640750007
2008-05-06T04:00:00.000000+0000,1.158553863143871
2008-05-07T04:00:00.000000+0000,1.1422570717346847
2008-05-08T04:00:00.000000+0000,1.1353793236156213
2008-05-09T04:00:00.000000+0000,1.1301937801049893
2008-05-12T04:00:00.000000+0000,1.1382143812876986
2008-05-13T04:00:00.000000+0000,1.1405301508937502
2008-05-14T04:00:00.000000+0000,1.1469466104553474
2008-05-15T04:00:00.000000+0000,1.160671310692131
2008-05-16T04:00:00.000000+0000,1.1628104982724734
2008-05-19T04:00:00.000000+0000,1.162431319871791
2008-05-20T04:00:00.000000+0000,1.1531966346666476
2008-05-21T04:00:00.000000+0000,1.138382654280335
2008-05-22T04:00:00.000000+0000,1.157769732188861
2008-05-23T04:00:00.000000+0000,1.1566996906835527
2008-05-27T04:00:00.000000+0000,1.1668795106037426
2008-05-28T04:00:00.000000+0000,1.1739255782263984
2008-05-29T04:00:00.000000+0000,1.176183483343094
2008-05-30T04:00:00.000000+0000,1.170767030025764
2008-06-02T04:00:00.000000+0000,1.1613565106052914
2008-06-03T04:00:00.000000+0000,1.1571911138716076
2008-06-04T04:00:00.000000+0000,1.1696164732651373
2008-06-05T04:00:00.000000+0000,1.191422220035018
2008-06-06T04:00:00.000000+0000,1.1915071083906983
2008-06-09T04:00:00.000000+0000,1.195277923387653
2008-06-10T04:00:00.000000+0000,1.2192231813458259
2008-06-11T04:00:00.000000+0000,1.2060555639914088
2008-06-12T04:00:00.000000+0000,1.204913162771077
2008-06-13T04:00:00.000000+0000,1.2028849201461749
2008-06-16T04:00:00.000000+0000,1.1855786932594687
2008-06-17T04:00:00.000000+0000,1.18298477879636
2008-06-18T04:00:00.000000+0000,1.166819816748892
2008-06-19T04:00:00.000000+0000,1.1804641166209193
2008-06-20T04:00:00.000000+0000,1.164463907831961
2008-06-23T04:00:00.000000+0000,1.1640341117224131
2008-06-24T04:00:00.000000+0000,1.1729096365871323
2008-06-25T04:00:00.000000+0000,1.19133637859814
2008-06-26T04:00:00.000000+0000,1.1725752636458302
2008-06-27T04:00:00.000000+0000,1.1463205803878707
2008-06-30T04:00:00.000000+0000,1.147341626356293
2008-07-01T04:00:00.000000+0000,1.1531379828954005
2008-07-02T04:00:00.000000+0000,1.1567572235109969
2008-07-03T04:00:00.000000+0000,1.164293273925676
2008-07-07T04:00:00.000000+0000,1.1603538942237934
2008-07-08T04:00:00.000000+0000,1.166350229121052
2008-07-09T04:00:00.000000+0000,1.1620244151866521
2008-07-10T04:00:00.000000+0000,1.15560965000089
2008-07-11T04:00:00.000000+0000,1.1455865274005619
2008-07-14T04:00:00.000000+0000,1.1524396413806244
2008-07-15T04:00:00.000000+0000,1.1582190851481842
2008-07-16T04:00:00.000000+0000,1.183965141469886
2008-07-17T04:00:00.000000+0000,1.197410036147719
2008-07-18T04:00:00.000000+0000,1.1942492441166228
2008-07-21T04:00:00.000000+0000,1.1708210288475391
2008-07-22T04:00:00.000000+0000,1.2082368853559764
2008-07-23T04:00:00.000000+0000,1.1627044020273882
2008-07-24T04:00:00.000000+0000,1.160009730822174
2008-07-25T04:00:00.000000+0000,1.1515965498733434
2008-07-28T04:00:00.000000+0000,1.142996353845107
2008-07-29T04:00:00.000000+0000,1.1617768549885998
2008-07-30T04:00:00.000000+0000,1.1674993941624114
2008-07-31T04:00:00.000000+0000,1.1669915651550782
2008-08-01T04:00:00.000000+0000,1.164067852362395
2008-08-04T04:00:00.000000+0000,1.1707155075175901
2008-08-05T04:00:00.000000+0000,1.1839412748983118
2008-08-06T04:00:00.000000+0000,1.1916490194139298
2008-08-07T04:00:00.000000+0000,1.191733550514937
2008-08-08T04:00:00.000000+0000,1.1980665736472116
2008-08-11T04:00:00.000000+0000,1.198321496495201
2008-08-12T04:00:00.000000+0000,1.1984064707778639
2008-08-13T04:00:00.000000+0000,1.1984914450605268
2008-08-14T04:00:00.000000+0000,1.2000665475485914
2008-08-15T04:00:00.000000+0000,1.2088672584696853
2008-08-18T04:00:00.000000+0000,1.2091243518290016
2008-08-19T04:00:00.000000+0000,1.2092100496154405
2008-08-20T04:00:00.000000+0000,1.21049504380252
2008-08-21T04:00:00.000000+0000,1.2052556371659215
2008-08-22T04:00:00.000000+0000,1.211769277737512
2008-08-25T04:00:00.000000+0000,1.2059977265336532
2008-08-26T04:00:00.000000+0000,1.2040086056343202
2008-08-27T04:00:00.000000+0000,1.2101006484783448
2008-08-28T04:00:00.000000+0000,1.2116689808338805
2008-08-29T04:00:00.000000+0000,1.1995694825027972
2008-09-02T04:00:00.000000+0000,1.208458634096816
2008-09-03T04:00:00.000000+0000,1.2124675676689398
2008-09-04T04:00:00.000000+0000,1.2082143826805325
2008-09-05T04:00:00.000000+0000,1.2130773465119797
2008-09-08T04:00:00.000000+0000,1.2327852919981255
2008-09-09T04:00:00.000000+0000,1.2366925705301908
2008-09-10T04:00:00.000000+0000,1.2367800857792641
2008-09-11T04:00:00.000000+0000,1.2368676010283375
2008-09-12T04:00:00.000000+0000,1.2369551162774108
2008-09-15T04:00:00.000000+0000,1.2372176620246307
2008-09-16T04:00:00.000000+0000,1.2373051772737038
2008-09-17T04:00:00.000000+0000,1.2373926925227772
2008-09-18T04:00:00.000000+0000,1.2703152327062686
2008-09-19T04:00:00.000000+0000,1.27040507006552
2008-09-22T04:00:00.000000+0000,1.2393552774644443
2008-09-23T04:00:00.000000+0000,1.2302758247591357
2008-09-24T04:00:00.000000+0000,1.2392366868463276
2008-09-25T04:00:00.000000+0000,1.255894161368931
2008-09-26T04:00:00.000000+0000,1.2681754235691127
2008-09-29T04:00:00.000000+0000,1.2239567839895784
2008-09-30T04:00:00.000000+0000,1.267885201055014
2008-10-01T04:00:00.000000+0000,1.2749299291928176
2008-10-02T04:00:00.000000+0000,1.2466331401961779
2008-10-03T04:00:00.000000+0000,1.2462165388343864
2008-10-06T04:00:00.000000+0000,1.2048360619262077
2008-10-07T04:00:00.000000+0000,1.156717683642873
2008-10-08T04:00:00.000000+0000,1.1408016928342193
2008-10-09T04:00:00.000000+0000,1.0765956517533932
2008-10-10T04:00:00.000000+0000,1.0480087712871893
2008-10-13T04:00:00.000000+0000,1.1569136261223665
2008-10-14T04:00:00.000000+0000,1.0816726953890894
2008-10-15T04:00:00.000000+0000,1.0351223432711791
2008-10-16T04:00:00.000000+0000,1.0865992554917132
2008-10-17T04:00:00.000000+0000,1.0793818584541184
2008-10-20T04:00:00.000000+0000,1.1296560639558333
2008-10-21T04:00:00.000000+0000,1.108897605622925
2008-10-22T04:00:00.000000+0000,1.072085982631442
2008-10-23T04:00:00.000000+0000,1.0730853123623993
2008-10-24T04:00:00.000000+0000,1.0407669196874079
2008-10-27T04:00:00.000000+0000,1.0367251650741782
2008-10-28T04:00:00.000000+0000,1.1387361009877248
2008-10-29T04:00:00.000000+0000,1.12135361382953
2008-10-30T04:00:00.000000+0000,1.1283108976811556
2008-10-31T04:00:00.000000+0000,1.123548573047077
2008-11-03T05:00:00.000000+0000,1.1121886274115185
2008-11-04T05:00:00.000000+0000,1.1281781142466443
2008-11-05T05:00:00.000000+0000,1.108163368545562
2008-11-06T05:00:00.000000+0000,1.1062336704239937
2008-11-07T05:00:00.000000+0000,1.1063116334536733
2008-11-10T05:00:00.000000+0000,1.1065455225427128
2008-11-11T05:00:00.000000+0000,1.1066234855723927
2008-11-12T05:00:00.000000+0000,1.0646616372901019
2008-11-13T05:00:00.000000+0000,1.105540121624477
2008-11-14T05:00:00.000000+0000,1.077757839690044
2008-11-17T05:00:00.000000+0000,1.0623255805654783
2008-11-18T05:00:00.000000+0000,1.0655654639550292
2008-11-19T05:00:00.000000+0000,1.0357077820650622
2008-11-20T05:00:00.000000+0000,1.0192769057134434
2008-11-21T05:00:00.000000+0000,1.08555605794595
2008-11-24T05:00:00.000000+0000,1.1158720195639487
2008-11-25T05:00:00.000000+0000,1.1371956946771848
2008-11-26T05:00:00.000000+0000,1.1494395531654986
2008-11-28T05:00:00.000000+0000,1.1496013411449835
2008-12-01T05:00:00.000000+0000,1.1267771863497793
2008-12-02T05:00:00.000000+0000,1.1464555715855451
2008-12-03T05:00:00.000000+0000,1.1554660293568684
2008-12-04T05:00:00.000000+0000,1.145536070839202
2008-12-05T05:00:00.000000+0000,1.154193082626024
2008-12-08T05:00:00.000000+0000,1.1544366139604019
2008-12-09T05:00:00.000000+0000,1.1282885113782515
2008-12-10T05:00:00.000000+0000,1.1334253874733182
2008-12-11T05:00:00.000000+0000,1.1278631439090678
2008-12-12T05:00:00.000000+0000,1.1242252927965644
2008-12-15T05:00:00.000000+0000,1.1330675586190808
2008-12-16T05:00:00.000000+0000,1.1603711290445968
2008-12-17T05:00:00.000000+0000,1.1604526775820745
2008-12-18T05:00:00.000000+0000,1.1554430982039645
2008-12-19T05:00:00.000000+0000,1.1546672774683262
2008-12-22T05:00:00.000000+0000,1.1601766374487235
2008-12-23T05:00:00.000000+0000,1.1410028636961886
2008-12-24T05:00:00.000000+0000,1.1447847664826778
2008-12-26T05:00:00.000000+0000,1.147367672541406
2008-12-29T05:00:00.000000+0000,1.142773211734734
2008-12-30T05:00:00.000000+0000,1.1495083872806087
2009-01-09T05:00:00.000000+0000,1.1495083872806087
2009-01-12T05:00:00.000000+0000,1.1455119691763744
2009-01-13T05:00:00.000000+0000,1.1494118262680408
2009-01-14T05:00:00.000000+0000,1.1380409417629085
2009-01-15T05:00:00.000000+0000,1.1338015438279474
2009-01-16T05:00:00.000000+0000,1.1390775058813656
2009-01-20T05:00:00.000000+0000,1.1303000328559403
2009-01-21T05:00:00.000000+0000,1.1365583110682753
2009-01-22T05:00:00.000000+0000,1.1331326788031815
2009-01-23T05:00:00.000000+0000,1.1329558567700535
2009-01-26T05:00:00.000000+0000,1.1361103546164482
2009-01-27T05:00:00.000000+0000,1.1395332880748896
2009-01-28T05:00:00.000000+0000,1.1408331586028235
2009-01-29T05:00:00.000000+0000,1.1345719101555816
2009-01-30T05:00:00.000000+0000,1.1468722447428417
2009-02-02T05:00:00.000000+0000,1.1427689591157282
2009-02-03T05:00:00.000000+0000,1.1543356057733365
2009-02-04T05:00:00.000000+0000,1.130642721580953
2009-02-05T05:00:00.000000+0000,1.1458876064029877
2009-02-06T05:00:00.000000+0000,1.1496571318261404
2009-02-09T05:00:00.000000+0000,1.1603003034483965
2009-02-10T05:00:00.000000+0000,1.1704954528803735
2009-02-11T05:00:00.000000+0000,1.1710304833203784
2009-02-12T05:00:00.000000+0000,1.1884981108294561
2009-02-13T05:00:00.000000+0000,1.1927186734431705
2009-02-17T05:00:00.000000+0000,1.198791205482331
2009-02-18T05:00:00.000000+0000,1.2113922521759468
2009-02-19T05:00:00.000000+0000,1.2058877409873179
2009-02-20T05:00:00.000000+0000,1.2098389209679545
2009-02-23T05:00:00.000000+0000,1.197904508821023
2009-02-24T05:00:00.000000+0000,1.2074641965821216
2009-02-25T05:00:00.000000+0000,1.2133917807506251
2009-02-26T05:00:00.000000+0000,1.2003723392918586
2009-02-27T05:00:00.000000+0000,1.1981817763591704
2009-03-02T05:00:00.000000+0000,1.181644863416048
2009-03-03T05:00:00.000000+0000,1.1831378789496236
2009-03-04T05:00:00.000000+0000,1.188716103177019
2009-03-05T05:00:00.000000+0000,1.164516857601087
2009-03-06T05:00:00.000000+0000,1.1802724564301468
2009-03-09T04:00:00.000000+0000,1.1690801291389352
2009-03-10T04:00:00.000000+0000,1.1840842241471483
2009-03-11T04:00:00.000000+0000,1.1838991952047258
2009-03-12T04:00:00.000000+0000,1.1932845197295892
2009-03-13T04:00:00.000000+0000,1.184596498079508
2009-03-16T04:00:00.000000+0000,1.1844086226898152
2009-03-17T04:00:00.000000+0000,1.1742113643627374
2009-03-18T04:00:00.000000+0000,1.17100907106515
2009-03-19T04:00:00.000000+0000,1.1769986224896347
2009-03-20T04:00:00.000000+0000,1.1775750085942713
2009-03-23T04:00:00.000000+0000,1.1618272360323865
2009-03-24T04:00:00.000000+0000,1.1648446876148078
2009-03-25T04:00:00.000000+0000,1.160309264107584
2009-03-26T04:00:00.000000+0000,1.1505582828987815
2009-03-27T04:00:00.000000+0000,1.1565015043684932
2009-03-30T04:00:00.000000+0000,1.169754915954546
2009-03-31T04:00:00.000000+0000,1.1692724108101233
2009-04-01T04:00:00.000000+0000,1.1735145689839208
2009-04-02T04:00:00.000000+0000,1.1731454186185952
2009-04-03T04:00:00.000000+0000,1.1761283981372084
2009-04-06T04:00:00.000000+0000,1.182255709841306
2009-04-07T04:00:00.000000+0000,1.1955538871305251
2009-04-08T04:00:00.000000+0000,1.194688543748729
2009-04-09T04:00:00.000000+0000,1.187717798762371
2009-04-13T04:00:00.000000+0000,1.186565834373372
2009-04-14T04:00:00.000000+0000,1.1771818652863146
2009-04-15T04:00:00.000000+0000,1.1853629404573973
2009-04-16T04:00:00.000000+0000,1.1784318858626355
2009-04-17T04:00:00.000000+0000,1.1704213861976578
2009-04-20T04:00:00.000000+0000,1.1757492874484876
2009-04-21T04:00:00.000000+0000,1.1828419183827625
2009-04-22T04:00:00.000000+0000,1.1757410545477354
2009-04-23T04:00:00.000000+0000,1.1770195433968866
2009-04-24T04:00:00.000000+0000,1.1693906890504113
2009-04-27T04:00:00.000000+0000,1.1739241349796943
2009-04-28T04:00:00.000000+0000,1.1799667582791478
2009-04-29T04:00:00.000000+0000,1.1887578889319788
2009-04-30T04:00:00.000000+0000,1.197119743426898
2009-05-01T04:00:00.000000+0000,1.2021624374420519
2009-05-04T04:00:00.000000+0000,1.2111521440124606
2009-05-05T04:00:00.000000+0000,1.2201699487135127
2009-05-06T04:00:00.000000+0000,1.228257891001834
2009-05-07T04:00:00.000000+0000,1.2234166837768885
2009-05-08T04:00:00.000000+0000,1.2270426437053914
2009-05-11T04:00:00.000000+0000,1.2274113769893449
2009-05-12T04:00:00.000000+0000,1.24282876016385
2009-05-13T04:00:00.000000+0000,1.2456491294139382
2009-05-14T04:00:00.000000+0000,1.2453241156884824
2009-05-15T04:00:00.000000+0000,1.2424976749719892
2009-05-18T04:00:00.000000+0000,1.255217930623641
2009-05-19T04:00:00.000000+0000,1.2468001651648906
2009-05-20T04:00:00.000000+0000,1.2374459198541663
2009-05-21T04:00:00.000000+0000,1.2454001538342578
2009-05-22T04:00:00.000000+0000,1.2432677258204865
2009-05-26T04:00:00.000000+0000,1.2373005840684859
2009-05-27T04:00:00.000000+0000,1.2488468535146295
2009-05-28T04:00:00.000000+0000,1.2609139875822393
2009-05-29T04:00:00.000000+0000,1.2641335227934052
2009-06-01T04:00:00.000000+0000,1.2626092899260721
2009-06-02T04:00:00.000000+0000,1.2520922018672382
2009-06-03T04:00:00.000000+0000,1.2654664055945724
2009-06-04T04:00:00.000000+0000,1.2596716913329797
2009-06-05T04:00:00.000000+0000,1.2589870673674692
2009-06-08T04:00:00.000000+0000,1.2626071656471818
2009-06-09T04:00:00.000000+0000,1.2626279978088162
2009-06-10T04:00:00.000000+0000,1.2606772916666613
2009-06-11T04:00:00.000000+0000,1.257372512477051
2009-06-12T04:00:00.000000+0000,1.2656705676632152
2009-06-15T04:00:00.000000+0000,1.2535308046595628
2009-06-16T04:00:00.000000+0000,1.2458619266480495
2009-06-17T04:00:00.000000+0000,1.2496718586524822
2009-06-18T04:00:00.000000+0000,1.2609509389257294
2009-06-19T04:00:00.000000+0000,1.2613426351970187
2009-06-22T04:00:00.000000+0000,1.2609286626817073
2009-06-23T04:00:00.000000+0000,1.2616667099501304
2009-06-24T04:00:00.000000+0000,1.259366984118562
2009-06-25T04:00:00.000000+0000,1.2610356634810715
2009-06-26T04:00:00.000000+0000,1.2663923290704944
2009-06-29T04:00:00.000000+0000,1.2641198897840469
2009-06-30T04:00:00.000000+0000,1.2701760948550334
2009-07-01T04:00:00.000000+0000,1.260436556069847
2009-07-02T04:00:00.000000+0000,1.2634555153972347
2009-07-06T04:00:00.000000+0000,1.269068241835709
2009-07-07T04:00:00.000000+0000,1.2709933807382046
2009-07-08T04:00:00.000000+0000,1.2882592529531474
2009-07-09T04:00:00.000000+0000,1.2888002977401976
2009-07-10T04:00:00.000000+0000,1.2854012450677597
2009-07-13T04:00:00.000000+0000,1.2904503794882696
2009-07-14T04:00:00.000000+0000,1.2877002398852238
2009-07-15T04:00:00.000000+0000,1.268983585125571
2009-07-16T04:00:00.000000+0000,1.265846102025652
2009-07-17T04:00:00.000000+0000,1.2654318731534815
2009-07-20T04:00:00.000000+0000,1.2595477098615224
2009-07-21T04:00:00.000000+0000,1.2630427889924967
2009-07-22T04:00:00.000000+0000,1.2669609852505541
2009-07-23T04:00:00.000000+0000,1.2710912694862506
2009-07-24T04:00:00.000000+0000,1.2658399827045308
2009-07-27T04:00:00.000000+0000,1.2683357450271258
2009-07-28T04:00:00.000000+0000,1.2687689034427776
2009-07-29T04:00:00.000000+0000,1.2664742614382731
2009-07-30T04:00:00.000000+0000,1.2645473706122
2009-07-31T04:00:00.000000+0000,1.2666415870977938
2009-08-03T04:00:00.000000+0000,1.2661630439080753
2009-08-04T04:00:00.000000+0000,1.2789253362270943
2009-08-05T04:00:00.000000+0000,1.2800045219038265
2009-08-06T04:00:00.000000+0000,1.2736891405335153
2009-08-07T04:00:00.000000+0000,1.283563721834261
2009-08-10T04:00:00.000000+0000,1.2906063592103323
2009-08-11T04:00:00.000000+0000,1.2876301272911612
2009-08-12T04:00:00.000000+0000,1.2859542309926948
2009-08-13T04:00:00.000000+0000,1.279987054310366
2009-08-14T04:00:00.000000+0000,1.2829933197275334
2009-08-17T04:00:00.000000+0000,1.278987772749618
2009-08-18T04:00:00.000000+0000,1.2783806477263286
2009-08-19T04:00:00.000000+0000,1.2821683740371534
2009-08-20T04:00:00.000000+0000,1.2822102047812478
2009-08-21T04:00:00.000000+0000,1.2768579517189407
2009-08-24T04:00:00.000000+0000,1.2804869018622371
2009-08-25T04:00:00.000000+0000,1.2747147989881153
2009-08-26T04:00:00.000000+0000,1.270118308088533
2009-08-27T04:00:00.000000+0000,1.2683439663699048
2009-08-28T04:00:00.000000+0000,1.2675267634674519
2009-08-31T04:00:00.000000+0000,1.2727332155703122
2009-09-01T04:00:00.000000+0000,1.2761656669719441
2009-09-02T04:00:00.000000+0000,1.277141597056576
2009-09-03T04:00:00.000000+0000,1.264633592708831
2009-09-04T04:00:00.000000+0000,1.2647893234923466
2009-09-08T04:00:00.000000+0000,1.2608089900229889
2009-09-09T04:00:00.000000+0000,1.2595784678978001
2009-09-10T04:00:00.000000+0000,1.2610321103437474
2009-09-11T04:00:00.000000+0000,1.2594941491057485
2009-09-14T04:00:00.000000+0000,1.2572002211481859
2009-09-15T04:00:00.000000+0000,1.2558407838681105
2009-09-16T04:00:00.000000+0000,1.251311324908955
2009-09-17T04:00:00.000000+0000,1.2462677298373965
2009-09-18T04:00:00.000000+0000,1.2500038120984502
2009-09-21T04:00:00.000000+0000,1.2600844166042153
2009-09-22T04:00:00.000000+0000,1.2608525318921104
2009-09-23T04:00:00.000000+0000,1.2648022716578626
2009-09-24T04:00:00.000000+0000,1.2624413576379907
2009-09-25T04:00:00.000000+0000,1.2657356715177286
2009-09-28T04:00:00.000000+0000,1.2680476984973252
2009-09-29T04:00:00.000000+0000,1.2649493950040713
2009-09-30T04:00:00.000000+0000,1.2628866818949585
2009-10-01T04:00:00.000000+0000,1.2676546480257713
2009-10-02T04:00:00.000000+0000,1.2684316578944705
2009-10-05T04:00:00.000000+0000,1.267041777848108
2009-10-06T04:00:00.000000+0000,1.26415943981174
2009-10-07T04:00:00.000000+0000,1.2570621657304277
2009-10-08T04:00:00.000000+0000,1.2644926476579792
2009-10-09T04:00:00.000000+0000,1.2635705982438614
2009-10-12T04:00:00.000000+0000,1.2679729749932762
2009-10-13T04:00:00.000000+0000,1.2672213651427677
2009-10-14T04:00:00.000000+0000,1.27023328604006
2009-10-15T04:00:00.000000+0000,1.2643939436537754
2009-10-16T04:00:00.000000+0000,1.2650081658450478
2009-10-19T04:00:00.000000+0000,1.26793810058248
2009-10-20T04:00:00.000000+0000,1.2680643472563582
2009-10-21T04:00:00.000000+0000,1.2723075591835291
2009-10-22T04:00:00.000000+0000,1.2741272071039784
2009-10-23T04:00:00.000000+0000,1.2705283691559894
2009-10-26T04:00:00.000000+0000,1.2686576557933547
2009-10-27T04:00:00.000000+0000,1.2715082541359113
2009-10-28T04:00:00.000000+0000,1.2701956657835576
2009-10-29T04:00:00.000000+0000,1.2781404529132243
2009-10-30T04:00:00.000000+0000,1.2737276982454826
2009-11-02T05:00:00.000000+0000,1.27467349068641
2009-11-03T05:00:00.000000+0000,1.2800291750727402
2009-11-04T05:00:00.000000+0000,1.2746828981290623
2009-11-05T05:00:00.000000+0000,1.2701573489297033
2009-11-06T05:00:00.000000+0000,1.2701471746972615
2009-11-09T05:00:00.000000+0000,1.2607010288342193
2009-11-10T05:00:00.000000+0000,1.2608482303182555
2009-11-11T05:00:00.000000+0000,1.2557781686321607
2009-11-12T05:00:00.000000+0000,1.258590882873632
2009-11-13T05:00:00.000000+0000,1.2557809467296526
2009-11-16T05:00:00.000000+0000,1.252780052098385
2009-11-17T05:00:00.000000+0000,1.2520888014849967
2009-11-18T05:00:00.000000+0000,1.2507739750778177
2009-11-19T05:00:00.000000+0000,1.247785390243102
2009-11-20T05:00:00.000000+0000,1.247797225554578
2009-11-23T05:00:00.000000+0000,1.2422368490449516
2009-11-24T05:00:00.000000+0000,1.2413632230352332
2009-11-25T05:00:00.000000+0000,1.2445995395136655
2009-11-27T05:00:00.000000+0000,1.2507215214823597
2009-11-30T05:00:00.000000+0000,1.2510192803129765
2009-12-01T05:00:00.000000+0000,1.2457352379362807
2009-12-02T05:00:00.000000+0000,1.2445299808778443
2009-12-03T05:00:00.000000+0000,1.2553365474551252
2009-12-04T05:00:00.000000+0000,1.255931034058153
2009-12-07T05:00:00.000000+0000,1.2570081735005645
2009-12-08T05:00:00.000000+0000,1.260036468606286
2009-12-09T05:00:00.000000+0000,1.2670458225133754
2009-12-10T05:00:00.000000+0000,1.2674991443712438
2009-12-11T05:00:00.000000+0000,1.2661337446974512
2009-12-14T05:00:00.000000+0000,1.2694019397260456
2009-12-15T05:00:00.000000+0000,1.2737586944229276
2009-12-16T05:00:00.000000+0000,1.2730183620264097
2009-12-17T05:00:00.000000+0000,1.2753236082640607
2009-12-18T05:00:00.000000+0000,1.2734361774060117
2009-12-21T05:00:00.000000+0000,1.2800519341010423
2009-12-22T05:00:00.000000+0000,1.280104165168226
2009-12-23T05:00:00.000000+0000,1.278313605517399
2009-12-24T05:00:00.000000+0000,1.2785506340910262
2009-12-28T05:00:00.000000+0000,1.2757887055910442
2009-12-29T05:00:00.000000+0000,1.2777133374884206
2009-12-30T05:00:00.000000+0000,1.2770194987709502
2010-01-11T05:00:00.000000+0000,1.2770194987709502
2010-01-12T05:00:00.000000+0000,1.2842940421125109
2010-01-13T05:00:00.000000+0000,1.2862252051125171
2010-01-14T05:00:00.000000+0000,1.2882153855279923
2010-01-15T05:00:00.000000+0000,1.2942141137794367
2010-01-19T05:00:00.000000+0000,1.2955595536555513
2010-01-20T05:00:00.000000+0000,1.292036616552314
2010-01-21T05:00:00.000000+0000,1.289416033397611
2010-01-22T05:00:00.000000+0000,1.2878305274091546
2010-01-25T05:00:00.000000+0000,1.2890042036499636
2010-01-26T05:00:00.000000+0000,1.2858758647188444
2010-01-27T05:00:00.000000+0000,1.2902261308685021
2010-01-28T05:00:00.000000+0000,1.275111476540667
2010-01-29T05:00:00.000000+0000,1.275174568484044
2010-02-01T05:00:00.000000+0000,1.2821663967746362
2010-02-02T05:00:00.000000+0000,1.2727992227993628
2010-02-03T05:00:00.000000+0000,1.2846087528592443
2010-02-04T05:00:00.000000+0000,1.297467799072979
2010-02-05T05:00:00.000000+0000,1.2926746115291716
2010-02-08T05:00:00.000000+0000,1.2921723523930715
2010-02-09T05:00:00.000000+0000,1.3019718959685782
2010-02-10T05:00:00.000000+0000,1.2992754565581648
2010-02-11T05:00:00.000000+0000,1.2987578794600498
2010-02-12T05:00:00.000000+0000,1.30166784105605
2010-02-16T05:00:00.000000+0000,1.3056212439059494
2010-02-17T05:00:00.000000+0000,1.3015770033107628
2010-02-18T05:00:00.000000+0000,1.3025806933092272
2010-02-19T05:00:00.000000+0000,1.3048383407299646
2010-02-22T05:00:00.000000+0000,1.3089526077020517
2010-02-23T05:00:00.000000+0000,1.3111643025767026
2010-02-24T05:00:00.000000+0000,1.3117729289322035
2010-02-25T05:00:00.000000+0000,1.3195426416946978
2010-02-26T05:00:00.000000+0000,1.3155494947004158
2010-03-01T05:00:00.000000+0000,1.324479940837772
2010-03-02T05:00:00.000000+0000,1.3209897414418255
2010-03-03T05:00:00.000000+0000,1.3222279737612566
2010-03-04T05:00:00.000000+0000,1.3275043710190209
2010-03-05T05:00:00.000000+0000,1.32350260195869
2010-03-08T05:00:00.000000+0000,1.3256549628486898
2010-03-09T05:00:00.000000+0000,1.323163133311452
2010-03-10T05:00:00.000000+0000,1.3197284362820634
2010-03-11T05:00:00.000000+0000,1.314859729236248
2010-03-12T05:00:00.000000+0000,1.3165075763475798
2010-03-15T04:00:00.000000+0000,1.3095922823751094
2010-03-16T04:00:00.000000+0000,1.3109944844797972
2010-03-17T04:00:00.000000+0000,1.313523104680159
2010-03-18T04:00:00.000000+0000,1.3133327241834942
2010-03-19T04:00:00.000000+0000,1.3204207145057876
2010-03-22T04:00:00.000000+0000,1.3172151858108272
2010-03-23T04:00:00.000000+0000,1.3080824351263751
2010-03-24T04:00:00.000000+0000,1.3086971830796326
2010-03-25T04:00:00.000000+0000,1.3063231601075254
2010-03-26T04:00:00.000000+0000,1.3089807593796807
2010-03-29T04:00:00.000000+0000,1.3063780684804114
2010-03-30T04:00:00.000000+0000,1.305511133162058
2010-03-31T04:00:00.000000+0000,1.3014678124384171
2010-04-01T04:00:00.000000+0000,1.3026049831150064
2010-04-05T04:00:00.000000+0000,1.311898780547728
2010-04-06T04:00:00.000000+0000,1.3060525539697447
2010-04-07T04:00:00.000000+0000,1.299952666986293
2010-04-08T04:00:00.000000+0000,1.3070211233735922
2010-04-09T04:00:00.000000+0000,1.3146455426012902
2010-04-12T04:00:00.000000+0000,1.3259281823474987
2010-04-13T04:00:00.000000+0000,1.328400251556107
2010-04-14T04:00:00.000000+0000,1.326250602844016
2010-04-15T04:00:00.000000+0000,1.3280152627307535
2010-04-16T04:00:00.000000+0000,1.3211263255726164
2010-04-19T04:00:00.000000+0000,1.3200451318344608
2010-04-20T04:00:00.000000+0000,1.3304087257386084
2010-04-21T04:00:00.000000+0000,1.322357206853648
2010-04-22T04:00:00.000000+0000,1.3242370471847442
2010-04-23T04:00:00.000000+0000,1.3239456556153513
2010-04-26T04:00:00.000000+0000,1.328546465939576
2010-04-27T04:00:00.000000+0000,1.3265370211922405
2010-04-28T04:00:00.000000+0000,1.3326389576329098
2010-04-29T04:00:00.000000+0000,1.3372248766422903
2010-04-30T04:00:00.000000+0000,1.3362727106644148
2010-05-03T04:00:00.000000+0000,1.3340589488883596
2010-05-04T04:00:00.000000+0000,1.343109643274393
2010-05-05T04:00:00.000000+0000,1.3503676938702418
2010-05-06T04:00:00.000000+0000,1.3611154754099908
2010-05-07T04:00:00.000000+0000,1.3658837819801721
2010-05-10T04:00:00.000000+0000,1.3896378382762893
2010-05-11T04:00:00.000000+0000,1.3932467091259302
2010-05-12T04:00:00.000000+0000,1.388442711410764
2010-05-13T04:00:00.000000+0000,1.3906947530177969
2010-05-14T04:00:00.000000+0000,1.3893058775101241
2010-05-17T04:00:00.000000+0000,1.3881061274570967
2010-05-18T04:00:00.000000+0000,1.3859389478718567
2010-05-19T04:00:00.000000+0000,1.394844224118934
2010-05-20T04:00:00.000000+0000,1.3969793709803913
2010-05-21T04:00:00.000000+0000,1.3938695013528992
2010-05-24T04:00:00.000000+0000,1.39087769040717
2010-05-25T04:00:00.000000+0000,1.3861080201191016
2010-05-26T04:00:00.000000+0000,1.382477220510604
2010-05-27T04:00:00.000000+0000,1.4012835215408015
2010-05-28T04:00:00.000000+0000,1.4070171589665244
2010-06-01T04:00:00.000000+0000,1.4152871246745353
2010-06-02T04:00:00.000000+0000,1.4168557204241459
2010-06-03T04:00:00.000000+0000,1.4291615450034003
2010-06-04T04:00:00.000000+0000,1.4492589697761302
2010-06-07T04:00:00.000000+0000,1.4517736214110681
2010-06-08T04:00:00.000000+0000,1.46172900469097
2010-06-09T04:00:00.000000+0000,1.4791549615758635
2010-06-10T04:00:00.000000+0000,1.4823261407942065
2010-06-11T04:00:00.000000+0000,1.4803678609951336
2010-06-14T04:00:00.000000+0000,1.477141095548003
2010-06-15T04:00:00.000000+0000,1.4726797311900852
2010-06-16T04:00:00.000000+0000,1.4743223287456657
2010-06-17T04:00:00.000000+0000,1.4817521412802637
2010-06-18T04:00:00.000000+0000,1.4809129177642437
2010-06-21T04:00:00.000000+0000,1.488675997103605
2010-06-22T04:00:00.000000+0000,1.4839993290831766
2010-06-23T04:00:00.000000+0000,1.4849217922668434
2010-06-24T04:00:00.000000+0000,1.4871847541908256
2010-06-25T04:00:00.000000+0000,1.490043995558042
2010-06-28T04:00:00.000000+0000,1.5016482803442022
2010-06-29T04:00:00.000000+0000,1.492751164731845
2010-06-30T04:00:00.000000+0000,1.4895863556549764
2010-07-01T04:00:00.000000+0000,1.4937193204682349
2010-07-02T04:00:00.000000+0000,1.493967196939285
2010-07-06T04:00:00.000000+0000,1.4894637503225585
2010-07-07T04:00:00.000000+0000,1.4934128627795356
2010-07-08T04:00:00.000000+0000,1.5002472902970285
2010-07-09T04:00:00.000000+0000,1.506158267148612
2010-07-12T04:00:00.000000+0000,1.5055921732242132
2010-07-13T04:00:00.000000+0000,1.501768090776543
2010-07-14T04:00:00.000000+0000,1.498569306471634
2010-07-15T04:00:00.000000+0000,1.4959604558010033
2010-07-16T04:00:00.000000+0000,1.4985323028034792
2010-07-19T04:00:00.000000+0000,1.498614400833069
2010-07-20T04:00:00.000000+0000,1.5309270644356685
2010-07-21T04:00:00.000000+0000,1.5195867888293133
2010-07-22T04:00:00.000000+0000,1.535340888415125
2010-07-23T04:00:00.000000+0000,1.543090631268634
2010-07-26T04:00:00.000000+0000,1.540569253528648
2010-07-27T04:00:00.000000+0000,1.5390790774037586
2010-07-28T04:00:00.000000+0000,1.5485466577255858
2010-07-29T04:00:00.000000+0000,1.5527094367490892
2010-07-30T04:00:00.000000+0000,1.5458556948434532
2010-08-02T04:00:00.000000+0000,1.5554577041899091
2010-08-03T04:00:00.000000+0000,1.5293036823297865
2010-08-04T04:00:00.000000+0000,1.5220227068379926
2010-08-05T04:00:00.000000+0000,1.52840679645751
2010-08-06T04:00:00.000000+0000,1.5252979423616295
2010-08-09T04:00:00.000000+0000,1.5250342033405593
2010-08-10T04:00:00.000000+0000,1.5288227987095877
2010-08-11T04:00:00.000000+0000,1.5420815272282673
2010-08-12T04:00:00.000000+0000,1.5429035621412568
2010-08-13T04:00:00.000000+0000,1.5446308545499121
2010-08-16T04:00:00.000000+0000,1.5453122537459711
2010-08-17T04:00:00.000000+0000,1.5516793986455575
2010-08-18T04:00:00.000000+0000,1.5495424736245629
2010-08-19T04:00:00.000000+0000,1.5489145460833689
2010-08-20T04:00:00.000000+0000,1.5520389231551306
2010-08-23T04:00:00.000000+0000,1.551631865236686
2010-08-24T04:00:00.000000+0000,1.5487261726900432
2010-08-25T04:00:00.000000+0000,1.5424419957170266
2010-08-26T04:00:00.000000+0000,1.5514376886491807
2010-08-27T04:00:00.000000+0000,1.556065655534559
2010-08-30T04:00:00.000000+0000,1.551417448815308
2010-08-31T04:00:00.000000+0000,1.5525427858902594
2010-09-01T04:00:00.000000+0000,1.551230098587963
2010-09-02T04:00:00.000000+0000,1.5587660567767563
2010-09-03T04:00:00.000000+0000,1.5590845276878589
2010-09-07T04:00:00.000000+0000,1.5583626342014454
2010-09-08T04:00:00.000000+0000,1.5508411704529297
2010-09-09T04:00:00.000000+0000,1.5544294054363887
2010-09-10T04:00:00.000000+0000,1.5465695600615867
2010-09-13T04:00:00.000000+0000,1.548588996670671
2010-09-14T04:00:00.000000+0000,1.5358757355361994
2010-09-15T04:00:00.000000+0000,1.5340404402437353
2010-09-16T04:00:00.000000+0000,1.534615959980429
2010-09-17T04:00:00.000000+0000,1.5346565857448187
2010-09-20T04:00:00.000000+0000,1.5402470848145435
2010-09-21T04:00:00.000000+0000,1.541675624594842
2010-09-22T04:00:00.000000+0000,1.5381301926665012
2010-09-23T04:00:00.000000+0000,1.5360843578650865
2010-09-24T04:00:00.000000+0000,1.521006027258685
2010-09-27T04:00:00.000000+0000,1.5275656781958997
2010-09-28T04:00:00.000000+0000,1.517063308965867
2010-09-29T04:00:00.000000+0000,1.5162845030767982
2010-09-30T04:00:00.000000+0000,1.5148714663163463
2010-10-01T04:00:00.000000+0000,1.5106937026212757
2010-10-04T04:00:00.000000+0000,1.513872560267951
2010-10-05T04:00:00.000000+0000,1.5235569001050533
2010-10-06T04:00:00.000000+0000,1.5284585714664531
2010-10-07T04:00:00.000000+0000,1.5313110707226971
2010-10-08T04:00:00.000000+0000,1.5276431471777678
2010-10-11T04:00:00.000000+0000,1.5215142689658574
2010-10-12T04:00:00.000000+0000,1.5294855760200199
2010-10-13T04:00:00.000000+0000,1.5256677505444065
2010-10-14T04:00:00.000000+0000,1.5214301620214816
2010-10-15T04:00:00.000000+0000,1.5281752965387305
2010-10-18T04:00:00.000000+0000,1.5268650098777221
2010-10-19T04:00:00.000000+0000,1.516835841168851
2010-10-20T04:00:00.000000+0000,1.5135835901347114
2010-10-21T04:00:00.000000+0000,1.5120693631574234
2010-10-22T04:00:00.000000+0000,1.5083758829874667
2010-10-25T04:00:00.000000+0000,1.5161850467481985
2010-10-26T04:00:00.000000+0000,1.5102964664635274
2010-10-27T04:00:00.000000+0000,1.5101244446252617
2010-10-28T04:00:00.000000+0000,1.520976525787713
2010-10-29T04:00:00.000000+0000,1.5193476003416364
2010-11-01T04:00:00.000000+0000,1.5226115349456288
2010-11-02T04:00:00.000000+0000,1.5260547184612683
2010-11-03T04:00:00.000000+0000,1.5226495107433828
2010-11-04T04:00:00.000000+0000,1.5145320522629748
2010-11-05T04:00:00.000000+0000,1.5155081226389906
2010-11-08T05:00:00.000000+0000,1.5226933591457532
2010-11-09T05:00:00.000000+0000,1.5318460323503562
2010-11-10T05:00:00.000000+0000,1.5323603356007705
2010-11-11T05:00:00.000000+0000,1.5192715911339258
2010-11-12T05:00:00.000000+0000,1.5148847734510698
2010-11-15T05:00:00.000000+0000,1.5118845882235719
2010-11-16T05:00:00.000000+0000,1.5132269784341508
2010-11-17T05:00:00.000000+0000,1.4963487655495176
2010-11-18T05:00:00.000000+0000,1.5120268967335633
2010-11-19T05:00:00.000000+0000,1.5120848021182474
2010-11-22T05:00:00.000000+0000,1.5068885328203052
2010-11-23T05:00:00.000000+0000,1.4996598192629413
2010-11-24T05:00:00.000000+0000,1.4878719242949134
2010-11-26T05:00:00.000000+0000,1.4880437468458756
2010-11-29T05:00:00.000000+0000,1.490810533113793
2010-11-30T05:00:00.000000+0000,1.4709697232734993
2010-12-01T05:00:00.000000+0000,1.4763619798878054
2010-12-02T05:00:00.000000+0000,1.4836922084225934
2010-12-03T05:00:00.000000+0000,1.4900004582947182
2010-12-06T05:00:00.000000+0000,1.4951800915623439
2010-12-07T05:00:00.000000+0000,1.4914021868890306
2010-12-08T05:00:00.000000+0000,1.4956283338463332
2010-12-09T05:00:00.000000+0000,1.477555951767272
2010-12-10T05:00:00.000000+0000,1.4772182683826232
2010-12-13T05:00:00.000000+0000,1.4896748307626495
2010-12-14T05:00:00.000000+0000,1.4880235707002445
2010-12-15T05:00:00.000000+0000,1.4866891507431117
2010-12-16T05:00:00.000000+0000,1.4809774535879385
2010-12-17T05:00:00.000000+0000,1.4774677470544164
2010-12-20T05:00:00.000000+0000,1.475792449295601
2010-12-21T05:00:00.000000+0000,1.475281157010312
2010-12-22T05:00:00.000000+0000,1.4694803896337518
2010-12-23T05:00:00.000000+0000,1.470196227742833
2010-12-27T05:00:00.000000+0000,1.4762074415214546
2010-12-28T05:00:00.000000+0000,1.4720984342440837
2010-12-29T05:00:00.000000+0000,1.4727635479063728
2010-12-30T05:00:00.000000+0000,1.471527425252934
2011-01-10T05:00:00.000000+0000,1.471527425252934
2011-01-11T05:00:00.000000+0000,1.4640915148639977
2011-01-12T05:00:00.000000+0000,1.4637642567698244
2011-01-13T05:00:00.000000+0000,1.4687445125572216
2011-01-14T05:00:00.000000+0000,1.4685251694716082
2011-01-18T05:00:00.000000+0000,1.4678101548320701
2011-01-19T05:00:00.000000+0000,1.4732164778265724
2011-01-20T05:00:00.000000+0000,1.4681439031752315
2011-01-21T05:00:00.000000+0000,1.4712182860514205
2011-01-24T05:00:00.000000+0000,1.4704565983074167
2011-01-25T05:00:00.000000+0000,1.4645769141737393
2011-01-26T05:00:00.000000+0000,1.4648120071483526
2011-01-27T05:00:00.000000+0000,1.4585929934771882
2011-01-28T05:00:00.000000+0000,1.4698415407275636
2011-01-31T05:00:00.000000+0000,1.4657585546164325
2011-02-01T05:00:00.000000+0000,1.4632714653767398
2011-02-02T05:00:00.000000+0000,1.463964896609955
2011-02-03T05:00:00.000000+0000,1.4651983639912414
2011-02-04T05:00:00.000000+0000,1.4656498800679272
2011-02-07T05:00:00.000000+0000,1.4649871303271658
2011-02-08T05:00:00.000000+0000,1.4651972423883222
2011-02-09T05:00:00.000000+0000,1.4673147111022524
2011-02-10T05:00:00.000000+0000,1.4564217749871362
2011-02-11T05:00:00.000000+0000,1.460591889940243
2011-02-14T05:00:00.000000+0000,1.4510639531452774
2011-02-15T05:00:00.000000+0000,1.4524755024715637
2011-02-16T05:00:00.000000+0000,1.4447754306030451
2011-02-17T05:00:00.000000+0000,1.4343208976693997
2011-02-18T05:00:00.000000+0000,1.4568718839269734
2011-02-22T05:00:00.000000+0000,1.4628004753818575
2011-02-23T05:00:00.000000+0000,1.4523578618911674
2011-02-24T05:00:00.000000+0000,1.4398268228055462
2011-02-25T05:00:00.000000+0000,1.430281561019696
2011-02-28T05:00:00.000000+0000,1.433316960082625
2011-03-01T05:00:00.000000+0000,1.4345101479287963
2011-03-02T05:00:00.000000+0000,1.4384366225143739
2011-03-03T05:00:00.000000+0000,1.4273246637201935
2011-03-04T05:00:00.000000+0000,1.4253097066579192
2011-03-07T05:00:00.000000+0000,1.421523973589897
2011-03-08T05:00:00.000000+0000,1.431026075254049
2011-03-09T05:00:00.000000+0000,1.4208032334794776
2011-03-10T05:00:00.000000+0000,1.4224312456794046
2011-03-11T05:00:00.000000+0000,1.4232415275418517
2011-03-14T04:00:00.000000+0000,1.4272352351106272
2011-03-15T04:00:00.000000+0000,1.42062471783103
2011-03-16T04:00:00.000000+0000,1.4044621891782487
2011-03-17T04:00:00.000000+0000,1.4114616969084712
2011-03-18T04:00:00.000000+0000,1.4134183694219906
2011-03-21T04:00:00.000000+0000,1.423083533265394
2011-03-22T04:00:00.000000+0000,1.4281446321393128
2011-03-23T04:00:00.000000+0000,1.4202973378878052
2011-03-24T04:00:00.000000+0000,1.4157036185412548
2011-03-25T04:00:00.000000+0000,1.4099514834056985
2011-03-28T04:00:00.000000+0000,1.4121456073688103
2011-03-29T04:00:00.000000+0000,1.4118703879040462
2011-03-30T04:00:00.000000+0000,1.4084802037035684
2011-03-31T04:00:00.000000+0000,1.405327634275192
2011-04-01T04:00:00.000000+0000,1.3970870284888226
2011-04-04T04:00:00.000000+0000,1.4048075799827733
2011-04-05T04:00:00.000000+0000,1.3976569010510855
2011-04-06T04:00:00.000000+0000,1.3971433647127682
2011-04-07T04:00:00.000000+0000,1.3749653834828768
2011-04-08T04:00:00.000000+0000,1.3874674185164184
2011-04-11T04:00:00.000000+0000,1.3926241557367274
2011-04-12T04:00:00.000000+0000,1.3851742994975536
2011-04-13T04:00:00.000000+0000,1.3894703886087656
2011-04-14T04:00:00.000000+0000,1.396687170023907
2011-04-15T04:00:00.000000+0000,1.3927418975087773
2011-04-18T04:00:00.000000+0000,1.3948334887834368
2011-04-19T04:00:00.000000+0000,1.3940794898495097
2011-04-20T04:00:00.000000+0000,1.4000498139706115
2011-04-21T04:00:00.000000+0000,1.3973342119056942
2011-04-25T04:00:00.000000+0000,1.3977533593601392
2011-04-26T04:00:00.000000+0000,1.3928754209689402
2011-04-27T04:00:00.000000+0000,1.382081231823664
2011-04-28T04:00:00.000000+0000,1.3832419401792255
2011-04-29T04:00:00.000000+0000,1.3885941468470282
2011-05-02T04:00:00.000000+0000,1.3882746004684734
2011-05-03T04:00:00.000000+0000,1.3842706229983053
2011-05-04T04:00:00.000000+0000,1.3763111460680917
2011-05-05T04:00:00.000000+0000,1.3778682612556734
2011-05-06T04:00:00.000000+0000,1.391516468585241
2011-05-09T04:00:00.000000+0000,1.3934220736447895
2011-05-10T04:00:00.000000+0000,1.3953858175844038
2011-05-11T04:00:00.000000+0000,1.3976458055765686
2011-05-12T04:00:00.000000+0000,1.393541984779311
2011-05-13T04:00:00.000000+0000,1.3986056209003357
2011-05-16T04:00:00.000000+0000,1.4022105657508135
2011-05-17T04:00:00.000000+0000,1.3972295888408928
2011-05-18T04:00:00.000000+0000,1.3976904533868098
2011-05-19T04:00:00.000000+0000,1.400660436862449
2011-05-20T04:00:00.000000+0000,1.40294465399705
2011-05-23T04:00:00.000000+0000,1.4046144700861025
2011-05-24T04:00:00.000000+0000,1.399611795682302
2011-05-25T04:00:00.000000+0000,1.3907047254691125
2011-05-26T04:00:00.000000+0000,1.3949011691500646
2011-05-27T04:00:00.000000+0000,1.401068620974434
2011-05-31T04:00:00.000000+0000,1.4040431804132425
2011-06-01T04:00:00.000000+0000,1.4066495713721912
2011-06-02T04:00:00.000000+0000,1.3959930071532494
2011-06-03T04:00:00.000000+0000,1.3973803652036807
2011-06-06T04:00:00.000000+0000,1.3961643349055983
2011-06-07T04:00:00.000000+0000,1.40213863023511
2011-06-08T04:00:00.000000+0000,1.4071917401865361
2011-06-09T04:00:00.000000+0000,1.408881233600346
2011-06-10T04:00:00.000000+0000,1.417346304454224
2011-06-13T04:00:00.000000+0000,1.4146445441244646
2011-06-14T04:00:00.000000+0000,1.4114198102355187
2011-06-15T04:00:00.000000+0000,1.4104341661397024
2011-06-16T04:00:00.000000+0000,1.4116640428022158
2011-06-17T04:00:00.000000+0000,1.4101293160033488
2011-06-20T04:00:00.000000+0000,1.400144666230512
2011-06-21T04:00:00.000000+0000,1.3984307895821881
2011-06-22T04:00:00.000000+0000,1.4043832773565532
2011-06-23T04:00:00.000000+0000,1.4054763411868665
2011-06-24T04:00:00.000000+0000,1.42143537748281
2011-06-27T04:00:00.000000+0000,1.4239059761189572
2011-06-28T04:00:00.000000+0000,1.4168954153910096
2011-06-29T04:00:00.000000+0000,1.4115157451843567
2011-06-30T04:00:00.000000+0000,1.41828313627435
2011-07-01T04:00:00.000000+0000,1.4256373138098601
2011-07-05T04:00:00.000000+0000,1.423626971092755
2011-07-06T04:00:00.000000+0000,1.4212768535024376
2011-07-07T04:00:00.000000+0000,1.4190423488109951
2011-07-08T04:00:00.000000+0000,1.4193078626572069
2011-07-11T04:00:00.000000+0000,1.4152100947910193
2011-07-12T04:00:00.000000+0000,1.414326185104285
2011-07-13T04:00:00.000000+0000,1.4120477563128857
2011-07-14T04:00:00.000000+0000,1.4126909313772715
2011-07-15T04:00:00.000000+0000,1.411923512943983
2011-07-18T04:00:00.000000+0000,1.406324543705978
2011-07-19T04:00:00.000000+0000,1.4213890692536546
2011-07-20T04:00:00.000000+0000,1.4254842534612306
2011-07-21T04:00:00.000000+0000,1.396476701834245
2011-07-22T04:00:00.000000+0000,1.3882234771302226
2011-07-25T04:00:00.000000+0000,1.3782299591017322
2011-07-26T04:00:00.000000+0000,1.3757148538371906
2011-07-27T04:00:00.000000+0000,1.3734148741558105
2011-07-28T04:00:00.000000+0000,1.3736922218126304
2011-07-29T04:00:00.000000+0000,1.3688772534709666
2011-08-01T04:00:00.000000+0000,1.3680742754169992
2011-08-02T04:00:00.000000+0000,1.351480463014341
2011-08-03T04:00:00.000000+0000,1.364755950742566
2011-08-04T04:00:00.000000+0000,1.361012042259612
2011-08-05T04:00:00.000000+0000,1.3711546693964896
2011-08-08T04:00:00.000000+0000,1.3631553698075425
2011-08-09T04:00:00.000000+0000,1.4021017562553157
2011-08-10T04:00:00.000000+0000,1.3736413969593573
2011-08-11T04:00:00.000000+0000,1.3952576173283417
2011-08-12T04:00:00.000000+0000,1.389024105295387
2011-08-15T04:00:00.000000+0000,1.3929262969589669
2011-08-16T04:00:00.000000+0000,1.3830064590340423
2011-08-17T04:00:00.000000+0000,1.387979864348744
2011-08-18T04:00:00.000000+0000,1.4032514817370272
2011-08-19T04:00:00.000000+0000,1.396388189986293
2011-08-22T04:00:00.000000+0000,1.3961694629148031
2011-08-23T04:00:00.000000+0000,1.400113580570326
2011-08-24T04:00:00.000000+0000,1.4004346227838511
2011-08-25T04:00:00.000000+0000,1.4017503529310145
2011-08-26T04:00:00.000000+0000,1.4028588310919325
2011-08-29T04:00:00.000000+0000,1.3977280810107853
2011-08-30T04:00:00.000000+0000,1.395258277910795
2011-08-31T04:00:00.000000+0000,1.3959452309452056
2011-09-01T04:00:00.000000+0000,1.3918923688384375
2011-09-02T04:00:00.000000+0000,1.3917530825273428
2011-09-06T04:00:00.000000+0000,1.3901649854305813
2011-09-07T04:00:00.000000+0000,1.3805243360938686
2011-09-08T04:00:00.000000+0000,1.376103520047732
2011-09-09T04:00:00.000000+0000,1.3768071155861874
2011-09-12T04:00:00.000000+0000,1.3783926587017654
2011-09-13T04:00:00.000000+0000,1.374417817337677
2011-09-14T04:00:00.000000+0000,1.3760908863058763
2011-09-15T04:00:00.000000+0000,1.379092263829638
2011-09-16T04:00:00.000000+0000,1.4088784180283593
2011-09-19T04:00:00.000000+0000,1.4024107848624094
2011-09-20T04:00:00.000000+0000,1.4021270955715472
2011-09-21T04:00:00.000000+0000,1.4120444319595242
2011-09-22T04:00:00.000000+0000,1.4081899103660478
2011-09-23T04:00:00.000000+0000,1.4024288289657136
2011-09-26T04:00:00.000000+0000,1.4162278433212159
2011-09-27T04:00:00.000000+0000,1.4183911446622888
2011-09-28T04:00:00.000000+0000,1.4082237123402581
2011-09-29T04:00:00.000000+0000,1.4115347301030061
2011-09-30T04:00:00.000000+0000,1.4100667657453534
2011-10-03T04:00:00.000000+0000,1.4095687625655942
2011-10-04T04:00:00.000000+0000,1.4015775405675601
2011-10-05T04:00:00.000000+0000,1.4078487792895065
2011-10-06T04:00:00.000000+0000,1.3973016038977044
2011-10-07T04:00:00.000000+0000,1.3901686134702655
2011-10-10T04:00:00.000000+0000,1.3952408903286297
2011-10-11T04:00:00.000000+0000,1.3935525431962799
2011-10-12T04:00:00.000000+0000,1.3919189176832663
2011-10-13T04:00:00.000000+0000,1.3942339195822542
2011-10-14T04:00:00.000000+0000,1.388704610322554
2011-10-17T04:00:00.000000+0000,1.3838309272393081
2011-10-18T04:00:00.000000+0000,1.3723713527409336
2011-10-19T04:00:00.000000+0000,1.3768943223836032
2011-10-20T04:00:00.000000+0000,1.377984133155023
2011-10-21T04:00:00.000000+0000,1.380463298628642
2011-10-24T04:00:00.000000+0000,1.3872344255377644
2011-10-25T04:00:00.000000+0000,1.388134920843757
2011-10-26T04:00:00.000000+0000,1.3842266245389847
2011-10-27T04:00:00.000000+0000,1.391235125937624
2011-10-28T04:00:00.000000+0000,1.3992225408716064
2011-10-31T04:00:00.000000+0000,1.3939921855029282
2011-11-01T04:00:00.000000+0000,1.388021915146259
2011-11-02T04:00:00.000000+0000,1.3876743337139352
2011-11-03T04:00:00.000000+0000,1.3893194590254352
2011-11-04T04:00:00.000000+0000,1.3961445421193661
2011-11-07T05:00:00.000000+0000,1.3955651808189777
2011-11-08T05:00:00.000000+0000,1.387192794422079
2011-11-09T05:00:00.000000+0000,1.4020875566378088
2011-11-10T05:00:00.000000+0000,1.4048866235488426
2011-11-11T05:00:00.000000+0000,1.3946741394436526
2011-11-14T05:00:00.000000+0000,1.401768779200955
2011-11-15T05:00:00.000000+0000,1.4244569921712045
2011-11-16T05:00:00.000000+0000,1.4082736767700408
2011-11-17T05:00:00.000000+0000,1.4197126931170942
2011-11-18T05:00:00.000000+0000,1.4281846868293722
2011-11-21T05:00:00.000000+0000,1.4293430703632803
2011-11-22T05:00:00.000000+0000,1.43140020612115
2011-11-23T05:00:00.000000+0000,1.4221675877721414
2011-11-25T05:00:00.000000+0000,1.423100623549352
2011-11-28T05:00:00.000000+0000,1.4330619875091941
2011-11-29T05:00:00.000000+0000,1.438409700203859
2011-11-30T05:00:00.000000+0000,1.4230407672842038
2011-12-01T05:00:00.000000+0000,1.4284866762126485
2011-12-02T05:00:00.000000+0000,1.4314854593780963
2011-12-05T05:00:00.000000+0000,1.4277469849084758
2011-12-06T05:00:00.000000+0000,1.420753243987301
2011-12-07T05:00:00.000000+0000,1.4255593904186028
2011-12-08T05:00:00.000000+0000,1.4389601325286325
2011-12-09T05:00:00.000000+0000,1.4217188448794444
2011-12-12T05:00:00.000000+0000,1.4270185131627509
2011-12-13T05:00:00.000000+0000,1.426982994026728
2011-12-14T05:00:00.000000+0000,1.419428472211468
2011-12-15T05:00:00.000000+0000,1.4178384568446114
2011-12-16T05:00:00.000000+0000,1.4193687877238739
2011-12-19T05:00:00.000000+0000,1.4170551835083804
2011-12-20T05:00:00.000000+0000,1.4215341618335575
2011-12-21T05:00:00.000000+0000,1.410650714703871
2011-12-22T05:00:00.000000+0000,1.414549082241833
2011-12-23T05:00:00.000000+0000,1.4069289022722986
2011-12-27T05:00:00.000000+0000,1.4077159545516575
2011-12-28T05:00:00.000000+0000,1.41148840222473
2011-12-29T05:00:00.000000+0000,1.4049351876894922
2011-12-30T05:00:00.000000+0000,1.4077085828878768
2012-01-10T05:00:00.000000+0000,1.4077085828878768
2012-01-11T05:00:00.000000+0000,1.4151323311243311
2012-01-12T05:00:00.000000+0000,1.4147325589486197
2012-01-13T05:00:00.000000+0000,1.420096441506193
2012-01-17T05:00:00.000000+0000,1.4202151951924447
2012-01-18T05:00:00.000000+0000,1.4197800103421891
2012-01-19T05:00:00.000000+0000,1.4230853117251452
2012-01-20T05:00:00.000000+0000,1.4251410581533257
2012-01-23T05:00:00.000000+0000,1.4272153781331116
2012-01-24T05:00:00.000000+0000,1.4206468412590285
2012-01-25T05:00:00.000000+0000,1.4250065694722596
2012-01-26T05:00:00.000000+0000,1.4249556558705239
2012-01-27T05:00:00.000000+0000,1.4232781794355613
2012-01-30T05:00:00.000000+0000,1.4127842439093639
2012-01-31T05:00:00.000000+0000,1.4101929082709062
2012-02-01T05:00:00.000000+0000,1.4039521788342668
2012-02-02T05:00:00.000000+0000,1.4078834047137143
2012-02-03T05:00:00.000000+0000,1.4030042931973068
2012-02-06T05:00:00.000000+0000,1.4139040298413377
2012-02-07T05:00:00.000000+0000,1.4179401603680601
2012-02-08T05:00:00.000000+0000,1.418322810786384
2012-02-09T05:00:00.000000+0000,1.4201320004875626
2012-02-10T05:00:00.000000+0000,1.4183705703526523
2012-02-13T05:00:00.000000+0000,1.4116017216144294
2012-02-14T05:00:00.000000+0000,1.4069707758537333
2012-02-15T05:00:00.000000+0000,1.4012232631333548
2012-02-16T05:00:00.000000+0000,1.390391092982643
2012-02-17T05:00:00.000000+0000,1.3929293315541522
2012-02-21T05:00:00.000000+0000,1.4003602068814907
2012-02-22T05:00:00.000000+0000,1.3788510099024536
2012-02-23T05:00:00.000000+0000,1.378842353871445
2012-02-24T05:00:00.000000+0000,1.3787759702139153
2012-02-27T05:00:00.000000+0000,1.3750097600525983
2012-02-28T05:00:00.000000+0000,1.3734251844519645
2012-02-29T05:00:00.000000+0000,1.3728289409294403
2012-03-01T05:00:00.000000+0000,1.382618561442329
2012-03-02T05:00:00.000000+0000,1.3817251766190495
2012-03-05T05:00:00.000000+0000,1.3734927131006653
2012-03-06T05:00:00.000000+0000,1.3683063515513658
2012-03-07T05:00:00.000000+0000,1.3696194672548472
2012-03-08T05:00:00.000000+0000,1.3697161382851484
2012-03-09T05:00:00.000000+0000,1.3640226487766127
2012-03-12T04:00:00.000000+0000,1.3634668190941726
2012-03-13T04:00:00.000000+0000,1.3599155545125672
2012-03-14T04:00:00.000000+0000,1.359068345749836
2012-03-15T04:00:00.000000+0000,1.354925981798877
2012-03-16T04:00:00.000000+0000,1.3625251701127283
2012-03-19T04:00:00.000000+0000,1.3599102213653678
2012-03-20T04:00:00.000000+0000,1.3541325379910871
2012-03-21T04:00:00.000000+0000,1.3532021994151577
2012-03-22T04:00:00.000000+0000,1.3561137586239183
2012-03-23T04:00:00.000000+0000,1.3553234705330002
2012-03-26T04:00:00.000000+0000,1.3608214077499305
2012-03-27T04:00:00.000000+0000,1.361149313046781
2012-03-28T04:00:00.000000+0000,1.3540738921135425
2012-03-29T04:00:00.000000+0000,1.3375305203099925
2012-03-30T04:00:00.000000+0000,1.3377143450761033
2012-04-02T04:00:00.000000+0000,1.3400223307706451
2012-04-03T04:00:00.000000+0000,1.3434998302866104
2012-04-04T04:00:00.000000+0000,1.3361995538299356
2012-04-05T04:00:00.000000+0000,1.3331821209419819
2012-04-09T04:00:00.000000+0000,1.332343949284829
2012-04-10T04:00:00.000000+0000,1.32479589265568
2012-04-11T04:00:00.000000+0000,1.3280311564877647
2012-04-12T04:00:00.000000+0000,1.3269238106339645
2012-04-13T04:00:00.000000+0000,1.3203357542601257
2012-04-16T04:00:00.000000+0000,1.3244905258711228
2012-04-17T04:00:00.000000+0000,1.3263978093877216
2012-04-18T04:00:00.000000+0000,1.3244042777336067
2012-04-19T04:00:00.000000+0000,1.3277547845635216
2012-04-20T04:00:00.000000+0000,1.323734409977456
2012-04-23T04:00:00.000000+0000,1.3547042801449776
2012-04-24T04:00:00.000000+0000,1.3306157057151118
2012-04-25T04:00:00.000000+0000,1.3186230572300233
2012-04-26T04:00:00.000000+0000,1.3370962310994998
2012-04-27T04:00:00.000000+0000,1.32987945735101
2012-04-30T04:00:00.000000+0000,1.3312173975371917
2012-05-01T04:00:00.000000+0000,1.3251654367800094
2012-05-02T04:00:00.000000+0000,1.327457636700886
2012-05-03T04:00:00.000000+0000,1.330547084701013
2012-05-04T04:00:00.000000+0000,1.3276147107189662
2012-05-07T04:00:00.000000+0000,1.323289915777918
2012-05-08T04:00:00.000000+0000,1.3204306014031106
2012-05-09T04:00:00.000000+0000,1.325313513966516
2012-05-10T04:00:00.000000+0000,1.3336233884376958
2012-05-11T04:00:00.000000+0000,1.3262499057129737
2012-05-14T04:00:00.000000+0000,1.3291145739791617
2012-05-15T04:00:00.000000+0000,1.3283704957661364
2012-05-16T04:00:00.000000+0000,1.323697410026428
2012-05-17T04:00:00.000000+0000,1.3130128894855155
2012-05-18T04:00:00.000000+0000,1.2956785061072473
2012-05-21T04:00:00.000000+0000,1.2933734220631417
2012-05-22T04:00:00.000000+0000,1.2835176613654689
2012-05-23T04:00:00.000000+0000,1.2780719942585073
2012-05-24T04:00:00.000000+0000,1.27506736498464
2012-05-25T04:00:00.000000+0000,1.2719008491959902
2012-05-29T04:00:00.000000+0000,1.2729790207588678
2012-05-30T04:00:00.000000+0000,1.2689345612496001
2012-05-31T04:00:00.000000+0000,1.2643407474679393
2012-06-01T04:00:00.000000+0000,1.2634169039921348
2012-06-04T04:00:00.000000+0000,1.2602637041283
2012-06-05T04:00:00.000000+0000,1.2553122534358196
2012-06-06T04:00:00.000000+0000,1.2597467599464922
2012-06-07T04:00:00.000000+0000,1.2590090068593778
2012-06-08T04:00:00.000000+0000,1.2627876288717486
2012-06-11T04:00:00.000000+0000,1.2692960879395954
2012-06-12T04:00:00.000000+0000,1.2675513769044349
2012-06-13T04:00:00.000000+0000,1.2736753530866567
2012-06-14T04:00:00.000000+0000,1.2858393260545842
2012-06-15T04:00:00.000000+0000,1.2847399802598205
2012-06-18T04:00:00.000000+0000,1.2841032204068186
2012-06-19T04:00:00.000000+0000,1.284464734725571
2012-06-20T04:00:00.000000+0000,1.268262713752444
2012-06-21T04:00:00.000000+0000,1.26909713916135
2012-06-22T04:00:00.000000+0000,1.266226344069053
2012-06-25T04:00:00.000000+0000,1.2606015738965402
2012-06-26T04:00:00.000000+0000,1.2564780329614917
2012-06-27T04:00:00.000000+0000,1.2639124432822033
2012-06-28T04:00:00.000000+0000,1.268537175883287
2012-06-29T04:00:00.000000+0000,1.254379841092825
2012-07-02T04:00:00.000000+0000,1.2584622336115348
2012-07-03T04:00:00.000000+0000,1.2565890541972125
2012-07-05T04:00:00.000000+0000,1.2623054361206558
2012-07-06T04:00:00.000000+0000,1.2598597488967866
2012-07-09T04:00:00.000000+0000,1.2564506019863082
2012-07-10T04:00:00.000000+0000,1.2522500191913832
2012-07-11T04:00:00.000000+0000,1.2532775745048355
2012-07-12T04:00:00.000000+0000,1.2462098746550827
2012-07-13T04:00:00.000000+0000,1.2378166967897493
2012-07-16T04:00:00.000000+0000,1.2340721049647845
2012-07-17T04:00:00.000000+0000,1.2386932208415673
2012-07-18T04:00:00.000000+0000,1.2363946293261396
2012-07-19T04:00:00.000000+0000,1.2363187475909627
2012-07-20T04:00:00.000000+0000,1.2443499586820053
2012-07-23T04:00:00.000000+0000,1.2488444885971834
2012-07-24T04:00:00.000000+0000,1.253151717286878
2012-07-25T04:00:00.000000+0000,1.2668654843606486
2012-07-26T04:00:00.000000+0000,1.2814189924772006
2012-07-27T04:00:00.000000+0000,1.2792866191014178
2012-07-30T04:00:00.000000+0000,1.2705359943784316
2012-07-31T04:00:00.000000+0000,1.2730828532561844
2012-08-01T04:00:00.000000+0000,1.2760119650731168
2012-08-02T04:00:00.000000+0000,1.280951540793988
2012-08-03T04:00:00.000000+0000,1.2923464869608094
2012-08-06T04:00:00.000000+0000,1.2915250528242537
2012-08-07T04:00:00.000000+0000,1.2849806446975525
2012-08-08T04:00:00.000000+0000,1.2784379384476159
2012-08-09T04:00:00.000000+0000,1.2757711720995109
2012-08-10T04:00:00.000000+0000,1.271766394266844
2012-08-13T04:00:00.000000+0000,1.272994465116441
2012-08-14T04:00:00.000000+0000,1.2718967745029741
2012-08-15T04:00:00.000000+0000,1.272270165599939
2012-08-16T04:00:00.000000+0000,1.2754372551537465
2012-08-17T04:00:00.000000+0000,1.2756698458100224
2012-08-20T04:00:00.000000+0000,1.278938046932316
2012-08-21T04:00:00.000000+0000,1.2740335701693009
2012-08-22T04:00:00.000000+0000,1.2781127012764755
2012-08-23T04:00:00.000000+0000,1.2782592490254285
2012-08-24T04:00:00.000000+0000,1.2842558566022602
2012-08-27T04:00:00.000000+0000,1.2757752088104126
2012-08-28T04:00:00.000000+0000,1.2733964914773634
2012-08-29T04:00:00.000000+0000,1.261183342501619
2012-08-30T04:00:00.000000+0000,1.246185951607069
2012-08-31T04:00:00.000000+0000,1.2550984829991987
2012-09-04T04:00:00.000000+0000,1.2512895047084776
2012-09-05T04:00:00.000000+0000,1.2547031311139525
2012-09-06T04:00:00.000000+0000,1.2488106688625755
2012-09-07T04:00:00.000000+0000,1.2500021690225498
2012-09-10T04:00:00.000000+0000,1.250213202038284
2012-09-11T04:00:00.000000+0000,1.2537384329031638
2012-09-12T04:00:00.000000+0000,1.2317973629437469
2012-09-13T04:00:00.000000+0000,1.2276513937306557
2012-09-14T04:00:00.000000+0000,1.2274194289597156
2012-09-17T04:00:00.000000+0000,1.226389211153359
2012-09-18T04:00:00.000000+0000,1.2250340871685528
2012-09-19T04:00:00.000000+0000,1.2276589341037225
2012-09-20T04:00:00.000000+0000,1.2257860933999714
2012-09-21T04:00:00.000000+0000,1.2245598939586828
2012-09-24T04:00:00.000000+0000,1.2230102129615337
2012-09-25T04:00:00.000000+0000,1.2198792259844524
2012-09-26T04:00:00.000000+0000,1.2237159280675975
2012-09-27T04:00:00.000000+0000,1.2326282161518574
2012-09-28T04:00:00.000000+0000,1.2317284062600309
2012-10-01T04:00:00.000000+0000,1.2349246772763418
2012-10-02T04:00:00.000000+0000,1.2293022638568145
2012-10-03T04:00:00.000000+0000,1.2317082806328365
2012-10-04T04:00:00.000000+0000,1.2417575252777042
2012-10-05T04:00:00.000000+0000,1.2399004431416185
2012-10-08T04:00:00.000000+0000,1.2390293977620706
2012-10-09T04:00:00.000000+0000,1.2445818386508747
2012-10-10T04:00:00.000000+0000,1.2466850414943773
2012-10-11T04:00:00.000000+0000,1.2652900114884935
2012-10-12T04:00:00.000000+0000,1.253588058462423
2012-10-15T04:00:00.000000+0000,1.2358266074969868
2012-10-16T04:00:00.000000+0000,1.240886024349192
2012-10-17T04:00:00.000000+0000,1.238510619382038
2012-10-18T04:00:00.000000+0000,1.2356314546331368
2012-10-19T04:00:00.000000+0000,1.233694342126763
2012-10-22T04:00:00.000000+0000,1.235755673860308
2012-10-23T04:00:00.000000+0000,1.2350276831930957
2012-10-24T04:00:00.000000+0000,1.2395424784919515
2012-10-25T04:00:00.000000+0000,1.2436449426157652
2012-10-26T04:00:00.000000+0000,1.2500480546578527
2012-10-31T04:00:00.000000+0000,1.242797375798664
2012-11-01T04:00:00.000000+0000,1.2380000444635229
2012-11-02T04:00:00.000000+0000,1.232805692152863
2012-11-05T05:00:00.000000+0000,1.2405721362246505
2012-11-06T05:00:00.000000+0000,1.2391028155859574
2012-11-07T05:00:00.000000+0000,1.2429874104268879
2012-11-08T05:00:00.000000+0000,1.2375921475727227
2012-11-09T05:00:00.000000+0000,1.2384775195122737
2012-11-12T05:00:00.000000+0000,1.239005586842373
2012-11-13T05:00:00.000000+0000,1.2368418746598815
2012-11-14T05:00:00.000000+0000,1.2342371027512598
2012-11-15T05:00:00.000000+0000,1.242232365932503
2012-11-16T05:00:00.000000+0000,1.2360604103119797
2012-11-19T05:00:00.000000+0000,1.233559076954248
2012-11-20T05:00:00.000000+0000,1.2332150465135097
2012-11-21T05:00:00.000000+0000,1.2299142845968636
2012-11-23T05:00:00.000000+0000,1.2327267779609252
2012-11-26T05:00:00.000000+0000,1.233819034318174
2012-11-27T05:00:00.000000+0000,1.2382090026338215
2012-11-28T05:00:00.000000+0000,1.275027970429663
2012-11-29T05:00:00.000000+0000,1.279418897006346
2012-11-30T05:00:00.000000+0000,1.266650322843374
2012-12-03T05:00:00.000000+0000,1.2595004574651145
2012-12-04T05:00:00.000000+0000,1.2605545949687678
2012-12-05T05:00:00.000000+0000,1.2547153322111824
2012-12-06T05:00:00.000000+0000,1.258935527061505
2012-12-07T05:00:00.000000+0000,1.263917016069425
2012-12-10T05:00:00.000000+0000,1.2602436670557664
2012-12-11T05:00:00.000000+0000,1.2712880639074962
2012-12-12T05:00:00.000000+0000,1.2529034325629906
2012-12-13T05:00:00.000000+0000,1.2593895840689304
2012-12-14T05:00:00.000000+0000,1.2557398526286152
2012-12-17T05:00:00.000000+0000,1.2597293659351438
2012-12-18T05:00:00.000000+0000,1.2610278415434941
2012-12-19T05:00:00.000000+0000,1.2595877133900675
2012-12-20T05:00:00.000000+0000,1.2608924499211254
2012-12-21T05:00:00.000000+0000,1.2563267958505875
2012-12-24T05:00:00.000000+0000,1.2539177937673756
2012-12-26T05:00:00.000000+0000,1.2534181549532544
2012-12-27T05:00:00.000000+0000,1.253101844236308
2012-12-28T05:00:00.000000+0000,1.2455030126355402
2013-01-09T05:00:00.000000+0000,1.2455030126355402
2013-01-10T05:00:00.000000+0000,1.2372099105957155
2013-01-11T05:00:00.000000+0000,1.2337734073832773
2013-01-14T05:00:00.000000+0000,1.2315420006690998
2013-01-15T05:00:00.000000+0000,1.2336502286468676
2013-01-16T05:00:00.000000+0000,1.2370010058501275
2013-01-17T05:00:00.000000+0000,1.2288202243852107
2013-01-18T05:00:00.000000+0000,1.2284353547548388
2013-01-22T05:00:00.000000+0000,1.2309644288137764
2013-01-23T05:00:00.000000+0000,1.231799652546602
2013-01-24T05:00:00.000000+0000,1.2338204114624556
2013-01-25T05:00:00.000000+0000,1.2080311404662272
2013-01-28T05:00:00.000000+0000,1.2030909962568923
2013-01-29T05:00:00.000000+0000,1.1997251352045197
2013-01-30T05:00:00.000000+0000,1.1991229944699584
2013-01-31T05:00:00.000000+0000,1.1985224913645556
2013-02-01T05:00:00.000000+0000,1.2030615596439802
2013-02-04T05:00:00.000000+0000,1.2084849282570325
2013-02-05T05:00:00.000000+0000,1.2107098682832245
2013-02-06T05:00:00.000000+0000,1.2001681289464112
2013-02-07T05:00:00.000000+0000,1.2011716446046958
2013-02-08T05:00:00.000000+0000,1.2088754697847925
2013-02-11T05:00:00.000000+0000,1.2066654190722974
2013-02-12T05:00:00.000000+0000,1.221712641211788
2013-02-13T05:00:00.000000+0000,1.2161062224091332
2013-02-14T05:00:00.000000+0000,1.2083129350049726
2013-02-15T05:00:00.000000+0000,1.219712930469802
2013-02-19T05:00:00.000000+0000,1.2087232848276424
2013-02-20T05:00:00.000000+0000,1.2133190450915659
2013-02-21T05:00:00.000000+0000,1.2230051550065777
2013-02-22T05:00:00.000000+0000,1.2225197147588007
2013-02-25T05:00:00.000000+0000,1.22874897235801
2013-02-26T05:00:00.000000+0000,1.2213070869560574
2013-02-27T05:00:00.000000+0000,1.224443595720839
2013-02-28T05:00:00.000000+0000,1.227414819999662
2013-03-01T05:00:00.000000+0000,1.230229514753145
2013-03-04T05:00:00.000000+0000,1.2187244934965322
2013-03-05T05:00:00.000000+0000,1.2149370018113128
2013-03-06T05:00:00.000000+0000,1.2184503152814248
2013-03-07T05:00:00.000000+0000,1.2189867249473254
2013-03-08T05:00:00.000000+0000,1.2175194597473533
2013-03-11T04:00:00.000000+0000,1.2180505301932356
2013-03-12T04:00:00.000000+0000,1.2312616677829369
2013-03-13T04:00:00.000000+0000,1.2331742619420922
2013-03-14T04:00:00.000000+0000,1.2415109699620213
2013-03-15T04:00:00.000000+0000,1.2485475026365647
2013-03-18T04:00:00.000000+0000,1.2479996123231565
2013-03-19T04:00:00.000000+0000,1.2557436952563712
2013-03-20T04:00:00.000000+0000,1.2530253876259343
2013-03-21T04:00:00.000000+0000,1.2510838910317612
2013-03-22T04:00:00.000000+0000,1.2720065056508307
2013-03-25T04:00:00.000000+0000,1.2699490984751214
2013-03-26T04:00:00.000000+0000,1.2669790864250046
2013-03-27T04:00:00.000000+0000,1.2630139840499197
2013-03-28T04:00:00.000000+0000,1.2661525425038498
2013-04-01T04:00:00.000000+0000,1.2714901185428182
2013-04-02T04:00:00.000000+0000,1.2665576474690226
2013-04-03T04:00:00.000000+0000,1.2733346906631289
2013-04-04T04:00:00.000000+0000,1.2775236506341503
2013-04-05T04:00:00.000000+0000,1.2766812065605377
2013-04-08T04:00:00.000000+0000,1.2815835521529282
2013-04-09T04:00:00.000000+0000,1.2747425002508488
2013-04-10T04:00:00.000000+0000,1.280621047999877
2013-04-11T04:00:00.000000+0000,1.2804800668423755
2013-04-12T04:00:00.000000+0000,1.2748670790827743
2013-04-15T04:00:00.000000+0000,1.2757183816326103
2013-04-16T04:00:00.000000+0000,1.2822132333914733
2013-04-17T04:00:00.000000+0000,1.2747522357789711
2013-04-18T04:00:00.000000+0000,1.3008929897980726
2013-04-19T04:00:00.000000+0000,1.297514553956534
2013-04-22T04:00:00.000000+0000,1.3010119457663976
2013-04-23T04:00:00.000000+0000,1.310660826280311
2013-04-24T04:00:00.000000+0000,1.3244168126652491
2013-04-25T04:00:00.000000+0000,1.315919649547514
2013-04-26T04:00:00.000000+0000,1.3195428323568033
2013-04-29T04:00:00.000000+0000,1.328370815579902
2013-04-30T04:00:00.000000+0000,1.3218126037187818
2013-05-01T04:00:00.000000+0000,1.324986662043906
2013-05-02T04:00:00.000000+0000,1.3287352389753548
2013-05-03T04:00:00.000000+0000,1.3294949020104825
2013-05-06T04:00:00.000000+0000,1.3333616419811143
2013-05-07T04:00:00.000000+0000,1.3431844796153152
2013-05-08T04:00:00.000000+0000,1.3389185750497519
2013-05-09T04:00:00.000000+0000,1.3409237271976202
2013-05-10T04:00:00.000000+0000,1.3362510186175605
2013-05-13T04:00:00.000000+0000,1.3383275571720927
2013-05-14T04:00:00.000000+0000,1.3308767089340015
2013-05-15T04:00:00.000000+0000,1.3270050155154238
2013-05-16T04:00:00.000000+0000,1.334751069938375
2013-05-17T04:00:00.000000+0000,1.3362909823575713
2013-05-20T04:00:00.000000+0000,1.3383459433729825
2013-05-21T04:00:00.000000+0000,1.3295378818732457
2013-05-22T04:00:00.000000+0000,1.3270310363840658
2013-05-23T04:00:00.000000+0000,1.3221132594116398
2013-05-24T04:00:00.000000+0000,1.3235925863193383
2013-05-28T04:00:00.000000+0000,1.3366934795458645
2013-05-29T04:00:00.000000+0000,1.3370139369547764
2013-05-30T04:00:00.000000+0000,1.325231395097102
2013-05-31T04:00:00.000000+0000,1.3320752046529631
2013-06-03T04:00:00.000000+0000,1.345606384458945
2013-06-04T04:00:00.000000+0000,1.3430514087207495
2013-06-05T04:00:00.000000+0000,1.3368466057915862
2013-06-06T04:00:00.000000+0000,1.3448156830745617
2013-06-07T04:00:00.000000+0000,1.3459566601578192
2013-06-10T04:00:00.000000+0000,1.3498217465769935
2013-06-11T04:00:00.000000+0000,1.3506540814308248
2013-06-12T04:00:00.000000+0000,1.3520899208343031
2013-06-13T04:00:00.000000+0000,1.3463043243174369
2013-06-14T04:00:00.000000+0000,1.34857064728317
2013-06-17T04:00:00.000000+0000,1.3450394884712777
2013-06-18T04:00:00.000000+0000,1.3496899032090308
2013-06-19T04:00:00.000000+0000,1.3611713040236788
2013-06-20T04:00:00.000000+0000,1.3607566848778259
2013-06-21T04:00:00.000000+0000,1.3804248330927784
2013-06-24T04:00:00.000000+0000,1.3802944170498466
2013-06-25T04:00:00.000000+0000,1.3812421791505087
2013-06-26T04:00:00.000000+0000,1.392070631408167
2013-06-27T04:00:00.000000+0000,1.3925576059536244
2013-06-28T04:00:00.000000+0000,1.3983472382497382
2013-07-01T04:00:00.000000+0000,1.4055636051295635
2013-07-02T04:00:00.000000+0000,1.4086916529003093
2013-07-03T04:00:00.000000+0000,1.4075681102153283
2013-07-05T04:00:00.000000+0000,1.410238709858007
2013-07-08T04:00:00.000000+0000,1.4150107734519228
2013-07-09T04:00:00.000000+0000,1.4206245420476173
2013-07-10T04:00:00.000000+0000,1.4230664223813434
2013-07-11T04:00:00.000000+0000,1.4151405852566783
2013-07-12T04:00:00.000000+0000,1.4171098137920508
2013-07-15T04:00:00.000000+0000,1.41388229587211
2013-07-16T04:00:00.000000+0000,1.4197679949688309
2013-07-17T04:00:00.000000+0000,1.4252316907122604
2013-07-18T04:00:00.000000+0000,1.4273402169919807
2013-07-19T04:00:00.000000+0000,1.435443046535116
2013-07-22T04:00:00.000000+0000,1.4356617833905883
2013-07-23T04:00:00.000000+0000,1.4394328338261129
2013-07-24T04:00:00.000000+0000,1.4441535011990947
2013-07-25T04:00:00.000000+0000,1.4462294735698507
2013-07-26T04:00:00.000000+0000,1.4442929357670597
2013-07-29T04:00:00.000000+0000,1.4436491772216284
2013-07-30T04:00:00.000000+0000,1.4477294500353317
2013-07-31T04:00:00.000000+0000,1.45071734222346
2013-08-01T04:00:00.000000+0000,1.4564024171668297
2013-08-02T04:00:00.000000+0000,1.4603027007228528
2013-08-05T04:00:00.000000+0000,1.4576670842954669
2013-08-06T04:00:00.000000+0000,1.4660444903374557
2013-08-07T04:00:00.000000+0000,1.4626225862171656
2013-08-08T04:00:00.000000+0000,1.45961447564915
2013-08-09T04:00:00.000000+0000,1.4635950802332975
2013-08-12T04:00:00.000000+0000,1.464407440567585
2013-08-13T04:00:00.000000+0000,1.4635424205228227
2013-08-14T04:00:00.000000+0000,1.4516638338399714
2013-08-15T04:00:00.000000+0000,1.4389236153626739
2013-08-16T04:00:00.000000+0000,1.4395865768463452
2013-08-19T04:00:00.000000+0000,1.445735045620517
2013-08-20T04:00:00.000000+0000,1.4422509300501467
2013-08-21T04:00:00.000000+0000,1.4453569138128002
2013-08-22T04:00:00.000000+0000,1.4468652620797673
2013-08-23T04:00:00.000000+0000,1.4469925017169676
2013-08-26T04:00:00.000000+0000,1.4471581875550525
2013-08-27T04:00:00.000000+0000,1.447682338609265
2013-08-28T04:00:00.000000+0000,1.4372392857133365
2013-08-29T04:00:00.000000+0000,1.441902220057058
2013-08-30T04:00:00.000000+0000,1.4436766274159707
2013-09-03T04:00:00.000000+0000,1.4421979100655886
2013-09-04T04:00:00.000000+0000,1.4407098028868668
2013-09-05T04:00:00.000000+0000,1.4416224394475814
2013-09-06T04:00:00.000000+0000,1.4453939764462775
2013-09-09T04:00:00.000000+0000,1.448534782883627
2013-09-10T04:00:00.000000+0000,1.436210950858148
2013-09-11T04:00:00.000000+0000,1.428194191483126
2013-09-12T04:00:00.000000+0000,1.4345863545945363
2013-09-13T04:00:00.000000+0000,1.4416714195451739
2013-09-16T04:00:00.000000+0000,1.4316850960832004
2013-09-17T04:00:00.000000+0000,1.434676906023281
2013-09-18T04:00:00.000000+0000,1.4240053376277484
2013-09-19T04:00:00.000000+0000,1.4364719496169367
2013-09-20T04:00:00.000000+0000,1.4400985410186813
2013-09-23T04:00:00.000000+0000,1.4346313993664104
2013-09-24T04:00:00.000000+0000,1.4349488498899448
2013-09-25T04:00:00.000000+0000,1.437154463395252
2013-09-26T04:00:00.000000+0000,1.4400658111168068
2013-09-27T04:00:00.000000+0000,1.432271561930542
2013-09-30T04:00:00.000000+0000,1.4171110621709333
2013-10-01T04:00:00.000000+0000,1.4224099283156266
2013-10-02T04:00:00.000000+0000,1.420217478651621
2013-10-03T04:00:00.000000+0000,1.4150506211196099
2013-10-04T04:00:00.000000+0000,1.415767945167022
2013-10-07T04:00:00.000000+0000,1.4127804554722172
2013-10-08T04:00:00.000000+0000,1.416554628566013
2013-10-09T04:00:00.000000+0000,1.4258243455378437
2013-10-10T04:00:00.000000+0000,1.4345962709463576
2013-10-11T04:00:00.000000+0000,1.4292082412208589
2013-10-14T04:00:00.000000+0000,1.4269748738305545
2013-10-15T04:00:00.000000+0000,1.43734907542096
2013-10-16T04:00:00.000000+0000,1.4249340851741215
2013-10-17T04:00:00.000000+0000,1.423282161578476
2013-10-18T04:00:00.000000+0000,1.4234164952651496
2013-10-21T04:00:00.000000+0000,1.429037380627835
2013-10-22T04:00:00.000000+0000,1.4241121550563673
2013-10-23T04:00:00.000000+0000,1.4194614920224409
2013-10-24T04:00:00.000000+0000,1.4165197412795956
2013-10-25T04:00:00.000000+0000,1.4230984981261496
2013-10-28T04:00:00.000000+0000,1.417096020164097
2013-10-29T04:00:00.000000+0000,1.4154397947392852
2013-10-30T04:00:00.000000+0000,1.4235519330271533
2013-10-31T04:00:00.000000+0000,1.4288896057590283
2013-11-01T04:00:00.000000+0000,1.4282121771946095
2013-11-04T05:00:00.000000+0000,1.4240495249460365
2013-11-05T05:00:00.000000+0000,1.4274018681281104
2013-11-06T05:00:00.000000+0000,1.4160892860086305
2013-11-07T05:00:00.000000+0000,1.423495504961538
2013-11-08T05:00:00.000000+0000,1.4235399441782162
2013-11-11T05:00:00.000000+0000,1.4222822229415097
2013-11-12T05:00:00.000000+0000,1.4256213727421587
2013-11-13T05:00:00.000000+0000,1.4196546477077225
2013-11-14T05:00:00.000000+0000,1.4216685886021505
2013-11-15T05:00:00.000000+0000,1.417329109984093
2013-11-18T05:00:00.000000+0000,1.4197172594588519
2013-11-19T05:00:00.000000+0000,1.4216920274703695
2013-11-20T05:00:00.000000+0000,1.4174084372954696
2013-11-21T05:00:00.000000+0000,1.4216554389889555
2013-11-22T05:00:00.000000+0000,1.4226512130181383
2013-11-25T05:00:00.000000+0000,1.4140561563857523
2013-11-26T05:00:00.000000+0000,1.403742064245364
2013-11-27T05:00:00.000000+0000,1.4018169950882022
2013-11-29T05:00:00.000000+0000,1.4014561355214525
2013-12-02T05:00:00.000000+0000,1.394285665431455
2013-12-03T05:00:00.000000+0000,1.3942593944578319
2013-12-04T05:00:00.000000+0000,1.3947581858263833
2013-12-05T05:00:00.000000+0000,1.392630488394184
2013-12-06T05:00:00.000000+0000,1.3989776583256672
2013-12-09T05:00:00.000000+0000,1.3977226373991807
2013-12-10T05:00:00.000000+0000,1.3977313968637715
2013-12-11T05:00:00.000000+0000,1.3891296925474286
2013-12-12T05:00:00.000000+0000,1.401297620255277
2013-12-13T05:00:00.000000+0000,1.39941685958775
2013-12-16T05:00:00.000000+0000,1.3998199318950526
2013-12-17T05:00:00.000000+0000,1.3930934348058346
2013-12-18T05:00:00.000000+0000,1.4057051240115224
2013-12-19T05:00:00.000000+0000,1.401566153385032
2013-12-20T05:00:00.000000+0000,1.4001252597359226
2013-12-23T05:00:00.000000+0000,1.4020052853256488
2013-12-24T05:00:00.000000+0000,1.4014817191493283
2013-12-26T05:00:00.000000+0000,1.3963379153089532
2013-12-27T05:00:00.000000+0000,1.3962715202865348
2013-12-30T05:00:00.000000+0000,1.3890187657656428
2014-01-16T05:00:00.000000+0000,1.3890187657656428
2014-01-17T05:00:00.000000+0000,1.3787038606621642
2014-01-21T05:00:00.000000+0000,1.3723703738678847
2014-01-22T05:00:00.000000+0000,1.3635036490995032
2014-01-23T05:00:00.000000+0000,1.3564463986868622
2014-01-24T05:00:00.000000+0000,1.346674740811098
2014-01-27T05:00:00.000000+0000,1.358083721810848
2014-01-28T05:00:00.000000+0000,1.3676077049743731
2014-01-29T05:00:00.000000+0000,1.3571679313171745
2014-01-30T05:00:00.000000+0000,1.3690730755289966
2014-01-31T05:00:00.000000+0000,1.3646209322342944
2014-02-03T05:00:00.000000+0000,1.3422499731972095
2014-02-04T05:00:00.000000+0000,1.3523529323406662
2014-02-05T05:00:00.000000+0000,1.3570437377748197
2014-02-06T05:00:00.000000+0000,1.3721976287314086
2014-02-07T05:00:00.000000+0000,1.386543776333313
2014-02-10T05:00:00.000000+0000,1.3994570972707434
2014-02-11T05:00:00.000000+0000,1.410743501809726
2014-02-12T05:00:00.000000+0000,1.4149106019238362
2014-02-13T05:00:00.000000+0000,1.4205713186479525
2014-02-14T05:00:00.000000+0000,1.3920490838780946
2014-02-18T05:00:00.000000+0000,1.393653508367076
2014-02-19T05:00:00.000000+0000,1.3744016672031028
2014-02-20T05:00:00.000000+0000,1.3906236033095958
2014-02-21T05:00:00.000000+0000,1.3943665859177348
2014-02-24T05:00:00.000000+0000,1.4063675008105478
2014-02-25T05:00:00.000000+0000,1.4126074934203001
2014-02-26T05:00:00.000000+0000,1.4163479697437038
2014-02-27T05:00:00.000000+0000,1.4239116408942414
2014-02-28T05:00:00.000000+0000,1.4419196400465846
2014-03-03T05:00:00.000000+0000,1.438899986909974
2014-03-04T05:00:00.000000+0000,1.4569141834593904
2014-03-05T05:00:00.000000+0000,1.4505147230850703
2014-03-06T05:00:00.000000+0000,1.4549886412538877
2014-03-07T05:00:00.000000+0000,1.4580712809503147
2014-03-10T04:00:00.000000+0000,1.458338596591245
2014-03-11T04:00:00.000000+0000,1.4584289568078974
2014-03-12T04:00:00.000000+0000,1.4647857573283543
2014-03-13T04:00:00.000000+0000,1.454614973614589
2014-03-14T04:00:00.000000+0000,1.4424095475632412
2014-03-17T04:00:00.000000+0000,1.4425365306112787
2014-03-18T04:00:00.000000+0000,1.4474950608188308
2014-03-19T04:00:00.000000+0000,1.4347804885882571
2014-03-20T04:00:00.000000+0000,1.4387221832218482
2014-03-21T04:00:00.000000+0000,1.447240973324048
2014-03-24T04:00:00.000000+0000,1.4736295670674984
2014-03-25T04:00:00.000000+0000,1.4809085968064202
2014-03-26T04:00:00.000000+0000,1.462191233607891
2014-03-27T04:00:00.000000+0000,1.4562116759970303
2014-03-28T04:00:00.000000+0000,1.4514025120984533
2014-03-31T04:00:00.000000+0000,1.4516626547517881
2014-04-01T04:00:00.000000+0000,1.454002325151604
2014-04-02T04:00:00.000000+0000,1.4499725963021408
2014-04-03T04:00:00.000000+0000,1.4519223009496773
2014-04-04T04:00:00.000000+0000,1.4382738719614763
2014-04-07T04:00:00.000000+0000,1.4400936293962066
2014-04-08T04:00:00.000000+0000,1.4644009567949008
2014-04-09T04:00:00.000000+0000,1.4694703874606743
2014-04-10T04:00:00.000000+0000,1.4695612684824209
2014-04-11T04:00:00.000000+0000,1.4695612684824209
2014-04-14T04:00:00.000000+0000,1.473365601154289
2014-04-15T04:00:00.000000+0000,1.48059608809506
2014-04-16T04:00:00.000000+0000,1.4806876232315198
2014-04-17T04:00:00.000000+0000,1.4891244001124482
2014-04-21T04:00:00.000000+0000,1.4894926041201824
2014-04-22T04:00:00.000000+0000,1.4895846551221157
2014-04-23T04:00:00.000000+0000,1.489676706124049
2014-04-24T04:00:00.000000+0000,1.5043214048725744
2014-04-25T04:00:00.000000+0000,1.5044143550649356
2014-04-28T04:00:00.000000+0000,1.504693205642019
2014-04-29T04:00:00.000000+0000,1.5047861558343802
2014-04-30T04:00:00.000000+0000,1.5048791060267412
2014-05-01T04:00:00.000000+0000,1.5049720562191027
2014-05-02T04:00:00.000000+0000,1.505065006411464
2014-05-05T04:00:00.000000+0000,1.511929318025539
2014-05-06T04:00:00.000000+0000,1.5024255550826418
2014-05-07T04:00:00.000000+0000,1.491106878705229
2014-05-08T04:00:00.000000+0000,1.52772493663163
2014-05-09T04:00:00.000000+0000,1.536513560423905
2014-05-12T04:00:00.000000+0000,1.5346341474205063
2014-05-13T04:00:00.000000+0000,1.5323808891898636
2014-05-14T04:00:00.000000+0000,1.5241190412623973
2014-05-15T04:00:00.000000+0000,1.512101861868751
2014-05-16T04:00:00.000000+0000,1.515644207296123
2014-05-19T04:00:00.000000+0000,1.5077720947597095
2014-05-20T04:00:00.000000+0000,1.5134312261519645
2014-05-21T04:00:00.000000+0000,1.5128316298532776
2014-05-22T04:00:00.000000+0000,1.507433125312831
2014-05-23T04:00:00.000000+0000,1.511831685087034
2014-05-27T04:00:00.000000+0000,1.5114321917603832
2014-05-28T04:00:00.000000+0000,1.5102321440221036
2014-05-29T04:00:00.000000+0000,1.519229936636483
2014-05-30T04:00:00.000000+0000,1.5350259569311717
2014-06-02T04:00:00.000000+0000,1.534826851623526
2014-06-03T04:00:00.000000+0000,1.5338266218103138
2014-06-04T04:00:00.000000+0000,1.5444493123914935
2014-06-05T04:00:00.000000+0000,1.5492847355997632
2014-06-06T04:00:00.000000+0000,1.5477374531517745
2014-06-09T04:00:00.000000+0000,1.5488986026914944
2014-06-10T04:00:00.000000+0000,1.5500585296468081
2014-06-11T04:00:00.000000+0000,1.550154028544791
2014-06-12T04:00:00.000000+0000,1.5443452726706828
2014-06-13T04:00:00.000000+0000,1.5420222599346836
2014-06-16T04:00:00.000000+0000,1.5432513454569166
2014-06-17T04:00:00.000000+0000,1.5360824099447237
2014-06-18T04:00:00.000000+0000,1.5506252745629816
2014-06-19T04:00:00.000000+0000,1.5541078295494748
2014-06-20T04:00:00.000000+0000,1.5502160174094035
2014-06-23T04:00:00.000000+0000,1.548334950428069
2014-06-24T04:00:00.000000+0000,1.562982328437639
2014-06-25T04:00:00.000000+0000,1.569114683292964
2014-06-26T04:00:00.000000+0000,1.5552675917570935
2014-06-27T04:00:00.000000+0000,1.5631801261657914
2014-06-30T04:00:00.000000+0000,1.554673781717571
2014-07-01T04:00:00.000000+0000,1.5683239092354186
2014-07-02T04:00:00.000000+0000,1.5738625582649879
2014-07-03T04:00:00.000000+0000,1.5820202588312084
2014-07-07T04:00:00.000000+0000,1.586174135844066
2014-07-08T04:00:00.000000+0000,1.5862716975291173
2014-07-09T04:00:00.000000+0000,1.5863692592141685
2014-07-10T04:00:00.000000+0000,1.5864668208992194
2014-07-11T04:00:00.000000+0000,1.5865643825842708
2014-07-14T04:00:00.000000+0000,1.6020628843298153
2014-07-15T04:00:00.000000+0000,1.6021613808848867
2014-07-16T04:00:00.000000+0000,1.60292206155988
2014-07-17T04:00:00.000000+0000,1.5991167963067323
2014-07-18T04:00:00.000000+0000,1.6147196457842938
2014-07-21T04:00:00.000000+0000,1.6114937267188938
2014-07-22T04:00:00.000000+0000,1.598230331165382
2014-07-23T04:00:00.000000+0000,1.5834860039815128
2014-07-24T04:00:00.000000+0000,1.5896945358436578
2014-07-25T04:00:00.000000+0000,1.59085864215928
2014-07-28T04:00:00.000000+0000,1.5784421057525817
2014-07-29T04:00:00.000000+0000,1.5656371472077752
2014-07-30T04:00:00.000000+0000,1.537312493692141
2014-07-31T04:00:00.000000+0000,1.5245081679284447
2014-08-01T04:00:00.000000+0000,1.5245081679284447
2014-08-04T04:00:00.000000+0000,1.5287758546622698
2014-08-05T04:00:00.000000+0000,1.5202395320229538
2014-08-06T04:00:00.000000+0000,1.548952185822623
2014-08-07T04:00:00.000000+0000,1.5437329703833431
2014-08-08T04:00:00.000000+0000,1.547656125251874
2014-08-11T04:00:00.000000+0000,1.5523637618112012
2014-08-12T04:00:00.000000+0000,1.5566788909485054
2014-08-13T04:00:00.000000+0000,1.5668796054338048
2014-08-14T04:00:00.000000+0000,1.57449880921491
2014-08-15T04:00:00.000000+0000,1.5745954269558438
2014-08-18T04:00:00.000000+0000,1.5748852801786453
2014-08-19T04:00:00.000000+0000,1.574981897919579
2014-08-20T04:00:00.000000+0000,1.5750785156605127
2014-08-21T04:00:00.000000+0000,1.5751751334014465
2014-08-22T04:00:00.000000+0000,1.5752717511423806
2014-08-25T04:00:00.000000+0000,1.5755616043651823
2014-08-26T04:00:00.000000+0000,1.5756582221061162
2014-08-27T04:00:00.000000+0000,1.57575483984705
2014-08-28T04:00:00.000000+0000,1.575851457587984
2014-08-29T04:00:00.000000+0000,1.575948075328918
2014-09-02T04:00:00.000000+0000,1.5763345462926537
2014-09-03T04:00:00.000000+0000,1.5764311640335875
2014-09-04T04:00:00.000000+0000,1.5765277817745214
2014-09-05T04:00:00.000000+0000,1.5766243995154554
2014-09-08T04:00:00.000000+0000,1.5769142527382567
2014-09-09T04:00:00.000000+0000,1.5706690411173827
2014-09-10T04:00:00.000000+0000,1.5770264406295351
2014-09-11T04:00:00.000000+0000,1.5746206482539609
2014-09-12T04:00:00.000000+0000,1.561219648533185
2014-09-15T04:00:00.000000+0000,1.566889211373696
2014-09-16T04:00:00.000000+0000,1.5904276221253295
2014-09-17T04:00:00.000000+0000,1.5905250200914713
2014-09-18T04:00:00.000000+0000,1.5906224180576136
2014-09-19T04:00:00.000000+0000,1.6035601959104047
2014-09-22T04:00:00.000000+0000,1.5925000797715971
2014-09-23T04:00:00.000000+0000,1.5884498164897922
2014-09-24T04:00:00.000000+0000,1.6195463922562094
2014-09-25T04:00:00.000000+0000,1.6196455248919537
2014-09-26T04:00:00.000000+0000,1.63592691542903
2014-09-29T04:00:00.000000+0000,1.6362272845265737
2014-09-30T04:00:00.000000+0000,1.6362272845265737
2014-10-01T04:00:00.000000+0000,1.6289157748915544
2014-10-02T04:00:00.000000+0000,1.627152502800787
2014-10-03T04:00:00.000000+0000,1.641650756695074
2014-10-06T04:00:00.000000+0000,1.6373409797480185
2014-10-07T04:00:00.000000+0000,1.6293086712337301
2014-10-08T04:00:00.000000+0000,1.6492925239925105
2014-10-09T04:00:00.000000+0000,1.6391041494420324
2014-10-10T04:00:00.000000+0000,1.6592849111572905
2014-10-13T04:00:00.000000+0000,1.6595893081487074
2014-10-14T04:00:00.000000+0000,1.663173074349933
2014-10-15T04:00:00.000000+0000,1.6512289903223571
2014-10-16T04:00:00.000000+0000,1.6209269796703412
2014-10-17T04:00:00.000000+0000,1.6270747044328095
2014-10-20T04:00:00.000000+0000,1.6499109099234637
2014-10-21T04:00:00.000000+0000,1.6692336855812295
2014-10-22T04:00:00.000000+0000,1.6667717570944423
2014-10-23T04:00:00.000000+0000,1.6766192495953596
2014-10-24T04:00:00.000000+0000,1.6835952488029848
2014-10-27T04:00:00.000000+0000,1.672516515250884
2014-10-28T04:00:00.000000+0000,1.664309496438307
2014-10-29T04:00:00.000000+0000,1.6807230911709967
2014-10-30T04:00:00.000000+0000,1.6987777132076072
2014-10-31T04:00:00.000000+0000,1.7184736947174863
2014-11-03T05:00:00.000000+0000,1.7156012049161495
2014-11-04T05:00:00.000000+0000,1.7160114340613508
2014-11-05T05:00:00.000000+0000,1.716116208124492
2014-11-06T05:00:00.000000+0000,1.7162209821876335
2014-11-07T05:00:00.000000+0000,1.7163257562507752
2014-11-10T05:00:00.000000+0000,1.7166400784401996
2014-11-11T05:00:00.000000+0000,1.716744852503341
2014-11-12T05:00:00.000000+0000,1.7168496265664828
2014-11-13T05:00:00.000000+0000,1.7169544006296242
2014-11-14T05:00:00.000000+0000,1.717059174692766
2014-11-17T05:00:00.000000+0000,1.7173734968821903
2014-11-18T05:00:00.000000+0000,1.7174782709453316
2014-11-19T05:00:00.000000+0000,1.7327093405932885
2014-11-20T05:00:00.000000+0000,1.727633060115867
2014-11-21T05:00:00.000000+0000,1.7301712003545777
2014-11-24T05:00:00.000000+0000,1.720602634476207
2014-11-25T05:00:00.000000+0000,1.7340766547681725
2014-11-26T05:00:00.000000+0000,1.7356388365336104
2014-11-28T05:00:00.000000+0000,1.765907526194411
2014-12-01T05:00:00.000000+0000,1.7662305145671302
2014-12-02T05:00:00.000000+0000,1.7663381773580367
2014-12-03T05:00:00.000000+0000,1.766445840148943
2014-12-04T05:00:00.000000+0000,1.766553502939849
2014-12-05T05:00:00.000000+0000,1.7677711997987697
2014-12-08T05:00:00.000000+0000,1.751933304885744
2014-12-09T05:00:00.000000+0000,1.70726192856247
2014-12-10T05:00:00.000000+0000,1.6893934868629805
2014-12-11T05:00:00.000000+0000,1.6865505254682553
2014-12-12T05:00:00.000000+0000,1.6613718759118932
2014-12-15T05:00:00.000000+0000,1.6475644189555105
2014-12-16T05:00:00.000000+0000,1.6402546464179186
2014-12-17T05:00:00.000000+0000,1.6873629400765175
2014-12-18T05:00:00.000000+0000,1.721475647237894
2014-12-19T05:00:00.000000+0000,1.7036072055384046
2014-12-22T05:00:00.000000+0000,1.7198508180213703
2014-12-23T05:00:00.000000+0000,1.7450293587479122
2014-12-24T05:00:00.000000+0000,1.7451355867401148
2014-12-26T05:00:00.000000+0000,1.7453480427245205
2014-12-29T05:00:00.000000+0000,1.745666726701129
2014-12-30T05:00:00.000000+0000,1.7457729546933318
2015-01-16T05:00:00.000000+0000,1.7457729546933318
2015-01-20T05:00:00.000000+0000,1.7415250133687779
2015-01-21T05:00:00.000000+0000,1.7385265222099602
2015-01-22T05:00:00.000000+0000,1.765140023633964
2015-01-23T05:00:00.000000+0000,1.7748861843692139
2015-01-26T05:00:00.000000+0000,1.785631999856527
2015-01-27T05:00:00.000000+0000,1.7634703211579044
2015-01-28T05:00:00.000000+0000,1.7361489425904246
2015-01-29T05:00:00.000000+0000,1.7467512482278775
2015-01-30T05:00:00.000000+0000,1.7186145176952314
2015-02-02T05:00:00.000000+0000,1.7355377173761002
2015-02-03T05:00:00.000000+0000,1.7524612320673867
2015-02-04T05:00:00.000000+0000,1.7491983541581035
2015-02-05T05:00:00.000000+0000,1.7677523627727774
2015-02-06T05:00:00.000000+0000,1.745528692795755
2015-02-09T05:00:00.000000+0000,1.7341103001688272
2015-02-10T05:00:00.000000+0000,1.7410432594543492
2015-02-11T05:00:00.000000+0000,1.7461393929927167
2015-02-12T05:00:00.000000+0000,1.7370387456410274
2015-02-13T05:00:00.000000+0000,1.7354206185838168
2015-02-17T05:00:00.000000+0000,1.7358418574160421
2015-02-18T05:00:00.000000+0000,1.7359471671240985
2015-02-19T05:00:00.000000+0000,1.7293447442897705
2015-02-20T05:00:00.000000+0000,1.7454954852881381
2015-02-23T05:00:00.000000+0000,1.7517076452295957
2015-02-24T05:00:00.000000+0000,1.751086210523094
2015-02-25T05:00:00.000000+0000,1.7303802743896228
2015-02-26T05:00:00.000000+0000,1.7351428088378762
2015-02-27T05:00:00.000000+0000,1.7378341372781867
2015-03-02T05:00:00.000000+0000,1.738455426176451
2015-03-03T05:00:00.000000+0000,1.7262387372231596
2015-03-04T05:00:00.000000+0000,1.7098815317610645
2015-03-05T05:00:00.000000+0000,1.7303802743896228
2015-03-06T05:00:00.000000+0000,1.7115154356453999
2015-03-09T04:00:00.000000+0000,1.7204183333332348
2015-03-10T04:00:00.000000+0000,1.6915771211409965
2015-03-11T04:00:00.000000+0000,1.6884657015330626
2015-03-12T04:00:00.000000+0000,1.725975073431497
2015-03-13T04:00:00.000000+0000,1.6978972758881274
2015-03-16T04:00:00.000000+0000,1.7140634929707859
2015-03-17T04:00:00.000000+0000,1.7234226080572055
2015-03-18T04:00:00.000000+0000,1.7272518714737797
2015-03-19T04:00:00.000000+0000,1.7025770595733922
2015-03-20T04:00:00.000000+0000,1.7293787375006435
2015-03-23T04:00:00.000000+0000,1.7281023917424705
2015-03-24T04:00:00.000000+0000,1.7217210021646872
2015-03-25T04:00:00.000000+0000,1.7218252341316427
2015-03-26T04:00:00.000000+0000,1.721929466098598
2015-03-27T04:00:00.000000+0000,1.7104069127126003
2015-03-30T04:00:00.000000+0000,1.7352172708860025
2015-03-31T04:00:00.000000+0000,1.7188547231851994
2015-04-01T04:00:00.000000+0000,1.726825824673031
2015-04-02T04:00:00.000000+0000,1.727254003818157
2015-04-06T04:00:00.000000+0000,1.7400359264871488
2015-04-07T04:00:00.000000+0000,1.7295080721503941
2015-04-08T04:00:00.000000+0000,1.740895251092603
2015-04-09T04:00:00.000000+0000,1.7368124816860804
2015-04-10T04:00:00.000000+0000,1.7464995106827013
2015-04-13T04:00:00.000000+0000,1.738703679332819
2015-04-14T04:00:00.000000+0000,1.7356716892365633
2015-04-15T04:00:00.000000+0000,1.7267933940691946
2015-04-16T04:00:00.000000+0000,1.715965724207403
2015-04-17T04:00:00.000000+0000,1.686337602551908
2015-04-20T04:00:00.000000+0000,1.706634289238414
2015-04-21T04:00:00.000000+0000,1.7186487703100348
2015-04-22T04:00:00.000000+0000,1.7274586732988682
2015-04-23T04:00:00.000000+0000,1.7312194846504447
2015-04-24T04:00:00.000000+0000,1.745649586359028
2015-04-27T04:00:00.000000+0000,1.7370296135477743
2015-04-28T04:00:00.000000+0000,1.7331495192605462
2015-04-29T04:00:00.000000+0000,1.7208659121197467
2015-04-30T04:00:00.000000+0000,1.7135383131555317
2015-05-01T04:00:00.000000+0000,1.7303480914053706
2015-05-04T04:00:00.000000+0000,1.731641346066072
2015-05-05T04:00:00.000000+0000,1.7256071118642664
2015-05-06T04:00:00.000000+0000,1.7327185811759225
2015-05-07T04:00:00.000000+0000,1.7284084296177338
2015-05-08T04:00:00.000000+0000,1.7441911232251306
2015-05-11T04:00:00.000000+0000,1.724941429187211
2015-05-12T04:00:00.000000+0000,1.7225500261050526
2015-05-13T04:00:00.000000+0000,1.7126263899351615
2015-05-14T04:00:00.000000+0000,1.7049742706296553
2015-05-15T04:00:00.000000+0000,1.7316369654623596
2015-05-18T04:00:00.000000+0000,1.734386719348188
2015-05-19T04:00:00.000000+0000,1.7305604962142291
2015-05-20T04:00:00.000000+0000,1.7185596199992739
2015-05-21T04:00:00.000000+0000,1.723314704961814
2015-05-22T04:00:00.000000+0000,1.7176541520303545
2015-05-26T04:00:00.000000+0000,1.6959174082734358
2015-05-27T04:00:00.000000+0000,1.702483744173978
2015-05-28T04:00:00.000000+0000,1.69455849756969
2015-05-29T04:00:00.000000+0000,1.68165262588606
2015-06-01T04:00:00.000000+0000,1.6920679487798966
2015-06-02T04:00:00.000000+0000,1.687539506434729
2015-06-03T04:00:00.000000+0000,1.695690923156145
2015-06-04T04:00:00.000000+0000,1.6868415536980381
2015-06-05T04:00:00.000000+0000,1.667310753345287
2015-06-08T04:00:00.000000+0000,1.6570413472425956
2015-06-09T04:00:00.000000+0000,1.6538463256536995
2015-06-10T04:00:00.000000+0000,1.6705002113070206
2015-06-11T04:00:00.000000+0000,1.6691814820014579
2015-06-12T04:00:00.000000+0000,1.6627125550485478
2015-06-15T04:00:00.000000+0000,1.644141679291662
2015-06-16T04:00:00.000000+0000,1.6537426758252813
2015-06-17T04:00:00.000000+0000,1.662428012194338
2015-06-18T04:00:00.000000+0000,1.6681426601600804
2015-06-19T04:00:00.000000+0000,1.6626568079881923
2015-06-22T04:00:00.000000+0000,1.6638001509719342
2015-06-23T04:00:00.000000+0000,1.6639003306115274
2015-06-24T04:00:00.000000+0000,1.6640005102511206
2015-06-25T04:00:00.000000+0000,1.6532954396878332
2015-06-26T04:00:00.000000+0000,1.6592779541269886
2015-06-29T04:00:00.000000+0000,1.6307943750375697
2015-06-30T04:00:00.000000+0000,1.6232223081288855
2015-07-01T04:00:00.000000+0000,1.6343944458122277
2015-07-02T04:00:00.000000+0000,1.633980735649745
2015-07-06T04:00:00.000000+0000,1.6278711500846665
2015-07-07T04:00:00.000000+0000,1.6832196533116066
2015-07-08T04:00:00.000000+0000,1.666910380479491
2015-07-09T04:00:00.000000+0000,1.669419049947885
2015-07-10T04:00:00.000000+0000,1.6863620828977863
2015-07-13T04:00:00.000000+0000,1.686666367484253
2015-07-14T04:00:00.000000+0000,1.686767795679742
2015-07-15T04:00:00.000000+0000,1.686869223875231
2015-07-16T04:00:00.000000+0000,1.6869706520707197
2015-07-17T04:00:00.000000+0000,1.6870720802662087
2015-07-20T04:00:00.000000+0000,1.6873763648526756
2015-07-21T04:00:00.000000+0000,1.6874777930481646
2015-07-22T04:00:00.000000+0000,1.6972213112832337
2015-07-23T04:00:00.000000+0000,1.697323318995098
2015-07-24T04:00:00.000000+0000,1.675553929252057
2015-07-27T04:00:00.000000+0000,1.6708720214106587
2015-07-28T04:00:00.000000+0000,1.6877258475512804
2015-07-29T04:00:00.000000+0000,1.6907690713655577
2015-07-30T04:00:00.000000+0000,1.689130387338437
2015-07-31T04:00:00.000000+0000,1.6740709654701247
2015-08-03T04:00:00.000000+0000,1.6675230589419985
2015-08-04T04:00:00.000000+0000,1.6568280601520167
2015-08-05T04:00:00.000000+0000,1.6537724884132103
2015-08-06T04:00:00.000000+0000,1.6531176203397506
2015-08-07T04:00:00.000000+0000,1.6474433505135764
2015-08-10T04:00:00.000000+0000,1.667086627694258
2015-08-11T04:00:00.000000+0000,1.6635945141067867
2015-08-12T04:00:00.000000+0000,1.667304511515355
2015-08-13T04:00:00.000000+0000,1.6539908146380053
2015-08-14T04:00:00.000000+0000,1.6504991434542315
2015-08-17T04:00:00.000000+0000,1.6485344286329278
2015-08-18T04:00:00.000000+0000,1.6398035916596276
2015-08-19T04:00:00.000000+0000,1.6183271084736948
2015-08-20T04:00:00.000000+0000,1.615021980550264
2015-08-21T04:00:00.000000+0000,1.570416776326986
2015-08-24T04:00:00.000000+0000,1.5092898458101924
2015-08-25T04:00:00.000000+0000,1.4892290074506644
2015-08-26T04:00:00.000000+0000,1.5300581804726194
2015-08-27T04:00:00.000000+0000,1.5595599121112125
2015-08-28T04:00:00.000000+0000,1.5326546707070898
2015-08-31T04:00:00.000000+0000,1.5276986093734597
2015-09-01T04:00:00.000000+0000,1.5062214739669202
2015-09-02T04:00:00.000000+0000,1.5230572520878243
2015-09-03T04:00:00.000000+0000,1.5312007896894366
2015-09-04T04:00:00.000000+0000,1.5055821611202638
2015-09-08T04:00:00.000000+0000,1.529593305061369
2015-09-09T04:00:00.000000+0000,1.5296849734077076
2015-09-10T04:00:00.000000+0000,1.526110686825569
2015-09-11T04:00:00.000000+0000,1.5283443188085104
2015-09-14T04:00:00.000000+0000,1.520302994645933
2015-09-15T04:00:00.000000+0000,1.5513524374429088
2015-09-16T04:00:00.000000+0000,1.5658721206628867
2015-09-17T04:00:00.000000+0000,1.5659659182241503
2015-09-18T04:00:00.000000+0000,1.5385186605142915
2015-09-21T04:00:00.000000+0000,1.547748744451229
2015-09-22T04:00:00.000000+0000,1.544590660206852
2015-09-23T04:00:00.000000+0000,1.547748744451229
2015-09-24T04:00:00.000000+0000,1.5504208404936977
2015-09-25T04:00:00.000000+0000,1.5492058699889264
2015-09-28T04:00:00.000000+0000,1.5462909476591091
2015-09-29T04:00:00.000000+0000,1.5492058699889266
2015-09-30T04:00:00.000000+0000,1.5749531758737394
2015-10-01T04:00:00.000000+0000,1.575047438350724
2015-10-02T04:00:00.000000+0000,1.5924471288358126
2015-10-05T04:00:00.000000+0000,1.5927330231348826
2015-10-06T04:00:00.000000+0000,1.5928283212345726
2015-10-07T04:00:00.000000+0000,1.5929236193342629
2015-10-08T04:00:00.000000+0000,1.5930189174339529
2015-10-09T04:00:00.000000+0000,1.5931142155336429
2015-10-12T04:00:00.000000+0000,1.5934001098327129
2015-10-13T04:00:00.000000+0000,1.5934954079324026
2015-10-14T04:00:00.000000+0000,1.5935907060320926
2015-10-15T04:00:00.000000+0000,1.5750086694195962
2015-10-16T04:00:00.000000+0000,1.563327243045709
2015-10-19T04:00:00.000000+0000,1.56226661237435
2015-10-20T04:00:00.000000+0000,1.5596107256802556
2015-10-21T04:00:00.000000+0000,1.5566912861114002
2015-10-22T04:00:00.000000+0000,1.5635933635893957
2015-10-23T04:00:00.000000+0000,1.5476657464316075
2015-10-26T04:00:00.000000+0000,1.5402323448908544
2015-10-27T04:00:00.000000+0000,1.5258969575745671
2015-10-28T04:00:00.000000+0000,1.5301447990027779
2015-10-29T04:00:00.000000+0000,1.5386394731321213
2015-10-30T04:00:00.000000+0000,1.519526204159329
2015-11-02T05:00:00.000000+0000,1.5293482714209499
2015-11-03T05:00:00.000000+0000,1.5426213774215685
2015-11-04T05:00:00.000000+0000,1.549523454899564
2015-11-05T05:00:00.000000+0000,1.5628146537615537
2015-11-06T05:00:00.000000+0000,1.5489896822106595
2015-11-09T05:00:00.000000+0000,1.535942261465652
2015-11-10T05:00:00.000000+0000,1.5351659887379339
2015-11-11T05:00:00.000000+0000,1.5444852554648256
2015-11-12T05:00:00.000000+0000,1.5280196146576137
2015-11-13T05:00:00.000000+0000,1.522894361441331
2015-11-16T05:00:00.000000+0000,1.5465049384909235
2015-11-17T05:00:00.000000+0000,1.5351659887379339
2015-11-18T05:00:00.000000+0000,1.552139311329852
2015-11-19T05:00:00.000000+0000,1.5586831389911175
2015-11-20T05:00:00.000000+0000,1.550503251711484
2015-11-23T05:00:00.000000+0000,1.5507808012032391
2015-11-24T05:00:00.000000+0000,1.5508733177004907
2015-11-25T05:00:00.000000+0000,1.5509658341977424
2015-11-27T05:00:00.000000+0000,1.546878777462117
2015-11-30T05:00:00.000000+0000,1.5471555625431637
2015-12-01T05:00:00.000000+0000,1.5472478242368457
2015-12-02T05:00:00.000000+0000,1.547340085930528
2015-12-03T05:00:00.000000+0000,1.5656378269676638
2015-12-04T05:00:00.000000+0000,1.582079085848932
2015-12-07T05:00:00.000000+0000,1.6043543280953318
2015-12-08T05:00:00.000000+0000,1.6044499608090068
2015-12-09T05:00:00.000000+0000,1.5915308553412408
2015-12-10T05:00:00.000000+0000,1.612855254179641
2015-12-11T05:00:00.000000+0000,1.5945895463673565
2015-12-14T05:00:00.000000+0000,1.5973627560064807
2015-12-15T05:00:00.000000+0000,1.6208462619187556
2015-12-16T05:00:00.000000+0000,1.6484066358392486
2015-12-17T05:00:00.000000+0000,1.6485048417478738
2015-12-18T05:00:00.000000+0000,1.6179311446773381
2015-12-21T05:00:00.000000+0000,1.6352701870235662
2015-12-22T05:00:00.000000+0000,1.6541469096061925
2015-12-23T05:00:00.000000+0000,1.659072137543054
2015-12-24T05:00:00.000000+0000,1.6591709376594301
2015-12-28T05:00:00.000000+0000,1.6531190281517794
2015-12-29T05:00:00.000000+0000,1.6532174444478296
2015-12-30T05:00:00.000000+0000,1.65331586074388
2016-01-11T05:00:00.000000+0000,1.65331586074388
2016-01-12T05:00:00.000000+0000,1.66409565045868
2016-01-13T05:00:00.000000+0000,1.63894233274749
2016-01-14T05:00:00.000000+0000,1.6410036298756308
2016-01-15T05:00:00.000000+0000,1.6120637983043362
2016-01-19T05:00:00.000000+0000,1.6405979914214888
2016-01-20T05:00:00.000000+0000,1.6081457810486315
2016-01-21T05:00:00.000000+0000,1.6269304312328532
2016-01-22T05:00:00.000000+0000,1.6555674540967915
2016-01-25T05:00:00.000000+0000,1.6628740856221158
2016-01-26T05:00:00.000000+0000,1.6629729179249721
2016-01-27T05:00:00.000000+0000,1.6601642993908745
2016-01-28T05:00:00.000000+0000,1.6671974610960312
2016-01-29T05:00:00.000000+0000,1.672947709513606
2016-02-01T05:00:00.000000+0000,1.6736262495336445
2016-02-02T05:00:00.000000+0000,1.6737256795202744
2016-02-03T05:00:00.000000+0000,1.667029390489744
2016-02-04T05:00:00.000000+0000,1.6541408159332607
2016-02-05T05:00:00.000000+0000,1.6553100909834946
2016-02-08T05:00:00.000000+0000,1.6707848517073927
2016-02-09T05:00:00.000000+0000,1.6695362831121139
2016-02-10T05:00:00.000000+0000,1.6713241076637184
2016-02-11T05:00:00.000000+0000,1.6614020230306297
2016-02-12T05:00:00.000000+0000,1.685335806323128
2016-02-16T05:00:00.000000+0000,1.686421806712055
2016-02-17T05:00:00.000000+0000,1.6950084679556012
2016-02-18T05:00:00.000000+0000,1.691855057625199
2016-02-19T05:00:00.000000+0000,1.6966719276453552
2016-02-22T05:00:00.000000+0000,1.7053575016695
2016-02-23T05:00:00.000000+0000,1.712787150116437
2016-02-24T05:00:00.000000+0000,1.7128887738246672
2016-02-25T05:00:00.000000+0000,1.7184168639529473
2016-02-26T05:00:00.000000+0000,1.7185188095880493
2016-02-29T05:00:00.000000+0000,1.709519626360726
2016-03-01T05:00:00.000000+0000,1.7309877558758333
2016-03-02T05:00:00.000000+0000,1.7378596443684156
2016-03-03T05:00:00.000000+0000,1.7376254123940733
2016-03-04T05:00:00.000000+0000,1.7454622896489442
2016-03-07T05:00:00.000000+0000,1.7457727926245623
2016-03-08T05:00:00.000000+0000,1.7567602487568177
2016-03-09T05:00:00.000000+0000,1.756864394983497
2016-03-10T05:00:00.000000+0000,1.7569685412101763
2016-03-11T05:00:00.000000+0000,1.7532656978469159
2016-03-14T04:00:00.000000+0000,1.7493240019213439
2016-03-15T04:00:00.000000+0000,1.7566837621268623
2016-03-16T04:00:00.000000+0000,1.7569690462649008
2016-03-17T04:00:00.000000+0000,1.7671910197394416
2016-03-18T04:00:00.000000+0000,1.7672957287261242
2016-03-21T04:00:00.000000+0000,1.7778294188718584
2016-03-22T04:00:00.000000+0000,1.7779347332410593
2016-03-23T04:00:00.000000+0000,1.7795733277323247
2016-03-24T04:00:00.000000+0000,1.77551898868696
2016-03-28T04:00:00.000000+0000,1.7849858864364652
2016-03-29T04:00:00.000000+0000,1.798673824162162
2016-03-30T04:00:00.000000+0000,1.8056474456079654
2016-03-31T04:00:00.000000+0000,1.8030252028867102
2016-04-01T04:00:00.000000+0000,1.8120045390264554
2016-04-04T04:00:00.000000+0000,1.8123263457978627
2016-04-05T04:00:00.000000+0000,1.8124336147216649
2016-04-06T04:00:00.000000+0000,1.8125408836454675
2016-04-07T04:00:00.000000+0000,1.7943446654667874
2016-04-08T04:00:00.000000+0000,1.7980265095346102
2016-04-11T04:00:00.000000+0000,1.778553610102355
2016-04-12T04:00:00.000000+0000,1.799395795483797
2016-04-13T04:00:00.000000+0000,1.8021713137964792
2016-04-14T04:00:00.000000+0000,1.7991488190535267
2016-04-15T04:00:00.000000+0000,1.8083487381357775
2016-04-18T04:00:00.000000+0000,1.8135092056051025
2016-04-19T04:00:00.000000+0000,1.822011697933912
2016-04-20T04:00:00.000000+0000,1.7820390863830313
2016-04-21T04:00:00.000000+0000,1.758662675093255
2016-04-22T04:00:00.000000+0000,1.7773134752311301
2016-04-25T04:00:00.000000+0000,1.7906212595288535
2016-04-26T04:00:00.000000+0000,1.7788751943038232
2016-04-27T04:00:00.000000+0000,1.7835804479846862
2016-04-28T04:00:00.000000+0000,1.7813549373639666
2016-04-29T04:00:00.000000+0000,1.7841052831916997
2016-05-02T04:00:00.000000+0000,1.8080593379456262
2016-05-03T04:00:00.000000+0000,1.8056827356686067
2016-05-04T04:00:00.000000+0000,1.8078223172789394
2016-05-05T04:00:00.000000+0000,1.7934405007478396
2016-05-06T04:00:00.000000+0000,1.7970649027769143
2016-05-09T04:00:00.000000+0000,1.806071971415333
2016-05-10T04:00:00.000000+0000,1.8100729611527513
2016-05-11T04:00:00.000000+0000,1.8003009440049984
2016-05-12T04:00:00.000000+0000,1.8026807692081093
2016-05-13T04:00:00.000000+0000,1.7936597105238286
2016-05-16T04:00:00.000000+0000,1.8118844473374398
2016-05-17T04:00:00.000000+0000,1.7841878713324084
2016-05-18T04:00:00.000000+0000,1.7483240797420916
2016-05-19T04:00:00.000000+0000,1.812397430670596
2016-05-20T04:00:00.000000+0000,1.7999779318576146
2016-05-23T04:00:00.000000+0000,1.8035184098612904
2016-05-24T04:00:00.000000+0000,1.8153691597322124
2016-05-25T04:00:00.000000+0000,1.82386677594361
2016-05-26T04:00:00.000000+0000,1.828185425013114
2016-05-27T04:00:00.000000+0000,1.8282933005926119
2016-05-31T04:00:00.000000+0000,1.8287248029106031
2016-06-01T04:00:00.000000+0000,1.828832678490101
2016-06-02T04:00:00.000000+0000,1.828940554069599
2016-06-03T04:00:00.000000+0000,1.829048429649097
2016-06-06T04:00:00.000000+0000,1.8308130261248166
2016-06-07T04:00:00.000000+0000,1.8309209866763378
2016-06-08T04:00:00.000000+0000,1.8310289472278591
2016-06-09T04:00:00.000000+0000,1.8311369077793809
2016-06-10T04:00:00.000000+0000,1.8312448683309022
2016-06-13T04:00:00.000000+0000,1.8315687499854665
2016-06-14T04:00:00.000000+0000,1.841007910154294
2016-06-15T04:00:00.000000+0000,1.8425506285551756
2016-06-16T04:00:00.000000+0000,1.8541101033727538
2016-06-17T04:00:00.000000+0000,1.8470900909714056
2016-06-20T04:00:00.000000+0000,1.8503369624432062
2016-06-21T04:00:00.000000+0000,1.8524666095049953
2016-06-22T04:00:00.000000+0000,1.8525757504004972
2016-06-23T04:00:00.000000+0000,1.85567708656355
2016-06-24T04:00:00.000000+0000,1.8399706135867253
2016-06-27T04:00:00.000000+0000,1.831098587516522
2016-06-28T04:00:00.000000+0000,1.8512196557050944
2016-06-29T04:00:00.000000+0000,1.8716225698531712
2016-06-30T04:00:00.000000+0000,1.9010185510685793
2016-07-01T04:00:00.000000+0000,1.8973408117543178
2016-07-05T04:00:00.000000+0000,1.8977876873809885
2016-07-06T04:00:00.000000+0000,1.8978994062876564
2016-07-07T04:00:00.000000+0000,1.898011125194324
2016-07-08T04:00:00.000000+0000,1.8981228441009916
2016-07-11T04:00:00.000000+0000,1.8984580008209944
2016-07-12T04:00:00.000000+0000,1.8985697197276619
2016-07-13T04:00:00.000000+0000,1.8986814386343294
2016-07-14T04:00:00.000000+0000,1.8994438337235897
2016-07-15T04:00:00.000000+0000,1.8995555909139599
2016-07-18T04:00:00.000000+0000,1.901240113262679
2016-07-19T04:00:00.000000+0000,1.899769855938946
2016-07-20T04:00:00.000000+0000,1.8998815994382712
2016-07-21T04:00:00.000000+0000,1.8971071161940594
2016-07-22T04:00:00.000000+0000,1.9062051064567738
2016-07-25T04:00:00.000000+0000,1.9070555727946839
2016-07-26T04:00:00.000000+0000,1.8924766843615919
2016-07-27T04:00:00.000000+0000,1.8621305371639132
2016-07-28T04:00:00.000000+0000,1.8702075771460072
2016-07-29T04:00:00.000000+0000,1.8789157832183279
2016-08-01T04:00:00.000000+0000,1.8833413398531589
2016-08-02T04:00:00.000000+0000,1.879315677488444
2016-08-03T04:00:00.000000+0000,1.8778414489264008
2016-08-04T04:00:00.000000+0000,1.882587999327917
2016-08-05T04:00:00.000000+0000,1.8822293267361505
2016-08-08T04:00:00.000000+0000,1.8787602517475857
2016-08-09T04:00:00.000000+0000,1.8829585898996228
2016-08-10T04:00:00.000000+0000,1.8904459840380619
2016-08-11T04:00:00.000000+0000,1.8925428601075929
2016-08-12T04:00:00.000000+0000,1.8926540281252209
2016-08-15T04:00:00.000000+0000,1.8936316666817463
2016-08-16T04:00:00.000000+0000,1.8937428725269643
2016-08-17T04:00:00.000000+0000,1.8968733611169315
2016-08-18T04:00:00.000000+0000,1.9068533233073697
2016-08-19T04:00:00.000000+0000,1.907267607884128
2016-08-22T04:00:00.000000+0000,1.9047700938500622
2016-08-23T04:00:00.000000+0000,1.8995210929523505
2016-08-24T04:00:00.000000+0000,1.9039525349214872
2016-08-25T04:00:00.000000+0000,1.8911230298945605
2016-08-26T04:00:00.000000+0000,1.8818064865400739
2016-08-29T04:00:00.000000+0000,1.8874758052317975
2016-08-30T04:00:00.000000+0000,1.8745975090832658
2016-08-31T04:00:00.000000+0000,1.8789840103384465
2016-09-01T04:00:00.000000+0000,1.8673835111012347
2016-09-02T04:00:00.000000+0000,1.878924304659202
2016-09-06T04:00:00.000000+0000,1.8795352867046429
2016-09-07T04:00:00.000000+0000,1.8700166135597136
2016-09-08T04:00:00.000000+0000,1.8613988793220817
2016-09-09T04:00:00.000000+0000,1.850272546064672
2016-09-12T04:00:00.000000+0000,1.880389602061798
2016-09-13T04:00:00.000000+0000,1.8598163979450777
2016-09-14T04:00:00.000000+0000,1.8598449085592679
2016-09-15T04:00:00.000000+0000,1.8742087445278797
2016-09-16T04:00:00.000000+0000,1.868470261941732
2016-09-19T04:00:00.000000+0000,1.868798829117853
2016-09-20T04:00:00.000000+0000,1.87610009913903
2016-09-21T04:00:00.000000+0000,1.8762100429842694
2016-09-22T04:00:00.000000+0000,1.876319986829509
2016-09-23T04:00:00.000000+0000,1.877085729737483
2016-09-26T04:00:00.000000+0000,1.8715240569713651
2016-09-27T04:00:00.000000+0000,1.8782766098401613
2016-09-28T04:00:00.000000+0000,1.881779367334366
2016-09-29T04:00:00.000000+0000,1.8626715023387095
2016-09-30T04:00:00.000000+0000,1.9002901182697727
2016-10-03T04:00:00.000000+0000,1.8887534742556442
2016-10-04T04:00:00.000000+0000,1.8837345395875753
2016-10-05T04:00:00.000000+0000,1.8761932918737636
2016-10-06T04:00:00.000000+0000,1.8796023628775644
2016-10-07T04:00:00.000000+0000,1.871526584180392
2016-10-10T04:00:00.000000+0000,1.867548877054912
2016-10-11T04:00:00.000000+0000,1.8555020298958511
2016-10-12T04:00:00.000000+0000,1.8627059810447133
2016-10-13T04:00:00.000000+0000,1.867182650688768
2016-10-14T04:00:00.000000+0000,1.8758768242677908
2016-10-17T04:00:00.000000+0000,1.8684824384891823
2016-10-18T04:00:00.000000+0000,1.8730447323923793
2016-10-19T04:00:00.000000+0000,1.8655836240676342
2016-10-20T04:00:00.000000+0000,1.8636404965188953
2016-10-21T04:00:00.000000+0000,1.8533546752088426
2016-10-24T04:00:00.000000+0000,1.8746177571853322
2016-10-25T04:00:00.000000+0000,1.8960153729969706
2016-10-26T04:00:00.000000+0000,1.8961262564926376
2016-10-27T04:00:00.000000+0000,1.8962371399883051
2016-10-28T04:00:00.000000+0000,1.8963480234839725
2016-10-31T04:00:00.000000+0000,1.8966806739709738
2016-11-01T04:00:00.000000+0000,1.8844423875603584
2016-11-02T04:00:00.000000+0000,1.8836563069176957
2016-11-03T04:00:00.000000+0000,1.8745316614066814
2016-11-04T04:00:00.000000+0000,1.8556996893431168
2016-11-07T05:00:00.000000+0000,1.8835382494761772
2016-11-08T05:00:00.000000+0000,1.9013099286145376
2016-11-09T05:00:00.000000+0000,1.9044206545640876
2016-11-10T05:00:00.000000+0000,1.8825539041921469
2016-11-11T05:00:00.000000+0000,1.8882584912588374
2016-11-14T05:00:00.000000+0000,1.8750588232914598
2016-11-15T05:00:00.000000+0000,1.886662384603588
2016-11-16T05:00:00.000000+0000,1.8798322095449953
2016-11-17T05:00:00.000000+0000,1.8762477630898988
2016-11-18T05:00:00.000000+0000,1.8685009517951185
2016-11-21T05:00:00.000000+0000,1.88674492367916
2016-11-22T05:00:00.000000+0000,1.9006977291332732
2016-11-23T05:00:00.000000+0000,1.902671531407563
2016-11-25T05:00:00.000000+0000,1.913407598589599
2016-11-28T05:00:00.000000+0000,1.9137426921672176
2016-11-29T05:00:00.000000+0000,1.9138543900264235
2016-11-30T05:00:00.000000+0000,1.9139660878856297
2016-12-01T05:00:00.000000+0000,1.9112278240600717
2016-12-02T05:00:00.000000+0000,1.9285439942946334
2016-12-05T05:00:00.000000+0000,1.9379910426738245
2016-12-06T05:00:00.000000+0000,1.9464634648163845
2016-12-07T05:00:00.000000+0000,1.977052809585888
2016-12-08T05:00:00.000000+0000,1.97716814203146
2016-12-09T05:00:00.000000+0000,1.977283474477032
2016-12-12T05:00:00.000000+0000,1.9924678561914477
2016-12-13T05:00:00.000000+0000,1.9925840539897983
2016-12-14T05:00:00.000000+0000,1.992700251788149
2016-12-15T05:00:00.000000+0000,1.998257964568856
2016-12-16T05:00:00.000000+0000,1.9983744796528555
2016-12-19T05:00:00.000000+0000,1.997490786857784
2016-12-20T05:00:00.000000+0000,1.9984630139717572
2016-12-21T05:00:00.000000+0000,1.9934698331700633
2016-12-22T05:00:00.000000+0000,1.9796165884739285
2016-12-23T05:00:00.000000+0000,1.9837640822753149
2016-12-27T05:00:00.000000+0000,1.985696344335659
2016-12-28T05:00:00.000000+0000,1.9745336322451263
2016-12-29T05:00:00.000000+0000,1.9778889511219881
2016-12-30T05:00:00.000000+0000,1.9724209102429526
2017-01-10T05:00:00.000000+0000,1.9724209102429526
2017-01-11T05:00:00.000000+0000,1.973597211137903
2017-01-12T05:00:00.000000+0000,1.9728954386091382
2017-01-13T05:00:00.000000+0000,1.961771387906501
2017-01-17T05:00:00.000000+0000,1.9838974403004086
2017-01-18T05:00:00.000000+0000,1.9855831888676445
2017-01-19T05:00:00.000000+0000,1.9808988164519534
2017-01-20T05:00:00.000000+0000,1.976679139045818
2017-01-23T05:00:00.000000+0000,1.9717108429903005
2017-01-24T05:00:00.000000+0000,1.9791831940226114
2017-01-25T05:00:00.000000+0000,1.9761238578591998
2017-01-26T05:00:00.000000+0000,1.9743058015784114
2017-01-27T05:00:00.000000+0000,1.9638299306242475
2017-01-30T05:00:00.000000+0000,1.9764401822647577
2017-01-31T05:00:00.000000+0000,1.9866417427735938
2017-02-01T05:00:00.000000+0000,1.971728758259512
2017-02-02T05:00:00.000000+0000,2.006007669260822
2017-02-03T05:00:00.000000+0000,2.013206159979508
2017-02-06T05:00:00.000000+0000,2.013557296335702
2017-02-07T05:00:00.000000+0000,2.018588361309276
2017-02-08T05:00:00.000000+0000,2.0187056923902653
2017-02-09T05:00:00.000000+0000,2.018823023471254
2017-02-10T05:00:00.000000+0000,2.0079714566488134
2017-02-13T05:00:00.000000+0000,2.008864435339489
2017-02-14T05:00:00.000000+0000,2.0074583933462584
2017-02-15T05:00:00.000000+0000,2.0308403809209628
2017-02-16T05:00:00.000000+0000,2.0436412530140706
2017-02-17T05:00:00.000000+0000,2.0491222861227345
2017-02-21T05:00:00.000000+0000,2.0495984328606953
2017-02-22T05:00:00.000000+0000,2.049717469545185
2017-02-23T05:00:00.000000+0000,2.0498365062296755
2017-02-24T05:00:00.000000+0000,2.0493162211491174
2017-02-27T05:00:00.000000+0000,2.0496732198303045
2017-02-28T05:00:00.000000+0000,2.0511054757908385
2017-03-01T05:00:00.000000+0000,2.050947835489572
2017-03-02T05:00:00.000000+0000,2.0540351981234215
2017-03-03T05:00:00.000000+0000,2.04392357669483
2017-03-06T05:00:00.000000+0000,2.0273605071764136
2017-03-07T05:00:00.000000+0000,2.027760076329102
2017-03-08T05:00:00.000000+0000,2.027848681697036
2017-03-09T05:00:00.000000+0000,2.0280813437423797
2017-03-10T05:00:00.000000+0000,2.034166653985583
2017-03-13T04:00:00.000000+0000,2.0314700105446133
2017-03-14T04:00:00.000000+0000,2.0339153224773554
2017-03-15T04:00:00.000000+0000,2.0502637017049934
2017-03-16T04:00:00.000000+0000,2.05038262536399
2017-03-17T04:00:00.000000+0000,2.050501549022986
2017-03-20T04:00:00.000000+0000,2.053153104085657
2017-03-21T04:00:00.000000+0000,2.05300742235462
2017-03-22T04:00:00.000000+0000,2.056513208003681
2017-03-23T04:00:00.000000+0000,2.0510896977904136
2017-03-24T04:00:00.000000+0000,2.046325994590528
2017-03-27T04:00:00.000000+0000,2.046747149999941
2017-03-28T04:00:00.000000+0000,2.0577931045365787
2017-03-29T04:00:00.000000+0000,2.0591367689649043
2017-03-30T04:00:00.000000+0000,2.0580317100279597
2017-03-31T04:00:00.000000+0000,2.0554492150199186
2017-04-03T04:00:00.000000+0000,2.054272258459203
2017-04-04T04:00:00.000000+0000,2.0574145745132872
2017-04-05T04:00:00.000000+0000,2.057055343485514
2017-04-06T04:00:00.000000+0000,2.0629055089810713
2017-04-07T04:00:00.000000+0000,2.0759337747558257
2017-04-10T04:00:00.000000+0000,2.080612473266143
2017-04-11T04:00:00.000000+0000,2.0830957387942646
2017-04-12T04:00:00.000000+0000,2.1032796247039656
2017-04-13T04:00:00.000000+0000,2.103401425684076
2017-04-17T04:00:00.000000+0000,2.1072975543043664
2017-04-18T04:00:00.000000+0000,2.109158605887946
2017-04-19T04:00:00.000000+0000,2.1089508068436644
2017-04-20T04:00:00.000000+0000,2.109404336923528
2017-04-21T04:00:00.000000+0000,2.1053873642966825
2017-04-24T04:00:00.000000+0000,2.1129958670631086
2017-04-25T04:00:00.000000+0000,2.1166168070755784
2017-04-26T04:00:00.000000+0000,2.095898031064698
2017-04-27T04:00:00.000000+0000,2.0875300723996832
2017-04-28T04:00:00.000000+0000,2.090892108029469
2017-05-01T04:00:00.000000+0000,2.082944831711866
2017-05-02T04:00:00.000000+0000,2.07880201143528
2017-05-03T04:00:00.000000+0000,2.0774445265774295
2017-05-04T04:00:00.000000+0000,2.084892217551036
2017-05-05T04:00:00.000000+0000,2.0853745588875223
2017-05-08T04:00:00.000000+0000,2.085896822024465
2017-05-09T04:00:00.000000+0000,2.0847723380693886
2017-05-10T04:00:00.000000+0000,2.084892878818041
2017-05-11T04:00:00.000000+0000,2.0846082293605894
2017-05-12T04:00:00.000000+0000,2.0819548175273725
2017-05-15T04:00:00.000000+0000,2.0912008805993803
2017-05-16T04:00:00.000000+0000,2.090070984304958
2017-05-17T04:00:00.000000+0000,2.082788292135388
2017-05-18T04:00:00.000000+0000,2.1084587934861974
2017-05-19T04:00:00.000000+0000,2.1153152391969146
2017-05-22T04:00:00.000000+0000,2.1156819473506028
2017-05-23T04:00:00.000000+0000,2.1146999113455465
2017-05-24T04:00:00.000000+0000,2.118220930956233
2017-05-25T04:00:00.000000+0000,2.1183432995602876
2017-05-26T04:00:00.000000+0000,2.1184656681643426
2017-05-30T04:00:00.000000+0000,2.1189729735166543
2017-05-31T04:00:00.000000+0000,2.123121517030229
2017-06-01T04:00:00.000000+0000,2.1232441191601215
2017-06-02T04:00:00.000000+0000,2.1233667212900134
2017-06-05T04:00:00.000000+0000,2.1237345276796895
2017-06-06T04:00:00.000000+0000,2.123857129809582
2017-06-07T04:00:00.000000+0000,2.1239797319394738
2017-06-08T04:00:00.000000+0000,2.124102334069366
2017-06-09T04:00:00.000000+0000,2.131784533711446
2017-06-12T04:00:00.000000+0000,2.134363399238498
2017-06-13T04:00:00.000000+0000,2.1394678207527704
2017-06-14T04:00:00.000000+0000,2.1532591895969486
2017-06-15T04:00:00.000000+0000,2.154568714003609
2017-06-16T04:00:00.000000+0000,2.069555061017943
2017-06-19T04:00:00.000000+0000,2.0606237379563233
2017-06-20T04:00:00.000000+0000,2.0550086815665756
2017-06-21T04:00:00.000000+0000,2.062446986833496
2017-06-22T04:00:00.000000+0000,2.0395156411737005
2017-06-23T04:00:00.000000+0000,2.0268182557533176
2017-06-26T04:00:00.000000+0000,2.045522860208735
2017-06-27T04:00:00.000000+0000,2.028929724096774
2017-06-28T04:00:00.000000+0000,2.039413533684582
2017-06-29T04:00:00.000000+0000,2.0154641944227705
2017-06-30T04:00:00.000000+0000,2.0237999804144122
2017-07-03T04:00:00.000000+0000,2.026721656418028
2017-07-05T04:00:00.000000+0000,2.0262688134977296
2017-07-06T04:00:00.000000+0000,2.0213279293478728
2017-07-07T04:00:00.000000+0000,2.007145287600286
2017-07-10T04:00:00.000000+0000,1.9748407814728872
2017-07-11T04:00:00.000000+0000,1.9744248542014573
2017-07-12T04:00:00.000000+0000,1.9873826175928302
2017-07-13T04:00:00.000000+0000,2.0034229171864832
2017-07-14T04:00:00.000000+0000,2.0092251378725177
2017-07-17T04:00:00.000000+0000,2.0119851138899754
2017-07-18T04:00:00.000000+0000,2.0121009838394244
2017-07-19T04:00:00.000000+0000,2.0122168537888734
2017-07-20T04:00:00.000000+0000,2.0111854006766343
2017-07-21T04:00:00.000000+0000,2.0088205103513395
2017-07-24T04:00:00.000000+0000,2.0179355926242093
2017-07-25T04:00:00.000000+0000,2.027679583841855
2017-07-26T04:00:00.000000+0000,2.027796303858578
2017-07-27T04:00:00.000000+0000,2.0279130238753007
2017-07-28T04:00:00.000000+0000,2.0280297438920236
2017-07-31T04:00:00.000000+0000,2.028263183925469
2017-08-01T04:00:00.000000+0000,2.028379897225717
2017-08-02T04:00:00.000000+0000,2.026649708712154
2017-08-03T04:00:00.000000+0000,2.0319057184471294
2017-08-04T04:00:00.000000+0000,2.0298311952645838
2017-08-07T04:00:00.000000+0000,2.0354603138077083
2017-08-08T04:00:00.000000+0000,2.038362777401317
2017-08-09T04:00:00.000000+0000,2.0344197018521166
2017-08-10T04:00:00.000000+0000,2.0357387199210875
2017-08-11T04:00:00.000000+0000,2.035860122999645
2017-08-14T04:00:00.000000+0000,2.036211352042766
2017-08-15T04:00:00.000000+0000,2.0368782672202665
2017-08-16T04:00:00.000000+0000,2.0533577104920173
2017-08-17T04:00:00.000000+0000,2.0426176842815025
2017-08-18T04:00:00.000000+0000,2.039364149066718
2017-08-21T04:00:00.000000+0000,2.0430270982593592
2017-08-22T04:00:00.000000+0000,2.0515498186935273
2017-08-23T04:00:00.000000+0000,2.0464842496479716
2017-08-24T04:00:00.000000+0000,2.024492935233786
2017-08-25T04:00:00.000000+0000,2.029836814799616
2017-08-28T04:00:00.000000+0000,2.023307311566806
2017-08-29T04:00:00.000000+0000,2.035919466592505
2017-08-30T04:00:00.000000+0000,2.0385055459173356
2017-08-31T04:00:00.000000+0000,2.047981301791247
2017-09-01T04:00:00.000000+0000,2.052567221668431
2017-09-05T04:00:00.000000+0000,2.066613744501854
2017-09-06T04:00:00.000000+0000,2.0667324187849285
2017-09-07T04:00:00.000000+0000,2.0668510930680024
2017-09-08T04:00:00.000000+0000,2.0669697673510763
2017-09-11T04:00:00.000000+0000,2.071099985314978
2017-09-12T04:00:00.000000+0000,2.0787796469385893
2017-09-13T04:00:00.000000+0000,2.077681442641587
2017-09-14T04:00:00.000000+0000,2.074586924778832
2017-09-15T04:00:00.000000+0000,2.0846987145561133
2017-09-18T04:00:00.000000+0000,2.0857849194285114
2017-09-19T04:00:00.000000+0000,2.0884148012807
2017-09-20T04:00:00.000000+0000,2.079893436936829
2017-09-21T04:00:00.000000+0000,2.063545300422588
2017-09-22T04:00:00.000000+0000,2.0561456404988827
2017-09-25T04:00:00.000000+0000,2.0632769531489865
2017-09-26T04:00:00.000000+0000,2.0627574005280045
2017-09-27T04:00:00.000000+0000,2.0311491138133175
2017-09-28T04:00:00.000000+0000,2.0386840624252445
2017-09-29T04:00:00.000000+0000,2.0338976654130327
2017-10-02T04:00:00.000000+0000,2.039310914700921
2017-10-03T04:00:00.000000+0000,2.047883735296808
2017-10-04T04:00:00.000000+0000,2.0561031801559824
2017-10-05T04:00:00.000000+0000,2.065873341560126
2017-10-06T04:00:00.000000+0000,2.06564042776515
2017-10-09T04:00:00.000000+0000,2.0524563875839608
2017-10-10T04:00:00.000000+0000,2.062535186500869
2017-10-11T04:00:00.000000+0000,2.065756626877751
2017-10-12T04:00:00.000000+0000,2.068156372295121
2017-10-13T04:00:00.000000+0000,2.0797674808118103
2017-10-16T04:00:00.000000+0000,2.080124989570557
2017-10-17T04:00:00.000000+0000,2.0802441591568055
2017-10-18T04:00:00.000000+0000,2.0803633287430543
2017-10-19T04:00:00.000000+0000,2.0844481037617406
2017-10-20T04:00:00.000000+0000,2.084567500497009
2017-10-23T04:00:00.000000+0000,2.0777050968355253
2017-10-24T04:00:00.000000+0000,2.0672444627338136
2017-10-25T04:00:00.000000+0000,2.060122968670702
2017-10-26T04:00:00.000000+0000,2.071984582922262
2017-10-27T04:00:00.000000+0000,2.0651523375964076
2017-10-30T04:00:00.000000+0000,2.0500117832093294
2017-10-31T04:00:00.000000+0000,2.0570097633676814
2017-11-01T04:00:00.000000+0000,2.073178919559257
2017-11-02T04:00:00.000000+0000,2.0781219824993946
2017-11-03T04:00:00.000000+0000,2.081111229258885
2017-11-06T05:00:00.000000+0000,2.0632774752913483
2017-11-07T05:00:00.000000+0000,2.0854359919931413
2017-11-08T05:00:00.000000+0000,2.0891474275888204
2017-11-09T05:00:00.000000+0000,2.0892669562835096
2017-11-10T05:00:00.000000+0000,2.0893864849781987
2017-11-13T05:00:00.000000+0000,2.0897450710622656
2017-11-14T05:00:00.000000+0000,2.0898645997569547
2017-11-15T05:00:00.000000+0000,2.089984128451644
2017-11-16T05:00:00.000000+0000,2.1762019349334913
2017-11-17T05:00:00.000000+0000,2.1763263874101777
2017-11-20T05:00:00.000000+0000,2.172607782767496
2017-11-21T05:00:00.000000+0000,2.1814386846562663
2017-11-22T05:00:00.000000+0000,2.1792369019591518
2017-11-24T05:00:00.000000+0000,2.185130157103206
2017-11-27T05:00:00.000000+0000,2.1896476268931897
2017-11-28T05:00:00.000000+0000,2.190864214043503
2017-11-29T05:00:00.000000+0000,2.196909519208774
2017-11-30T05:00:00.000000+0000,2.2073783649664067
2017-12-01T05:00:00.000000+0000,2.2075044993713764
2017-12-04T05:00:00.000000+0000,2.207882902586285
2017-12-05T05:00:00.000000+0000,2.208009036991254
2017-12-06T05:00:00.000000+0000,2.2081351713962234
2017-12-07T05:00:00.000000+0000,2.208295136513182
2017-12-08T05:00:00.000000+0000,2.2008222684769687
2017-12-11T05:00:00.000000+0000,2.209193872435133
2017-12-12T05:00:00.000000+0000,2.203258813929843
2017-12-13T05:00:00.000000+0000,2.229619955289189
2017-12-14T05:00:00.000000+0000,2.2340942526816163
2017-12-15T05:00:00.000000+0000,2.2342218116446113
2017-12-18T05:00:00.000000+0000,2.2346044885335967
2017-12-19T05:00:00.000000+0000,2.2347320474965917
2017-12-20T05:00:00.000000+0000,2.231573620308313
2017-12-21T05:00:00.000000+0000,2.2288419974270752
2017-12-22T05:00:00.000000+0000,2.228764306202916
2017-12-26T05:00:00.000000+0000,2.233847415943617
2017-12-27T05:00:00.000000+0000,2.234842676310574
2017-12-28T05:00:00.000000+0000,2.232758515005869
2017-12-29T05:00:00.000000+0000,2.2334115065836873
2018-01-05T05:00:00.000000+0000,2.2334115065836873
2018-01-08T05:00:00.000000+0000,2.242094699197803
2018-01-09T05:00:00.000000+0000,2.2160430954595105
2018-01-10T05:00:00.000000+0000,2.2056944137881946
2018-01-11T05:00:00.000000+0000,2.2528007489139914
2018-01-12T05:00:00.000000+0000,2.239306659847471
2018-01-16T05:00:00.000000+0000,2.2545501921458615
2018-01-17T05:00:00.000000+0000,2.2790393339812196
2018-01-18T05:00:00.000000+0000,2.2791692070309746
2018-01-19T05:00:00.000000+0000,2.288452617585238
2018-01-22T05:00:00.000000+0000,2.288843801423194
2018-01-23T05:00:00.000000+0000,2.2889741960358463
2018-01-24T05:00:00.000000+0000,2.2699528262064197
2018-01-25T05:00:00.000000+0000,2.2707242846441034
2018-01-26T05:00:00.000000+0000,2.2550444580506817
2018-01-29T05:00:00.000000+0000,2.2326817855398
2018-01-30T05:00:00.000000+0000,2.2349951986346563
2018-01-31T05:00:00.000000+0000,2.2193148909321363
2018-02-01T05:00:00.000000+0000,2.20337038257183
2018-02-02T05:00:00.000000+0000,2.181653711889076
2018-02-05T05:00:00.000000+0000,2.0877577910697367
2018-02-06T05:00:00.000000+0000,2.113344936263529
2018-02-07T05:00:00.000000+0000,2.1081409977382832
2018-02-08T05:00:00.000000+0000,2.0390682623794456
2018-02-09T05:00:00.000000+0000,2.040487497436571
2018-02-12T05:00:00.000000+0000,2.080228148562264
2018-02-13T05:00:00.000000+0000,2.1101094507236136
2018-02-14T05:00:00.000000+0000,2.1102295124270483
2018-02-15T05:00:00.000000+0000,2.1462034879849683
2018-02-16T05:00:00.000000+0000,2.1479439384190258
2018-02-20T05:00:00.000000+0000,2.1173858175258156
2018-02-21T05:00:00.000000+0000,2.059113079635521
2018-02-22T05:00:00.000000+0000,2.087236981681883
2018-02-23T05:00:00.000000+0000,2.0899369907622236
2018-02-26T05:00:00.000000+0000,2.095111837803278
2018-02-27T05:00:00.000000+0000,2.0952309580569217
2018-02-28T05:00:00.000000+0000,2.0606615129039367
2018-03-01T05:00:00.000000+0000,2.0653856799198036
2018-03-02T05:00:00.000000+0000,2.0581978996307155
2018-03-05T05:00:00.000000+0000,2.08625258935866
2018-03-06T05:00:00.000000+0000,2.064921743425901
2018-03-07T05:00:00.000000+0000,2.0343163811155205
2018-03-08T05:00:00.000000+0000,2.050643544804116
2018-03-09T05:00:00.000000+0000,2.082559410963847
2018-03-12T04:00:00.000000+0000,2.0912830410320025
2018-03-13T04:00:00.000000+0000,2.0914018493060422
2018-03-14T04:00:00.000000+0000,2.072513206008368
2018-03-15T04:00:00.000000+0000,2.08239061210124
2018-03-16T04:00:00.000000+0000,2.0864324437763897
2018-03-19T04:00:00.000000+0000,2.0625110041127908
2018-03-20T04:00:00.000000+0000,2.0539139681546468
2018-03-21T04:00:00.000000+0000,2.032234805354126
2018-03-22T04:00:00.000000+0000,2.0172833684063005
2018-03-23T04:00:00.000000+0000,2.004083677402951
2018-03-26T04:00:00.000000+0000,2.074787066115667
2018-03-27T04:00:00.000000+0000,2.090910455537972
2018-03-28T04:00:00.000000+0000,2.132704487345641
2018-03-29T04:00:00.000000+0000,2.132825538788036
2018-04-02T04:00:00.000000+0000,2.1333097445576135
2018-04-03T04:00:00.000000+0000,2.1644803171101508
2018-04-04T04:00:00.000000+0000,2.1749537929473255
2018-04-05T04:00:00.000000+0000,2.1896657935073125
2018-04-06T04:00:00.000000+0000,2.189790021641252
2018-04-09T04:00:00.000000+0000,2.1794334047331505
2018-04-10T04:00:00.000000+0000,2.185288711282284
2018-04-11T04:00:00.000000+0000,2.171639247585103
2018-04-12T04:00:00.000000+0000,2.1595057023645605
2018-04-13T04:00:00.000000+0000,2.174419437178568
2018-04-16T04:00:00.000000+0000,2.195147971063696
2018-04-17T04:00:00.000000+0000,2.1952724325496336
2018-04-18T04:00:00.000000+0000,2.1953968940355715
2018-04-19T04:00:00.000000+0000,2.1664613256199896
2018-04-20T04:00:00.000000+0000,2.1030498999948803
2018-04-23T04:00:00.000000+0000,2.105102120954858
2018-04-24T04:00:00.000000+0000,2.0906828742725083
2018-04-25T04:00:00.000000+0000,2.0847060109042674
2018-04-26T04:00:00.000000+0000,2.100428020620923
2018-04-27T04:00:00.000000+0000,2.127942780387482
2018-04-30T04:00:00.000000+0000,2.1283045079516953
2018-05-01T04:00:00.000000+0000,2.090140314363481
2018-05-02T04:00:00.000000+0000,2.05007907198878
2018-05-03T04:00:00.000000+0000,2.057880990658961
2018-05-04T04:00:00.000000+0000,2.087188788453636
2018-05-07T04:00:00.000000+0000,2.064411935683976
2018-05-08T04:00:00.000000+0000,2.070933477818531
2018-05-09T04:00:00.000000+0000,2.0574543799334517
2018-05-10T04:00:00.000000+0000,2.061193600071045
2018-05-11T04:00:00.000000+0000,2.0783923825785147
2018-05-14T04:00:00.000000+0000,2.1035688712375595
2018-05-15T04:00:00.000000+0000,2.1036879512842375
2018-05-16T04:00:00.000000+0000,2.095115914198832
2018-05-17T04:00:00.000000+0000,2.1329334533517557
2018-05-18T04:00:00.000000+0000,2.133054175184054
2018-05-21T04:00:00.000000+0000,2.1552420888697914
2018-05-22T04:00:00.000000+0000,2.1261686261470736
2018-05-23T04:00:00.000000+0000,2.1169878940977673
2018-05-24T04:00:00.000000+0000,2.112907677748861
2018-05-25T04:00:00.000000+0000,2.102961067147888
2018-05-29T04:00:00.000000+0000,2.10143094513967
2018-05-30T04:00:00.000000+0000,2.1452958052878413
2018-05-31T04:00:00.000000+0000,2.1454171375418567
2018-06-01T04:00:00.000000+0000,2.153626696514393
2018-06-04T04:00:00.000000+0000,2.175030820710879
2018-06-05T04:00:00.000000+0000,2.1688734475679405
2018-06-06T04:00:00.000000+0000,2.166899859457133
2018-06-07T04:00:00.000000+0000,2.167022365079128
2018-06-08T04:00:00.000000+0000,2.151971356633791
2018-06-11T04:00:00.000000+0000,2.1504413305106724
2018-06-12T04:00:00.000000+0000,2.1453390082270873
2018-06-13T04:00:00.000000+0000,2.145083867580154
2018-06-14T04:00:00.000000+0000,2.1316185537247456
2018-06-15T04:00:00.000000+0000,2.170609763992837
2018-06-18T04:00:00.000000+0000,2.152457004544152
2018-06-19T04:00:00.000000+0000,2.168276343711066
2018-06-20T04:00:00.000000+0000,2.168276343711066
2018-06-21T04:00:00.000000+0000,2.185141869223761
2018-06-22T04:00:00.000000+0000,2.1932550859637248
2018-06-25T04:00:00.000000+0000,2.209990547936247
2018-06-26T04:00:00.000000+0000,2.2101153556251076
2018-06-27T04:00:00.000000+0000,2.2102401633139683
2018-06-28T04:00:00.000000+0000,2.1963500726234693
2018-06-29T04:00:00.000000+0000,2.199190397184775
2018-07-02T04:00:00.000000+0000,2.1887729628334265
2018-07-03T04:00:00.000000+0000,2.200238063031397
2018-07-05T04:00:00.000000+0000,2.203624734815702
2018-07-06T04:00:00.000000+0000,2.202062041057297
2018-07-09T04:00:00.000000+0000,2.2024348892332655
2018-07-10T04:00:00.000000+0000,2.3072831101578806
2018-07-11T04:00:00.000000+0000,2.307413302089463
2018-07-12T04:00:00.000000+0000,2.299543341881849
2018-07-13T04:00:00.000000+0000,2.2996730824437113
2018-07-16T04:00:00.000000+0000,2.306051784928177
2018-07-17T04:00:00.000000+0000,2.332859782089739
2018-07-18T04:00:00.000000+0000,2.332991365250186
2018-07-19T04:00:00.000000+0000,2.3608823804323924
2018-07-20T04:00:00.000000+0000,2.359383056874766
2018-07-23T04:00:00.000000+0000,2.3542840892014874
2018-07-24T04:00:00.000000+0000,2.3686788078199883
2018-07-25T04:00:00.000000+0000,2.378381972200806
2018-07-26T04:00:00.000000+0000,2.374046111306031
2018-07-27T04:00:00.000000+0000,2.374179949608259
2018-07-30T04:00:00.000000+0000,2.372102175608168
2018-07-31T04:00:00.000000+0000,2.389137950150729
2018-08-01T04:00:00.000000+0000,2.371878026843638
2018-08-02T04:00:00.000000+0000,2.415464439242354
2018-08-03T04:00:00.000000+0000,2.4383240846690146
2018-08-06T04:00:00.000000+0000,2.4398925862252288
2018-08-07T04:00:00.000000+0000,2.4400300514162456
2018-08-08T04:00:00.000000+0000,2.4244349421141895
2018-08-09T04:00:00.000000+0000,2.428920934178502
2018-08-10T04:00:00.000000+0000,2.4111909225952064
2018-08-13T04:00:00.000000+0000,2.402982175637405
2018-08-14T04:00:00.000000+0000,2.429687155127826
2018-08-15T04:00:00.000000+0000,2.4397469863354058
2018-08-16T04:00:00.000000+0000,2.4471596266124704
2018-08-17T04:00:00.000000+0000,2.4472974235976865
2018-08-20T04:00:00.000000+0000,2.4477108145533344
2018-08-21T04:00:00.000000+0000,2.44784861153855
2018-08-22T04:00:00.000000+0000,2.4374033966955464
2018-08-23T04:00:00.000000+0000,2.430671309365099
2018-08-24T04:00:00.000000+0000,2.4354486071666135
2018-08-27T04:00:00.000000+0000,2.441095272975248
2018-08-28T04:00:00.000000+0000,2.480601511179714
2018-08-29T04:00:00.000000+0000,2.478414339033558
2018-08-30T04:00:00.000000+0000,2.457637639654004
2018-08-31T04:00:00.000000+0000,2.4368612013669826
2018-09-04T04:00:00.000000+0000,2.447250073241825
2018-09-05T04:00:00.000000+0000,2.4811482389431205
2018-09-06T04:00:00.000000+0000,2.4620842500148075
2018-09-07T04:00:00.000000+0000,2.4400402980832263
2018-09-10T04:00:00.000000+0000,2.454040320853404
2018-09-11T04:00:00.000000+0000,2.443018344887613
2018-09-12T04:00:00.000000+0000,2.4757869882156713
2018-09-13T04:00:00.000000+0000,2.475926185550016
2018-09-14T04:00:00.000000+0000,2.462130542028991
2018-09-17T04:00:00.000000+0000,2.426774550248142
2018-09-18T04:00:00.000000+0000,2.4513567155485796
2018-09-19T04:00:00.000000+0000,2.4461263698562945
2018-09-20T04:00:00.000000+0000,2.477302773472444
2018-09-21T04:00:00.000000+0000,2.470637471992861
2018-09-24T04:00:00.000000+0000,2.471053984664803
2018-09-25T04:00:00.000000+0000,2.4644510902046113
2018-09-26T04:00:00.000000+0000,2.4541065831815305
2018-09-27T04:00:00.000000+0000,2.4423161924622736
2018-09-28T04:00:00.000000+0000,2.4532222361634193
2018-10-01T04:00:00.000000+0000,2.4660234245289514
2018-10-02T04:00:00.000000+0000,2.421696906995582
2018-10-03T04:00:00.000000+0000,2.394966855458052
2018-10-04T04:00:00.000000+0000,2.3746978457065806
2018-10-05T04:00:00.000000+0000,2.3720244630452734
2018-10-08T04:00:00.000000+0000,2.427417147797041
2018-10-09T04:00:00.000000+0000,2.43001887047528
2018-10-10T04:00:00.000000+0000,2.396197574435964
2018-10-11T04:00:00.000000+0000,2.320581358806848
2018-10-12T04:00:00.000000+0000,2.3261713744256713
2018-10-15T04:00:00.000000+0000,2.357654720916731
2018-10-16T04:00:00.000000+0000,2.40766273168969
2018-10-17T04:00:00.000000+0000,2.407797840568115
2018-10-18T04:00:00.000000+0000,2.4079329494465402
2018-10-19T04:00:00.000000+0000,2.4080680583249663
2018-10-22T04:00:00.000000+0000,2.408473384960243
2018-10-23T04:00:00.000000+0000,2.4086084938386687
2018-10-24T04:00:00.000000+0000,2.4087436027170943
2018-10-25T04:00:00.000000+0000,2.4371632484014714
2018-10-26T04:00:00.000000+0000,2.348784157124598
2018-10-29T04:00:00.000000+0000,2.394319277228353
2018-10-30T04:00:00.000000+0000,2.4200968457195455
2018-10-31T04:00:00.000000+0000,2.420232545743603
2018-11-01T04:00:00.000000+0000,2.420368245767661
2018-11-02T04:00:00.000000+0000,2.4129893739832644
2018-11-05T05:00:00.000000+0000,2.4828808147838486
2018-11-06T05:00:00.000000+0000,2.4830199880921637
2018-11-07T05:00:00.000000+0000,2.4831591614004793
2018-11-08T05:00:00.000000+0000,2.483298334708795
2018-11-09T05:00:00.000000+0000,2.48343750801711
2018-11-12T05:00:00.000000+0000,2.483855027942056
2018-11-13T05:00:00.000000+0000,2.4802531474123852
2018-11-14T05:00:00.000000+0000,2.4714604526869195
2018-11-15T05:00:00.000000+0000,2.4230204177592007
2018-11-16T05:00:00.000000+0000,2.377986453709495
2018-11-19T05:00:00.000000+0000,2.3558352778936955
2018-11-20T05:00:00.000000+0000,2.2920591570792572
2018-11-21T05:00:00.000000+0000,2.2923026141066183
2018-11-23T05:00:00.000000+0000,2.3079300632298003
2018-11-26T05:00:00.000000+0000,2.3015325165894747
2018-11-27T05:00:00.000000+0000,2.325080521226922
2018-11-28T05:00:00.000000+0000,2.3252106888119055
2018-11-29T05:00:00.000000+0000,2.3253408563968896
2018-11-30T05:00:00.000000+0000,2.3254710239818737
2018-12-03T05:00:00.000000+0000,2.3258615267368246
2018-12-04T05:00:00.000000+0000,2.3259916943218086
2018-12-06T05:00:00.000000+0000,2.396382904918851
2018-12-07T05:00:00.000000+0000,2.375462817201801
2018-12-10T05:00:00.000000+0000,2.394580716462438
2018-12-11T05:00:00.000000+0000,2.435877159747653
2018-12-12T05:00:00.000000+0000,2.449858572327248
2018-12-13T05:00:00.000000+0000,2.445912022860587
2018-12-14T05:00:00.000000+0000,2.4167063224158984
2018-12-17T05:00:00.000000+0000,2.3603328186378767
2018-12-18T05:00:00.000000+0000,2.369203190952333
2018-12-19T05:00:00.000000+0000,2.3507623608338397
2018-12-20T05:00:00.000000+0000,2.33077993404529
2018-12-21T05:00:00.000000+0000,2.326774747942578
2018-12-24T05:00:00.000000+0000,2.291791122582312
2018-12-26T05:00:00.000000+0000,2.3960122016315117
2018-12-27T05:00:00.000000+0000,2.4201201107255317
2018-12-28T05:00:00.000000+0000,2.403317878973481
2019-01-16T05:00:00.000000+0000,2.403317878973481
2019-01-17T05:00:00.000000+0000,2.412259782062762
2019-01-18T05:00:00.000000+0000,2.412394445811275
2019-01-22T05:00:00.000000+0000,2.4027849521862157
2019-01-23T05:00:00.000000+0000,2.441840253791756
2019-01-24T05:00:00.000000+0000,2.4419765232188633
2019-01-25T05:00:00.000000+0000,2.44211279264597
2019-01-28T05:00:00.000000+0000,2.4490045370202806
2019-01-29T05:00:00.000000+0000,2.4530760029549943
2019-01-30T05:00:00.000000+0000,2.453212853582186
2019-01-31T05:00:00.000000+0000,2.4621886593207787
2019-02-01T05:00:00.000000+0000,2.44540843667207
2019-02-04T05:00:00.000000+0000,2.4569757222467223
2019-02-05T05:00:00.000000+0000,2.4658616956834143
2019-02-06T05:00:00.000000+0000,2.466212661949268
2019-02-07T05:00:00.000000+0000,2.4679143850011704
2019-02-08T05:00:00.000000+0000,2.4530641645137536
2019-02-11T05:00:00.000000+0000,2.462323203263655
2019-02-12T05:00:00.000000+0000,2.481443397451476
2019-02-13T05:00:00.000000+0000,2.481581722585525
2019-02-14T05:00:00.000000+0000,2.481720047719574
2019-02-15T05:00:00.000000+0000,2.5099371911950885
2019-02-19T05:00:00.000000+0000,2.502727846739958
2019-02-20T05:00:00.000000+0000,2.5078449868234722
2019-02-21T05:00:00.000000+0000,2.522025148849102
2019-02-22T05:00:00.000000+0000,2.5114865219564804
2019-02-25T05:00:00.000000+0000,2.5054802718519977
2019-02-26T05:00:00.000000+0000,2.500927503818171
2019-02-27T05:00:00.000000+0000,2.505683681758722
2019-02-28T05:00:00.000000+0000,2.5101246460443036
2019-03-01T05:00:00.000000+0000,2.509975358000043
2019-03-04T05:00:00.000000+0000,2.5179244545170336
2019-03-05T05:00:00.000000+0000,2.522220878187623
2019-03-06T05:00:00.000000+0000,2.5202264651041975
2019-03-07T05:00:00.000000+0000,2.5101215918940425
2019-03-08T05:00:00.000000+0000,2.502004480882722
2019-03-11T04:00:00.000000+0000,2.5444492581915585
2019-03-12T04:00:00.000000+0000,2.5475521634761336
2019-03-13T04:00:00.000000+0000,2.553344063235541
2019-03-14T04:00:00.000000+0000,2.5534861669966316
2019-03-15T04:00:00.000000+0000,2.5564455192049365
2019-03-18T04:00:00.000000+0000,2.5685920294298854
2019-03-19T04:00:00.000000+0000,2.568734942032715
2019-03-20T04:00:00.000000+0000,2.5688778546355455
2019-03-21T04:00:00.000000+0000,2.569020767238375
2019-03-22T04:00:00.000000+0000,2.5691636798412048
2019-03-25T04:00:00.000000+0000,2.5695924176496945
2019-03-26T04:00:00.000000+0000,2.569735330252524
2019-03-27T04:00:00.000000+0000,2.5698782428553546
2019-03-28T04:00:00.000000+0000,2.569268468747291
2019-03-29T04:00:00.000000+0000,2.572890750497742
2019-04-01T04:00:00.000000+0000,2.5757266726015247
2019-04-02T04:00:00.000000+0000,2.5680984141522596
2019-04-03T04:00:00.000000+0000,2.5704012542773533
2019-04-04T04:00:00.000000+0000,2.5786070079306045
2019-04-05T04:00:00.000000+0000,2.5850103246398177
2019-04-08T04:00:00.000000+0000,2.585441371226046
2019-04-09T04:00:00.000000+0000,2.585585053421455
2019-04-10T04:00:00.000000+0000,2.5851264428725984
2019-04-11T04:00:00.000000+0000,2.5865156629261614
2019-04-12T04:00:00.000000+0000,2.5930693024177875
2019-04-15T04:00:00.000000+0000,2.6236369510436366
2019-04-16T04:00:00.000000+0000,2.6237826992053876
2019-04-17T04:00:00.000000+0000,2.6239284473671387
2019-04-18T04:00:00.000000+0000,2.62407419552889
2019-04-22T04:00:00.000000+0000,2.624657188175895
2019-04-23T04:00:00.000000+0000,2.632517703784897
2019-04-24T04:00:00.000000+0000,2.6455785059167343
2019-04-25T04:00:00.000000+0000,2.642189831529098
2019-04-26T04:00:00.000000+0000,2.65785651384396
2019-04-29T04:00:00.000000+0000,2.6582991907128277
2019-04-30T04:00:00.000000+0000,2.669565642144189
2019-05-01T04:00:00.000000+0000,2.6553848060579344
2019-05-02T04:00:00.000000+0000,2.6628955941644166
2019-05-03T04:00:00.000000+0000,2.682488643052587
2019-05-06T04:00:00.000000+0000,2.681020020004942
2019-05-07T04:00:00.000000+0000,2.6728318057623843
2019-05-08T04:00:00.000000+0000,2.668622256354661
2019-05-09T04:00:00.000000+0000,2.6770580397551287
2019-05-10T04:00:00.000000+0000,2.726188613727993
2019-05-13T04:00:00.000000+0000,2.723850851027583
2019-05-14T04:00:00.000000+0000,2.7426203397982056
2019-05-15T04:00:00.000000+0000,2.7557125863119305
2019-05-16T04:00:00.000000+0000,2.768965527862357
2019-05-17T04:00:00.000000+0000,2.769119084868514
2019-05-20T04:00:00.000000+0000,2.7754662498513776
2019-05-21T04:00:00.000000+0000,2.771923954947656
2019-05-22T04:00:00.000000+0000,2.772077633405375
2019-05-23T04:00:00.000000+0000,2.7722313118630937
2019-05-24T04:00:00.000000+0000,2.7723849903208126
2019-05-28T04:00:00.000000+0000,2.7729997041516876
2019-05-29T04:00:00.000000+0000,2.7707130894866725
2019-05-30T04:00:00.000000+0000,2.796239938310382
2019-05-31T04:00:00.000000+0000,2.762840772799782
2019-06-03T04:00:00.000000+0000,2.7835839619990397
2019-06-04T04:00:00.000000+0000,2.8095718463009645
2019-06-05T04:00:00.000000+0000,2.8537066842268417
2019-06-06T04:00:00.000000+0000,2.8662799379106594
2019-06-07T04:00:00.000000+0000,2.866438706728941
2019-06-10T04:00:00.000000+0000,2.8669150131837866
2019-06-11T04:00:00.000000+0000,2.8670737820020684
2019-06-12T04:00:00.000000+0000,2.8672325508203502
2019-06-13T04:00:00.000000+0000,2.8673913196386316
2019-06-14T04:00:00.000000+0000,2.867550088456914
2019-06-17T04:00:00.000000+0000,2.868026394911759
2019-06-18T04:00:00.000000+0000,2.8681851637300406
2019-06-19T04:00:00.000000+0000,2.8683439325483224
2019-06-20T04:00:00.000000+0000,2.8685027013666042
2019-06-21T04:00:00.000000+0000,2.8686614701848865
2019-06-24T04:00:00.000000+0000,2.8691377766397315
2019-06-25T04:00:00.000000+0000,2.8692965454580137
2019-06-26T04:00:00.000000+0000,2.869455314276295
2019-06-27T04:00:00.000000+0000,2.864588976754629
2019-06-28T04:00:00.000000+0000,2.8564067768113257
2019-07-01T04:00:00.000000+0000,2.881788625249411
2019-07-02T04:00:00.000000+0000,2.894528337621312
2019-07-03T04:00:00.000000+0000,2.8946884405945843
2019-07-05T04:00:00.000000+0000,2.8950086465411298
2019-07-08T04:00:00.000000+0000,2.891991776040173
2019-07-09T04:00:00.000000+0000,2.8861352677002694
2019-07-10T04:00:00.000000+0000,2.909975760653714
2019-07-11T04:00:00.000000+0000,2.910136646867364
2019-07-12T04:00:00.000000+0000,2.910297533081014
2019-07-15T04:00:00.000000+0000,2.910780191721963
2019-07-16T04:00:00.000000+0000,2.9109410779356133
2019-07-17T04:00:00.000000+0000,2.911101964149263
2019-07-18T04:00:00.000000+0000,2.911262850362913
2019-07-19T04:00:00.000000+0000,2.8790045169886547
2019-07-22T04:00:00.000000+0000,2.8773907790398354
2019-07-23T04:00:00.000000+0000,2.9390671378446225
2019-07-24T04:00:00.000000+0000,2.926869305801277
2019-07-25T04:00:00.000000+0000,2.928597827691227
2019-07-26T04:00:00.000000+0000,2.969400384590656
2019-07-29T04:00:00.000000+0000,2.9653346643070004
2019-07-30T04:00:00.000000+0000,2.9533718049636133
2019-07-31T04:00:00.000000+0000,2.9048368991693594
2019-08-01T04:00:00.000000+0000,2.887264868987193
2019-08-02T04:00:00.000000+0000,2.886090146415968
2019-08-05T04:00:00.000000+0000,2.802011641768692
2019-08-06T04:00:00.000000+0000,2.845033338197068
2019-08-07T04:00:00.000000+0000,2.8873382869856963
2019-08-08T04:00:00.000000+0000,2.905920139748373
2019-08-09T04:00:00.000000+0000,2.891874224331871
2019-08-12T04:00:00.000000+0000,2.8622356181670545
2019-08-13T04:00:00.000000+0000,2.9112448547720238
2019-08-14T04:00:00.000000+0000,2.8597415524558927
2019-08-15T04:00:00.000000+0000,2.943147315541314
2019-08-16T04:00:00.000000+0000,2.952577810679424
2019-08-19T04:00:00.000000+0000,2.9530665356837207
2019-08-20T04:00:00.000000+0000,2.9532294440184863
2019-08-21T04:00:00.000000+0000,2.953392352353252
2019-08-22T04:00:00.000000+0000,2.9535552606880175
2019-08-23T04:00:00.000000+0000,2.953718169022783
2019-08-26T04:00:00.000000+0000,2.970033483581339
2019-08-27T04:00:00.000000+0000,2.970197264665862
2019-08-28T04:00:00.000000+0000,2.970361045750385
2019-08-29T04:00:00.000000+0000,2.9705248268349074
2019-08-30T04:00:00.000000+0000,2.97068860791943
2019-09-03T04:00:00.000000+0000,2.9713437322575205
2019-09-04T04:00:00.000000+0000,2.9715075133420426
2019-09-05T04:00:00.000000+0000,2.971671294426565
2019-09-06T04:00:00.000000+0000,2.971835075511088
2019-09-09T04:00:00.000000+0000,2.972326418764656
2019-09-10T04:00:00.000000+0000,2.9724901998491786
2019-09-11T04:00:00.000000+0000,2.979338343323802
2019-09-12T04:00:00.000000+0000,2.9767146365742825
2019-09-13T04:00:00.000000+0000,2.9754875916779815
2019-09-16T04:00:00.000000+0000,2.9592609413761974
2019-09-17T04:00:00.000000+0000,2.97967032806489
2019-09-18T04:00:00.000000+0000,2.9814998871031513
2019-09-19T04:00:00.000000+0000,2.9906788007567817
2019-09-20T04:00:00.000000+0000,2.9827018021817224
2019-09-23T04:00:00.000000+0000,2.9965329277447483
2019-09-24T04:00:00.000000+0000,3.0000755845687075
2019-09-25T04:00:00.000000+0000,3.000220177271293
2019-09-26T04:00:00.000000+0000,3.0080790293520843
2019-09-27T04:00:00.000000+0000,2.9976824592697646
2019-09-30T04:00:00.000000+0000,3.016448259801157
2019-10-01T04:00:00.000000+0000,3.001971495068723
2019-10-02T04:00:00.000000+0000,3.0062403997830107
2019-10-03T04:00:00.000000+0000,3.064111616138176
2019-10-04T04:00:00.000000+0000,3.112597461400559
2019-10-07T04:00:00.000000+0000,3.113111284475836
2019-10-08T04:00:00.000000+0000,3.0944883315021365
2019-10-09T04:00:00.000000+0000,3.120100805176021
2019-10-10T04:00:00.000000+0000,3.1165322020620647
2019-10-11T04:00:00.000000+0000,3.1023786076103024
2019-10-14T04:00:00.000000+0000,3.0936675823880844
2019-10-15T04:00:00.000000+0000,3.0733054737801737
2019-10-16T04:00:00.000000+0000,3.0764837893440786
2019-10-17T04:00:00.000000+0000,3.0752441386683964
2019-10-18T04:00:00.000000+0000,3.09617963602053
2019-10-21T04:00:00.000000+0000,3.1095099093275693
2019-10-22T04:00:00.000000+0000,3.1406620011394404
2019-10-23T04:00:00.000000+0000,3.1468291235446952
2019-10-24T04:00:00.000000+0000,3.1503020190381834
2019-10-25T04:00:00.000000+0000,3.1383095330563853
2019-10-28T04:00:00.000000+0000,3.147964176204204
2019-10-29T04:00:00.000000+0000,3.1260377263378274
2019-10-30T04:00:00.000000+0000,3.1588454022252286
2019-10-31T04:00:00.000000+0000,3.151471773311457
2019-11-01T04:00:00.000000+0000,3.1511486475629336
2019-11-04T05:00:00.000000+0000,3.138481048593218
2019-11-05T05:00:00.000000+0000,3.144102783974429
2019-11-06T05:00:00.000000+0000,3.1675796585973273
2019-11-07T05:00:00.000000+0000,3.1424426923839577
2019-11-08T05:00:00.000000+0000,3.1400472020034713
2019-11-11T05:00:00.000000+0000,3.1235763293468595
2019-11-12T05:00:00.000000+0000,3.117217375558168
2019-11-13T05:00:00.000000+0000,3.153619126802219
2019-11-14T05:00:00.000000+0000,3.1570404292762846
2019-11-15T05:00:00.000000+0000,3.1619783964241974
2019-11-18T05:00:00.000000+0000,3.1829557611949912
2019-11-19T05:00:00.000000+0000,3.1880511781687697
2019-11-20T05:00:00.000000+0000,3.188226161138383
2019-11-21T05:00:00.000000+0000,3.195028654179755
2019-11-22T05:00:00.000000+0000,3.1872396843705357
2019-11-25T05:00:00.000000+0000,3.182575345923388
2019-11-26T05:00:00.000000+0000,3.192810295607813
2019-11-27T05:00:00.000000+0000,3.1890878613507154
2019-11-29T05:00:00.000000+0000,3.188800496082861
2019-12-02T05:00:00.000000+0000,3.1820912266270622
2019-12-03T05:00:00.000000+0000,3.176072944363064
2019-12-04T05:00:00.000000+0000,3.179353109039128
2019-12-05T05:00:00.000000+0000,3.171672094514228
2019-12-06T05:00:00.000000+0000,3.1883819730211584
2019-12-09T05:00:00.000000+0000,3.1894886701777247
2019-12-10T05:00:00.000000+0000,3.1918380924927976
2019-12-11T05:00:00.000000+0000,3.190228517796562
2019-12-12T05:00:00.000000+0000,3.1976908757866607
2019-12-13T05:00:00.000000+0000,3.1781995816039212
2019-12-16T05:00:00.000000+0000,3.1844642571895645
2019-12-17T05:00:00.000000+0000,3.1919944072744473
2019-12-18T05:00:00.000000+0000,3.178863294197625
2019-12-19T05:00:00.000000+0000,3.201377463996505
2019-12-20T05:00:00.000000+0000,3.201552889549522
2019-12-23T05:00:00.000000+0000,3.1964022021301934
2019-12-24T05:00:00.000000+0000,3.202874984698539
2019-12-26T05:00:00.000000+0000,3.208551655306046
2019-12-27T05:00:00.000000+0000,3.215319681132931
2019-12-30T05:00:00.000000+0000,3.217546560943406
2020-01-07T05:00:00.000000+0000,3.217546560943406
2020-01-08T05:00:00.000000+0000,3.221365822969745
2020-01-09T05:00:00.000000+0000,3.252734576730913
2020-01-10T05:00:00.000000+0000,3.2416491727924055
2020-01-13T05:00:00.000000+0000,3.237361902046364
2020-01-14T05:00:00.000000+0000,3.240273587473339
2020-01-15T05:00:00.000000+0000,3.232024818384163
2020-01-16T05:00:00.000000+0000,3.237936692054583
2020-01-17T05:00:00.000000+0000,3.2381138491254555
2020-01-21T05:00:00.000000+0000,3.244500902273499
2020-01-22T05:00:00.000000+0000,3.2446783699427826
2020-01-23T05:00:00.000000+0000,3.2448558376120658
2020-01-24T05:00:00.000000+0000,3.2462721739478115
2020-01-27T05:00:00.000000+0000,3.2614316337117155
2020-01-28T05:00:00.000000+0000,3.2597558677132192
2020-01-29T05:00:00.000000+0000,3.2498995848903203
2020-01-30T05:00:00.000000+0000,3.300719631589484
2020-01-31T05:00:00.000000+0000,3.2867970830343523
2020-02-03T05:00:00.000000+0000,3.2763767931436805
2020-02-04T05:00:00.000000+0000,3.2964810288182833
2020-02-05T05:00:00.000000+0000,3.3340432743936694
2020-02-06T05:00:00.000000+0000,3.334225490347801
2020-02-07T05:00:00.000000+0000,3.3344077063019317
2020-02-10T05:00:00.000000+0000,3.3349543541643247
2020-02-11T05:00:00.000000+0000,3.318752432374571
2020-02-12T05:00:00.000000+0000,3.3325503146253803
2020-02-13T05:00:00.000000+0000,3.3614444018572622
2020-02-14T05:00:00.000000+0000,3.3784768792532525
2020-02-18T05:00:00.000000+0000,3.379215093703287
2020-02-19T05:00:00.000000+0000,3.3787962323765486
2020-02-20T05:00:00.000000+0000,3.376055594677591
2020-02-21T05:00:00.000000+0000,3.397640835298398
2020-02-24T05:00:00.000000+0000,3.3469382078267538
2020-02-25T05:00:00.000000+0000,3.2879784322161627
2020-02-26T05:00:00.000000+0000,3.275293276113394
2020-02-27T05:00:00.000000+0000,3.119315311014159
2020-02-28T05:00:00.000000+0000,3.0470540392506713
2020-03-02T05:00:00.000000+0000,3.2511333300577063
2020-03-03T05:00:00.000000+0000,3.225493070244567
2020-03-04T05:00:00.000000+0000,3.279614912976309
2020-03-05T05:00:00.000000+0000,3.2797938803775697
2020-03-06T05:00:00.000000+0000,3.279972847778831
2020-03-09T04:00:00.000000+0000,3.2130566695824236
2020-03-10T04:00:00.000000+0000,3.324414207157733
2020-03-11T04:00:00.000000+0000,3.215333550707374
2020-03-12T04:00:00.000000+0000,2.8989895477220786
2020-03-13T04:00:00.000000+0000,3.209831061356741
2020-03-16T04:00:00.000000+0000,2.9661750872623625
2020-03-17T04:00:00.000000+0000,3.2517908830366493
2020-03-18T04:00:00.000000+0000,3.2519682066994857
2020-03-19T04:00:00.000000+0000,3.146943309663429
2020-03-20T04:00:00.000000+0000,3.0585350494248695
2020-03-23T04:00:00.000000+0000,3.0040198917439302
2020-03-24T04:00:00.000000+0000,3.193940145288423
2020-03-25T04:00:00.000000+0000,3.2127606872609773
2020-03-26T04:00:00.000000+0000,3.329043561153059
2020-03-27T04:00:00.000000+0000,3.326739783137804
2020-03-30T04:00:00.000000+0000,3.4101738377125406
2020-03-31T04:00:00.000000+0000,3.410359666433932
2020-04-01T04:00:00.000000+0000,3.343476461712687
2020-04-02T04:00:00.000000+0000,3.4977398144568297
2020-04-03T04:00:00.000000+0000,3.5083581681609926
2020-04-06T04:00:00.000000+0000,3.5845161264665486
2020-04-07T04:00:00.000000+0000,3.584711381046788
2020-04-08T04:00:00.000000+0000,3.6095302156350644
2020-04-09T04:00:00.000000+0000,3.6050619521171257
2020-04-13T04:00:00.000000+0000,3.651549947508383
2020-04-14T04:00:00.000000+0000,3.7106688986472176
2020-04-15T04:00:00.000000+0000,3.710870936936752
2020-04-16T04:00:00.000000+0000,3.697755695251206
2020-04-17T04:00:00.000000+0000,3.6979570085211884
2020-04-20T04:00:00.000000+0000,3.632031835558101
2020-04-21T04:00:00.000000+0000,3.560391423561529
2020-04-22T04:00:00.000000+0000,3.615327027805065
2020-04-23T04:00:00.000000+0000,3.5858259997019895
2020-04-24T04:00:00.000000+0000,3.653151138561499
2020-04-27T04:00:00.000000+0000,3.6399137301483933
2020-04-28T04:00:00.000000+0000,3.616242767115884
2020-04-29T04:00:00.000000+0000,3.585225051796215
2020-04-30T04:00:00.000000+0000,3.560244849842601
2020-05-01T04:00:00.000000+0000,3.5618905636350267
2020-05-04T04:00:00.000000+0000,3.564563538941555
2020-05-05T04:00:00.000000+0000,3.580677307070818
2020-05-06T04:00:00.000000+0000,3.5255820602867787
2020-05-07T04:00:00.000000+0000,3.512043713743286
2020-05-08T04:00:00.000000+0000,3.6012141002436735
2020-05-11T04:00:00.000000+0000,3.6189406309591745
2020-05-12T04:00:00.000000+0000,3.619137385585311
2020-05-13T04:00:00.000000+0000,3.6085837324889734
2020-05-14T04:00:00.000000+0000,3.5912973998457454
2020-05-15T04:00:00.000000+0000,3.5855423295825193
2020-05-18T04:00:00.000000+0000,3.647161191873624
2020-05-19T04:00:00.000000+0000,3.6473594053603793
2020-05-20T04:00:00.000000+0000,3.65217080008694
2020-05-21T04:00:00.000000+0000,3.620129254851913
2020-05-22T04:00:00.000000+0000,3.6268541926822255
2020-05-26T04:00:00.000000+0000,3.62499477642427
2020-05-27T04:00:00.000000+0000,3.6414649280655413
2020-05-28T04:00:00.000000+0000,3.653588300667214
2020-05-29T04:00:00.000000+0000,3.6573636654006565
2020-06-01T04:00:00.000000+0000,3.6579596130228174
2020-06-02T04:00:00.000000+0000,3.6581582622302045
2020-06-03T04:00:00.000000+0000,3.6824371345583238
2020-06-04T04:00:00.000000+0000,3.6854358951871973
2020-06-05T04:00:00.000000+0000,3.721632199318877
2020-06-08T04:00:00.000000+0000,3.7187705551534695
2020-06-09T04:00:00.000000+0000,3.7200298957673232
2020-06-10T04:00:00.000000+0000,3.7253790211892928
2020-06-11T04:00:00.000000+0000,3.609483189417304
2020-06-12T04:00:00.000000+0000,3.62630725104089
2020-06-15T04:00:00.000000+0000,3.662222266933548
2020-06-16T04:00:00.000000+0000,3.7029170354098158
2020-06-17T04:00:00.000000+0000,3.69665493244023
2020-06-18T04:00:00.000000+0000,3.696855508756186
2020-06-19T04:00:00.000000+0000,3.716415239222347
2020-06-22T04:00:00.000000+0000,3.7089801325233216
2020-06-23T04:00:00.000000+0000,3.7089915471589814
2020-06-24T04:00:00.000000+0000,3.651475874932636
2020-06-25T04:00:00.000000+0000,3.691857227170679
2020-06-26T04:00:00.000000+0000,3.640384518207985
2020-06-29T04:00:00.000000+0000,3.6955664785666817
2020-06-30T04:00:00.000000+0000,3.7119684981574257
2020-07-01T04:00:00.000000+0000,3.7159796967626386
2020-07-02T04:00:00.000000+0000,3.7161811685755928
2020-07-06T04:00:00.000000+0000,3.7169870558274094
2020-07-07T04:00:00.000000+0000,3.8011172307782846
2020-07-08T04:00:00.000000+0000,3.801323251531346
2020-07-09T04:00:00.000000+0000,3.801529272284407
2020-07-10T04:00:00.000000+0000,3.8540922137252718
2020-07-13T04:00:00.000000+0000,3.8573556765755677
2020-07-14T04:00:00.000000+0000,3.8575646774881758
2020-07-15T04:00:00.000000+0000,3.8577736784007834
2020-07-16T04:00:00.000000+0000,3.859740110757518
2020-07-17T04:00:00.000000+0000,3.867375714778043
2020-07-20T04:00:00.000000+0000,3.8567213676110677
2020-07-21T04:00:00.000000+0000,3.9079834607723316
2020-07-22T04:00:00.000000+0000,3.9081951130787322
2020-07-23T04:00:00.000000+0000,3.9084067653851333
2020-07-24T04:00:00.000000+0000,3.907229095356954
2020-07-27T04:00:00.000000+0000,3.9144196729090295
2020-07-28T04:00:00.000000+0000,3.911695030536741
2020-07-29T04:00:00.000000+0000,3.9075059814698205
2020-07-30T04:00:00.000000+0000,3.8929450814049678
2020-07-31T04:00:00.000000+0000,3.8763561960265465
2020-08-03T04:00:00.000000+0000,3.864690308109628
2020-08-04T04:00:00.000000+0000,3.906111524671838
2020-08-05T04:00:00.000000+0000,3.9094070846654345
2020-08-06T04:00:00.000000+0000,3.9129223767345205
2020-08-07T04:00:00.000000+0000,3.921511942428349
2020-08-10T04:00:00.000000+0000,3.938839620908555
2020-08-11T04:00:00.000000+0000,3.9013741612765975
2020-08-12T04:00:00.000000+0000,3.94417720065279
2020-08-13T04:00:00.000000+0000,3.9401811828218296
2020-08-14T04:00:00.000000+0000,3.9425924817257987
2020-08-17T04:00:00.000000+0000,3.9432322302556786
2020-08-18T04:00:00.000000+0000,3.9490997769061242
2020-08-19T04:00:00.000000+0000,3.933419777028019
2020-08-20T04:00:00.000000+0000,3.917240446343814
2020-08-21T04:00:00.000000+0000,3.9234275420844624
2020-08-24T04:00:00.000000+0000,3.950842362758035
2020-08-25T04:00:00.000000+0000,3.9439656070446834
2020-08-26T04:00:00.000000+0000,3.9441788039782595
2020-08-27T04:00:00.000000+0000,4.011882090777249
2020-08-28T04:00:00.000000+0000,4.017444821396076
2020-08-31T04:00:00.000000+0000,4.013632861421541
2020-09-01T04:00:00.000000+0000,4.012326967499111
2020-09-02T04:00:00.000000+0000,4.035023590558917
2020-09-03T04:00:00.000000+0000,4.035241615482085
2020-09-04T04:00:00.000000+0000,4.032468554582038
2020-09-08T04:00:00.000000+0000,3.941665116116457
2020-09-09T04:00:00.000000+0000,3.9998031689863853
2020-09-10T04:00:00.000000+0000,3.942549268139082
2020-09-11T04:00:00.000000+0000,3.9795928278913206
2020-09-14T04:00:00.000000+0000,3.986039525227785
2020-09-15T04:00:00.000000+0000,3.980054142552094
2020-09-16T04:00:00.000000+0000,3.980269046349354
2020-09-17T04:00:00.000000+0000,3.965225327017878
2020-09-18T04:00:00.000000+0000,3.935228018564694
2020-09-21T04:00:00.000000+0000,3.9642868980255455
2020-09-22T04:00:00.000000+0000,4.007783036353103
2020-09-23T04:00:00.000000+0000,3.9572225108164214
2020-09-24T04:00:00.000000+0000,3.9823725181571685
2020-09-25T04:00:00.000000+0000,3.9885247633668253
2020-09-28T04:00:00.000000+0000,4.030934128860494
2020-09-29T04:00:00.000000+0000,4.031151627262217
2020-09-30T04:00:00.000000+0000,4.031369125663939
2020-10-01T04:00:00.000000+0000,4.031586624065661
2020-10-02T04:00:00.000000+0000,4.036650021841321
2020-10-05T04:00:00.000000+0000,4.037303301292452
2020-10-06T04:00:00.000000+0000,4.003626530141667
2020-10-07T04:00:00.000000+0000,4.035883621629652
2020-10-08T04:00:00.000000+0000,4.044276881805851
2020-10-09T04:00:00.000000+0000,4.063660835408955
2020-10-12T04:00:00.000000+0000,4.064318237961756
2020-10-13T04:00:00.000000+0000,4.064537372146023
2020-10-14T04:00:00.000000+0000,4.06198530822392
2020-10-15T04:00:00.000000+0000,4.0586195535375955
2020-10-16T04:00:00.000000+0000,4.067839566902484
2020-10-19T04:00:00.000000+0000,4.0206231471069005
2020-10-20T04:00:00.000000+0000,4.043310304753047
2020-10-21T04:00:00.000000+0000,4.054215696984087
2020-10-22T04:00:00.000000+0000,4.037336782829276
2020-10-23T04:00:00.000000+0000,4.036999748997352
2020-10-26T04:00:00.000000+0000,3.9927534508998144
2020-10-27T04:00:00.000000+0000,4.016835509786957
2020-10-28T04:00:00.000000+0000,3.910381194417274
2020-10-29T04:00:00.000000+0000,3.909411409161858
2020-10-30T04:00:00.000000+0000,3.89923662676548
2020-11-02T05:00:00.000000+0000,3.955251472660675
2020-11-03T05:00:00.000000+0000,3.9554644846757094
2020-11-04T05:00:00.000000+0000,3.9556774966907438
2020-11-05T05:00:00.000000+0000,3.955890508705778
2020-11-06T05:00:00.000000+0000,3.9561035207208124
2020-11-09T05:00:00.000000+0000,3.9567425567659154
2020-11-10T05:00:00.000000+0000,3.9843640740639144
2020-11-11T05:00:00.000000+0000,4.024397254767903
2020-11-12T05:00:00.000000+0000,4.035260364804147
2020-11-13T05:00:00.000000+0000,4.035477568761192
2020-11-16T05:00:00.000000+0000,4.045978327359245
2020-11-17T05:00:00.000000+0000,4.046196061347304
2020-11-18T05:00:00.000000+0000,4.025617221031054
2020-11-19T05:00:00.000000+0000,4.064519064683023
2020-11-20T05:00:00.000000+0000,4.051499906353186
2020-11-23T05:00:00.000000+0000,4.042755133525274
2020-11-24T05:00:00.000000+0000,4.056762862673176
2020-11-25T05:00:00.000000+0000,4.0646525054200575
2020-11-27T05:00:00.000000+0000,4.064259799260651
2020-11-30T05:00:00.000000+0000,4.067238401546776
2020-12-01T05:00:00.000000+0000,4.078945135268404
2020-12-02T05:00:00.000000+0000,4.080919975556542
2020-12-03T05:00:00.000000+0000,4.077356272558005
2020-12-04T05:00:00.000000+0000,4.072839186573388
2020-12-07T05:00:00.000000+0000,4.067256176822245
2020-12-08T05:00:00.000000+0000,4.098672376967414
2020-12-09T05:00:00.000000+0000,4.098892685851486
2020-12-10T05:00:00.000000+0000,4.076323004771436
2020-12-11T05:00:00.000000+0000,4.088798084594231
2020-12-14T05:00:00.000000+0000,4.067075717754859
2020-12-15T05:00:00.000000+0000,4.079483121088883
2020-12-16T05:00:00.000000+0000,4.069233189673423
2020-12-17T05:00:00.000000+0000,4.083970994772976
2020-12-18T05:00:00.000000+0000,4.0839596822891435
2020-12-21T05:00:00.000000+0000,4.0530908499548275
2020-12-22T05:00:00.000000+0000,4.041001516117386
2020-12-23T05:00:00.000000+0000,4.029254746832153
2020-12-24T05:00:00.000000+0000,4.051520128501005
2020-12-28T05:00:00.000000+0000,4.108934741832378
2020-12-29T05:00:00.000000+0000,4.109155365155973
2020-12-30T05:00:00.000000+0000,4.109375988479568
2021-01-07T05:00:00.000000+0000,4.109375988479568
2021-01-08T05:00:00.000000+0000,4.164045576810913
2021-01-11T05:00:00.000000+0000,4.097762900674429
2021-01-12T05:00:00.000000+0000,4.08809985538603
2021-01-13T05:00:00.000000+0000,4.11165486712806
2021-01-14T05:00:00.000000+0000,4.063687670519331
2021-01-15T05:00:00.000000+0000,4.038220169250874
2021-01-19T05:00:00.000000+0000,4.009551398523044
2021-01-20T05:00:00.000000+0000,4.059747529425209
2021-01-21T05:00:00.000000+0000,4.05978358764702
2021-01-22T05:00:00.000000+0000,4.039536285494951
2021-01-25T05:00:00.000000+0000,4.0862386584001795
2021-01-26T05:00:00.000000+0000,4.102125993343166
2021-01-27T05:00:00.000000+0000,4.102345908647817
2021-01-28T05:00:00.000000+0000,4.125150859252572
2021-01-29T05:00:00.000000+0000,4.053458121656193
2021-02-01T05:00:00.000000+0000,4.053790420518584
2021-02-02T05:00:00.000000+0000,4.101661008260169
2021-02-03T05:00:00.000000+0000,4.103979611020651
2021-02-04T05:00:00.000000+0000,4.10419953137831
2021-02-05T05:00:00.000000+0000,4.104419451735969
2021-02-08T05:00:00.000000+0000,4.105079212808946
2021-02-09T05:00:00.000000+0000,4.105299133166606
2021-02-10T05:00:00.000000+0000,4.081961506270687
2021-02-11T05:00:00.000000+0000,4.055114437342691
2021-02-12T05:00:00.000000+0000,4.050432088952455
2021-02-16T05:00:00.000000+0000,4.071481959282436
2021-02-17T05:00:00.000000+0000,4.093507342656848
2021-02-18T05:00:00.000000+0000,4.120235337285774
2021-02-19T05:00:00.000000+0000,4.127166925998278
2021-02-22T05:00:00.000000+0000,4.109460015088803
2021-02-23T05:00:00.000000+0000,4.064046555248565
2021-02-24T05:00:00.000000+0000,4.028666778305163
2021-02-25T05:00:00.000000+0000,3.9679138240147998
2021-02-26T05:00:00.000000+0000,3.927837408002496
2021-03-01T05:00:00.000000+0000,3.953550783337933
2021-03-02T05:00:00.000000+0000,3.941549798270911
2021-03-03T05:00:00.000000+0000,3.890095616484028
2021-03-04T05:00:00.000000+0000,3.8593163489836453
2021-03-05T05:00:00.000000+0000,3.908755992949036
2021-03-08T05:00:00.000000+0000,3.8722281686932427
2021-03-09T05:00:00.000000+0000,3.902871246052289
2021-03-10T05:00:00.000000+0000,3.9236193590612185
2021-03-11T05:00:00.000000+0000,3.9238292208304664
2021-03-12T05:00:00.000000+0000,3.933983486516234
2021-03-15T04:00:00.000000+0000,3.951844447737033
2021-03-16T04:00:00.000000+0000,3.9616896277228046
2021-03-17T04:00:00.000000+0000,3.96965926018579
2021-03-18T04:00:00.000000+0000,3.927491037090026
2021-03-19T04:00:00.000000+0000,3.975161048737744
2021-03-22T04:00:00.000000+0000,4.008914360977201
2021-03-23T04:00:00.000000+0000,4.019276050013759
2021-03-24T04:00:00.000000+0000,4.019490879253437
2021-03-25T04:00:00.000000+0000,4.019705708493116
2021-03-26T04:00:00.000000+0000,4.019920537732793
2021-03-29T04:00:00.000000+0000,4.020565025451829
2021-03-30T04:00:00.000000+0000,4.020779854691506
2021-03-31T04:00:00.000000+0000,4.0209946839311845
2021-04-01T04:00:00.000000+0000,4.002916204062642
2021-04-05T04:00:00.000000+0000,4.04985790722261
2021-04-06T04:00:00.000000+0000,4.05971577479056
2021-04-07T04:00:00.000000+0000,4.059932603270863
2021-04-08T04:00:00.000000+0000,4.060149431751166
2021-04-09T04:00:00.000000+0000,4.060578962603539
2021-04-12T04:00:00.000000+0000,4.0705033739068766
2021-04-13T04:00:00.000000+0000,4.066686879473372
2021-04-14T04:00:00.000000+0000,4.070861186522801
2021-04-15T04:00:00.000000+0000,4.097363764574994
2021-04-16T04:00:00.000000+0000,4.124155205363832
2021-04-19T04:00:00.000000+0000,4.124815663141005
2021-04-20T04:00:00.000000+0000,4.125035815733396
2021-04-21T04:00:00.000000+0000,4.125255968325787
2021-04-22T04:00:00.000000+0000,4.111750425420484
2021-04-23T04:00:00.000000+0000,4.107056348898341
2021-04-26T04:00:00.000000+0000,4.060409640098209
2021-04-27T04:00:00.000000+0000,4.059759646756887
2021-04-28T04:00:00.000000+0000,4.0522435044443705
2021-04-29T04:00:00.000000+0000,4.100635738140509
2021-04-30T04:00:00.000000+0000,4.10085448343447
2021-05-03T04:00:00.000000+0000,4.101510719316353
2021-05-04T04:00:00.000000+0000,4.101729464610314
2021-05-05T04:00:00.000000+0000,4.097602106350479
2021-05-06T04:00:00.000000+0000,4.113600407252304
2021-05-07T04:00:00.000000+0000,4.105410663543156
2021-05-10T04:00:00.000000+0000,4.106067383311597
2021-05-11T04:00:00.000000+0000,4.106286289901077
2021-05-12T04:00:00.000000+0000,4.042178914981543
2021-05-13T04:00:00.000000+0000,4.111502495711265
2021-05-14T04:00:00.000000+0000,4.147381386797469
2021-05-17T04:00:00.000000+0000,4.1415811470641035
2021-05-18T04:00:00.000000+0000,4.141801864627565
2021-05-19T04:00:00.000000+0000,4.1395597233994135
2021-05-20T04:00:00.000000+0000,4.180175388874979
2021-05-21T04:00:00.000000+0000,4.1699347228061665
2021-05-24T04:00:00.000000+0000,4.180222545386812
2021-05-25T04:00:00.000000+0000,4.1860718631672444
2021-05-26T04:00:00.000000+0000,4.184553913418541
2021-05-27T04:00:00.000000+0000,4.184776814220932
2021-05-28T04:00:00.000000+0000,4.20039567679443
2021-06-01T04:00:00.000000+0000,4.176859480978039
2021-06-02T04:00:00.000000+0000,4.197187606715273
2021-06-03T04:00:00.000000+0000,4.236773378659941
2021-06-04T04:00:00.000000+0000,4.23941730440492
2021-06-07T04:00:00.000000+0000,4.240094449493607
2021-06-08T04:00:00.000000+0000,4.226835914260045
2021-06-09T04:00:00.000000+0000,4.217644494541968
2021-06-10T04:00:00.000000+0000,4.24791330088838
2021-06-11T04:00:00.000000+0000,4.253353842033588
2021-06-14T04:00:00.000000+0000,4.254332412601822
2021-06-15T04:00:00.000000+0000,4.254558801207674
2021-06-16T04:00:00.000000+0000,4.215998836107832
2021-06-17T04:00:00.000000+0000,4.241844013716912
2021-06-18T04:00:00.000000+0000,4.164616949626299
2021-06-21T04:00:00.000000+0000,4.203363881534707
2021-06-22T04:00:00.000000+0000,4.2170934591405915
2021-06-23T04:00:00.000000+0000,4.185267830128844
2021-06-24T04:00:00.000000+0000,4.19331384742045
2021-06-25T04:00:00.000000+0000,4.220453813047716
2021-06-28T04:00:00.000000+0000,4.225178155733843
2021-06-29T04:00:00.000000+0000,4.225402825557876
2021-06-30T04:00:00.000000+0000,4.232090375745398
2021-07-01T04:00:00.000000+0000,4.2314957795518
2021-07-02T04:00:00.000000+0000,4.259895956088498
2021-07-06T04:00:00.000000+0000,4.26080182705319
2021-07-07T04:00:00.000000+0000,4.270140991423613
2021-07-08T04:00:00.000000+0000,4.270367943491966
2021-07-09T04:00:00.000000+0000,4.286361383374967
2021-07-12T04:00:00.000000+0000,4.287044753213685
2021-07-13T04:00:00.000000+0000,4.320172172348793
2021-07-14T04:00:00.000000+0000,4.341091427106382
2021-07-15T04:00:00.000000+0000,4.347845870965327
2021-07-16T04:00:00.000000+0000,4.348076854728472
2021-07-19T04:00:00.000000+0000,4.348769806017906
2021-07-20T04:00:00.000000+0000,4.35801627740331
2021-07-21T04:00:00.000000+0000,4.376904748395182
2021-07-22T04:00:00.000000+0000,4.371878160015763
2021-07-23T04:00:00.000000+0000,4.411687237540802
2021-07-26T04:00:00.000000+0000,4.412390065036671
2021-07-27T04:00:00.000000+0000,4.412624340868628
2021-07-28T04:00:00.000000+0000,4.412858616700585
2021-07-29T04:00:00.000000+0000,4.4315355579097355
2021-07-30T04:00:00.000000+0000,4.465198390439461
2021-08-02T04:00:00.000000+0000,4.451863391825403
2021-08-03T04:00:00.000000+0000,4.455343045877883
2021-08-04T04:00:00.000000+0000,4.409191919193651
2021-08-05T04:00:00.000000+0000,4.422229569271013
2021-08-06T04:00:00.000000+0000,4.426151746580783
2021-08-09T04:00:00.000000+0000,4.434637340534383
2021-08-10T04:00:00.000000+0000,4.435730046986792
2021-08-11T04:00:00.000000+0000,4.443683492664365
2021-08-12T04:00:00.000000+0000,4.443919229757371
2021-08-13T04:00:00.000000+0000,4.444154966850377
2021-08-16T04:00:00.000000+0000,4.444862178129392
2021-08-17T04:00:00.000000+0000,4.445097915222396
2021-08-18T04:00:00.000000+0000,4.4453336523154015
2021-08-19T04:00:00.000000+0000,4.491545115851388
2021-08-20T04:00:00.000000+0000,4.499196761374987
2021-08-23T04:00:00.000000+0000,4.494378236449338
2021-08-24T04:00:00.000000+0000,4.483123311239183
2021-08-25T04:00:00.000000+0000,4.472787005859996
2021-08-26T04:00:00.000000+0000,4.458354205203738
2021-08-27T04:00:00.000000+0000,4.455905601938914
2021-08-30T04:00:00.000000+0000,4.492174976592461
2021-08-31T04:00:00.000000+0000,4.496388923977778
2021-09-01T04:00:00.000000+0000,4.511810604754507
2021-09-02T04:00:00.000000+0000,4.512049689633807
2021-09-03T04:00:00.000000+0000,4.512288774513108
2021-09-07T04:00:00.000000+0000,4.513245114030309
2021-09-08T04:00:00.000000+0000,4.556774329787005
2021-09-09T04:00:00.000000+0000,4.521390779781365
2021-09-10T04:00:00.000000+0000,4.506577043675161
2021-09-13T04:00:00.000000+0000,4.510695527325036
2021-09-14T04:00:00.000000+0000,4.499809591595603
2021-09-15T04:00:00.000000+0000,4.518410694912883
2021-09-16T04:00:00.000000+0000,4.531925744136962
2021-09-17T04:00:00.000000+0000,4.495613618032881
2021-09-20T04:00:00.000000+0000,4.465043829814997
2021-09-21T04:00:00.000000+0000,4.467290312051319
2021-09-22T04:00:00.000000+0000,4.466782563778341
2021-09-23T04:00:00.000000+0000,4.4666233927339976
2021-09-24T04:00:00.000000+0000,4.462648240179093
2021-09-27T04:00:00.000000+0000,4.455391830616001
2021-09-28T04:00:00.000000+0000,4.401063431958242
2021-09-29T04:00:00.000000+0000,4.437042877117763
2021-09-30T04:00:00.000000+0000,4.404207564944288
2021-10-01T04:00:00.000000+0000,4.391721931576644
2021-10-04T04:00:00.000000+0000,4.362062936080985
2021-10-05T04:00:00.000000+0000,4.39740531554828
2021-10-06T04:00:00.000000+0000,4.437885582237147
2021-10-07T04:00:00.000000+0000,4.438120314410014
2021-10-08T04:00:00.000000+0000,4.43835504658288
2021-10-11T04:00:00.000000+0000,4.439059243101479
2021-10-12T04:00:00.000000+0000,4.439293975274345
2021-10-13T04:00:00.000000+0000,4.437609772634753
2021-10-14T04:00:00.000000+0000,4.471528511951121
2021-10-15T04:00:00.000000+0000,4.471764923556811
2021-10-18T04:00:00.000000+0000,4.47247415837388
2021-10-19T04:00:00.000000+0000,4.46076147658298
2021-10-20T04:00:00.000000+0000,4.479834504286636
2021-10-21T04:00:00.000000+0000,4.469245139450965
2021-10-22T04:00:00.000000+0000,4.485441395726796
2021-10-25T04:00:00.000000+0000,4.478905173039324
2021-10-26T04:00:00.000000+0000,4.503876923447083
2021-10-27T04:00:00.000000+0000,4.504114894347517
2021-10-28T04:00:00.000000+0000,4.513636641712001
2021-10-29T04:00:00.000000+0000,4.523626528478507
2021-11-01T04:00:00.000000+0000,4.524343458062593
2021-11-02T04:00:00.000000+0000,4.524582434590622
2021-11-03T04:00:00.000000+0000,4.52482141111865
2021-11-04T04:00:00.000000+0000,4.533287117640521
2021-11-05T04:00:00.000000+0000,4.533526528636868
2021-11-08T05:00:00.000000+0000,4.534254737084087
2021-11-09T05:00:00.000000+0000,4.5541571182899725
2021-11-10T05:00:00.000000+0000,4.535847163851016
2021-11-11T05:00:00.000000+0000,4.543964950927571
2021-11-12T05:00:00.000000+0000,4.536577142550141
2021-11-15T05:00:00.000000+0000,4.538809060988551
2021-11-16T05:00:00.000000+0000,4.485079298030998
2021-11-17T05:00:00.000000+0000,4.464070333926407
2021-11-18T05:00:00.000000+0000,4.46363141233109
2021-11-19T05:00:00.000000+0000,4.451661024935676
2021-11-22T05:00:00.000000+0000,4.4956238850425665
2021-11-23T05:00:00.000000+0000,4.506858495722195
2021-11-24T05:00:00.000000+0000,4.507096271862272
2021-11-26T05:00:00.000000+0000,4.483557420521627
2021-11-29T05:00:00.000000+0000,4.550732516959404
2021-11-30T05:00:00.000000+0000,4.44127516483271
2021-12-01T05:00:00.000000+0000,4.418937242887543
2021-12-02T05:00:00.000000+0000,4.410649143845741
2021-12-03T05:00:00.000000+0000,4.455376912071407
2021-12-06T05:00:00.000000+0000,4.483693207460595
2021-12-07T05:00:00.000000+0000,4.483929599296898
2021-12-08T05:00:00.000000+0000,4.484165991133202
2021-12-09T05:00:00.000000+0000,4.505113963770409
2021-12-10T05:00:00.000000+0000,4.6667831311822905
2021-12-13T05:00:00.000000+0000,4.667521109973496
2021-12-14T05:00:00.000000+0000,4.667767102903897
2021-12-15T05:00:00.000000+0000,4.6680130958343
2021-12-16T05:00:00.000000+0000,4.668259088764702
2021-12-17T05:00:00.000000+0000,4.604377684741017
2021-12-20T05:00:00.000000+0000,4.623467820423027
2021-12-21T05:00:00.000000+0000,4.614775989446488
2021-12-22T05:00:00.000000+0000,4.641531540271131
2021-12-23T05:00:00.000000+0000,4.641776047493448
2021-12-27T05:00:00.000000+0000,4.6427540763827215
2021-12-28T05:00:00.000000+0000,4.642998583605039
2021-12-29T05:00:00.000000+0000,4.643243090827357
2021-12-30T05:00:00.000000+0000,4.643487598049675
2022-01-06T05:00:00.000000+0000,4.643487598049675
2022-01-07T05:00:00.000000+0000,4.619062252201906
2022-01-10T05:00:00.000000+0000,4.548394185355489
2022-01-11T05:00:00.000000+0000,4.540766830948212
2022-01-12T05:00:00.000000+0000,4.5572898723939055
2022-01-13T05:00:00.000000+0000,4.5461396565228895
2022-01-14T05:00:00.000000+0000,4.532671043834188
2022-01-18T05:00:00.000000+0000,4.488490179934196
2022-01-19T05:00:00.000000+0000,4.560112083966383
2022-01-20T05:00:00.000000+0000,4.508706230244575
2022-01-21T05:00:00.000000+0000,4.4865564756773875
2022-01-24T05:00:00.000000+0000,4.4971774939120674
2022-01-25T05:00:00.000000+0000,4.443854837283743
2022-01-26T05:00:00.000000+0000,4.410380141842101
2022-01-27T05:00:00.000000+0000,4.419078120893369
2022-01-28T05:00:00.000000+0000,4.478677691329658
2022-01-31T05:00:00.000000+0000,4.47938409963174
2022-02-01T05:00:00.000000+0000,4.4796195690657665
2022-02-02T05:00:00.000000+0000,4.479855038499793
2022-02-03T05:00:00.000000+0000,4.480090507933821
2022-02-04T05:00:00.000000+0000,4.4803259773678485
2022-02-07T05:00:00.000000+0000,4.4661123798974645
2022-02-08T05:00:00.000000+0000,4.46491341563403
2022-02-09T05:00:00.000000+0000,4.457635644749611
2022-02-10T05:00:00.000000+0000,4.386786347181976
2022-02-11T05:00:00.000000+0000,4.372363754263264
2022-02-14T05:00:00.000000+0000,4.377095033906578
2022-02-15T05:00:00.000000+0000,4.396392421983878
2022-02-16T05:00:00.000000+0000,4.385899281664184
2022-02-17T05:00:00.000000+0000,4.44850679507992
2022-02-18T05:00:00.000000+0000,4.448740432586254
2022-02-22T05:00:00.000000+0000,4.419021025954907
2022-02-23T05:00:00.000000+0000,4.380426394538226
2022-02-24T05:00:00.000000+0000,4.3659080151554805
2022-02-25T05:00:00.000000+0000,4.504339182113629
2022-02-28T05:00:00.000000+0000,4.491381038214376
2022-03-01T05:00:00.000000+0000,4.453241109077442
2022-03-02T05:00:00.000000+0000,4.473979441553674
2022-03-03T05:00:00.000000+0000,4.478865833115086
2022-03-04T05:00:00.000000+0000,4.486566588888649
2022-03-07T05:00:00.000000+0000,4.487272941688954
2022-03-08T05:00:00.000000+0000,4.326632659943047
2022-03-09T05:00:00.000000+0000,4.349168270811225
2022-03-10T05:00:00.000000+0000,4.258672598384889
2022-03-11T05:00:00.000000+0000,4.2356408909154935
2022-03-14T04:00:00.000000+0000,4.29955642324234
2022-03-15T04:00:00.000000+0000,4.424333077825148
2022-03-16T04:00:00.000000+0000,4.424565129351561
2022-03-17T04:00:00.000000+0000,4.424797180877973
2022-03-18T04:00:00.000000+0000,4.425029232404385
2022-03-21T04:00:00.000000+0000,4.431092879575242
2022-03-22T04:00:00.000000+0000,4.426843818091804
2022-03-23T04:00:00.000000+0000,4.408014708513818
2022-03-24T04:00:00.000000+0000,4.4280478963696295
2022-03-25T04:00:00.000000+0000,4.434609619732272
2022-03-28T04:00:00.000000+0000,4.486389190786393
2022-03-29T04:00:00.000000+0000,4.486624336758394
2022-03-30T04:00:00.000000+0000,4.486859482730393
2022-03-31T04:00:00.000000+0000,4.487094628702393
2022-04-01T04:00:00.000000+0000,4.509666880240217
2022-04-04T04:00:00.000000+0000,4.500350359548197
2022-04-05T04:00:00.000000+0000,4.506181358734756
2022-04-06T04:00:00.000000+0000,4.531063499229997
2022-04-07T04:00:00.000000+0000,4.531300874750568
2022-04-08T04:00:00.000000+0000,4.531538250271137
2022-04-11T04:00:00.000000+0000,4.532250376832849
2022-04-12T04:00:00.000000+0000,4.51339741244242
2022-04-13T04:00:00.000000+0000,4.577831149242955
2022-04-14T04:00:00.000000+0000,4.566148658971637
2022-04-18T04:00:00.000000+0000,4.538869516263065
2022-04-19T04:00:00.000000+0000,4.598315279922814
2022-04-20T04:00:00.000000+0000,4.661948005177597
2022-04-21T04:00:00.000000+0000,4.662192058540053
2022-04-22T04:00:00.000000+0000,4.662436111902508
2022-04-25T04:00:00.000000+0000,4.6680954251143865
2022-04-26T04:00:00.000000+0000,4.608323696943714
2022-04-27T04:00:00.000000+0000,4.610769641765309
2022-04-28T04:00:00.000000+0000,4.6939640492103925
2022-04-29T04:00:00.000000+0000,4.5774912868768745
2022-05-02T04:00:00.000000+0000,4.5243694387903695
2022-05-03T04:00:00.000000+0000,4.515398857924188
2022-05-04T04:00:00.000000+0000,4.661120763269862
2022-05-05T04:00:00.000000+0000,4.632649891146278
2022-05-06T04:00:00.000000+0000,4.606455472596229
2022-05-09T04:00:00.000000+0000,4.606765111047839
2022-05-10T04:00:00.000000+0000,4.591366662221684
2022-05-11T04:00:00.000000+0000,4.544751821324431
2022-05-12T04:00:00.000000+0000,4.5281780676083185
2022-05-13T04:00:00.000000+0000,4.584629153931559
2022-05-16T04:00:00.000000+0000,4.59278149350665
2022-05-17T04:00:00.000000+0000,4.593021599188158
2022-05-18T04:00:00.000000+0000,4.48921091793804
2022-05-19T04:00:00.000000+0000,4.396254490854849
2022-05-20T04:00:00.000000+0000,4.3992678793150635
2022-05-23T04:00:00.000000+0000,4.520765970771813
2022-05-24T04:00:00.000000+0000,4.576525357878427
2022-05-25T04:00:00.000000+0000,4.576764513684164
2022-05-26T04:00:00.000000+0000,4.5770036694899
2022-05-27T04:00:00.000000+0000,4.577242825295637
2022-05-31T04:00:00.000000+0000,4.578199448518585
2022-06-01T04:00:00.000000+0000,4.559352907556665
2022-06-02T04:00:00.000000+0000,4.689404747540808
2022-06-03T04:00:00.000000+0000,4.639586349845235
2022-06-06T04:00:00.000000+0000,4.634463841334298
2022-06-07T04:00:00.000000+0000,4.64246553702033
2022-06-08T04:00:00.000000+0000,4.60780442258718
2022-06-09T04:00:00.000000+0000,4.577322469941989
2022-06-10T04:00:00.000000+0000,4.570484373296447
2022-06-13T04:00:00.000000+0000,4.501903859412953
2022-06-14T04:00:00.000000+0000,4.429541284098641
2022-06-15T04:00:00.000000+0000,4.443616607416838
2022-06-16T04:00:00.000000+0000,4.430642805626261
2022-06-17T04:00:00.000000+0000,4.429291059796478
2022-06-21T04:00:00.000000+0000,4.5767214146003505
2022-06-22T04:00:00.000000+0000,4.576960231215454
2022-06-23T04:00:00.000000+0000,4.577199047830556
2022-06-24T04:00:00.000000+0000,4.577437864445659
2022-06-27T04:00:00.000000+0000,4.578154314290967
2022-06-28T04:00:00.000000+0000,4.57839313090607
2022-06-29T04:00:00.000000+0000,4.590648636797625
2022-06-30T04:00:00.000000+0000,4.634236802367419
2022-07-01T04:00:00.000000+0000,4.704558208296217
2022-07-05T04:00:00.000000+0000,4.705539645099199
2022-07-06T04:00:00.000000+0000,4.705785004299944
2022-07-07T04:00:00.000000+0000,4.706030363500689
2022-07-08T04:00:00.000000+0000,4.701318173028323
2022-07-11T04:00:00.000000+0000,4.696844431102481
2022-07-12T04:00:00.000000+0000,4.667390496722606
2022-07-13T04:00:00.000000+0000,4.688341029698251
2022-07-14T04:00:00.000000+0000,4.754025251515394
2022-07-15T04:00:00.000000+0000,4.760082062072236
2022-07-18T04:00:00.000000+0000,4.738999024401342
2022-07-19T04:00:00.000000+0000,4.786492699362865
2022-07-20T04:00:00.000000+0000,4.7421070100535365
2022-07-21T04:00:00.000000+0000,4.742352162123622
2022-07-22T04:00:00.000000+0000,4.773627004973015
2022-07-25T04:00:00.000000+0000,4.802171758335958
2022-07-26T04:00:00.000000+0000,4.80242189533298
2022-07-27T04:00:00.000000+0000,4.895462865553494
2022-07-28T04:00:00.000000+0000,4.982506502788401
2022-07-29T04:00:00.000000+0000,5.01212067979476
2022-08-01T04:00:00.000000+0000,5.060631122925029
2022-08-02T04:00:00.000000+0000,5.049592670475599
2022-08-03T04:00:00.000000+0000,5.091829069916985
2022-08-04T04:00:00.000000+0000,5.021159600806937
2022-08-05T04:00:00.000000+0000,5.018957813027357
2022-08-08T04:00:00.000000+0000,5.0296678305319205
2022-08-09T04:00:00.000000+0000,5.0546197228260015
2022-08-10T04:00:00.000000+0000,5.097135420611102
2022-08-11T04:00:00.000000+0000,5.073329081995065
2022-08-12T04:00:00.000000+0000,5.105751931931174
2022-08-15T04:00:00.000000+0000,5.106549034499105
2022-08-16T04:00:00.000000+0000,5.106814735355082
2022-08-17T04:00:00.000000+0000,5.107080436211059
2022-08-18T04:00:00.000000+0000,5.107346137067036
2022-08-19T04:00:00.000000+0000,5.107611837923013
2022-08-22T04:00:00.000000+0000,5.0563685308628665
2022-08-23T04:00:00.000000+0000,5.0405611575018625
2022-08-24T04:00:00.000000+0000,5.0490605508899336
2022-08-25T04:00:00.000000+0000,5.082289340423827
2022-08-26T04:00:00.000000+0000,5.042816146890499
2022-08-29T04:00:00.000000+0000,5.028044351337758
2022-08-30T04:00:00.000000+0000,4.980278343152461
2022-08-31T04:00:00.000000+0000,4.935536499760859
2022-09-01T04:00:00.000000+0000,4.985821740938908
2022-09-02T04:00:00.000000+0000,4.901926243105237
2022-09-06T04:00:00.000000+0000,4.883840439875471
2022-09-07T04:00:00.000000+0000,4.974432714449051
2022-09-08T04:00:00.000000+0000,4.97677268789535
2022-09-09T04:00:00.000000+0000,4.977031313347913
2022-09-12T04:00:00.000000+0000,4.977807189705599
2022-09-13T04:00:00.000000+0000,4.978065815158161
2022-09-14T04:00:00.000000+0000,4.9919560332905375
2022-09-15T04:00:00.000000+0000,4.926985177489535
2022-09-16T04:00:00.000000+0000,4.94014081087866
2022-09-19T04:00:00.000000+0000,4.974618701207058
2022-09-20T04:00:00.000000+0000,4.956614287951146
2022-09-21T04:00:00.000000+0000,4.935452199915449
2022-09-22T04:00:00.000000+0000,4.917707070074817
2022-09-23T04:00:00.000000+0000,4.821981399728241
2022-09-26T04:00:00.000000+0000,4.8653092507438025
2022-09-27T04:00:00.000000+0000,4.812352912782649
2022-09-28T04:00:00.000000+0000,4.85588394745927
2022-09-29T04:00:00.000000+0000,4.804095039639969
2022-09-30T04:00:00.000000+0000,4.7258427374308285
2022-10-03T04:00:00.000000+0000,4.791455287543578
2022-10-04T04:00:00.000000+0000,4.8572767374824
2022-10-05T04:00:00.000000+0000,4.857528812562838
2022-10-06T04:00:00.000000+0000,4.857780887643276
2022-10-07T04:00:00.000000+0000,4.802350018068491
2022-10-10T04:00:00.000000+0000,4.801719633682598
2022-10-11T04:00:00.000000+0000,4.830045911386841
2022-10-12T04:00:00.000000+0000,4.832904729299704
2022-10-13T04:00:00.000000+0000,4.8386330074917225
2022-10-14T04:00:00.000000+0000,4.838883997800664
2022-10-17T04:00:00.000000+0000,4.88453349419025
2022-10-18T04:00:00.000000+0000,4.916622264935684
2022-10-19T04:00:00.000000+0000,4.916877234586153
2022-10-20T04:00:00.000000+0000,4.917132204236621
2022-10-21T04:00:00.000000+0000,4.958698607469656
2022-10-24T04:00:00.000000+0000,5.050636319413932
2022-10-25T04:00:00.000000+0000,5.050898157387894
2022-10-26T04:00:00.000000+0000,5.051159995361855
2022-10-27T04:00:00.000000+0000,5.051421833335818
2022-10-28T04:00:00.000000+0000,5.05168367130978
2022-10-31T04:00:00.000000+0000,5.052469185231666
2022-11-01T04:00:00.000000+0000,5.052731023205626
2022-11-02T04:00:00.000000+0000,5.052992861179589
2022-11-03T04:00:00.000000+0000,5.057470594093953
2022-11-04T04:00:00.000000+0000,5.09814152592948
2022-11-07T05:00:00.000000+0000,5.125806835252163
2022-11-08T05:00:00.000000+0000,5.126072376956254
2022-11-09T05:00:00.000000+0000,5.1263379186603455
2022-11-10T05:00:00.000000+0000,5.253242292314211
2022-11-11T05:00:00.000000+0000,5.256129710209392
2022-11-14T05:00:00.000000+0000,5.191925445394493
2022-11-15T05:00:00.000000+0000,5.309694664621634
2022-11-16T05:00:00.000000+0000,5.333617873034519
2022-11-17T05:00:00.000000+0000,5.339383638118556
2022-11-18T05:00:00.000000+0000,5.373560269352502
2022-11-21T05:00:00.000000+0000,5.373090566300908
2022-11-22T05:00:00.000000+0000,5.4026379408047065
2022-11-23T05:00:00.000000+0000,5.402917606384846
2022-11-25T05:00:00.000000+0000,5.403476937545125
2022-11-28T05:00:00.000000+0000,5.401884292820776
2022-11-29T05:00:00.000000+0000,5.382600862805306
2022-11-30T05:00:00.000000+0000,5.491582513208562
2022-12-01T05:00:00.000000+0000,5.503181422657263
2022-12-02T05:00:00.000000+0000,5.467515039131186
2022-12-05T05:00:00.000000+0000,5.446447891898007
2022-12-06T05:00:00.000000+0000,5.382741872978924
2022-12-07T05:00:00.000000+0000,5.381858545661291
2022-12-08T05:00:00.000000+0000,5.398344214407398
2022-12-09T05:00:00.000000+0000,5.36244897975831
2022-12-12T05:00:00.000000+0000,5.419559403210782
2022-12-13T05:00:00.000000+0000,5.413278060117067
2022-12-14T05:00:00.000000+0000,5.403432296409037
2022-12-15T05:00:00.000000+0000,5.4037116849349145
2022-12-16T05:00:00.000000+0000,5.362717459793839
2022-12-19T05:00:00.000000+0000,5.354983006146903
2022-12-20T05:00:00.000000+0000,5.3660355240656505
2022-12-21T05:00:00.000000+0000,5.42540372577383
2022-12-22T05:00:00.000000+0000,5.425684148852565
2022-12-23T05:00:00.000000+0000,5.437556071786624
2022-12-27T05:00:00.000000+0000,5.438809959187197
2022-12-28T05:00:00.000000+0000,5.385348084522683
2022-12-29T05:00:00.000000+0000,5.4177449670873346
2022-12-30T05:00:00.000000+0000,5.399954371733745
2023-01-06T05:00:00.000000+0000,5.399954371733745
2023-01-09T05:00:00.000000+0000,5.400791002876494
2023-01-10T05:00:00.000000+0000,5.385306710732566
2023-01-11T05:00:00.000000+0000,5.38202487763011
2023-01-12T05:00:00.000000+0000,5.325885804476489
2023-01-13T05:00:00.000000+0000,5.339492845272589
2023-01-17T05:00:00.000000+0000,5.349874359781714
2023-01-18T05:00:00.000000+0000,5.206751504945048
2023-01-19T05:00:00.000000+0000,5.159245716636981
2023-01-20T05:00:00.000000+0000,5.225971159646841
2023-01-23T05:00:00.000000+0000,5.2208134813708105
2023-01-24T05:00:00.000000+0000,5.246558916470706
2023-01-25T05:00:00.000000+0000,5.245506579210923
2023-01-26T05:00:00.000000+0000,5.238654119880387
2023-01-27T05:00:00.000000+0000,5.25221860448028
2023-01-30T05:00:00.000000+0000,5.260595405565326
2023-01-31T05:00:00.000000+0000,5.313229425872218
2023-02-01T05:00:00.000000+0000,5.313503470246744
2023-02-02T05:00:00.000000+0000,5.313777514621268
2023-02-03T05:00:00.000000+0000,5.300737689750402
2023-02-06T05:00:00.000000+0000,5.3261441314759415
2023-02-07T05:00:00.000000+0000,5.309653654436192
2023-02-08T05:00:00.000000+0000,5.238199196840587
2023-02-09T05:00:00.000000+0000,5.224213460812533
2023-02-10T05:00:00.000000+0000,5.237361455797295
2023-02-13T05:00:00.000000+0000,5.311468731619401
2023-02-14T05:00:00.000000+0000,5.311742501615597
2023-02-15T05:00:00.000000+0000,5.311925014946394
2023-02-16T05:00:00.000000+0000,5.2959919715036525
2023-02-17T05:00:00.000000+0000,5.367509966021109
2023-02-21T05:00:00.000000+0000,5.368616372069181
2023-02-22T05:00:00.000000+0000,5.353285787743674
2023-02-23T05:00:00.000000+0000,5.311532400420965
2023-02-24T05:00:00.000000+0000,5.292637358952696
2023-02-27T05:00:00.000000+0000,5.272657352093592
2023-02-28T05:00:00.000000+0000,5.250988931161547
2023-03-01T05:00:00.000000+0000,5.21015185855933
2023-03-02T05:00:00.000000+0000,5.293041723757658
2023-03-03T05:00:00.000000+0000,5.255557159728057
2023-03-06T05:00:00.000000+0000,5.3112478391064775
2023-03-07T05:00:00.000000+0000,5.3115213017193765
2023-03-08T05:00:00.000000+0000,5.301976976928649
2023-03-09T05:00:00.000000+0000,5.263726846956211
2023-03-10T05:00:00.000000+0000,5.2617574726108804
2023-03-13T04:00:00.000000+0000,5.287853866193123
2023-03-14T04:00:00.000000+0000,5.340749343863334
2023-03-15T04:00:00.000000+0000,5.341024212804784
2023-03-16T04:00:00.000000+0000,5.341299081746234
2023-03-17T04:00:00.000000+0000,5.3415739506876845
2023-03-20T04:00:00.000000+0000,5.342398557512033
2023-03-21T04:00:00.000000+0000,5.3426734264534845
2023-03-22T04:00:00.000000+0000,5.342948295394934
2023-03-23T04:00:00.000000+0000,5.343223164336384
2023-03-24T04:00:00.000000+0000,5.443526432033317
2023-03-27T04:00:00.000000+0000,5.444366475206614
2023-03-28T04:00:00.000000+0000,5.444646489597713
2023-03-29T04:00:00.000000+0000,5.460119688520161
2023-03-30T04:00:00.000000+0000,5.462568537691851
2023-03-31T04:00:00.000000+0000,5.482725043555326
2023-04-03T04:00:00.000000+0000,5.483570831294619
2023-04-04T04:00:00.000000+0000,5.48385276054105
2023-04-05T04:00:00.000000+0000,5.484134689787481
2023-04-06T04:00:00.000000+0000,5.4844166190339125
2023-04-10T04:00:00.000000+0000,5.514697955889234
2023-04-11T04:00:00.000000+0000,5.532828963570891
2023-04-12T04:00:00.000000+0000,5.537460256938315
2023-04-13T04:00:00.000000+0000,5.566268276267058
2023-04-14T04:00:00.000000+0000,5.55392346708058
2023-04-17T04:00:00.000000+0000,5.577123831819979
2023-04-18T04:00:00.000000+0000,5.579284464380017
2023-04-19T04:00:00.000000+0000,5.576492552418759
2023-04-20T04:00:00.000000+0000,5.576779023435262
2023-04-21T04:00:00.000000+0000,5.577065494451765
2023-04-24T04:00:00.000000+0000,5.577924907501275
2023-04-25T04:00:00.000000+0000,5.5782113785177785
2023-04-26T04:00:00.000000+0000,5.53812283030115
2023-04-27T04:00:00.000000+0000,5.589138396897178
2023-04-28T04:00:00.000000+0000,5.605090341604233
2023-05-01T04:00:00.000000+0000,5.579278748269024
2023-05-02T04:00:00.000000+0000,5.5840662546923925
2023-05-03T04:00:00.000000+0000,5.556923131946613
2023-05-04T04:00:00.000000+0000,5.5690690857622585
2023-05-05T04:00:00.000000+0000,5.617028885148346
2023-05-08T04:00:00.000000+0000,5.608845491789853
2023-05-09T04:00:00.000000+0000,5.5898959028663375
2023-05-10T04:00:00.000000+0000,5.597104149518694
2023-05-11T04:00:00.000000+0000,5.622317860566763
2023-05-12T04:00:00.000000+0000,5.648808837085434
2023-05-15T04:00:00.000000+0000,5.649678367671379
2023-05-16T04:00:00.000000+0000,5.615593044741967
2023-05-17T04:00:00.000000+0000,5.6060574625900825
2023-05-18T04:00:00.000000+0000,5.63713980958913
2023-05-19T04:00:00.000000+0000,5.6486690228666685
2023-05-22T04:00:00.000000+0000,5.508779745484707
2023-05-23T04:00:00.000000+0000,5.480067802217086
2023-05-24T04:00:00.000000+0000,5.445430084458675
2023-05-25T04:00:00.000000+0000,5.409056150394498
2023-05-26T04:00:00.000000+0000,5.407910505436051
2023-05-30T04:00:00.000000+0000,5.346684019286612
2023-05-31T04:00:00.000000+0000,5.341904973482098
2023-06-01T04:00:00.000000+0000,5.381161737699512
2023-06-02T04:00:00.000000+0000,5.466148537391631
2023-06-05T04:00:00.000000+0000,5.466989045107037
2023-06-06T04:00:00.000000+0000,5.467269214345505
2023-06-07T04:00:00.000000+0000,5.452901491502024
2023-06-08T04:00:00.000000+0000,5.498097623961083
2023-06-09T04:00:00.000000+0000,5.503743507917078
2023-06-12T04:00:00.000000+0000,5.504589492931489
2023-06-13T04:00:00.000000+0000,5.512091268929744
2023-06-14T04:00:00.000000+0000,5.545908569255496
2023-06-15T04:00:00.000000+0000,5.57172823894464
2023-06-16T04:00:00.000000+0000,5.57201362954413
2023-06-20T04:00:00.000000+0000,5.5731551919420905
2023-06-21T04:00:00.000000+0000,5.576579752057542
2023-06-22T04:00:00.000000+0000,5.62773569672361
2023-06-23T04:00:00.000000+0000,5.628023852774337
2023-06-26T04:00:00.000000+0000,5.629213209428793
2023-06-27T04:00:00.000000+0000,5.656529454728278
2023-06-28T04:00:00.000000+0000,5.623673645733311
2023-06-29T04:00:00.000000+0000,5.597351376546138
2023-06-30T04:00:00.000000+0000,5.652236583229279
2023-07-03T04:00:00.000000+0000,5.667654473407284
2023-07-05T04:00:00.000000+0000,5.668234546702813
2023-07-06T04:00:00.000000+0000,5.668524583350576
2023-07-07T04:00:00.000000+0000,5.581765228298391
2023-07-10T04:00:00.000000+0000,5.606309977936127
2023-07-11T04:00:00.000000+0000,5.612461705737133
2023-07-12T04:00:00.000000+0000,5.6369651686027655
2023-07-13T04:00:00.000000+0000,5.6372535019589325
2023-07-14T04:00:00.000000+0000,5.643907435290706
2023-07-17T04:00:00.000000+0000,5.646795554240999
2023-07-18T04:00:00.000000+0000,5.643584988288496
2023-07-19T04:00:00.000000+0000,5.66223771684895
2023-07-20T04:00:00.000000+0000,5.728050761043059
2023-07-21T04:00:00.000000+0000,5.728343633624559
2023-07-24T04:00:00.000000+0000,5.7292222513690545
2023-07-25T04:00:00.000000+0000,5.729515123950552
2023-07-26T04:00:00.000000+0000,5.754254538121757
2023-07-27T04:00:00.000000+0000,5.754548660260265
2023-07-28T04:00:00.000000+0000,5.831971298714733
2023-07-31T04:00:00.000000+0000,5.794011627780297
2023-08-01T04:00:00.000000+0000,5.7645155010770175
2023-08-02T04:00:00.000000+0000,5.774958065960478
2023-08-03T04:00:00.000000+0000,5.771462203645866
2023-08-04T04:00:00.000000+0000,5.711832576172782
2023-08-07T04:00:00.000000+0000,5.77061298312478
2023-08-08T04:00:00.000000+0000,5.737007661751806
2023-08-09T04:00:00.000000+0000,5.748943460161772
2023-08-10T04:00:00.000000+0000,5.7467432341171465
2023-08-11T04:00:00.000000+0000,5.7687948295668185
2023-08-14T04:00:00.000000+0000,5.749637198885943
2023-08-15T04:00:00.000000+0000,5.71460592932771
2023-08-16T04:00:00.000000+0000,5.694006935063077
2023-08-17T04:00:00.000000+0000,5.608925405694548
2023-08-18T04:00:00.000000+0000,5.62558081119821
2023-08-21T04:00:00.000000+0000,5.5982699162247895
2023-08-22T04:00:00.000000+0000,5.5614904693271185
2023-08-23T04:00:00.000000+0000,5.602079808050799
2023-08-24T04:00:00.000000+0000,5.5591456682663845
2023-08-25T04:00:00.000000+0000,5.586777181420098
2023-08-28T04:00:00.000000+0000,5.594949840572199
2023-08-29T04:00:00.000000+0000,5.618027118831303
2023-08-30T04:00:00.000000+0000,5.618313779681492
2023-08-31T04:00:00.000000+0000,5.618600440531683
2023-09-01T04:00:00.000000+0000,5.5750497256839
2023-09-05T04:00:00.000000+0000,5.5477799319835635
2023-09-06T04:00:00.000000+0000,5.548935503372707
2023-09-07T04:00:00.000000+0000,5.5700814794130045
2023-09-08T04:00:00.000000+0000,5.562198043276202
2023-09-11T04:00:00.000000+0000,5.580247625260738
2023-09-12T04:00:00.000000+0000,5.580532169659352
2023-09-13T04:00:00.000000+0000,5.598063994530247
2023-09-14T04:00:00.000000+0000,5.598349418301415
2023-09-15T04:00:00.000000+0000,5.582865074390079
2023-09-18T04:00:00.000000+0000,5.604708079535973
2023-09-19T04:00:00.000000+0000,5.5933060046725664
2023-09-20T04:00:00.000000+0000,5.598403738461927
2023-09-21T04:00:00.000000+0000,5.52819004807237
2023-09-22T04:00:00.000000+0000,5.540609390314659
2023-09-25T04:00:00.000000+0000,5.519593496409797
2023-09-26T04:00:00.000000+0000,5.468956114352074
2023-09-27T04:00:00.000000+0000,5.394907718605996
2023-09-28T04:00:00.000000+0000,5.37745986005021
2023-09-29T04:00:00.000000+0000,5.376406258687956
2023-10-02T04:00:00.000000+0000,5.367223479730819
2023-10-03T04:00:00.000000+0000,5.340285097638084
2023-10-04T04:00:00.000000+0000,5.37969052609114
2023-10-05T04:00:00.000000+0000,5.199586148524872
2023-10-06T04:00:00.000000+0000,5.2302853262585645
2023-10-09T04:00:00.000000+0000,5.227040204104203
2023-10-10T04:00:00.000000+0000,5.317434292600743
2023-10-11T04:00:00.000000+0000,5.335425734816861
2023-10-12T04:00:00.000000+0000,5.339586963313367
2023-10-13T04:00:00.000000+0000,5.38091430414675
2023-10-16T04:00:00.000000+0000,5.428441401075503
2023-10-17T04:00:00.000000+0000,5.4422324512730516
2023-10-18T04:00:00.000000+0000,5.442509449607906
2023-10-19T04:00:00.000000+0000,5.442786447942761
2023-10-20T04:00:00.000000+0000,5.373040497217593
2023-10-23T04:00:00.000000+0000,5.397245999252026
2023-10-24T04:00:00.000000+0000,5.440745021256062
2023-10-25T04:00:00.000000+0000,5.434849418355712
2023-10-26T04:00:00.000000+0000,5.427161489901101
2023-10-27T04:00:00.000000+0000,5.412247984421173
2023-10-30T04:00:00.000000+0000,5.507425329378482
2023-10-31T04:00:00.000000+0000,5.528301945908961
2023-11-01T04:00:00.000000+0000,5.528583124642637
2023-11-02T04:00:00.000000+0000,5.528864303376311
2023-11-03T04:00:00.000000+0000,5.529145482109986
2023-11-06T05:00:00.000000+0000,5.5300007340915815
2023-11-07T05:00:00.000000+0000,5.538796488632075
2023-11-08T05:00:00.000000+0000,5.531873292191161
2023-11-09T05:00:00.000000+0000,5.53188197250394
2023-11-10T05:00:00.000000+0000,5.604710538526459
2023-11-13T05:00:00.000000+0000,5.621426433689861
2023-11-14T05:00:00.000000+0000,5.627212027170391
2023-11-15T05:00:00.000000+0000,5.627498032377139
2023-11-16T05:00:00.000000+0000,5.645156291749475
2023-11-17T05:00:00.000000+0000,5.626271630048472
2023-11-20T05:00:00.000000+0000,5.634829391556949
2023-11-21T05:00:00.000000+0000,5.644671712245979
2023-11-22T05:00:00.000000+0000,5.648134445312306
2023-11-24T05:00:00.000000+0000,5.669733498893394
2023-11-27T05:00:00.000000+0000,5.67059755886211
2023-11-28T05:00:00.000000+0000,5.670885578851682
2023-11-29T05:00:00.000000+0000,5.65204684599541
2023-11-30T05:00:00.000000+0000,5.716736057789286
2023-12-01T05:00:00.000000+0000,5.711594185938264
2023-12-04T05:00:00.000000+0000,5.7116810534758615
2023-12-05T05:00:00.000000+0000,5.729518965230669
2023-12-06T05:00:00.000000+0000,5.723293953008337
2023-12-07T05:00:00.000000+0000,5.708218160287894
2023-12-08T05:00:00.000000+0000,5.650491291645283
2023-12-11T05:00:00.000000+0000,5.688257687958418
2023-12-12T05:00:00.000000+0000,5.691418655595038
2023-12-13T05:00:00.000000+0000,5.75954972743818
2023-12-14T05:00:00.000000+0000,5.7598420279269895
2023-12-15T05:00:00.000000+0000,5.73634044605524
2023-12-18T05:00:00.000000+0000,5.801268007808622
2023-12-19T05:00:00.000000+0000,5.7840521034748
2023-12-20T05:00:00.000000+0000,5.718223470255579
2023-12-21T05:00:00.000000+0000,5.750156853015604
2023-12-22T05:00:00.000000+0000,5.793173457117628
2023-12-26T05:00:00.000000+0000,5.818576449040503
2023-12-27T05:00:00.000000+0000,5.8188715504742685
2023-12-28T05:00:00.000000+0000,5.819166651908034
2023-12-29T05:00:00.000000+0000,5.819461753341802
2024-01-05T05:00:00.000000+0000,5.819461753341802
2024-01-08T05:00:00.000000+0000,5.857188288844687
2024-01-09T05:00:00.000000+0000,5.8479671146124605
2024-01-10T05:00:00.000000+0000,5.845249313380758
2024-01-11T05:00:00.000000+0000,5.836225522353588
2024-01-12T05:00:00.000000+0000,5.868538348903406
2024-01-16T05:00:00.000000+0000,5.869727864743063
2024-01-17T05:00:00.000000+0000,5.87486574192703
2024-01-18T05:00:00.000000+0000,5.890058303950085
2024-01-19T05:00:00.000000+0000,5.855409644564209
2024-01-22T05:00:00.000000+0000,5.842874586391726
2024-01-23T05:00:00.000000+0000,5.962485679838984
2024-01-24T05:00:00.000000+0000,5.903292289865975
2024-01-25T05:00:00.000000+0000,5.921385433028902
2024-01-26T05:00:00.000000+0000,5.948755282193527
2024-01-29T05:00:00.000000+0000,5.981663935569352
2024-01-30T05:00:00.000000+0000,5.981966786100551
2024-01-31T05:00:00.000000+0000,5.98226963663175
2024-02-01T05:00:00.000000+0000,5.982572487162948
2024-02-02T05:00:00.000000+0000,5.982875337694147
2024-02-05T05:00:00.000000+0000,5.983783889287744
2024-02-06T05:00:00.000000+0000,5.984086739818943
2024-02-07T05:00:00.000000+0000,5.988340334674002
2024-02-08T05:00:00.000000+0000,5.983000098322719
2024-02-09T05:00:00.000000+0000,5.974202018236967
2024-02-12T05:00:00.000000+0000,6.009879609183847
2024-02-13T05:00:00.000000+0000,5.967110642752677
2024-02-14T05:00:00.000000+0000,5.965029705361707
2024-02-15T05:00:00.000000+0000,5.994487377619479
2024-02-16T05:00:00.000000+0000,5.988448313209068
2024-02-20T05:00:00.000000+0000,6.017220467832509
2024-02-21T05:00:00.000000+0000,6.017524779624829
2024-02-22T05:00:00.000000+0000,6.049298642321839
2024-02-23T05:00:00.000000+0000,6.049604545477971
2024-02-26T05:00:00.000000+0000,6.087431748792429
2024-02-27T05:00:00.000000+0000,6.0622079866098995
2024-02-28T05:00:00.000000+0000,6.06015219019077
2024-02-29T05:00:00.000000+0000,6.028254300212696
2024-03-01T05:00:00.000000+0000,6.007876944584344
2024-03-04T05:00:00.000000+0000,6.045191267694941
2024-03-05T05:00:00.000000+0000,6.057535598314589
2024-03-06T05:00:00.000000+0000,6.070617719814624
2024-03-07T05:00:00.000000+0000,6.072187555827448
2024-03-08T05:00:00.000000+0000,6.074269607671275
2024-03-11T04:00:00.000000+0000,6.067029226263359
2024-03-12T04:00:00.000000+0000,6.131805281659203
2024-03-13T04:00:00.000000+0000,6.124578337875136
2024-03-14T04:00:00.000000+0000,6.124887735539779
2024-03-15T04:00:00.000000+0000,6.123576999067913
2024-03-18T04:00:00.000000+0000,6.144106425573763
2024-03-19T04:00:00.000000+0000,6.157152818876269
2024-03-20T04:00:00.000000+0000,6.187788300625246
2024-03-21T04:00:00.000000+0000,6.1881007809919035
2024-03-22T04:00:00.000000+0000,6.188413261358561
2024-03-25T04:00:00.000000+0000,6.159801598286883
2024-03-26T04:00:00.000000+0000,6.162438173330481
2024-03-27T04:00:00.000000+0000,6.199014625961683
2024-03-28T04:00:00.000000+0000,6.181954297862678
2024-04-01T04:00:00.000000+0000,6.1769644275161575
2024-04-02T04:00:00.000000+0000,6.119633338806258
2024-04-03T04:00:00.000000+0000,6.102003236247137
2024-04-04T04:00:00.000000+0000,6.09019096639358
2024-04-05T04:00:00.000000+0000,6.131328014457924
2024-04-08T04:00:00.000000+0000,6.127617021227674
2024-04-09T04:00:00.000000+0000,6.163646755791941
2024-04-10T04:00:00.000000+0000,6.163957702968375
2024-04-11T04:00:00.000000+0000,6.1614196482449834
2024-04-12T04:00:00.000000+0000,6.1247453455391065
2024-04-15T04:00:00.000000+0000,6.107451487778755
2024-04-16T04:00:00.000000+0000,6.11790567797587
2024-04-17T04:00:00.000000+0000,6.155596131730448
2024-04-18T04:00:00.000000+0000,6.130980755757218
2024-04-19T04:00:00.000000+0000,6.135395185747486
2024-04-22T04:00:00.000000+0000,6.173811754743284
2024-04-23T04:00:00.000000+0000,6.174123010598024
2024-04-24T04:00:00.000000+0000,6.275796427961104
2024-04-25T04:00:00.000000+0000,6.2761127935254715
2024-04-26T04:00:00.000000+0000,6.27642915908984
2024-04-29T04:00:00.000000+0000,6.281861549980506
2024-04-30T04:00:00.000000+0000,6.299180477436174
2024-05-01T04:00:00.000000+0000,6.272525200971686
2024-05-02T04:00:00.000000+0000,6.336248201553504
2024-05-03T04:00:00.000000+0000,6.354698383338917
2024-05-06T04:00:00.000000+0000,6.355658976660045
2024-05-07T04:00:00.000000+0000,6.355979174433755
2024-05-08T04:00:00.000000+0000,6.356299372207465
2024-05-09T04:00:00.000000+0000,6.356619569981175
2024-05-10T04:00:00.000000+0000,6.356939767754886
2024-05-13T04:00:00.000000+0000,6.357900361076014
2024-05-14T04:00:00.000000+0000,6.358220558849723
2024-05-15T04:00:00.000000+0000,6.391649987431049
2024-05-16T04:00:00.000000+0000,6.564186003237485
2024-05-17T04:00:00.000000+0000,6.554385251472168
2024-05-20T04:00:00.000000+0000,6.539100563722912
2024-05-21T04:00:00.000000+0000,6.551164380294892
2024-05-22T04:00:00.000000+0000,6.566577991378832
2024-05-23T04:00:00.000000+0000,6.501173143043393
2024-05-24T04:00:00.000000+0000,6.480463738480517
2024-05-28T04:00:00.000000+0000,6.389237059892878
2024-05-29T04:00:00.000000+0000,6.338647511205523
2024-05-30T04:00:00.000000+0000,6.351777922045015
2024-05-31T04:00:00.000000+0000,6.435744155465994
2024-06-03T04:00:00.000000+0000,6.429916271373273
2024-06-04T04:00:00.000000+0000,6.430239753908746
2024-06-05T04:00:00.000000+0000,6.430563236444221
2024-06-06T04:00:00.000000+0000,6.430886718979694
2024-06-07T04:00:00.000000+0000,6.431210201515166
2024-06-10T04:00:00.000000+0000,6.391197252544913
2024-06-11T04:00:00.000000+0000,6.371881267575856
2024-06-12T04:00:00.000000+0000,6.320165298925729
2024-06-13T04:00:00.000000+0000,6.333108590886893
2024-06-14T04:00:00.000000+0000,6.345652929827899
2024-06-17T04:00:00.000000+0000,6.387110731372843
2024-06-18T04:00:00.000000+0000,6.387431834244203
2024-06-20T04:00:00.000000+0000,6.388074039986924
2024-06-21T04:00:00.000000+0000,6.408492610677769
2024-06-24T04:00:00.000000+0000,6.408759290218409
2024-06-25T04:00:00.000000+0000,6.407088170888884
2024-06-26T04:00:00.000000+0000,6.445648286960563
2024-06-27T04:00:00.000000+0000,6.428921146477599
2024-06-28T04:00:00.000000+0000,6.3845476641412455
2024-07-01T04:00:00.000000+0000,6.3190185815767554
2024-07-02T04:00:00.000000+0000,6.377313523586319
2024-07-03T04:00:00.000000+0000,6.369729684375136
2024-07-05T04:00:00.000000+0000,6.425404841865435
2024-07-08T04:00:00.000000+0000,6.426373049869734
2024-07-09T04:00:00.000000+0000,6.414387418759026
2024-07-10T04:00:00.000000+0000,6.441588892051648
2024-07-11T04:00:00.000000+0000,6.363953160499278
2024-07-12T04:00:00.000000+0000,6.368525280874514
2024-07-15T04:00:00.000000+0000,6.394872002842322
2024-07-16T04:00:00.000000+0000,6.4423279204729464
2024-07-17T04:00:00.000000+0000,6.4426513278032305
2024-07-18T04:00:00.000000+0000,6.442974735133515
2024-07-19T04:00:00.000000+0000,6.440017794061955
2024-07-22T04:00:00.000000+0000,6.464458214562511
2024-07-23T04:00:00.000000+0000,6.461309816997121
2024-07-24T04:00:00.000000+0000,6.531810971153479
2024-07-25T04:00:00.000000+0000,6.511853462015905
2024-07-26T04:00:00.000000+0000,6.540642047762514
2024-07-29T04:00:00.000000+0000,6.530531984335378
2024-07-30T04:00:00.000000+0000,6.502435529939038
2024-07-31T04:00:00.000000+0000,6.504634949106312
2024-08-01T04:00:00.000000+0000,6.6470886870686225
2024-08-02T04:00:00.000000+0000,6.706016591945043
2024-08-05T04:00:00.000000+0000,6.678282415015817
2024-08-06T04:00:00.000000+0000,6.725116883965772
2024-08-07T04:00:00.000000+0000,6.670495182246845
2024-08-08T04:00:00.000000+0000,6.7828597422611345
2024-08-09T04:00:00.000000+0000,6.783348944756364
2024-08-12T04:00:00.000000+0000,6.771306049962994
2024-08-13T04:00:00.000000+0000,6.799911867743195
2024-08-14T04:00:00.000000+0000,6.841965689570569
2024-08-15T04:00:00.000000+0000,6.8325173555736995
2024-08-16T04:00:00.000000+0000,6.832859834785514
2024-08-19T04:00:00.000000+0000,6.8338872724209585
2024-08-20T04:00:00.000000+0000,6.861031303864242
2024-08-21T04:00:00.000000+0000,6.874885706508625
2024-08-22T04:00:00.000000+0000,6.8752302058216115
2024-08-23T04:00:00.000000+0000,6.875574705134598
2024-08-26T04:00:00.000000+0000,6.89320869690552
2024-08-27T04:00:00.000000+0000,6.893554027857965
2024-08-28T04:00:00.000000+0000,6.872999967954759
2024-08-29T04:00:00.000000+0000,6.862153505609437
2024-08-30T04:00:00.000000+0000,6.90780241296974
2024-09-03T04:00:00.000000+0000,6.934696849887013
2024-09-04T04:00:00.000000+0000,6.965053721692825
2024-09-05T04:00:00.000000+0000,6.965402494631877
2024-09-06T04:00:00.000000+0000,6.930398251944032
2024-09-09T04:00:00.000000+0000,7.026754513427518
2024-09-10T04:00:00.000000+0000,7.017209672510647
2024-09-11T04:00:00.000000+0000,6.99073935766345
2024-09-12T04:00:00.000000+0000,7.00911525134236
2024-09-13T04:00:00.000000+0000,7.040742570568345
2024-09-16T04:00:00.000000+0000,7.081712357895727
2024-09-17T04:00:00.000000+0000,7.082066759521738
2024-09-18T04:00:00.000000+0000,7.0603284115175775
2024-09-19T04:00:00.000000+0000,7.045134318171957
2024-09-20T04:00:00.000000+0000,7.146435434840798
2024-09-23T04:00:00.000000+0000,7.15621757343174
2024-09-24T04:00:00.000000+0000,7.105287293351525
2024-09-25T04:00:00.000000+0000,7.098276093159861
2024-09-26T04:00:00.000000+0000,7.113720686743208
2024-09-27T04:00:00.000000+0000,7.072284405734829
2024-09-30T04:00:00.000000+0000,7.103696423774821
2024-10-01T04:00:00.000000+0000,7.094649912086488
2024-10-02T04:00:00.000000+0000,7.082561745266965
2024-10-03T04:00:00.000000+0000,7.033866712732948
2024-10-04T04:00:00.000000+0000,7.025060753796166
2024-10-07T04:00:00.000000+0000,6.951349970156239
2024-10-08T04:00:00.000000+0000,6.989347153912461
2024-10-09T04:00:00.000000+0000,7.038026814073826
2024-10-10T04:00:00.000000+0000,7.004301700621976
2024-10-11T04:00:00.000000+0000,7.004651807757306
2024-10-14T04:00:00.000000+0000,7.007269330717291
2024-10-15T04:00:00.000000+0000,7.059682188909101
2024-10-16T04:00:00.000000+0000,7.060034976045729
2024-10-17T04:00:00.000000+0000,7.057172548032938
2024-10-18T04:00:00.000000+0000,7.091944357105787
2024-10-21T04:00:00.000000+0000,7.059839984435675
2024-10-22T04:00:00.000000+0000,7.097296660954031
2024-10-23T04:00:00.000000+0000,7.027306276404675
2024-10-24T04:00:00.000000+0000,6.9927045108836
2024-10-25T04:00:00.000000+0000,6.97465005220626
2024-10-28T04:00:00.000000+0000,6.954501201484496
2024-10-29T04:00:00.000000+0000,6.873637284807394
2024-10-30T04:00:00.000000+0000,6.859879719507739
2024-10-31T04:00:00.000000+0000,6.8241595385475575
2024-11-01T04:00:00.000000+0000,6.8058974503650544
2024-11-04T05:00:00.000000+0000,6.838550253561397
2024-11-05T05:00:00.000000+0000,6.8571564017292195
2024-11-06T05:00:00.000000+0000,6.857498708293111
2024-11-07T05:00:00.000000+0000,6.879705999118891
2024-11-08T05:00:00.000000+0000,6.9649380106534595
2024-11-11T05:00:00.000000+0000,6.932993761008932
2024-11-12T05:00:00.000000+0000,6.928398734803051
2024-11-13T05:00:00.000000+0000,6.921320786170625
2024-11-14T05:00:00.000000+0000,6.88745339671007
2024-11-15T05:00:00.000000+0000,6.816041132186868
2024-11-18T05:00:00.000000+0000,6.847462810010723
2024-11-19T05:00:00.000000+0000,6.919597331172449
2024-11-20T05:00:00.000000+0000,6.949556966736707
2024-11-21T05:00:00.000000+0000,6.949903626323976
2024-11-22T05:00:00.000000+0000,6.950250285911246
2024-11-25T05:00:00.000000+0000,6.951290264673053
2024-11-26T05:00:00.000000+0000,6.951636924260322
2024-11-27T05:00:00.000000+0000,6.951983583847591
2024-11-29T05:00:00.000000+0000,6.977341141912557
2024-12-02T05:00:00.000000+0000,6.97838480994182
2024-12-03T05:00:00.000000+0000,6.973865892279948
2024-12-04T05:00:00.000000+0000,6.899964428259649
2024-12-05T05:00:00.000000+0000,6.942749590312732
2024-12-06T05:00:00.000000+0000,6.879790314651992
2024-12-09T05:00:00.000000+0000,6.866797977409216
2024-12-10T05:00:00.000000+0000,6.91716716414586
2024-12-11T05:00:00.000000+0000,6.895186705283079
2024-12-12T05:00:00.000000+0000,6.908320791074139
2024-12-13T05:00:00.000000+0000,6.895073132908795
2024-12-16T05:00:00.000000+0000,6.875953981350648
2024-12-17T05:00:00.000000+0000,6.883954715138995
2024-12-18T05:00:00.000000+0000,6.798402449191482
2024-12-19T05:00:00.000000+0000,6.7330924960846925
2024-12-20T05:00:00.000000+0000,6.723060789116331
2024-12-23T05:00:00.000000+0000,6.645369911337381
2024-12-24T05:00:00.000000+0000,6.745527604674201
2024-12-26T05:00:00.000000+0000,6.764657820856385
2024-12-27T05:00:00.000000+0000,6.771538675849212
2024-12-30T05:00:00.000000+0000,6.7302020201661685
